Date,Chevron,ConocoPhillips,Exxon_Mobil,NextEra,Schlumberger
2014-01-02 00:00:00-05:00,79.90081787109375,49.40486145019531,63.76420593261719,16.040180206298828,67.02902221679688
2014-01-03 00:00:00-05:00,80.0359878540039,49.53230285644531,63.610816955566406,16.061119079589844,66.67432403564453
2014-01-06 00:00:00-05:00,79.82356262207031,49.74471282958984,63.70671844482422,16.068740844726562,66.42529296875
2014-01-07 00:00:00-05:00,80.49938201904297,49.82258605957031,64.60802459716797,16.186782836914062,66.0404281616211
2014-01-08 00:00:00-05:00,79.35372924804688,49.34111404418945,64.39705657958984,16.238187789916992,65.64044952392578
2014-01-09 00:00:00-05:00,79.35372924804688,49.17829132080078,63.770626068115234,16.377164840698242,65.26310729980469
2014-01-10 00:00:00-05:00,77.88621520996094,48.76056671142578,64.25643920898438,16.611343383789062,66.53851318359375
2014-01-13 00:00:00-05:00,76.75345611572266,47.96052551269531,62.99715423583984,16.502826690673828,66.002685546875
2014-01-14 00:00:00-05:00,76.95938873291016,48.37116241455078,63.36150360107422,16.51042938232422,67.06675720214844
2014-01-15 00:00:00-05:00,76.70838165283203,48.20122909545898,63.144168853759766,16.525671005249023,67.08182525634766
2014-01-16 00:00:00-05:00,76.48310852050781,48.024227142333984,63.2464599609375,16.668453216552734,66.87053680419922
2014-01-17 00:00:00-05:00,76.7791748046875,47.79767227172852,63.38710784912109,16.689401626586914,68.0780029296875
2014-01-21 00:00:00-05:00,77.4678726196289,48.32867813110352,62.96517181396485,16.95404052734375,68.7420883178711
2014-01-22 00:00:00-05:00,77.5129165649414,48.40657424926758,62.56887435913086,16.917861938476562,68.8326644897461
2014-01-23 00:00:00-05:00,76.1999282836914,48.038387298583984,61.98714065551758,16.90644645690918,68.11573791503906
2014-01-24 00:00:00-05:00,74.84828186035156,47.132137298583984,60.63196563720703,16.575172424316406,66.5234146118164
2014-01-27 00:00:00-05:00,74.93838500976562,46.62946701049805,60.67672348022461,16.542802810668945,66.34229278564453
2014-01-28 00:00:00-05:00,75.2022705078125,46.87726974487305,61.14335632324219,16.902631759643555,66.22908782958984
2014-01-29 00:00:00-05:00,74.66163635253906,46.60113906860352,60.79816818237305,16.900732040405273,65.88194274902344
2014-01-30 00:00:00-05:00,74.95123291015625,46.55158615112305,60.082218170166016,17.317678451538086,67.02146911621094
2014-01-31 00:00:00-05:00,71.84894561767578,45.98517608642578,58.91240310668945,17.502357482910156,66.085693359375
2014-02-03 00:00:00-05:00,71.53355407714844,45.21343994140625,57.56361770629883,17.367185592651367,65.07445526123047
2014-02-04 00:00:00-05:00,71.33404541015625,45.10723876953125,57.54444885253906,17.161563873291016,65.79891204833984
2014-02-05 00:00:00-05:00,70.49088287353516,44.93023681640625,57.263160705566406,17.0130615234375,65.02161407470703
2014-02-06 00:00:00-05:00,71.61724090576172,45.52497100830078,57.81036376953125,17.0930233001709,66.79507446289062
2014-02-07 00:00:00-05:00,72.11927032470703,45.99932861328125,58.3125,17.25104331970215,67.54216003417969
2014-02-10 00:00:00-05:00,71.8875732421875,45.72320938110352,57.63010787963867,17.39002799987793,67.19506072998047
2014-02-11 00:00:00-05:00,73.1040267944336,46.42414093017578,58.47987747192383,17.511878967285156,68.19872283935547
2014-02-12 00:00:00-05:00,72.74687194824219,46.17634201049805,58.634395599365234,17.553762435913086,67.94215393066406
2014-02-13 00:00:00-05:00,73.0585708618164,46.30513000488281,58.85971450805664,17.67751693725586,68.11573791503906
2014-02-14 00:00:00-05:00,73.68843078613281,46.89192199707031,60.5849723815918,17.75748062133789,68.56295776367188
2014-02-18 00:00:00-05:00,73.18843841552734,46.77742004394531,60.55923461914063,17.772708892822266,68.69940948486328
2014-02-19 00:00:00-05:00,73.76636505126953,46.51264953613281,60.48199844360352,17.599458694458008,68.58570098876953
2014-02-20 00:00:00-05:00,74.41571807861328,46.45540618896485,61.39615631103516,17.601362228393555,69.00260162353516
2014-02-21 00:00:00-05:00,73.16895294189453,46.283668518066406,61.17727279663086,17.622299194335938,68.2749252319336
2014-02-24 00:00:00-05:00,74.12349700927734,47.52877807617188,62.084999084472656,17.473798751831055,70.28367614746094
2014-02-25 00:00:00-05:00,74.65597534179688,47.60034942626953,62.00128173828125,17.447145462036133,70.16239166259766
2014-02-26 00:00:00-05:00,75.00664520263672,47.321266174316406,61.666534423828125,17.359830856323242,70.00321960449219
2014-02-27 00:00:00-05:00,75.12351989746094,47.40713882446289,61.6987190246582,17.382856369018555,70.16995239257812
2014-02-28 00:00:00-05:00,74.88973999023438,47.58602142333984,61.97554397583008,17.538299560546875,70.49592590332031
2014-03-03 00:00:00-05:00,74.5715560913086,47.4500617980957,61.47982406616211,17.325294494628906,69.17697143554688
2014-03-04 00:00:00-05:00,74.88323974609375,47.58602142333984,62.13649368286133,17.590118408203125,70.10931396484375
2014-03-05 00:00:00-05:00,74.30534362792969,47.44291305541992,60.385440826416016,17.396289825439453,69.7454833984375
2014-03-06 00:00:00-05:00,74.57804870605469,47.50730514526367,60.35969161987305,17.413562774658203,70.306396484375
2014-03-07 00:00:00-05:00,74.72740936279297,47.59318542480469,61.15150451660156,17.616985321044922,70.4807357788086
2014-03-10 00:00:00-04:00,75.22090911865234,47.86509704589844,61.47982406616211,17.497997283935547,70.39735412597656
2014-03-11 00:00:00-04:00,74.3572769165039,47.60748672485352,60.52063751220703,17.455778121948242,69.70001983642578
2014-03-12 00:00:00-04:00,75.09752655029297,47.61464309692383,60.64938735961914,17.69182777404785,69.10874938964844
2014-03-13 00:00:00-04:00,74.31832122802734,47.45722579956055,60.28242874145508,17.99695587158203,68.42652130126953
2014-03-14 00:00:00-04:00,74.09104919433594,47.6575927734375,60.17298889160156,18.089075088500977,67.53205108642578
2014-03-17 00:00:00-04:00,74.72091674804688,48.15133666992188,60.72019958496094,18.19462203979492,68.05509948730469
2014-03-18 00:00:00-04:00,75.48065185546875,48.73094177246094,60.97127532958984,18.12937355041504,68.60088348388672
2014-03-19 00:00:00-04:00,74.80530548095703,48.30160903930664,60.340362548828125,17.904842376708984,68.4947280883789
2014-03-20 00:00:00-04:00,75.00664520263672,48.587833404541016,60.88759613037109,17.95090103149414,69.0632553100586
2014-03-21 00:00:00-04:00,75.08453369140625,48.28728485107422,60.71374130249024,18.14856338500977,70.24576568603516
2014-03-24 00:00:00-04:00,75.22738647460938,48.344539642333984,60.92618942260742,18.05452919006348,70.67024993896484
2014-03-25 00:00:00-04:00,76.03260803222656,48.9384651184082,61.10002517700195,18.14856338500977,72.43644714355469
2014-03-26 00:00:00-04:00,76.43519592285156,49.0887451171875,60.9648323059082,18.01614761352539,72.33790588378906
2014-03-27 00:00:00-04:00,76.4092025756836,49.58248519897461,61.95622253417969,18.15624237060547,73.14138793945312
2014-03-28 00:00:00-04:00,76.94818878173828,50.34099578857422,62.89612579345703,18.17734909057617,73.96007537841797
2014-03-31 00:00:00-04:00,77.21443176269531,50.34099578857422,62.88325500488281,18.350061416625977,73.90699768066406
2014-04-01 00:00:00-04:00,77.2728500366211,50.31237411499024,62.91545104980469,18.204212188720703,74.25570678710938
2014-04-02 00:00:00-04:00,77.5001220703125,50.72741317749024,63.057090759277344,18.046852111816406,74.0510482788086
2014-04-03 00:00:00-04:00,77.29883575439453,50.23366928100586,63.04417037963867,18.154319763183597,74.33908081054688
2014-04-04 00:00:00-04:00,77.14298248291016,50.24798202514648,62.67725372314453,18.23299789428711,74.30876922607422
2014-04-07 00:00:00-04:00,76.1949462890625,49.71843338012695,62.303855895996094,18.01998519897461,73.98279571533203
2014-04-08 00:00:00-04:00,76.49365997314453,50.14064407348633,62.73520278930664,18.518939971923828,74.61957550048828
2014-04-09 00:00:00-04:00,77.33777618408203,51.19253921508789,62.6579475402832,18.50550842285156,75.05919647216797
2014-04-10 00:00:00-04:00,75.77285766601562,49.883033752441406,62.303855895996094,18.37884521484375,73.77056884765625
2014-04-11 00:00:00-04:00,75.99363708496094,50.71313095092773,62.26522064208984,18.25986671447754,73.60382080078125
2014-04-14 00:00:00-04:00,77.07807922363281,51.17109680175781,62.9991340637207,18.444095611572266,74.64987182617188
2014-04-15 00:00:00-04:00,78.11703491210938,52.19436264038086,63.52701950073242,18.660945892333984,75.88545989990234
2014-04-16 00:00:00-04:00,79.11051940917969,52.79544448852539,64.33817291259766,18.789533615112305,76.51459503173828
2014-04-17 00:00:00-04:00,80.31182098388672,53.50386428833008,64.64717864990234,18.536212921142575,75.73381805419922
2014-04-21 00:00:00-04:00,80.67546844482422,53.38222122192383,64.97550964355469,18.553482055664062,77.16650390625
2014-04-22 00:00:00-04:00,80.5196304321289,53.07452774047852,64.614990234375,18.490154266357425,77.3408432006836
2014-04-23 00:00:00-04:00,80.9676742553711,52.96718597412109,64.69868469238281,18.51318359375,77.47727966308594
2014-04-24 00:00:00-04:00,80.7144546508789,53.30350875854492,64.38327026367188,18.555402755737305,77.16650390625
2014-04-25 00:00:00-04:00,80.51313781738281,53.23910140991211,64.64073944091797,18.743471145629883,77.12860870361328
2014-04-28 00:00:00-04:00,81.64298248291016,53.417999267578125,65.13002014160156,18.66670608520508,76.77992248535156
2014-04-29 00:00:00-04:00,81.7988510131836,53.439449310302734,65.31025695800781,18.80104637145996,76.85572052001953
2014-04-30 00:00:00-04:00,81.50665283203125,53.17470932006836,65.92829132080078,19.161827087402344,76.97701263427734
2014-05-01 00:00:00-04:00,81.13001251220703,53.68992233276367,65.2845230102539,19.18485450744629,76.40847778320312
2014-05-02 00:00:00-04:00,80.98715209960938,54.756141662597656,65.6707763671875,18.80487632751465,76.58282470703125
2014-05-05 00:00:00-04:00,81.40276336669922,55.020904541015625,66.25016021728516,18.79720115661621,76.6358871459961
2014-05-06 00:00:00-04:00,81.14949798583984,55.15685272216797,66.09563446044922,18.77993392944336,76.56007385253906
2014-05-07 00:00:00-04:00,81.96768188476562,55.89391326904297,66.3789291381836,19.04860496520996,77.22709655761719
2014-05-08 00:00:00-04:00,81.22742462158203,55.10676574707031,65.87034606933594,18.90083694458008,76.01429748535156
2014-05-09 00:00:00-04:00,81.1884536743164,55.557579040527344,66.0777359008789,18.59954071044922,75.96886444091797
2014-05-12 00:00:00-04:00,81.32481384277344,56.10857772827149,66.25923919677734,18.38652610778809,76.02189636230469
2014-05-13 00:00:00-04:00,81.72090911865234,56.27315521240234,66.3434829711914,18.43833923339844,75.99156951904297
2014-05-14 00:00:00-04:00,82.09104919433594,56.19442367553711,66.29811096191406,18.540042877197266,76.36299896240234
2014-05-15 00:00:00-04:00,81.08252716064453,55.89391326904297,65.31942749023438,18.47480583190918,75.42304992675781
2014-05-16 00:00:00-04:00,80.66993713378906,55.85810852050781,65.29349517822266,18.53813362121582,75.49127197265625
2014-05-19 00:00:00-04:00,80.51930236816406,56.12287902832031,65.37775421142578,18.17350959777832,76.02189636230469
2014-05-20 00:00:00-04:00,80.22461700439453,56.20158767700195,65.24813079833984,18.48631858825684,76.09769439697266
2014-05-21 00:00:00-04:00,81.3117446899414,56.69251251220703,66.12960815429688,18.47672271728516,76.999755859375
2014-05-22 00:00:00-04:00,80.96463012695312,56.6419792175293,65.78607177734375,18.545806884765625,77.01490783691406
2014-05-23 00:00:00-04:00,80.79436492919922,56.62030029296875,65.66940307617188,18.511266708374023,76.85572052001953
2014-05-27 00:00:00-04:00,80.44725036621094,57.06069564819336,65.69535064697266,18.524696350097656,77.43939208984375
2014-05-28 00:00:00-04:00,80.2376937866211,57.44331741333008,65.5008773803711,18.68398094177246,77.21956634521484
2014-05-29 00:00:00-04:00,80.10673522949219,57.42887496948242,65.63701629638672,18.66754913330078,78.72804260253906
2014-05-30 00:00:00-04:00,80.4145278930664,57.71041488647461,65.15740966796875,18.824153900146484,78.86443328857422
2014-06-02 00:00:00-04:00,80.03467559814453,57.37833786010742,64.77498626708984,18.78935432434082,79.06993103027344
2014-06-03 00:00:00-04:00,80.25736236572266,57.623779296875,65.06666564941406,18.785490036010746,79.02427673339844
2014-06-04 00:00:00-04:00,80.1263656616211,57.609375,64.83979034423828,18.816425323486328,78.92535400390625
2014-06-05 00:00:00-04:00,80.89258575439453,57.78982162475586,65.17034149169922,18.903430938720703,79.06993103027344
2014-06-06 00:00:00-04:00,81.33139038085938,58.36014175415039,65.85089111328125,18.83962631225586,80.65271759033203
2014-06-09 00:00:00-04:00,81.44926452636719,58.36735534667969,65.79902648925781,18.634679794311523,81.20817565917969
2014-06-10 00:00:00-04:00,82.08450317382812,58.930450439453125,65.76013946533203,18.518665313720703,81.06360626220703
2014-06-11 00:00:00-04:00,81.97972106933594,59.161468505859375,66.0777359008789,18.348527908325195,81.07119750976562
2014-06-12 00:00:00-04:00,82.5887680053711,59.81842803955078,65.88980102539062,18.48772621154785,80.91138458251953
2014-06-13 00:00:00-04:00,83.34191131591797,59.97726440429688,66.53141784667969,18.71201705932617,82.37242889404297
2014-06-16 00:00:00-04:00,84.18018341064453,60.41762161254883,66.70642852783203,18.785490036010746,81.45931243896484
2014-06-17 00:00:00-04:00,84.37008666992188,60.46094131469727,66.38238525390625,18.899566650390625,80.73640441894531
2014-06-18 00:00:00-04:00,85.3197021484375,60.81469345092773,66.58329010009766,19.27464866638184,81.48211669921875
2014-06-19 00:00:00-04:00,86.43955993652344,61.19729232788086,66.51847076416016,19.365522384643555,81.87779998779297
2014-06-20 00:00:00-04:00,86.66877746582031,61.62322235107422,67.29622650146484,19.33265495300293,82.81378173828125
2014-06-23 00:00:00-04:00,87.08790588378906,62.15744400024414,67.6527328491211,19.26305389404297,82.86703491210938
2014-06-24 00:00:00-04:00,86.29549407958984,61.21896362304688,66.58329010009766,19.475730895996094,81.4060287475586
2014-06-25 00:00:00-04:00,85.94183349609375,61.81095123291016,66.2009048461914,19.672941207885746,86.63372802734375
2014-06-26 00:00:00-04:00,85.73883819580078,62.056419372558594,66.12960815429688,19.60527610778809,88.36107635498047
2014-06-27 00:00:00-04:00,85.3720932006836,62.08526611328125,65.59811401367188,19.64394187927246,89.63945770263672
2014-06-30 00:00:00-04:00,85.49652099609375,61.89033889770508,65.2546157836914,19.8140811920166,89.75359344482422
2014-07-01 00:00:00-04:00,85.48993682861328,62.16466522216797,65.69535064697266,19.61493682861328,89.67750549316406
2014-07-02 00:00:00-04:00,85.28694915771484,61.98421096801758,65.8314437866211,19.276580810546875,89.58621215820312
2014-07-03 00:00:00-04:00,85.91566467285156,62.3740348815918,66.49253845214844,18.990434646606445,89.41118621826172
2014-07-07 00:00:00-04:00,85.44412994384766,62.15744400024414,66.53141784667969,19.04069709777832,89.35791015625
2014-07-08 00:00:00-04:00,85.07083892822266,62.1141357421875,66.64810943603516,19.12190818786621,88.84048461914062
2014-07-09 00:00:00-04:00,86.0466079711914,61.94089126586914,67.1147689819336,19.108379364013672,89.00025177001953
2014-07-10 00:00:00-04:00,85.30005645751953,61.84700775146485,66.47956848144531,19.21664810180664,87.81320190429688
2014-07-11 00:00:00-04:00,84.13432312011719,61.16841506958008,65.94164276123047,19.13544273376465,87.280517578125
2014-07-14 00:00:00-04:00,84.65167999267578,61.96974563598633,66.55088806152344,18.835756301879883,88.22411346435547
2014-07-15 00:00:00-04:00,84.65167999267578,61.15398788452149,66.36289978027344,19.009769439697266,87.097900390625
2014-07-16 00:00:00-04:00,85.71918487548828,62.58339309692383,67.25735473632812,19.08711051940918,88.17845153808594
2014-07-17 00:00:00-04:00,85.18868255615234,61.651512145996094,66.31108856201172,18.8666934967041,87.23487854003906
2014-07-18 00:00:00-04:00,85.39171600341797,61.70974349975586,66.58329010009766,19.09870338439941,85.49991607666016
2014-07-21 00:00:00-04:00,85.98112487792969,61.542274475097656,66.81015014648438,19.079376220703125,86.01737976074219
2014-07-22 00:00:00-04:00,86.82593536376953,62.62706756591797,67.1082763671875,19.01557159423828,86.29888153076172
2014-07-23 00:00:00-04:00,87.67733001708984,63.16584777832031,67.56847381591797,19.042638778686523,85.3096923828125
2014-07-24 00:00:00-04:00,88.31257629394531,62.79451370239258,67.58792114257812,19.08711051940918,86.06302642822266
2014-07-25 00:00:00-04:00,87.47427368164062,62.55426406860352,66.87495422363281,19.034900665283203,85.05856323242188
2014-07-28 00:00:00-04:00,87.25817108154297,62.02278900146485,67.646240234375,19.253381729125977,85.14225006103516
2014-07-29 00:00:00-04:00,86.72117614746094,61.673316955566406,67.1147689819336,19.025236129760746,84.55635070800781
2014-07-30 00:00:00-04:00,86.7931900024414,61.61509323120117,66.9203109741211,18.62694931030273,83.90955352783203
2014-07-31 00:00:00-04:00,84.63861846923828,60.0643196105957,64.12686157226562,18.153244018554688,82.4789810180664
2014-08-01 00:00:00-04:00,83.76103210449219,58.75383758544922,64.03612518310547,18.139711380004883,82.14414978027344
2014-08-04 00:00:00-04:00,83.93785858154297,59.685733795166016,64.89813232421875,18.18417739868164,83.4529800415039
2014-08-05 00:00:00-04:00,81.83566284179688,58.05489730834961,63.647247314453125,17.90189552307129,81.48211669921875
2014-08-06 00:00:00-04:00,82.33992767333984,58.68830108642578,64.15277099609375,17.855491638183594,81.85496520996094
2014-08-07 00:00:00-04:00,82.28752136230469,57.94567489624024,63.69258880615234,18.16871833801269,81.42886352539062
2014-08-08 00:00:00-04:00,83.73484802246094,59.212520599365234,64.64535522460938,18.45486640930176,82.47136688232422
2014-08-11 00:00:00-04:00,83.6365966796875,58.82664489746094,64.43653106689453,18.34658432006836,83.10292053222656
2014-08-12 00:00:00-04:00,83.23057556152344,58.54998397827149,64.27986907958984,18.348527908325195,82.0832748413086
2014-08-13 00:00:00-04:00,83.5645751953125,58.89215850830078,64.67146301269531,18.512866973876957,81.8930435180664
2014-08-14 00:00:00-04:00,83.14541625976562,58.36796569824219,64.67146301269531,18.597946166992188,80.59183502197266
2014-08-15 00:00:00-04:00,83.28412628173828,58.69558334350586,64.63230895996094,18.634679794311523,81.06360626220703
2014-08-18 00:00:00-04:00,83.4162368774414,57.76367950439453,64.95209503173828,18.58827209472656,82.28873443603516
2014-08-19 00:00:00-04:00,84.29463958740234,58.17869186401367,64.93254089355469,18.816425323486328,83.26273345947266
2014-08-20 00:00:00-04:00,84.2021713256836,58.60823822021485,65.069580078125,18.89762687683105,83.58993530273438
2014-08-21 00:00:00-04:00,84.4927749633789,58.95767211914063,64.79548645019531,18.9498291015625,83.27794647216797
2014-08-22 00:00:00-04:00,83.9511947631836,58.418922424316406,64.28643035888672,18.878293991088867,82.96597290039062
2014-08-25 00:00:00-04:00,84.43333435058594,58.82664489746094,64.44956970214844,18.98076438903809,83.87150573730469
2014-08-26 00:00:00-04:00,84.7041244506836,58.63733673095703,65.03042602539062,18.700420379638672,84.48025512695312
2014-08-27 00:00:00-04:00,84.96170806884766,58.994083404541016,64.95863342285156,18.8747673034668,84.4954605102539
2014-08-28 00:00:00-04:00,85.03437042236328,58.724708557128906,64.98474884033203,18.99944305419922,83.82585144042969
2014-08-29 00:00:00-04:00,85.4966812133789,59.13240432739258,64.91295623779297,19.17866325378418,83.73418426513672
2014-09-02 00:00:00-04:00,84.23519897460938,58.40437316894531,64.27986907958984,18.94099998474121,82.52748107910156
2014-09-03 00:00:00-04:00,84.446533203125,58.89944076538086,64.68453979492188,19.013080596923828,82.61151885986328
2014-09-04 00:00:00-04:00,83.74646759033203,58.134986877441406,64.19503784179688,18.94099998474121,80.67931365966797
2014-09-05 00:00:00-04:00,84.14273071289062,58.49899673461914,64.78240966796875,19.075414657592773,81.53468322753906
2014-09-08 00:00:00-04:00,83.35679626464844,57.53797149658203,63.80995559692383,18.94294548034668,79.801025390625
2014-09-09 00:00:00-04:00,82.67649841308594,57.487003326416016,63.56193542480469,18.6429443359375,79.40389251708984
2014-09-10 00:00:00-04:00,82.08209228515625,57.50887298583984,63.18342590332031,18.62736701965332,79.63301086425781
2014-09-11 00:00:00-04:00,81.78486633300781,57.79279708862305,63.32700347900391,18.730613708496094,79.77046203613281
2014-09-12 00:00:00-04:00,81.01213073730469,57.1157112121582,62.51118469238281,18.331262588500977,78.06739807128906
2014-09-15 00:00:00-04:00,82.0556640625,57.80738067626953,62.84403991699219,18.34683990478516,78.7012939453125
2014-09-16 00:00:00-04:00,82.53119659423828,58.790225982666016,63.58805847167969,18.531911849975582,80.15998840332031
2014-09-17 00:00:00-04:00,82.37271881103516,58.71014404296875,63.3596305847168,18.56307601928711,78.89984130859375
2014-09-18 00:00:00-04:00,81.9896469116211,58.22235107421875,63.05288696289063,18.42476463317871,79.7857666015625
2014-09-19 00:00:00-04:00,82.42552185058594,58.65191650390625,63.38570785522461,18.53385734558105,78.82347106933594
2014-09-22 00:00:00-04:00,81.56031799316406,58.01121520996094,63.007205963134766,18.43255615234375,77.6855239868164
2014-09-23 00:00:00-04:00,81.27632141113281,57.45062255859375,62.6743278503418,18.418920516967773,77.96807861328125
2014-09-24 00:00:00-04:00,80.84041595458984,57.31229782104492,62.53728485107422,18.34683990478516,77.95282745361328
2014-09-25 00:00:00-04:00,79.70446014404297,56.47502899169922,61.51262664794922,18.144243240356445,77.14329528808594
2014-09-26 00:00:00-04:00,80.22618865966797,56.87546157836914,62.282752990722656,18.20268821716309,79.014404296875
2014-09-29 00:00:00-04:00,79.61859130859375,56.67159271240234,61.63010787963867,18.23385429382324,78.8769302368164
2014-09-30 00:00:00-04:00,78.80619812011719,55.7105712890625,61.382110595703125,18.28839874267578,77.66264343261719
2014-10-01 00:00:00-04:00,77.70323181152344,54.60393524169922,60.605430603027344,18.36827278137207,75.49366760253906
2014-10-02 00:00:00-04:00,77.34658813476562,54.37825012207031,60.89260482788086,18.26697158813477,74.67648315429688
2014-10-03 00:00:00-04:00,77.74285125732422,54.43645858764648,61.297245025634766,18.35658264160156,74.76813507080078
2014-10-06 00:00:00-04:00,77.99384307861328,54.574798583984375,61.68883895874024,18.245546340942383,75.2721939086914
2014-10-07 00:00:00-04:00,76.6266860961914,53.810359954833984,60.93829727172852,18.12086677551269,75.02015686035156
2014-10-08 00:00:00-04:00,77.90138244628906,54.26176452636719,61.74759292602539,18.56891822814941,75.1805648803711
2014-10-09 00:00:00-04:00,75.62940216064453,52.52655029296875,59.92668914794922,18.231904983520508,72.49222564697266
2014-10-10 00:00:00-04:00,75.21987915039062,51.73247909545898,59.7830810546875,18.239702224731445,71.07935333251953
2014-10-13 00:00:00-04:00,73.991455078125,50.04873275756836,59.28706741333008,18.07606315612793,69.44503021240234
2014-10-14 00:00:00-04:00,72.50541687011719,48.67382049560547,59.09780883789063,18.18320655822754,67.9404525756836
2014-10-15 00:00:00-04:00,72.16857147216797,48.7105712890625,58.88240814208984,17.88709259033203,68.13138580322266
2014-10-16 00:00:00-04:00,73.35079956054688,49.21055221557617,59.13043594360352,18.189044952392575,69.22351837158203
2014-10-17 00:00:00-04:00,73.83954620361328,50.056095123291016,59.5285530090332,18.360475540161133,71.76671600341797
2014-10-20 00:00:00-04:00,73.63480377197266,50.607540130615234,59.89403533935547,18.531911849975582,72.24785614013672
2014-10-21 00:00:00-04:00,76.012451171875,51.90156173706055,61.12102508544922,18.607879638671875,74.65355682373047
2014-10-22 00:00:00-04:00,75.29255676269531,51.05605316162109,60.78165435791016,18.80463409423828,73.30940246582031
2014-10-23 00:00:00-04:00,76.73896026611328,51.4677848815918,61.42123794555664,19.05204200744629,75.0430679321289
2014-10-24 00:00:00-04:00,76.55402374267578,51.51923751831055,61.66925048828125,19.161134719848636,74.26405334472656
2014-10-27 00:00:00-04:00,75.9662094116211,50.607540130615234,61.16017532348633,19.10853576660156,71.42303466796875
2014-10-28 00:00:00-04:00,77.35980224609375,51.629539489746094,62.06736373901367,19.311124801635746,73.70655822753906
2014-10-29 00:00:00-04:00,77.36639404296875,52.01921463012695,61.73451232910156,19.207881927490234,74.39390563964844
2014-10-30 00:00:00-04:00,77.4060287475586,52.46036529541016,61.643165588378906,19.463075637817383,74.55428314208984
2014-10-31 00:00:00-04:00,79.2222900390625,53.04859161376953,63.118160247802734,19.52347183227539,75.34856414794922
2014-11-03 00:00:00-05:00,77.12863159179688,51.879520416259766,62.17179489135742,19.638412475585938,73.7142105102539
2014-11-04 00:00:00-05:00,76.19740295410156,50.56341552734375,61.68883895874024,19.667625427246094,71.91178894042969
2014-11-05 00:00:00-05:00,77.3069839477539,51.37955856323242,62.04779815673828,20.43126678466797,73.80583953857422
2014-11-06 00:00:00-05:00,78.28443908691406,52.43831634521485,62.82442855834961,20.250093460083008,74.06548309326172
2014-11-07 00:00:00-05:00,78.4627685546875,53.055946350097656,63.49495697021485,20.40205192565918,75.40201568603516
2014-11-10 00:00:00-05:00,77.88155364990234,52.644187927246094,63.29119110107422,20.57347869873047,75.06597137451172
2014-11-11 00:00:00-05:00,78.22500610351562,52.75446319580078,63.37662887573242,20.415681838989254,75.11942291259766
2014-11-12 00:00:00-05:00,77.70323181152344,52.35008239746094,62.69955062866211,20.08256149291992,74.40919494628906
2014-11-13 00:00:00-05:00,76.9106674194336,51.7251205444336,62.226261138916016,19.922821044921875,72.43875885009766
2014-11-14 00:00:00-05:00,77.53726959228516,52.504493713378906,62.50890350341797,19.84100914001465,72.7977294921875
2014-11-17 00:00:00-05:00,77.15731811523438,52.511844635009766,62.522071838378906,20.10594367980957,73.03449249267578
2014-11-18 00:00:00-05:00,76.97067260742188,52.695648193359375,62.36429977416992,20.131267547607425,72.7671890258789
2014-11-19 00:00:00-05:00,77.63726806640625,53.03386306762695,62.850730895996094,20.20334815979004,72.55333709716797
2014-11-20 00:00:00-05:00,78.1971664428711,53.82796478271485,62.988807678222656,20.076719284057617,73.42398071289062
2014-11-21 00:00:00-05:00,79.04376220703125,54.14410400390625,63.639591217041016,20.209192276000977,74.7452163696289
2014-11-24 00:00:00-05:00,78.38384246826172,53.91615676879883,62.923072814941406,20.10788917541504,75.18814849853516
2014-11-25 00:00:00-05:00,77.42396545410156,52.73978042602539,62.30512619018555,20.17753791809082,72.7060546875
2014-11-26 00:00:00-05:00,76.73069763183594,52.07804107666016,62.1079216003418,20.246198654174805,70.88080596923828
2014-11-28 00:00:00-05:00,72.57119750976562,48.57823944091797,59.51792907714844,20.47966194152832,65.64167785644531
2014-12-01 00:00:00-05:00,74.4776382446289,49.82816696166992,60.70774459838867,20.56205177307129,65.09690856933594
2014-12-02 00:00:00-05:00,76.00411224365234,50.886940002441406,61.917293548583984,20.62091064453125,65.38846588134766
2014-12-03 00:00:00-05:00,75.79750061035156,52.05597686767578,62.416900634765625,20.47966194152832,66.57009887695312
2014-12-04 00:00:00-05:00,74.84426879882812,50.96045684814453,62.03561401367188,20.30309295654297,67.08418273925781
2014-12-05 00:00:00-05:00,73.90438842773438,49.8869743347168,61.67405319213867,20.193227767944336,66.87701416015625
2014-12-08 00:00:00-05:00,71.19137573242188,47.813568115234375,60.28043746948242,20.338401794433597,64.61348724365234
2014-12-09 00:00:00-05:00,71.33135223388672,47.76210784912109,60.07008743286133,20.518892288208008,65.58031463623047
2014-12-10 00:00:00-05:00,69.89820098876953,46.71803665161133,58.28863906860352,19.900909423828125,63.81552505493164
2014-12-11 00:00:00-05:00,69.93153381347656,46.76949691772461,58.63703918457031,20.104942321777344,63.69274520874024
2014-12-12 00:00:00-05:00,68.24506378173828,45.91661071777344,56.92790603637695,19.777320861816406,61.38322448730469
2014-12-15 00:00:00-05:00,67.23185729980469,45.35782623291016,57.12507629394531,19.74789428710937,61.30648422241211
2014-12-16 00:00:00-05:00,67.79177856445312,46.48277282714844,56.80299758911133,19.83028793334961,61.52899932861328
2014-12-17 00:00:00-05:00,70.67144012451172,49.21791076660156,58.51870346069336,20.23051071166992,63.59301376342773
2014-12-18 00:00:00-05:00,72.67787170410156,51.283966064453125,59.92548751831055,20.68761444091797,64.62886047363281
2014-12-19 00:00:00-05:00,75.27754211425781,52.18833160400391,61.55572509765625,20.770008087158203,67.15322875976562
2014-12-22 00:00:00-05:00,74.6776351928711,51.1148796081543,61.35197067260742,20.78374290466309,66.56241607666016
2014-12-23 00:00:00-05:00,75.95748138427734,52.23979949951172,62.18022155761719,20.858295440673828,66.99978637695312
2014-12-24 00:00:00-05:00,75.63753509521484,51.5633659362793,61.64778518676758,21.183961868286133,66.80027770996094
2014-12-26 00:00:00-05:00,75.49087524414062,51.37955856323242,61.27306365966797,21.44095993041992,66.85398864746094
2014-12-29 00:00:00-05:00,75.53750610351562,51.54867935180664,61.18103790283203,21.678346633911133,67.02278900146484
2014-12-30 00:00:00-05:00,75.39754486083984,51.41631317138672,61.14818954467773,21.15453338623047,66.32456970214844
2014-12-31 00:00:00-05:00,74.77761840820312,50.77664566040039,60.77347183227539,20.852413177490234,65.53428649902344
2015-01-02 00:00:00-05:00,75.04425811767578,50.6737060546875,61.02326965332031,20.93088150024414,65.73375701904297
2015-01-05 00:00:00-05:00,72.04460144042969,48.26207733154297,59.35356903076172,20.709190368652344,63.953643798828125
2015-01-06 00:00:00-05:00,72.01127624511719,46.26954650878906,59.03803634643555,20.789623260498047,62.70294189453125
2015-01-07 00:00:00-05:00,71.95127868652344,46.57833862304688,59.6362419128418,20.97992706298828,62.69529724121094
2015-01-08 00:00:00-05:00,73.59773254394531,47.740047454833984,60.62886428833008,21.107444763183597,63.45488739013672
2015-01-09 00:00:00-05:00,72.13126373291016,47.73269271850586,60.54339218139648,20.921072006225582,62.31930541992188
2015-01-12 00:00:00-05:00,70.5781021118164,46.37247085571289,59.3798713684082,20.868099212646484,59.887020111083984
2015-01-13 00:00:00-05:00,69.45824432373047,45.90926361083984,59.16292572021485,20.95050048828125,59.67981719970703
2015-01-14 00:00:00-05:00,69.2582778930664,46.0416145324707,58.99200820922852,21.079975128173828,60.14788055419922
2015-01-15 00:00:00-05:00,68.43836212158203,45.15195846557617,58.479251861572266,20.99954032897949,58.797454833984375
2015-01-16 00:00:00-05:00,70.0715103149414,46.37981796264648,59.8991813659668,21.23104286193848,62.40372467041016
2015-01-20 00:00:00-05:00,70.97138214111328,46.460716247558594,59.87945175170898,21.37032699584961,61.75149917602539
2015-01-21 00:00:00-05:00,72.09791564941406,47.45330047607422,60.392215728759766,21.55866813659668,63.07893371582031
2015-01-22 00:00:00-05:00,72.60452270507812,48.0120964050293,61.04957580566406,21.491973876953125,63.02521514892578
2015-01-23 00:00:00-05:00,71.2247085571289,47.53417205810547,59.74800109863281,21.478235244750977,62.91780090332031
2015-01-26 00:00:00-05:00,72.577880859375,48.39442825317383,60.31988525390625,21.53120994567871,64.20684814453125
2015-01-27 00:00:00-05:00,72.16458129882812,48.18854522705078,59.78743362426758,21.819595336914062,64.87438201904297
2015-01-28 00:00:00-05:00,69.13162231445312,46.01218795776367,57.81532669067383,21.56456184387207,61.95868682861328
2015-01-29 00:00:00-05:00,68.6583480834961,46.18865203857422,57.57209396362305,21.905914306640625,62.84107208251953
2015-01-30 00:00:00-05:00,68.34504699707031,46.306297302246094,57.46691131591797,21.431156158447266,63.217041015625
2015-02-02 00:00:00-05:00,70.6981201171875,48.3576545715332,58.88682556152344,21.593982696533203,64.94342803955078
2015-02-03 00:00:00-05:00,73.01113891601562,49.80611038208008,60.641998291015625,21.62733268737793,66.81563568115234
2015-02-04 00:00:00-05:00,72.22457885742188,48.43117904663086,60.12269973754883,21.470382690429688,64.87438201904297
2015-02-05 00:00:00-05:00,72.864501953125,49.68112182617188,60.714317321777344,21.52335548400879,65.92558288574219
2015-02-06 00:00:00-05:00,73.0644760131836,49.62228775024414,60.60173416137695,20.756277084350582,66.1097183227539
2015-02-09 00:00:00-05:00,73.61109161376953,49.8869743347168,60.641448974609375,20.505163192749023,66.23320770263672
2015-02-10 00:00:00-05:00,73.44441986083984,49.98992919921875,60.27717971801758,21.15453338623047,65.7701416015625
2015-02-11 00:00:00-05:00,73.31112670898438,49.9090461730957,60.005638122558594,20.61110115051269,65.3919677734375
2015-02-12 00:00:00-05:00,74.62374114990234,50.5705451965332,61.17796325683594,20.6660270690918,66.34126281738281
2015-02-13 00:00:00-05:00,75.9161605834961,51.9381103515625,61.84026336669922,20.328590393066406,68.20892333984375
2015-02-17 00:00:00-05:00,75.66036224365234,51.63338470458984,61.62831115722656,20.28936004638672,68.6025161743164
2015-02-18 00:00:00-05:00,74.34102630615234,50.340126037597656,60.27717971801758,20.89164161682129,67.71500396728516
2015-02-19 00:00:00-05:00,72.93415832519531,50.10970687866211,59.23736572265625,20.683692932128903,67.12846374511719
2015-02-20 00:00:00-05:00,73.10245513916016,50.07999420166016,59.555267333984375,20.7170467376709,66.27948760986328
2015-02-23 00:00:00-05:00,72.60430908203125,49.73808670043945,58.952579498291016,20.79355239868164,66.01708984375
2015-02-24 00:00:00-05:00,72.67164611816406,49.864444732666016,59.2241096496582,20.81120491027832,65.83958435058594
2015-02-25 00:00:00-05:00,73.08897399902344,50.19147491455078,59.34333419799805,20.50885391235352,65.76243591308594
2015-02-26 00:00:00-05:00,72.0658187866211,48.94282913208008,58.714134216308594,20.449567794799805,64.74369049072266
2015-02-27 00:00:00-05:00,71.8100357055664,48.459720611572266,58.64126586914063,20.44561195373535,64.95207214355469
2015-03-02 00:00:00-05:00,71.28498840332031,47.86511993408203,58.31010818481445,20.06619071960449,65.30707550048828
2015-03-03 00:00:00-05:00,70.78688049316406,48.14754486083984,58.03194427490234,20.145235061645508,65.53089904785156
2015-03-04 00:00:00-05:00,70.78688049316406,47.753639221191406,57.74053192138672,20.036548614501957,65.70840454101562
2015-03-05 00:00:00-05:00,70.49742889404297,47.06983947753906,57.44910430908203,20.18278312683105,65.46141815185547
2015-03-06 00:00:00-05:00,69.70313262939453,46.66849136352539,56.71392440795898,19.50494956970215,64.14171600341797
2015-03-09 00:00:00-04:00,69.97233581542969,46.05901336669922,56.40266036987305,19.550405502319336,63.5628776550293
2015-03-10 00:00:00-04:00,69.2723159790039,45.24144744873047,55.80657577514648,19.36463928222656,62.75252151489258
2015-03-11 00:00:00-04:00,69.6963882446289,45.56104278564453,55.64761734008789,19.362668991088867,62.72165298461914
2015-03-12 00:00:00-04:00,68.94246673583984,45.60564041137695,55.78006362915039,19.864614486694336,62.46696853637695
2015-03-13 00:00:00-04:00,68.40396881103516,45.813751220703125,55.54826736450195,19.882402420043945,62.065650939941406
2015-03-16 00:00:00-04:00,69.42041015625,46.37862777709961,56.1377182006836,20.34878158569336,62.71394348144531
2015-03-17 00:00:00-04:00,69.44731903076172,46.0887451171875,55.68734359741211,20.410045623779297,62.1042366027832
2015-03-18 00:00:00-04:00,71.82349395751953,47.30024719238281,57.0053596496582,21.12542724609375,63.32362365722656
2015-03-19 00:00:00-04:00,70.51087951660156,46.64619064331055,55.90591430664063,20.844804763793945,62.52100372314453
2015-03-20 00:00:00-04:00,72.04562377929688,47.44889068603516,55.99201583862305,20.945581436157227,63.57059860229492
2015-03-23 00:00:00-04:00,71.29845428466797,46.99550628662109,56.581485748291016,20.896181106567383,63.28505325317383
2015-03-24 00:00:00-04:00,70.14064025878906,46.49010467529297,55.97877883911133,20.71832847595215,63.16928482055664
2015-03-25 00:00:00-04:00,71.13015747070312,46.86173248291016,56.2039794921875,20.437705993652344,64.2806625366211
2015-03-26 00:00:00-04:00,70.84746551513672,47.00294494628906,55.8463134765625,20.29937744140625,64.1803207397461
2015-03-27 00:00:00-04:00,70.1944808959961,46.77255630493164,55.356204986572266,20.461427688598636,64.29605102539062
2015-03-30 00:00:00-04:00,71.95812225341797,47.56781768798828,56.71392440795898,20.698564529418945,65.19904327392578
2015-03-31 00:00:00-04:00,70.66570281982422,46.27456283569336,56.29667282104492,20.56221389770508,64.39639282226562
2015-04-01 00:00:00-04:00,70.53778076171875,46.83943557739258,55.93902587890625,20.70251846313477,65.044677734375
2015-04-02 00:00:00-04:00,70.86766815185547,46.95835113525391,55.83306884765625,20.70054054260254,65.12957763671875
2015-04-06 00:00:00-04:00,71.9715805053711,48.60093307495117,56.38277816772461,20.856660842895508,66.30266571044922
2015-04-07 00:00:00-04:00,73.06205749511719,48.898223876953125,56.79342269897461,20.60964012145996,66.58049774169922
2015-04-08 00:00:00-04:00,71.79657745361328,48.16983795166016,55.674102783203125,20.56023597717285,66.46473693847656
2015-04-09 00:00:00-04:00,71.99176025390625,49.79756164550781,56.06487274169922,20.55430793762207,68.262939453125
2015-04-10 00:00:00-04:00,71.96483612060547,49.4482421875,56.667572021484375,20.73018455505371,68.77234649658203
2015-04-13 00:00:00-04:00,71.68888092041016,49.30701446533203,56.52186965942383,20.50292205810547,67.93109130859375
2015-04-14 00:00:00-04:00,73.26399230957031,50.80836486816406,57.37626647949219,20.62347221374512,68.5330810546875
2015-04-15 00:00:00-04:00,74.32080841064453,51.58135223388672,58.33660125732422,20.58789825439453,71.00274658203125
2015-04-16 00:00:00-04:00,74.15254974365234,51.29148483276367,58.10480880737305,20.504898071289062,70.91785430908203
2015-04-17 00:00:00-04:00,73.44573211669922,50.31040573120117,57.57493209838867,20.384357452392575,71.6664810180664
2015-04-20 00:00:00-04:00,74.24005889892578,50.99418258666992,57.78025817871094,20.65113639831543,71.36549377441406
2015-04-21 00:00:00-04:00,73.86309051513672,50.55566787719727,57.54182434082031,20.433761596679688,70.45478820800781
2015-04-22 00:00:00-04:00,73.7082748413086,50.45161819458008,57.92595672607422,20.41202735900879,71.126220703125
2015-04-23 00:00:00-04:00,74.02464294433594,50.73404312133789,57.97896957397461,20.607666015625,71.8130874633789
2015-04-24 00:00:00-04:00,73.95735931396484,50.17661666870117,57.6014518737793,20.75983047485352,70.7017593383789
2015-04-27 00:00:00-04:00,73.84291076660156,49.84215545654297,57.62794494628906,20.516756057739254,71.25743865966797
2015-04-28 00:00:00-04:00,74.79873657226562,50.34756851196289,58.151153564453125,20.572093963623047,71.51210021972656
2015-04-29 00:00:00-04:00,75.2093505859375,50.58539581298828,58.19752883911133,20.29542732238769,72.76239013671875
2015-04-30 00:00:00-04:00,74.75836181640625,50.48134994506836,57.866355895996094,19.945640563964844,73.01705932617188
2015-05-01 00:00:00-04:00,73.39862823486328,50.12458801269531,58.846588134765625,20.133373260498047,71.7745132446289
2015-05-04 00:00:00-04:00,72.91397094726562,49.81242752075195,59.0187873840332,20.307279586791992,71.75906372070312
2015-05-05 00:00:00-04:00,72.69857025146484,49.94620513916016,58.6876220703125,19.79150009155273,71.03360748291016
2015-05-06 00:00:00-04:00,72.66490936279297,49.968509674072266,58.409461975097656,19.767786026000977,71.21111297607422
2015-05-07 00:00:00-04:00,72.40911865234375,49.51512908935547,58.01869583129883,19.88042640686035,69.63671875
2015-05-08 00:00:00-04:00,73.13612365722656,49.92392349243164,58.93932723999024,20.0009708404541,71.33460235595703
2015-05-11 00:00:00-04:00,72.26776123046875,48.519168853759766,57.95098876953125,19.76383209228516,70.8252182006836
2015-05-12 00:00:00-04:00,72.40239715576172,48.60834884643555,58.11123275756836,19.744070053100582,71.36549377441406
2015-05-13 00:00:00-04:00,72.49662017822266,48.60093307495117,57.80406188964844,19.801374435424805,71.3963394165039
2015-05-14 00:00:00-04:00,73.00148010253906,48.62323760986328,58.07787322998047,19.975276947021484,71.13391876220703
2015-05-15 00:00:00-04:00,73.44337463378906,48.87593078613281,58.33162307739258,20.184757232666016,71.11080169677734
2015-05-18 00:00:00-04:00,72.50518035888672,49.08403396606445,57.99773025512695,20.216371536254883,71.58155822753906
2015-05-19 00:00:00-04:00,71.39705657958984,48.40026473999024,58.09121322631836,20.25787734985352,69.89138793945312
2015-05-20 00:00:00-04:00,71.55342102050781,48.69340896606445,58.184715270996094,20.25985145568848,70.03802490234375
2015-05-21 00:00:00-04:00,71.71659851074219,49.29475021362305,58.23813629150391,20.18870735168457,71.0259017944336
2015-05-22 00:00:00-04:00,71.30866241455078,48.94145965576172,57.77734756469727,20.202550888061523,71.01815795898438
2015-05-26 00:00:00-04:00,70.22090911865234,47.98683547973633,56.99604034423828,19.965404510498047,70.0302963256836
2015-05-27 00:00:00-04:00,70.09856414794922,47.971805572509766,56.83576583862305,20.07890892028809,70.23100280761719
2015-05-28 00:00:00-04:00,70.18692016601562,48.00187301635742,56.83576583862305,20.365663528442383,69.9608383178711
2015-05-29 00:00:00-04:00,70.02375793457031,47.8665771484375,56.8958740234375,20.379608154296875,70.05345153808594
2015-06-01 00:00:00-04:00,69.77222442626953,47.81394958496094,56.84912109375,20.6165771484375,70.34835052490234
2015-06-02 00:00:00-04:00,69.73825073242188,48.15972137451172,56.85579681396485,20.3557071685791,71.00799560546875
2015-06-03 00:00:00-04:00,69.45951843261719,47.95675659179688,56.72892379760742,19.95743751525879,70.89936065673828
2015-06-04 00:00:00-04:00,68.9292221069336,47.35542678833008,56.24142074584961,19.987308502197266,69.89823913574219
2015-06-05 00:00:00-04:00,69.06519317626953,47.38550567626953,56.2815055847168,19.668685913085938,69.97584533691406
2015-06-08 00:00:00-04:00,68.26979064941406,47.67864608764648,56.66213607788086,19.539257049560547,69.35502624511719
2015-06-09 00:00:00-04:00,68.26979064941406,47.40052795410156,56.48183441162109,19.55318260192871,69.73529052734375
2015-06-10 00:00:00-04:00,69.22835540771484,48.12213897705078,56.90254211425781,19.73838806152344,71.10887908935547
2015-06-11 00:00:00-04:00,68.74566650390625,48.12965774536133,56.82243347167969,19.84790802001953,70.36388397216797
2015-06-12 00:00:00-04:00,67.89586639404297,47.7387809753418,56.10787582397461,19.762285232543945,69.96034240722656
2015-06-15 00:00:00-04:00,67.50155639648438,47.558380126953125,55.907527923583984,19.73838806152344,69.401611328125
2015-06-16 00:00:00-04:00,68.01142883300781,47.67864608764648,56.54861831665039,19.820030212402344,69.60337829589844
2015-06-17 00:00:00-04:00,67.82109069824219,47.423072814941406,56.58201599121094,20.053022384643555,69.58784484863281
2015-06-18 00:00:00-04:00,68.1541976928711,47.30281829833984,57.08283996582031,20.363676071166992,68.78076934814453
2015-06-19 00:00:00-04:00,67.62393188476562,46.86684799194336,56.90254211425781,20.104799270629883,67.22089385986328
2015-06-22 00:00:00-04:00,68.181396484375,47.03971862792969,56.87584686279297,20.06497001647949,67.49251556396484
2015-06-23 00:00:00-04:00,68.04542541503906,47.483211517333984,56.80906677246094,19.77224349975586,68.2918472290039
2015-06-24 00:00:00-04:00,67.48795318603516,47.227657318115234,56.54861831665039,19.620893478393555,67.91158294677734
2015-06-25 00:00:00-04:00,66.85570526123047,46.769142150878906,56.04777908325195,19.51335906982422,67.25971221923828
2015-06-26 00:00:00-04:00,67.03245544433594,46.739044189453125,56.00102615356445,19.65475082397461,67.25971221923828
2015-06-29 00:00:00-04:00,65.73395538330078,45.859596252441406,55.30651473999024,19.54920196533203,66.47589111328125
2015-06-30 00:00:00-04:00,65.58439636230469,46.1602783203125,55.56028366088867,19.521333694458008,66.88720703125
2015-07-01 00:00:00-04:00,65.3260498046875,45.12295913696289,55.00602340698242,19.600980758666992,65.42047119140625
2015-07-02 00:00:00-04:00,65.17649841308594,45.49128341674805,55.52022933959961,19.95743751525879,65.19542694091797
2015-07-06 00:00:00-04:00,64.42867279052734,44.39384460449219,55.11285400390625,20.005224227905277,64.79187774658203
2015-07-07 00:00:00-04:00,64.7685775756836,44.83732223510742,55.33990859985352,20.487138748168945,65.34288024902344
2015-07-08 00:00:00-04:00,63.606056213378906,43.8676643371582,54.738895416259766,20.30193901062012,64.34953308105469
2015-07-09 00:00:00-04:00,63.75561141967773,44.10068130493164,54.4918098449707,20.148609161376957,64.83843231201172
2015-07-10 00:00:00-04:00,64.18392181396484,44.44645309448242,54.905853271484375,20.240211486816406,65.15663146972656
2015-07-13 00:00:00-04:00,64.31309509277344,44.29612731933594,55.03940963745117,20.30592918395996,65.41273498535156
2015-07-14 00:00:00-04:00,64.95894622802734,44.74712753295898,55.50018310546875,20.30990600585937,66.18878936767578
2015-07-15 00:00:00-04:00,64.06834411621094,43.91275405883789,55.266448974609375,20.465232849121094,64.90052032470703
2015-07-16 00:00:00-04:00,64.23150634765625,43.559478759765625,55.36663055419922,20.795799255371094,65.10231018066406
2015-07-17 00:00:00-04:00,63.32733154296875,42.9957160949707,55.166290283203125,20.64047241210937,64.96260833740234
2015-07-20 00:00:00-04:00,63.18455123901367,42.522159576416016,54.59868240356445,20.540910720825195,64.81517028808594
2015-07-21 00:00:00-04:00,63.837188720703125,42.4620361328125,54.53187942504883,20.33778953552246,65.42047119140625
2015-07-22 00:00:00-04:00,63.57207107543945,41.96591567993164,54.61870574951172,20.47120475769043,66.16549682617188
2015-07-23 00:00:00-04:00,63.18455123901367,41.16606903076172,54.18462371826172,20.32583999633789,66.75527954101562
2015-07-24 00:00:00-04:00,61.59371948242188,39.680606842041016,53.38328170776367,20.367658615112305,64.33404541015625
2015-07-27 00:00:00-04:00,60.60114288330078,38.58366775512695,52.92918395996094,20.61060333251953,63.44934844970703
2015-07-28 00:00:00-04:00,62.81744003295898,39.794883728027344,55.079471588134766,20.72809410095215,64.02359771728516
2015-07-29 00:00:00-04:00,63.39530563354492,40.297664642333984,55.52022933959961,20.827659606933597,65.10231018066406
2015-07-30 00:00:00-04:00,63.24573516845703,39.6653938293457,55.43341445922852,20.887401580810547,64.81517028808594
2015-07-31 00:00:00-04:00,60.15244674682617,38.3475227355957,52.89577865600586,20.949138641357425,64.2719497680664
2015-08-03 00:00:00-04:00,58.19451904296875,37.86761093139648,52.12783432006836,21.44896697998047,63.69766998291016
2015-08-04 00:00:00-04:00,57.92938232421875,37.98949432373047,51.53351211547852,21.21597671508789,63.84510803222656
2015-08-05 00:00:00-04:00,57.12715911865234,37.41815948486328,51.53351211547852,21.100473403930664,64.02359771728516
2015-08-06 00:00:00-04:00,57.91578674316406,38.30181121826172,52.14786148071289,21.05866050720215,64.86951446533203
2015-08-07 00:00:00-04:00,56.936805725097656,37.204864501953125,51.30646133422852,21.307580947875977,63.829586029052734
2015-08-10 00:00:00-04:00,58.39164733886719,38.24087905883789,52.58861923217773,21.2139835357666,65.52913665771484
2015-08-11 00:00:00-04:00,58.31687927246094,38.39321517944336,52.23137283325195,21.23390007019043,65.46704864501953
2015-08-12 00:00:00-04:00,59.003517150878906,39.26164245605469,53.10763549804688,21.586374282836918,65.831787109375
2015-08-13 00:00:00-04:00,58.36447525024414,38.16469955444336,53.01324844360352,21.689916610717773,65.25750732421875
2015-08-14 00:00:00-04:00,58.45965194702149,37.9133186340332,52.81778717041016,21.713817596435547,65.07901000976562
2015-08-17 00:00:00-04:00,57.29624557495117,37.75334548950195,53.09413528442383,21.8113956451416,64.79963684082031
2015-08-18 00:00:00-04:00,57.44082260131836,37.71524810791016,52.50771713256836,21.80741310119629,64.52803802490234
2015-08-19 00:00:00-04:00,55.69913482666016,36.32120895385742,51.382080078125,21.71978759765625,62.60344696044922
2015-08-20 00:00:00-04:00,54.54948425292969,35.8032112121582,50.26318359375,21.556507110595703,61.64889144897461
2015-08-21 00:00:00-04:00,52.1538200378418,34.576751708984375,48.61851501464844,21.29961395263672,60.14337921142578
2015-08-24 00:00:00-04:00,49.64802932739258,32.70279693603516,46.32004165649414,20.518999099731445,57.32637405395508
2015-08-25 00:00:00-04:00,48.20235824584961,32.13908004760742,46.31329345703125,20.01518821716309,56.27868270874024
2015-08-26 00:00:00-04:00,50.31577301025391,33.06844711303711,48.86791229248047,20.400484085083008,54.39290237426758
2015-08-27 00:00:00-04:00,53.44802474975586,34.9423942565918,50.45189666748047,20.520883560180664,57.31083297729492
2015-08-28 00:00:00-04:00,55.36868667602539,35.66609191894531,50.60018157958984,20.432588577270508,59.02589416503906
2015-08-31 00:00:00-04:00,55.75420379638672,37.44102096557617,50.71477508544922,19.748292922973636,60.43981552124024
2015-09-01 00:00:00-04:00,53.82667541503906,36.37453842163086,48.58480453491211,19.13422966003418,58.9165153503418
2015-09-02 00:00:00-04:00,53.73715591430664,36.70971298217773,49.35995101928711,19.072021484375,58.90871810913086
2015-09-03 00:00:00-04:00,53.87485122680664,36.70208740234375,49.7374153137207,19.09811019897461,59.572731018066406
2015-09-04 00:00:00-04:00,52.78028106689453,35.9555549621582,48.840946197509766,18.98773765563965,58.58842849731445
2015-09-08 00:00:00-04:00,52.89729690551758,36.91539764404297,49.54195785522461,19.483400344848636,59.0102653503418
2015-09-09 00:00:00-04:00,51.5755615234375,36.45071029663086,48.530887603759766,19.124195098876957,58.11971282958984
2015-09-10 00:00:00-04:00,52.084991455078125,36.89254379272461,48.881385803222656,19.13422966003418,57.861934661865234
2015-09-11 00:00:00-04:00,52.17447662353516,36.07744598388672,48.9959716796875,19.234567642211918,57.572879791259766
2015-09-14 00:00:00-04:00,52.16071319580078,35.62799072265625,48.861175537109375,19.290752410888672,56.90107345581055
2015-09-15 00:00:00-04:00,53.124488830566406,36.016502380371094,49.11057662963867,19.31082344055176,57.48695755004883
2015-09-16 00:00:00-04:00,54.39802169799805,37.68478012084961,50.08118438720703,19.56768798828125,59.49458694458008
2015-09-17 00:00:00-04:00,54.66653823852539,38.18755340576172,50.18902969360352,19.806486129760746,58.82278060913086
2015-09-18 00:00:00-04:00,53.51686477661133,36.83920669555664,48.9892463684082,19.52353858947754,56.666725158691406
2015-09-21 00:00:00-04:00,53.7578125,37.13630294799805,49.46780776977539,19.67604637145996,56.92451095581055
2015-09-22 00:00:00-04:00,53.17955780029297,37.03726577758789,49.02968597412109,19.475372314453125,56.69013595581055
2015-09-23 00:00:00-04:00,52.40166091918945,36.45832443237305,48.73310852050781,19.461332321166992,56.198001861572266
2015-09-24 00:00:00-04:00,52.93171691894531,36.38215637207031,49.022926330566406,19.569692611694336,56.78389739990234
2015-09-25 00:00:00-04:00,53.48933029174805,35.94794464111328,49.35995101928711,19.78842544555664,56.947940826416016
2015-09-28 00:00:00-04:00,52.16071319580078,34.92717742919922,48.935302734375,19.575719833374023,54.19038772583008
2015-09-29 00:00:00-04:00,52.491153717041016,35.47565078735352,49.18470764160156,19.423208236694336,53.97947311401367
2015-09-30 00:00:00-04:00,54.30165100097656,36.53450012207031,50.11488342285156,19.575719833374023,53.877925872802734
2015-10-01 00:00:00-04:00,53.92992782592773,36.68686294555664,49.91940689086914,19.37503433227539,52.84675216674805
2015-10-02 00:00:00-04:00,56.13971328735352,38.99502944946289,51.14614868164063,19.774383544921875,54.93252182006836
2015-10-05 00:00:00-04:00,57.84695816040039,40.35858917236328,51.77301788330078,20.21184730529785,56.315185546875
2015-10-06 00:00:00-04:00,59.88465118408203,42.00402069091797,52.5009880065918,20.03725814819336,57.76038360595703
2015-10-07 00:00:00-04:00,60.66256713867188,42.1030387878418,53.38397216796875,20.05331420898437,58.86182403564453
2015-10-08 00:00:00-04:00,61.894805908203125,42.872440338134766,53.94341659545898,20.237934112548828,59.86954498291016
2015-10-09 00:00:00-04:00,61.660736083984375,42.73531723022461,53.42441940307617,20.27806854248047,59.65082931518555
2015-10-12 00:00:00-04:00,61.089351654052734,42.1030387878418,53.451358795166016,20.35833740234375,58.54154968261719
2015-10-13 00:00:00-04:00,60.84153747558594,41.92783737182617,53.35700988769531,20.316198348999023,58.30719757080078
2015-10-14 00:00:00-04:00,61.79155731201172,42.24777603149414,54.031044006347656,20.25398826599121,58.59622573852539
2015-10-15 00:00:00-04:00,62.45241928100586,42.64154815673828,54.92078399658203,20.70951271057129,59.49458694458008
2015-10-16 00:00:00-04:00,62.84481048583984,42.64154815673828,55.594825744628906,20.801830291748047,58.20563507080078
2015-10-19 00:00:00-04:00,61.9774169921875,41.45256042480469,54.59050369262695,20.823904037475582,57.91660690307617
2015-10-20 00:00:00-04:00,61.94988632202149,41.336727142333984,54.48265838623047,20.85801315307617,59.01805114746094
2015-10-21 00:00:00-04:00,61.49553298950195,40.896671295166016,54.06476974487305,20.910192489624023,59.08057403564453
2015-10-22 00:00:00-04:00,63.07199096679688,42.13969421386719,55.87116622924805,21.21320915222168,61.13507080078125
2015-10-23 00:00:00-04:00,62.81037521362305,42.16286087036133,55.93184280395508,20.9824333190918,61.20537567138672
2015-10-26 00:00:00-04:00,61.11003112792969,40.88121795654297,54.745548248291016,20.83995819091797,60.2679443359375
2015-10-27 00:00:00-04:00,60.37343597412109,39.90840530395508,54.65791320800781,20.89012718200684,60.11171340942383
2015-10-28 00:00:00-04:00,61.81218338012695,41.18232727050781,55.46002197265625,20.659347534179688,61.8146858215332
2015-10-29 00:00:00-04:00,61.88104248046875,41.39850616455078,55.42631530761719,20.424564361572266,61.47098159790039
2015-10-30 00:00:00-04:00,62.56254577636719,41.190032958984375,55.77007675170898,20.60115623474121,61.05694580078125
2015-11-02 00:00:00-05:00,65.37127685546875,42.41764450073242,57.48211669921875,20.51486587524414,62.04903030395508
2015-11-03 00:00:00-05:00,67.5604248046875,43.79964065551758,58.5403938293457,20.530914306640625,63.68169784545898
2015-11-04 00:00:00-05:00,66.6172866821289,43.49853515625,57.95396041870117,20.713531494140625,62.73648834228516
2015-11-05 00:00:00-05:00,65.08903503417969,43.45223236083984,57.165340423583984,20.48877716064453,61.5568962097168
2015-11-06 00:00:00-05:00,64.73104095458984,43.0584602355957,56.93617248535156,19.834577560424805,61.760009765625
2015-11-09 00:00:00-05:00,63.55386734008789,42.186031341552734,55.719120025634766,19.8486328125,60.86163711547852
2015-11-10 00:00:00-05:00,64.18033599853516,42.19374847412109,55.9910774230957,19.866683959960938,61.533470153808594
2015-11-11 00:00:00-05:00,63.46436309814453,41.25952911376953,55.4947395324707,20.011173248291016,60.64290618896485
2015-11-12 00:00:00-05:00,61.8603630065918,40.12458801269531,53.99213409423828,20.213848114013672,59.83831787109375
2015-11-13 00:00:00-05:00,61.04808807373047,40.01649856567383,53.10145950317383,20.15365028381348,59.47896194458008
2015-11-16 00:00:00-05:00,63.72384262084961,41.97756576538086,55.00520706176758,20.49279022216797,61.18973922729492
2015-11-17 00:00:00-05:00,63.43116760253906,41.614688873291016,54.3660774230957,20.217870712280277,59.947662353515625
2015-11-18 00:00:00-05:00,64.25341033935547,42.06249237060547,54.89641189575195,20.007158279418945,61.361629486083984
2015-11-19 00:00:00-05:00,63.29180145263672,41.35220718383789,54.59726333618164,20.26603126525879,60.869476318359375
2015-11-20 00:00:00-05:00,62.02360153198242,40.86577987670898,54.2505111694336,20.27204322814941,60.2679443359375
2015-11-23 00:00:00-05:00,62.72042465209961,41.13600158691406,54.58364486694336,20.165691375732425,60.32262802124024
2015-11-24 00:00:00-05:00,63.65415573120117,42.71102523803711,55.67153930664063,20.103010177612305,61.07257080078125
2015-11-25 00:00:00-05:00,63.31966400146485,41.98527526855469,55.24319076538086,19.995824813842773,60.56479644775391
2015-11-27 00:00:00-05:00,62.971282958984375,41.29041290283203,55.22957992553711,20.09491729736328,60.40856552124024
2015-11-30 00:00:00-05:00,63.63325881958008,41.73049545288086,55.5219612121582,20.19400405883789,60.66016006469727
2015-12-01 00:00:00-05:00,64.44156646728516,42.16286087036133,55.67833709716797,20.33758354187012,61.462162017822266
2015-12-02 00:00:00-05:00,62.88766479492188,40.5723876953125,54.08732604980469,19.815845489501957,59.60659408569336
2015-12-03 00:00:00-05:00,61.912109375,39.84663772583008,53.31222534179688,19.49836158752441,58.82032775878906
2015-12-04 00:00:00-05:00,62.51138305664063,39.52236175537109,53.6181869506836,19.84617805480957,58.74168014526367
2015-12-07 00:00:00-05:00,60.818119049072266,37.82381820678711,52.217559814453125,19.93313789367676,57.23992538452149
2015-12-08 00:00:00-05:00,60.2327880859375,37.29108047485352,50.74213790893555,20.088844299316406,56.21778106689453
2015-12-09 00:00:00-05:00,61.04109954833984,37.42233276367188,51.42205047607422,19.97156143188477,56.70526123046875
2015-12-10 00:00:00-05:00,62.225677490234375,38.00138473510742,51.46284484863281,19.736980438232425,56.20206069946289
2015-12-11 00:00:00-05:00,60.2327880859375,37.15982437133789,50.54495620727539,19.69855690002441,54.8968620300293
2015-12-14 00:00:00-05:00,62.24658966064453,38.24073028564453,51.69400787353516,19.81382369995117,55.05412292480469
2015-12-15 00:00:00-05:00,64.63666534423828,39.03596115112305,54.0057258605957,19.96347045898437,56.48511505126953
2015-12-16 00:00:00-05:00,65.11052703857422,38.10176086425781,53.81534957885742,20.960424423217773,55.99764633178711
2015-12-17 00:00:00-05:00,63.08972930908203,36.50356674194336,53.00626754760742,20.911895751953125,54.40937042236328
2015-12-18 00:00:00-05:00,62.581050872802734,35.46128463745117,52.54391479492188,20.64900779724121,52.94693374633789
2015-12-21 00:00:00-05:00,62.18386459350586,34.82044219970703,52.530311584472656,20.687429428100582,53.426551818847656
2015-12-22 00:00:00-05:00,62.90157699584961,35.73149871826172,52.79549407958984,20.81077766418457,54.63740158081055
2015-12-23 00:00:00-05:00,65.3683090209961,37.85469818115234,54.52247619628906,21.02716064453125,55.83252334594727
2015-12-24 00:00:00-05:00,64.14192962646484,37.51498794555664,53.93774032592773,21.01704788208008,55.45511245727539
2015-12-28 00:00:00-05:00,62.96430587768555,36.434078216552734,53.536598205566406,21.02918243408203,55.36862182617188
2015-12-29 00:00:00-05:00,63.58444595336914,36.88188552856445,53.82215118408203,21.16265106201172,55.43939208984375
2015-12-30 00:00:00-05:00,62.77616882324219,35.97856903076172,53.10824966430664,21.215234756469727,54.75533676147461
2015-12-31 00:00:00-05:00,62.6855697631836,36.04805374145508,52.99945831298828,21.00896644592285,54.8418197631836
2016-01-04 00:00:00-05:00,61.912109375,36.19474411010742,52.66629409790039,20.94424819946289,54.39365768432617
2016-01-05 00:00:00-05:00,62.44170379638672,36.59621810913086,53.11505508422852,21.14849853515625,54.645267486572266
2016-01-06 00:00:00-05:00,59.974979400634766,35.01346206665039,52.6731071472168,21.07973861694336,53.22998809814453
2016-01-07 00:00:00-05:00,57.84968566894531,34.01750564575195,51.82999801635742,21.172765731811523,52.04273986816406
2016-01-08 00:00:00-05:00,57.2295036315918,33.423004150390625,50.7829475402832,21.26780891418457,51.16997909545898
2016-01-11 00:00:00-05:00,56.281829833984375,31.747596740722656,50.1030158996582,21.350719451904297,50.973411560058594
2016-01-12 00:00:00-05:00,57.24347305297852,31.075908660888672,51.12969207763672,21.31026840209961,50.90265655517578
2016-01-13 00:00:00-05:00,56.67206573486328,30.11081314086914,51.4356575012207,21.156591415405277,50.2815055847168
2016-01-14 00:00:00-05:00,59.55686569213867,31.84797096252441,53.79496383666992,21.37296295166016,50.855464935302734
2016-01-15 00:00:00-05:00,58.30260467529297,30.388751983642575,52.74788665771485,21.286008834838867,49.54241180419922
2016-01-19 00:00:00-05:00,56.79747772216797,28.103416442871094,51.94559097290039,21.801677703857425,49.39302062988281
2016-01-20 00:00:00-05:00,55.034549713134766,26.82950782775879,49.75625228881836,21.296119689941406,48.00919723510742
2016-01-21 00:00:00-05:00,56.47694396972656,28.49718475341797,50.38177490234375,21.241514205932617,48.31585311889648
2016-01-22 00:00:00-05:00,58.21204376220703,29.08395195007324,52.06117248535156,21.556983947753903,51.26433181762695
2016-01-25 00:00:00-05:00,56.365478515625,26.40486717224121,50.30019760131836,21.520584106445312,49.77044677734375
2016-01-26 00:00:00-05:00,58.61618423461914,27.292739868164062,52.14956665039063,21.54889869689941,51.36654281616211
2016-01-27 00:00:00-05:00,58.03781509399414,27.956727981567383,51.19088363647461,21.58327865600586,51.53953170776367
2016-01-28 00:00:00-05:00,59.87042999267578,29.354167938232425,52.34673309326172,21.900768280029297,54.65314102172852
2016-01-29 00:00:00-05:00,60.25367736816406,30.172578811645508,52.93147659301758,22.59035301208496,56.82318878173828
2016-02-01 00:00:00-05:00,59.431453704833984,29.80199241638184,51.87080001831055,22.847166061401367,56.186336517333984
2016-02-02 00:00:00-05:00,56.60934829711914,28.250120162963867,50.71493911743164,23.035240173339844,54.126312255859375
2016-02-03 00:00:00-05:00,58.96458053588867,29.825143814086918,53.359806060791016,23.20510482788086,55.69098281860352
2016-02-04 00:00:00-05:00,59.08304214477539,27.26958656311035,54.27770233154297,22.956371307373047,55.46297836303711
2016-02-05 00:00:00-05:00,57.75210952758789,25.40117835998535,54.44766998291016,22.974571228027344,54.10274124145508
2016-02-08 00:00:00-05:00,59.91922378540039,26.582448959350582,55.1819953918457,23.08781623840332,54.86540603637695
2016-02-09 00:00:00-05:00,57.77998352050781,25.926177978515625,54.94184875488281,23.326440811157227,53.3086051940918
2016-02-10 00:00:00-05:00,57.86362075805664,24.96881103515625,54.44100570678711,23.0008602142334,53.25357818603516
2016-02-11 00:00:00-05:00,57.82877349853516,24.8054141998291,54.612525939941406,22.62877655029297,54.11847686767578
2016-02-12 00:00:00-05:00,59.52902221679688,25.599069595336918,55.59364318847656,22.582258224487305,55.686641693115234
2016-02-16 00:00:00-05:00,59.846561431884766,25.49012565612793,55.72397613525391,22.71976661682129,56.8271484375
2016-02-17 00:00:00-05:00,62.31635284423828,26.38492774963379,56.25914001464844,22.53372383117676,57.76173400878906
2016-02-18 00:00:00-05:00,61.2014045715332,26.22152709960937,56.56787490844727,23.12017822265625,57.563720703125
2016-02-19 00:00:00-05:00,61.03910446166992,25.57571601867676,56.602195739746094,23.20510482788086,57.7142219543457
2016-02-22 00:00:00-05:00,62.67623901367188,26.805099487304688,56.5267219543457,23.397220611572266,58.90224838256836
2016-02-23 00:00:00-05:00,59.9171142578125,25.6146240234375,55.73086166381836,23.482152938842773,57.0885124206543
2016-02-24 00:00:00-05:00,60.1711540222168,25.64574432373047,55.929805755615234,23.63496398925781,57.19148254394531
2016-02-25 00:00:00-05:00,60.19231033325195,25.723552703857425,56.2660026550293,23.60235595703125,57.30234909057617
2016-02-26 00:00:00-05:00,59.5219612121582,26.548316955566406,56.08761215209961,22.925914764404297,57.39741516113281
2016-02-29 00:00:00-05:00,58.87982177734375,26.322683334350582,54.98989868164063,22.98703956604004,56.80340576171875
2016-03-01 00:00:00-05:00,60.77799606323242,26.812877655029297,55.765167236328125,22.942211151123047,58.61711883544922
2016-03-02 00:00:00-05:00,61.49073028564453,28.39238929748535,56.739402770996094,22.893310546875,58.93391418457031
2016-03-03 00:00:00-05:00,61.765926361083984,30.00302124023437,56.53357696533203,22.74254035949707,59.28240585327149
2016-03-04 00:00:00-05:00,62.04819488525391,31.99492645263672,56.45811462402344,23.28655433654785,59.26658248901367
2016-03-07 00:00:00-05:00,63.98168182373047,32.212799072265625,57.94691467285156,23.31914710998535,60.31995391845703
2016-03-08 00:00:00-05:00,62.61975860595703,30.049724578857425,56.69137573242188,23.522899627685547,57.579566955566406
2016-03-09 00:00:00-05:00,65.49884033203125,30.384302139282227,56.53357696533203,23.687938690185547,57.619171142578125
2016-03-10 00:00:00-05:00,66.28915405273438,30.36874008178711,56.38264083862305,23.571800231933597,57.95975112915039
2016-03-11 00:00:00-05:00,66.74077606201172,31.52809333801269,56.38949203491211,23.598285675048828,59.401214599609375
2016-03-14 00:00:00-04:00,66.51496124267578,31.131258010864254,56.54044723510742,23.60235595703125,58.16566848754883
2016-03-15 00:00:00-04:00,66.52201843261719,30.991209030151367,56.82172775268555,23.553466796875,57.99935531616211
2016-03-16 00:00:00-04:00,67.31941986083984,32.578495025634766,56.856048583984375,23.86316299438477,58.09439086914063
2016-03-17 00:00:00-04:00,68.370849609375,33.46552276611328,57.69991683959961,24.109699249267575,59.036865234375
2016-03-18 00:00:00-04:00,68.93539428710938,33.473297119140625,57.768550872802734,24.144336700439453,58.229034423828125
2016-03-21 00:00:00-04:00,68.05331420898438,33.13093948364258,57.37060546875,23.95485496520996,59.31409454345703
2016-03-22 00:00:00-04:00,67.3899917602539,32.617408752441406,57.71364212036133,23.84686088562012,58.30029678344727
2016-03-23 00:00:00-04:00,66.04218292236328,31.00675773620605,57.45980453491211,23.97930335998535,57.78548812866211
2016-03-24 00:00:00-04:00,66.93132781982422,31.154603958129883,57.61759948730469,24.140260696411133,57.48454666137695
2016-03-28 00:00:00-04:00,66.81134796142578,30.874494552612305,57.782257080078125,23.95688819885254,57.65877914428711
2016-03-29 00:00:00-04:00,67.26297760009766,30.827804565429688,57.99495697021485,24.24824905395508,57.81718826293945
2016-03-30 00:00:00-04:00,67.21356964111328,31.18572998046875,57.98807907104492,24.144336700439453,58.93391418457031
2016-03-31 00:00:00-04:00,67.31941986083984,31.33355712890625,57.35001754760742,24.111736297607425,58.41119766235352
2016-04-01 00:00:00-04:00,66.51496124267578,30.952293395996094,56.91778564453125,24.18712615966797,57.12019729614258
2016-04-04 00:00:00-04:00,65.92930603027344,30.42319107055664,57.05500793457031,24.18916702270508,57.53206253051758
2016-04-05 00:00:00-04:00,65.39299774169922,30.37651252746582,56.40321350097656,23.70627212524414,57.54789352416992
2016-04-06 00:00:00-04:00,66.92425537109375,31.70704841613769,57.15793991088867,23.779630661010746,57.94391250610352
2016-04-07 00:00:00-04:00,66.88897705078125,31.36469268798828,56.51298141479492,23.67367553710937,57.033084869384766
2016-04-08 00:00:00-04:00,67.97567749023438,32.080528259277344,57.08930587768555,23.800004959106445,58.49039840698242
2016-04-11 00:00:00-04:00,67.2065200805664,32.04940414428711,57.16477584838867,23.681827545166016,58.51414489746094
2016-04-12 00:00:00-04:00,68.8083724975586,33.823448181152344,57.87144470214844,23.848901748657227,60.11403274536133
2016-04-13 00:00:00-04:00,68.87187957763672,33.909034729003906,58.20078659057617,23.73276138305664,61.27829360961914
2016-04-14 00:00:00-04:00,69.1400375366211,34.40701675415039,58.6124153137207,23.665531158447266,61.11197280883789
2016-04-15 00:00:00-04:00,68.61076354980469,34.00239944458008,58.29682540893555,23.92632484436035,60.39918899536133
2016-04-18 00:00:00-04:00,69.64807891845703,35.01392364501953,58.85254669189453,23.995594024658203,61.341644287109375
2016-04-19 00:00:00-04:00,70.91827392578125,36.61677932739258,59.14756774902344,24.062841415405277,63.076171875
2016-04-20 00:00:00-04:00,71.75799560546875,36.63234329223633,59.5523681640625,23.535125732421875,64.23250579833984
2016-04-21 00:00:00-04:00,71.5533676147461,35.97096633911133,59.545501708984375,23.005380630493164,63.57514953613281
2016-04-22 00:00:00-04:00,71.98381042480469,37.052494049072266,60.053199768066406,23.31711196899414,63.30584716796875
2016-04-25 00:00:00-04:00,71.63097381591797,36.0020751953125,59.9160041809082,23.32322883605957,62.38713073730469
2016-04-26 00:00:00-04:00,72.181396484375,37.41043472290039,60.12180709838867,23.53716087341309,62.727664947509766
2016-04-27 00:00:00-04:00,73.2822036743164,37.43376922607422,60.69126892089844,23.81629943847656,63.83649826049805
2016-04-28 00:00:00-04:00,72.2590103149414,37.09139633178711,60.396240234375,23.73073005676269,63.187049865722656
2016-04-29 00:00:00-04:00,72.10377502441406,37.18478012084961,60.65010070800781,23.95688819885254,63.630592346191406
2016-05-02 00:00:00-04:00,72.90116119384766,36.45338821411133,61.15092849731445,24.05468368530273,62.88608932495117
2016-05-03 00:00:00-04:00,71.49691009521484,35.07615661621094,60.45113754272461,24.12803268432617,61.16741561889648
2016-05-04 00:00:00-04:00,70.98176574707031,33.7767448425293,60.33450698852539,24.339937210083008,59.97939682006836
2016-05-05 00:00:00-04:00,71.56745147705078,33.62113571166992,60.40311050415039,24.21564674377441,59.718017578125
2016-05-06 00:00:00-04:00,71.87794494628906,33.270999908447266,60.72557067871094,24.14230155944824,59.49626541137695
2016-05-09 00:00:00-04:00,70.81240844726562,32.40732192993164,60.766746520996094,24.22380256652832,57.635009765625
2016-05-10 00:00:00-04:00,71.46163177490234,33.35658645629883,61.7409782409668,24.368465423583984,58.815128326416016
2016-05-11 00:00:00-04:00,71.3698959350586,33.986839294433594,61.443477630615234,24.386795043945312,58.45873260498047
2016-05-12 00:00:00-04:00,72.06141662597656,34.02574920654297,62.03849411010742,24.684276580810547,58.68047332763672
2016-05-13 00:00:00-04:00,71.08763122558594,33.473297119140625,61.3397102355957,24.604814529418945,57.36572647094727
2016-05-16 00:00:00-04:00,72.181396484375,34.298072814941406,61.96928405761719,24.751510620117188,58.60918426513672
2016-05-17 00:00:00-04:00,71.8462142944336,34.064640045166016,61.941627502441406,24.405134201049805,59.306190490722656
2016-05-18 00:00:00-04:00,71.35418701171875,33.91596221923828,61.81708908081055,24.046539306640625,57.95183944702149
2016-05-19 00:00:00-04:00,71.2044448852539,33.93161392211914,62.34288787841797,24.12600326538086,58.76760482788086
2016-05-20 00:00:00-04:00,71.16163635253906,34.10377883911133,62.0869255065918,24.31344985961914,59.36952972412109
2016-05-23 00:00:00-04:00,70.86927032470703,34.11159896850586,61.990047454833984,24.040424346923828,59.40911865234375
2016-05-24 00:00:00-04:00,71.44686126708984,34.00988006591797,62.03849411010742,24.42754554748535,59.892276763916016
2016-05-25 00:00:00-04:00,72.5736083984375,35.136749267578125,62.4466667175293,24.26658821105957,61.70597457885742
2016-05-26 00:00:00-04:00,72.38105010986328,35.00371551513672,62.12841796875,24.59293365478516,61.68220901489258
2016-05-27 00:00:00-04:00,72.75186920166016,34.69070053100586,62.273704528808594,24.597034454345703,61.51482009887695
2016-05-31 00:00:00-04:00,72.02450561523438,34.268123626708984,61.58877182006836,24.65450859069824,60.82130432128906
2016-06-01 00:00:00-04:00,72.11719512939453,34.47941207885742,61.74098587036133,24.66066551208496,60.47057723999024
2016-06-02 00:00:00-04:00,71.68931579589844,34.729820251464844,61.249755859375,24.59088516235352,60.143741607666016
2016-06-03 00:00:00-04:00,71.78205871582031,34.57330703735352,61.13907241821289,24.99932861328125,60.28724670410156
2016-06-06 00:00:00-04:00,72.14574432373047,35.621925354003906,61.81016540527344,24.989063262939453,63.0452995300293
2016-06-07 00:00:00-04:00,73.67890930175781,37.20269393920898,62.75800704956055,24.85770606994629,63.85042190551758
2016-06-08 00:00:00-04:00,73.51492309570312,37.16357421875,62.81336212158203,25.22920799255371,64.41637420654297
2016-06-09 00:00:00-04:00,73.31524658203125,36.4436149597168,62.73031997680664,25.44677352905273,63.73881530761719
2016-06-10 00:00:00-04:00,72.72335815429688,34.831565856933594,62.252960205078125,25.415979385375977,62.59892272949219
2016-06-13 00:00:00-04:00,72.8089370727539,34.338531494140625,62.67497253417969,25.36671638488769,61.88948059082031
2016-06-14 00:00:00-04:00,72.22417449951172,34.682861328125,62.56428527832031,25.65202140808105,61.7459831237793
2016-06-15 00:00:00-04:00,71.7606430053711,34.20551300048828,62.37748336791992,25.41803550720215,61.259742736816406
2016-06-16 00:00:00-04:00,72.07439422607422,33.77510070800781,63.11085891723633,25.625328063964844,60.85320663452149
2016-06-17 00:00:00-04:00,72.43096923828125,34.54983901977539,62.76493453979492,25.676654815673828,61.77785873413086
2016-06-20 00:00:00-04:00,73.17262268066406,34.972408294677734,63.04166412353516,25.500133514404297,61.849609375
2016-06-21 00:00:00-04:00,73.62187194824219,35.058494567871094,63.32532501220703,25.506288528442383,62.59096145629883
2016-06-22 00:00:00-04:00,72.94441986083984,34.42463302612305,63.07624816894531,25.37698554992676,62.39166259765625
2016-06-23 00:00:00-04:00,74.47763061523438,35.7080192565918,63.51213073730469,25.4118766784668,63.443878173828125
2016-06-24 00:00:00-04:00,72.66629028320312,33.782928466796875,61.84477615356445,25.40983009338379,61.10830307006836
2016-06-27 00:00:00-04:00,71.568115234375,31.912628173828125,61.478065490722656,26.247238159179688,59.8408432006836
2016-06-28 00:00:00-04:00,72.47376251220703,32.82821273803711,62.89635467529297,26.36628532409668,61.08437728881836
2016-06-29 00:00:00-04:00,73.750244140625,34.36202621459961,63.968746185302734,26.220558166503903,62.04093551635742
2016-06-30 00:00:00-04:00,74.75572967529297,34.11942672729492,64.85433197021484,26.76446533203125,63.03733825683594
2016-07-01 00:00:00-04:00,74.27082824707031,34.04899978637695,64.92350006103516,26.6269474029541,63.38807678222656
2016-07-05 00:00:00-04:00,73.85721588134766,32.632568359375,64.356201171875,26.860939025878903,61.88149642944336
2016-07-06 00:00:00-04:00,74.57746124267578,32.789085388183594,65.09648132324219,26.865039825439453,62.22428131103516
2016-07-07 00:00:00-04:00,73.48639678955078,32.48388671875,64.31466674804688,26.339603424072266,61.93731689453125
2016-07-08 00:00:00-04:00,74.71293640136719,33.10210418701172,64.71595764160156,26.66799736022949,62.76632308959961
2016-07-11 00:00:00-04:00,75.15505981445312,33.219482421875,64.95809173583984,26.61874008178711,62.19239807128906
2016-07-12 00:00:00-04:00,76.14630889892578,34.27594375610352,65.69145202636719,26.134353637695312,63.4917106628418
2016-07-13 00:00:00-04:00,76.05360412597656,33.54815673828125,65.64302062988281,26.306760787963867,62.8779182434082
2016-07-14 00:00:00-04:00,76.08924865722656,33.665550231933594,65.69145202636719,26.115880966186523,63.05329895019531
2016-07-15 00:00:00-04:00,76.32459259033203,33.60294723510742,65.80908203125,26.185670852661133,63.2525634765625
2016-07-18 00:00:00-04:00,75.65425872802734,33.42295455932617,65.60151672363281,26.32317924499512,63.53157043457031
2016-07-19 00:00:00-04:00,75.61860656738281,32.796905517578125,65.359375,26.290340423583984,63.619258880615234
2016-07-20 00:00:00-04:00,75.2977066040039,32.89081573486328,64.98577117919922,26.10972595214844,64.24897003173828
2016-07-21 00:00:00-04:00,75.15505981445312,32.30826568603516,64.930419921875,26.325239181518555,63.7866439819336
2016-07-22 00:00:00-04:00,75.34761810302734,32.08782196044922,65.04112243652344,26.64337158203125,65.05408477783203
2016-07-25 00:00:00-04:00,73.50064849853516,31.67847442626953,63.78886795043945,26.57769012451172,64.33668518066406
2016-07-26 00:00:00-04:00,73.22254180908203,32.11144256591797,63.32532501220703,26.360126495361328,64.24897003173828
2016-07-27 00:00:00-04:00,72.92301177978516,31.544633865356445,62.89635467529297,26.10151481628418,63.675052642822266
2016-07-28 00:00:00-04:00,72.58787536621094,31.694225311279297,62.40517044067383,26.1528263092041,63.01343536376953
2016-07-29 00:00:00-04:00,73.07991790771484,32.13505554199219,61.54034423828125,26.33139038085937,64.18521118164062
2016-08-01 00:00:00-04:00,70.67671966552734,31.18249893188477,59.40253448486328,26.374492645263672,62.54312896728516
2016-08-02 00:00:00-04:00,71.01900482177734,31.32421112060547,60.21890640258789,26.1959228515625,62.88587951660156
2016-08-03 00:00:00-04:00,71.74639129638672,31.733577728271484,60.53023910522461,26.290340423583984,63.4677848815918
2016-08-04 00:00:00-04:00,71.58948516845703,31.56825256347656,60.52333450317383,26.15898323059082,64.08161163330078
2016-08-05 00:00:00-04:00,71.67508697509766,31.961870193481445,60.57865905761719,25.859315872192383,64.72725677490234
2016-08-08 00:00:00-04:00,72.16710662841797,32.717628479003906,61.29126739501953,25.859315872192383,65.7635269165039
2016-08-09 00:00:00-04:00,72.2527084350586,32.465721130371094,61.36737823486328,25.87574005126953,65.22945404052734
2016-08-10 00:00:00-04:00,71.4112319946289,31.961870193481445,60.2928352355957,25.937313079833984,64.44825744628906
2016-08-11 00:00:00-04:00,72.30974578857422,32.58379364013672,60.5091552734375,26.07072639465332,64.96641540527344
2016-08-12 00:00:00-04:00,72.8517074584961,32.568050384521484,61.297611236572266,26.023515701293945,64.72725677490234
2016-08-15 00:00:00-04:00,73.28670501708984,33.20572280883789,61.26970291137695,25.72180557250977,65.39686584472656
2016-08-16 00:00:00-04:00,73.17972564697266,33.74103164672852,61.3464469909668,25.44881629943848,65.30119323730469
2016-08-17 00:00:00-04:00,73.66255950927734,34.008689880371094,61.47902297973633,25.82032012939453,65.53237915039062
2016-08-18 00:00:00-04:00,74.6209945678711,34.31571960449219,62.03721237182617,26.05841636657715,66.8476333618164
2016-08-19 00:00:00-04:00,73.73461151123047,34.10315704345703,61.2627182006836,25.67254066467285,66.40921783447266
2016-08-22 00:00:00-04:00,73.4607925415039,33.559959411621094,61.39528274536133,25.66433334350586,65.40482330322266
2016-08-23 00:00:00-04:00,73.27344512939453,34.024436950683594,61.20688629150391,25.506288528442383,65.1656723022461
2016-08-24 00:00:00-04:00,73.64813995361328,33.81975173950195,61.41622161865234,25.48166275024414,64.8309326171875
2016-08-25 00:00:00-04:00,73.42474365234375,33.67803955078125,61.025482177734375,25.555551528930664,64.8388442993164
2016-08-26 00:00:00-04:00,73.01399230957031,33.300174713134766,60.89290237426758,25.138036727905277,64.48811340332031
2016-08-29 00:00:00-04:00,73.5400619506836,33.33955764770508,61.29062271118164,25.286849975585938,64.67942810058594
2016-08-30 00:00:00-04:00,73.28783416748047,33.24507522583008,61.06733703613281,25.055355072021484,64.28089141845703
2016-08-31 00:00:00-04:00,72.48075103759766,32.31612777709961,60.80219650268555,24.99747657775879,62.97358322143555
2016-09-01 00:00:00-04:00,72.214111328125,31.961870193481445,60.59286117553711,25.0098819732666,62.94169998168945
2016-09-02 00:00:00-04:00,72.73294067382812,32.21378326416016,60.99757766723633,25.45013999938965,63.0139045715332
2016-09-06 00:00:00-04:00,73.81390380859375,32.27676010131836,61.799991607666016,25.89659118652344,63.19839477539063
2016-09-07 00:00:00-04:00,74.13817596435547,32.65464782714844,61.56972122192383,25.84906005859375,63.06203079223633
2016-09-08 00:00:00-04:00,75.03175354003906,34.07167434692383,62.13489532470703,25.915197372436523,63.6796989440918
2016-09-09 00:00:00-04:00,72.97797393798828,33.26081848144531,60.59286117553711,24.98094749450684,62.219688415527344
2016-09-12 00:00:00-04:00,73.6842041015625,33.59144973754883,60.9068603515625,25.48321533203125,63.21443939208984
2016-09-13 00:00:00-04:00,71.65202331542969,32.28464126586914,59.45553970336914,25.121492385864254,61.83462905883789
2016-09-14 00:00:00-04:00,70.92417907714844,31.481660842895508,59.02989959716797,25.237245559692383,61.26506805419922
2016-09-15 00:00:00-04:00,71.70243835449219,31.513147354125977,59.36483383178711,25.367462158203125,61.61001586914063
2016-09-16 00:00:00-04:00,70.50621032714844,31.387191772460938,58.63218688964844,25.489410400390625,61.23299026489258
2016-09-19 00:00:00-04:00,70.65032958984375,30.922727584838867,58.49262237548828,25.78291320800781,60.936161041259766
2016-09-20 00:00:00-04:00,70.40533447265625,30.71017074584961,57.592529296875,25.851123809814453,60.462852478027344
2016-09-21 00:00:00-04:00,71.796142578125,31.536771774291992,58.12282943725586,26.423660278320312,61.417476654052734
2016-09-22 00:00:00-04:00,72.04837036132812,32.29251480102539,58.29029846191406,26.46293258666992,61.77849197387695
2016-09-23 00:00:00-04:00,71.50068664550781,31.44230842590332,58.22749328613281,26.19837188720703,60.90407943725586
2016-09-26 00:00:00-04:00,71.18360900878906,31.505281448364254,57.955360412597656,26.09088706970215,60.63131713867188
2016-09-27 00:00:00-04:00,71.3277359008789,31.040796279907227,58.08095550537109,26.20663452148437,60.43075180053711
2016-09-28 00:00:00-04:00,73.61213684082031,33.20572280883789,60.63473892211914,26.142560958862305,62.58070755004883
2016-09-29 00:00:00-04:00,72.97797393798828,34.37083053588867,60.32773971557617,25.567951202392575,62.06728744506836
2016-09-30 00:00:00-04:00,74.16699981689453,34.22126007080078,60.899879455566406,25.28271484375,63.08609390258789
2016-10-03 00:00:00-04:00,73.82826232910156,34.18975830078125,60.73939514160156,25.036752700805664,63.29465866088867
2016-10-04 00:00:00-04:00,72.97797393798828,33.74889373779297,60.18119430541992,24.57582664489746,63.00587463378906
2016-10-05 00:00:00-04:00,73.6697769165039,34.56763458251953,60.70452499389648,24.50141716003418,64.29745483398438
2016-10-06 00:00:00-04:00,73.63374328613281,35.047855377197266,60.7324333190918,24.396005630493164,65.31624603271484
2016-10-07 00:00:00-04:00,73.69857788085938,34.811676025390625,60.5230827331543,25.16283226013184,65.22798919677734
2016-10-10 00:00:00-04:00,74.93087005615234,34.94550704956055,61.709285736083984,25.37779235839844,66.04624938964844
2016-10-11 00:00:00-04:00,74.25349426269531,34.11103820800781,61.22086334228516,25.040889739990234,65.5328369140625
2016-10-12 00:00:00-04:00,73.61213684082031,34.22126007080078,60.79522705078125,25.41913604736328,65.3322982788086
2016-10-13 00:00:00-04:00,72.63209533691406,33.374027252197266,60.397499084472656,25.760177612304688,65.40450286865234
2016-10-14 00:00:00-04:00,72.84104919433594,32.99397277832031,60.3835563659668,25.63616180419922,65.23602294921875
2016-10-17 00:00:00-04:00,73.04283905029297,32.54264831542969,60.3835563659668,25.64236259460449,64.9632568359375
2016-10-18 00:00:00-04:00,73.3526840209961,32.18634414672852,60.54402160644531,25.859390258789062,65.29218292236328
2016-10-19 00:00:00-04:00,73.69857788085938,33.03355407714844,60.823123931884766,25.74984169006348,66.93671417236328
2016-10-20 00:00:00-04:00,73.41034698486328,32.851444244384766,60.851051330566406,25.656835556030277,66.5757064819336
2016-10-21 00:00:00-04:00,72.99959564208984,32.89104080200195,60.43937301635742,25.57002258300781,64.55412292480469
2016-10-24 00:00:00-04:00,72.53840637207031,33.44529724121094,60.641727447509766,25.708505630493164,64.42578887939453
2016-10-25 00:00:00-04:00,72.61764526367188,33.10481262207031,60.5091552734375,25.94413375854492,64.35359191894531
2016-10-26 00:00:00-04:00,72.92030334472656,33.09690475463867,60.76731491088867,26.084692001342773,64.19314575195312
2016-10-27 00:00:00-04:00,72.00511932373047,34.83884048461914,60.648685455322266,25.86145782470703,63.85620880126953
2016-10-28 00:00:00-04:00,74.81558227539062,35.60688018798828,59.15551376342773,25.98753929138184,63.53531646728516
2016-10-31 00:00:00-04:00,75.48575592041016,34.40336608886719,58.13677597045898,26.45673942565918,62.7572021484375
2016-11-01 00:00:00-04:00,76.73246002197266,34.47461700439453,58.36704635620117,26.020612716674805,63.13423538208008
2016-11-02 00:00:00-04:00,75.94696807861328,34.22916793823242,58.22749328613281,25.563817977905277,62.380149841308594
2016-11-03 00:00:00-04:00,75.94696807861328,34.52213287353516,58.37401580810547,25.59689712524414,62.94169998168945
2016-11-04 00:00:00-04:00,75.50735473632812,33.85701370239258,58.31121444702149,25.460474014282227,62.444332122802734
2016-11-07 00:00:00-05:00,76.99906158447266,34.7755012512207,59.62299728393555,25.76638412475586,63.97654342651367
2016-11-08 00:00:00-05:00,77.3161392211914,35.10014343261719,60.05240249633789,25.871797561645508,64.04874420166016
2016-11-09 00:00:00-05:00,77.56839752197266,36.20864486694336,60.7140998840332,24.28438377380371,64.12897491455078
2016-11-10 00:00:00-05:00,77.67646026611328,35.45644760131836,61.27722930908203,23.782121658325195,64.08081817626953
2016-11-11 00:00:00-05:00,76.84774017333984,34.79133224487305,60.30582046508789,23.46794891357422,63.10213470458984
2016-11-14 00:00:00-05:00,76.81170654296875,34.94178009033203,60.0312728881836,23.65397453308105,63.14223861694336
2016-11-15 00:00:00-05:00,78.51957702636719,35.85234832763672,61.11533737182617,23.77591896057129,65.107666015625
2016-11-16 00:00:00-05:00,78.8616943359375,35.13972854614258,60.36214447021485,23.622966766357425,65.01141357421875
2016-11-17 00:00:00-05:00,78.69425964355469,34.5300407409668,59.99608612060547,23.72425079345703,64.25731658935547
2016-11-18 00:00:00-05:00,79.48033905029297,35.44060516357422,60.0312728881836,23.581626892089844,64.1771011352539
2016-11-21 00:00:00-05:00,80.19364166259766,36.707462310791016,60.88301467895508,23.635366439819336,65.54891204833984
2016-11-22 00:00:00-05:00,80.51388549804688,36.47786331176758,61.01679229736328,23.70826911926269,65.38041687011719
2016-11-23 00:00:00-05:00,80.79044342041016,36.65996551513672,61.18572235107422,23.62287712097168,65.30020904541016
2016-11-25 00:00:00-05:00,80.79044342041016,36.224491119384766,61.32651519775391,23.901966094970703,65.21194458007812
2016-11-28 00:00:00-05:00,80.4265365600586,36.02653503417969,60.86896514892578,24.22272109985352,65.02745819091797
2016-11-29 00:00:00-05:00,79.58224487304688,35.02095031738281,60.46771240234375,24.42474174499512,64.11294555664062
2016-11-30 00:00:00-05:00,81.19805908203125,38.417728424072266,61.45323181152344,23.791576385498047,67.42605590820312
2016-12-01 00:00:00-05:00,82.45721435546875,38.18021774291992,61.41098785400391,23.52497673034668,67.87532043457031
2016-12-02 00:00:00-05:00,82.24613952636719,38.10102844238281,61.27019500732422,23.829078674316406,68.19619750976562
2016-12-05 00:00:00-05:00,82.42811584472656,38.70278930664063,61.57992172241211,23.951953887939453,68.13164520263672
2016-12-06 00:00:00-05:00,82.07147216796875,39.51041793823242,61.6362419128418,23.899883270263672,67.75237274169922
2016-12-07 00:00:00-05:00,83.29422760009766,39.51041793823242,61.995235443115234,24.51013946533203,68.06707763671875
2016-12-08 00:00:00-05:00,83.82555389404297,39.4153938293457,62.171234130859375,24.34143829345703,68.16390991210938
2016-12-09 00:00:00-05:00,84.29139709472656,40.19927215576172,62.6499137878418,24.26228904724121,68.41407775878906
2016-12-12 00:00:00-05:00,85.26670837402344,40.6822624206543,64.04368591308594,24.462236404418945,68.59967803955078
2016-12-13 00:00:00-05:00,85.46321868896484,41.67992782592773,65.16999816894531,24.789236068725582,69.50347137451172
2016-12-14 00:00:00-05:00,84.40055084228516,40.76937103271485,63.76212692260742,24.166481018066406,68.72071075439453
2016-12-15 00:00:00-05:00,85.19391632080078,40.967315673828125,63.9803466796875,24.3747615814209,68.81754302978516
2016-12-16 00:00:00-05:00,85.9435806274414,41.12566375732422,64.18446350097656,24.764238357543945,68.9950942993164
2016-12-19 00:00:00-05:00,85.63062286376953,41.15733337402344,63.64948272705078,24.83088493347168,68.68844604492188
2016-12-20 00:00:00-05:00,85.84896087646484,40.81687545776367,63.65652084350586,24.84754753112793,68.81754302978516
2016-12-21 00:00:00-05:00,85.81986236572266,40.76144790649414,63.55094528198242,24.70175170898437,69.5276870727539
2016-12-22 00:00:00-05:00,86.44579315185547,40.8089485168457,63.96623992919922,24.764238357543945,69.70520782470703
2016-12-23 00:00:00-05:00,86.19104766845703,40.67436218261719,63.8536262512207,24.83297348022461,69.00316619873047
2016-12-27 00:00:00-05:00,86.04549407958984,40.8564567565918,63.881778717041016,24.83713722229004,68.94666290283203
2016-12-28 00:00:00-05:00,85.81986236572266,40.19927215576172,63.56500244140625,24.71217155456543,68.29300689697266
2016-12-29 00:00:00-05:00,85.75434112548828,40.01716613769531,63.6002082824707,25.03083610534668,67.946044921875
2016-12-30 00:00:00-05:00,85.66699981689453,39.70045471191406,63.536869049072266,24.88087272644043,67.7442855834961
2017-01-03 00:00:00-05:00,85.77618408203125,40.07259368896485,63.9803466796875,24.726747512817383,68.43022155761719
2017-01-04 00:00:00-05:00,85.75434112548828,40.44473648071289,63.276405334472656,24.799640655517575,68.93860626220703
2017-01-05 00:00:00-05:00,85.38314056396484,40.325958251953125,62.3331184387207,24.785066604614254,68.83369445800781
2017-01-06 00:00:00-05:00,85.04104614257812,40.17552947998047,62.29792404174805,24.71217155456543,69.78592681884766
2017-01-09 00:00:00-05:00,84.31321716308594,39.32039260864258,61.27019500732422,24.64968681335449,69.21295166015625
2017-01-10 00:00:00-05:00,83.6727066040039,39.32039260864258,60.48884201049805,24.697587966918945,68.26880645751953
2017-01-11 00:00:00-05:00,84.37873077392578,40.55558395385742,61.10829544067383,24.870458602905277,69.12417602539062
2017-01-12 00:00:00-05:00,84.54611206054688,39.7083625793457,60.77745056152344,24.88920021057129,68.85791778564453
2017-01-13 00:00:00-05:00,84.70624542236328,40.0567741394043,60.78447723388672,24.79547882080078,68.44634246826172
2017-01-17 00:00:00-05:00,84.63346862792969,39.7083625793457,61.49546813964844,25.03916549682617,69.74555969238281
2017-01-18 00:00:00-05:00,84.3860092163086,39.80337524414063,60.73521423339844,24.999589920043945,70.59288024902344
2017-01-19 00:00:00-05:00,84.12397766113281,39.47874069213867,59.64411926269531,24.843385696411133,70.36691284179688
2017-01-20 00:00:00-05:00,84.1385498046875,40.1676025390625,60.46066284179688,24.839216232299805,69.7939682006836
2017-01-23 00:00:00-05:00,83.98567962646484,39.54208755493164,59.81306457519531,24.739238739013672,68.00252532958984
2017-01-24 00:00:00-05:00,84.698974609375,39.80337524414063,59.89754104614258,24.74548721313477,68.252685546875
2017-01-25 00:00:00-05:00,85.33220672607422,40.135929107666016,60.073524475097656,24.789236068725582,69.00316619873047
2017-01-26 00:00:00-05:00,84.82999420166016,40.08841323852539,60.256534576416016,24.73299598693848,68.49476623535156
2017-01-27 00:00:00-05:00,82.82113647460938,39.13825988769531,60.19317626953125,25.278682708740234,68.1881103515625
2017-01-30 00:00:00-05:00,81.38729095458984,37.59427261352539,59.73564529418945,25.503623962402344,67.46991729736328
2017-01-31 00:00:00-05:00,81.04521942138672,38.60776519775391,59.05280303955078,25.76813697814941,67.5506362915039
2017-02-01 00:00:00-05:00,80.79044342041016,38.40190124511719,58.38407897949219,25.53903007507324,67.1148681640625
2017-02-02 00:00:00-05:00,81.67115020751953,38.55236053466797,58.74308013916016,25.71398162841797,66.52580261230469
2017-02-03 00:00:00-05:00,82.66101837158203,39.9300651550293,58.806434631347656,25.870193481445312,66.5741958618164
2017-02-06 00:00:00-05:00,82.23159790039062,39.66085815429688,58.64453887939453,25.79729461669922,65.92057037353516
2017-02-07 00:00:00-05:00,81.07432556152344,39.1303596496582,58.264408111572266,25.89518547058105,65.42024230957031
2017-02-08 00:00:00-05:00,81.21263122558594,39.27288436889648,57.88081741333008,26.30549430847168,65.46060943603516
2017-02-09 00:00:00-05:00,81.70753479003906,39.439151763916016,58.13655471801758,25.96183586120605,65.53323364257812
2017-02-10 00:00:00-05:00,82.28255462646484,39.91279983520508,58.61957931518555,26.13262367248535,66.29983520507812
2017-02-13 00:00:00-05:00,82.90849304199219,39.56254196166992,58.960575103759766,26.24301147460937,66.42976379394531
2017-02-14 00:00:00-05:00,82.6806869506836,39.91279983520508,58.83272552490234,26.24301147460937,66.94935607910156
2017-02-15 00:00:00-05:00,82.71743774414062,39.29188919067383,59.07423782348633,26.095134735107425,66.37291717529297
2017-02-16 00:00:00-05:00,81.32865142822266,38.479942321777344,58.46331787109375,26.282588958740234,65.8695297241211
2017-02-17 00:00:00-05:00,81.07147216796875,37.81923294067383,58.07972717285156,26.4221248626709,65.47981262207031
2017-02-21 00:00:00-05:00,82.09284210205078,38.312774658203125,58.17205810546875,26.71371841430664,65.5041732788086
2017-02-22 00:00:00-05:00,81.10819244384766,37.49287414550781,57.490116119384766,26.75121116638184,64.70850372314453
2017-02-23 00:00:00-05:00,81.57847595214844,37.65206527709961,58.09391403198242,26.90324592590332,65.33367919921875
2017-02-24 00:00:00-05:00,80.91715240478516,37.44511032104492,57.59666061401367,27.48523712158203,65.07386779785156
2017-02-27 00:00:00-05:00,82.11489868164062,37.699832916259766,57.92344665527344,27.2564697265625,65.81267547607422
2017-02-28 00:00:00-05:00,82.666015625,37.86701202392578,57.76715469360352,27.493629455566406,65.24436950683594
2017-03-01 00:00:00-05:00,83.6800308227539,39.045108795166016,58.97476959228516,27.159934997558597,66.79509735107422
2017-03-02 00:00:00-05:00,83.29792022705078,38.37644577026367,59.17366409301758,27.48104286193848,65.72337341308594
2017-03-03 00:00:00-05:00,83.43755340576172,38.06600570678711,58.57696533203125,27.4516544342041,65.5204086303711
2017-03-06 00:00:00-05:00,83.15830993652344,38.46403121948242,58.839805603027344,27.418073654174805,65.53665924072266
2017-03-07 00:00:00-05:00,82.15896606445312,37.98641204833984,58.61957931518555,27.42017364501953,64.91148376464844
2017-03-08 00:00:00-05:00,80.54240417480469,36.54558181762695,57.56117248535156,27.166223526000977,63.40947723388672
2017-03-09 00:00:00-05:00,80.85838317871094,36.99934387207031,58.01577758789063,27.021411895751957,63.8966178894043
2017-03-10 00:00:00-05:00,81.27721405029297,36.35455322265625,57.97313690185547,27.29634094238281,63.88849258422852
2017-03-13 00:00:00-04:00,80.35134887695312,36.4898796081543,57.838191986083984,27.380298614501957,63.80731964111328
2017-03-14 00:00:00-04:00,78.88907623291016,35.77345657348633,57.53273391723633,27.40338706970215,63.63681411743164
2017-03-15 00:00:00-04:00,80.00599670410156,36.4898796081543,58.25021362304688,27.68251037597656,65.15503692626953
2017-03-16 00:00:00-04:00,79.2564926147461,36.4898796081543,58.2999267578125,27.26276969909668,64.66792297363281
2017-03-17 00:00:00-04:00,79.12422943115234,36.3704719543457,58.25021362304688,27.332029342651367,64.58671569824219
2017-03-20 00:00:00-04:00,79.10953521728516,36.50579452514648,58.25021362304688,27.26067352294922,64.07522583007812
2017-03-21 00:00:00-04:00,79.38874053955078,35.96449661254883,58.12943649291992,27.672025680541992,63.88849258422852
2017-03-22 00:00:00-04:00,79.64593505859375,35.5426025390625,58.07972717285156,27.7895565032959,63.63681411743164
2017-03-23 00:00:00-04:00,79.26382446289062,35.407283782958984,58.15074920654297,27.722389221191406,63.060340881347656
2017-03-24 00:00:00-04:00,79.35201263427734,35.10478210449219,57.7032356262207,27.87140464782715,62.48390197753906
2017-03-27 00:00:00-04:00,78.09548950195312,35.256046295166016,57.71744918823242,27.514617919921875,62.53260803222656
2017-03-28 00:00:00-04:00,78.74946594238281,36.12371444702149,58.13655471801758,27.548194885253903,63.5799674987793
2017-03-29 00:00:00-04:00,79.41081237792969,36.57744598388672,58.264408111572266,27.399188995361328,63.87224960327149
2017-03-30 00:00:00-04:00,79.19770812988281,39.80134582519531,59.45782852172852,26.891286849975582,63.19837188720703
2017-03-31 00:00:00-04:00,78.89641571044922,39.69785690307617,58.25730514526367,26.9416561126709,63.40947723388672
2017-04-03 00:00:00-04:00,79.21240997314453,39.36352157592773,58.2999267578125,27.015113830566406,63.08471298217773
2017-04-04 00:00:00-04:00,79.8443374633789,39.58642959594727,58.51305770874024,27.18720817565918,63.49877166748047
2017-04-05 00:00:00-04:00,79.82964324951172,39.0928840637207,58.626708984375,27.418073654174805,63.57184982299805
2017-04-06 00:00:00-04:00,80.3072738647461,39.65009689331055,58.96767044067383,27.23338508605957,63.831668853759766
2017-04-07 00:00:00-04:00,79.99129486083984,39.435184478759766,58.79008865356445,27.059186935424805,63.59621810913086
2017-04-10 00:00:00-04:00,80.41011810302734,39.92074966430664,59.05291748046875,27.164125442504883,63.90472412109375
2017-04-11 00:00:00-04:00,80.0721206665039,39.92074966430664,58.84690475463867,27.141042709350582,64.66792297363281
2017-04-12 00:00:00-04:00,80.0721206665039,39.355567932128906,58.939266204833984,27.390789031982425,64.60295867919922
2017-04-13 00:00:00-04:00,77.96322631835938,38.702823638916016,58.02999114990234,27.445358276367188,63.45005798339844
2017-04-17 00:00:00-04:00,78.01465606689453,38.96551513671875,57.95185852050781,27.474742889404297,63.52310943603516
2017-04-18 00:00:00-04:00,77.65460968017578,38.75856018066406,57.57535934448242,27.6909122467041,63.27143859863281
2017-04-19 00:00:00-04:00,76.58915710449219,38.20929336547852,57.17753601074219,27.59856605529785,62.09418869018555
2017-04-20 00:00:00-04:00,77.06675720214844,38.16949844360352,57.54694747924805,27.466346740722656,62.11855697631836
2017-04-21 00:00:00-04:00,77.07411193847656,38.002323150634766,57.319618225097656,27.917573928833008,60.76266860961914
2017-04-24 00:00:00-04:00,77.83829498291016,38.137657165527344,57.61798858642578,27.860912322998047,60.16184997558594
2017-04-25 00:00:00-04:00,78.4261474609375,38.83816146850586,58.05841827392578,27.89659118652344,60.15373229980469
2017-04-26 00:00:00-04:00,77.94852447509766,38.479942321777344,57.823978424072266,27.877704620361328,60.16999816894531
2017-04-27 00:00:00-04:00,77.50032043457031,38.097843170166016,57.72452926635742,28.022520065307617,59.13887023925781
2017-04-28 00:00:00-04:00,78.40409088134766,38.137657165527344,58.0015754699707,28.030908584594727,58.93589401245117
2017-05-01 00:00:00-04:00,77.83096313476562,37.79535675048828,58.29283142089844,27.92176818847656,58.700443267822266
2017-05-02 00:00:00-04:00,77.4194564819336,37.17445373535156,58.28572082519531,28.127450942993164,58.01032638549805
2017-05-03 00:00:00-04:00,78.41880798339844,37.476959228515625,58.74746322631836,27.988937377929688,58.07526779174805
2017-05-04 00:00:00-04:00,77.01531219482422,36.55355453491211,57.99446487426758,28.19460678100586,57.59625625610352
2017-05-05 00:00:00-04:00,77.73544311523438,37.23017120361328,58.264408111572266,28.192514419555664,58.43252944946289
2017-05-08 00:00:00-04:00,78.389404296875,37.51675415039063,58.882415771484375,28.322633743286133,58.63548278808594
2017-05-09 00:00:00-04:00,77.2137222290039,36.83216857910156,58.47042083740234,28.074981689453125,58.68422317504883
2017-05-10 00:00:00-04:00,78.25713348388672,37.898834228515625,58.73573684692383,28.158937454223636,59.0008544921875
2017-05-11 00:00:00-04:00,78.04405212402344,37.95887756347656,59.23768997192383,28.257566452026367,58.27825546264648
2017-05-12 00:00:00-04:00,77.8603515625,37.598663330078125,59.194671630859375,28.448558807373047,57.66122055053711
2017-05-15 00:00:00-04:00,78.51432800292969,37.974884033203125,59.373931884765625,28.570289611816406,58.456878662109375
2017-05-16 00:00:00-04:00,78.80826568603516,37.72674560546875,59.194671630859375,28.52201461791992,57.94538497924805
2017-05-17 00:00:00-04:00,77.71709442138672,37.150386810302734,58.79310989379883,28.6374454498291,57.63684844970703
2017-05-18 00:00:00-04:00,78.06595611572266,37.15839767456055,58.62099838256836,28.74028968811035,57.99409103393555
2017-05-19 00:00:00-04:00,79.06805419921875,38.00690841674805,58.75006866455078,28.81373405456543,58.25389862060547
2017-05-22 00:00:00-04:00,78.7711410522461,37.566650390625,59.00823593139648,29.036209106445312,58.36756134033203
2017-05-23 00:00:00-04:00,78.8824691772461,37.43055725097656,59.21616744995117,29.16423988342285,58.52994155883789
2017-05-24 00:00:00-04:00,78.84538269042969,37.3585090637207,59.00823593139648,29.413986206054688,57.93722915649414
2017-05-25 00:00:00-04:00,78.02143096923828,36.06173324584961,58.62099838256836,29.738000869750977,56.33781814575195
2017-05-26 00:00:00-04:00,77.7319564819336,36.301876068115234,58.47760009765625,29.740108489990234,56.90613555908203
2017-05-30 00:00:00-04:00,77.2420425415039,35.85361862182617,58.154903411865234,29.72743034362793,56.2110595703125
2017-05-31 00:00:00-04:00,76.81150817871094,35.7735595703125,57.72465896606445,29.894411087036133,56.90614318847656
2017-06-01 00:00:00-04:00,77.39791107177734,35.90963363647461,57.868072509765625,29.99162483215332,57.06149673461914
2017-06-02 00:00:00-04:00,76.53685760498047,35.429351806640625,57.00758743286133,30.162826538085938,56.390960693359375
2017-06-05 00:00:00-04:00,76.59625244140625,35.23724365234375,57.45218276977539,29.981056213378903,56.64447021484375
2017-06-06 00:00:00-04:00,77.32366943359375,35.60546875,58.2337760925293,29.995849609375,57.21688461303711
2017-06-07 00:00:00-04:00,77.0267562866211,34.86901092529297,58.01865768432617,30.13534545898437,56.15382385253906
2017-06-08 00:00:00-04:00,77.197509765625,34.476783752441406,57.81071090698242,29.89651870727539,55.85943984985352
2017-06-09 00:00:00-04:00,78.97895812988281,35.877628326416016,58.89348602294922,29.640779495239254,56.979736328125
2017-06-12 00:00:00-04:00,80.19632720947266,36.59806442260742,59.4671630859375,29.46746635437012,56.67716979980469
2017-06-13 00:00:00-04:00,80.26313018798828,37.16640090942383,59.48867034912109,29.579477310180664,56.709869384765625
2017-06-14 00:00:00-04:00,79.12742614746094,36.35790252685547,58.8504638671875,29.833106994628903,55.75314712524414
2017-06-15 00:00:00-04:00,78.92703247070312,36.33390426635742,58.98670959472656,29.98528480529785,55.05805587768555
2017-06-16 00:00:00-04:00,80.42642974853516,37.24644088745117,59.86871337890625,30.190303802490234,56.08022689819336
2017-06-19 00:00:00-04:00,79.76577758789062,37.11036682128906,59.34526062011719,30.09519386291504,55.68770980834961
2017-06-20 00:00:00-04:00,79.03839111328125,36.6781120300293,59.02254486083984,30.004304885864254,54.583778381347656
2017-06-21 00:00:00-04:00,77.56121063232422,35.981685638427734,58.398712158203125,29.814083099365234,53.53707504272461
2017-06-22 00:00:00-04:00,77.5315170288086,35.869625091552734,58.14056396484375,29.926097869873047,53.45531463623047
2017-06-23 00:00:00-04:00,77.93978118896484,35.88562774658203,58.52061462402344,30.25371360778809,53.91323471069336
2017-06-26 00:00:00-04:00,77.3014144897461,35.40533828735352,58.25531005859375,30.48408317565918,53.88052368164063
2017-06-27 00:00:00-04:00,77.24946594238281,35.19721221923828,58.162071228027344,30.06983184814453,53.44711685180664
2017-06-28 00:00:00-04:00,77.40532684326172,35.189208984375,58.46324157714844,29.80562400817871,53.357177734375
2017-06-29 00:00:00-04:00,77.28654479980469,35.2852668762207,57.868072509765625,29.583703994750977,53.46348190307617
2017-06-30 00:00:00-04:00,77.44245910644531,35.189208984375,57.889591217041016,29.61753273010254,53.839637756347656
2017-07-03 00:00:00-04:00,78.9047622680664,36.55003356933594,58.871978759765625,29.50972557067871,54.76367568969727
2017-07-05 00:00:00-04:00,77.65771484375,35.34930419921875,57.97562789916992,29.34064483642578,53.75786590576172
2017-07-06 00:00:00-04:00,77.06389617919922,34.66889953613281,57.45218276977539,29.49916076660156,53.2590446472168
2017-07-07 00:00:00-04:00,76.81893920898438,34.420753479003906,57.52387237548828,29.69150161743164,53.21815872192383
2017-07-10 00:00:00-04:00,76.48487854003906,34.61286544799805,57.48085403442383,29.80774307250977,53.4389533996582
2017-07-11 00:00:00-04:00,76.5442886352539,34.70090866088867,57.7963752746582,29.74856185913086,53.79874038696289
2017-07-12 00:00:00-04:00,77.11582946777344,34.61286544799805,58.05450820922852,29.75491142272949,53.62702560424805
2017-07-13 00:00:00-04:00,77.29399871826172,34.62086486816406,58.06167602539063,29.71263885498047,54.37115859985352
2017-07-14 00:00:00-04:00,77.52410125732422,34.78095626831055,58.28398513793945,29.940898895263672,54.665557861328125
2017-07-17 00:00:00-04:00,77.35336303710938,34.572837829589844,57.98280334472656,29.795063018798828,54.649200439453125
2017-07-18 00:00:00-04:00,76.98966217041016,34.476783752441406,57.7963752746582,29.90497398376465,54.117671966552734
2017-07-19 00:00:00-04:00,77.5389404296875,34.94906234741211,57.97562789916992,29.97049140930176,55.14800643920898
2017-07-20 00:00:00-04:00,77.66513061523438,34.81617736816406,57.98280334472656,30.325572967529297,54.8045654296875
2017-07-21 00:00:00-04:00,76.64079284667969,34.34906005859375,57.45218276977539,30.513671875,54.40386199951172
2017-07-24 00:00:00-04:00,76.60366821289062,34.31684112548828,57.27293014526367,30.255830764770508,54.31391906738281
2017-07-25 00:00:00-04:00,77.48698425292969,35.15443420410156,57.55971908569336,30.24736976623535,54.79639434814453
2017-07-26 00:00:00-04:00,78.02884674072266,35.19470977783203,57.631446838378906,30.75040626525879,54.780029296875
2017-07-27 00:00:00-04:00,78.76371002197266,35.96786880493164,57.96128845214844,30.572853088378903,55.426048278808594
2017-07-28 00:00:00-04:00,80.25569152832031,36.45106887817383,57.07929229736328,30.67220115661621,55.98209762573242
2017-07-31 00:00:00-04:00,81.04994201660156,36.5396728515625,57.39480972290039,30.877220153808597,56.09657669067383
2017-08-01 00:00:00-04:00,82.23016357421875,36.04034423828125,57.48803329467773,30.978666305541992,56.43185806274414
2017-08-02 00:00:00-04:00,81.99263763427734,36.73295974731445,57.7963752746582,31.014598846435547,56.52997589111328
2017-08-03 00:00:00-04:00,81.22808837890625,36.16920852661133,57.71747589111328,31.18368911743164,55.78585052490234
2017-08-04 00:00:00-04:00,81.73284912109375,36.69269561767578,57.5167121887207,31.016712188720703,55.229793548583984
2017-08-07 00:00:00-04:00,81.4879150390625,36.37859344482422,57.48085403442383,31.088563919067383,54.42023468017578
2017-08-08 00:00:00-04:00,81.9110107421875,36.74905776977539,57.33743667602539,31.14352798461914,53.55343246459961
2017-08-09 00:00:00-04:00,82.31182861328125,36.765174865722656,57.5167121887207,31.120281219482425,53.55343246459961
2017-08-10 00:00:00-04:00,81.73284912109375,36.217529296875,57.17643356323242,31.22173500061035,52.66209411621094
2017-08-11 00:00:00-04:00,81.07966613769531,36.072566986083984,56.62615966796875,31.107593536376957,52.19599533081055
2017-08-14 00:00:00-04:00,80.69366455078125,35.8712043762207,56.64064025878906,31.29359436035156,52.29412460327149
2017-08-15 00:00:00-04:00,80.58972930908203,35.83899688720703,56.50306701660156,31.502832412719727,51.8770751953125
2017-08-16 00:00:00-04:00,80.10237884521484,35.1866455078125,56.090370178222656,31.69938468933105,52.09785079956055
2017-08-17 00:00:00-04:00,79.41265106201172,34.63094711303711,55.21432113647461,31.40983390808105,51.54180145263672
2017-08-18 00:00:00-04:00,79.8324966430664,34.71951675415039,55.48943328857422,31.688825607299805,51.7789421081543
2017-08-21 00:00:00-04:00,79.30767822265625,34.22825241088867,55.30118179321289,31.798736572265625,51.51726531982422
2017-08-22 00:00:00-04:00,79.7425308227539,34.783958435058594,55.56184387207031,31.88115119934082,51.80347442626953
2017-08-23 00:00:00-04:00,79.92994689941406,35.1866455078125,55.467716217041016,31.83500099182129,51.672637939453125
2017-08-24 00:00:00-04:00,80.55223083496094,34.87255096435547,55.264984130859375,31.764789581298828,51.41913986206055
2017-08-25 00:00:00-04:00,81.14453887939453,35.09805679321289,55.5473518371582,31.932859420776367,52.23687744140625
2017-08-28 00:00:00-04:00,80.79216003417969,34.67121124267578,55.36636352539063,32.09879684448242,51.88524627685547
2017-08-29 00:00:00-04:00,80.86712646484375,34.5101318359375,55.351863861083984,32.06476211547852,51.92613983154297
2017-08-30 00:00:00-04:00,80.76966857910156,34.96113204956055,55.09844970703125,32.04348373413086,51.836181640625
2017-08-31 00:00:00-04:00,80.68721008300781,35.1624870300293,55.264984130859375,32.020076751708984,51.93430709838867
2017-09-01 00:00:00-04:00,81.54190063476562,35.629600524902344,55.43873977661133,31.94562530517578,52.21454620361328
2017-09-05 00:00:00-04:00,82.05172729492188,35.75041580200195,55.880409240722656,31.96689796447754,53.65695190429688
2017-09-06 00:00:00-04:00,83.8136215209961,36.29001235961914,57.03883743286133,31.53929328918457,54.1679573059082
2017-09-07 00:00:00-04:00,83.82111358642578,36.33028411865234,57.2198600769043,31.80308151245117,54.29159164428711
2017-09-08 00:00:00-04:00,83.0563735961914,35.81483840942383,57.06779479980469,31.541410446166992,53.459129333496094
2017-09-11 00:00:00-04:00,84.36092376708984,36.18529891967773,57.37914276123047,32.20942306518555,54.20916366577149
2017-09-12 00:00:00-04:00,84.33843994140625,36.18529891967773,57.56016159057617,31.726497650146484,54.75317001342773
2017-09-13 00:00:00-04:00,85.6054916381836,36.69269561767578,57.755645751953125,31.524391174316406,55.15703582763672
2017-09-14 00:00:00-04:00,85.80792999267578,36.91014862060547,57.98732376098633,31.815841674804688,55.79991149902344
2017-09-15 00:00:00-04:00,85.94287109375,37.457794189453125,57.97284698486328,31.93071937561035,55.42076873779297
2017-09-18 00:00:00-04:00,86.36276245117188,37.92491912841797,57.98732376098633,31.549922943115234,55.94003677368164
2017-09-19 00:00:00-04:00,87.22494506835938,38.29536819458008,58.08145523071289,31.469074249267575,55.95651245117188
2017-09-20 00:00:00-04:00,87.24742889404297,38.92356872558594,58.32038116455078,31.218036651611328,55.733985900878906
2017-09-21 00:00:00-04:00,87.32240295410156,39.2135009765625,57.84252548217773,31.226539611816406,56.12136459350586
2017-09-22 00:00:00-04:00,87.93719482421875,39.52760314941406,57.86423110961914,31.137195587158203,56.70655822753906
2017-09-25 00:00:00-04:00,88.46200561523438,40.25242614746094,58.6317138671875,31.23506736755371,57.40716171264648
2017-09-26 00:00:00-04:00,88.10962677001953,40.00276565551758,58.56653594970703,31.422273635864254,56.723052978515625
2017-09-27 00:00:00-04:00,88.05715942382812,40.445709228515625,58.95751190185547,31.11379623413086,56.93736267089844
2017-09-28 00:00:00-04:00,88.18460083007812,40.26853942871094,59.50779724121094,31.271228790283203,57.00328826904297
2017-09-29 00:00:00-04:00,88.09465026855469,40.30881118774414,59.35574722290039,31.17761993408203,57.49781799316406
2017-10-02 00:00:00-04:00,88.04216003417969,40.51820373535156,59.10233688354492,31.218036651611328,57.13515472412109
2017-10-03 00:00:00-04:00,88.33456420898438,39.65646362304688,59.19645690917969,31.249948501586918,56.92085647583008
2017-10-04 00:00:00-04:00,88.15462493896484,39.712833404541016,59.218170166015625,31.607357025146484,56.723052978515625
2017-10-05 00:00:00-04:00,88.90436553955078,40.02693939208984,59.38469696044922,31.435041427612305,56.76426315307617
2017-10-06 00:00:00-04:00,87.74229431152344,39.35040664672852,59.16023254394531,31.37334251403809,56.327430725097656
2017-10-09 00:00:00-04:00,88.25209045410156,39.39068222045898,59.39194869995117,31.464820861816406,56.31918716430664
2017-10-10 00:00:00-04:00,89.06932830810547,39.61619186401367,59.55846786499024,31.70521545410156,56.31918716430664
2017-10-11 00:00:00-04:00,89.4666748046875,39.9463996887207,59.80462646484375,31.883920669555664,55.8328971862793
2017-10-12 00:00:00-04:00,89.32421875,40.11552429199219,59.68155288696289,32.06051254272461,55.46199798583984
2017-10-13 00:00:00-04:00,89.33920288085938,39.99811172485352,59.66707229614258,32.02859878540039,55.363094329833984
2017-10-16 00:00:00-04:00,90.06645202636719,40.25720977783203,59.956687927246094,32.23495864868164,55.0581283569336
2017-10-17 00:00:00-04:00,90.13394927978516,40.25720977783203,60.06528472900391,32.479610443115234,54.81085586547852
2017-10-18 00:00:00-04:00,88.58196258544922,40.249122619628906,59.92047882080078,32.45195388793945,54.3245735168457
2017-10-19 00:00:00-04:00,88.61945343017578,40.249122619628906,59.90599060058594,32.73491287231445,53.16241455078125
2017-10-20 00:00:00-04:00,88.94935607910156,40.68633270263672,60.17390823364258,32.79659652709961,52.04970932006836
2017-10-23 00:00:00-04:00,89.1667709350586,40.69443893432617,60.268028259277344,32.843414306640625,51.02767181396485
2017-10-24 00:00:00-04:00,89.3917007446289,41.2855110168457,60.43452835083008,32.80936050415039,51.46451187133789
2017-10-25 00:00:00-04:00,88.79939270019531,40.45152282714844,60.21732711791992,32.73276901245117,52.28872299194336
2017-10-26 00:00:00-04:00,88.79939270019531,41.66604995727539,60.43452835083008,32.63279342651367,52.23102951049805
2017-10-27 00:00:00-04:00,85.12567138671875,41.463626861572266,60.60831069946289,33.154014587402344,52.37939834594727
2017-10-30 00:00:00-04:00,85.762939453125,41.609375,60.48521423339844,33.05188751220703,52.840965270996094
2017-10-31 00:00:00-04:00,86.88755798339844,41.4150505065918,60.34765625,32.99018859863281,52.75029373168945
2017-11-01 00:00:00-04:00,86.89505767822266,42.18424606323242,60.72415542602539,32.63066101074219,52.98107147216797
2017-11-02 00:00:00-04:00,86.46769714355469,42.491920471191406,60.47797775268555,31.881799697875977,52.13212203979492
2017-11-03 00:00:00-04:00,86.2127914428711,42.88056564331055,60.22458267211914,32.47534942626953,52.40412139892578
2017-11-06 00:00:00-05:00,87.74977111816406,43.45543670654297,60.63725662231445,32.30730056762695,55.28890228271485
2017-11-07 00:00:00-05:00,87.89968872070312,43.30160903930664,60.5141830444336,33.07954788208008,54.75317001342773
2017-11-08 00:00:00-05:00,87.47235107421875,43.3339958190918,60.43452835083008,32.95829391479492,55.27241134643555
2017-11-09 00:00:00-05:00,87.89968872070312,43.34209442138672,60.79655838012695,33.02848434448242,55.13229370117188
2017-11-10 00:00:00-05:00,87.85472869873047,42.90485763549805,60.606563568115234,33.009334564208984,54.18444442749024
2017-11-13 00:00:00-05:00,87.89221954345703,42.56478500366211,60.57002258300781,33.3539924621582,53.60748291015625
2017-11-14 00:00:00-05:00,87.6597671508789,41.47982406616211,60.09506607055664,33.69863510131836,51.7447395324707
2017-11-15 00:00:00-05:00,87.30741119384766,40.88066482543945,59.3423957824707,33.477386474609375,50.73094940185547
2017-11-16 00:00:00-05:00,86.70201110839844,40.662052154541016,58.8674201965332,33.46249008178711,50.53313827514648
2017-11-17 00:00:00-05:00,86.8079605102539,40.58917617797852,58.63359451293945,33.19655990600586,51.068878173828125
2017-11-20 00:00:00-05:00,86.81554412841797,40.54869842529297,58.86013412475586,33.1710205078125,50.871070861816406
2017-11-21 00:00:00-05:00,87.15605926513672,40.49201583862305,59.09395599365234,33.23272705078125,51.00295639038086
2017-11-22 00:00:00-05:00,87.71607208251953,40.662052154541016,59.26202392578125,33.222660064697266,51.21723556518555
2017-11-24 00:00:00-05:00,88.17012023925781,40.86447143554688,59.495849609375,33.40464401245117,51.04414749145508
2017-11-27 00:00:00-05:00,87.47390747070312,39.80377197265625,59.26933288574219,33.612308502197266,50.574337005615234
2017-11-28 00:00:00-05:00,88.12471008300781,40.58917617797852,59.67855072021485,33.781436920166016,51.34087371826172
2017-11-29 00:00:00-05:00,88.67715454101562,41.07498550415039,60.116981506347656,33.777156829833984,51.2254753112793
2017-11-30 00:00:00-05:00,90.046875,41.19644165039063,60.86232376098633,33.83496856689453,51.80243682861328
2017-12-01 00:00:00-05:00,90.44039154052734,41.89276123046875,60.98653793334961,33.712921142578125,53.35197830200195
2017-12-04 00:00:00-05:00,91.4468994140625,41.52840042114258,61.066925048828125,33.39179611206055,53.24483108520508
2017-12-05 00:00:00-05:00,91.1063461303711,41.47982406616211,60.57002258300781,33.321144104003906,52.70491027832031
2017-12-06 00:00:00-05:00,90.51607513427734,40.79159164428711,60.12426376342773,33.77930450439453,51.55860900878906
2017-12-07 00:00:00-05:00,90.5312042236328,40.92115020751953,60.32158660888672,33.864933013916016,51.55860900878906
2017-12-08 00:00:00-05:00,90.7506866455078,41.75510787963867,60.40195846557617,34.04690933227539,52.77965927124024
2017-12-11 00:00:00-05:00,91.12904357910156,41.85227966308594,60.672325134277344,34.094017028808594,53.62693405151367
2017-12-12 00:00:00-05:00,90.5690460205078,42.07089614868164,60.475040435791016,33.62730026245117,53.3112907409668
2017-12-13 00:00:00-05:00,90.7582550048828,41.84418487548828,60.73809051513672,33.49884796142578,52.58031845092773
2017-12-14 00:00:00-05:00,90.45552825927734,42.35428237915039,60.57732772827149,33.82210922241211,51.80779647827149
2017-12-15 00:00:00-05:00,90.60689544677734,42.24091720581055,60.672325134277344,33.91845703125,51.5752182006836
2017-12-18 00:00:00-05:00,90.5841827392578,42.37857437133789,60.606563568115234,33.47316360473633,52.82950592041016
2017-12-19 00:00:00-05:00,90.69012451171876,42.65386199951172,60.24119186401367,32.9914436340332,53.48571395874024
2017-12-20 00:00:00-05:00,91.48473358154295,43.925048828125,60.55540084838867,32.89296340942383,54.22499847412109
2017-12-21 00:00:00-05:00,94.4587860107422,45.3015022277832,61.27151107788086,33.07279586791992,56.36808013916016
2017-12-22 00:00:00-05:00,94.5798797607422,44.937137603759766,61.35921859741211,33.08564758300781,56.01920318603516
2017-12-26 00:00:00-05:00,95.3366470336914,45.5282096862793,61.36651611328125,32.97003555297852,56.160423278808594
2017-12-27 00:00:00-05:00,95.01123046875,45.01001739501953,61.308082580566406,33.24620819091797,56.41792297363281
2017-12-28 00:00:00-05:00,95.033935546875,44.67805480957031,61.395751953125,33.47316360473633,56.03582382202149
2017-12-29 00:00:00-05:00,94.7387924194336,44.443241119384766,61.118072509765625,33.43889617919922,55.97768020629883
2018-01-02 00:00:00-05:00,96.5474853515625,44.79140090942383,62.133785247802734,33.20339584350586,57.746978759765625
2018-01-03 00:00:00-05:00,97.25122833251952,45.61727142333984,63.35407638549805,32.49903106689453,59.250450134277344
2018-01-04 00:00:00-05:00,96.94851684570312,46.14357376098633,63.44178771972656,32.332035064697266,60.720699310302734
2018-01-05 00:00:00-05:00,96.78962707519533,46.05451202392578,63.390625,32.47977066040039,61.13602828979492
2018-01-08 00:00:00-05:00,97.2663803100586,46.52412033081055,63.675628662109375,32.74737930297852,62.13281631469727
2018-01-09 00:00:00-05:00,96.74423217773438,46.90468215942383,63.40524291992188,32.507598876953125,62.21590423583984
2018-01-10 00:00:00-05:00,97.36477661132812,46.67795944213867,62.90105438232422,32.23998260498047,62.79734420776367
2018-01-11 00:00:00-05:00,100.32371520996094,47.91676330566406,63.52215576171875,32.22071838378906,64.00178527832031
2018-01-12 00:00:00-05:00,101.1031494140625,48.62117767333984,63.95329284667969,32.182186126708984,64.76596069335938
2018-01-16 00:00:00-05:00,99.89989471435548,47.64147186279297,63.5513801574707,32.22928237915039,64.10144805908203
2018-01-17 00:00:00-05:00,100.1647720336914,48.46735000610352,64.30403137207031,32.51616287231445,64.13467407226562
2018-01-18 00:00:00-05:00,99.58206176757812,48.38637924194336,63.88753128051758,32.28065872192383,63.43692398071289
2018-01-19 00:00:00-05:00,99.36260223388672,48.3782844543457,63.68293762207031,32.147918701171875,63.478458404541016
2018-01-22 00:00:00-05:00,100.3161163330078,49.123191833496094,64.48673248291016,32.11794662475586,66.27775573730469
2018-01-23 00:00:00-05:00,99.15070343017578,48.96125411987305,64.52326202392578,32.69599914550781,65.79598999023438
2018-01-24 00:00:00-05:00,99.43071746826172,48.977447509765625,64.69132995605469,32.29564666748047,64.94042205810547
2018-01-25 00:00:00-05:00,98.87067413330078,48.15967178344727,64.57440948486328,32.77521514892578,64.23435974121094
2018-01-26 00:00:00-05:00,99.27935791015624,48.8964729309082,65.0347671508789,33.76002883911133,64.46695709228516
2018-01-29 00:00:00-05:00,97.22853088378906,48.305419921875,64.31135559082031,33.3297119140625,63.44522857666016
2018-01-30 00:00:00-05:00,94.76908111572266,47.33380889892578,63.41255569458008,33.205528259277344,61.916839599609375
2018-01-31 00:00:00-05:00,94.8598861694336,47.61719512939453,63.79252624511719,33.916316986083984,61.119407653808594
2018-02-01 00:00:00-05:00,95.02635955810548,48.05441284179688,65.08592224121094,33.471004486083984,62.72257614135742
2018-02-02 00:00:00-05:00,89.73662567138672,46.734642028808594,61.7684211730957,33.38107681274414,61.21079254150391
2018-02-05 00:00:00-05:00,85.22632598876953,45.29341125488281,58.25361633300781,33.032127380371094,59.26706314086914
2018-02-06 00:00:00-05:00,88.67715454101562,45.29341125488281,57.25251770019531,32.01946258544922,59.42599105834961
2018-02-07 00:00:00-05:00,87.24688720703125,45.04241180419922,56.22220230102539,31.704763412475582,58.34688186645508
2018-02-08 00:00:00-05:00,84.98416137695312,43.10727310180664,55.586456298828125,31.105302810668945,56.381103515625
2018-02-09 00:00:00-05:00,85.89228820800781,42.34614944458008,55.94079208374024,31.706899642944336,54.53239440917969
2018-02-12 00:00:00-05:00,86.2555160522461,43.4776725769043,56.41324234008789,32.11366653442383,55.912635803222656
2018-02-13 00:00:00-05:00,85.73334503173828,43.4044075012207,56.32466125488281,32.34273910522461,55.14305114746094
2018-02-14 00:00:00-05:00,85.99065399169922,45.1871337890625,56.442779541015625,32.13079833984375,55.10122680664063
2018-02-15 00:00:00-05:00,86.00593566894531,44.39752197265625,56.25821304321289,33.06209182739258,55.38563537597656
2018-02-16 00:00:00-05:00,85.7078628540039,44.48706817626953,56.50182342529297,33.40892028808594,55.44419097900391
2018-02-20 00:00:00-05:00,84.82129669189453,44.64173126220703,55.91864776611328,32.92936325073242,54.88372421264648
2018-02-21 00:00:00-05:00,83.35383605957031,43.75442886352539,55.28380584716797,32.49046325683594,53.871543884277344
2018-02-22 00:00:00-05:00,83.98820495605469,44.6987190246582,55.99984359741211,32.60820388793945,54.339988708496094
2018-02-23 00:00:00-05:00,86.05178833007812,46.44075012207031,57.23265075683594,33.45388412475586,55.62822723388672
2018-02-26 00:00:00-05:00,87.58804321289062,46.0662956237793,58.199684143066406,33.3460693359375,55.82062530517578
2018-02-27 00:00:00-05:00,86.83135986328125,45.447635650634766,57.21051406860352,32.70566940307617,55.971187591552734
2018-02-28 00:00:00-05:00,85.53971862792969,44.21028900146485,55.9112548828125,32.8070068359375,54.90882873535156
2018-03-01 00:00:00-05:00,85.63143920898438,43.86025619506836,55.51262283325195,33.03988265991211,54.5574951171875
2018-03-02 00:00:00-05:00,85.32572937011719,44.00679016113281,55.77099990844727,32.95795822143555,54.76662063598633
2018-03-05 00:00:00-05:00,86.47981262207031,43.94981384277344,56.30250930786133,33.42585372924805,55.34381103515625
2018-03-06 00:00:00-05:00,86.86194610595703,44.00679016113281,56.236087799072266,33.046356201171875,55.73698425292969
2018-03-07 00:00:00-05:00,87.00717163085938,44.01492691040039,54.81874465942383,33.001075744628906,55.40236282348633
2018-03-08 00:00:00-05:00,86.6326675415039,43.60791397094727,54.71537399291992,33.27276611328125,55.82899475097656
2018-03-09 00:00:00-05:00,89.59049224853516,44.82082748413086,55.04020309448242,33.38057327270508,57.53547286987305
2018-03-12 00:00:00-04:00,89.2618408203125,44.56032943725586,55.54216766357422,33.29001235961914,56.958282470703125
2018-03-13 00:00:00-04:00,89.00961303710938,43.925384521484375,55.01804733276367,33.35038375854492,56.16359329223633
2018-03-14 00:00:00-04:00,87.99308776855469,43.925384521484375,54.331520080566406,34.070560455322266,55.56967544555664
2018-03-15 00:00:00-04:00,88.33705139160156,43.98237609863281,54.93684387207031,34.098594665527344,54.66624069213867
2018-03-16 00:00:00-04:00,88.199462890625,44.71499633789063,55.453575134277344,34.723899841308594,55.29361343383789
2018-03-19 00:00:00-04:00,87.04537963867188,43.60791397094727,54.73754119873047,34.48455810546875,54.12249374389648
2018-03-20 00:00:00-04:00,87.5116195678711,44.52777099609375,54.61942672729492,34.59021759033203,54.841896057128906
2018-03-21 00:00:00-04:00,89.4529037475586,46.432613372802734,55.394527435302734,34.51689529418945,56.66550827026367
2018-03-22 00:00:00-04:00,86.90015411376953,45.9930305480957,54.257694244384766,34.90717315673828,54.80843734741211
2018-03-23 00:00:00-04:00,86.3498764038086,47.00244140625,53.80740737915039,34.389678955078125,53.6540412902832
2018-03-26 00:00:00-04:00,88.16124725341797,48.0932502746582,54.626800537109375,34.807987213134766,53.92173767089844
2018-03-27 00:00:00-04:00,87.63388061523438,48.14209365844727,54.40533828735352,35.05811309814453,53.93846893310547
2018-03-28 00:00:00-04:00,85.67730712890625,47.80833053588867,53.74833297729492,34.98911666870117,52.876094818115234
2018-03-29 00:00:00-04:00,87.1600341796875,48.264190673828125,55.07710647583008,35.217674255371094,54.189414978027344
2018-04-02 00:00:00-04:00,85.7843017578125,47.287353515625,54.05101013183594,35.010677337646484,53.10194396972656
2018-04-03 00:00:00-04:00,87.7638168334961,48.8665885925293,55.3797721862793,34.93088912963867,54.197784423828125
2018-04-04 00:00:00-04:00,87.49632263183594,48.483985900878906,55.26904678344727,35.00205993652344,54.21450424194336
2018-04-05 00:00:00-04:00,89.64395904541016,49.21662139892578,56.11796569824219,35.362144470214844,55.01756286621094
2018-04-06 00:00:00-04:00,87.71034240722656,48.23977279663086,55.26904678344727,35.092613220214844,53.838077545166016
2018-04-09 00:00:00-04:00,88.64274597167969,49.34685516357422,55.26904678344727,34.958927154541016,53.754432678222656
2018-04-10 00:00:00-04:00,90.83628845214844,50.74699401855469,56.8930778503418,34.88777160644531,55.80389022827149
2018-04-11 00:00:00-04:00,91.14198303222656,51.471492767333984,57.15882110595703,34.723899841308594,56.506568908691406
2018-04-12 00:00:00-04:00,91.12671661376952,51.479637145996094,57.00381088256836,34.29913330078125,56.51493453979492
2018-04-13 00:00:00-04:00,91.65408325195312,52.83094787597656,57.46148681640625,34.54709243774414,56.84116363525391
2018-04-16 00:00:00-04:00,92.25021362304688,53.5066032409668,57.97822570800781,34.9567756652832,57.31798553466797
2018-04-17 00:00:00-04:00,92.83108520507812,54.14154052734375,57.82319259643555,35.1939582824707,57.43510055541992
2018-04-18 00:00:00-04:00,94.63481903076172,54.068267822265625,58.48020553588867,35.1163444519043,58.8404426574707
2018-04-19 00:00:00-04:00,94.55074310302734,53.97872924804688,58.62784576416016,35.04732894897461,58.790260314941406
2018-04-20 00:00:00-04:00,93.48072814941406,53.555419921875,58.31779861450195,34.66998291015625,57.91191101074219
2018-04-23 00:00:00-04:00,94.45140075683594,53.30307388305664,58.73857498168945,34.74330520629883,57.644229888916016
2018-04-24 00:00:00-04:00,93.65653228759766,53.1646842956543,57.83797073364258,34.96755599975586,57.117218017578125
2018-04-25 00:00:00-04:00,93.7940902709961,52.96117401123047,58.68689727783203,34.57080841064453,57.80315399169922
2018-04-26 00:00:00-04:00,94.94053649902344,54.515995025634766,59.69084548950195,35.19180679321289,58.112674713134766
2018-04-27 00:00:00-04:00,96.77482604980467,52.87163162231445,57.42456817626953,35.353519439697266,57.786434173583984
2018-04-30 00:00:00-04:00,95.62075805664062,53.3193588256836,57.3950424194336,35.34274673461914,57.351444244384766
2018-05-01 00:00:00-04:00,95.42969512939452,53.49030303955078,56.80449295043945,35.1939582824707,57.21760177612305
2018-05-02 00:00:00-04:00,95.91120910644533,53.278656005859375,56.69377517700195,35.24354934692383,57.43510055541992
2018-05-03 00:00:00-04:00,96.3086166381836,53.718238830566406,56.50182342529297,35.159454345703125,56.64878082275391
2018-05-04 00:00:00-04:00,95.94176483154295,54.42644882202149,56.767578125,35.381561279296875,57.54384613037109
2018-05-07 00:00:00-04:00,95.4908218383789,54.35317611694336,57.38766479492188,35.22198867797852,57.89517593383789
2018-05-08 00:00:00-04:00,96.73661041259766,55.14278793334961,57.64602279663086,34.480247497558594,58.17122268676758
2018-05-09 00:00:00-04:00,98.37986755371094,55.92426681518555,59.00432586669922,34.13093185424805,59.29216003417969
2018-05-10 00:00:00-04:00,98.456298828125,56.445255279541016,60.32570266723633,34.54924392700195,59.492919921875
2018-05-11 00:00:00-04:00,99.23585510253906,56.75994873046875,60.609073638916016,34.659217834472656,59.45945739746094
2018-05-14 00:00:00-04:00,99.6562271118164,56.882568359375,61.0191764831543,34.54277038574219,59.89445877075195
2018-05-15 00:00:00-04:00,99.15943908691406,57.29124450683594,60.98937225341797,34.25168991088867,59.89445877075195
2018-05-16 00:00:00-04:00,99.02184295654295,57.09507751464844,61.16086959838867,33.88943099975586,61.15758514404297
2018-05-17 00:00:00-04:00,99.80823516845705,57.7571907043457,61.05648040771485,33.72771453857422,62.26178359985352
2018-05-18 00:00:00-04:00,98.57469940185548,56.84986114501953,60.62397384643555,33.73419952392578,62.1446647644043
2018-05-21 00:00:00-04:00,99.73883819580078,57.7571907043457,61.35475158691406,34.54709243774414,62.7636833190918
2018-05-22 00:00:00-04:00,98.85994720458984,57.32394409179688,60.87750625610352,34.376739501953125,61.67622375488281
2018-05-23 00:00:00-04:00,99.2223129272461,56.49839019775391,61.2578125,34.560028076171875,61.44199752807617
2018-05-24 00:00:00-04:00,97.61100769042967,55.950721740722656,59.85593032836914,34.75839614868164,59.57656097412109
2018-05-25 00:00:00-04:00,94.20335388183594,53.514892578125,58.69266891479492,35.021461486816406,57.38490676879883
2018-05-29 00:00:00-04:00,93.58660125732422,53.7110595703125,58.476409912109375,35.30392074584961,56.94154739379883
2018-05-30 00:00:00-04:00,96.49311065673828,55.623779296875,60.77310943603516,35.635982513427734,58.121055603027344
2018-05-31 00:00:00-04:00,95.83008575439452,55.084285736083984,60.57923889160156,35.75242233276367,57.44345474243164
2018-06-01 00:00:00-04:00,95.483154296875,55.819950103759766,61.0191764831543,35.16377258300781,57.6860580444336
2018-06-04 00:00:00-04:00,94.25733184814452,55.50115203857422,60.37790298461914,34.99009704589844,57.77807235717773
2018-06-05 00:00:00-04:00,94.61971282958984,55.22325897216797,60.16165542602539,34.5841178894043,57.68538284301758
2018-06-06 00:00:00-04:00,95.12081146240234,55.484806060791016,61.190704345703125,33.89590072631836,58.04770660400391
2018-06-07 00:00:00-04:00,97.8808364868164,56.79264831542969,61.80214691162109,33.95018005371094,58.64596557617188
2018-06-08 00:00:00-04:00,97.47994232177734,56.75177764892578,62.33905792236328,34.04136657714844,58.50271224975586
2018-06-11 00:00:00-04:00,98.34342956542967,57.61820983886719,61.96620941162109,33.73741912841797,58.87347030639648
2018-06-12 00:00:00-04:00,97.97338104248048,56.75177764892578,61.45914077758789,34.17379379272461,57.80335235595703
2018-06-13 00:00:00-04:00,97.96563720703124,56.90708923339844,60.78058624267578,34.11517333984375,57.27250289916992
2018-06-14 00:00:00-04:00,97.53390502929688,55.68916702270508,61.06394577026367,34.47991180419922,57.57584381103516
2018-06-15 00:00:00-04:00,95.629638671875,53.42497253417969,60.146728515625,34.63621139526367,56.31192398071289
2018-06-18 00:00:00-04:00,97.11759185791016,54.43855667114258,60.26605987548828,34.825096130371094,56.48887252807617
2018-06-19 00:00:00-04:00,96.78610229492188,54.16062545776367,60.17657470703125,35.38739013671875,55.35976791381836
2018-06-20 00:00:00-04:00,96.59333038330078,55.14967727661133,59.99014663696289,35.32224655151367,55.23338317871094
2018-06-21 00:00:00-04:00,94.51173400878906,53.22063064575195,59.423431396484375,35.467708587646484,54.59298706054688
2018-06-22 00:00:00-04:00,96.44684600830078,55.4030647277832,60.68363571166992,35.669612884521484,56.10125350952149
2018-06-25 00:00:00-04:00,94.52717590332033,54.06254959106445,59.46071243286133,36.125526428222656,55.13225555419922
2018-06-26 00:00:00-04:00,95.72216033935548,55.043418884277344,60.131832122802734,36.20585632324219,55.62939453125
2018-06-27 00:00:00-04:00,97.14070892333984,56.18778610229492,60.92969512939453,36.49025344848633,56.29506301879883
2018-06-28 00:00:00-04:00,96.87859344482422,55.91803741455078,61.12359237670898,36.21453475952149,56.46358871459961
2018-06-29 00:00:00-04:00,97.47222900390624,56.90708923339844,61.69030380249024,36.26229476928711,56.480430603027344
2018-07-02 00:00:00-04:00,95.7915496826172,56.06516647338867,60.96698760986328,36.69215774536133,54.94688415527344
2018-07-03 00:00:00-04:00,96.1615982055664,56.85804748535156,61.32492065429688,36.59446334838867,55.47772216796875
2018-07-05 00:00:00-04:00,95.58338928222656,56.34307861328125,61.37710571289063,36.590126037597656,55.97488021850586
2018-07-06 00:00:00-04:00,95.7067413330078,56.93159484863281,61.39201354980469,36.97438049316406,56.480430603027344
2018-07-09 00:00:00-04:00,97.13300323486328,58.03508377075195,61.81707000732422,35.89106369018555,57.58427429199219
2018-07-10 00:00:00-04:00,98.36653900146484,58.63995742797852,62.38379669189453,36.35131072998047,58.55327224731445
2018-07-11 00:00:00-04:00,95.22872924804688,57.25857925415039,61.58590698242188,36.5619010925293,57.58427429199219
2018-07-12 00:00:00-04:00,95.79924774169922,58.40293502807617,61.66047668457031,36.57926940917969,56.851192474365234
2018-07-13 00:00:00-04:00,95.629638671875,58.852481842041016,62.1227912902832,36.802879333496094,57.365196228027344
2018-07-16 00:00:00-04:00,94.81243133544922,57.69179916381836,61.51133728027344,36.79853820800781,56.809059143066406
2018-07-17 00:00:00-04:00,93.9875259399414,57.44657516479492,61.37710571289063,36.952674865722656,56.23609161376953
2018-07-18 00:00:00-04:00,93.69454193115234,57.503787994384766,61.31000900268555,36.78116226196289,56.5057258605957
2018-07-19 00:00:00-04:00,93.80245971679688,56.96430969238281,61.153419494628906,36.961368560791016,56.38776016235352
2018-07-20 00:00:00-04:00,94.26502990722656,57.46084213256836,60.69855499267578,36.900577545166016,55.68838119506836
2018-07-23 00:00:00-04:00,93.54034423828124,57.43622589111328,60.69855499267578,36.65308380126953,55.39345932006836
2018-07-24 00:00:00-04:00,95.483154296875,58.15030288696289,61.89908981323242,36.952674865722656,55.20809173583984
2018-07-25 00:00:00-04:00,96.29265594482422,58.69198226928711,62.33158493041992,36.41862487792969,55.42717361450195
2018-07-26 00:00:00-04:00,95.56027221679688,58.93000030517578,62.816253662109375,36.507625579833984,56.33720779418945
2018-07-27 00:00:00-04:00,97.11759185791016,58.64275741577149,61.086307525634766,36.25144577026367,56.48887252807617
2018-07-30 00:00:00-04:00,98.55157470703124,59.31575012207031,60.95207595825195,36.08861923217773,56.94388961791992
2018-07-31 00:00:00-04:00,97.348876953125,59.23369216918945,60.78058624267578,36.373023986816406,56.89331817626953
2018-08-01 00:00:00-04:00,96.67044067382812,58.93820190429688,59.94541549682617,36.451168060302734,56.168678283691406
2018-08-02 00:00:00-04:00,95.4137725830078,58.73302459716797,59.58747482299805,36.78767013549805,55.56199264526367
2018-08-03 00:00:00-04:00,95.63736724853516,58.51142120361328,59.8037223815918,37.15674591064453,55.51985931396485
2018-08-06 00:00:00-04:00,95.83008575439452,58.8725471496582,59.788795471191406,37.12635803222656,55.39345932006836
2018-08-07 00:00:00-04:00,96.50853729248048,59.83282852172852,60.60159683227539,37.04385757446289,56.18552017211914
2018-08-08 00:00:00-04:00,95.50627899169922,58.5934944152832,60.19894409179688,36.92446517944336,55.95802307128906
2018-08-09 00:00:00-04:00,94.46548461914062,58.888954162597656,59.89321899414063,37.09162902832031,55.10697555541992
2018-08-10 00:00:00-04:00,95.08995819091795,59.044918060302734,59.83293914794922,37.10898971557617,55.64625930786133
2018-08-13 00:00:00-04:00,94.3961181640625,58.33087539672852,59.18502807617188,37.18931198120117,54.74466323852539
2018-08-14 00:00:00-04:00,94.5040512084961,59.21725845336914,58.99669647216797,37.32826614379883,54.601409912109375
2018-08-15 00:00:00-04:00,90.9267807006836,55.66340255737305,57.96457290649414,37.50846099853516,52.4864501953125
2018-08-16 00:00:00-04:00,91.58060455322266,56.96841812133789,58.76314926147461,37.946998596191406,52.654972076416016
2018-08-17 00:00:00-04:00,91.68958282470705,57.26387786865234,58.95902633666992,38.02949905395508,52.94145584106445
2018-08-20 00:00:00-04:00,91.65067291259766,57.87943649291992,59.373382568359375,37.84061813354492,53.50600814819336
2018-08-21 00:00:00-04:00,91.79854583740234,58.18310928344727,59.388431549072266,37.478065490722656,54.56771469116211
2018-08-22 00:00:00-04:00,92.5613250732422,59.09415817260742,60.2397689819336,37.27832412719727,54.84576416015625
2018-08-23 00:00:00-04:00,91.92308044433594,59.135196685791016,59.57679748535156,37.26095581054688,54.47502899169922
2018-08-24 00:00:00-04:00,92.63138580322266,59.59481048583984,59.98360824584961,37.49325180053711,54.98058319091797
2018-08-27 00:00:00-04:00,93.67436981201172,59.78357696533203,60.57123565673828,37.22405624389648,54.643550872802734
2018-08-28 00:00:00-04:00,93.29297637939452,59.135196685791016,60.48082733154297,37.02866363525391,53.98629760742188
2018-08-29 00:00:00-04:00,93.57318878173828,60.35810089111328,60.91780090332031,37.26467514038086,54.34020233154297
2018-08-30 00:00:00-04:00,93.2540512084961,60.37452697753906,60.65411758422852,37.33022689819336,54.21380615234375
2018-08-31 00:00:00-04:00,92.20329284667967,60.26782989501953,60.3979721069336,37.17070388793945,53.21950912475586
2018-09-04 00:00:00-04:00,92.52242279052734,60.00518035888672,60.48837661743164,37.15541076660156,52.59101104736328
2018-09-05 00:00:00-04:00,92.5613250732422,59.914886474609375,61.29449081420898,37.50286102294922,51.82661056518555
2018-09-06 00:00:00-04:00,89.68923950195312,57.89583969116211,60.61643981933594,37.98361587524414,51.13864517211914
2018-09-07 00:00:00-04:00,89.19886016845703,57.63322067260742,61.64856719970703,37.60774993896485,50.70548248291016
2018-09-10 00:00:00-04:00,89.10546112060547,58.39652633666992,61.55815505981445,37.59244537353516,50.94329071044922
2018-09-11 00:00:00-04:00,89.52576446533203,58.65916061401367,62.424537658691406,37.61867141723633,51.2320671081543
2018-09-12 00:00:00-04:00,90.12509155273438,59.06953811645508,62.6279525756836,37.695159912109375,51.65674209594727
2018-09-13 00:00:00-04:00,90.5220718383789,59.54557037353516,62.01771545410156,38.154052734375,51.82661056518555
2018-09-14 00:00:00-04:00,91.36268615722656,60.32527542114258,62.4697494506836,37.94645690917969,52.00496292114258
2018-09-17 00:00:00-04:00,91.4638671875,60.93263244628906,62.838897705078125,37.99235534667969,51.78414535522461
2018-09-18 00:00:00-04:00,91.9464340209961,61.589237213134766,63.004642486572266,37.90056610107422,51.80112457275391
2018-09-19 00:00:00-04:00,93.02054595947266,61.991397857666016,63.75801086425781,36.96747970581055,52.00496292114258
2018-09-20 00:00:00-04:00,92.95051574707033,61.85188674926758,63.90114974975586,36.98933029174805,52.29374313354492
2018-09-21 00:00:00-04:00,94.28148651123048,62.60697555541992,64.16484832763672,37.314937591552734,51.920040130615234
2018-09-24 00:00:00-04:00,95.44122314453124,63.24715423583984,65.24214935302734,36.88880920410156,52.31922149658203
2018-09-25 00:00:00-04:00,96.02499389648438,64.10894775390625,65.16683197021484,36.46051025390625,53.10911178588867
2018-09-26 00:00:00-04:00,94.9197235107422,63.42772674560547,64.62439727783203,35.93604278564453,51.70771026611328
2018-09-27 00:00:00-04:00,95.32447814941406,63.62471389770508,64.61685180664062,36.18516159057617,51.95400619506836
2018-09-28 00:00:00-04:00,95.17657470703124,63.526214599609375,64.05183410644531,36.6244010925293,51.74166870117188
2018-10-01 00:00:00-04:00,96.81890869140624,65.56989288330078,64.64701080322266,36.49109649658203,52.31072235107422
2018-10-02 00:00:00-04:00,97.09131622314452,64.24848175048828,65.13668060302734,37.0046272277832,52.56553268432617
2018-10-03 00:00:00-04:00,97.53496551513672,64.48649597167969,64.90314483642578,36.76426315307617,53.185546875
2018-10-04 00:00:00-04:00,97.25477600097656,64.24848175048828,64.47371673583984,36.98495101928711,53.380897521972656
2018-10-05 00:00:00-04:00,97.55055236816406,64.3387680053711,64.29290008544922,37.666751861572266,53.50829315185547
2018-10-08 00:00:00-04:00,97.16915893554688,64.24848175048828,64.88806915283203,37.87435150146485,53.457332611083984
2018-10-09 00:00:00-04:00,98.71028900146484,65.16773986816406,65.17435455322266,37.96394348144531,53.60173034667969
2018-10-10 00:00:00-04:00,95.42565155029295,61.63028717041016,63.67515182495117,37.749786376953125,51.65674209594727
2018-10-11 00:00:00-04:00,92.17994689941406,59.74256134033203,61.47529602050781,36.94999313354492,50.21286392211914
2018-10-12 00:00:00-04:00,91.66620635986328,60.85109329223633,61.309547424316406,37.00899887084961,50.391231536865234
2018-10-15 00:00:00-04:00,91.02020263671876,60.38955307006836,60.88766479492188,37.0701904296875,50.57807540893555
2018-10-16 00:00:00-04:00,91.4638671875,60.82638168334961,61.1739387512207,37.43074035644531,50.68849563598633
2018-10-17 00:00:00-04:00,91.29263305664062,59.7384147644043,61.39995574951172,37.32804107666016,50.31478500366211
2018-10-18 00:00:00-04:00,91.43272399902344,59.82908248901367,61.66363525390625,37.491947174072266,49.6268196105957
2018-10-19 00:00:00-04:00,91.9542236328125,59.746673583984375,61.754051208496094,37.90494155883789,49.66080093383789
2018-10-22 00:00:00-04:00,91.23033905029295,59.38402557373047,61.136268615722656,37.73011779785156,48.25089263916016
2018-10-23 00:00:00-04:00,88.26483917236328,57.05152130126953,60.149356842041016,37.28652191162109,46.790035247802734
2018-10-24 00:00:00-04:00,85.78192901611328,54.14207458496094,58.47687149047852,38.3725814819336,45.02341079711914
2018-10-25 00:00:00-04:00,86.84825897216797,56.062442779541016,58.99669647216797,37.84811782836914,45.269718170166016
2018-10-26 00:00:00-04:00,86.809326171875,56.44160842895508,58.409061431884766,37.124813079833984,44.92997360229492
2018-10-29 00:00:00-04:00,84.7856216430664,55.51024627685547,58.047454833984375,37.75634765625,43.69844436645508
2018-10-30 00:00:00-04:00,86.280029296875,57.29877471923828,59.35077667236328,37.92461013793945,44.43735885620117
2018-10-31 00:00:00-04:00,86.90272521972656,57.61196517944336,60.02880859375,37.695159912109375,43.57952880859375
2018-11-01 00:00:00-04:00,86.52911376953125,57.348236083984375,60.774658203125,37.25156021118164,43.87680435180664
2018-11-02 00:00:00-04:00,89.300048828125,55.91410446166992,61.73896408081055,36.74457931518555,43.65597152709961
2018-11-05 00:00:00-05:00,92.576904296875,56.89491271972656,61.50541687011719,37.30400848388672,44.1316032409668
2018-11-06 00:00:00-05:00,92.54576110839844,57.28228759765625,61.76911544799805,37.4679069519043,44.2335205078125
2018-11-07 00:00:00-05:00,94.0791244506836,57.7191162109375,62.55261993408203,37.92242050170898,44.43735885620117
2018-11-08 00:00:00-05:00,92.90379333496094,55.147605895996094,61.55815505981445,38.01420593261719,43.80885314941406
2018-11-09 00:00:00-05:00,93.02054595947266,54.999244689941406,61.54294967651367,38.582366943359375,42.806636810302734
2018-11-12 00:00:00-05:00,91.37042999267578,53.68874740600586,60.75148010253906,39.00410842895508,41.999759674072266
2018-11-13 00:00:00-05:00,89.78260803222656,52.51839065551758,59.35885238647461,39.04125213623047,40.20766067504883
2018-11-14 00:00:00-05:00,90.07061004638672,52.84807205200195,58.89462661743164,38.6391830444336,40.60686111450195
2018-11-15 00:00:00-05:00,91.91761016845705,53.74644088745117,59.5034408569336,39.15488815307617,40.83616638183594
2018-11-16 00:00:00-05:00,93.57599639892578,54.49647903442383,60.08942794799805,39.41930389404297,40.9550895690918
2018-11-19 00:00:00-05:00,93.85892486572266,54.760231018066406,60.28727340698242,39.77330780029297,41.031524658203125
2018-11-20 00:00:00-05:00,91.24954986572266,52.74092864990234,58.57499694824219,39.0652961730957,39.833961486816406
2018-11-21 00:00:00-05:00,92.40489959716795,53.96898651123047,59.02400207519531,38.499324798583984,40.46246719360352
2018-11-23 00:00:00-05:00,89.28466796875,52.584320068359375,57.448692321777344,38.75062561035156,39.38380813598633
2018-11-26 00:00:00-05:00,90.36927795410156,53.32610321044922,58.582618713378906,38.68505859375,39.60464477539063
2018-11-27 00:00:00-05:00,90.550048828125,53.80414962768555,58.635887145996094,38.89703369140625,39.23941802978516
2018-11-28 00:00:00-05:00,92.85289764404295,54.6860466003418,59.70130157470703,38.90795516967773,39.41777801513672
2018-11-29 00:00:00-05:00,93.41091918945312,55.11463928222656,60.16550827026367,38.94754409790039,38.984619140625
2018-11-30 00:00:00-05:00,93.48167419433594,54.545936584472656,60.50035858154297,39.95685195922852,38.30514907836914
2018-12-03 00:00:00-05:00,94.84137725830078,56.96083450317383,61.80929946899414,40.12837600708008,39.3243522644043
2018-12-04 00:00:00-05:00,92.1455307006836,55.15584182739258,60.44709777832031,40.05799865722656,37.88188171386719
2018-12-06 00:00:00-05:00,91.10022735595705,54.90034866333008,59.6556396484375,40.165748596191406,36.33638381958008
2018-12-07 00:00:00-05:00,90.77011108398438,54.32340240478516,59.08487701416016,40.209739685058594,36.954586029052734
2018-12-10 00:00:00-05:00,90.33782958984376,53.73820114135742,58.24776077270508,40.154762268066406,36.03587341308594
2018-12-11 00:00:00-05:00,90.75440979003906,53.936012268066406,58.35431671142578,40.23611831665039,35.40909194946289
2018-12-12 00:00:00-05:00,90.87229919433594,53.79591369628906,57.8520393371582,39.86889266967773,35.58080291748047
2018-12-13 00:00:00-05:00,91.12380981445312,54.50472259521485,58.582618713378906,40.064598083496094,35.22019958496094
2018-12-14 00:00:00-05:00,89.46541595458984,53.20248031616211,57.51719284057617,39.85350799560547,33.5716552734375
2018-12-17 00:00:00-05:00,88.38079833984375,52.02386093139648,56.3452377319336,38.62430191040039,33.52872848510742
2018-12-18 00:00:00-05:00,86.2508544921875,51.02657699584961,54.79277801513672,38.70125579833984,32.48981475830078
2018-12-19 00:00:00-05:00,84.74968719482422,50.50732421875,53.86435317993164,38.37582015991211,32.44688415527344
2018-12-20 00:00:00-05:00,82.50971221923828,49.45234298706055,52.22817993164063,38.46157455444336,31.081697463989254
2018-12-21 00:00:00-05:00,81.90453338623047,49.287506103515625,51.84006881713867,38.28566360473633,30.65238380432129
2018-12-24 00:00:00-05:00,79.37374114990234,46.98796844482422,49.853816986083984,36.959693908691406,30.214488983154297
2018-12-26 00:00:00-05:00,84.40386962890625,50.68864440917969,52.235782623291016,37.456668853759766,31.43370819091797
2018-12-27 00:00:00-05:00,85.92076873779297,51.290321350097656,52.464088439941406,37.85686492919922,31.193323135375977
2018-12-28 00:00:00-05:00,85.39415740966797,50.82876586914063,51.87809753417969,37.980010986328125,31.425127029418945
2018-12-31 00:00:00-05:00,85.50420379638672,51.38922119140625,51.8933219909668,38.22189331054688,30.97865867614746
2019-01-02 00:00:00-05:00,86.99752044677734,52.23815155029297,53.034854888916016,37.34451675415039,31.940305709838867
2019-01-03 00:00:00-05:00,85.331298828125,51.24910736083984,52.22056198120117,37.25217056274414,32.28374481201172
2019-01-04 00:00:00-05:00,87.09968566894531,52.54310607910156,54.14592742919922,37.938232421875,33.563072204589844
2019-01-07 00:00:00-05:00,88.23147583007812,52.31233596801758,54.42749786376953,37.88325881958008,34.490386962890625
2019-01-08 00:00:00-05:00,87.84635162353516,53.01290512084961,54.82321548461914,38.16032791137695,34.9196891784668
2019-01-09 00:00:00-05:00,89.02528381347656,54.76845550537109,55.11240005493164,37.99540710449219,35.40909194946289
2019-01-10 00:00:00-05:00,89.16676330566406,55.996524810791016,54.83082962036133,38.567115783691406,35.76112365722656
2019-01-11 00:00:00-05:00,88.45153045654297,54.719017028808594,54.57969284057617,38.63750076293945,35.83839797973633
2019-01-14 00:00:00-05:00,87.80705261230469,54.07613754272461,54.51120376586914,37.6523666381836,35.4777717590332
2019-01-15 00:00:00-05:00,88.12145233154297,54.42229461669922,54.541648864746094,38.4197998046875,35.82122039794922
2019-01-16 00:00:00-05:00,87.5555419921875,54.11734771728516,54.5188102722168,38.41099548339844,35.417667388916016
2019-01-17 00:00:00-05:00,87.99568176269531,55.27122497558594,54.8917236328125,38.5891227722168,35.52070236206055
2019-01-18 00:00:00-05:00,89.88984680175781,55.96355438232422,55.546180725097656,38.72105026245117,38.40563583374024
2019-01-22 00:00:00-05:00,88.29434967041016,54.191524505615234,54.70905685424805,39.00471878051758,37.744510650634766
2019-01-23 00:00:00-05:00,87.54769897460938,54.282188415527344,54.26006317138672,39.44449996948242,37.1864128112793
2019-01-24 00:00:00-05:00,89.21391296386719,54.49647903442383,54.33617401123047,39.64241409301758,37.40106201171875
2019-01-25 00:00:00-05:00,88.98599243164062,55.21352767944336,54.57969284057617,38.30545425415039,38.63745880126953
2019-01-28 00:00:00-05:00,88.1607437133789,53.86185073852539,54.21441268920898,37.92504501342773,37.98492813110352
2019-01-29 00:00:00-05:00,87.8935317993164,53.82063293457031,54.41989135742188,38.01079940795898,37.77884292602539
2019-01-30 00:00:00-05:00,88.82093811035156,54.14207458496094,55.01348114013672,38.17131805419922,38.63745880126953
2019-01-31 00:00:00-05:00,90.1098861694336,55.79048538208008,55.76686477661133,39.356544494628906,37.95915985107422
2019-02-01 00:00:00-05:00,93.0336685180664,56.606441497802734,57.77593612670898,39.101470947265625,38.259674072265625
2019-02-04 00:00:00-05:00,94.11042785644533,57.636695861816406,56.93882369995117,39.16305160522461,38.29401779174805
2019-02-05 00:00:00-05:00,93.90608978271484,57.08448791503906,57.524810791015625,39.17842483520508,38.75767517089844
2019-02-06 00:00:00-05:00,93.43449401855467,56.96083450317383,57.27367782592773,39.16305160522461,38.69757080078125
2019-02-07 00:00:00-05:00,92.92363739013672,55.61740112304688,56.83228302001953,39.87769317626953,37.31520462036133
2019-02-08 00:00:00-05:00,92.41278076171876,54.85981750488281,56.92463302612305,40.24271774291992,36.73134613037109
2019-02-11 00:00:00-05:00,91.91761016845705,55.25724792480469,57.01695251464844,40.24271774291992,37.51268005371094
2019-02-12 00:00:00-05:00,93.3087387084961,55.84508514404297,58.01726150512695,40.29988479614258,38.26831817626953
2019-02-13 00:00:00-05:00,93.97682189941406,56.11831283569336,58.67128753662109,40.20753479003906,38.58100128173828
2019-02-14 00:00:00-05:00,93.80216217041016,57.21120071411133,58.68667602539063,40.154762268066406,38.33780288696289
2019-02-15 00:00:00-05:00,94.74687957763672,58.10538864135742,59.79470443725586,40.469200134277344,39.04133605957031
2019-02-19 00:00:00-05:00,94.71508026123048,57.534088134765625,60.1948471069336,40.76166915893555,39.55377197265625
2019-02-20 00:00:00-05:00,95.4851531982422,58.49451446533203,60.42565536499024,40.82102966308594,39.866455078125
2019-02-21 00:00:00-05:00,94.58014678955078,58.15506362915039,59.87936019897461,41.02333450317383,38.84157180786133
2019-02-22 00:00:00-05:00,94.7786102294922,57.9315185546875,60.34103393554688,41.368560791015625,38.52888870239258
2019-02-25 00:00:00-05:00,94.9612045288086,57.33538436889648,60.40258407592773,41.3135986328125,38.9023666381836
2019-02-26 00:00:00-05:00,95.21522521972656,57.06216049194336,60.52569580078125,41.39056396484375,38.4854621887207
2019-02-27 00:00:00-05:00,95.32636260986328,57.31055450439453,61.14895248413086,41.35292816162109,38.52019500732422
2019-02-28 00:00:00-05:00,94.92943572998048,56.17625045776367,60.81039047241211,41.55436325073242,38.26831817626953
2019-03-01 00:00:00-05:00,96.87439727783205,57.07045364379883,61.556766510009766,41.51894760131836,39.249778747558594
2019-03-04 00:00:00-05:00,96.94583892822266,57.87354278564453,61.7952880859375,41.66947555541992,39.29320907592773
2019-03-05 00:00:00-05:00,97.87464904785156,57.13669204711914,61.702972412109375,41.68718338012695,38.9023666381836
2019-03-06 00:00:00-05:00,98.06517791748048,56.540565490722656,61.00275802612305,41.52116775512695,37.66901779174805
2019-03-07 00:00:00-05:00,96.80294799804688,56.259056091308594,61.67987823486328,41.60084533691406,36.90469741821289
2019-03-08 00:00:00-05:00,96.54889678955078,54.172630310058594,60.79500198364258,41.77130126953125,35.86244583129883
2019-03-11 00:00:00-04:00,98.13663482666016,54.53692626953125,61.38749313354492,41.94839096069336,36.5485954284668
2019-03-12 00:00:00-04:00,98.35892486572266,54.33822250366211,61.556766510009766,42.256080627441406,36.99155807495117
2019-03-13 00:00:00-04:00,98.97016143798828,55.76229476928711,62.10309982299805,42.2738037109375,37.47794723510742
2019-03-14 00:00:00-04:00,98.91461181640624,55.48906326293945,61.89533615112305,42.276004791259766,37.42583084106445
2019-03-15 00:00:00-04:00,99.47824096679688,55.96099472045898,61.67218399047852,42.33356857299805,36.81784057617188
2019-03-18 00:00:00-04:00,99.93074798583984,55.9775505065918,62.38779067993164,42.25166320800781,37.66033554077149
2019-03-19 00:00:00-04:00,99.45443725585938,55.76229476928711,62.22620391845703,41.72703170776367,37.56479644775391
2019-03-20 00:00:00-04:00,98.9860610961914,55.91960525512695,62.57245635986328,42.03029251098633,38.46809387207031
2019-03-21 00:00:00-04:00,99.91486358642578,56.41637802124024,62.93410110473633,42.48188018798828,38.40728759765625
2019-03-22 00:00:00-04:00,97.71587371826172,54.7025032043457,61.92610549926758,42.92903518676758,36.8873291015625
2019-03-25 00:00:00-04:00,97.5571060180664,55.53045654296875,61.49521255493164,42.85819625854492,36.8873291015625
2019-03-26 00:00:00-04:00,98.54148864746094,56.76411437988281,62.29545211791992,43.1658935546875,37.39108276367188
2019-03-27 00:00:00-04:00,97.47771453857422,56.2259407043457,61.81840896606445,42.92681884765625,37.06972503662109
2019-03-28 00:00:00-04:00,97.66030883789062,55.78712844848633,62.12617492675781,42.48409271240234,37.88616180419922
2019-03-29 00:00:00-04:00,97.7873306274414,55.25724792480469,62.17232894897461,42.79400634765625,37.84272766113281
2019-04-01 00:00:00-04:00,99.18451690673828,56.04378509521485,62.88794708251953,42.16753005981445,38.87630844116211
2019-04-02 00:00:00-04:00,99.17656707763672,54.93434143066406,62.61862182617188,41.943965911865234,38.64180374145508
2019-04-03 00:00:00-04:00,98.35096740722656,54.23887252807617,62.249290466308594,41.906341552734375,37.86009979248047
2019-04-04 00:00:00-04:00,99.07335662841795,53.94909286499024,63.13416290283203,41.704891204833984,38.30305480957031
2019-04-05 00:00:00-04:00,100.35943603515624,54.7439079284668,63.47272109985352,42.076786041259766,39.084747314453125
2019-04-08 00:00:00-04:00,100.56584167480467,55.09993362426758,63.86517333984375,41.75802230834961,40.1009635925293
2019-04-09 00:00:00-04:00,99.66083526611328,54.39617156982422,63.04181289672852,41.994876861572266,39.58852005004883
2019-04-10 00:00:00-04:00,99.62114715576172,55.44767379760742,62.75713348388672,41.75358963012695,39.562461853027344
2019-04-11 00:00:00-04:00,100.01806640625,54.950904846191406,63.05721664428711,42.06792831420898,39.35401916503906
2019-04-12 00:00:00-04:00,95.07232666015624,55.77885818481445,62.2646598815918,42.24723815917969,39.649322509765625
2019-04-15 00:00:00-04:00,95.37399291992188,54.92606735229492,62.05691909790039,42.315860748291016,40.30073165893555
2019-04-16 00:00:00-04:00,96.19166564941406,54.51208114624024,62.48012161254883,41.952823638916016,41.117164611816406
2019-04-17 00:00:00-04:00,95.47720336914062,54.46240234375,62.65711212158203,41.98159790039063,41.17795944213867
2019-04-18 00:00:00-04:00,95.15171813964844,54.561767578125,62.42625045776367,41.91740036010742,39.57114410400391
2019-04-22 00:00:00-04:00,96.77118682861328,55.43937683105469,63.788211822509766,42.143192291259766,39.823028564453125
2019-04-23 00:00:00-04:00,96.86644744873048,55.01713562011719,64.15756225585938,42.01259231567383,39.8577766418457
2019-04-24 00:00:00-04:00,93.8974380493164,53.56821441650391,62.91102600097656,42.07236099243164,38.4246711730957
2019-04-25 00:00:00-04:00,93.59576416015624,52.96384048461914,63.26497268676758,42.16532516479492,37.60823059082031
2019-04-26 00:00:00-04:00,92.96067810058594,51.97856140136719,61.93381118774414,42.43760299682617,37.60823059082031
2019-04-29 00:00:00-04:00,93.45286560058594,51.870941162109375,61.5337028503418,42.45088577270508,37.721134185791016
2019-04-30 00:00:00-04:00,95.3105010986328,52.260066986083984,61.77220916748047,43.04193115234375,37.06972503662109
2019-05-01 00:00:00-04:00,93.52430725097656,51.887489318847656,60.53337860107422,42.78293228149414,35.93191909790039
2019-05-02 00:00:00-04:00,92.38909912109376,50.74492645263672,59.471527099609375,42.43981552124024,35.71479034423828
2019-05-03 00:00:00-04:00,93.09563446044922,51.3410530090332,59.61004638671875,42.592559814453125,35.853759765625
2019-05-06 00:00:00-04:00,93.99268341064452,51.2334098815918,59.348426818847656,42.25830078125,35.81901550292969
2019-05-07 00:00:00-04:00,93.88948822021484,50.50481796264648,59.03295516967773,42.00373458862305,35.26313400268555
2019-05-08 00:00:00-04:00,93.27823638916016,50.86084747314453,59.125274658203125,41.58979034423828,34.976524353027344
2019-05-09 00:00:00-04:00,96.20755767822266,50.95191955566406,59.0714111328125,41.75137710571289,34.976524353027344
2019-05-10 00:00:00-04:00,96.8426284790039,51.52187728881836,59.585086822509766,42.44868087768555,34.35984420776367
2019-05-13 00:00:00-04:00,95.61217498779295,50.91446685791016,58.92354202270508,43.150390625,33.14387893676758
2019-05-14 00:00:00-04:00,96.56478881835938,51.85471725463867,59.00136947631836,43.14375686645508,33.87345504760742
2019-05-15 00:00:00-04:00,96.96170806884766,51.62174224853516,59.43720626831055,43.1348991394043,34.16007614135742
2019-05-16 00:00:00-04:00,96.84147644042967,52.062721252441406,59.42941284179688,43.63297271728516,34.62040328979492
2019-05-17 00:00:00-04:00,96.61701202392578,51.671653747558594,59.0792121887207,44.04692459106445,33.890830993652344
2019-05-20 00:00:00-04:00,96.87354278564452,51.96287536621094,59.07141876220703,44.12882232666016,33.97767639160156
2019-05-21 00:00:00-04:00,97.27436065673828,52.9364013671875,59.34379577636719,44.02921295166016,34.30772399902344
2019-05-22 00:00:00-04:00,96.6570816040039,52.46212387084961,58.80679702758789,44.69993591308594,33.30021286010742
2019-05-23 00:00:00-04:00,94.49256896972656,49.508262634277344,57.42926406860352,45.05413055419922,32.56195068359375
2019-05-24 00:00:00-04:00,95.16598510742188,49.82445526123047,57.670509338378906,45.01871109008789,32.13636016845703
2019-05-28 00:00:00-04:00,94.8453140258789,49.96591567993164,56.5108757019043,44.531700134277344,31.702083587646484
2019-05-29 00:00:00-04:00,93.61075592041016,50.04079818725586,56.16065216064453,43.98935317993164,31.42414665222168
2019-05-30 00:00:00-04:00,92.49642944335938,49.05063247680664,56.01277160644531,44.0380744934082,30.555604934692383
2019-05-31 00:00:00-04:00,91.2698745727539,49.05895233154297,55.07884979248047,44.153907775878906,30.130002975463867
2019-06-03 00:00:00-04:00,92.98543548583984,49.44169998168945,55.942718505859375,44.459083557128906,30.824853897094727
2019-06-04 00:00:00-04:00,94.03564453125,49.17543411254883,57.27359390258789,44.41453552246094,31.476757049560547
2019-06-05 00:00:00-04:00,94.3162078857422,47.49465560913086,56.79884719848633,45.588504791259766,30.780797958374023
2019-06-06 00:00:00-04:00,96.74527740478516,48.42656707763672,57.83395767211914,45.83576965332031,30.877704620361328
2019-06-07 00:00:00-04:00,97.3865966796875,49.05895233154297,58.04408645629883,45.53058242797852,31.36223602294922
2019-06-10 00:00:00-04:00,98.03594970703124,49.30856704711914,58.30092239379883,45.314491271972656,31.247711181640625
2019-06-11 00:00:00-04:00,97.13807678222656,48.867584228515625,58.24644088745117,44.991493225097656,32.32247543334961
2019-06-12 00:00:00-04:00,96.3524398803711,48.7177963256836,57.61604309082031,45.566219329833984,31.34461784362793
2019-06-13 00:00:00-04:00,96.92965698242188,49.14215469360352,58.12190628051758,45.615234375,32.41057586669922
2019-06-14 00:00:00-04:00,96.8494873046875,48.94245910644531,57.86508941650391,46.10307693481445,31.6529483795166
2019-06-17 00:00:00-04:00,97.31443786621094,49.100547790527344,58.441017150878906,45.97164916992188,32.29605484008789
2019-06-18 00:00:00-04:00,98.54901885986328,49.7828483581543,58.94689178466797,45.76002883911133,32.533905029296875
2019-06-19 00:00:00-04:00,98.5169448852539,49.63307571411133,58.62002182006836,45.94270324707031,32.163909912109375
2019-06-20 00:00:00-04:00,99.63126373291016,50.50675201416016,59.62399673461914,45.973876953125,33.69678497314453
2019-06-21 00:00:00-04:00,100.15234375,50.19888687133789,60.46453475952149,46.23451232910156,34.25178527832031
2019-06-24 00:00:00-04:00,100.13632202148438,50.35698318481445,59.88860702514648,46.37930679321289,34.04916763305664
2019-06-25 00:00:00-04:00,99.1182098388672,49.7329216003418,59.359371185302734,45.93824005126953,33.98749923706055
2019-06-26 00:00:00-04:00,99.3506851196289,52.212501525878906,59.6162109375,45.23653793334961,34.3751220703125
2019-06-27 00:00:00-04:00,98.69332122802734,50.98102951049805,59.00914764404297,45.566219329833984,34.45440673828125
2019-06-28 00:00:00-04:00,99.75955200195312,50.75637435913086,59.63954925537109,45.63528060913086,35.0094108581543
2019-07-01 00:00:00-04:00,100.0802001953125,51.79647064208984,59.585086822509766,45.44815444946289,34.639404296875
2019-07-02 00:00:00-04:00,98.54901885986328,50.007511138916016,58.93132400512695,46.25902557373047,34.51607894897461
2019-07-03 00:00:00-04:00,98.88571166992188,50.34033966064453,59.49169921875,46.49737548828125,34.78917694091797
2019-07-05 00:00:00-04:00,99.03803253173828,49.841094970703125,59.25041198730469,46.359256744384766,34.85965347290039
2019-07-08 00:00:00-04:00,99.08614349365234,49.8327751159668,59.52282333374024,46.58648300170898,35.14154815673828
2019-07-09 00:00:00-04:00,98.88571166992188,49.8327751159668,59.4839096069336,46.37040328979492,35.41465377807617
2019-07-10 00:00:00-04:00,100.56120300292967,50.93110656738281,60.32444381713867,46.6644401550293,35.7846565246582
2019-07-11 00:00:00-04:00,100.5531997680664,51.13912963867188,60.37113952636719,46.869388580322266,36.092994689941406
2019-07-12 00:00:00-04:00,100.9940948486328,51.38875579833984,60.4178466796875,46.49737548828125,35.95204162597656
2019-07-15 00:00:00-04:00,100.78567504882812,50.46515655517578,59.989784240722656,46.52410888671875,35.65251541137695
2019-07-16 00:00:00-04:00,100.01608276367188,49.71628189086914,59.0947494506836,46.30802917480469,35.300132751464844
2019-07-17 00:00:00-04:00,99.51903533935548,49.74124526977539,58.74454879760742,46.760231018066406,34.03154754638672
2019-07-18 00:00:00-04:00,99.9519271850586,50.1905632019043,58.24644088745117,47.305999755859375,34.1636848449707
2019-07-19 00:00:00-04:00,100.24053955078124,50.45400238037109,58.36317443847656,46.72013854980469,34.10202407836914
2019-07-22 00:00:00-04:00,100.4569854736328,50.54598617553711,58.42544937133789,46.6377182006836,34.78917694091797
2019-07-23 00:00:00-04:00,100.86583709716795,50.41218566894531,58.6589241027832,46.17882537841797,35.01822662353516
2019-07-24 00:00:00-04:00,101.44304656982422,50.244930267333984,58.65114212036133,46.793643951416016,35.5291862487793
2019-07-25 00:00:00-04:00,100.71351623535156,49.37517929077149,58.31648635864258,46.25232696533203,35.194419860839844
2019-07-26 00:00:00-04:00,99.1823501586914,49.13264465332031,58.22307968139648,46.59538269042969,35.247276306152344
2019-07-29 00:00:00-04:00,99.5911865234375,48.66431427001953,58.63558578491211,47.08769607543945,34.54249954223633
2019-07-30 00:00:00-04:00,99.67936706542967,49.76823043823242,58.643348693847656,46.64438629150391,34.842037200927734
2019-07-31 00:00:00-04:00,98.69332122802734,49.40862274169922,57.87285614013672,46.14985656738281,35.212032318115234
2019-08-01 00:00:00-04:00,96.79337310791016,49.174461364746094,56.39413833618164,46.838191986083984,33.92582702636719
2019-08-02 00:00:00-04:00,96.78534698486328,47.22589111328125,55.841552734375,47.094383239746094,32.96558380126953
2019-08-05 00:00:00-04:00,95.19001770019533,45.728912353515625,54.69747924804688,46.34589385986328,31.70580291748047
2019-08-06 00:00:00-04:00,95.7030792236328,45.35256576538086,55.22671508789063,47.09214019775391,31.23889923095703
2019-08-07 00:00:00-04:00,95.47863006591795,44.59153747558594,54.86870956420898,47.41961288452149,30.60460662841797
2019-08-08 00:00:00-04:00,98.78952026367188,46.0550537109375,56.33186340332031,47.94309997558594,31.01866149902344
2019-08-09 00:00:00-04:00,98.14014434814452,45.168575286865234,55.13331604003906,48.22379302978516,30.41959953308105
2019-08-12 00:00:00-04:00,97.44270324707033,44.424278259277344,54.86542510986328,47.99433517456055,30.1905517578125
2019-08-13 00:00:00-04:00,98.1161117553711,45.05149459838867,55.54305648803711,48.03220748901367,30.50770378112793
2019-08-14 00:00:00-04:00,94.38835144042967,43.30362701416016,53.30525970458984,47.88518905639648,28.49029922485352
2019-08-15 00:00:00-04:00,93.75505065917967,42.5760498046875,52.990081787109375,48.373043060302734,27.88243293762207
2019-08-16 00:00:00-04:00,93.79553985595705,43.04438018798828,53.81742477416992,48.45768356323242,28.82506561279297
2019-08-19 00:00:00-04:00,95.0103988647461,45.110050201416016,54.72358703613281,48.7762451171875,30.040790557861328
2019-08-20 00:00:00-04:00,94.05470275878906,44.08138275146485,54.39263916015625,48.81410598754883,29.864601135253903
2019-08-21 00:00:00-04:00,95.47205352783205,44.01449203491211,54.93632888793945,49.2885971069336,29.679594039916992
2019-08-22 00:00:00-04:00,95.35057830810548,43.70506286621094,54.818138122558594,49.36878967285156,29.69721794128418
2019-08-23 00:00:00-04:00,93.2853012084961,42.1662712097168,53.1791877746582,49.4311637878418,28.217199325561523
2019-08-26 00:00:00-04:00,93.73883056640624,42.96075439453125,53.46285629272461,49.81430816650391,27.82957649230957
2019-08-27 00:00:00-04:00,93.81173706054688,42.63460159301758,52.942813873291016,49.90118408203125,27.53005027770996
2019-08-28 00:00:00-04:00,94.62165832519533,43.44580459594727,53.328887939453125,49.54949951171875,27.85600471496582
2019-08-29 00:00:00-04:00,95.18048858642578,43.73015594482422,53.919864654541016,49.53380584716797,28.419816970825195
2019-08-30 00:00:00-04:00,95.34246063232422,43.63815307617188,53.95927047729492,49.07683181762695,28.5695858001709
2019-09-03 00:00:00-04:00,94.16810607910156,43.52106857299805,54.02230072021485,50.52842712402344,28.381685256958008
2019-09-04 00:00:00-04:00,94.96180725097656,44.574806213378906,54.59751892089844,50.205848693847656,29.509077072143555
2019-09-05 00:00:00-04:00,95.27767944335938,44.691890716552734,55.36971664428711,49.240352630615234,30.47541618347168
2019-09-06 00:00:00-04:00,95.77982330322266,44.85078811645508,55.88975143432617,49.31428146362305,30.600679397583008
2019-09-09 00:00:00-04:00,96.69499969482422,45.971439361572266,56.331016540527344,49.25827026367188,32.41703796386719
2019-09-10 00:00:00-04:00,98.68738555908205,47.10043716430664,56.78804397583008,48.86177444458008,33.51759719848633
2019-09-11 00:00:00-04:00,98.22573852539062,47.83638381958008,56.677711486816406,49.29636001586914,33.39232635498047
2019-09-12 00:00:00-04:00,98.339111328125,47.12553405761719,56.71712112426758,49.44868087768555,33.01652145385742
2019-09-13 00:00:00-04:00,98.4039077758789,47.95346450805664,57.23716354370117,48.94466018676758,33.40126037597656
2019-09-16 00:00:00-04:00,100.52587127685548,52.29386138916016,58.09604263305664,48.904335021972656,35.172882080078125
2019-09-17 00:00:00-04:00,100.33960723876952,51.19830322265625,57.65478897094727,49.78022766113281,34.152862548828125
2019-09-18 00:00:00-04:00,100.57449340820312,50.18638610839844,57.37899398803711,50.15657424926758,34.027610778808594
2019-09-19 00:00:00-04:00,100.15332794189452,50.15293502807617,56.99290084838867,50.38058090209961,33.78601837158203
2019-09-20 00:00:00-04:00,100.6878662109375,50.86378860473633,56.79591751098633,50.56427383422852,33.37443161010742
2019-09-23 00:00:00-04:00,101.15762329101562,50.328556060791016,56.83531188964844,50.46570587158203,33.40126037597656
2019-09-24 00:00:00-04:00,100.2181167602539,49.59261322021485,56.05523300170898,51.18927764892578,31.817554473876957
2019-09-25 00:00:00-04:00,100.03184509277344,49.74314498901367,56.22070693969727,51.38191986083984,31.531230926513672
2019-09-26 00:00:00-04:00,97.3186492919922,48.23780822753906,55.92127990722656,51.90835571289063,30.90489387512207
2019-09-27 00:00:00-04:00,96.05517578125,48.42179107666016,56.32313919067383,51.805301666259766,30.717002868652344
2019-09-30 00:00:00-04:00,96.05517578125,47.65239334106445,55.63761901855469,52.19285583496094,30.57383728027344
2019-10-01 00:00:00-04:00,93.95751190185548,46.1219596862793,54.32959365844727,51.9777946472168,29.258546829223636
2019-10-02 00:00:00-04:00,90.94467163085938,44.3824577331543,52.911277770996094,51.323673248291016,28.417478561401367
2019-10-03 00:00:00-04:00,91.64119720458984,44.87587738037109,53.56528854370117,51.56113052368164,28.67695426940918
2019-10-04 00:00:00-04:00,92.20813751220705,44.7420654296875,54.34536743164063,52.327266693115234,28.52484893798828
2019-10-07 00:00:00-04:00,91.73028564453124,45.66200637817383,53.5968017578125,52.09428405761719,28.453266143798828
2019-10-08 00:00:00-04:00,90.4748992919922,45.07659149169922,52.55670547485352,51.51632690429688,27.47798156738281
2019-10-09 00:00:00-04:00,91.63307189941406,45.94634246826172,53.13980102539063,52.27573394775391,27.647985458374023
2019-10-10 00:00:00-04:00,92.80743408203124,46.73245620727539,53.77803039550781,51.971073150634766,27.80009078979492
2019-10-11 00:00:00-04:00,94.0709228515625,47.19242858886719,54.353248596191406,51.42000579833984,29.06169891357422
2019-10-14 00:00:00-04:00,94.09520721435548,46.941532135009766,54.510833740234375,51.276641845703125,29.14222717285156
2019-10-15 00:00:00-04:00,94.20050048828124,46.79100799560547,54.699951171875,50.971981048583984,29.356969833374023
2019-10-16 00:00:00-04:00,93.22862243652344,46.01578903198242,53.76227569580078,51.50288772583008,28.587482452392575
2019-10-17 00:00:00-04:00,93.4229736328125,45.94839096069336,53.69136047363281,51.7672233581543,28.53379440307617
2019-10-18 00:00:00-04:00,92.92894744873048,45.45965576171875,53.27374649047852,52.07860565185547,28.90959358215332
2019-10-21 00:00:00-04:00,94.44347381591795,47.15333557128906,54.16413879394531,52.15029525756836,30.054882049560547
2019-10-22 00:00:00-04:00,95.40725708007812,47.64205932617188,54.439918518066406,52.9208984375,31.15543556213379
2019-10-23 00:00:00-04:00,95.55305480957033,47.397705078125,54.9599723815918,52.86713409423828,31.61175346374512
2019-10-24 00:00:00-04:00,95.22908020019533,47.32185745239258,54.439918518066406,53.21434783935547,31.4149169921875
2019-10-25 00:00:00-04:00,96.11188507080078,47.481964111328125,54.56599044799805,53.064266204833984,31.39701461791992
2019-10-28 00:00:00-04:00,95.9579849243164,46.91740417480469,54.0853385925293,52.246620178222656,31.334375381469727
2019-10-29 00:00:00-04:00,95.67452239990234,48.105506896972656,53.92774963378906,52.10548782348633,31.128591537475582
2019-10-30 00:00:00-04:00,94.2410125732422,46.37812423706055,53.36042022705078,52.74617385864258,29.61644554138184
2019-10-31 00:00:00-04:00,94.06282043457033,46.512943267822266,53.24223327636719,53.39132308959961,29.24959754943848
2019-11-01 00:00:00-04:00,94.1195068359375,48.15605545043945,54.84176635742188,52.80217361450195,30.81542015075684
2019-11-04 00:00:00-05:00,98.46060180664062,48.872291564941406,56.47285079956055,51.43344879150391,32.42599105834961
2019-11-05 00:00:00-05:00,98.76029205322266,49.30203628540039,57.59175491333008,50.87564849853516,32.85546875
2019-11-06 00:00:00-05:00,97.10807037353516,48.56051635742188,56.331016540527344,50.96078109741211,31.817554473876957
2019-11-07 00:00:00-05:00,98.71978759765624,50.1699447631836,57.52870941162109,49.97511672973633,32.28282928466797
2019-11-08 00:00:00-05:00,97.9422836303711,49.84974670410156,56.43618774414063,49.74886703491211,32.51546096801758
2019-11-11 00:00:00-05:00,97.84510040283205,49.63908767700195,56.09328079223633,49.78022766113281,32.578102111816406
2019-11-12 00:00:00-05:00,97.9665756225586,49.06609344482422,55.31976318359375,50.00424575805664,32.399139404296875
2019-11-13 00:00:00-05:00,99.03564453125,48.50154113769531,54.86520004272461,51.05486297607422,31.343334197998047
2019-11-14 00:00:00-05:00,98.77649688720705,48.24032974243164,54.62596130371094,51.49393081665039,31.05699920654297
2019-11-15 00:00:00-05:00,98.67015838623048,49.08296585083008,55.17620086669922,51.84114074707031,31.63861083984375
2019-11-18 00:00:00-05:00,96.96075439453124,47.77688217163086,54.64189529418945,52.00691986083984,31.03910255432129
2019-11-19 00:00:00-05:00,95.24320220947266,48.17290496826172,54.083683013916016,52.118927001953125,30.69910049438477
2019-11-20 00:00:00-05:00,95.97112274169922,50.01826477050781,54.25114440917969,52.6923942565918,32.33651351928711
2019-11-21 00:00:00-05:00,97.14069366455078,50.734493255615234,55.55897903442383,52.67448425292969,32.765995025634766
2019-11-22 00:00:00-05:00,97.02619934082033,50.47328186035156,55.31976318359375,52.280216217041016,32.75704574584961
2019-11-25 00:00:00-05:00,96.82173919677734,51.44230270385742,54.952911376953125,52.09652328491211,33.177581787109375
2019-11-26 00:00:00-05:00,96.33917236328124,50.65023040771485,54.81734085083008,52.62519073486328,32.56020736694336
2019-11-27 00:00:00-05:00,96.56818389892578,50.84403991699219,54.78544235229492,52.49007034301758,32.90021514892578
2019-11-29 00:00:00-05:00,95.79934692382812,50.506980895996094,54.33089447021485,52.658973693847656,32.390193939208984
2019-12-02 00:00:00-05:00,95.52946472167967,50.86930847167969,54.56216430664063,52.08018493652344,32.533355712890625
2019-12-03 00:00:00-05:00,94.78517150878906,49.62222671508789,54.13153076171875,52.300880432128906,31.744070053100582
2019-12-04 00:00:00-05:00,95.64395904541016,51.0883903503418,54.74557495117188,52.75806427001953,32.832740783691406
2019-12-05 00:00:00-05:00,95.14505004882812,50.42272567749024,54.5541877746582,52.82562255859375,32.52428436279297
2019-12-06 00:00:00-05:00,96.51910400390624,52.2175178527832,55.43139266967773,52.7873420715332,33.467803955078125
2019-12-09 00:00:00-05:00,95.93840026855467,52.099552154541016,55.5510139465332,52.76032257080078,33.71276092529297
2019-12-10 00:00:00-05:00,96.42095184326172,52.040557861328125,55.07252883911133,52.80086135864258,33.87605667114258
2019-12-11 00:00:00-05:00,95.06324768066406,51.97315216064453,54.9927864074707,53.100379943847656,34.837730407714844
2019-12-12 00:00:00-05:00,97.17340850830078,52.73994827270508,56.09328079223633,52.67699432373047,35.44557571411133
2019-12-13 00:00:00-05:00,96.47821807861328,52.832645416259766,55.20811080932617,53.36388397216797,35.38206481933594
2019-12-16 00:00:00-05:00,97.62325286865234,52.93374252319336,55.82215118408203,53.931419372558594,35.744956970214844
2019-12-17 00:00:00-05:00,97.00164031982422,53.52359771728516,55.56695938110352,54.01025390625,35.79938888549805
2019-12-18 00:00:00-05:00,96.96075439453124,53.25395202636719,55.718482971191406,54.116092681884766,35.944549560546875
2019-12-19 00:00:00-05:00,96.61724853515624,53.24552154541016,55.335693359375,54.19717025756836,35.935482025146484
2019-12-20 00:00:00-05:00,97.88497924804688,53.692115783691406,55.7743034362793,54.66111373901367,35.772178649902344
2019-12-23 00:00:00-05:00,98.41661071777344,54.43362808227539,56.05340194702149,53.776023864746094,37.00601577758789
2019-12-24 00:00:00-05:00,98.42477416992188,54.49260711669922,55.83810043334961,54.165645599365234,36.878997802734375
2019-12-26 00:00:00-05:00,98.63744354248048,54.77066421508789,55.925819396972656,54.4921989440918,36.352806091308594
2019-12-27 00:00:00-05:00,98.39207458496094,54.75381851196289,55.73442840576172,54.616058349609375,36.289306640625
2019-12-30 00:00:00-05:00,98.02400970458984,54.44205093383789,55.40746688842773,54.34131240844727,36.65219879150391
2019-12-31 00:00:00-05:00,98.56383514404295,54.79595947265625,55.64669418334961,54.5372428894043,36.470741271972656
2020-01-02 00:00:00-05:00,99.31629943847656,55.15827560424805,56.539852142333984,53.739990234375,36.44353485107422
2020-01-03 00:00:00-05:00,98.9727783203125,55.36051559448242,56.08531951904297,54.122859954833984,36.79735565185547
2020-01-06 00:00:00-05:00,98.63744354248048,56.01776885986328,56.51593399047852,54.39310073852539,37.0332260131836
2020-01-07 00:00:00-05:00,97.3778839111328,56.01776885986328,56.05340194702149,54.34580993652344,36.84271240234375
2020-01-08 00:00:00-05:00,96.26553344726562,54.72011184692383,55.20811080932617,54.3210334777832,35.754032135009766
2020-01-09 00:00:00-05:00,96.11017608642578,55.67227935791016,55.63075256347656,54.746681213378906,36.16229248046875
2020-01-10 00:00:00-05:00,95.23503112792967,55.12457275390625,55.13633728027344,54.85027694702149,36.13507080078125
2020-01-13 00:00:00-05:00,95.41495513916016,54.88022232055664,55.66264343261719,55.49214553833008,35.59072494506836
2020-01-14 00:00:00-05:00,95.12051391601562,54.88864135742188,55.18417739868164,55.79166412353516,35.86290740966797
2020-01-15 00:00:00-05:00,94.9814910888672,54.77066421508789,55.096458435058594,56.65873718261719,34.77422332763672
2020-01-16 00:00:00-05:00,95.60306549072266,54.82965850830078,54.88114929199219,56.81412506103516,35.182472229003906
2020-01-17 00:00:00-05:00,94.5316390991211,54.82965850830078,54.673805236816406,57.06861877441406,34.81051254272461
2020-01-21 00:00:00-05:00,92.67503356933594,53.95332336425781,53.89229965209961,57.854610443115234,33.52223205566406
2020-01-22 00:00:00-05:00,92.33968353271484,53.093841552734375,53.58129119873047,58.532501220703125,33.277286529541016
2020-01-23 00:00:00-05:00,92.50328063964844,53.20338821411133,53.24635314941406,58.57302474975586,33.050479888916016
2020-01-24 00:00:00-05:00,91.48089599609376,52.76522445678711,52.88749313354492,59.3928108215332,32.45170974731445
2020-01-27 00:00:00-05:00,90.28678894042967,51.433876037597656,51.62751388549805,60.07294845581055,30.809616088867188
2020-01-28 00:00:00-05:00,90.88385009765624,51.55183029174805,51.55573654174805,59.86349868774414,30.809616088867188
2020-01-29 00:00:00-05:00,90.27043151855467,50.97043228149414,51.12510681152344,59.85223388671875,30.600954055786133
2020-01-30 00:00:00-05:00,91.11286163330078,51.30748748779297,51.66738510131836,60.7913703918457,30.88219451904297
2020-01-31 00:00:00-05:00,87.62865447998047,50.077247619628906,49.53816223144531,60.40175247192383,30.40136337280273
2020-02-03 00:00:00-05:00,86.92526245117188,49.86659240722656,48.42969512939453,60.08870697021485,30.35599899291992
2020-02-04 00:00:00-05:00,87.3914566040039,47.59992980957031,47.82362747192383,59.57747650146485,30.90941047668457
2020-02-05 00:00:00-05:00,90.19683074951172,49.529541015625,50.02461624145508,60.066184997558594,31.81664276123047
2020-02-06 00:00:00-05:00,89.55068969726562,49.2177734375,49.34677505493164,60.431034088134766,31.30858993530273
2020-02-07 00:00:00-05:00,89.10084533691406,48.863868713378906,49.019813537597656,60.70352935791016,31.226945877075195
2020-02-10 00:00:00-05:00,89.7960433959961,48.76276016235352,48.50211715698242,61.19900131225586,31.16343688964844
2020-02-11 00:00:00-05:00,90.95745849609376,49.47055435180664,48.96318817138672,61.29133224487305,31.56851959228516
2020-02-12 00:00:00-05:00,91.63631439208984,50.35531997680664,49.561790466308594,60.86569595336914,32.268192291259766
2020-02-13 00:00:00-05:00,91.32550048828124,49.9140510559082,49.28676223754883,62.039024353027344,31.918354034423828
2020-02-14 00:00:00-05:00,91.0855484008789,49.74432373046875,49.06026458740234,62.72592926025391,31.68819808959961
2020-02-18 00:00:00-05:00,91.21793365478516,49.4727783203125,48.43740463256836,63.518672943115234,30.97930908203125
2020-02-19 00:00:00-05:00,91.63165283203124,50.28742599487305,48.80949783325195,61.858882904052734,31.56851959228516
2020-02-20 00:00:00-05:00,90.86212158203124,49.964962005615234,48.42122650146485,62.390380859375,31.145021438598636
2020-02-21 00:00:00-05:00,90.2001724243164,49.59158706665039,47.83072662353516,62.51648712158203,30.73994255065918
2020-02-24 00:00:00-05:00,86.64213562011719,47.84349060058594,45.59005355834961,61.6944580078125,28.47518920898437
2020-02-25 00:00:00-05:00,83.33236694335938,45.67958068847656,43.84280776977539,60.881446838378906,27.011383056640625
2020-02-26 00:00:00-05:00,81.12306213378906,43.422340393066406,42.88020706176758,60.687767028808594,26.127573013305664
2020-02-27 00:00:00-05:00,77.88775634765625,39.99403381347656,40.2997932434082,57.92131042480469,24.70979881286621
2020-02-28 00:00:00-05:00,77.23405456542969,41.08871078491211,41.61022567749024,57.22176742553711,24.9399528503418
2020-03-02 00:00:00-05:00,79.92326354980469,41.77608108520508,43.58395004272461,60.75116729736328,25.584396362304688
2020-03-03 00:00:00-05:00,78.10289001464844,40.83413314819336,41.496978759765625,60.02671051025391,24.68218040466309
2020-03-04 00:00:00-05:00,81.52851104736328,41.94578552246094,42.402950286865234,63.89115524291992,24.93074607849121
2020-03-05 00:00:00-05:00,80.41973114013672,40.47773742675781,40.53437423706055,62.51924514770508,23.779958724975582
2020-03-06 00:00:00-05:00,78.87242126464844,38.46658706665039,38.57681274414063,61.5367317199707,21.95710182189941
2020-03-09 00:00:00-04:00,66.75028228759766,28.911455154418945,33.86088562011719,59.15059280395508,15.936161994934082
2020-03-10 00:00:00-04:00,70.31660461425781,29.59881401062012,35.11469650268555,57.89414596557617,16.746318817138672
2020-03-11 00:00:00-04:00,68.70307159423828,27.63008117675781,33.95795822143555,54.61831283569336,16.000606536865234
2020-03-12 00:00:00-04:00,63.10122680664063,23.930234909057617,30.0751895904541,47.29014587402344,13.275532722473145
2020-03-13 00:00:00-04:00,69.02576446533203,26.62874984741211,30.835567474365234,50.158470153808594,14.877434730529783
2020-03-16 00:00:00-04:00,57.67316818237305,22.13121795654297,27.899232864379883,45.58770751953125,13.266324996948242
2020-03-17 00:00:00-04:00,58.49234390258789,22.27548217773437,29.775897979736328,50.20375442504883,12.888864517211914
2020-03-18 00:00:00-04:00,45.551048278808594,19.23752784729004,26.79103279113769,47.68632125854492,11.093632698059082
2020-03-19 00:00:00-04:00,47.48727798461914,21.715415954589844,27.85070037841797,46.884910583496094,12.769184112548828
2020-03-20 00:00:00-04:00,49.14217376708984,22.77614974975586,26.483646392822266,43.40985870361328,13.14664363861084
2020-03-23 00:00:00-04:00,44.86427307128906,20.8328800201416,25.440155029296875,41.125606536865234,11.811724662780762
2020-03-24 00:00:00-04:00,55.066707611083984,26.08564567565918,28.66769218444824,46.75586700439453,13.487277030944824
2020-03-25 00:00:00-04:00,57.31736755371094,26.25536727905273,30.164175033569336,47.6025619506836,13.441245079040527
2020-03-26 00:00:00-04:00,63.20052719116211,27.23124313354492,31.40180015563965,52.31822204589844,14.288229942321776
2020-03-27 00:00:00-04:00,56.911922454833984,24.821250915527344,29.889148712158203,52.51064682006836,12.667912483215332
2020-03-30 00:00:00-04:00,59.53491973876953,24.855194091796875,30.33405113220215,55.69365692138672,12.2260103225708
2020-03-31 00:00:00-04:00,59.95692825317383,26.136568069458008,30.714229583740234,54.47343444824219,12.419342041015623
2020-04-01 00:00:00-04:00,56.72986602783203,25.135229110717773,30.358308792114254,49.40460205078125,11.590773582458496
2020-04-02 00:00:00-04:00,62.98538589477539,28.733253479003903,32.67988204956055,51.26551055908203,12.778389930725098
2020-04-03 00:00:00-04:00,62.14967727661133,27.92709350585937,31.7172794342041,50.17659378051758,13.155850410461426
2020-04-06 00:00:00-04:00,66.51860809326172,27.833742141723636,32.73650360107422,53.09019470214844,14.426323890686035
2020-04-07 00:00:00-04:00,66.95714569091797,28.232580184936523,33.35935592651367,51.72734832763672,15.162829399108888
2020-04-08 00:00:00-04:00,71.14404296875,30.277692794799805,35.47060775756836,52.86154174804688,15.908546447753906
2020-04-09 00:00:00-04:00,69.7621841430664,29.471513748168945,34.8881950378418,55.52839660644531,15.162829399108888
2020-04-13 00:00:00-04:00,70.25868225097656,29.106630325317383,34.58890914916992,53.47505569458008,14.684100151062012
2020-04-14 00:00:00-04:00,70.01043701171875,28.919944763183597,34.321964263916016,54.87187194824219,14.306640625
2020-04-15 00:00:00-04:00,68.2562484741211,27.3245906829834,32.74458312988281,53.703704833984375,13.560927391052246
2020-04-16 00:00:00-04:00,66.18761444091797,26.36568069458008,31.668745040893555,53.76256942749024,12.93489933013916
2020-04-17 00:00:00-04:00,72.12870788574219,29.921276092529297,34.96099853515625,55.7502555847168,14.06727695465088
2020-04-20 00:00:00-04:00,69.14988708496094,29.335752487182617,33.310829162597656,53.79199981689453,14.002832412719728
2020-04-21 00:00:00-04:00,67.55290222167969,28.16469383239746,33.13286590576172,53.29620742797852,13.524103164672852
2020-04-22 00:00:00-04:00,69.86976623535156,29.683670043945312,34.07928466796875,55.95626449584961,14.122513771057127
2020-04-23 00:00:00-04:00,71.82255554199219,30.701984405517575,35.14704895019531,54.591156005859375,15.20886516571045
2020-04-24 00:00:00-04:00,71.99632263183594,30.6256046295166,35.3735466003418,54.26515197753906,14.831402778625488
2020-04-27 00:00:00-04:00,74.23042297363281,31.52511215209961,35.54340744018555,55.14806365966797,14.776163101196287
2020-04-28 00:00:00-04:00,74.3958969116211,32.65373229980469,36.376590728759766,54.17459487915039,14.868228912353516
2020-04-29 00:00:00-04:00,78.29320526123047,35.818973541259766,38.39076232910156,53.23055648803711,16.755523681640625
2020-04-30 00:00:00-04:00,76.12525939941406,35.72563171386719,37.58994674682617,52.32273483276367,15.485048294067385
2020-05-01 00:00:00-04:00,74.00701904296875,33.213802337646484,34.89628219604492,51.40135192871094,14.499974250793455
2020-05-04 00:00:00-04:00,75.66190338134766,34.24908828735352,36.30378723144531,52.08956146240234,14.94187831878662
2020-05-05 00:00:00-04:00,76.86170196533203,34.72428512573242,36.26334381103516,52.09183120727539,14.960291862487791
2020-05-06 00:00:00-04:00,74.51173400878906,34.359405517578125,35.58385467529297,50.40749740600586,14.56441879272461
2020-05-07 00:00:00-04:00,76.65483856201172,35.99717330932617,35.78607940673828,50.81952667236328,15.402193069458008
2020-05-08 00:00:00-04:00,78.99652862548828,36.92280960083008,37.35536193847656,52.008060455322266,16.617427825927734
2020-05-11 00:00:00-04:00,77.25888061523438,36.22858810424805,36.99944686889648,51.47605895996094,15.982192993164062
2020-05-12 00:00:00-04:00,75.38056182861328,35.637210845947266,36.38100051879883,51.600563049316406,15.724414825439451
2020-05-13 00:00:00-04:00,73.39469909667969,34.188751220703125,34.57514572143555,52.09635543823242,14.59203815460205
2020-05-14 00:00:00-04:00,74.51173400878906,34.22303009033203,34.880245208740234,52.57402038574219,14.82219696044922
2020-05-15 00:00:00-04:00,73.77532958984375,35.02867889404297,34.63287734985352,51.58245849609375,14.684100151062012
2020-05-18 00:00:00-04:00,77.70463562011719,37.36849594116211,37.387001037597656,53.303009033203125,16.525365829467773
2020-05-19 00:00:00-04:00,75.24462127685547,36.571414947509766,36.23257064819336,52.1823844909668,15.75203800201416
2020-05-20 00:00:00-04:00,78.08244323730469,37.83988952636719,37.411739349365234,52.700801849365234,16.76473045349121
2020-05-21 00:00:00-04:00,77.27644348144531,37.47134017944336,36.74382400512695,51.82017135620117,16.378070831298828
2020-05-22 00:00:00-04:00,75.79875183105469,37.094234466552734,36.77680587768555,52.94077682495117,16.18473243713379
2020-05-26 00:00:00-04:00,78.3343276977539,37.428489685058594,37.85702133178711,53.04491424560547,16.939651489257812
2020-05-27 00:00:00-04:00,78.83808898925781,38.28556823730469,38.12914276123047,54.5888900756836,17.538063049316406
2020-05-28 00:00:00-04:00,76.29410552978516,36.86282730102539,37.13962936401367,56.90483474731445,17.298696517944336
2020-05-29 00:00:00-04:00,76.9909896850586,36.15144729614258,37.49420166015625,57.85566711425781,17.00409507751465
2020-06-01 00:00:00-04:00,77.90613555908203,37.1884994506836,38.16212463378906,58.19482803344727,16.967269897460938
2020-06-02 00:00:00-04:00,79.5013656616211,37.88274765014648,39.01144790649414,58.41108703613281,17.48171043395996
2020-06-03 00:00:00-04:00,81.59197998046875,38.67124557495117,40.602909088134766,59.08943176269531,18.17690086364746
2020-06-04 00:00:00-04:00,80.83633422851562,38.3198471069336,40.48747253417969,57.33893203735352,18.84428596496582
2020-06-05 00:00:00-04:00,84.63970184326172,41.64529800415039,43.76935195922852,57.905738830566406,20.382970809936523
2020-06-08 00:00:00-04:00,86.67992401123047,43.11946868896485,45.13817596435547,59.2943115234375,21.92165946960449
2020-06-09 00:00:00-04:00,85.24419403076172,41.67958450317383,44.132171630859375,58.88229370117188,20.86496925354004
2020-06-10 00:00:00-04:00,81.92781066894531,39.34834671020508,41.765586853027344,58.45433807373047,19.428241729736328
2020-06-11 00:00:00-04:00,75.03471374511719,36.10002517700195,38.07966613769531,56.52854537963867,17.157291412353516
2020-06-12 00:00:00-04:00,77.57029724121094,37.47992706298828,38.8960075378418,56.20530700683594,17.611482620239258
2020-06-15 00:00:00-04:00,76.59636688232422,37.15423202514648,38.87127685546875,56.58317565917969,17.908092498779297
2020-06-16 00:00:00-04:00,78.94723510742188,38.66268157958984,39.74533462524414,56.49212646484375,18.12128257751465
2020-06-17 00:00:00-04:00,76.85665130615234,37.72846984863281,38.45072555541992,56.68105697631836,18.380821228027344
2020-06-18 00:00:00-04:00,77.1924819946289,38.09700775146485,38.68985366821289,56.665130615234375,18.705249786376957
2020-06-19 00:00:00-04:00,76.09262084960938,37.45420837402344,37.91474533081055,55.13542175292969,18.269594192504883
2020-06-22 00:00:00-04:00,76.89862060546875,37.3342170715332,38.277565002441406,56.23488998413086,18.371553421020508
2020-06-23 00:00:00-04:00,76.77268981933594,37.54848098754883,38.50845336914063,55.36305236816406,18.13982582092285
2020-06-24 00:00:00-04:00,73.58222198486328,35.131526947021484,36.69434356689453,55.01249694824219,16.554794311523438
2020-06-25 00:00:00-04:00,74.90037536621094,36.04861068725586,37.24682235717773,54.441139221191406,17.07386589050293
2020-06-26 00:00:00-04:00,72.59149169921875,34.58298873901367,35.968711853027344,53.77189254760742,16.165481567382812
2020-06-29 00:00:00-04:00,73.6073989868164,35.397220611572266,36.54591751098633,54.231719970703125,16.69383430480957
2020-06-30 00:00:00-04:00,74.91716766357422,36.01431655883789,36.87575912475586,54.67105484008789,17.046058654785156
2020-07-01 00:00:00-04:00,73.5654296875,34.91726303100586,36.04292678833008,56.05734634399414,16.425018310546875
2020-07-02 00:00:00-04:00,74.14473724365234,35.808624267578125,36.34801483154297,56.08921813964844,16.6660213470459
2020-07-06 00:00:00-04:00,74.363037109375,35.6800651550293,36.60363006591797,56.21669006347656,17.379749298095703
2020-07-07 00:00:00-04:00,72.4655532836914,34.83155822753906,35.655372619628906,56.16205978393555,16.851408004760742
2020-07-08 00:00:00-04:00,72.49913024902344,35.17438888549805,35.572906494140625,57.65306091308594,16.74944496154785
2020-07-09 00:00:00-04:00,69.46819305419922,32.868839263916016,34.10512924194336,57.36168670654297,15.87813663482666
2020-07-10 00:00:00-04:00,71.55879974365234,34.017330169677734,35.16886138916016,59.09398651123047,16.48990821838379
2020-07-13 00:00:00-04:00,71.70152282714844,33.99161529541016,35.17710494995117,58.32913589477539,16.109872817993164
2020-07-14 00:00:00-04:00,74.1783218383789,35.405799865722656,36.33976745605469,59.76552200317383,17.046058654785156
2020-07-15 00:00:00-04:00,74.63170623779297,35.67148208618164,36.801544189453125,58.95741271972656,17.518787384033203
2020-07-16 00:00:00-04:00,74.18672943115234,35.64577865600586,36.51293563842773,61.09261703491211,17.44463539123535
2020-07-17 00:00:00-04:00,73.20439147949219,34.5981330871582,35.88624572753906,62.68606185913086,17.259248733520508
2020-07-20 00:00:00-04:00,71.59236145019531,34.052677154541016,35.04515838623047,62.447059631347656,17.092409133911133
2020-07-21 00:00:00-04:00,76.73069763183594,36.07002639770508,36.81803894042969,62.9023323059082,18.13055419921875
2020-07-22 00:00:00-04:00,76.43685150146484,35.403343200683594,35.96046829223633,63.833343505859375,17.76905632019043
2020-07-23 00:00:00-04:00,76.41166687011719,35.03104782104492,36.03467178344727,63.958534240722656,17.889558792114258
2020-07-24 00:00:00-04:00,75.67281341552734,34.875205993652344,35.812034606933594,63.79465103149414,18.056398391723636
2020-07-27 00:00:00-04:00,76.43685150146484,34.43363571166992,36.33976745605469,63.1982421875,18.24178695678711
2020-07-28 00:00:00-04:00,74.8164291381836,33.7323112487793,35.910987854003906,63.746864318847656,17.750518798828125
2020-07-29 00:00:00-04:00,75.6224365234375,34.580814361572266,36.30678939819336,64.06553649902344,18.010059356689453
2020-07-30 00:00:00-04:00,72.43196868896484,32.58943557739258,34.52566909790039,64.2704086303711,17.092409133911133
2020-07-31 00:00:00-04:00,70.47572326660156,32.37297439575195,34.69883728027344,63.8971061706543,16.814329147338867
2020-08-03 00:00:00-04:00,71.2061538696289,31.784225463867188,34.839019775390625,63.18914031982422,17.351943969726562
2020-08-04 00:00:00-04:00,72.61666107177734,32.58943557739258,35.84502029418945,64.88729858398438,17.82466697692871
2020-08-05 00:00:00-04:00,73.21278381347656,32.91844177246094,36.15836334228516,64.59820556640625,18.0749454498291
2020-08-06 00:00:00-04:00,73.43948364257812,32.944419860839844,35.98520278930664,64.37740325927734,17.908092498779297
2020-08-07 00:00:00-04:00,72.876953125,33.16086959838867,35.82028579711914,65.50874328613281,18.1954402923584
2020-08-10 00:00:00-04:00,75.33696746826172,34.32107162475586,36.70258331298828,64.56633758544922,18.742321014404297
2020-08-11 00:00:00-04:00,75.24462127685547,34.38167953491211,37.08190155029297,63.234657287597656,18.81647491455078
2020-08-12 00:00:00-04:00,76.16815948486328,36.07002639770508,37.07349395751953,64.7825698852539,18.87209129333496
2020-08-13 00:00:00-04:00,75.41253662109375,35.1782341003418,36.16537094116211,64.73932647705078,18.417903900146484
2020-08-14 00:00:00-04:00,75.85750579833984,35.34274673461914,36.32513046264648,63.85157012939453,18.60328483581543
2020-08-17 00:00:00-04:00,76.21015167236328,35.23884201049805,35.85425567626953,64.4183578491211,18.547664642333984
2020-08-18 00:00:00-04:00,74.63450622558594,34.91849136352539,35.67768096923828,64.43203735351562,18.32520866394043
2020-08-19 00:00:00-04:00,73.57840728759766,34.32972717285156,35.282470703125,64.2704086303711,18.278865814208984
2020-08-20 00:00:00-04:00,72.23269653320312,33.56782531738281,34.744319915771484,64.2180404663086,17.398286819458008
2020-08-21 00:00:00-04:00,72.46267700195312,33.03965759277344,34.48365020751953,64.28633880615234,17.2221736907959
2020-08-24 00:00:00-04:00,74.26828002929688,33.654396057128906,35.5010986328125,64.33642578125,18.12128257751465
2020-08-25 00:00:00-04:00,73.35696411132812,33.63706588745117,34.37434005737305,64.03594207763672,17.852481842041016
2020-08-26 00:00:00-04:00,72.2071762084961,32.520172119140625,33.642791748046875,63.510101318359375,17.305599212646484
2020-08-27 00:00:00-04:00,72.31787109375,33.03101348876953,33.41576385498047,63.8029670715332,17.333404541015625
2020-08-28 00:00:00-04:00,72.93112182617188,33.23014068603516,34.21458053588867,63.956241607666016,18.000789642333984
2020-08-31 00:00:00-04:00,71.48321533203125,32.805885314941406,33.58392333984375,63.86930084228516,17.620746612548828
2020-09-01 00:00:00-04:00,70.75927734375,32.17384719848633,33.155086517333984,63.4025764465332,17.382822036743164
2020-09-02 00:00:00-04:00,70.85296630859375,31.498491287231445,32.95328903198242,65.94893646240234,17.513450622558594
2020-09-03 00:00:00-04:00,70.07791900634766,31.160831451416016,32.886016845703125,64.19416046142578,17.840015411376953
2020-09-04 00:00:00-04:00,69.77981567382812,31.04827308654785,32.86079025268555,63.446048736572266,18.017295837402344
2020-09-08 00:00:00-04:00,67.25877380371094,29.489803314208984,32.10401153564453,63.58102798461914,17.149555206298828
2020-09-09 00:00:00-04:00,68.16159057617188,29.83612823486328,31.91062355041504,64.60140228271484,17.364158630371094
2020-09-10 00:00:00-04:00,66.56037902832031,28.50276756286621,31.11180686950684,63.352237701416016,16.52440643310547
2020-09-11 00:00:00-04:00,66.1686019897461,28.667274475097656,31.02771759033203,63.63594818115234,16.67369842529297
2020-09-14 00:00:00-04:00,65.82791137695312,29.022262573242188,30.825908660888672,64.49845886230469,16.822988510131836
2020-09-15 00:00:00-04:00,65.02730560302734,29.264692306518555,30.49798011779785,67.65108489990234,16.98160743713379
2020-09-16 00:00:00-04:00,66.90958404541016,30.372941970825195,31.79290008544922,64.1392593383789,17.896005630493164
2020-09-17 00:00:00-04:00,67.10548400878906,31.247419357299805,31.78449058532715,63.94937133789063,17.80269432067871
2020-09-18 00:00:00-04:00,66.61149597167969,31.05693626403809,31.271568298339844,63.35452651977539,17.476125717163086
2020-09-21 00:00:00-04:00,64.98475646972656,29.74955368041992,30.632511138916016,63.189823150634766,16.113866806030273
2020-09-22 00:00:00-04:00,64.32894897460938,29.69759750366211,29.875741958618164,63.61533737182617,16.16984748840332
2020-09-23 00:00:00-04:00,61.27983856201172,28.50276756286621,28.917160034179688,62.52863693237305,15.498051643371582
2020-09-24 00:00:00-04:00,61.152103424072266,29.09152603149414,28.85829734802246,63.49638748168945,15.507379531860352
2020-09-25 00:00:00-04:00,61.177642822265625,29.17810821533203,29.127370834350582,64.47557830810547,14.854239463806152
2020-09-28 00:00:00-04:00,62.96620559692383,29.18676376342773,29.690750122070312,65.00635528564453,15.348762512207031
2020-09-29 00:00:00-04:00,61.23727416992188,28.1044921875,28.82466697692871,64.77299499511719,14.555663108825684
2020-09-30 00:00:00-04:00,61.32243347167969,28.433504104614254,28.866708755493164,63.500953674316406,14.518341064453123
2020-10-01 00:00:00-04:00,59.97673416137695,28.07851791381836,27.857681274414062,64.69062805175781,14.005159378051758
2020-10-02 00:00:00-04:00,60.63255310058594,28.632640838623047,27.73154830932617,64.32686614990234,14.527671813964844
2020-10-05 00:00:00-04:00,61.91861724853516,29.680280685424805,28.37060546875,65.86885833740234,14.9941987991333
2020-10-06 00:00:00-04:00,61.57794952392578,28.83177757263184,28.07630157470703,66.41107940673828,14.620977401733398
2020-10-07 00:00:00-04:00,62.83845520019531,29.72356986999512,28.168794631958008,67.9759521484375,14.882231712341309
2020-10-08 00:00:00-04:00,64.06490325927734,30.76255798339844,29.648712158203125,68.87279510498047,15.33009910583496
2020-10-09 00:00:00-04:00,63.02582931518555,30.41622734069824,29.211462020874023,69.30060577392578,15.143487930297852
2020-10-12 00:00:00-04:00,63.460208892822266,30.81450653076172,29.118968963623047,69.93204498291016,15.040852546691896
2020-10-13 00:00:00-04:00,62.51481246948242,30.199779510498047,28.77421760559082,68.97115325927734,14.676960945129396
2020-10-14 00:00:00-04:00,62.13153839111328,29.896732330322266,28.715351104736328,68.78126525878906,14.882231712341309
2020-10-15 00:00:00-04:00,62.608497619628906,30.65000915527344,28.96760368347168,68.28250885009766,15.320767402648926
2020-10-16 00:00:00-04:00,62.08044052124024,29.598237991333008,28.673309326171875,69.916015625,13.967838287353516
2020-10-19 00:00:00-04:00,60.709205627441406,28.66042137145996,28.10152816772461,68.53187561035156,14.005159378051758
2020-10-20 00:00:00-04:00,61.04989242553711,28.555248260498047,28.336971282958984,68.86132049560547,14.453025817871094
2020-10-21 00:00:00-04:00,60.360008239746094,26.85490226745605,27.882902145385746,68.10404968261719,14.005159378051758
2020-10-22 00:00:00-04:00,62.51481246948242,27.968017578125,29.312368392944336,69.1541748046875,14.27574634552002
2020-10-23 00:00:00-04:00,61.80790328979492,28.520193099975582,28.7237606048584,69.33721160888672,14.369051933288574
2020-10-26 00:00:00-04:00,60.41962432861328,26.57443046569824,28.042665481567383,69.24111938476562,14.154448509216309
2020-10-27 00:00:00-04:00,59.201698303222656,26.52184295654297,27.59700965881348,69.34864044189453,14.07980251312256
2020-10-28 00:00:00-04:00,56.961727142333984,25.233444213867188,26.545936584472656,68.14067077636719,13.230724334716797
2020-10-29 00:00:00-04:00,58.59698486328125,25.5577335357666,27.72314453125,67.7288589477539,13.482648849487305
2020-10-30 00:00:00-04:00,59.19318771362305,25.084444046020508,27.4288387298584,66.99677276611328,13.939846992492676
2020-11-02 00:00:00-05:00,61.45018005371094,26.49555206298828,28.580820083618164,68.75381469726562,14.537001609802246
2020-11-03 00:00:00-05:00,61.10100173950195,25.68920135498047,28.093114852905277,69.56828308105469,14.704950332641602
2020-11-04 00:00:00-05:00,61.12652969360352,26.62702369689941,27.94176483154297,67.09740447998047,14.900891304016112
2020-11-05 00:00:00-05:00,61.44166946411133,26.39914321899414,27.891305923461918,68.40606689453125,14.481019973754885
2020-11-06 00:00:00-05:00,60.59849166870117,25.584030151367188,27.563377380371094,69.29373931884766,14.201102256774902
2020-11-09 00:00:00-05:00,67.62500762939453,29.25641441345215,31.05293655395508,69.10155487060547,17.028261184692383
2020-11-10 00:00:00-05:00,70.7507553100586,31.14081573486328,31.741863250732425,69.54082489013672,17.084243774414062
2020-11-11 00:00:00-05:00,70.23120880126953,30.921693801879883,31.41462516784668,70.95926666259766,16.52440643310547
2020-11-12 00:00:00-05:00,68.70668029785156,29.80858612060547,30.33818817138672,70.1631088256836,16.141857147216797
2020-11-13 00:00:00-05:00,70.71668243408203,30.9918212890625,31.07016372680664,70.63898468017578,16.79499626159668
2020-11-16 00:00:00-05:00,75.76727294921875,33.37580490112305,32.861358642578125,71.15145111083984,18.69843101501465
2020-11-17 00:00:00-05:00,75.22279357910156,34.050682067871094,33.30052947998047,70.10820770263672,18.74507713317871
2020-11-18 00:00:00-05:00,72.8375244140625,34.33991622924805,32.04326248168945,69.35778045654297,18.633115768432617
2020-11-19 00:00:00-05:00,74.09066772460938,34.594093322753906,32.206886291503906,68.75381469726562,19.09031105041504
2020-11-20 00:00:00-05:00,74.14250946044922,34.751853942871094,31.810752868652344,69.13816833496094,18.85704803466797
2020-11-23 00:00:00-05:00,78.67108917236328,37.433841705322266,33.89472579956055,68.24134063720703,20.16332244873047
2020-11-24 00:00:00-05:00,82.63790893554688,38.9238395690918,36.15093612670898,68.61654663085938,20.741819381713867
2020-11-25 00:00:00-05:00,79.63038635253906,38.24020004272461,35.14339065551758,69.84856414794922,20.62052345275879
2020-11-27 00:00:00-05:00,78.91307830810547,37.49520111083984,34.60947036743164,69.07625579833984,20.41524887084961
2020-11-30 00:00:00-05:00,75.34379577636719,34.6729736328125,32.83551406860352,67.66033172607422,19.39822196960449
2020-12-01 00:00:00-05:00,75.57711791992188,34.41880798339844,33.15412902832031,68.17522430419922,19.778392791748047
2020-12-02 00:00:00-05:00,77.66857147216797,35.03232192993164,34.394187927246094,68.32232666015625,20.313447952270508
2020-12-03 00:00:00-05:00,77.60810852050781,36.1103744506836,34.62670135498047,67.43968200683594,20.717090606689453
2020-12-04 00:00:00-05:00,80.6156234741211,38.80112457275391,35.89258575439453,66.67656707763672,22.01249885559082
2020-12-07 00:00:00-05:00,78.43775177001953,37.53025436401367,35.22089385986328,67.36612701416016,21.430503845214844
2020-12-08 00:00:00-05:00,79.11185455322266,37.40754699707031,36.37483215332031,67.74308776855469,21.80598258972168
2020-12-09 00:00:00-05:00,78.16119384765625,37.425079345703125,36.85707092285156,67.73388671875,21.937400817871094
2020-12-10 00:00:00-05:00,80.67610931396484,38.56447982788086,37.8990592956543,67.37532043457031,21.9467887878418
2020-12-11 00:00:00-05:00,79.89828491210938,38.10872650146485,37.718223571777344,67.8534164428711,21.53376007080078
2020-12-14 00:00:00-05:00,77.29695892333984,37.09202575683594,36.35761260986328,67.6235580444336,20.820348739624023
2020-12-15 00:00:00-05:00,77.2364501953125,37.51272964477539,37.06375503540039,68.87397766113281,21.561922073364254
2020-12-16 00:00:00-05:00,76.64877319335938,37.09202575683594,37.63210678100586,68.44184112548828,21.439889907836918
2020-12-17 00:00:00-05:00,76.40681457519531,36.78525924682617,37.442649841308594,69.01190185546875,21.52437400817871
2020-12-18 00:00:00-05:00,75.35243225097656,35.91754531860352,36.79678726196289,68.50621795654297,20.942380905151367
2020-12-21 00:00:00-05:00,74.40178680419922,35.26897048950195,36.125099182128906,68.40507507324219,20.44487190246582
2020-12-22 00:00:00-05:00,72.90664672851562,34.20844268798828,35.51368713378906,68.69009399414062,20.050615310668945
2020-12-23 00:00:00-05:00,74.05609130859375,35.128746032714844,35.9700927734375,68.34072875976562,20.57628631591797
2020-12-24 00:00:00-05:00,73.74496459960938,34.61162185668945,35.823699951171875,68.93833923339844,20.313447952270508
2020-12-28 00:00:00-05:00,73.37334442138672,34.445091247558594,35.94425582885742,69.40724182128906,20.247743606567383
2020-12-29 00:00:00-05:00,73.12272644042969,34.24350357055664,35.539520263671875,69.26012420654297,20.06938743591309
2020-12-30 00:00:00-05:00,73.74496459960938,35.0673828125,35.823699951171875,69.79341888427734,20.53874015808105
2020-12-31 00:00:00-05:00,72.98442840576172,35.04985427856445,35.49645233154297,70.93348693847656,20.491804122924805
2021-01-04 00:00:00-05:00,73.20914459228516,34.68174362182617,35.73758316040039,68.23958587646484,20.60445022583008
2021-01-05 00:00:00-05:00,75.18824005126953,36.67131042480469,37.45986557006836,68.74525451660156,21.712114334106445
2021-01-06 00:00:00-05:00,77.60810852050781,38.135013580322266,38.415748596191406,72.1103515625,22.91364479064941
2021-01-07 00:00:00-05:00,77.97105407714844,39.178016662597656,38.71714782714844,72.90104675292969,23.354833602905277
2021-01-08 00:00:00-05:00,78.71430206298828,39.178016662597656,39.14772033691406,74.59278869628906,23.317289352416992
2021-01-11 00:00:00-05:00,79.16371154785156,39.756473541259766,40.33610534667969,73.2688217163086,23.45809555053711
2021-01-12 00:00:00-05:00,80.6674575805664,41.56199645996094,41.2317008972168,73.3239974975586,24.537599563598636
2021-01-13 00:00:00-05:00,80.58967590332031,41.22016525268555,41.69670867919922,75.24557495117188,23.89927864074707
2021-01-14 00:00:00-05:00,82.52557373046875,41.95639801025391,43.32428359985352,75.87999725341797,24.368629455566406
2021-01-15 00:00:00-05:00,79.58717346191406,39.546119689941406,41.24030685424805,75.42945861816406,23.38299560546875
2021-01-19 00:00:00-05:00,81.67862701416016,40.31740951538086,42.05839538574219,76.1374282836914,23.86173820495605
2021-01-20 00:00:00-05:00,82.43050384521484,39.756473541259766,42.65258407592773,77.27750396728516,23.79602432250977
2021-01-21 00:00:00-05:00,79.5180435180664,37.85454940795898,41.42976379394531,76.96489715576172,22.70713424682617
2021-01-22 00:00:00-05:00,79.27603912353516,37.41630935668945,40.84417724609375,77.42461395263672,22.91364479064941
2021-01-25 00:00:00-05:00,78.55874633789062,37.31989669799805,40.38777160644531,79.8702621459961,22.28471946716309
2021-01-26 00:00:00-05:00,77.22781372070312,36.53108215332031,39.50079345703125,78.36241912841797,21.346019744873047
2021-01-27 00:00:00-05:00,76.22531127929688,35.628326416015625,39.05299377441406,73.72854614257812,20.47302627563477
2021-01-28 00:00:00-05:00,76.93397521972656,36.031497955322266,39.66440582275391,75.81562805175781,21.25214958190918
2021-01-29 00:00:00-05:00,73.63261413574219,35.08490753173828,38.61381530761719,74.35374450683594,20.8485107421875
2021-02-01 00:00:00-05:00,74.6783447265625,35.680908203125,38.68269729614258,75.11686706542969,20.801576614379883
2021-02-02 00:00:00-05:00,75.24009704589844,35.90879440307617,39.29412078857422,76.24775695800781,21.13011932373047
2021-02-03 00:00:00-05:00,76.88211822509766,37.87207412719727,40.83556365966797,76.35808563232422,22.69774627685547
2021-02-04 00:00:00-05:00,76.91670227050781,38.57324600219727,41.61921310424805,76.3121109008789,23.289125442504883
2021-02-05 00:00:00-05:00,77.14140319824219,38.93260192871094,43.01426696777344,76.86376953125,23.47687149047852
2021-02-08 00:00:00-05:00,79.05999755859375,41.00106048583984,44.8657341003418,76.67987823486328,24.396791458129883
2021-02-09 00:00:00-05:00,78.61058807373047,41.08870315551758,44.340274810791016,77.07522583007812,24.406179428100582
2021-02-10 00:00:00-05:00,79.95880126953125,41.41298675537109,44.76939392089844,77.14878845214844,24.988178253173828
2021-02-11 00:00:00-05:00,79.52667999267578,41.076881408691406,43.648414611816406,77.185546875,24.753496170043945
2021-02-12 00:00:00-05:00,79.98472595214844,41.7137336730957,44.24393844604492,76.43163299560547,25.12897682189941
2021-02-16 00:00:00-05:00,81.62368774414062,43.20856857299805,45.57510757446289,74.64797973632812,25.28458976745605
2021-02-17 00:00:00-05:00,84.06898498535156,43.65966796875,46.28447723388672,74.1790542602539,25.341176986694336
2021-02-18 00:00:00-05:00,83.26264953613281,42.182525634765625,45.55759811401367,74.22502136230469,24.124574661254883
2021-02-19 00:00:00-05:00,83.96379852294922,42.828216552734375,45.86411666870117,71.80693054199219,24.63385009765625
2021-02-22 00:00:00-05:00,86.23381042480469,45.00411987304688,47.554344177246094,69.04865264892578,25.97305679321289
2021-02-23 00:00:00-05:00,87.32060241699219,46.08322525024414,48.21117782592773,68.69009399414062,26.16167640686035
2021-02-24 00:00:00-05:00,90.54593658447266,48.356441497802734,49.65620040893555,67.816650390625,27.73666000366211
2021-02-25 00:00:00-05:00,89.70453643798828,46.90584182739258,48.83297729492188,68.44974517822266,26.887866973876957
2021-02-26 00:00:00-05:00,87.6448974609375,46.00362396240234,47.61565017700195,67.9136962890625,26.32200813293457
2021-03-01 00:00:00-05:00,89.44161224365234,46.53434371948242,49.39346694946289,70.15962219238281,27.08591651916504
2021-03-02 00:00:00-05:00,89.78343200683594,46.24243927001953,49.10446166992188,69.8176498413086,26.53891944885254
2021-03-03 00:00:00-05:00,90.79134368896484,47.46308135986328,49.49856185913086,67.02642059326172,26.75583267211914
2021-03-04 00:00:00-05:00,91.58890533447266,49.19672393798828,51.416500091552734,65.88958740234375,26.95388603210449
2021-03-05 00:00:00-05:00,95.5329360961914,51.60261917114258,53.36071395874024,65.34427642822266,27.416004180908203
2021-03-08 00:00:00-05:00,96.19026184082033,51.99180603027344,53.30816650390625,65.4921646118164,28.01958656311035
2021-03-09 00:00:00-05:00,95.97115325927734,51.21342086791992,52.48493957519531,68.41278076171875,27.680072784423828
2021-03-10 00:00:00-05:00,97.61011505126952,52.55788040161133,54.09636306762695,68.8194580078125,28.245933532714844
2021-03-11 00:00:00-05:00,97.4523468017578,52.9205322265625,53.69351196289063,69.18916320800781,27.72723197937012
2021-03-12 00:00:00-05:00,97.7766342163086,52.35445022583008,54.271514892578125,69.93778991699219,27.359418869018555
2021-03-15 00:00:00-04:00,96.62849426269533,51.44340133666992,52.88779830932617,69.79915618896484,27.46315574645996
2021-03-16 00:00:00-04:00,94.34095764160156,50.04586791992188,51.76681137084961,69.66975402832031,26.46346664428711
2021-03-17 00:00:00-04:00,94.68277740478516,50.266998291015625,51.9945068359375,67.43309020996094,26.69924545288086
2021-03-18 00:00:00-04:00,91.25585174560548,47.21541595458984,49.752532958984375,65.74169921875,25.69955825805664
2021-03-19 00:00:00-04:00,90.6072769165039,46.52549362182617,49.4722900390625,65.47368621826172,25.510936737060547
2021-03-22 00:00:00-04:00,89.8710708618164,46.207069396972656,48.96433639526367,66.2593002319336,26.076799392700195
2021-03-23 00:00:00-04:00,89.37149047851562,45.73827362060547,48.36005401611328,68.41278076171875,25.15255546569824
2021-03-24 00:00:00-04:00,91.76419067382812,47.06505584716797,49.34092712402344,67.31292724609375,25.85988426208496
2021-03-25 00:00:00-04:00,92.08848571777344,47.38346862792969,49.20079803466797,67.8859634399414,25.841020584106445
2021-03-26 00:00:00-04:00,94.2007293701172,48.683712005615234,50.54072952270508,68.44974517822266,26.69924545288086
2021-03-29 00:00:00-04:00,93.7099151611328,47.62229537963867,50.26925277709961,69.13369750976562,26.123950958251957
2021-03-30 00:00:00-04:00,92.84223175048828,47.259647369384766,49.64744567871094,68.59764099121094,25.6712646484375
2021-03-31 00:00:00-04:00,91.84308624267578,46.852760314941406,48.894287109375,69.88233947753906,25.64297103881836
2021-04-01 00:00:00-04:00,92.68447875976562,47.7815055847168,50.26047897338867,70.03022003173828,26.50119400024414
2021-04-05 00:00:00-04:00,91.59766387939452,46.1805305480957,49.48104476928711,70.96369934082031,25.982484817504883
2021-04-06 00:00:00-04:00,90.7825698852539,46.5078010559082,49.34092712402344,71.68461608886719,25.878746032714844
2021-04-07 00:00:00-04:00,91.31723022460938,46.330902099609375,49.55986404418945,71.54598999023438,25.79386711120605
2021-04-08 00:00:00-04:00,90.29176330566406,45.32255172729492,49.04315948486328,71.86946105957031,25.52036666870117
2021-04-09 00:00:00-04:00,90.20411682128906,45.3137092590332,48.92931365966797,72.03583526611328,25.23743438720703
2021-04-12 00:00:00-04:00,89.20496368408203,44.98644256591797,48.60527801513672,71.7585678100586,25.029956817626957
2021-04-13 00:00:00-04:00,89.6081314086914,44.92451858520508,48.789188385009766,73.0525131225586,24.55840110778809
2021-04-14 00:00:00-04:00,91.3873291015625,46.6051025390625,50.199180603027344,73.13567352294922,25.75614356994629
2021-04-15 00:00:00-04:00,90.64234924316406,45.90633392333984,49.901405334472656,74.10614776611328,25.143125534057617
2021-04-16 00:00:00-04:00,90.23916625976562,45.18987274169922,49.62116622924805,74.8085708618164,24.79417991638184
2021-04-19 00:00:00-04:00,90.50211334228516,45.012969970703125,49.463523864746094,73.74568176269531,25.020523071289062
2021-04-20 00:00:00-04:00,88.81057739257812,43.03166198730469,48.42136001586914,74.42963409423828,23.813350677490234
2021-04-21 00:00:00-04:00,90.03758239746094,44.26114273071289,49.04315948486328,72.06356048583984,24.266036987304688
2021-04-22 00:00:00-04:00,88.4775161743164,43.74811935424805,48.40384292602539,72.38704681396484,23.813350677490234
2021-04-23 00:00:00-04:00,89.00337982177734,43.97808456420898,48.66657638549805,72.31310272216797,24.24717712402344
2021-04-26 00:00:00-04:00,88.97708892822266,44.446876525878906,48.762916564941406,72.0265884399414,24.86962509155273
2021-04-27 00:00:00-04:00,90.01129150390625,45.37562942504883,49.40222930908203,71.42581939697266,24.6904354095459
2021-04-28 00:00:00-04:00,92.21995544433594,46.91468048095703,50.89102935791016,71.2502212524414,25.803298950195312
2021-04-29 00:00:00-04:00,93.69239807128906,46.99429321289063,51.61792755126953,71.37037658691406,26.237123489379883
2021-04-30 00:00:00-04:00,90.33558654785156,45.23410415649414,50.12911605834961,71.63841247558594,25.510936737060547
2021-05-03 00:00:00-04:00,92.49166107177734,46.649322509765625,51.51283264160156,70.88975524902344,26.614368438720703
2021-05-04 00:00:00-04:00,93.0,46.49896240234375,51.83686828613281,69.95628356933594,26.77469062805176
2021-05-05 00:00:00-04:00,95.49787139892578,49.03751754760742,53.3957405090332,68.19096374511719,28.613740921020508
2021-05-06 00:00:00-04:00,95.55046844482422,49.26749038696289,53.9036865234375,68.40353393554688,28.981557846069336
2021-05-07 00:00:00-04:00,96.42691802978516,50.50581359863281,54.67436218261719,68.88414001464844,30.0755558013916
2021-05-10 00:00:00-04:00,96.03250122070312,50.417362213134766,54.80573654174805,69.13369750976562,29.830345153808597
2021-05-11 00:00:00-04:00,93.5171127319336,49.28518295288086,53.06294631958008,68.45899963378906,29.481401443481445
2021-05-12 00:00:00-04:00,94.10433197021484,49.25864791870117,53.347286224365234,66.12065124511719,30.27360343933105
2021-05-13 00:00:00-04:00,93.49957275390624,48.34941482543945,52.68977355957031,67.12806701660156,29.95295143127441
2021-05-14 00:00:00-04:00,95.94486236572266,50.38180541992188,53.99589920043945,67.58094787597656,30.943208694458008
2021-05-17 00:00:00-04:00,97.11929321289062,51.96849822998047,55.25761795043945,66.4533920288086,32.11265182495117
2021-05-18 00:00:00-04:00,94.20049285888672,51.06818389892578,53.69380187988281,66.81383514404297,31.18841361999512
2021-05-19 00:00:00-04:00,91.55669403076172,49.54389572143555,52.40544128417969,67.15582275390625,30.179296493530277
2021-05-20 00:00:00-04:00,91.8760757446289,49.37452697753906,52.28104782104492,68.66232299804688,29.962383270263672
2021-05-21 00:00:00-04:00,92.3729019165039,49.60629653930664,52.35212326049805,68.80095672607422,30.13214111328125
2021-05-24 00:00:00-04:00,93.68592071533205,50.00742721557617,52.965213775634766,68.42202758789062,29.89636611938477
2021-05-25 00:00:00-04:00,92.15110778808594,48.9199104309082,51.76570129394531,67.8120346069336,29.46253776550293
2021-05-26 00:00:00-04:00,92.3729019165039,49.40126800537109,52.369895935058594,67.90444946289062,29.754898071289062
2021-05-27 00:00:00-04:00,91.3881378173828,49.49931716918945,52.032257080078125,67.47005462646484,29.55685043334961
2021-05-28 00:00:00-04:00,92.08013916015624,49.6865234375,51.86343383789063,67.67338562011719,29.54741668701172
2021-06-01 00:00:00-04:00,94.61746978759766,51.94175720214844,53.720458984375,67.0090560913086,31.180788040161133
2021-06-02 00:00:00-04:00,95.88613891601562,52.58354949951172,54.14695358276367,67.55724334716797,33.576393127441406
2021-06-03 00:00:00-04:00,95.45140075683594,53.01143264770508,54.36019515991211,67.24134826660156,34.58008575439453
2021-06-04 00:00:00-04:00,96.21437072753906,53.35015106201172,54.60010147094727,67.21346282958984,34.48540115356445
2021-06-07 00:00:00-04:00,95.59335327148438,53.31449890136719,54.24468994140625,67.3342514038086,33.92674255371094
2021-06-08 00:00:00-04:00,96.46278381347656,53.90283203125,55.20430755615234,67.02764129638672,33.99302291870117
2021-06-09 00:00:00-04:00,95.61997985839844,53.1986198425293,55.66633987426758,67.31566619873047,33.86045455932617
2021-06-10 00:00:00-04:00,96.17890167236328,53.63540267944336,55.75519180297852,68.30055236816406,33.08401870727539
2021-06-11 00:00:00-04:00,95.73531341552734,53.45712661743164,55.23984146118164,68.28196716308594,33.03667449951172
2021-06-14 00:00:00-04:00,95.78853607177734,53.76021194458008,55.15098571777344,68.1147232055664,32.241294860839844
2021-06-15 00:00:00-04:00,97.8556671142578,54.52680969238281,57.15906524658203,68.2262191772461,32.37385940551758
2021-06-16 00:00:00-04:00,97.2967529296875,54.49114990234375,56.9547004699707,68.10543823242188,32.2318229675293
2021-06-17 00:00:00-04:00,94.99008178710938,52.60138320922852,55.07991409301758,69.29473114013672,30.74522590637207
2021-06-18 00:00:00-04:00,91.4058837890625,51.28212738037109,53.66714477539063,68.08684539794922,29.627901077270508
2021-06-21 00:00:00-04:00,94.08516693115234,53.88500213623047,55.61302947998047,69.06245422363281,31.36068725585937
2021-06-22 00:00:00-04:00,94.39566040039062,54.18807601928711,56.67926025390625,68.85803985595703,31.266008377075195
2021-06-23 00:00:00-04:00,94.2803192138672,54.16133117675781,57.09687805175781,68.15189361572266,31.13344383239746
2021-06-24 00:00:00-04:00,95.05218505859376,54.722923278808594,57.327880859375,67.71520233154297,31.49325561523437
2021-06-25 00:00:00-04:00,95.19412994384766,54.6515998840332,57.45228576660156,68.62574005126953,31.57847785949707
2021-06-28 00:00:00-04:00,92.25756072998048,53.1183967590332,55.986209869384766,69.82433319091797,30.319128036499023
2021-06-29 00:00:00-04:00,92.05352020263672,52.63703536987305,55.63967514038086,68.83014678955078,30.186561584472656
2021-06-30 00:00:00-04:00,92.92294311523438,54.2861213684082,56.04840469360352,68.08684539794922,30.30965805053711
2021-07-01 00:00:00-04:00,94.2270965576172,56.05109786987305,56.20833587646485,68.93236541748047,31.31334686279297
2021-07-02 00:00:00-04:00,94.10289764404295,55.93521118164063,56.12836837768555,69.01598358154297,31.0482234954834
2021-07-06 00:00:00-04:00,92.25756072998048,53.73345565795898,54.52902221679688,69.80575561523438,29.514278411865234
2021-07-07 00:00:00-04:00,91.31716918945312,52.60138320922852,53.67604064941406,69.99156951904297,29.0503044128418
2021-07-08 00:00:00-04:00,91.0243911743164,52.77967071533203,53.43613052368164,69.80575561523438,28.90826988220215
2021-07-09 00:00:00-04:00,92.32855224609376,53.59975051879883,54.40462875366211,69.67567443847656,29.53321647644043
2021-07-12 00:00:00-04:00,92.51485443115234,53.30559539794922,54.35131072998047,69.7685775756836,29.56161880493164
2021-07-13 00:00:00-04:00,92.20433807373048,53.00251770019531,54.0936393737793,69.55488586425781,28.984020233154297
2021-07-14 00:00:00-04:00,90.46546936035156,51.40690994262695,52.89412689208984,70.33534240722656,27.980329513549805
2021-07-15 00:00:00-04:00,89.8710708618164,50.88098907470703,52.378787994384766,71.3759765625,27.203880310058597
2021-07-16 00:00:00-04:00,87.49342346191406,49.47257995605469,50.93048477172852,72.39803314208984,26.389568328857425
2021-07-19 00:00:00-04:00,85.13353729248047,47.86805725097656,49.18007659912109,71.533935546875,25.234376907348636
2021-07-20 00:00:00-04:00,85.63923645019531,48.55443572998047,49.722076416015625,71.70116424560547,25.79303550720215
2021-07-21 00:00:00-04:00,88.55803680419922,50.82750701904297,51.321434020996094,70.5025863647461,26.91982078552246
2021-07-22 00:00:00-04:00,87.67086791992188,50.51551055908203,50.7438850402832,70.72559356689453,26.49372673034668
2021-07-23 00:00:00-04:00,87.70635223388672,49.707122802734375,50.68169403076172,71.72904968261719,26.90088653564453
2021-07-26 00:00:00-04:00,89.56055450439453,51.081390380859375,51.96117401123047,71.4596176147461,27.895109176635746
2021-07-27 00:00:00-04:00,89.2589111328125,50.59635162353516,51.38362884521485,72.34227752685547,27.629981994628903
2021-07-28 00:00:00-04:00,89.76461029052734,50.94666290283203,51.73015975952149,72.3329849243164,27.762548446655277
2021-07-29 00:00:00-04:00,90.99778747558594,51.270015716552734,52.36101531982422,72.62101745605469,28.065547943115234
2021-07-30 00:00:00-04:00,90.32351684570312,50.35384368896485,51.15260696411133,72.37945556640625,27.29857444763184
2021-08-02 00:00:00-04:00,90.16382598876952,49.7430534362793,51.161502838134766,73.22496795654297,26.98610496520996
2021-08-03 00:00:00-04:00,91.0243911743164,50.87479782104492,51.712379455566406,73.7917251586914,27.364856719970703
2021-08-04 00:00:00-04:00,88.98390197753906,49.3388557434082,50.50399017333984,74.20984649658203,26.162317276000977
2021-08-05 00:00:00-04:00,89.80896759033203,50.255027770996094,50.823856353759766,74.78589630126953,26.436914443969727
2021-08-06 00:00:00-04:00,90.44773864746094,50.74905014038086,51.410282135009766,74.89739227294922,26.910350799560547
2021-08-09 00:00:00-04:00,88.93951416015625,49.80592346191406,50.823856353759766,74.85093688964844,26.503196716308597
2021-08-10 00:00:00-04:00,90.56305694580078,50.73108673095703,51.69461441040039,74.82305908203125,26.910350799560547
2021-08-11 00:00:00-04:00,91.24618530273438,51.36882019042969,51.84566879272461,76.53266906738281,27.44060707092285
2021-08-12 00:00:00-04:00,91.05989074707033,51.234073638916016,51.72840118408203,77.1180191040039,27.033447265625
2021-08-13 00:00:00-04:00,90.45660400390624,50.27300262451172,51.205265045166016,77.53612518310547,26.844072341918945
2021-08-16 00:00:00-04:00,89.53392791748047,49.2310791015625,50.45661544799805,78.00069427490234,26.304351806640625
2021-08-17 00:00:00-04:00,89.36537170410156,48.97058868408203,50.11387634277344,78.00999450683594,25.745689392089844
2021-08-18 00:00:00-04:00,86.9466781616211,48.08135986328125,49.05855941772461,78.43738555908203,25.385873794555664
2021-08-19 00:00:00-04:00,84.7797622680664,47.1023063659668,47.56127166748047,78.55817413330078,25.0355281829834
2021-08-20 00:00:00-04:00,84.78877258300781,47.398719787597656,47.57029342651367,80.16558074951172,25.05446434020996
2021-08-23 00:00:00-04:00,86.97367095947266,49.21310424804688,49.52758026123047,78.41881561279297,26.029754638671875
2021-08-24 00:00:00-04:00,87.97171020507812,49.769996643066406,49.933475494384766,78.17723083496094,26.72097969055176
2021-08-25 00:00:00-04:00,88.57414245605469,50.317909240722656,50.0236701965332,78.53959655761719,26.93876266479492
2021-08-26 00:00:00-04:00,87.41425323486328,49.51850128173828,49.3471908569336,78.2269058227539,26.635757446289062
2021-08-27 00:00:00-04:00,88.69100952148438,50.96462631225586,50.30328369140625,77.85356903076172,27.53529357910156
2021-08-30 00:00:00-04:00,88.46622467041016,50.479591369628906,49.753074645996094,78.35758209228516,26.77779197692871
2021-08-31 00:00:00-04:00,87.00962829589844,49.87778091430664,49.17580795288086,78.39491271972656,26.66841697692871
2021-09-01 00:00:00-04:00,86.05653381347656,49.08736038208008,48.49933624267578,79.65499114990234,26.611351013183597
2021-09-02 00:00:00-04:00,87.85482025146484,50.83887100219727,49.6809196472168,80.71903991699219,27.210533142089844
2021-09-03 00:00:00-04:00,87.6570053100586,50.51552200317383,49.49150466918945,79.98168182373047,26.715970993041992
2021-09-07 00:00:00-04:00,87.27037048339844,50.28197860717773,49.20287322998047,79.36563110351562,26.468692779541016
2021-09-08 00:00:00-04:00,86.66795349121094,49.65323638916016,48.75188064575195,80.68170928955078,25.355920791625977
2021-09-09 00:00:00-04:00,86.31729888916016,49.922698974609375,48.78796005249024,80.12167358398438,25.3178768157959
2021-09-10 00:00:00-04:00,86.3802261352539,50.057430267333984,48.688743591308594,79.27230072021484,25.470046997070312
2021-09-13 00:00:00-04:00,88.08859252929688,51.72810363769531,49.94248962402344,78.94563293457031,26.73499298095703
2021-09-14 00:00:00-04:00,86.49710083007812,51.14425659179688,49.22993469238281,79.0016098022461,26.316516876220703
2021-09-15 00:00:00-04:00,88.33136749267578,53.282005310058594,50.88956069946289,78.97361755371094,27.809717178344727
2021-09-16 00:00:00-04:00,87.504150390625,53.20117568969727,50.34838485717773,78.40426635742188,27.44830894470215
2021-09-17 00:00:00-04:00,87.0006332397461,52.9227180480957,49.753074645996094,76.20147705078125,26.92521095275879
2021-09-20 00:00:00-04:00,85.22035217285156,51.26103210449219,48.42716979980469,76.24813842773438,25.91706085205078
2021-09-21 00:00:00-04:00,85.28328704833984,53.290992736816406,48.38207244873047,76.46281433105469,25.612712860107425
2021-09-22 00:00:00-04:00,87.79187774658203,55.92276382446289,49.79817199707031,76.44415283203125,25.821949005126957
2021-09-23 00:00:00-04:00,89.96778869628906,57.22515869140625,51.48487854003906,75.85611724853516,27.46732711791992
2021-09-24 00:00:00-04:00,90.4533233642578,58.401832580566406,51.94487762451172,75.32406616210938,27.590967178344727
2021-09-27 00:00:00-04:00,92.5842742919922,59.9197998046875,53.48726272583008,73.51333618164062,28.71324920654297
2021-09-28 00:00:00-04:00,92.93495178222656,60.89887237548828,54.046485900878906,72.12257385253906,29.398027420043945
2021-09-29 00:00:00-04:00,92.90797424316406,61.11442947387695,54.01041030883789,73.1306381225586,28.846399307250977
2021-09-30 00:00:00-04:00,91.21758270263672,60.87190246582031,53.0543212890625,73.28929138183594,28.19015121459961
2021-10-01 00:00:00-04:00,93.80711364746094,62.96474838256836,54.95748519897461,73.93334197998047,28.87493133544922
2021-10-04 00:00:00-04:00,94.15776824951172,64.2132568359375,55.670047760009766,74.07335662841797,29.369497299194336
2021-10-05 00:00:00-04:00,95.18278503417967,64.42884063720703,55.57984924316406,74.18535614013672,29.093685150146484
2021-10-06 00:00:00-04:00,94.34659576416016,64.50068664550781,54.56062316894531,75.77210998535156,28.47547721862793
2021-10-07 00:00:00-04:00,95.02094268798828,64.23120880126953,54.71395492553711,75.52942657470703,29.502649307250977
2021-10-08 00:00:00-04:00,97.15190887451172,67.29412078857422,56.08496475219727,74.86671447753906,30.11134529113769
2021-10-11 00:00:00-04:00,96.32469940185548,66.44083404541016,55.52573013305664,72.64527893066406,30.872209548950195
2021-10-12 00:00:00-04:00,96.34268188476562,65.93785095214844,55.23710250854492,73.61599731445312,31.27166557312012
2021-10-13 00:00:00-04:00,96.91814422607422,65.77616882324219,55.08376693725586,74.84806060791016,31.157533645629883
2021-10-14 00:00:00-04:00,97.8352508544922,66.33305358886719,55.92260360717773,76.03345489501953,31.8803653717041
2021-10-15 00:00:00-04:00,98.5545654296875,66.59354400634766,56.45477294921875,76.2294692993164,32.336883544921875
2021-10-18 00:00:00-04:00,98.50961303710938,66.91688537597656,56.42770767211914,75.59477233886719,32.48905563354492
2021-10-19 00:00:00-04:00,100.43376159667967,67.65341186523438,57.27557373046875,76.56549072265625,32.85047149658203
2021-10-20 00:00:00-04:00,101.74650573730467,68.28215026855469,57.59125900268555,78.3295669555664,33.04069137573242
2021-10-21 00:00:00-04:00,100.4697494506836,66.99771881103516,56.54496383666992,78.2269058227539,32.6222038269043
2021-10-22 00:00:00-04:00,101.42282104492188,68.0126953125,56.93281936645508,78.7962646484375,32.25128936767578
2021-10-25 00:00:00-04:00,102.36690521240234,68.73127746582031,58.04224395751953,78.6749267578125,32.67927169799805
2021-10-26 00:00:00-04:00,102.5916976928711,69.18936157226562,59.386192321777344,79.77633666992188,32.584163665771484
2021-10-27 00:00:00-04:00,100.76644134521484,67.2556381225586,57.84381103515625,79.34697723388672,30.94829750061035
2021-10-28 00:00:00-04:00,101.71054077148438,67.90625,58.00616455078125,80.66304016113281,31.671119689941406
2021-10-29 00:00:00-04:00,102.9423599243164,67.30986022949219,58.15048599243164,79.6456527709961,30.681995391845703
2021-11-01 00:00:00-04:00,102.97832489013672,67.40020751953125,59.19676971435547,79.88833618164062,31.671119689941406
2021-11-02 00:00:00-04:00,102.34893035888672,65.99058532714844,58.46618270874024,79.72966003417969,31.57601547241211
2021-11-03 00:00:00-04:00,101.61164855957033,65.72854614257812,57.66341781616211,79.5616455078125,31.366777420043945
2021-11-04 00:00:00-04:00,102.06119537353516,66.24361419677734,58.09637069702149,79.1136245727539,31.52846336364746
2021-11-05 00:00:00-04:00,103.16715240478516,68.17731475830078,58.64657211303711,79.83233642578125,31.8708438873291
2021-11-08 00:00:00-05:00,103.53580474853516,68.61106872558594,59.27796173095703,78.95494842529297,32.6222038269043
2021-11-09 00:00:00-05:00,104.30006408691406,68.44840240478516,59.85522079467773,79.28163146972656,32.47003173828125
2021-11-10 00:00:00-05:00,102.63665008544922,65.96347045898438,58.67603302001953,79.5243148803711,31.129003524780277
2021-11-11 00:00:00-05:00,102.6456527709961,65.18639373779297,58.78572463989258,79.6829833984375,31.176557540893555
2021-11-12 00:00:00-05:00,102.7085952758789,65.38517761230469,58.33781433105469,80.56036376953125,31.157533645629883
2021-11-15 00:00:00-05:00,105.03734588623048,65.71046447753906,58.84058380126953,81.52175903320312,31.119495391845703
2021-11-16 00:00:00-05:00,105.45096588134766,65.63818359375,59.43473815917969,81.18573760986328,31.28117561340332
2021-11-17 00:00:00-05:00,104.97801208496094,65.03276062011719,58.78572463989258,81.93244171142578,30.491779327392575
2021-11-18 00:00:00-05:00,104.09575653076172,65.71046447753906,58.14585876464844,81.76443481445312,30.301559448242188
2021-11-19 00:00:00-05:00,101.78556060791016,62.90024185180664,55.45840835571289,82.42713928222656,28.58009910583496
2021-11-22 00:00:00-05:00,103.6046142578125,64.9604721069336,56.22624206542969,81.54042053222656,28.85591125488281
2021-11-23 00:00:00-05:00,105.77838897705078,66.66829681396484,57.70709609985352,81.4937515258789,29.65481948852539
2021-11-24 00:00:00-05:00,106.58787536621094,67.6170883178711,58.02702331542969,81.76094055175781,29.87356948852539
2021-11-26 00:00:00-05:00,104.15032958984376,64.59000396728516,55.988582611083984,80.7109146118164,28.247217178344727
2021-11-29 00:00:00-05:00,104.4595718383789,65.19540405273438,56.29938125610352,83.12035369873047,28.19966125488281
2021-11-30 00:00:00-05:00,102.65869903564452,63.3701286315918,54.69969940185547,81.35781860351562,27.39259529113769
2021-12-01 00:00:00-05:00,101.95836639404295,62.52975463867188,54.65399932861328,82.35157775878906,27.10605812072754
2021-12-02 00:00:00-05:00,104.7233428955078,64.39122009277344,56.01600646972656,83.08283996582031,28.003862380981445
2021-12-03 00:00:00-05:00,104.05938720703124,64.25567626953125,55.65951156616211,82.52971649169922,27.92745590209961
2021-12-06 00:00:00-05:00,105.68743133544922,65.79178619384766,56.29024124145508,83.57974243164062,28.662891387939453
2021-12-07 00:00:00-05:00,107.25183868408205,67.38214874267578,56.92096328735352,84.76101684570312,29.37922477722168
2021-12-08 00:00:00-05:00,107.73387908935548,66.96649169921875,57.08549880981445,84.67662811279297,29.665760040283203
2021-12-09 00:00:00-05:00,107.4519271850586,65.55686950683594,57.23175811767578,84.29225158691406,29.24551010131836
2021-12-10 00:00:00-05:00,107.63381958007812,66.40625,57.59739685058594,84.63911437988281,29.598901748657227
2021-12-13 00:00:00-05:00,105.39637756347656,64.1743392944336,56.33594512939453,86.00790405273438,28.490970611572266
2021-12-14 00:00:00-05:00,105.70563507080078,63.86711120605469,56.25368118286133,84.40474700927734,28.33815193176269
2021-12-15 00:00:00-05:00,105.10533142089844,63.89421844482422,56.00686264038086,86.25165557861328,27.994312286376957
2021-12-16 00:00:00-05:00,106.0876235961914,64.78878021240234,56.0982780456543,86.46729278564453,28.366809844970703
2021-12-17 00:00:00-05:00,103.32264709472656,61.99663543701172,54.87338638305664,85.25789642333984,27.669574737548828
2021-12-20 00:00:00-05:00,103.36813354492188,61.987606048583984,54.0781135559082,84.32035827636719,27.192018508911133
2021-12-21 00:00:00-05:00,105.02346801757812,63.86711120605469,55.303016662597656,84.79850769042969,28.128028869628903
2021-12-22 00:00:00-05:00,105.62377166748048,64.22855377197266,55.75091552734375,85.12663269042969,28.175785064697266
2021-12-23 00:00:00-05:00,105.87844848632812,64.32794952392578,55.7783432006836,85.03288269042969,28.24264144897461
2021-12-27 00:00:00-05:00,108.0431137084961,66.15325164794922,56.573612213134766,85.61414337158203,28.500526428222656
2021-12-28 00:00:00-05:00,107.83392333984376,66.0719223022461,56.39079284667969,86.13915252685547,28.758399963378903
2021-12-29 00:00:00-05:00,107.27911376953124,65.89118957519531,55.89717864990234,86.24227905273438,28.31904983520508
2021-12-30 00:00:00-05:00,106.80616760253906,65.3128890991211,55.568092346191406,86.97354125976562,28.481416702270508
2021-12-31 00:00:00-05:00,106.73339080810548,65.40348815917969,55.93373489379883,87.52667999267578,28.605587005615234
2022-01-03 00:00:00-05:00,108.4706039428711,66.84422302246094,58.08187484741211,85.93290710449219,30.29613304138184
2022-01-04 00:00:00-05:00,110.44428253173828,69.74378967285156,60.266563415527344,85.01412963867188,31.76700592041016
2022-01-05 00:00:00-05:00,111.16282653808594,68.5477066040039,61.01613235473633,84.12349700927734,31.76700592041016
2022-01-06 00:00:00-05:00,112.10873413085938,71.12108612060547,62.451263427734375,80.41091918945312,32.52153778076172
2022-01-07 00:00:00-05:00,113.7186050415039,73.0692367553711,62.963172912597656,81.01094055175781,33.45755386352539
2022-01-10 00:00:00-05:00,113.7913589477539,73.42263793945312,62.588375091552734,79.02338409423828,33.54351043701172
2022-01-11 00:00:00-05:00,116.3926010131836,75.74227905273438,65.22099304199219,79.49214935302734,34.84246063232422
2022-01-12 00:00:00-05:00,115.81050872802734,76.47624969482422,65.02902221679688,79.77339935302734,34.813812255859375
2022-01-13 00:00:00-05:00,115.32845306396484,75.76947784423828,64.56283569335938,79.59526824951172,34.54637908935547
2022-01-14 00:00:00-05:00,117.29305267333984,78.59656524658203,65.69632720947266,78.0014877319336,36.11275863647461
2022-01-18 00:00:00-05:00,117.675048828125,79.29425811767578,66.8023910522461,76.17333984375,35.85487365722656
2022-01-19 00:00:00-05:00,117.2475814819336,79.08584594726562,66.82979583740234,77.42960357666016,35.43463134765625
2022-01-20 00:00:00-05:00,116.82917785644533,77.59076690673828,66.9760513305664,78.29212951660156,35.38687515258789
2022-01-21 00:00:00-05:00,115.4285125732422,74.95396423339844,65.97054290771484,77.43898010253906,34.72784805297852
2022-01-24 00:00:00-05:00,115.67408752441406,75.22578430175781,66.53729248046875,76.80148315429688,34.95707321166992
2022-01-25 00:00:00-05:00,120.59463500976562,78.93180847167969,68.49346160888672,70.40760040283203,37.04876708984375
2022-01-26 00:00:00-05:00,120.6855926513672,78.88650512695312,67.79873657226562,68.10131072998047,38.013431549072266
2022-01-27 00:00:00-05:00,123.12313079833984,81.24241638183594,68.66714477539062,67.97942352294922,37.115631103515625
2022-01-28 00:00:00-05:00,118.79379272460938,80.8437271118164,68.81340026855469,67.97004699707031,37.89881896972656
2022-01-31 00:00:00-05:00,119.44864654541016,80.30005645751953,69.43498229980469,73.23889923095703,37.316200256347656
2022-02-01 00:00:00-05:00,122.59561920166016,82.94591522216797,73.88665771484375,72.4045181274414,37.74599456787109
2022-02-02 00:00:00-05:00,123.1595230102539,83.5530014038086,73.69468688964844,72.87327575683594,37.48812103271485
2022-02-03 00:00:00-05:00,122.0589828491211,82.33882141113281,72.83543395996094,71.03573608398438,36.84820175170898
2022-02-04 00:00:00-05:00,123.58699798583984,83.24494171142578,74.41682434082031,71.2607421875,36.78133773803711
2022-02-07 00:00:00-05:00,126.01545715332033,84.21448516845703,75.3126449584961,70.95135498046875,38.46233749389648
2022-02-08 00:00:00-05:00,124.09632873535156,82.75565338134766,73.36561584472656,70.74510955810547,37.26951217651367
2022-02-09 00:00:00-05:00,125.32416534423828,84.2235336303711,73.01439666748047,71.8701400756836,37.7485580444336
2022-02-10 00:00:00-05:00,123.7325210571289,83.28118896484375,72.3119888305664,70.73572540283203,37.528202056884766
2022-02-11 00:00:00-05:00,126.2519073486328,85.16626739501953,74.13273620605469,70.27633666992188,38.91742706298828
2022-02-14 00:00:00-05:00,124.30552673339844,83.37225341796875,72.99592590332031,70.23884582519531,37.65274810791016
2022-02-15 00:00:00-05:00,123.3956298828125,81.66929626464844,72.0809326171875,70.39822387695312,38.40963363647461
2022-02-16 00:00:00-05:00,123.43238830566406,82.15193939208984,72.41365814208984,70.52949523925781,39.942569732666016
2022-02-17 00:00:00-05:00,122.7982406616211,83.01709747314453,72.30274200439453,70.67010498046875,39.38688659667969
2022-02-18 00:00:00-05:00,122.62362670898438,81.62374114990234,71.4986572265625,69.51697540283203,38.52461242675781
2022-02-22 00:00:00-05:00,121.68614959716795,79.98452758789062,70.6668701171875,69.17007446289062,37.89227294921875
2022-02-23 00:00:00-05:00,124.58126068115234,80.34881591796875,70.953369140625,67.80130004882812,38.07430648803711
2022-02-24 00:00:00-05:00,123.93790435791016,79.89346313476562,70.0568618774414,70.72635650634766,36.71383285522461
2022-02-25 00:00:00-05:00,129.02041625976562,83.11726379394531,71.94229125976562,72.33890533447266,37.79647064208984
2022-02-28 00:00:00-05:00,132.34747314453125,86.3865737915039,72.47835540771484,73.78594207763672,37.59526443481445
2022-03-01 00:00:00-05:00,137.6046142578125,88.29898834228516,73.17152404785156,73.00350189208984,36.09107208251953
2022-03-02 00:00:00-05:00,141.6669464111328,89.28251647949219,74.4284896850586,73.10719299316406,37.59526443481445
2022-03-03 00:00:00-05:00,143.57864379882812,88.70880126953125,74.89984130859375,74.27616119384766,36.90544128417969
2022-03-04 00:00:00-05:00,145.81198120117188,91.31330871582033,77.71876525878906,75.61479949951172,37.307838439941406
2022-03-07 00:00:00-05:00,148.92767333984375,92.22399139404295,80.51918029785156,79.35736846923828,40.335391998291016
2022-03-08 00:00:00-05:00,156.7306671142578,89.97463989257812,81.12916564941406,77.255126953125,43.19048690795898
2022-03-09 00:00:00-05:00,152.81539916992188,87.6159896850586,76.51727294921875,75.71849822998047,40.77610397338867
2022-03-10 00:00:00-05:00,156.99720764160156,90.8124542236328,78.89252471923828,75.56767272949219,41.58089828491211
2022-03-11 00:00:00-05:00,157.07070922851562,89.61947631835938,78.4858627319336,74.75694274902344,41.101863861083984
2022-03-14 00:00:00-04:00,153.22897338867188,87.92562103271484,75.67619323730469,74.73809051513672,39.808441162109375
2022-03-15 00:00:00-04:00,145.471923828125,86.55960083007812,71.36927032470703,77.28340911865234,37.61442565917969
2022-03-16 00:00:00-04:00,144.9480438232422,86.35014343261719,71.10123443603516,77.78304290771484,36.292274475097656
2022-03-17 00:00:00-04:00,147.45713806152344,90.001953125,72.99592590332031,77.95272827148438,37.853946685791016
2022-03-18 00:00:00-04:00,148.64276123046875,90.7031707763672,72.70940399169922,77.65105438232422,38.064727783203125
2022-03-21 00:00:00-04:00,151.3172607421875,93.5809097290039,75.97195434570312,77.11370849609375,39.46352767944336
2022-03-22 00:00:00-04:00,150.81179809570312,92.67933654785156,75.63922882080078,78.10355377197266,39.47311782836914
2022-03-23 00:00:00-04:00,152.43853759765625,95.0470962524414,76.83148956298828,77.83959197998047,40.63238906860352
2022-03-24 00:00:00-04:00,152.84295654296875,95.20189666748048,77.06254577636719,78.90486907958984,40.85275650024414
2022-03-25 00:00:00-04:00,155.609375,97.89749908447266,78.7446517944336,79.13111114501953,41.84916687011719
2022-03-28 00:00:00-04:00,152.888916015625,94.25479888916016,76.53573608398438,79.59304809570312,39.980899810791016
2022-03-29 00:00:00-04:00,151.02316284179688,91.69581604003906,76.12908172607422,79.77215576171875,40.84318161010742
2022-03-30 00:00:00-04:00,152.0893096923828,92.34432983398438,77.4322509765625,80.60173034667969,40.44078063964844
2022-03-31 00:00:00-04:00,149.65374755859375,91.33956146240234,76.33238983154297,79.85700225830078,39.57850646972656
2022-04-01 00:00:00-04:00,150.9312744140625,91.8693618774414,76.82225799560547,80.7997055053711,39.942569732666016
2022-04-04 00:00:00-04:00,151.06912231445312,91.84195709228516,76.85922241210938,80.71487426757812,39.808441162109375
2022-04-05 00:00:00-04:00,150.14083862304688,89.55845642089844,76.46179962158203,81.38419342041016,38.76413345336914
2022-04-06 00:00:00-04:00,151.4735107421875,89.0926284790039,77.31209564208984,81.53502655029297,39.07071685791016
2022-04-07 00:00:00-04:00,153.57821655273438,91.30304718017578,78.60601806640625,82.09122467041016,39.25275039672852
2022-04-08 00:00:00-04:00,156.17919921875,94.1254425048828,80.2603988647461,81.15792846679688,40.76652908325195
2022-04-11 00:00:00-04:00,152.16281127929688,89.49452209472656,77.4969482421875,79.73445892333984,39.59767150878906
2022-04-12 00:00:00-04:00,155.33364868164062,91.33956146240234,79.11433410644531,79.083984375,39.78927993774414
2022-04-13 00:00:00-04:00,157.77842712402344,91.54966735839844,80.232666015625,78.76345825195312,40.78569030761719
2022-04-14 00:00:00-04:00,157.70486450195312,92.5909423828125,81.17538452148438,78.06585693359375,41.43719100952149
2022-04-18 00:00:00-04:00,159.8187713623047,94.50907135009766,81.84082794189453,77.02886962890625,41.84916687011719
2022-04-19 00:00:00-04:00,157.9254608154297,92.76447296142578,81.1106948852539,77.1419906616211,41.609642028808594
2022-04-20 00:00:00-04:00,158.56883239746094,93.77835845947266,81.29553985595703,76.84032440185547,40.891075134277344
2022-04-21 00:00:00-04:00,151.2621307373047,90.12478637695312,80.43600463867188,71.81568908691406,38.9461669921875
2022-04-22 00:00:00-04:00,147.92587280273438,87.69514465332031,78.67996215820312,69.71343994140625,39.90425491333008
2022-04-25 00:00:00-04:00,144.745849609375,83.72186279296875,76.02740478515625,69.79827880859375,37.068321228027344
2022-04-26 00:00:00-04:00,143.86354064941406,83.41130828857422,76.05513000488281,69.3552017211914,37.88268661499024
2022-04-27 00:00:00-04:00,143.59698486328125,85.00060272216797,78.2270736694336,69.0723876953125,38.275508880615234
2022-04-28 00:00:00-04:00,148.69790649414062,89.10176086425781,80.59310150146484,69.27979278564453,38.42879486083984
2022-04-29 00:00:00-04:00,143.99221801757812,87.24757385253906,78.79087829589844,66.9512939453125,37.37491226196289
2022-05-02 00:00:00-04:00,146.82298278808594,87.61293029785156,79.86298370361328,65.86717987060547,37.4707145690918
2022-05-03 00:00:00-04:00,149.34127807617188,90.36225128173828,81.50811767578125,66.70618438720703,38.467132568359375
2022-05-04 00:00:00-04:00,154.028564453125,94.86529541015624,84.75216674804688,68.87442779541016,40.814430236816406
2022-05-05 00:00:00-04:00,152.80618286132812,93.9518814086914,83.46748352050781,67.72431945800781,40.31623077392578
2022-05-06 00:00:00-04:00,156.87771606445312,98.36360931396484,84.742919921875,68.31822204589844,41.226409912109375
2022-05-09 00:00:00-04:00,146.36343383789062,88.78207397460938,78.06072235107422,66.6590576171875,36.44556427001953
2022-05-10 00:00:00-04:00,147.76962280273438,89.5127944946289,78.57828521728516,65.98029327392578,36.301849365234375
2022-05-11 00:00:00-04:00,149.95704650878906,90.46273803710938,80.21418762207031,66.17826080322266,36.76172637939453
2022-05-12 00:00:00-04:00,151.38162231445312,90.97420501708984,80.57833099365234,64.5850830078125,37.39406967163086
2022-05-13 00:00:00-04:00,154.28590393066406,93.99755859375,82.9686050415039,65.80119323730469,39.03239440917969
2022-05-16 00:00:00-04:00,159.0099639892578,96.79593658447266,84.9200210571289,66.10286712646484,40.37371063232422
2022-05-17 00:00:00-04:00,159.94741821289062,98.19051361083984,86.00312805175781,67.89398956298828,41.14976119995117
2022-05-18 00:00:00-04:00,155.73121643066406,95.86009979248048,84.63992309570312,66.93243408203125,39.406044006347656
2022-05-19 00:00:00-04:00,154.61924743652344,95.9793701171875,85.0974349975586,66.42337036132812,39.13778305053711
2022-05-20 00:00:00-04:00,155.50881958007812,96.35552215576172,85.76969146728516,67.13983154296875,39.39646530151367
2022-05-23 00:00:00-04:00,159.1227264404297,100.02552795410156,87.66511535644531,68.39364624023438,41.97372055053711
2022-05-24 00:00:00-04:00,159.97523498535156,100.44757843017578,88.14129638671875,70.39218139648438,42.059940338134766
2022-05-25 00:00:00-04:00,162.54202270507812,102.02566528320312,89.91532897949219,70.50531005859375,43.16173553466797
2022-05-26 00:00:00-04:00,163.63543701171875,103.81477355957033,90.2327880859375,70.74099731445312,44.733001708984375
2022-05-27 00:00:00-04:00,165.20147705078125,105.14515686035156,91.11978912353516,73.40982818603516,46.18929290771485
2022-05-31 00:00:00-04:00,161.84706115722656,103.08995819091795,89.63522338867188,71.76018524169922,44.19401931762695
2022-06-01 00:00:00-04:00,163.3852996826172,106.20027923583984,91.35323333740234,72.21525573730469,44.8863525390625
2022-06-02 00:00:00-04:00,163.08872985839844,105.47545623779295,91.19450378417967,74.44322967529297,44.52095413208008
2022-06-03 00:00:00-04:00,164.5713653564453,108.374755859375,92.52033996582033,74.60442352294922,45.64599990844727
2022-06-06 00:00:00-04:00,163.85784912109375,107.69578552246094,92.2869110107422,76.02654266357422,45.405609130859375
2022-06-07 00:00:00-04:00,166.98065185546875,112.58605194091795,96.51658630371094,75.6378173828125,47.04990005493164
2022-06-08 00:00:00-04:00,167.8424072265625,111.80619049072266,97.65569305419922,74.41478729248047,47.665306091308594
2022-06-09 00:00:00-04:00,164.49725341796875,108.77845001220705,95.54553985595705,73.32450866699219,46.29025268554688
2022-06-10 00:00:00-04:00,162.5327606201172,107.19117736816406,93.79952239990234,71.96876525878906,45.39599609375
2022-06-13 00:00:00-04:00,155.05477905273438,102.5394515991211,89.49515533447266,68.65047454833984,42.617034912109375
2022-06-14 00:00:00-04:00,155.2586212158203,102.291748046875,89.72858428955078,67.76876068115234,41.559303283691406
2022-06-15 00:00:00-04:00,152.2099609375,100.30994415283205,88.59880828857422,70.33805084228516,39.92462539672852
2022-06-16 00:00:00-04:00,144.07408142089844,93.97004699707033,85.33085632324219,67.1904296875,37.00143051147461
2022-06-17 00:00:00-04:00,137.4949493408203,86.00617218017578,80.41027069091797,67.133544921875,35.23213577270508
2022-06-21 00:00:00-04:00,143.2493896484375,91.08910369873048,85.41490173339844,68.95386505126953,37.328372955322266
2022-06-22 00:00:00-04:00,137.02235412597656,85.38225555419922,82.03490447998047,70.81210327148438,36.07832336425781
2022-06-23 00:00:00-04:00,131.98143005371094,80.63880920410156,79.56059265136719,73.1917724609375,33.635921478271484
2022-06-24 00:00:00-04:00,134.1497344970703,83.40965270996094,81.13854217529297,73.96920013427734,33.71284866333008
2022-06-27 00:00:00-04:00,136.74436950683594,85.2773666381836,83.1273193359375,73.845947265625,34.51095199584961
2022-06-28 00:00:00-04:00,138.9405059814453,88.0419692993164,85.43356323242188,72.47124481201172,35.54945755004883
2022-06-29 00:00:00-04:00,136.1976318359375,84.56542205810547,82.27764892578125,72.0540771484375,34.78981399536133
2022-06-30 00:00:00-04:00,134.15904235839844,83.039794921875,79.96208190917969,73.43828582763672,34.38594436645508
2022-07-01 00:00:00-04:00,135.76210021972656,84.12161254882812,81.74545288085938,76.37732696533203,34.280174255371094
2022-07-05 00:00:00-04:00,132.19454956054688,78.25952911376953,79.18710327148438,75.00260925292969,32.049320220947266
2022-07-06 00:00:00-04:00,130.4524688720703,77.05754089355469,77.75856018066406,75.43872833251953,31.47237014770508
2022-07-07 00:00:00-04:00,132.991455078125,79.84062957763672,80.2421875,76.20668029785156,33.05897521972656
2022-07-08 00:00:00-04:00,132.29647827148438,79.94234466552734,80.37291717529297,76.08341979980469,33.001277923583984
2022-07-11 00:00:00-04:00,131.12892150878906,79.10094451904297,79.96208190917969,76.49109649658203,32.0877799987793
2022-07-12 00:00:00-04:00,128.72891235351562,77.15924072265625,78.89765930175781,75.79900360107422,31.47237014770508
2022-07-13 00:00:00-04:00,127.8671417236328,76.8448715209961,79.21512603759766,76.09291076660156,31.049280166625977
2022-07-14 00:00:00-04:00,125.96754455566406,75.45793914794922,77.62782287597656,75.96965789794922,30.12616729736328
2022-07-15 00:00:00-04:00,127.55207061767578,76.64144897460938,78.93501281738281,74.62337493896484,31.058895111083984
2022-07-18 00:00:00-04:00,129.3404998779297,78.65711975097656,80.3915786743164,73.48568725585938,31.85700225830078
2022-07-19 00:00:00-04:00,134.00149536132812,81.81006622314453,82.41771697998047,74.83196258544922,32.905120849609375
2022-07-20 00:00:00-04:00,135.77137756347656,83.87196350097656,83.32339477539062,74.25362396240234,32.82819366455078
2022-07-21 00:00:00-04:00,134.73353576660156,82.22615814208984,81.93219757080078,74.77507019042969,32.33779525756836
2022-07-22 00:00:00-04:00,133.6123046875,81.4864501953125,81.3066177368164,76.08341979980469,33.72246170043945
2022-07-25 00:00:00-04:00,137.58758544921875,85.11095428466797,84.01433563232422,76.77552032470703,34.78019714355469
2022-07-26 00:00:00-04:00,136.51271057128906,84.22331237792969,83.68755340576172,75.76107788085938,34.23209381103516
2022-07-27 00:00:00-04:00,138.31036376953125,86.23897552490234,85.4989242553711,76.20668029785156,34.93404769897461
2022-07-28 00:00:00-04:00,139.3574676513672,86.96941375732422,86.49799346923828,80.15068054199219,34.33786392211914
2022-07-29 00:00:00-04:00,151.76522827148438,90.08538818359376,90.50355529785156,80.10327911376953,35.60714340209961
2022-08-01 00:00:00-04:00,148.7350616455078,87.93102264404297,88.21600341796875,80.88069915771484,35.00135803222656
2022-08-02 00:00:00-04:00,147.46559143066406,87.5704345703125,87.83316802978516,81.2220230102539,35.280208587646484
2022-08-03 00:00:00-04:00,143.962890625,84.43596649169922,84.98538208007812,81.97100830078125,34.17440414428711
2022-08-04 00:00:00-04:00,140.0524444580078,83.1045150756836,81.40931701660156,83.41209411621094,32.64549255371094
2022-08-05 00:00:00-04:00,142.3690643310547,85.85063171386719,82.58577728271484,83.41209411621094,33.328216552734375
2022-08-08 00:00:00-04:00,142.15594482421875,86.57183074951172,83.05262756347656,82.97595977783203,33.318603515625
2022-08-09 00:00:00-04:00,144.0092315673828,88.31011199951172,84.58389282226562,84.30326080322266,33.645538330078125
2022-08-10 00:00:00-04:00,144.38916015625,88.74468994140625,85.38687896728516,85.1186294555664,33.57822036743164
2022-08-11 00:00:00-04:00,147.9103546142578,92.79450988769533,87.8569564819336,84.78679656982422,35.472530364990234
2022-08-12 00:00:00-04:00,148.12350463867188,95.00433349609376,88.62059020996094,85.7728042602539,35.712928771972656
2022-08-15 00:00:00-04:00,145.3065185546875,93.59261322021484,87.0367202758789,86.27527618408203,34.38594436645508
2022-08-16 00:00:00-04:00,144.9358367919922,92.97032165527344,86.22594451904297,85.82968139648438,34.21286392211914
2022-08-17 00:00:00-04:00,146.1312255859375,94.14059448242188,86.9236068725586,85.51681518554688,34.03977966308594
2022-08-18 00:00:00-04:00,148.69326782226562,97.4098663330078,88.97884368896484,85.55472564697266,35.70330810546875
2022-08-19 00:00:00-04:00,147.4496612548828,97.65135192871094,88.6960220336914,85.05225372314453,35.69369125366211
2022-08-22 00:00:00-04:00,146.71095275878906,97.74423217773438,88.63002014160156,83.94300079345703,35.501373291015625
2022-08-23 00:00:00-04:00,151.4704132080078,100.72560119628906,92.39168548583984,83.41209411621094,37.84762191772461
2022-08-24 00:00:00-04:00,152.59246826171875,102.6481475830078,92.9384994506836,84.10417938232422,38.3764877319336
2022-08-25 00:00:00-04:00,153.92962646484375,104.0970458984375,93.4192886352539,84.7488784790039,38.62649917602539
2022-08-26 00:00:00-04:00,152.79820251464844,104.13420104980467,92.26911926269533,83.4879150390625,37.905311584472656
2022-08-29 00:00:00-04:00,153.93898010253906,105.34160614013672,94.3903579711914,82.90203094482422,38.82843017578125
2022-08-30 00:00:00-04:00,150.18936157226562,102.6295928955078,90.7983856201172,81.64449310302734,37.19374465942383
2022-08-31 00:00:00-04:00,147.7956085205078,101.65435791015624,90.11959838867188,81.03477478027344,36.684112548828125
2022-09-01 00:00:00-04:00,145.43927001953125,99.8711166381836,88.49803924560547,82.1780014038086,35.43406295776367
2022-09-02 00:00:00-04:00,147.59927368164062,102.40667724609376,90.11959838867188,81.08241271972656,36.6071891784668
2022-09-06 00:00:00-04:00,146.9166717529297,100.89276123046876,89.51622772216797,83.2354736328125,36.09036636352539
2022-09-07 00:00:00-04:00,145.03720092773438,99.1559600830078,88.75257873535156,85.96965789794922,35.80056381225586
2022-09-08 00:00:00-04:00,145.8226318359375,100.60484313964844,89.478515625,85.99822998046875,36.87284469604492
2022-09-09 00:00:00-04:00,149.58160400390625,103.99488067626952,90.9775161743164,85.64573669433594,38.30255126953125
2022-09-12 00:00:00-04:00,151.94729614257812,106.24250793457033,92.02398681640624,86.5126724243164,38.78555679321289
2022-09-13 00:00:00-04:00,149.05795288085938,104.3292236328125,89.87447357177734,84.65496063232422,37.16264724731445
2022-09-14 00:00:00-04:00,152.66729736328125,109.3260498046875,92.08057403564452,84.67401123046875,38.872501373291016
2022-09-15 00:00:00-04:00,150.18936157226562,107.32917785644533,89.40309143066406,81.93982696533203,38.2832260131836
2022-09-16 00:00:00-04:00,146.29019165039062,105.07225036621094,87.87579345703125,80.77755737304688,37.066043853759766
2022-09-19 00:00:00-04:00,146.71095275878906,104.8307876586914,87.86637878417969,82.73054504394531,37.64565658569336
2022-09-20 00:00:00-04:00,146.1312255859375,104.08775329589844,87.14985656738281,81.63495635986328,37.19162368774414
2022-09-21 00:00:00-04:00,144.94369506835938,103.17755889892578,85.74513244628906,79.99636840820312,36.30289077758789
2022-09-22 00:00:00-04:00,144.83148193359375,102.22091674804688,85.38688659667969,79.58671569824219,36.93080139160156
2022-09-23 00:00:00-04:00,135.36866760253906,93.4254150390625,80.84271240234375,78.61497497558594,33.81056213378906
2022-09-26 00:00:00-04:00,131.8061065673828,92.13443756103516,79.17401885986328,77.309814453125,32.70930862426758
2022-09-27 00:00:00-04:00,131.86219787597656,91.72576904296876,80.83329772949219,77.24311828613281,32.82522964477539
2022-09-28 00:00:00-04:00,136.31307983398438,97.03937530517578,83.77474975585938,78.47209167480469,34.23561477661133
2022-09-29 00:00:00-04:00,135.36866760253906,97.66118621826172,83.60503387451172,76.18565368652344,34.74760437011719
2022-09-30 00:00:00-04:00,134.34010314941406,96.41756439208984,82.31343841552734,74.69947052001953,34.679988861083984
2022-10-03 00:00:00-04:00,141.876708984375,103.60601806640624,86.65962982177734,77.34791564941406,36.9984245300293
2022-10-04 00:00:00-04:00,147.3935546875,108.92906951904295,89.81790924072266,78.90077209472656,37.790557861328125
2022-10-05 00:00:00-04:00,148.23509216308594,109.22111511230467,93.44759368896484,77.90046691894531,40.15729522705078
2022-10-06 00:00:00-04:00,150.9374237060547,110.8415756225586,96.21934509277344,75.17581176757812,41.04603576660156
2022-10-07 00:00:00-04:00,149.6376953125,111.6518096923828,95.24827575683594,73.0989761352539,41.14262771606445
2022-10-10 00:00:00-04:00,146.9353790283203,110.0407943725586,93.18359375,73.10850524902344,40.6982650756836
2022-10-11 00:00:00-04:00,146.96340942382812,108.89137268066406,92.39168548583984,72.43209838867188,40.34083938598633
2022-10-12 00:00:00-04:00,147.40289306640625,109.56971740722656,92.79708099365234,69.30732727050781,40.59200668334961
2022-10-13 00:00:00-04:00,154.5467529296875,115.63702392578124,96.04021453857422,69.6312255859375,42.688255310058594
2022-10-14 00:00:00-04:00,149.74057006835938,111.1336441040039,93.5135726928711,68.37369537353516,40.72724151611328
2022-10-17 00:00:00-04:00,150.83456420898438,111.510498046875,94.86173248291016,70.16471862792969,41.40345764160156
2022-10-18 00:00:00-04:00,152.1529998779297,111.06769561767578,95.0314483642578,71.50799560546875,41.8864631652832
2022-10-19 00:00:00-04:00,157.0901336669922,114.10135650634766,97.85033416748048,70.15520477294922,43.92475891113281
2022-10-20 00:00:00-04:00,157.98777770996094,114.76083374023438,97.9823226928711,67.29716491699219,44.13728332519531
2022-10-21 00:00:00-04:00,161.94309997558594,117.2857437133789,99.80187225341795,68.25936889648438,48.69688034057617
2022-10-24 00:00:00-04:00,161.88699340820312,117.89812469482422,100.4995346069336,69.8122329711914,50.37775421142578
2022-10-25 00:00:00-04:00,163.57008361816406,116.7676010131836,99.82072448730467,72.2701416015625,50.68688201904297
2022-10-26 00:00:00-04:00,165.58981323242188,119.24537658691406,101.00861358642578,72.02244567871094,50.4067268371582
2022-10-27 00:00:00-04:00,166.3472137451172,119.3113250732422,101.39515686035156,71.89859771728516,49.92372131347656
2022-10-28 00:00:00-04:00,168.29212951660156,119.81066131591795,104.36488342285156,75.29013061523438,48.73552322387695
2022-10-31 00:00:00-04:00,169.1523895263672,118.79315948486328,104.46858215332033,73.83253479003906,50.26182174682617
2022-11-01 00:00:00-04:00,170.38668823242188,120.38536071777344,105.50564575195312,74.03260803222656,49.79813766479492
2022-11-02 00:00:00-04:00,166.9082489013672,119.1888656616211,103.33726501464844,73.62294006347656,49.40206909179688
2022-11-03 00:00:00-04:00,169.36746215820312,126.0758285522461,104.74199676513672,74.48035430908203,50.03963851928711
2022-11-04 00:00:00-04:00,171.50875854492188,124.6626434326172,105.88275146484376,75.07101440429688,51.29545593261719
2022-11-07 00:00:00-05:00,173.5565185546875,127.13101959228516,107.13663482666016,73.63247680664062,52.947357177734375
2022-11-08 00:00:00-05:00,173.30406188964844,126.6599578857422,107.47603607177734,74.56609344482422,52.83142852783203
2022-11-09 00:00:00-05:00,166.37525939941406,118.01119232177734,102.66789245605467,74.49942016601562,51.266483306884766
2022-11-10 00:00:00-05:00,169.52642822265625,121.96814727783205,104.17633056640624,79.26280212402344,51.29545593261719
2022-11-11 00:00:00-05:00,174.35134887695312,126.2077178955078,107.42889404296876,79.36759185791016,52.957008361816406
2022-11-14 00:00:00-05:00,174.4355010986328,125.81053161621094,107.74252319335938,77.7956771850586,52.23249816894531
2022-11-15 00:00:00-05:00,175.8380889892578,126.81298828125,108.46478271484376,78.98651885986328,52.81210708618164
2022-11-16 00:00:00-05:00,172.97682189941406,122.22620391845705,107.30534362792967,80.32980346679688,51.189208984375
2022-11-17 00:00:00-05:00,173.46678161621094,124.07038116455078,107.4478988647461,78.4530258178711,51.03464126586914
2022-11-18 00:00:00-05:00,172.43026733398438,121.61148071289062,106.51654815673828,79.26280212402344,51.62390899658203
2022-11-21 00:00:00-05:00,170.78126525878906,118.6797103881836,105.4616470336914,79.64385986328125,50.49367141723633
2022-11-22 00:00:00-05:00,175.1629180908203,122.92604064941406,108.5123062133789,80.1297378540039,51.81711196899414
2022-11-23 00:00:00-05:00,173.60812377929688,119.86186981201172,107.9706039428711,81.31226348876953,49.67255401611328
2022-11-25 00:00:00-05:00,173.09930419921875,119.92807006835938,107.59046173095705,81.71442413330078,49.10261154174805
2022-11-28 00:00:00-05:00,168.06744384765625,117.11925506591795,104.3592300415039,80.17283630371094,48.18489074707031
2022-11-29 00:00:00-05:00,170.58335876464844,117.50700378417967,105.05299377441406,78.98551177978516,49.31513595581055
2022-11-30 00:00:00-05:00,172.7318115234375,116.80716705322266,105.81327056884766,81.10160827636719,49.79813766479492
2022-12-01 00:00:00-05:00,171.95912170410156,116.38157653808594,105.30008697509766,81.22610473632812,50.0009994506836
2022-12-02 00:00:00-05:00,170.58335876464844,115.5493392944336,104.40675354003906,81.58036804199219,50.99599456787109
2022-12-05 00:00:00-05:00,166.371337890625,112.891845703125,101.546142578125,81.53250885009766,49.633914947509766
2022-12-06 00:00:00-05:00,162.08389282226562,109.3358917236328,98.72357940673828,81.56122589111328,49.31888961791992
2022-12-07 00:00:00-05:00,162.56446838378906,108.6455078125,98.50501251220705,81.66654968261719,48.27202606201172
2022-12-08 00:00:00-05:00,163.52560424804688,106.48924255371094,99.23677825927734,82.11658477783203,48.38833999633789
2022-12-09 00:00:00-05:00,158.3052978515625,104.04924774169922,98.40045928955078,80.91969299316406,45.52885437011719
2022-12-12 00:00:00-05:00,159.9542999267578,105.71373748779295,100.8238754272461,82.87303161621094,47.59350204467773
2022-12-13 00:00:00-05:00,163.5161590576172,107.25527954101562,101.9263153076172,83.4475326538086,49.48367691040039
2022-12-14 00:00:00-05:00,162.38540649414062,106.74459075927734,101.17550659179688,83.3517837524414,48.8826904296875
2022-12-15 00:00:00-05:00,161.16986083984375,106.44195556640624,100.20614624023438,82.1644515991211,48.57251739501953
2022-12-16 00:00:00-05:00,158.98374938964844,104.44647216796876,99.50287628173828,80.56541442871094,47.86491394042969
2022-12-19 00:00:00-05:00,160.07679748535156,104.44647216796876,99.94954681396484,79.97174835205078,48.30110931396485
2022-12-20 00:00:00-05:00,162.70579528808594,106.53654479980467,101.39410400390624,79.97174835205078,50.17188262939453
2022-12-21 00:00:00-05:00,164.61865234375,109.96953582763672,102.69609832763672,81.0537338256836,51.67433166503906
2022-12-22 00:00:00-05:00,162.14984130859375,106.7729721069336,100.62430572509766,79.79939270019531,49.81324005126953
2022-12-23 00:00:00-05:00,167.16285705566406,111.3883819580078,103.28533172607422,80.59413146972656,51.36415100097656
2022-12-27 00:00:00-05:00,169.26417541503906,112.73969268798828,104.72036743164062,80.43135833740234,51.85850143432617
2022-12-28 00:00:00-05:00,166.76707458496094,109.73252868652344,103.00020599365234,79.62704467773438,50.986114501953125
2022-12-29 00:00:00-05:00,168.02976989746094,110.76029205322266,103.77950286865234,80.50794982910156,51.28660202026367
2022-12-30 00:00:00-05:00,169.13223266601562,112.29242706298828,104.82491302490234,80.04834747314453,51.81972503662109
2023-01-03 00:00:00-05:00,163.9496307373047,107.64846801757812,101.22303771972656,80.26856994628906,49.919864654541016
2023-01-04 00:00:00-05:00,162.20639038085938,107.85781860351562,101.51764678955078,80.9005355834961,50.113731384277344
2023-01-05 00:00:00-05:00,165.12750244140625,111.1219253540039,103.78900909423828,79.11955261230469,51.053958892822266
2023-01-06 00:00:00-05:00,166.371337890625,112.51129913330078,105.04348754882812,80.09622955322266,52.82781600952149
2023-01-09 00:00:00-05:00,165.07095336914062,111.6833724975586,103.08574676513672,80.4983901977539,53.932838439941406
2023-01-10 00:00:00-05:00,165.88133239746094,112.3685531616211,104.62532806396484,80.94841766357422,54.24302291870117
2023-01-11 00:00:00-05:00,165.08981323242188,112.52082061767578,105.841796875,81.38887023925781,54.59197998046875
2023-01-12 00:00:00-05:00,166.86131286621094,114.34796142578124,107.59996795654295,81.45590209960938,56.22043228149414
2023-01-13 00:00:00-05:00,167.31361389160156,115.5945816040039,107.53343963623048,81.08245849609375,56.49184036254883
2023-01-17 00:00:00-05:00,170.0745391845703,114.42407989501952,107.3243637084961,82.0974349975586,56.666316986083984
2023-01-18 00:00:00-05:00,167.00265502929688,112.81584167480467,105.11952209472656,80.23985290527344,55.37712097167969
2023-01-19 00:00:00-05:00,168.6705322265625,113.85310363769533,105.79427337646484,79.08125305175781,55.61945343017578
2023-01-20 00:00:00-05:00,170.4608612060547,115.90862274169922,107.72350311279295,78.3439712524414,55.590370178222656
2023-01-23 00:00:00-05:00,170.23471069335938,114.31939697265624,107.1627960205078,79.1578598022461,54.14609146118164
2023-01-24 00:00:00-05:00,170.3948974609375,113.06324768066406,108.1606674194336,80.33560943603516,53.76805877685547
2023-01-25 00:00:00-05:00,168.74591064453125,114.54779815673828,107.59046173095705,73.33616638183594,54.52412033081055
2023-01-26 00:00:00-05:00,176.95326232910156,118.62077331542967,111.91460418701172,73.15423583984375,55.70669174194336
2023-01-27 00:00:00-05:00,169.09454345703125,117.63107299804688,109.87132263183594,72.36908721923828,55.22203826904297
2023-01-30 00:00:00-05:00,164.1475067138672,114.7000503540039,107.92308044433594,71.8615951538086,54.611366271972656
2023-01-31 00:00:00-05:00,163.9779052734375,115.97523498535156,110.25148010253906,71.45942687988281,55.23172378540039
2023-02-01 00:00:00-05:00,161.47140502929688,112.00694274902344,109.04450988769533,71.08600616455078,53.991004943847656
2023-02-02 00:00:00-05:00,159.2570037841797,105.91649627685548,105.63270568847656,72.38822174072266,50.68562698364258
2023-02-03 00:00:00-05:00,159.67161560058594,102.88079833984376,106.36448669433594,71.49772644042969,51.02488327026367
2023-02-06 00:00:00-05:00,159.85064697265625,102.29078674316406,106.18392181396484,72.30204772949219,51.461082458496094
2023-02-07 00:00:00-05:00,164.0438232421875,106.60165405273438,109.21558380126952,72.84782409667969,52.483680725097656
2023-02-08 00:00:00-05:00,160.1898651123047,105.43115997314452,108.26520538330078,71.84243774414062,53.28228378295898
2023-02-09 00:00:00-05:00,158.71990966796875,104.6127700805664,108.67386627197266,70.1572036743164,52.43498229980469
2023-02-10 00:00:00-05:00,162.04620361328125,109.49462890625,113.2546157836914,71.56475067138672,54.88922500610352
2023-02-13 00:00:00-05:00,161.14157104492188,107.3534927368164,112.8140869140625,72.40737915039062,55.81443405151367
2023-02-14 00:00:00-05:00,162.37599182128906,108.53876495361328,111.49248504638672,72.7999496459961,55.33721923828125
2023-02-15 00:00:00-05:00,160.6648712158203,106.72262573242188,111.15730285644533,73.67129516601562,54.52887725830078
2023-02-16 00:00:00-05:00,158.34535217285156,103.57781219482422,110.83169555664062,72.47440338134766,54.32435607910156
2023-02-17 00:00:00-05:00,154.80905151367188,99.52493286132812,106.57003784179688,72.83824920654297,51.94803237915039
2023-02-21 00:00:00-05:00,153.0503692626953,100.66242218017578,106.46468353271484,70.53063201904297,52.0064697265625
2023-02-22 00:00:00-05:00,152.43247985839844,99.48670196533205,105.08563995361328,70.54979705810547,51.04230117797852
2023-02-23 00:00:00-05:00,153.93443298339844,100.7771224975586,106.05289459228516,69.77421569824219,51.92855072021485
2023-02-24 00:00:00-05:00,154.39076232910156,100.60506439208984,106.0624771118164,69.82205963134766,52.51289749145508
2023-02-27 00:00:00-05:00,154.780517578125,101.18814849853516,105.87093353271484,69.25157165527344,52.98037338256836
2023-02-28 00:00:00-05:00,152.8317413330078,98.7889175415039,105.2580337524414,68.45169067382812,51.82142639160156
2023-03-01 00:00:00-05:00,154.0485382080078,101.56092834472656,106.19654846191406,67.33379364013672,53.45758056640625
2023-03-02 00:00:00-05:00,154.53335571289062,103.54913330078124,106.68496704101562,69.58885955810547,53.85688781738281
2023-03-03 00:00:00-05:00,156.8148651123047,103.845458984375,108.0352783203125,71.15006256103516,54.52887725830078
2023-03-06 00:00:00-05:00,157.965087890625,104.724853515625,108.99295043945312,71.69937133789062,53.90557861328125
2023-03-07 00:00:00-05:00,155.93077087402344,102.89913940429688,106.88607025146484,71.07296752929688,52.62976837158203
2023-03-08 00:00:00-05:00,154.94210815429688,102.49769592285156,105.32506561279295,71.55480194091797,52.14281845092773
2023-03-09 00:00:00-05:00,152.58456420898438,101.14035034179688,104.51103973388672,71.08260345458984,50.82804489135742
2023-03-10 00:00:00-05:00,151.7860565185547,99.62051391601562,103.21817779541016,70.35982513427734,49.66909790039063
2023-03-13 00:00:00-04:00,150.8734588623047,96.23674774169922,102.03067016601562,70.62965393066406,47.56546401977539
2023-03-14 00:00:00-04:00,152.8222198486328,96.8867416381836,102.41374206542967,71.84392547607422,48.071895599365234
2023-03-15 00:00:00-04:00,146.2058868408203,91.03682708740234,97.31890869140624,72.7787094116211,44.13732147216797
2023-03-16 00:00:00-04:00,146.6717071533203,92.14563751220705,96.75387573242188,73.46293640136719,44.97488021850586
2023-03-17 00:00:00-04:00,144.81797790527344,90.2243423461914,95.61424255371094,72.92326354980469,43.5140266418457
2023-03-20 00:00:00-04:00,146.94735717773438,91.9162368774414,98.11376953125,73.21238708496094,45.01383972167969
2023-03-21 00:00:00-04:00,151.4438018798828,95.3095474243164,102.5094985961914,72.62451934814453,47.02007675170898
2023-03-22 00:00:00-04:00,148.36380004882812,94.02870178222656,100.16319274902344,71.43916320800781,46.16304397583008
2023-03-23 00:00:00-04:00,146.89036560058594,92.16475677490234,99.03314208984376,71.13078308105469,44.29314804077149
2023-03-24 00:00:00-04:00,148.35430908203125,91.21845245361328,99.14805603027344,72.94255065917969,43.40689849853516
2023-03-27 00:00:00-04:00,149.86578369140625,93.177978515625,101.32198333740234,72.70162963867188,45.54948425292969
2023-03-28 00:00:00-04:00,151.61495971679688,94.18785858154295,102.58612823486328,72.50887298583984,46.39678192138672
2023-03-29 00:00:00-04:00,152.9172821044922,95.93830871582033,104.3482437133789,73.3472900390625,47.42911911010742
2023-03-30 00:00:00-04:00,154.3717498779297,95.4574203491211,104.85579681396484,73.80987548828125,47.468074798583984
2023-03-31 00:00:00-04:00,155.10372924804688,95.41893768310548,105.01861572265624,74.2820816040039,47.81867980957031
2023-04-03 00:00:00-04:00,161.55845642089844,104.2770004272461,111.21476745605467,73.88697052001953,50.96438980102539
2023-04-04 00:00:00-04:00,160.69338989257812,102.23802185058594,110.15174102783205,74.35918426513672,49.143184661865234
2023-04-05 00:00:00-04:00,161.49191284179688,103.63260650634766,112.03836059570312,75.48670959472656,49.376930236816406
2023-04-06 00:00:00-04:00,159.37200927734375,102.19955444335938,110.18048095703124,76.10348510742188,48.32510757446289
2023-04-10 00:00:00-04:00,159.9804229736328,101.90139770507812,109.69206237792967,75.58307647705078,48.734153747558594
2023-04-11 00:00:00-04:00,160.86451721191406,102.67082214355467,110.4677734375,75.49634552001953,49.80543899536133
2023-04-12 00:00:00-04:00,161.4348907470703,103.42101287841795,110.35285949707033,75.73726654052734,50.6235237121582
2023-04-13 00:00:00-04:00,163.5927734375,104.8733139038086,110.87000274658205,75.98783874511719,50.53587341308594
2023-04-14 00:00:00-04:00,163.92552185058594,104.35394287109376,111.13815307617188,75.1879653930664,51.110477447509766
2023-04-17 00:00:00-04:00,162.48056030273438,101.57438659667967,109.84528350830078,75.6890869140625,50.70143508911133
2023-04-18 00:00:00-04:00,162.10032653808594,100.9395980834961,111.99048614501952,75.45780181884766,50.80856704711914
2023-04-19 00:00:00-04:00,162.2523956298828,101.23775482177734,111.6361312866211,76.0745620727539,51.25656509399414
2023-04-20 00:00:00-04:00,161.46340942382812,99.8143081665039,110.74551391601562,75.89146423339844,50.6137809753418
2023-04-21 00:00:00-04:00,160.76943969726562,98.3523941040039,111.09983825683594,76.12274932861328,48.50041580200195
2023-04-24 00:00:00-04:00,163.01290893554688,99.68928527832033,113.1971435546875,76.17094421386719,48.909454345703125
2023-04-25 00:00:00-04:00,160.6458740234375,98.18888092041016,111.58824157714844,74.99522399902344,47.68233489990234
2023-04-26 00:00:00-04:00,157.78448486328125,96.63079833984376,110.56353759765624,71.38134765625,46.53312683105469
2023-04-27 00:00:00-04:00,158.7065887451172,97.36175537109376,111.8851318359375,73.09673309326172,46.70842742919922
2023-04-28 00:00:00-04:00,160.256103515625,98.95832061767578,113.33122253417967,73.84841918945312,48.062156677246094
2023-05-01 00:00:00-04:00,158.98228454589844,98.61206817626952,109.8165512084961,74.01224517822266,47.86737823486328
2023-05-02 00:00:00-04:00,152.1377716064453,94.8707275390625,105.43997955322266,73.18347930908203,44.97488021850586
2023-05-03 00:00:00-04:00,149.08628845214844,92.41815948486328,103.36183166503906,72.65342712402344,44.08863067626953
2023-05-04 00:00:00-04:00,148.50640869140625,93.6396255493164,101.55182647705078,72.76908111572266,43.89384841918945
2023-05-05 00:00:00-04:00,152.2993927001953,96.53462982177734,104.08009338378906,72.76908111572266,44.55609893798828
2023-05-08 00:00:00-04:00,151.70050048828125,97.04436492919922,104.49188995361328,73.29911804199219,45.39365768432617
2023-05-09 00:00:00-04:00,151.26321411132812,97.6502914428711,104.52062225341795,72.8365478515625,45.93904113769531
2023-05-10 00:00:00-04:00,149.33343505859375,96.63079833984376,103.17987060546876,74.0989761352539,44.66323852539063
2023-05-11 00:00:00-04:00,148.50640869140625,96.0729522705078,101.31240844726562,73.33766174316406,42.98811721801758
2023-05-12 00:00:00-04:00,148.88665771484375,95.63053894042967,101.3028335571289,75.1301498413086,42.9199447631836
2023-05-15 00:00:00-04:00,149.43800354003906,96.9549789428711,101.49602508544922,74.72538757324219,43.43611145019531
2023-05-16 00:00:00-04:00,145.93019104003906,94.8087921142578,99.0327606201172,73.08708953857422,42.121341705322266
2023-05-17 00:00:00-04:00,148.02159118652344,97.36100769042967,101.25452423095705,72.60523223876953,43.33871841430664
2023-05-18 00:00:00-04:00,147.83920288085938,97.38999938964844,102.17221069335938,72.37394714355469,43.67958831787109
2023-05-19 00:00:00-04:00,149.0102996826172,99.18816375732422,102.64554595947266,71.77647399902344,44.08863067626953
2023-05-22 00:00:00-04:00,146.33209228515625,100.28058624267578,101.39942932128906,71.87283325195312,44.79957962036133
2023-05-23 00:00:00-04:00,150.56541442871094,100.91862487792967,102.78079223632812,71.46807861328125,44.858009338378906
2023-05-24 00:00:00-04:00,150.9685821533203,100.52227020263672,103.93030548095705,71.54517364501953,45.02357482910156
2023-05-25 00:00:00-04:00,148.3671417236328,98.30842590332033,102.0659637451172,70.72602844238281,43.98149490356445
2023-05-26 00:00:00-04:00,147.90638732910156,98.46309661865234,101.39942932128906,71.69396209716797,43.319244384765625
2023-05-30 00:00:00-04:00,146.98484802246094,97.83470916748048,100.50106048583984,70.50101470947266,43.15368270874024
2023-05-31 00:00:00-04:00,144.5850067138672,95.99789428710938,98.70433807373048,71.24783325195312,41.71229934692383
2023-06-01 00:00:00-04:00,146.06332397460938,96.22025299072266,99.8441925048828,70.76288604736328,43.80619430541992
2023-06-02 00:00:00-04:00,149.99903869628906,98.94647216796876,102.16255950927734,71.6260757446289,45.54948425292969
2023-06-05 00:00:00-04:00,149.2790985107422,98.67578125,101.7085418701172,71.3739013671875,45.01383972167969
2023-06-06 00:00:00-04:00,149.54786682128906,98.55010986328124,102.5392837524414,71.17022705078125,45.97344970703125
2023-06-07 00:00:00-04:00,153.42601013183594,101.3246612548828,104.83834075927734,71.93643951416016,47.12891006469727
2023-06-08 00:00:00-04:00,152.85963439941406,101.06364440917967,104.50990295410156,72.64445495605469,46.46305847167969
2023-06-09 00:00:00-04:00,152.49485778808594,100.4352569580078,103.73711395263672,71.8394546508789,46.54138946533203
2023-06-12 00:00:00-04:00,151.0261688232422,99.4008331298828,102.8000946044922,71.7521743774414,46.04199981689453
2023-06-13 00:00:00-04:00,152.1588897705078,99.97122192382812,102.81942749023438,72.11101531982422,46.96244812011719
2023-06-14 00:00:00-04:00,150.79579162597656,99.25582885742188,101.58296966552734,71.18963623046875,46.28680038452149
2023-06-15 00:00:00-04:00,151.93809509277344,100.68661499023438,102.2881317138672,72.1207275390625,46.9036979675293
2023-06-16 00:00:00-04:00,150.95896911621094,101.4310073852539,101.55398559570312,73.31367492675781,46.78619003295898
2023-06-20 00:00:00-04:00,147.52239990234375,98.6371078491211,99.22596740722656,72.50867462158203,46.27700424194336
2023-06-21 00:00:00-04:00,148.67433166503906,100.25157165527344,100.33684539794922,73.49796295166016,46.7666015625
2023-06-22 00:00:00-04:00,146.52407836914062,98.05706024169922,99.7862319946289,72.8675308227539,45.8657455444336
2023-06-23 00:00:00-04:00,145.28578186035156,97.11931610107422,98.91683959960938,71.93643951416016,45.620941162109375
2023-06-26 00:00:00-04:00,147.83920288085938,98.5295181274414,100.74256134033205,72.0528335571289,46.37493133544922
2023-06-27 00:00:00-04:00,147.37841796875,98.02378845214844,100.99371337890624,71.68427276611328,47.138702392578125
2023-06-28 00:00:00-04:00,148.71273803710938,99.69658660888672,101.81480407714844,71.22843170166016,47.579345703125
2023-06-29 00:00:00-04:00,149.97984313964844,100.2314910888672,103.07057189941406,70.61739349365234,47.46183776855469
2023-06-30 00:00:00-04:00,151.04537963867188,100.76639556884766,103.60187530517578,71.96554565429688,48.09832000732422
2023-07-03 00:00:00-04:00,150.9109649658203,101.369384765625,103.80472564697266,72.1401138305664,48.4410400390625
2023-07-05 00:00:00-04:00,150.0470428466797,101.1651382446289,103.2734375,72.69295501708984,48.27457427978516
2023-07-06 00:00:00-04:00,146.7544708251953,97.58615112304688,99.41915893554688,70.82107543945312,48.09832000732422
2023-07-07 00:00:00-04:00,148.040771484375,100.3968276977539,99.65099334716795,69.88027954101562,52.24033737182617
2023-07-10 00:00:00-04:00,149.02951049804688,101.486083984375,101.1289520263672,69.55052185058594,52.50471878051758
2023-07-11 00:00:00-04:00,151.7845001220703,104.49127960205078,102.36540985107422,70.01606750488281,54.88417434692383
2023-07-12 00:00:00-04:00,153.2436065673828,106.30995178222656,102.8677215576172,71.25752258300781,55.501075744628906
2023-07-13 00:00:00-04:00,151.19895935058594,107.51593017578124,100.98405456542967,71.49030303955078,56.22568130493164
2023-07-14 00:00:00-04:00,147.42642211914062,104.15088653564452,97.50650787353516,70.99565124511719,55.94171524047852
2023-07-17 00:00:00-04:00,147.2920379638672,103.51873016357422,97.93153381347656,70.471923828125,55.3346061706543
2023-07-18 00:00:00-04:00,147.589599609375,105.76532745361328,97.4871826171875,69.88027954101562,55.79483795166016
2023-07-19 00:00:00-04:00,148.491943359375,106.47530364990234,98.16338348388672,69.92877197265625,56.16693115234375
2023-07-20 00:00:00-04:00,150.1334228515625,108.62464141845705,99.89249420166016,71.86854553222656,56.06901168823242
2023-07-21 00:00:00-04:00,152.33168029785156,109.7917022705078,100.35617065429688,73.61434936523438,54.845008850097656
2023-07-24 00:00:00-04:00,155.33627319335938,111.57147979736328,101.93071746826172,73.22639465332031,55.83399963378906
2023-07-25 00:00:00-04:00,156.04660034179688,112.99142456054688,102.08527374267578,73.168212890625,56.67611312866211
2023-07-26 00:00:00-04:00,154.87548828125,113.62357330322266,101.51534271240234,72.13042449951172,56.470481872558594
2023-07-27 00:00:00-04:00,153.2628173828125,112.6023941040039,101.83411407470705,71.06354522705078,55.83399963378906
2023-07-28 00:00:00-04:00,152.5044708251953,112.74827575683594,100.6169891357422,70.65618896484375,55.96129989624024
2023-07-31 00:00:00-04:00,157.1025390625,114.48915100097656,103.59221649169922,71.0926513671875,57.12654495239258
2023-08-01 00:00:00-04:00,155.79705810546875,114.15847778320312,102.99330139160156,69.99667358398438,56.4117317199707
2023-08-02 00:00:00-04:00,153.3300018310547,112.4176025390625,101.7085418701172,69.74449920654297,56.27464294433594
2023-08-03 00:00:00-04:00,153.2724151611328,111.83406829833984,103.47630310058594,67.98899841308594,56.77402877807617
2023-08-04 00:00:00-04:00,152.9268341064453,110.58920288085938,103.76608276367188,67.08702087402344,56.470481872558594
2023-08-07 00:00:00-04:00,153.48358154296875,111.33806610107422,103.55357360839844,66.57296752929688,56.76424407958984
2023-08-08 00:00:00-04:00,153.25320434570312,112.4176025390625,104.06554412841795,66.640869140625,57.29301071166992
2023-08-09 00:00:00-04:00,153.45480346679688,113.24427032470705,105.8332977294922,66.84454345703125,58.27220916748047
2023-08-10 00:00:00-04:00,154.38592529296875,112.65101623535156,106.37425231933594,66.23351287841797,57.69447708129883
2023-08-11 00:00:00-04:00,157.57289123535156,114.57666778564452,108.02608489990234,66.84454345703125,58.4093017578125
2023-08-14 00:00:00-04:00,157.4577178955078,114.45997619628906,108.1130142211914,66.49537658691406,58.282005310058594
2023-08-15 00:00:00-04:00,152.85963439941406,112.8287353515625,105.33739471435548,65.32181549072266,57.11676025390625
2023-08-16 00:00:00-04:00,152.27407836914062,111.97892761230467,103.56488800048828,65.52549743652344,56.56840515136719
2023-08-17 00:00:00-04:00,154.8229522705078,114.02042388916016,105.57112884521484,65.47700500488281,56.68590545654297
2023-08-18 00:00:00-04:00,155.93748474121094,114.56742095947266,107.1683349609375,65.78736877441406,56.82299041748047
2023-08-21 00:00:00-04:00,155.41415405273438,114.4892807006836,105.873046875,65.05995178222656,56.24526596069336
2023-08-22 00:00:00-04:00,154.13485717773438,113.4538803100586,105.27896118164062,65.4866943359375,55.23668670654297
2023-08-23 00:00:00-04:00,154.33839416503906,113.12176513671876,104.35374450683594,65.8455581665039,56.68590545654297
2023-08-24 00:00:00-04:00,153.06878662109375,112.13521575927734,103.57463073730467,65.19574737548828,55.60878372192383
2023-08-25 00:00:00-04:00,154.21238708496094,113.8152847290039,105.425048828125,65.91344451904297,55.28564834594727
2023-08-28 00:00:00-04:00,155.26878356933594,114.79208374023438,106.31129455566406,65.97164916992188,56.62715530395508
2023-08-29 00:00:00-04:00,155.0264892578125,114.92882537841795,106.94432830810548,65.93063354492188,57.0090446472168
2023-08-30 00:00:00-04:00,155.23968505859375,115.94469451904295,107.98641204833984,65.52044677734375,57.7728157043457
2023-08-31 00:00:00-04:00,156.13133239746094,116.26703643798828,108.28832244873048,65.23724365234375,57.73365020751953
2023-09-01 00:00:00-04:00,159.23263549804688,119.30484008789062,110.55751037597656,65.30560302734375,58.86952209472656
2023-09-05 00:00:00-04:00,161.32601928710938,119.97882080078124,110.56725311279295,64.65127563476562,59.20384216308594
2023-09-06 00:00:00-04:00,161.4907684326172,120.2132568359375,111.52167510986328,64.15320587158203,59.98064041137695
2023-09-07 00:00:00-04:00,161.50045776367188,118.88481903076172,110.97628784179688,64.70010375976562,59.81348037719727
2023-09-08 00:00:00-04:00,162.05288696289062,119.87137603759766,112.59297943115234,65.26654052734375,59.16450881958008
2023-09-11 00:00:00-04:00,158.7092742919922,117.6443099975586,111.18081665039062,65.95015716552734,59.754486083984375
2023-09-12 00:00:00-04:00,161.66522216796875,120.2230224609375,114.42391204833984,66.1454849243164,61.062255859375
2023-09-13 00:00:00-04:00,161.0740203857422,119.47089385986328,113.40131378173828,66.82910919189453,59.60699081420898
2023-09-14 00:00:00-04:00,162.072265625,121.6100616455078,115.42704010009766,67.65921783447266,60.570613861083984
2023-09-15 00:00:00-04:00,161.36477661132812,120.70164489746094,113.65452575683594,67.03419494628906,59.56766128540039
2023-09-18 00:00:00-04:00,162.0625762939453,121.5905303955078,114.56999969482422,66.64354705810547,60.1871337890625
2023-09-19 00:00:00-04:00,162.04318237304688,120.3011703491211,114.2680892944336,66.00875854492188,59.420166015625
2023-09-20 00:00:00-04:00,161.5489044189453,118.35735321044922,113.36235809326172,65.77436828613281,58.790863037109375
2023-09-21 00:00:00-04:00,160.09518432617188,116.3061065673828,111.7651596069336,65.34466552734375,57.83707046508789
2023-09-22 00:00:00-04:00,161.15155029296875,116.3940200805664,111.9404525756836,66.11618041992188,58.05339431762695
2023-09-25 00:00:00-04:00,163.5066375732422,118.25967407226562,113.19679260253906,65.89157104492188,58.84002685546875
2023-09-26 00:00:00-04:00,162.6246795654297,117.35125732421876,113.37210083007812,63.81139755249024,58.14188766479492
2023-09-27 00:00:00-04:00,165.76473999023438,120.83625793457033,117.06319427490234,58.55725860595703,59.78398132324219
2023-09-28 00:00:00-04:00,165.32862854003906,120.47303771972656,116.3522491455078,55.74463653564453,59.92164611816406
2023-09-29 00:00:00-04:00,163.4193878173828,117.60650634765624,114.51156616210938,55.94972229003906,57.32575988769531
2023-10-02 00:00:00-04:00,161.40353393554688,114.95594024658205,112.6124496459961,50.929969787597656,56.97177505493164
2023-10-03 00:00:00-04:00,161.78150939941406,115.44677734375,112.80723571777344,51.54523468017578,57.63058090209961
2023-10-04 00:00:00-04:00,158.01148986816406,111.25496673583984,108.5902328491211,49.43576431274414,54.89703750610352
2023-10-05 00:00:00-04:00,158.84495544433594,111.34331512451172,106.14573669433594,48.29314041137695,54.47422409057617
2023-10-06 00:00:00-04:00,157.22647094726562,113.21835327148438,104.37322998046876,49.06465911865234,54.76921081542969
2023-10-09 00:00:00-04:00,161.57798767089844,119.58951568603516,108.0253677368164,48.16617584228516,57.26676559448242
2023-10-10 00:00:00-04:00,161.40353393554688,118.18569946289062,107.567626953125,50.37331008911133,57.640411376953125
2023-10-11 00:00:00-04:00,156.13133239746094,117.84210968017578,103.71097564697266,52.28745269775391,57.77807235717773
2023-10-12 00:00:00-04:00,156.25732421875,118.89252471923828,103.69149780273438,51.76008224487305,57.39459228515625
2023-10-13 00:00:00-04:00,159.00001525878906,122.5738525390625,107.00276947021484,53.21523284912109,57.9747314453125
2023-10-16 00:00:00-04:00,160.2987060546875,123.01560974121094,107.08068084716795,53.1077995300293,58.45654296875
2023-10-17 00:00:00-04:00,162.42115783691406,123.1628646850586,108.48310089111328,52.9027099609375,59.23334503173828
2023-10-18 00:00:00-04:00,163.7101287841797,124.2721710205078,110.00238800048828,51.99447250366211,59.57749176025391
2023-10-19 00:00:00-04:00,163.88458251953125,124.06602478027344,110.07056427001952,51.16435623168945,58.96785736083984
2023-10-20 00:00:00-04:00,161.68460083007812,121.78850555419922,108.1811981201172,50.744415283203125,57.23726272583008
2023-10-23 00:00:00-04:00,155.72427368164062,119.11829376220705,106.5937271118164,50.3147087097168,57.85673522949219
2023-10-24 00:00:00-04:00,151.8185577392578,117.75375366210938,105.56139373779295,53.83048629760742,56.0474853515625
2023-10-25 00:00:00-04:00,151.0626220703125,118.20533752441406,105.75616455078124,55.139137268066406,55.67383575439453
2023-10-26 00:00:00-04:00,149.9771728515625,116.1437759399414,104.79200744628906,56.22317123413086,54.93636322021485
2023-10-27 00:00:00-04:00,139.89793395996094,115.64312744140624,102.79550170898438,54.92428970336914,54.89703750610352
2023-10-30 00:00:00-04:00,141.5842742919922,115.97689819335938,103.11688995361328,55.86182403564453,55.45751190185547
2023-10-31 00:00:00-04:00,141.23536682128906,116.62480926513672,103.0876693725586,56.93609619140625,54.72987747192383
2023-11-01 00:00:00-04:00,139.5393524169922,114.53380584716795,102.8831558227539,57.06305313110352,54.926536560058594
2023-11-02 00:00:00-04:00,144.17190551757812,119.78585052490234,106.26260375976562,58.508426666259766,56.40147018432617
2023-11-03 00:00:00-04:00,143.05738830566406,117.55741119384766,104.9673080444336,57.99082946777344,55.91965866088867
2023-11-06 00:00:00-05:00,142.46620178222656,116.30084991455078,103.10716247558594,57.658782958984375,55.536170959472656
2023-11-07 00:00:00-05:00,139.95606994628906,113.13980865478516,101.490478515625,57.09235000610352,52.438812255859375
2023-11-08 00:00:00-05:00,138.008056640625,112.35446166992188,100.24388122558594,56.1548080444336,52.04549789428711
2023-11-09 00:00:00-05:00,137.56227111816406,112.05995178222656,100.2730941772461,53.439849853515625,51.85867691040039
2023-11-10 00:00:00-05:00,138.54110717773438,113.49321746826172,101.04248046875,53.85001754760742,52.4093132019043
2023-11-13 00:00:00-05:00,139.55873107910156,113.81880950927734,102.10403442382812,53.22499465942383,53.097618103027344
2023-11-14 00:00:00-05:00,140.5763397216797,113.99640655517578,102.49716186523438,56.20363998413086,53.44176483154297
2023-11-15 00:00:00-05:00,141.07061767578125,113.49321746826172,101.87799072265624,55.66650772094727,52.78296661376953
2023-11-16 00:00:00-05:00,138.8377685546875,110.49383544921876,100.69862365722656,55.27586364746094,51.239200592041016
2023-11-17 00:00:00-05:00,141.47213745117188,113.05909729003906,103.1556396484375,56.02785110473633,51.96683120727539
2023-11-20 00:00:00-05:00,141.39378356933594,113.84840393066406,102.70355224609376,55.99855041503906,51.85867691040039
2023-11-21 00:00:00-05:00,141.06082153320312,113.63134002685548,102.66423797607422,56.62357711791992,51.83900451660156
2023-11-22 00:00:00-05:00,141.34481811523438,113.3156280517578,102.22197723388672,56.58222961425781,51.64234924316406
2023-11-24 00:00:00-05:00,141.90301513671875,113.9470672607422,102.77234649658205,56.66099166870117,51.72101211547852
2023-11-27 00:00:00-05:00,141.3741912841797,113.26629638671876,102.1728286743164,56.690528869628906,51.67184829711914
2023-11-28 00:00:00-05:00,142.5004119873047,113.4438934326172,102.1138687133789,57.26156997680664,51.43585968017578
2023-11-29 00:00:00-05:00,140.9335174560547,112.4473876953125,100.58068084716795,57.45847702026367,51.00320816040039
2023-11-30 00:00:00-05:00,140.6299285888672,114.0260009765625,100.97380828857422,57.60615921020508,51.170372009277344
2023-12-01 00:00:00-05:00,141.81488037109375,113.6905517578125,101.2195053100586,58.25596618652344,51.51451873779297
2023-12-04 00:00:00-05:00,141.87364196777344,112.9999008178711,100.66913604736328,57.76368713378906,51.1605339050293
2023-12-05 00:00:00-05:00,139.9052276611328,111.6284637451172,98.71334838867188,57.33048629760742,50.00453186035156
2023-12-06 00:00:00-05:00,139.58204650878906,109.04347229003906,97.40621185302734,59.27005386352539,48.542240142822266
2023-12-07 00:00:00-05:00,139.4743194580078,109.36905670166016,96.7280731201172,58.92546081542969,47.88025665283203
2023-12-08 00:00:00-05:00,141.32522583007812,110.57276916503906,97.83865356445312,58.77778244018555,48.2161865234375
2023-12-11 00:00:00-05:00,141.36441040039062,110.66156768798828,97.90744018554688,58.78762435913086,48.5620002746582
2023-12-12 00:00:00-05:00,139.55267333984375,109.57625579833984,96.36443328857422,58.60055923461914,48.45331954956055
2023-12-13 00:00:00-05:00,141.6190185546875,110.35570526123048,97.21947479248048,61.54436874389648,48.60152053833008
2023-12-14 00:00:00-05:00,146.82899475097656,113.4142837524414,99.83375549316406,61.81019592285156,51.79288101196289
2023-12-15 00:00:00-05:00,146.26100158691406,113.009765625,99.16544342041016,60.54997253417969,51.56563186645508
2023-12-18 00:00:00-05:00,146.58416748046875,113.36495208740234,99.9025421142578,60.05769348144531,51.6545524597168
2023-12-19 00:00:00-05:00,148.50363159179688,114.93370819091795,101.2195053100586,60.61889266967773,52.34618377685547
2023-12-20 00:00:00-05:00,147.1423797607422,115.13104248046876,99.5290756225586,58.91561508178711,51.92132568359375
2023-12-21 00:00:00-05:00,147.59286499023438,115.26917266845705,99.9811782836914,58.6793212890625,51.95096969604492
2023-12-22 00:00:00-05:00,147.9258270263672,116.0880889892578,100.1580810546875,58.82700347900391,52.44498825073242
2023-12-26 00:00:00-05:00,149.25770568847656,117.4299087524414,100.38412475585938,59.27989959716797,53.03780746459961
2023-12-27 00:00:00-05:00,148.76805114746094,116.90699005126952,99.9123764038086,59.644187927246094,52.39558410644531
2023-12-28 00:00:00-05:00,146.6723175048828,114.9435806274414,98.46764373779295,60.07738876342773,51.61503219604492
2023-12-29 00:00:00-05:00,146.07492065429688,114.51932525634766,98.26126098632812,59.80171585083008,51.41742706298828
2024-01-02 00:00:00-05:00,146.3883056640625,116.01901245117188,100.60033416748048,60.61889266967773,51.3581428527832
2024-01-03 00:00:00-05:00,149.17935180664062,118.32775115966795,101.44556427001952,61.03240585327149,52.0201301574707
2024-01-04 00:00:00-05:00,147.5438995361328,114.9238510131836,100.56102752685548,60.845340728759766,51.07161331176758
2024-01-05 00:00:00-05:00,147.2892608642578,114.97318267822266,100.8656997680664,61.12101364135742,51.23958206176758
2024-01-08 00:00:00-05:00,146.40789794921875,112.97029876708984,99.18508911132812,61.948036193847656,49.71800231933594
2024-01-09 00:00:00-05:00,142.6864776611328,111.25354766845705,97.95658111572266,61.05208969116211,47.97906112670898
2024-01-10 00:00:00-05:00,141.51129150390625,109.69465637207033,96.9934310913086,61.31792449951172,47.8703727722168
2024-01-11 00:00:00-05:00,142.27516174316406,109.51705932617188,96.97377014160156,59.78202438354492,48.2161865234375
2024-01-12 00:00:00-05:00,144.22401428222656,110.20770263671876,98.23176574707033,60.09708023071289,49.3524284362793
2024-01-16 00:00:00-05:00,140.7180633544922,107.18859100341795,96.01062774658205,59.4177360534668,47.72217178344727
2024-01-17 00:00:00-05:00,140.1598358154297,106.13288116455078,95.31283569335938,57.36986923217773,47.31707382202149
2024-01-18 00:00:00-05:00,138.88673400878906,105.50143432617188,95.13592529296876,56.75944519042969,47.97906112670898
2024-01-19 00:00:00-05:00,139.2980499267578,106.42887878417967,95.28334045410156,56.37546920776367,49.04613876342773
2024-01-22 00:00:00-05:00,139.54287719726562,106.6163330078125,95.15557861328124,55.9718017578125,50.07369613647461
2024-01-23 00:00:00-05:00,139.15113830566406,106.5472640991211,96.22684478759766,56.49361801147461,49.81680679321289
2024-01-24 00:00:00-05:00,141.922607421875,108.20482635498048,97.88778686523438,56.12932968139648,51.051849365234375
2024-01-25 00:00:00-05:00,145.49713134765625,110.55303192138672,100.3742904663086,57.08434677124024,51.84228515625
2024-01-26 00:00:00-05:00,146.05532836914062,110.73062896728516,101.22933959960938,57.57662582397461,52.286895751953125
2024-01-29 00:00:00-05:00,145.99658203125,110.10903930664062,101.35710144042967,58.64978790283203,52.56354904174805
2024-01-30 00:00:00-05:00,147.0150604248047,112.52631378173828,103.04753112792967,58.36426544189453,48.75960540771485
2024-01-31 00:00:00-05:00,144.3806915283203,110.37543487548828,101.0426025390625,57.724308013916016,48.11738204956055
2024-02-01 00:00:00-05:00,144.8311767578125,109.89197540283205,100.62982177734376,58.82700347900391,48.413795471191406
2024-02-02 00:00:00-05:00,149.09121704101562,109.15199279785156,100.217041015625,57.25172424316406,48.413795471191406
2024-02-05 00:00:00-05:00,149.17935180664062,108.50081634521484,99.80426788330078,55.10540008544922,47.96917724609375
2024-02-06 00:00:00-05:00,149.19894409179688,110.03010559082033,100.4922332763672,55.36138153076172,47.70585632324219
2024-02-07 00:00:00-05:00,148.98348999023438,110.81941986083984,100.4627456665039,55.50906753540039,47.14940643310547
2024-02-08 00:00:00-05:00,150.87356567382812,112.3783187866211,102.1826629638672,55.42045593261719,47.48725128173828
2024-02-09 00:00:00-05:00,147.91603088378906,109.67491912841795,100.0204849243164,55.70597457885742,46.78175354003906
2024-02-12 00:00:00-05:00,148.9345245361328,109.61572265625,101.39641571044922,56.66099166870117,47.83503341674805
2024-02-13 00:00:00-05:00,147.48513793945312,108.3034896850586,100.52349853515624,54.39651870727539,47.27858352661133
2024-02-14 00:00:00-05:00,147.8866424560547,108.64881896972656,100.02752685546876,55.144779205322266,47.44750595092773
2024-02-15 00:00:00-05:00,152.91587829589844,110.29832458496094,102.89424896240234,56.38531494140625,48.27225112915039
2024-02-16 00:00:00-05:00,153.0841827392578,109.87104034423828,102.89424896240234,56.14902114868164,48.26231002807617
2024-02-20 00:00:00-05:00,152.46046447753906,108.84754943847656,101.9221420288086,55.73551177978516,48.21262741088867
2024-02-21 00:00:00-05:00,153.88607788085938,112.15650177001952,104.00521850585938,56.21794128417969,48.89825439453125
2024-02-22 00:00:00-05:00,153.87615966796875,111.51061248779295,103.91595458984376,55.79458618164063,48.94793701171875
2024-02-23 00:00:00-05:00,153.11387634277344,110.80509948730467,103.00335693359376,55.90288543701172,48.51072692871094
2024-02-26 00:00:00-05:00,152.90597534179688,111.70934295654295,103.4100570678711,54.79506301879883,48.25237655639648
2024-02-27 00:00:00-05:00,150.6388702392578,110.90446472167967,103.19182586669922,55.202423095703125,48.15300750732422
2024-02-28 00:00:00-05:00,150.8170623779297,111.33174896240234,103.4794921875,54.68577194213867,47.85490798950195
2024-02-29 00:00:00-05:00,150.4903564453125,111.8285903930664,103.6778793334961,54.83480453491211,48.023834228515625
2024-03-01 00:00:00-05:00,151.28236389160156,113.51783752441406,104.98724365234376,54.85467529296875,49.03736877441406
2024-03-04 00:00:00-05:00,147.39166259765625,110.93427276611328,103.51917266845705,54.6162223815918,49.10692596435547
2024-03-05 00:00:00-05:00,148.0945587158203,110.51692962646484,104.78885650634766,55.043453216552734,49.34540557861328
2024-03-06 00:00:00-05:00,146.84715270996094,111.28205871582033,105.90975189208984,55.17261505126953,49.71306228637695
2024-03-07 00:00:00-05:00,147.8767547607422,112.0273208618164,106.50492095947266,55.88798141479492,50.458309173583984
2024-03-08 00:00:00-05:00,148.3816680908203,112.28567504882812,107.50678253173828,57.43794250488281,50.08071899414063
2024-03-11 00:00:00-04:00,150.48046875,114.52145385742188,108.1416244506836,57.497554779052734,51.20355987548828
2024-03-12 00:00:00-04:00,150.37156677246094,114.29290771484376,107.447265625,56.78219223022461,51.24330520629883
2024-03-13 00:00:00-04:00,152.3515625,116.80691528320312,108.64751434326172,59.15681076049805,52.23696899414063
2024-03-14 00:00:00-04:00,154.1434783935547,119.02281951904295,110.57188415527344,59.15681076049805,52.89278793334961
2024-03-15 00:00:00-04:00,153.99497985839844,119.28117370605467,110.37349700927734,59.693336486816406,52.53506851196289
2024-03-18 00:00:00-04:00,153.85638427734375,119.49978637695312,111.39520263671876,59.782752990722656,53.09152221679688
2024-03-19 00:00:00-04:00,155.0542755126953,121.2486572265625,112.1788330078125,60.875675201416016,54.13487243652344
2024-03-20 00:00:00-04:00,153.00497436523438,121.1393585205078,112.0796356201172,61.79969024658203,54.05537796020508
2024-03-21 00:00:00-04:00,153.31187438964844,122.72924041748048,112.57560729980467,60.96509552001953,54.095123291015625
2024-03-22 00:00:00-04:00,153.11387634277344,122.25227355957033,112.57560729980467,61.38238906860352,53.64797592163086
2024-03-25 00:00:00-04:00,154.90577697753906,125.43205261230467,113.72626495361328,62.20705032348633,53.96595001220703
2024-03-26 00:00:00-04:00,153.7177734375,125.1935577392578,112.8731918334961,61.034645080566406,53.72746658325195
2024-03-27 00:00:00-04:00,154.7869873046875,126.0381851196289,114.04368591308594,63.37945556640625,54.55221176147461
2024-03-28 00:00:00-04:00,156.1630859375,126.47541046142578,115.30345153808594,63.49868392944336,54.46278381347656
2024-04-01 00:00:00-04:00,157.48968505859375,127.8665542602539,116.0474090576172,62.97209548950195,54.87018585205078
2024-04-02 00:00:00-04:00,158.1826934814453,129.84397888183594,118.31896209716795,62.47531509399414,54.33360290527344
2024-04-03 00:00:00-04:00,158.83609008789062,130.79791259765625,118.33880615234376,62.14743423461914,54.51246643066406
2024-04-04 00:00:00-04:00,159.08358764648438,130.91714477539062,118.7554168701172,63.31984329223633,53.92620086669922
2024-04-05 00:00:00-04:00,159.9844970703125,132.67596435546875,120.39212799072266,63.76694488525391,54.6813850402832
2024-04-08 00:00:00-04:00,159.6577911376953,131.58291625976562,119.5787353515625,64.44257354736328,53.69765853881836
2024-04-09 00:00:00-04:00,160.3804931640625,131.4139862060547,120.20365142822266,64.95922088623047,53.82683181762695
2024-04-10 00:00:00-04:00,161.04379272460938,131.9803924560547,121.2154312133789,63.59804153442383,53.85664749145508
2024-04-11 00:00:00-04:00,160.27159118652344,132.0797576904297,120.8087387084961,63.52848815917969,53.65791320800781
2024-04-12 00:00:00-04:00,157.3708953857422,130.37062072753906,119.40018463134766,62.67402648925781,51.67058181762695
2024-04-15 00:00:00-04:00,156.0145721435547,129.4266357421875,118.71573638916016,62.34614944458008,51.34267044067383
2024-04-16 00:00:00-04:00,154.71768188476562,128.711181640625,117.73371887207033,61.30290603637695,51.084320068359375
2024-04-17 00:00:00-04:00,154.8364715576172,127.5187759399414,117.6741943359375,63.37945556640625,50.48812103271485
2024-04-18 00:00:00-04:00,155.99478149414062,127.0020523071289,117.56507873535156,63.59804153442383,50.61729431152344
2024-04-19 00:00:00-04:00,158.40048217773438,128.5621337890625,118.91412353515624,63.88617706298828,49.5342025756836
2024-04-22 00:00:00-04:00,160.30128479003906,128.512451171875,119.5886459350586,64.8896713256836,49.19635391235352
2024-04-23 00:00:00-04:00,161.2220001220703,129.01922607421875,120.05486297607422,65.77394104003906,49.23610305786133
2024-04-24 00:00:00-04:00,161.93479919433594,128.4627685546875,120.07470703125,66.13162231445312,48.79888916015625
2024-04-25 00:00:00-04:00,163.62770080566406,129.2875213623047,120.35244750976562,66.46944427490234,49.12679672241211
2024-04-26 00:00:00-04:00,164.23159790039062,129.4167022705078,117.00959777832033,65.56529235839844,48.88832092285156
2024-04-29 00:00:00-04:00,164.66720581054688,129.39682006835938,118.67606353759766,66.98609161376953,48.89825439453125
2024-04-30 00:00:00-04:00,159.6577911376953,124.8259048461914,117.3170928955078,66.53899383544922,47.17921447753906
2024-05-01 00:00:00-04:00,158.03419494628906,123.55399322509766,115.09514617919922,68.1684341430664,46.86124420166016
2024-05-02 00:00:00-04:00,159.12318420410156,121.47720336914062,115.30345153808594,68.40689086914062,47.27858352661133
2024-05-03 00:00:00-04:00,158.6479949951172,121.45733642578124,115.06539154052734,69.68859100341797,47.35807418823242
2024-05-06 00:00:00-04:00,160.67750549316406,122.76898956298828,115.8093490600586,70.79144287109375,47.65617370605469
2024-05-07 00:00:00-04:00,161.04379272460938,122.75904846191406,115.23401641845705,71.4869384765625,47.86484146118164
2024-05-08 00:00:00-04:00,160.9150848388672,122.2820816040039,115.21417999267578,72.38114166259766,47.55680847167969
2024-05-09 00:00:00-04:00,163.79600524902344,122.61000061035156,117.48573303222656,74.10001373291016,48.172882080078125
2024-05-10 00:00:00-04:00,164.1623077392578,121.91000366210938,117.00959777832033,73.31510162353516,48.192752838134766
2024-05-13 00:00:00-04:00,162.8852081298828,121.58999633789062,116.9600067138672,74.10001373291016,48.44116973876953
2024-05-14 00:00:00-04:00,161.97439575195312,121.04000091552734,117.66999816894533,74.93460845947266,48.31199264526367
2024-05-15 00:00:00-04:00,161.4199981689453,120.6999969482422,118.58000183105467,76.55412292480469,48.00395965576172
2024-05-16 00:00:00-04:00,161.08999633789062,119.83000183105467,117.87000274658205,75.9182357788086,48.113258361816406
2024-05-17 00:00:00-04:00,162.6699981689453,121.70999908447266,119.63999938964844,75.60028839111328,48.28218460083008
2024-05-20 00:00:00-04:00,161.13999938964844,120.88999938964844,118.66999816894533,75.3817138671875,47.92446517944336
2024-05-21 00:00:00-04:00,159.97000122070312,120.41000366210938,117.8499984741211,76.45475769042969,47.98408508300781
2024-05-22 00:00:00-04:00,157.57000732421875,118.19000244140624,115.4800033569336,75.82881164550781,46.18555068969727
2024-05-23 00:00:00-04:00,156.94000244140625,117.6500015258789,113.51000213623048,74.83525085449219,46.02656555175781
2024-05-24 00:00:00-04:00,157.75,117.25,113.41999816894533,76.11695098876953,45.94707489013672
2024-05-28 00:00:00-04:00,159.0399932861328,118.95999908447266,114.86000061035156,77.0310287475586,46.235233306884766
2024-05-29 00:00:00-04:00,156.89999389648438,115.25,113.62999725341795,76.1865005493164,45.35087203979492
2024-05-30 00:00:00-04:00,158.25999450683594,113.58000183105467,113.98999786376952,77.68678283691406,45.30118942260742
2024-05-31 00:00:00-04:00,162.3000030517578,116.4800033569336,117.26000213623048,79.50499725341797,45.59928894042969
2024-06-03 00:00:00-04:00,157.4600067138672,113.87000274658205,114.4499969482422,77.70999908447266,43.79081726074219
2024-06-04 00:00:00-04:00,156.1300048828125,112.2699966430664,112.66999816894533,77.1500015258789,43.1349983215332
2024-06-05 00:00:00-04:00,154.97999572753906,112.2300033569336,113.12000274658205,77.05000305175781,43.20000076293945
2024-06-06 00:00:00-04:00,155.92999267578125,112.1999969482422,113.97000122070312,76.69999694824219,43.65999984741211
2024-06-07 00:00:00-04:00,156.0800018310547,112.0,112.75,75.38999938964844,44.54999923706055
2024-06-10 00:00:00-04:00,156.74000549316406,113.3000030517578,113.08000183105467,76.97000122070312,44.97999954223633
2024-06-11 00:00:00-04:00,156.49000549316406,113.62999725341795,112.16999816894533,72.73999786376953,44.959999084472656
2024-06-12 00:00:00-04:00,154.22000122070312,112.19000244140624,110.93000030517578,72.26000213623047,44.709999084472656
2024-06-13 00:00:00-04:00,152.83999633789062,110.88999938964844,110.04000091552734,73.18000030517578,43.810001373291016
2024-06-14 00:00:00-04:00,152.57000732421875,109.38999938964844,109.11000061035156,73.05999755859375,43.0
2024-06-17 00:00:00-04:00,153.19000244140625,109.54000091552734,108.36000061035156,72.30999755859375,43.630001068115234
2024-06-18 00:00:00-04:00,153.3300018310547,109.41000366210938,109.37999725341795,70.44000244140625,44.43999862670898
2024-06-20 00:00:00-04:00,156.63999938964844,111.33000183105467,111.73999786376952,72.45999908447266,45.459999084472656
2024-06-21 00:00:00-04:00,155.27999877929688,111.33999633789062,110.76000213623048,72.80999755859375,45.65999984741211
2024-06-24 00:00:00-04:00,159.30999755859375,115.16999816894533,114.0500030517578,73.8499984741211,47.47999954223633
2024-06-25 00:00:00-04:00,158.4600067138672,114.98999786376952,114.37000274658205,72.9800033569336,47.52000045776367
2024-06-26 00:00:00-04:00,155.9499969482422,113.61000061035156,114.41000366210938,73.37000274658203,46.22999954223633
2024-06-27 00:00:00-04:00,156.32000732421875,113.97000122070312,114.9000015258789,73.72000122070312,47.0099983215332
2024-06-28 00:00:00-04:00,156.4199981689453,114.37999725341795,115.12000274658205,70.80999755859375,47.18000030517578
2024-07-01 00:00:00-04:00,156.52000427246094,114.36000061035156,114.95999908447266,69.9000015258789,46.58000183105469
2024-07-02 00:00:00-04:00,156.75,114.12000274658205,114.18000030517578,70.47000122070312,46.68999862670898
2024-07-03 00:00:00-04:00,156.7100067138672,114.7699966430664,114.76000213623048,71.83000183105469,47.310001373291016
2024-07-05 00:00:00-04:00,154.30999755859375,112.5500030517578,113.37000274658205,72.08999633789062,46.13999938964844
2024-07-08 00:00:00-04:00,154.3300018310547,112.2300033569336,112.18000030517578,72.11000061035156,46.2400016784668
2024-07-09 00:00:00-04:00,152.97999572753906,111.19000244140624,110.94000244140624,72.12000274658203,45.20000076293945
2024-07-10 00:00:00-04:00,155.1300048828125,112.52999877929688,111.91999816894533,72.9000015258789,45.27999877929688
2024-07-11 00:00:00-04:00,155.25999450683594,113.98999786376952,113.25,74.69999694824219,46.18999862670898
2024-07-12 00:00:00-04:00,155.58999633789062,113.13999938964844,113.2699966430664,76.0,46.41999816894531
2024-07-15 00:00:00-04:00,158.0399932861328,114.56999969482422,115.20999908447266,70.97000122070312,47.959999084472656
2024-07-16 00:00:00-04:00,157.77000427246094,115.19000244140624,116.04000091552734,71.9000015258789,48.720001220703125
2024-07-17 00:00:00-04:00,161.22999572753906,116.08000183105467,117.63999938964844,70.9000015258789,48.900001525878906
2024-07-18 00:00:00-04:00,161.97000122070312,116.61000061035156,118.8000030517578,71.66999816894531,48.720001220703125
2024-07-19 00:00:00-04:00,159.14999389648438,114.3499984741211,116.06999969482422,72.0,49.66999816894531
2024-07-22 00:00:00-04:00,156.99000549316406,112.31999969482422,115.2699966430664,72.9000015258789,49.43999862670898
2024-07-23 00:00:00-04:00,154.08999633789062,110.83000183105467,113.41000366210938,72.11000061035156,49.04999923706055
2024-07-24 00:00:00-04:00,155.07000732421875,111.0999984741211,115.01000213623048,75.41000366210938,48.02999877929688
2024-07-25 00:00:00-04:00,157.5399932861328,111.02999877929688,117.43000030517578,73.44000244140625,48.22999954223633
2024-07-26 00:00:00-04:00,157.83999633789062,110.86000061035156,117.33000183105467,74.26000213623047,48.83000183105469
2024-07-29 00:00:00-04:00,156.60000610351562,109.12000274658205,116.0999984741211,74.33999633789062,47.86000061035156
2024-07-30 00:00:00-04:00,159.57000732421875,109.91000366210938,118.16999816894533,74.27999877929688,47.61000061035156
