Date,Open,High,Low,Close,Volume
2014-01-02 00:00:00-05:00,16.257222291106324,16.274357957035534,16.034468801837214,16.040180206298828,9706400
2014-01-03 00:00:00-05:00,16.04208058517287,16.133465939391954,15.98686793458283,16.061119079589844,6606400
2014-01-06 00:00:00-05:00,16.074452249957186,16.114433539116124,15.992585385714248,16.068740844726562,6763600
2014-01-07 00:00:00-05:00,16.106820246687665,16.24580408902431,16.087781742235396,16.186782836914062,7368800
2014-01-08 00:00:00-05:00,16.194397924022887,16.325766069160473,16.083974021308332,16.238187789916992,12345200
2014-01-09 00:00:00-05:00,16.291490875495086,16.413339002805653,16.167738462667224,16.377164840698242,8269200
2014-01-10 00:00:00-05:00,16.4685524664499,16.716057304188844,16.447609682369944,16.611343383789062,9096800
2014-01-13 00:00:00-05:00,16.5351922918501,16.6722718410022,16.436191202209532,16.502826690673828,5863200
2014-01-14 00:00:00-05:00,16.464736719433322,16.563737731120856,16.392388429600548,16.51042938232422,5017200
2014-01-15 00:00:00-05:00,16.48568826630611,16.580882220362742,16.478074028220707,16.525671005249023,6562400
2014-01-16 00:00:00-05:00,16.563739340851708,16.670356048806422,16.529469477217162,16.668453216552734,4086000
2014-01-17 00:00:00-05:00,16.717958645471075,16.72557433468825,16.609437616078676,16.689401626586914,6518800
2014-01-21 00:00:00-05:00,16.70843999895916,16.95594336022573,16.70843999895916,16.95404052734375,7664800
2014-01-22 00:00:00-05:00,16.94451611728902,17.08159558120668,16.875976385330187,16.917861938476562,9068400
2014-01-23 00:00:00-05:00,16.85884948090723,16.97308193280302,16.796021123974,16.90644645690918,5835200
2014-01-24 00:00:00-05:00,16.765560350908764,16.839811526076215,16.5732695908826,16.575172424316406,14686800
2014-01-27 00:00:00-05:00,16.599919755802905,16.69130512496414,16.39620478189002,16.542802810668945,10423200
2014-01-28 00:00:00-05:00,16.561837360673152,17.134905150760893,16.510433284340188,16.902631759643555,14768800
2014-01-29 00:00:00-05:00,16.84171226042219,16.99592598362666,16.757941125573197,16.900732040405273,9388800
2014-01-30 00:00:00-05:00,16.97498119722326,17.370986816484127,16.9559412504191,17.317678451538086,11595600
2014-01-31 00:00:00-05:00,17.224391358507532,17.563281545073142,17.20154429049233,17.502357482910156,13710000
2014-02-03 00:00:00-05:00,17.525207908473213,17.658478866067245,17.340531401132562,17.367185592651367,12938000
2014-02-04 00:00:00-05:00,17.407164419755727,17.416684395043188,17.096832689478013,17.161563873291016,9730000
2014-02-05 00:00:00-05:00,17.115871155664774,17.1729866496504,16.990214454316675,17.0130615234375,9333200
2014-02-06 00:00:00-05:00,17.007349336861786,17.106350393408853,16.946425274553388,17.0930233001709,9128800
2014-02-07 00:00:00-05:00,17.254850437608155,17.416681273222167,17.102541028119248,17.25104331970215,10331600
2014-02-10 00:00:00-05:00,17.201544408231126,17.405259378658982,17.123486133930623,17.39002799987793,6074400
2014-02-11 00:00:00-05:00,17.350048096846322,17.641342792109615,17.327202479405994,17.511878967285156,9687200
2014-02-12 00:00:00-05:00,17.508069750173608,17.658476353799696,17.43191430557828,17.553762435913086,7545600
2014-02-13 00:00:00-05:00,17.47189764835455,17.727018199964203,17.454763433885002,17.67751693725586,5091600
2014-02-14 00:00:00-05:00,17.618498253459805,17.774616289424443,17.599459752009395,17.75748062133789,5403200
2014-02-18 00:00:00-05:00,17.770804607247157,17.90407699916294,17.73843901519184,17.772708892822266,7306000
2014-02-19 00:00:00-05:00,17.78223091197935,17.843154984486464,17.570900217726198,17.599458694458008,6845600
2014-02-20 00:00:00-05:00,17.622305015327623,17.713691853998508,17.525208224136424,17.601362228393555,8828400
2014-02-21 00:00:00-05:00,17.612780673220215,17.793648552403468,17.588029322722434,17.622299194335938,6498400
2014-02-24 00:00:00-05:00,17.650859531825844,17.662282339391897,17.46808734804803,17.473798751831055,10504400
2014-02-25 00:00:00-05:00,17.517589501581803,17.652764724052464,17.39764420580014,17.447145462036133,8843600
2014-02-26 00:00:00-05:00,17.505679946185438,17.549817542561343,17.329126632426238,17.359830856323242,9083600
2014-02-27 00:00:00-05:00,17.357907636853415,17.432750905093883,17.271550470153638,17.382856369018555,8284000
2014-02-28 00:00:00-05:00,17.365583765916927,17.59778998709207,17.338717027210876,17.538299560546875,8697200
2014-03-03 00:00:00-05:00,17.43851993353486,17.490333972269198,17.23509833078731,17.325294494628906,8192800
2014-03-04 00:00:00-05:00,17.455783224753812,17.65920327519156,17.438512374038638,17.590118408203125,10514800
2014-03-05 00:00:00-05:00,17.580519522345472,17.588195942732494,17.35982719463298,17.396289825439453,6534800
2014-03-06 00:00:00-05:00,17.465378252491732,17.49608247361767,17.321448647152735,17.413562774658203,6531200
2014-03-07 00:00:00-05:00,17.386697060406263,17.62657975015836,17.32912609334241,17.616985321044922,7906000
2014-03-10 00:00:00-04:00,17.588193380182354,17.63616990251557,17.38669140073194,17.497997283935547,7166400
2014-03-11 00:00:00-04:00,17.59778822145012,17.616980002138114,17.39053075281643,17.455778121948242,8612400
2014-03-12 00:00:00-04:00,17.423158881290245,17.69758472407168,17.405886567091077,17.69182777404785,7140000
2014-03-13 00:00:00-04:00,17.7225300587905,18.14472440530767,17.703339739432337,17.99695587158203,12414400
2014-03-14 00:00:00-04:00,17.962416319860942,18.2118949140216,17.876059133335687,18.089075088500977,8628400
2014-03-17 00:00:00-04:00,18.1831081390457,18.244518049921165,18.112102334794038,18.194622039794922,7286800
2014-03-18 00:00:00-04:00,18.257950314741805,18.284817057612244,18.121697129005245,18.12937355041504,4870800
2014-03-19 00:00:00-04:00,18.123615246093312,18.208052947036037,17.753236359481672,17.904842376708984,9307200
2014-03-20 00:00:00-04:00,17.847271537195745,17.960495460295586,17.618902755457,17.95090103149414,7648000
2014-03-21 00:00:00-04:00,18.121696642860073,18.313602780573667,17.993119881982594,18.148563385009766,16615600
2014-03-24 00:00:00-04:00,18.198458788586063,18.25411174237677,17.948980232162548,18.054529190063477,7062000
2014-03-25 00:00:00-04:00,18.085234008173643,18.233002554124592,18.018067152799414,18.148563385009766,6966400
2014-03-26 00:00:00-04:00,18.169673108768357,18.211892693166558,18.0007962353032,18.01614761352539,6750400
2014-03-27 00:00:00-04:00,17.98928348012738,18.177352165865727,17.922116615266486,18.15624237060547,6358800
2014-03-28 00:00:00-04:00,18.125533614929864,18.20613530325439,18.056447290153187,18.177349090576172,5883600
2014-03-31 00:00:00-04:00,18.25986531729466,18.447932471361078,18.22724163238296,18.350061416625977,6475200
2014-04-01 00:00:00-04:00,18.348141759179196,18.348141759179196,18.127449458317376,18.204212188720703,4655600
2014-04-02 00:00:00-04:00,18.208052553509262,18.215728974179523,17.901003047336538,18.046852111816406,8390800
2014-04-03 00:00:00-04:00,18.169672605107838,18.2790590415948,18.123615543462694,18.154319763183594,5133600
2014-04-04 00:00:00-04:00,18.206131159003792,18.40571366691362,18.15431569515221,18.23299789428711,7119200
2014-04-07 00:00:00-04:00,18.190781530901624,18.284815120988657,18.016146256612473,18.01998519897461,8384800
2014-04-08 00:00:00-04:00,18.019984369132718,18.532373341317637,17.939384152769854,18.518939971923828,9182000
2014-04-09 00:00:00-04:00,18.53621264271734,18.674385292432348,18.357741344984323,18.505508422851562,9735600
2014-04-10 00:00:00-04:00,18.44985099376053,18.54772350759128,18.265621326867333,18.37884521484375,11204400
2014-04-11 00:00:00-04:00,18.342386400591877,18.474800621285173,18.234917983060633,18.25986671447754,8565600
2014-04-14 00:00:00-04:00,18.394199615012138,18.52661529413705,18.319356352235634,18.444095611572266,4405600
2014-04-15 00:00:00-04:00,18.432578663961362,18.66478483365659,18.4133868856026,18.660945892333984,6876400
2014-04-16 00:00:00-04:00,18.639845574177404,18.79720857340119,18.5630842782656,18.789533615112305,5566000
2014-04-17 00:00:00-04:00,18.722362106797615,18.8336680167541,18.52853796415655,18.536212921142578,10360000
2014-04-21 00:00:00-04:00,18.545805635865715,18.66286847556759,18.52277637647068,18.553482055664062,6175200
2014-04-22 00:00:00-04:00,18.526616897475467,18.597622688566528,18.432583309154055,18.490154266357422,6027200
2014-04-23 00:00:00-04:00,18.495911281638136,18.701250771063645,18.4690445420219,18.51318359375,7808400
2014-04-24 00:00:00-04:00,18.57459307444063,18.634083501659184,18.386524437242105,18.555402755737305,8761200
2014-04-25 00:00:00-04:00,18.55732196745517,18.79144767756656,18.555403960349548,18.743471145629883,8541600
2014-04-28 00:00:00-04:00,18.818312083006283,18.958404183092355,18.570753033239306,18.666706085205078,10296400
2014-04-29 00:00:00-04:00,18.693579392427193,18.837509009686556,18.683983498958792,18.80104637145996,8036400
2014-04-30 00:00:00-04:00,19.171422979703472,19.4784724996808,19.13112286746841,19.161827087402344,17561600
2014-05-01 00:00:00-04:00,19.23283103608785,19.25777830389557,19.067791660430693,19.18485450744629,10696400
2014-05-02 00:00:00-04:00,19.106168813880966,19.11576470351055,18.707005281103417,18.80487632751465,11998800
2014-05-05 00:00:00-04:00,18.75498304617381,18.852854099082876,18.69549116194956,18.79720115661621,8512000
2014-05-06 00:00:00-04:00,18.73579487549054,18.935377425647385,18.697414235283585,18.77993392944336,7484800
2014-05-07 00:00:00-04:00,18.791449961429116,19.058199394286838,18.76842216034241,19.04860496520996,8660000
2014-05-08 00:00:00-04:00,19.019819288701434,19.067795827828594,18.889323043710448,18.900836944580078,7035200
2014-05-09 00:00:00-04:00,18.91234862160141,18.98527241976829,18.57843092021953,18.59954071044922,9919200
2014-05-12 00:00:00-04:00,18.651357507989193,18.657114457710502,18.36157883761987,18.386526107788086,14766000
2014-05-13 00:00:00-04:00,18.45369207345014,18.53812976547967,18.373090395242414,18.438339233398438,9678000
2014-05-14 00:00:00-04:00,18.392274404607885,18.65710568021543,18.392274404607885,18.540042877197266,7531600
2014-05-15 00:00:00-04:00,18.543892168333112,18.71085105871226,18.46713087375349,18.47480583190918,10644400
2014-05-16 00:00:00-04:00,18.46904729074135,18.58802962969799,18.407637381889344,18.53813362121582,8820800
2014-05-19 00:00:00-04:00,18.518941211203078,18.518941211203078,18.165834641148926,18.17350959777832,6962800
2014-05-20 00:00:00-04:00,18.173510646895707,18.530456179997795,18.081396520749923,18.486318588256836,14345600
2014-05-21 00:00:00-04:00,18.54964798670727,18.57651472887511,18.41339334040626,18.476722717285156,10085600
2014-05-22 00:00:00-04:00,18.46904414574023,18.628326572995615,18.463287196535635,18.545806884765625,5287200
2014-05-23 00:00:00-04:00,18.54005292316318,18.626410103402947,18.505509758241732,18.511266708374023,5570000
2014-05-27 00:00:00-04:00,18.662868981962287,18.747308137907872,18.511262981117895,18.524696350097656,7059200
2014-05-28 00:00:00-04:00,18.52469850241499,18.714685161239007,18.480560912407906,18.68398094177246,7644800
2014-05-29 00:00:00-04:00,18.700417585616176,18.806756956362264,18.55347427364248,18.66754913330078,5985200
2014-05-30 00:00:00-04:00,18.677210626860173,18.843488191999757,18.625007891345145,18.824153900146484,8407600
2014-06-02 00:00:00-04:00,18.78355418345034,18.90342769548589,18.683013490974968,18.78935432434082,5818000
2014-06-03 00:00:00-04:00,18.787422433103213,18.878295250267122,18.727485670766292,18.785490036010742,8154000
2014-06-04 00:00:00-04:00,18.756488558894944,18.83575962092429,18.677216021753257,18.816425323486328,5860800
2014-06-05 00:00:00-04:00,18.808691845993682,18.971103194352388,18.783557406118625,18.903430938720703,4712000
2014-06-06 00:00:00-04:00,18.961433706906522,19.058106663804203,18.816424271560003,18.83962631225586,4672000
2014-06-09 00:00:00-04:00,18.77002282741531,18.82802572007778,18.55927500127167,18.634679794311523,7072400
2014-06-10 00:00:00-04:00,18.568935647851728,18.65980843354989,18.487730744717453,18.518665313720703,5416000
2014-06-11 00:00:00-04:00,18.499337488306978,18.53800608185174,18.21125248359531,18.348527908325195,8631200
2014-06-12 00:00:00-04:00,18.348516997387737,18.572797361781266,18.22864206850288,18.48772621154785,10333200
2014-06-13 00:00:00-04:00,18.49160283845633,18.791289591011903,18.37752945884485,18.712017059326172,9082000
2014-06-16 00:00:00-04:00,18.746819967477013,18.992370108551267,18.657881022517863,18.785490036010742,8978000
2014-06-17 00:00:00-04:00,18.654017942447854,18.93630285300029,18.64435005488346,18.899566650390625,10716000
2014-06-18 00:00:00-04:00,18.901491108981457,19.282382677558896,18.889889354659964,19.274648666381836,11128800
2014-06-19 00:00:00-04:00,19.324918455234368,19.489263619200674,19.193443209128443,19.365522384643555,14156800
2014-06-20 00:00:00-04:00,19.43126176904138,19.43126176904138,19.286252352854508,19.33265495300293,14815200
2014-06-23 00:00:00-04:00,19.355860586694124,19.379062628634998,19.15284677627041,19.26305389404297,7590000
2014-06-24 00:00:00-04:00,19.28818515874182,19.54726792662283,19.237914817544016,19.475730895996094,9926800
2014-06-25 00:00:00-04:00,19.42159100044296,19.698075638585284,19.38678868672183,19.672941207885742,10850400
2014-06-26 00:00:00-04:00,19.618810262855522,19.659412728057838,19.487334981438007,19.605276107788086,7843200
2014-06-27 00:00:00-04:00,19.64200800736566,19.76188298868221,19.576271113655075,19.64394187927246,12988400
2014-06-30 00:00:00-04:00,19.62266775935137,19.819881330864952,19.496992675561202,19.8140811920166,13100400
2014-07-01 00:00:00-04:00,19.80635029132931,19.810216559464653,19.58786852633034,19.61493682861328,10018400
2014-07-02 00:00:00-04:00,19.553065437283,19.613003654342798,19.224378079674697,19.276580810546875,11482800
2014-07-03 00:00:00-04:00,19.247585049157927,19.247585049157927,18.800955014433733,18.990434646606445,5822800
2014-07-07 00:00:00-04:00,18.961424603128727,19.13930240439065,18.961424603128727,19.04069709777832,7442800
2014-07-08 00:00:00-04:00,18.998166940340088,19.216647257822643,18.969164762770397,19.12190818786621,9006800
2014-07-09 00:00:00-04:00,19.096777604683048,19.193450573467764,19.007838650414605,19.108379364013672,6863200
2014-07-10 00:00:00-04:00,19.06583854195521,19.2823864721926,19.06003840120894,19.21664810180664,6121600
2014-07-11 00:00:00-04:00,19.210847511927465,19.26111785574003,19.083238518044507,19.13544273376465,4872800
2014-07-14 00:00:00-04:00,19.07163852435035,19.145109431713255,18.82995616118177,18.835756301879883,7315200
2014-07-15 00:00:00-04:00,18.86476001003874,19.03297147948302,18.816423533485896,19.009769439697266,7042000
2014-07-16 00:00:00-04:00,19.044574178626753,19.127712987852664,18.924699170522857,19.08711051940918,5634400
2014-07-17 00:00:00-04:00,19.241783544015135,19.241783544015135,18.862825752596056,18.8666934967041,6427600
2014-07-18 00:00:00-04:00,18.934359702125214,19.11417140687769,18.804818332871225,19.098703384399414,7634800
2014-07-21 00:00:00-04:00,19.11997868854125,19.13351284448729,18.973035370332536,19.079376220703125,3590800
2014-07-22 00:00:00-04:00,19.112244557579718,19.160581039250438,19.00783758015748,19.01557159423828,5530400
2014-07-23 00:00:00-04:00,19.036838637247367,19.118043567620074,18.98076814481509,19.042638778686523,5868800
2014-07-24 00:00:00-04:00,19.075510235600294,19.160581442052763,19.025239880574482,19.08711051940918,4232400
2014-07-25 00:00:00-04:00,19.0561688293875,19.150909369529156,19.00589996433367,19.034900665283203,5140000
2014-07-28 00:00:00-04:00,19.038767699424316,19.288184044080623,18.967229197819798,19.253381729125977,6572000
2014-07-29 00:00:00-04:00,19.147043511076944,19.216648150432516,18.81255594289076,19.025236129760742,7770000
2014-07-30 00:00:00-04:00,18.978840377992853,19.044577297157407,18.51480977319187,18.626949310302734,11376400
2014-07-31 00:00:00-04:00,18.491599298552412,18.55733766286733,18.13584359792283,18.153244018554688,10900800
2014-08-01 00:00:00-04:00,18.07784075407563,18.35239156444218,18.035304422165755,18.139711380004883,10057600
2014-08-04 00:00:00-04:00,18.162909237621662,18.201577816760672,17.747215373874493,18.18417739868164,14931200
2014-08-05 00:00:00-04:00,18.108777044668738,18.170647671418223,17.853559049826,17.90189552307129,9745600
2014-08-06 00:00:00-04:00,17.89802796759951,17.985033023141533,17.749152289755788,17.855491638183594,18081200
2014-08-07 00:00:00-04:00,17.950236480295363,18.2305889802175,17.903833867419877,18.168718338012695,11370000
2014-08-08 00:00:00-04:00,18.19771747162192,18.464534294788944,18.186115714014857,18.454866409301758,6989600
2014-08-11 00:00:00-04:00,18.458725247117407,18.516728106717203,18.323382291161536,18.34658432006836,5694400
2014-08-12 00:00:00-04:00,18.363995935788015,18.443266995088468,18.29052354289576,18.348527908325195,5224400
2014-08-13 00:00:00-04:00,18.385257992165176,18.619207791970098,18.37752545549651,18.512866973876953,4276400
2014-08-14 00:00:00-04:00,18.485805169415205,18.619214338088252,18.485805169415205,18.597946166992188,3858000
2014-08-15 00:00:00-04:00,18.640481411178882,18.83575973412191,18.568942887604923,18.634679794311523,5073200
2014-08-18 00:00:00-04:00,18.675277147449947,18.789351979470858,18.53993562652203,18.588272094726562,4392800
2014-08-19 00:00:00-04:00,18.65981559659279,18.828025606926637,18.61921312943937,18.816425323486328,5167200
2014-08-20 00:00:00-04:00,18.79708766307365,18.91696117080993,18.752617459321367,18.897626876831055,4126800
2014-08-21 00:00:00-04:00,18.90922664594057,19.069702596700026,18.90535890248405,18.9498291015625,5142000
2014-08-22 00:00:00-04:00,18.944032365655328,19.029103560530732,18.75841899929837,18.878293991088867,3966000
2014-08-25 00:00:00-04:00,18.9130936271177,19.056169163051084,18.895693206243305,18.980764389038086,3442800
2014-08-26 00:00:00-04:00,18.96337098767377,18.994305572383034,18.688820094761763,18.700420379638672,5575600
2014-08-27 00:00:00-04:00,18.732559649667422,18.89814457595912,18.70138995301099,18.874767303466797,5651600
2014-08-28 00:00:00-04:00,18.8319096508622,19.034508219694246,18.775415690550606,18.99944305419922,3776800
2014-08-29 00:00:00-04:00,19.042299554798273,19.188404154962964,19.0013904451025,19.17866325378418,5545600
2014-09-02 00:00:00-04:00,19.147493999427656,19.192298575396,18.865024229452757,18.94099998474121,7494800
2014-09-03 00:00:00-04:00,18.978015429267238,19.104639728374536,18.944898739328522,19.013080596923828,5694800
2014-09-04 00:00:00-04:00,18.99749245248342,19.061778829745236,18.85138786029899,18.94099998474121,8406000
2014-09-05 00:00:00-04:00,18.94489491564579,19.075414657592773,18.911778232391075,19.075414657592773,6244800
2014-09-08 00:00:00-04:00,19.071518224719654,19.09099853822241,18.89424395346346,18.94294548034668,4204000
2014-09-09 00:00:00-04:00,18.853335293734006,18.909829244600807,18.62736097651948,18.6429443359375,7661600
2014-09-10 00:00:00-04:00,18.62541854174918,18.74814589715296,18.5455472964643,18.62736701965332,6814000
2014-09-11 00:00:00-04:00,18.623469719546733,18.779315251427047,18.496845410675622,18.730613708496094,6724000
2014-09-12 00:00:00-04:00,18.613732462020657,18.650744628289686,18.31567773625438,18.331262588500977,7305200
2014-09-15 00:00:00-04:00,18.397489910655462,18.479308121963314,18.266968684518414,18.346839904785156,5386800
2014-09-16 00:00:00-04:00,18.321522299660195,18.602042195498463,18.280611692894148,18.531911849975586,9126800
2014-09-17 00:00:00-04:00,18.629309389062577,18.744245776838504,18.467621433212486,18.56307601928711,8332000
2014-09-18 00:00:00-04:00,18.557232864631416,18.63320713849738,18.37021915309575,18.42476463317871,7399600
2014-09-19 00:00:00-04:00,18.50658460296114,18.602039202130836,18.415025472914433,18.533857345581055,8563200
2014-09-22 00:00:00-04:00,18.44034857572359,18.551388007943913,18.35268492738999,18.43255615234375,5724400
2014-09-23 00:00:00-04:00,18.432556886862688,18.528011476127105,18.348790190007385,18.418920516967773,5600400
2014-09-24 00:00:00-04:00,18.47151569904075,18.47151569904075,18.298138376208666,18.346839904785156,4321600
2014-09-25 00:00:00-04:00,18.335153906032758,18.40917970205879,18.140347771619435,18.144243240356445,7019600
2014-09-26 00:00:00-04:00,18.152038198991615,18.251389757567523,18.050739648901736,18.202688217163086,5567600
2014-09-29 00:00:00-04:00,18.113075438973105,18.253334610452015,18.033204208666373,18.233854293823242,5062400
2014-09-30 00:00:00-04:00,18.280606319213504,18.490997293936598,18.214372949163348,18.28839874267578,6962400
2014-10-01 00:00:00-04:00,18.249440906316952,18.5747668328599,18.249440906316952,18.36827278137207,6366800
2014-10-02 00:00:00-04:00,18.32541402621732,18.45008984029069,18.23580337774289,18.266971588134766,6722800
2014-10-03 00:00:00-04:00,18.350737209135268,18.38775085015753,18.18515229265876,18.356582641601562,6414400
2014-10-06 00:00:00-04:00,18.378013107890496,18.47541619153101,18.192947843474766,18.245546340942383,6099200
2014-10-07 00:00:00-04:00,18.181257690520024,18.34879109247056,18.111127360110363,18.120866775512695,7222400
2014-10-08 00:00:00-04:00,18.163721165214962,18.590347019013915,18.14424085158887,18.568918228149414,8414400
2014-10-09 00:00:00-04:00,18.574764188287418,18.691647568974165,18.231904983520508,18.231904983520508,9544800
2014-10-10 00:00:00-04:00,18.30593709924205,18.57087362477805,18.231909799127067,18.239702224731445,10166400
2014-10-13 00:00:00-04:00,18.263076885080796,18.49684367470863,18.06047830715194,18.07606315612793,8678400
2014-10-14 00:00:00-04:00,18.13060954811911,18.45983243950168,18.013726147459106,18.18320655822754,12517600
2014-10-15 00:00:00-04:00,18.17150926308916,18.251380462075225,17.596831973503203,17.88709259033203,12076800
2014-10-16 00:00:00-04:00,17.68839336621166,18.288394987065804,17.62995094537241,18.189044952392578,13299200
2014-10-17 00:00:00-04:00,18.26502096411369,18.424761912015647,17.99813606312087,18.360475540161133,9697600
2014-10-20 00:00:00-04:00,18.368275367924365,18.55139365748446,18.348795046668734,18.531911849975586,5528800
2014-10-21 00:00:00-04:00,18.547490218013188,18.62930843043839,18.448138682209603,18.607879638671875,7062000
2014-10-22 00:00:00-04:00,18.603984033043584,18.927362898223446,18.56891887279821,18.80463409423828,9524800
2014-10-23 00:00:00-04:00,18.95463893273798,19.149445082154596,18.837754054085632,19.05204200744629,9416000
2014-10-24 00:00:00-04:00,19.091004380774113,19.242952953351203,19.003342200057514,19.161134719848633,6602800
2014-10-27 00:00:00-04:00,19.137756988227753,19.283861610105642,19.05788723445277,19.108535766601562,5413200
2014-10-28 00:00:00-04:00,19.174761149837064,19.311124801635742,19.04424144222228,19.311124801635742,7673200
2014-10-29 00:00:00-04:00,19.285804667843163,19.379312253517206,18.997490974413125,19.207881927490234,7285600
2014-10-30 00:00:00-04:00,19.28190592888568,19.513724147140618,18.995540761259537,19.463075637817383,11396000
2014-10-31 00:00:00-04:00,19.579965791930846,19.579965791930846,19.260483837243584,19.52347183227539,10084000
2014-11-03 00:00:00-05:00,19.542957854081074,19.683218555375852,19.412438057252512,19.638412475585938,8944400
2014-11-04 00:00:00-05:00,19.665676949922034,19.79424970076088,19.552690531422936,19.667625427246094,7966000
2014-11-05 00:00:00-05:00,19.825419589448842,20.487760741839043,19.778666533472137,20.43126678466797,22010400
2014-11-06 00:00:00-05:00,20.36113287741129,20.479964717074328,20.016326735050608,20.250093460083008,14479600
2014-11-07 00:00:00-05:00,20.230621535718438,20.407895873270213,20.107894177127122,20.40205192565918,8307200
2014-11-10 00:00:00-05:00,20.341658892479003,20.57347869873047,20.228670962856185,20.57347869873047,5880800
2014-11-11 00:00:00-05:00,20.55399400494796,20.63776069545847,20.380616678165026,20.415681838989258,7382800
2014-11-12 00:00:00-05:00,20.070873601730803,20.271523660491734,19.893600811600805,20.082561492919922,10216000
2014-11-13 00:00:00-05:00,20.08256200232007,20.226719599821724,19.85074373242378,19.922821044921875,7060000
2014-11-14 00:00:00-05:00,19.860489460768193,19.942309185938218,19.800100020556236,19.84100914001465,7465200
2014-11-17 00:00:00-05:00,19.81373443858062,20.146852795231258,19.800098066773394,20.10594367980957,5440000
2014-11-18 00:00:00-05:00,20.133216025327943,20.218931209994558,20.008540203769066,20.131267547607422,6457200
2014-11-19 00:00:00-05:00,20.17023146685736,20.242310286404802,20.03386625308542,20.20334815979004,7040400
2014-11-20 00:00:00-05:00,20.043602598655227,20.142954141115215,20.00269348970178,20.076719284057617,5271200
2014-11-21 00:00:00-05:00,20.261790775806908,20.261790775806908,20.016334577969964,20.209192276000977,7893600
2014-11-24 00:00:00-05:00,20.240357404576237,20.292954406245563,20.098148274317502,20.10788917541504,5617600
2014-11-25 00:00:00-05:00,20.112796794532898,20.218736406691455,19.973506238759466,20.17753791809082,7394800
2014-11-26 00:00:00-05:00,20.222657519950474,20.28151185227721,20.134373776311502,20.246198654174805,5331200
2014-11-28 00:00:00-05:00,20.267782714346097,20.62483778381265,20.267782714346097,20.47966194152832,3952000
2014-12-01 00:00:00-05:00,20.371752986842527,20.720961886608503,20.287395274149013,20.56205177307129,7597600
2014-12-02 00:00:00-05:00,20.49142842150403,20.693499299570682,20.381565805674303,20.62091064453125,5775600
2014-12-03 00:00:00-05:00,20.55813589568094,20.667998533434904,20.410997792932093,20.47966194152832,6404400
2014-12-04 00:00:00-05:00,20.13829902395637,20.42276538239246,20.124566196240824,20.30309295654297,14612400
2014-12-05 00:00:00-05:00,20.136334204135984,20.32074772153093,20.05001272845907,20.193227767944336,7071600
2014-12-08 00:00:00-05:00,20.171645637428966,20.46199871413465,20.171645637428966,20.338401794433594,7192400
2014-12-09 00:00:00-05:00,20.310937641567783,20.53654963379457,20.2873965098067,20.518892288208008,6615200
2014-12-10 00:00:00-05:00,20.25011677426932,20.401177825940405,19.861671717912273,19.900909423828125,21496400
2014-12-11 00:00:00-05:00,19.961727305139068,20.2422705595684,19.91464355172007,20.104942321777344,9354800
2014-12-12 00:00:00-05:00,19.97154422028724,20.19715476319676,19.7694733173237,19.777320861816406,10303600
2014-12-15 00:00:00-05:00,19.98135237269319,20.000970485389118,19.53405281745543,19.747894287109375,11262800
2014-12-16 00:00:00-05:00,19.789089454566508,20.11083123848142,19.632141585784,19.83028793334961,10596800
2014-12-17 00:00:00-05:00,19.87737863205667,20.26974694417525,19.787134099881353,20.230510711669922,11038800
2014-12-18 00:00:00-05:00,20.410995615577026,20.69153896142835,20.246200179759555,20.68761444091797,8826400
2014-12-19 00:00:00-05:00,20.732732634790132,20.879870687696926,20.558128931748662,20.770008087158203,13945600
2014-12-22 00:00:00-05:00,20.76804781829132,20.84063647018637,20.64837540404679,20.783742904663086,6542400
2014-12-23 00:00:00-05:00,20.86614298503389,20.950502215946987,20.754318097243598,20.858295440673828,5054400
2014-12-24 00:00:00-05:00,20.895570973327807,21.299709780267477,20.8622185354925,21.183961868286133,4615200
2014-12-26 00:00:00-05:00,21.242813575299166,21.51943386780332,21.189844528205743,21.440959930419922,8804000
2014-12-29 00:00:00-05:00,21.40565080956974,21.7450485204908,21.395841004241603,21.678346633911133,7808800
2014-12-30 00:00:00-05:00,21.666574043859974,21.666574043859974,21.11333490187437,21.15453338623047,5746400
2014-12-31 00:00:00-05:00,21.158459968039473,21.280094678092606,20.830832801565222,20.852413177490234,5991200
2015-01-02 00:00:00-05:00,20.919109436785124,21.017201483937058,20.673879318905296,20.93088150024414,6459200
2015-01-05 00:00:00-05:00,20.9092989622842,20.946572918536642,20.636603219215793,20.709190368652344,8153600
2015-01-06 00:00:00-05:00,20.779813459649265,21.170220782595674,20.748424791111002,20.789623260498047,10623200
2015-01-07 00:00:00-05:00,21.107445524072116,21.18003417620582,20.809246365857277,20.97992706298828,7292000
2015-01-08 00:00:00-05:00,21.162377563685137,21.233003953278498,21.05251345944782,21.107444763183594,7602000
2015-01-09 00:00:00-05:00,21.134913450497553,21.1918055215331,20.868102958557156,20.921072006225586,6123200
2015-01-12 00:00:00-05:00,20.893602601869485,21.060358755207343,20.724884188817366,20.868099212646484,5828000
2015-01-13 00:00:00-05:00,21.048592539543865,21.278127580274564,20.832790326119298,20.95050048828125,6757200
2015-01-14 00:00:00-05:00,20.754310390376286,21.109403034404842,20.697416837467124,21.079975128173828,7327600
2015-01-15 00:00:00-05:00,21.09567009180958,21.154525903938886,20.819051367038984,20.999540328979492,17293200
2015-01-16 00:00:00-05:00,21.017201421464655,21.25066097195738,20.97011765806612,21.231042861938477,7870000
2015-01-20 00:00:00-05:00,21.307548164510155,21.40171566313664,21.093706788007832,21.37032699584961,7362000
2015-01-21 00:00:00-05:00,21.24673617211059,21.629294524171968,21.142757353849504,21.55866813659668,12105600
2015-01-22 00:00:00-05:00,21.63518746590341,21.72150896944578,21.28794218470424,21.491973876953125,9290400
2015-01-23 00:00:00-05:00,21.55670768484715,21.623411055047924,21.450768094598292,21.478235244750977,6736400
2015-01-26 00:00:00-05:00,21.44488844278551,21.53709523055484,21.30952240033582,21.53120994567871,5524800
2015-01-27 00:00:00-05:00,21.55474710739174,21.876488904210333,21.311477751345787,21.819595336914062,8527600
2015-01-28 00:00:00-05:00,21.831372412996657,22.098182982121248,21.533173157557226,21.56456184387207,8128800
2015-01-29 00:00:00-05:00,21.61556122006331,21.917684872053997,21.525316726107498,21.905914306640625,6823200
2015-01-30 00:00:00-05:00,21.86668521157087,21.87649501779182,21.415462563966543,21.431156158447266,7745600
2015-02-02 00:00:00-05:00,21.488043108467973,21.617525326136303,21.191804713883673,21.593982696533203,7201600
2015-02-03 00:00:00-05:00,21.58417195004142,21.6724556846204,21.41545501727304,21.62733268737793,8641600
2015-02-04 00:00:00-05:00,21.576322255953382,21.703840689731148,21.411526877328026,21.470382690429688,6255200
2015-02-05 00:00:00-05:00,21.544935852797522,21.59790489642802,21.35071403046468,21.52335548400879,5231600
2015-02-06 00:00:00-05:00,21.44095913155955,21.462539500955074,20.611099781732356,20.756277084350586,8789200
2015-02-09 00:00:00-05:00,20.72881446252646,20.866142745334866,20.438461311603806,20.505163192749023,8292800
2015-02-10 00:00:00-05:00,20.560095759888767,21.195731870586567,20.511049731355413,21.15453338623047,13585200
2015-02-11 00:00:00-05:00,21.027011983032917,21.0387825501155,20.569902668957745,20.611101150512695,8516800
2015-02-12 00:00:00-05:00,20.609135011854086,20.671913847863593,20.371750994653702,20.666027069091797,9439200
2015-02-13 00:00:00-05:00,20.571858179137564,20.573820438596115,20.22265083378572,20.328590393066406,9944400
2015-02-17 00:00:00-05:00,20.30505513421671,20.55420829226244,20.148107249448746,20.28936004638672,11421600
2015-02-18 00:00:00-05:00,20.303089394943676,20.90145141922553,20.28935656963716,20.89164161682129,9638000
2015-02-19 00:00:00-05:00,20.981892151820162,20.981892151820162,20.605218980599798,20.683692932128906,13082400
2015-02-20 00:00:00-05:00,20.648382581882515,20.787673154129333,20.45808370957875,20.7170467376709,6802400
2015-02-23 00:00:00-05:00,20.744506373543004,20.838675400386183,20.656224126999824,20.79355239868164,6257200
2015-02-24 00:00:00-05:00,20.74057853074843,21.00150368308022,20.689570257362274,20.81120491027832,7480800
2015-02-25 00:00:00-05:00,20.79342512117612,20.840853153409903,20.449569248988777,20.508853912353516,8103600
2015-02-26 00:00:00-05:00,20.56616201318963,20.637304810336246,20.396209943084916,20.449567794799805,6974400
2015-02-27 00:00:00-05:00,20.512803034726634,20.560231057496583,20.344826086103257,20.44561195373535,6523600
2015-03-02 00:00:00-05:00,20.44561802994497,20.44561802994497,19.90216693696321,20.066190719604492,9909200
2015-03-03 00:00:00-05:00,20.00690117482002,20.18871138299895,19.874497110850786,20.145235061645508,8036400
2015-03-04 00:00:00-05:00,20.082001553356285,20.172905923354772,19.97528733439019,20.036548614501953,11915200
2015-03-05 00:00:00-05:00,20.123498463055178,20.34680689459326,20.08199874609907,20.182783126831055,7867200
2015-03-06 00:00:00-05:00,19.927853130643236,19.927853130643236,19.4120701210699,19.50494956970215,12492400
2015-03-09 00:00:00-04:00,19.5207624148044,19.67095295255938,19.481239303257855,19.550405502319336,9764800
2015-03-10 00:00:00-04:00,19.263854917739437,19.67292521346817,19.263854917739437,19.364639282226562,13714800
2015-03-11 00:00:00-04:00,19.48123983668522,19.574120809843894,19.271763118164557,19.362668991088867,9078400
2015-03-12 00:00:00-04:00,19.520758657747315,20.012828388033025,19.500997105777444,19.864614486694336,12999200
2015-03-13 00:00:00-04:00,19.832997782583885,19.953545218603224,19.66304570910448,19.882402420043945,13275200
2015-03-16 00:00:00-04:00,20.10373501487231,20.544423520832996,20.080020246969692,20.34878158569336,13684400
2015-03-17 00:00:00-04:00,20.354712665533782,20.55233123510207,20.297403099433772,20.410045623779297,8612400
2015-03-18 00:00:00-04:00,20.406095710226296,21.222259931538556,20.352737847433122,21.12542724609375,15167600
2015-03-19 00:00:00-04:00,21.046375016048273,21.238065245690926,20.740065668599314,20.844804763793945,11399200
2015-03-20 00:00:00-04:00,20.94162973010723,21.123438362592793,20.714368185645633,20.945581436157227,27418000
2015-03-23 00:00:00-04:00,20.76377706493512,20.983133734605094,20.76377706493512,20.896181106567383,9677600
2015-03-24 00:00:00-04:00,20.817137752944006,21.01870952232495,20.700543529794373,20.71832847595215,8434800
2015-03-25 00:00:00-04:00,20.71832391670645,20.79539652289273,20.437705993652344,20.437705993652344,6805200
2015-03-26 00:00:00-04:00,20.31716238698137,20.50885261929913,20.21637801330264,20.29937744140625,6850000
2015-03-27 00:00:00-04:00,20.34680855183561,20.55826036938321,20.303332223566184,20.461427688598633,6067200
2015-03-30 00:00:00-04:00,20.617541715660714,20.76180239907528,20.50885092044995,20.698564529418945,6348400
2015-03-31 00:00:00-04:00,20.641260123712364,20.747974338074343,20.431784910914843,20.562213897705078,9165200
2015-04-01 00:00:00-04:00,20.540471322282407,20.781566179877093,20.327042939391067,20.702518463134766,7567200
2015-04-02 00:00:00-04:00,20.6748506770674,20.803301512452784,20.605682986986412,20.70054054260254,5280800
2015-04-06 00:00:00-04:00,20.793422970554378,21.072064327282234,20.775636517987603,20.856660842895508,6706400
2015-04-07 00:00:00-04:00,20.830973454852096,20.900139650377767,20.58987856669691,20.60964012145996,4168000
2015-04-08 00:00:00-04:00,20.54442612989665,20.619520642893573,20.412022051306014,20.56023597717285,5707600
2015-04-09 00:00:00-04:00,20.528616558525446,20.57209288526431,20.342856127518534,20.55430793762207,5278400
2015-04-10 00:00:00-04:00,20.603708813685294,20.781565796143934,20.53651772799658,20.73018455505371,3732400
2015-04-13 00:00:00-04:00,20.645207637959125,20.712397213051297,20.481183899643955,20.50292205810547,4787200
2015-04-14 00:00:00-04:00,20.581972498737407,20.708448251439915,20.534544468401442,20.623472213745117,4171600
2015-04-15 00:00:00-04:00,20.676825988681912,20.87444451617362,20.581969939803333,20.58789825439453,6437200
2015-04-16 00:00:00-04:00,20.51477809266998,20.633350410918258,20.34285094508736,20.504898071289062,6770800
2015-04-17 00:00:00-04:00,20.408070717783833,20.599760987484014,20.30530971643135,20.384357452392578,5973600
2015-04-20 00:00:00-04:00,20.423874787126948,20.811206925251525,20.376446762055092,20.65113639831543,9675600
2015-04-21 00:00:00-04:00,20.651141734447638,20.785522429965845,20.384356951381967,20.433761596679688,7842800
2015-04-22 00:00:00-04:00,20.479216965838805,20.528621620641022,20.287528171682954,20.41202735900879,7293200
2015-04-23 00:00:00-04:00,20.433762201802697,20.66892729514112,20.38633416307119,20.607666015625,6740800
2015-04-24 00:00:00-04:00,20.59383009929472,20.906067788107475,20.532568827737652,20.759830474853516,6122800
2015-04-27 00:00:00-04:00,20.836898624317865,20.838873724098956,20.441661557894292,20.516756057739258,7215200
2015-04-28 00:00:00-04:00,20.412023395612056,20.655093405724294,20.344832294118103,20.572093963623047,8057600
2015-04-29 00:00:00-04:00,20.400166435022893,20.662997997448297,20.230214337620247,20.295427322387695,9267600
2015-04-30 00:00:00-04:00,20.22033023132073,20.33494935362014,19.811259887957583,19.945640563964844,15062000
2015-05-01 00:00:00-04:00,19.959469514434854,20.157088024478764,19.801374103315897,20.133373260498047,9091600
2015-05-04 00:00:00-04:00,20.127446009453596,20.540469501268024,20.034565063593952,20.307279586791992,12277200
2015-05-05 00:00:00-04:00,20.202547079096828,20.261831745484315,19.672929251067718,19.791500091552734,12635200
2015-05-06 00:00:00-04:00,19.75790600177207,19.91007164274603,19.58597729692012,19.767786026000977,12165200
2015-05-07 00:00:00-04:00,19.894259645454422,19.95354581526325,19.783593736701864,19.88042640686035,8712000
2015-05-08 00:00:00-04:00,20.15313794982896,20.329018317395445,19.840900316821838,20.0009708404541,9937600
2015-05-11 00:00:00-04:00,19.9594740394237,20.129426117207863,19.73616561522354,19.763832092285156,8073200
2015-05-12 00:00:00-04:00,19.684783885019936,19.832997797511677,19.52866504960345,19.744070053100586,8227600
2015-05-13 00:00:00-04:00,19.789517807090377,20.034564341496065,19.706518393330164,19.801374435424805,9204400
2015-05-14 00:00:00-04:00,19.876467703921115,20.010848334845996,19.85472954982228,19.975276947021484,7293600
2015-05-15 00:00:00-04:00,20.004925148146736,20.202543684991095,19.998995325565186,20.184757232666016,11756800
2015-05-18 00:00:00-04:00,20.125465706740826,20.323084190936047,20.10570415986318,20.216371536254883,7810000
2015-05-19 00:00:00-04:00,20.06816372870488,20.36459154444522,20.002949247391644,20.257877349853516,6118000
2015-05-20 00:00:00-04:00,20.261828063188517,20.433756730657752,20.20649511486548,20.259851455688477,7885200
2015-05-21 00:00:00-04:00,20.25589692020711,20.30530154684176,20.13139780386323,20.18870735168457,5360800
2015-05-22 00:00:00-04:00,20.170931187191957,20.25788385687294,20.062240350090732,20.202550888061523,5525200
2015-05-26 00:00:00-04:00,20.20254770654326,20.21045112280569,19.840905350278618,19.965404510498047,13742800
2015-05-27 00:00:00-04:00,20.013193591626507,20.192416524663063,19.97535721707183,20.078908920288086,8504800
2015-05-28 00:00:00-04:00,20.06297709827566,20.37761273650577,20.06297709827566,20.365663528442383,10481600
2015-05-29 00:00:00-04:00,20.339781502126847,20.465236823822885,20.202376969348286,20.379608154296875,11192000
2015-06-01 00:00:00-04:00,20.421424460712476,20.78584266881222,20.399519350151017,20.6165771484375,12547200
2015-06-02 00:00:00-04:00,20.46921476724338,20.509041408452642,20.236225725662337,20.3557071685791,9636400
2015-06-03 00:00:00-04:00,20.256141924640737,20.393546439128972,19.90964523515865,19.95743751525879,11419200
2015-06-04 00:00:00-04:00,19.885748576376052,20.09085869688359,19.863843464546196,19.987308502197266,8868000
2015-06-05 00:00:00-04:00,19.776219665857727,19.780203241491286,19.622885428322682,19.668685913085938,9624000
2015-06-08 00:00:00-04:00,19.650772907063626,19.688609295554862,19.537265260879533,19.539257049560547,7328000
2015-06-09 00:00:00-04:00,19.541233397644923,19.640801490708153,19.529285712649667,19.55318260192871,5774400
2015-06-10 00:00:00-04:00,19.66868915006602,19.808085453691653,19.654749671632377,19.738388061523438,10831600
2015-06-11 00:00:00-04:00,19.83795211992203,19.90167565384384,19.740374271659814,19.84790802001953,5803600
2015-06-12 00:00:00-04:00,19.75033754117243,19.879776435091408,19.716484736093584,19.762285232543945,4722800
2015-06-15 00:00:00-04:00,19.612931236331445,19.84393004384805,19.612931236331445,19.738388061523438,6126000
2015-06-16 00:00:00-04:00,19.74037541058217,19.867822485778856,19.632841656018282,19.820030212402344,5038800
2015-06-17 00:00:00-04:00,19.81206767300836,20.108781818124157,19.732412858753857,20.053022384643555,8510000
2015-06-18 00:00:00-04:00,20.07094550146937,20.391555028348744,20.041074756120576,20.363676071166992,8677600
2015-06-19 00:00:00-04:00,20.35969347385668,20.407487276428675,20.104799270629883,20.104799270629883,8404800
2015-06-22 00:00:00-04:00,20.206356579000705,20.232243745899826,20.02115979612014,20.064970016479492,4983200
2015-06-23 00:00:00-04:00,20.0331115677765,20.088869488945242,19.758304019463676,19.77224349975586,6798800
2015-06-24 00:00:00-04:00,19.796134341887388,19.89570246185836,19.620893478393555,19.620893478393555,6317600
2015-06-25 00:00:00-04:00,19.68461635195406,19.720460934708882,19.48747190644697,19.51335906982422,5918400
2015-06-26 00:00:00-04:00,19.495442706719896,19.672673879748224,19.36202175970563,19.65475082397461,6910800
2015-06-29 00:00:00-04:00,19.457599488262122,19.875785238116492,19.457599488262122,19.54920196533203,8041600
2015-06-30 00:00:00-04:00,19.63085928091147,19.72246180808637,19.477523459876622,19.521333694458008,10800800
2015-07-01 00:00:00-04:00,19.59699870223331,19.672669928785165,19.499420847784755,19.600980758666992,7578400
2015-07-02 00:00:00-04:00,19.708517174107165,20.027134906923404,19.70453359784679,19.95743751525879,8878000
2015-07-06 00:00:00-04:00,19.917603806032123,20.084879018763704,19.78219111735942,20.005224227905273,6876800
2015-07-07 00:00:00-04:00,19.96341090916682,20.650430427502286,19.96341090916682,20.487138748168945,12375600
2015-07-08 00:00:00-04:00,20.391551229974265,20.493111137526725,20.301939010620117,20.301939010620117,10838400
2015-07-09 00:00:00-04:00,20.36367671150404,20.475192543737673,20.076919978001257,20.148609161376953,11294400
2015-07-10 00:00:00-04:00,20.142635134491144,20.367658585160616,20.021161881492876,20.240211486816406,6035600
2015-07-13 00:00:00-04:00,20.31389481844332,20.39354964398748,20.17649028236188,20.30592918395996,5685200
2015-07-14 00:00:00-04:00,20.303932161359214,20.419431552659148,20.23821683327935,20.309906005859375,4928800
2015-07-15 00:00:00-04:00,20.319864229573138,20.467224637129572,20.196399200962066,20.465232849121094,5037200
2015-07-16 00:00:00-04:00,20.471207705339214,20.895367383277822,20.453284652285692,20.795799255371094,9911600
2015-07-17 00:00:00-04:00,20.7957984424861,20.811729706957813,20.608609883165943,20.640472412109375,6275200
2015-07-20 00:00:00-04:00,20.656410145482212,20.706194223080292,20.45129846957497,20.540910720825195,8994400
2015-07-21 00:00:00-04:00,20.538917621584325,20.60662475282736,20.268092135190937,20.33778953552246,8643200
2015-07-22 00:00:00-04:00,20.34773974991975,20.59466824617227,20.339774118519497,20.47120475769043,8380400
2015-07-23 00:00:00-04:00,20.471210148921266,20.48116605132691,20.156574462549585,20.32583999633789,7790000
2015-07-24 00:00:00-04:00,20.27804789621294,20.4751923893651,20.266098686214235,20.367658615112305,4232000
2015-07-27 00:00:00-04:00,20.399519378764797,20.686274565926723,20.393545533928588,20.61060333251953,5823200
2015-07-28 00:00:00-04:00,20.60064700670765,20.761948422305537,20.515018347828764,20.72809410095215,11233600
2015-07-29 00:00:00-04:00,20.65839409870837,20.84558265941973,20.520991119663385,20.827659606933594,8348800
2015-07-30 00:00:00-04:00,20.75398065513029,20.969048174288616,20.700213015696185,20.887401580810547,7009200
2015-07-31 00:00:00-04:00,21.048706793681912,21.17217184950848,20.92125968024972,20.949138641357422,10186000
2015-08-03 00:00:00-04:00,21.602302755255202,21.767584701001226,21.21995997074116,21.44896697998047,18269600
2015-08-04 00:00:00-04:00,21.45095755592959,21.50273340744767,21.18411418514167,21.21597671508789,12734800
2015-08-05 00:00:00-04:00,21.291643990234316,21.33545420112888,21.096491348071506,21.100473403930664,7557600
2015-08-06 00:00:00-04:00,21.15822864198797,21.174159908183103,20.967058005513888,21.05866050720215,11783600
2015-08-07 00:00:00-04:00,21.056668821593476,21.437019827585395,20.957100686323027,21.307580947875977,6698400
2015-08-10 00:00:00-04:00,21.3254993446862,21.40515414503832,21.114415415148684,21.2139835357666,12003200
2015-08-11 00:00:00-04:00,21.241865703360286,21.524638844088955,21.132341665675387,21.23390007019043,7882000
2015-08-12 00:00:00-04:00,21.17814427791724,21.620227087731703,21.10844687981346,21.586374282836914,14067600
2015-08-13 00:00:00-04:00,21.582382870133863,21.747666296547397,21.351385646104145,21.689916610717773,7236400
2015-08-14 00:00:00-04:00,21.652085843077806,21.71779965307934,21.488794173479054,21.713817596435547,5754000
2015-08-17 00:00:00-04:00,21.751655675071103,21.901007879181126,21.725766987346955,21.8113956451416,5935200
2015-08-18 00:00:00-04:00,21.74368955630395,21.879102279111315,21.650095267398818,21.80741310119629,7285200
2015-08-19 00:00:00-04:00,21.707839910549982,21.827321339479028,21.50272984568551,21.71978759765625,9688400
2015-08-20 00:00:00-04:00,21.61425682697117,21.839280326539374,21.542567628662976,21.556507110595703,8223600
2015-08-21 00:00:00-04:00,21.476845100541112,21.55649990752141,21.265761153439044,21.29961395263672,11028000
2015-08-24 00:00:00-04:00,20.513025255399956,20.78385067321333,19.91362472575385,20.518999099731445,19775600
2015-08-25 00:00:00-04:00,20.84956820929246,20.875456898411336,20.00124873813341,20.015188217163086,15192800
2015-08-26 00:00:00-04:00,20.29412576405207,20.45667246237123,20.001142417464592,20.400484085083008,13412000
2015-08-27 00:00:00-04:00,20.540950614754955,20.59513181520735,20.268034385693863,20.520883560180664,12068800
2015-08-28 00:00:00-04:00,20.51085116907916,20.552992446897797,20.18375370923834,20.432588577270508,9230000
2015-08-31 00:00:00-04:00,20.342286691865308,20.36436091393715,19.589760569465977,19.748292922973633,20435200
2015-09-01 00:00:00-04:00,19.52955694257957,19.551631163606242,18.99375873624466,19.13422966003418,14461600
2015-09-02 00:00:00-04:00,19.25864801667641,19.348950535427505,18.933556193339623,19.072021484375,13195600
2015-09-03 00:00:00-04:00,19.166340033588806,19.264669689778568,19.009814837322295,19.09811019897461,10100400
2015-09-04 00:00:00-04:00,18.903453575305353,19.116168644412294,18.871346593621265,18.98773765563965,11545600
2015-09-08 00:00:00-04:00,19.224532731460087,19.49544180271701,19.20446414535218,19.483400344848633,11686000
2015-09-09 00:00:00-04:00,19.63189907270491,19.651966126927807,19.09208658730584,19.124195098876953,9558000
2015-09-10 00:00:00-04:00,19.102122676461537,19.296776335868618,19.063994198139422,19.13422966003418,9980400
2015-09-11 00:00:00-04:00,18.821180443314244,19.250621900484415,18.81114614913935,19.234567642211914,18495600
2015-09-14 00:00:00-04:00,19.236571213115052,19.413163428063278,19.1803828506778,19.290752410888672,12264400
2015-09-15 00:00:00-04:00,19.30680911071622,19.34092325922709,19.11416261610288,19.310823440551758,13068400
2015-09-16 00:00:00-04:00,19.326878690308934,19.631903494870176,19.32487305614754,19.56768798828125,11133600
2015-09-17 00:00:00-04:00,19.535577042834436,20.111510896432844,19.505475692949677,19.806486129760742,11974000
2015-09-18 00:00:00-04:00,19.81451475462539,20.053316875786223,19.51751862524968,19.52353858947754,25546000
2015-09-21 00:00:00-04:00,19.56768244770834,19.782403130600066,19.547615394647227,19.67604637145996,7882800
2015-09-22 00:00:00-04:00,19.521526382291412,19.64995735604191,19.38105548319492,19.475372314453125,10007600
2015-09-23 00:00:00-04:00,19.487419345935333,19.551634856226926,19.397116810875396,19.461332321166992,6476400
2015-09-24 00:00:00-04:00,19.38708039623999,19.59778832970568,19.358986209247014,19.569692611694336,11708400
2015-09-25 00:00:00-04:00,19.6118332142031,19.98307909852465,19.49945494787067,19.78842544555664,7596000
2015-09-28 00:00:00-04:00,19.754319301939777,19.876730380082886,19.525551408922546,19.575719833374023,8861200
2015-09-29 00:00:00-04:00,19.57170635082545,19.702144566259847,19.35096557986971,19.423208236694336,13322000
2015-09-30 00:00:00-04:00,19.389093233173774,19.59578689695085,19.389093233173774,19.575719833374023,15191600
2015-10-01 00:00:00-04:00,19.62386913727901,19.637916226327167,19.232554746335364,19.37503433227539,12829600
2015-10-02 00:00:00-04:00,19.485412971373766,19.7904378059009,19.38507613678274,19.774383544921875,11294400
2015-10-05 00:00:00-04:00,19.856654139579824,20.221880067713695,19.776385916180203,20.21184730529785,10323600
2015-10-06 00:00:00-04:00,20.14963640244999,20.14963640244999,19.967022696169234,20.03725814819336,7888000
2015-10-07 00:00:00-04:00,20.0773955937117,20.239940730321187,20.017192897402474,20.053314208984375,6531200
2015-10-08 00:00:00-04:00,19.97906496105083,20.264022662796492,19.906822335934265,20.237934112548828,7006400
2015-10-09 00:00:00-04:00,20.227900140872173,20.31017552338036,20.115521880177273,20.27806854248047,6959200
2015-10-12 00:00:00-04:00,20.2780691820533,20.4927898864684,20.26803488900791,20.35833740234375,7199200
2015-10-13 00:00:00-04:00,20.322218313077286,20.44061655368364,20.258002811211945,20.316198348999023,5058800
2015-10-14 00:00:00-04:00,20.334258019157105,20.420547735882252,20.205827026498955,20.25398826599121,4806800
2015-10-15 00:00:00-04:00,20.354321149900642,20.74362838252577,20.31819984449194,20.70951271057129,7179200
2015-10-16 00:00:00-04:00,20.825910148736178,20.922234169743827,20.695471976316426,20.801830291748047,6506800
2015-10-19 00:00:00-04:00,20.78978988433708,20.833938332407357,20.579083469935913,20.823904037475586,5102000
2015-10-20 00:00:00-04:00,20.771723449299813,20.962362744820208,20.709513596147012,20.858013153076172,5550000
2015-10-21 00:00:00-04:00,20.930261078260237,21.046650624851143,20.85199848183775,20.910192489624023,4666000
2015-10-22 00:00:00-04:00,20.964374280778426,21.24130333781923,20.906178744606855,21.21320915222168,6708000
2015-10-23 00:00:00-04:00,21.18310694006557,21.23929530897531,20.944306372199176,20.982433319091797,6844400
2015-10-26 00:00:00-04:00,21.02658474616278,21.02658474616278,20.723567106782827,20.83995819091797,9526400
2015-10-27 00:00:00-04:00,20.813871744263597,20.9282556663877,20.763703330507088,20.890127182006836,8413600
2015-10-28 00:00:00-04:00,20.890122491850775,21.130931742427705,20.372384210679424,20.659347534179688,7738400
2015-10-29 00:00:00-04:00,20.599150992594353,20.599150992594353,20.268039155630355,20.424564361572266,6790400
2015-10-30 00:00:00-04:00,20.436602383219213,20.67540450031072,20.374394045900253,20.60115623474121,8811200
2015-11-02 00:00:00-05:00,20.621222654215927,20.669383896746524,20.35031355983116,20.51486587524414,6752400
2015-11-03 00:00:00-05:00,20.418537587241023,20.565029980188054,20.34027501037087,20.530914306640625,5094800
2015-11-04 00:00:00-05:00,20.532924928256104,20.73359855012374,20.488776486482305,20.713531494140625,6002800
2015-11-05 00:00:00-05:00,20.677410861332746,20.771727711676853,20.476737232862146,20.48877716064453,6332400
2015-11-06 00:00:00-05:00,20.197797811498024,20.28208035465701,19.55564138352861,19.834577560424805,12281200
2015-11-09 00:00:00-05:00,19.79244290060546,19.924888253543333,19.71819462488443,19.8486328125,8559600
2015-11-10 00:00:00-05:00,19.842602579752125,19.971033545496706,19.794441350352376,19.866683959960938,6746400
2015-11-11 00:00:00-05:00,19.884747890259504,20.035253102378398,19.8205323943295,20.011173248291016,6978800
2015-11-12 00:00:00-05:00,20.00715306380135,20.386425964870924,19.960999002961376,20.213848114013672,13194000
2015-11-13 00:00:00-05:00,20.227900069096812,20.4024851262226,20.111509010334213,20.153650283813477,9647200
2015-11-16 00:00:00-05:00,20.16769841300081,20.504830149205134,20.095455788741443,20.49279022216797,6516800
2015-11-17 00:00:00-05:00,20.476739910581564,20.68343352997244,20.169709463834458,20.217870712280273,9685600
2015-11-18 00:00:00-05:00,20.217866182061083,20.32021015171739,19.776384853023828,20.007158279418945,19225200
2015-11-19 00:00:00-05:00,20.037263429218665,20.3182068423787,19.993114981734006,20.26603126525879,9274800
2015-11-20 00:00:00-05:00,20.260003303958037,20.442616986289035,20.181740734678414,20.272043228149414,7048400
2015-11-23 00:00:00-05:00,20.268035349250365,20.336263644250195,20.113517337562502,20.165691375732422,7028800
2015-11-24 00:00:00-05:00,20.080765500940153,20.204121783270935,19.9493201050158,20.103010177612305,6792800
2015-11-25 00:00:00-05:00,20.056492376880758,20.074691720088023,19.925047018858603,19.995824813842773,4389200
2015-11-27 00:00:00-05:00,20.044361504010308,20.161649772030525,20.024137952396817,20.09491729736328,2899600
2015-11-30 00:00:00-05:00,20.076714260531624,20.323426752541284,20.072670476345984,20.19400405883789,9398000
2015-12-01 00:00:00-05:00,20.228382848168724,20.416450452403296,20.15153860127084,20.337583541870117,7768800
2015-12-02 00:00:00-05:00,20.268826443842666,20.30927045559016,19.799668810507047,19.815845489501953,11379600
2015-12-03 00:00:00-05:00,19.71271923980141,19.81989729451958,19.45185111309685,19.498361587524414,10688800
2015-12-04 00:00:00-05:00,19.607554697290798,19.880555616974462,19.49835402084932,19.84617805480957,14046400
2015-12-07 00:00:00-05:00,19.82191453254686,19.961449014175212,19.763271170686025,19.933137893676758,11292400
2015-12-08 00:00:00-05:00,19.88662117630574,20.11715695595069,19.836065395553074,20.088844299316406,10960000
2015-12-09 00:00:00-05:00,19.97762788035226,20.183894842449092,19.81787138506649,19.971561431884766,13261200
2015-12-10 00:00:00-05:00,20.018070511916395,20.018070511916395,19.71473576683237,19.736980438232422,7222400
2015-12-11 00:00:00-05:00,19.59137733933781,19.76326824341324,19.476110210712715,19.698556900024414,7646800
2015-12-14 00:00:00-05:00,19.712712131156003,19.89673438408636,19.629799904180715,19.813823699951172,12201200
2015-12-15 00:00:00-05:00,19.91493733292747,20.074692270483133,19.823935985875476,19.963470458984375,10289600
2015-12-16 00:00:00-05:00,20.100976256432805,21.015023980846365,20.100976256432805,20.960424423217773,17483600
2015-12-17 00:00:00-05:00,20.960428873799234,21.118162676929188,20.831006186982858,20.911895751953125,9756400
2015-12-18 00:00:00-05:00,20.901786757110642,20.9098758689673,20.365895053619383,20.64900779724121,18991200
2015-12-21 00:00:00-05:00,20.784495678765605,20.82089590847505,20.52565028653857,20.687429428100586,9476000
2015-12-22 00:00:00-05:00,20.75819923199375,20.887621878279123,20.527665046870453,20.81077766418457,6698800
2015-12-23 00:00:00-05:00,20.845159528412637,21.093893101408106,20.82898130857099,21.02716064453125,6444800
2015-12-24 00:00:00-05:00,21.000869662999996,21.061537213130368,20.932114546169466,21.017047882080078,2211200
2015-12-28 00:00:00-05:00,20.966493758750698,21.045360654438507,20.88964952631745,21.02918243408203,6536800
2015-12-29 00:00:00-05:00,21.16265106201172,21.294096406315404,21.12625083655593,21.16265106201172,4443200
2015-12-30 00:00:00-05:00,21.16265629717352,21.286012561575905,21.12423339889855,21.215234756469727,5638400
2015-12-31 00:00:00-05:00,21.215234957432394,21.217256078425688,20.83505438439146,21.00896644592285,5744800
2016-01-04 00:00:00-05:00,20.802692634472542,20.960426419130343,20.695513086305628,20.94424819946289,7716400
2016-01-05 00:00:00-05:00,20.968520045399895,21.221298996500423,20.667206424843066,21.14849853515625,8915200
2016-01-06 00:00:00-05:00,21.008960830086114,21.16669462446513,20.930093932896607,21.07973861694336,6983200
2016-01-07 00:00:00-05:00,20.86740984946738,21.245566197985852,20.8350534010164,21.172765731811523,12870800
2016-01-08 00:00:00-05:00,21.207142893180148,21.415432496691786,21.182875559074233,21.26780891418457,14382000
2016-01-11 00:00:00-05:00,21.298141003606528,21.556986375472295,21.25567432942606,21.350719451904297,16397200
2016-01-12 00:00:00-05:00,21.389135282785485,21.451825489031997,21.0999562059907,21.31026840209961,8618800
2016-01-13 00:00:00-05:00,21.370947510413384,21.41341419662213,20.978634014712757,21.156591415405273,10292800
2016-01-14 00:00:00-05:00,21.195005611106033,21.59136275795108,21.108049604109823,21.372962951660156,9981600
2016-01-15 00:00:00-05:00,21.32240906292633,21.413408861724896,21.047385460229997,21.286008834838867,15260000
2016-01-19 00:00:00-05:00,21.32645360129217,21.888633721650738,21.25971959029818,21.801677703857422,15298400
2016-01-20 00:00:00-05:00,21.609566193362348,21.74707799873641,20.899762496296223,21.296119689941406,13866000
2016-01-21 00:00:00-05:00,21.320381090008375,21.3911588650969,21.002890890748592,21.241514205932617,8786400
2016-01-22 00:00:00-05:00,21.39520637997703,21.573162167383575,21.23544993252391,21.556983947753906,9400400
2016-01-25 00:00:00-05:00,21.581251659711896,21.64394033333806,21.328472759167745,21.520584106445312,8533200
2016-01-26 00:00:00-05:00,21.55698780816284,21.78550095854405,21.40734310688999,21.548898696899414,12272000
2016-01-27 00:00:00-05:00,21.613610895888733,21.799657376598603,21.478121748277637,21.58327865600586,10999600
2016-01-28 00:00:00-05:00,21.38712128174213,21.995811866791055,21.34060927729256,21.900768280029297,14686000
2016-01-29 00:00:00-05:00,22.121195259658723,22.620686800015562,22.00188431472972,22.59035301208496,24626400
2016-02-01 00:00:00-05:00,22.576186310526527,22.94018850040623,22.404296987521025,22.847166061401367,15117200
2016-02-02 00:00:00-05:00,22.659104984115377,23.067595075647635,22.648993209296567,23.035240173339844,11020400
2016-02-03 00:00:00-05:00,23.079725928290358,23.358794843049846,22.988726134336662,23.20510482788086,13532000
2016-02-04 00:00:00-05:00,23.037260875934823,23.247573137059366,22.760216147873997,22.956371307373047,11712800
2016-02-05 00:00:00-05:00,22.9118825478745,23.081749246162257,22.693481184784417,22.974571228027344,11007200
2016-02-08 00:00:00-05:00,22.980638217739106,23.17679491646727,22.810771515442656,23.08781623840332,10296800
2016-02-09 00:00:00-05:00,23.055462521807826,23.447774396579945,22.982662061986147,23.326440811157227,13775600
2016-02-10 00:00:00-05:00,22.774371277932307,23.077705997198553,22.529681456198354,23.0008602142334,13794400
2016-02-11 00:00:00-05:00,22.8572882125035,23.04535585156122,22.624731222273333,22.62877655029297,13052800
2016-02-12 00:00:00-05:00,22.673259565411655,22.715726240706957,22.365879521121634,22.582258224487305,11447200
2016-02-16 00:00:00-05:00,22.739988619713376,22.843122840154916,22.48923238960368,22.71976661682129,9395200
2016-02-17 00:00:00-05:00,22.701569402289877,22.703590522780345,22.501367389248415,22.533723831176758,10793200
2016-02-18 00:00:00-05:00,22.61664135695746,23.21117804314418,22.58630911202184,23.12017822265625,13084800
2016-02-19 00:00:00-05:00,23.15454904394212,23.346660405773292,22.972547913194646,23.20510482788086,13488000
2016-02-22 00:00:00-05:00,23.275887015756375,23.56506621625178,23.205109213433804,23.397220611572266,10462000
2016-02-23 00:00:00-05:00,23.32239646380441,23.56708629230412,23.225328672105583,23.482152938842773,9229200
2016-02-24 00:00:00-05:00,23.36194015139762,23.657376579468636,23.321189280793046,23.634963989257812,13355200
2016-02-25 00:00:00-05:00,23.710344564704837,23.834631961067736,23.455657531909768,23.60235595703125,8776400
2016-02-26 00:00:00-05:00,23.492340216516006,23.59625144067934,22.858678547147665,22.925914764404297,9756800
2016-02-29 00:00:00-05:00,22.895352828920547,23.21523977450836,22.830152991427706,22.98703956604004,10503600
2016-03-01 00:00:00-05:00,23.11132374012767,23.170411327411934,22.811811494525546,22.942211151123047,9832800
2016-03-02 00:00:00-05:00,22.868860029528463,22.9951853707559,22.277985740121945,22.893310546875,11023600
2016-03-03 00:00:00-05:00,22.917765212649222,22.929989696292065,22.40431513683561,22.74254035949707,13735600
2016-03-04 00:00:00-05:00,22.659004862219536,23.337491763597484,22.544905523064173,23.28655433654785,11726400
2016-03-07 00:00:00-05:00,23.239684869858518,23.376198318461714,23.123547630097264,23.31914710998535,8543200
2016-03-08 00:00:00-05:00,23.327300123972748,23.573837047021797,23.262100289401815,23.522899627685547,8272400
2016-03-09 00:00:00-05:00,23.500487799550324,23.718501453673976,23.500487799550324,23.687938690185547,7436400
2016-03-10 00:00:00-05:00,23.804074735436426,23.83259956537631,23.33544986444698,23.571800231933594,6253200
2016-03-11 00:00:00-05:00,23.692010332571268,23.71238498777414,23.50659894939264,23.598285675048828,6350000
2016-03-14 00:00:00-04:00,23.681819741390694,23.791843171610232,23.48825666377467,23.60235595703125,6013600
2016-03-15 00:00:00-04:00,23.604404225741288,23.77147893024324,23.492342814927632,23.553466796875,9315600
2016-03-16 00:00:00-04:00,23.541238128079343,23.944661622498863,23.3171137917922,23.863162994384766,7542000
2016-03-17 00:00:00-04:00,23.89576147020088,24.154524426175772,23.738874905508844,24.109699249267578,8162800
2016-03-18 00:00:00-04:00,24.193236187614456,24.221761018007097,23.954849438838817,24.144336700439453,21650800
2016-03-21 00:00:00-04:00,24.015980504145343,24.12192967654804,23.75925541689858,23.95485496520996,6316800
2016-03-22 00:00:00-04:00,23.9120607159877,24.075061069149942,23.781661055252535,23.846860885620117,5932000
2016-03-23 00:00:00-04:00,23.777590032122585,24.062839930984698,23.72054036324754,23.97930335998535,6684000
2016-03-24 00:00:00-04:00,23.938547411310513,24.168785524801542,23.895760168724898,24.140260696411133,9832000
2016-03-28 00:00:00-04:00,24.113774771434322,24.225837719340394,23.91206301969011,23.95688819885254,5526400
2016-03-29 00:00:00-04:00,24.0322733432127,24.272698019878888,23.875386778750574,24.248249053955078,5559200
2016-03-30 00:00:00-04:00,24.276774301254807,24.321599478868006,24.062836518823335,24.144336700439453,5168000
2016-03-31 00:00:00-04:00,24.091361640578647,24.205462518015825,24.011899390025746,24.111736297607422,8025600
2016-04-01 00:00:00-04:00,24.06080078887718,24.244175825674517,23.932439040362453,24.18712615966797,8320800
2016-04-04 00:00:00-04:00,24.252328938509937,24.282891707427034,24.03024248972059,24.189167022705078,5239600
2016-04-05 00:00:00-04:00,24.10358488647473,24.225834368973945,23.665522815906574,23.70627212524414,8802800
2016-04-06 00:00:00-04:00,23.700168391140043,23.78574290415663,23.54939402708885,23.779630661010742,6557200
2016-04-07 00:00:00-04:00,23.710350541255803,23.901874181143437,23.63292466889852,23.673675537109375,5359600
2016-04-08 00:00:00-04:00,23.6329302462293,23.928368281155805,23.6329302462293,23.800004959106445,4268800
2016-04-11 00:00:00-04:00,23.85093860925884,23.967075872304175,23.641076673798565,23.681827545166016,4226000
2016-04-12 00:00:00-04:00,23.732764487963465,23.891688996861582,23.649226369216795,23.848901748657227,5726400
2016-04-13 00:00:00-04:00,23.91817276768521,23.958922078409614,23.586061377270283,23.73276138305664,4754400
2016-04-14 00:00:00-04:00,23.669605469022688,23.82445569716876,23.43121866094045,23.665531158447266,6168000
2016-04-15 00:00:00-04:00,23.736837580891365,23.960961916680557,23.665525504206627,23.92632484436035,6431600
2016-04-18 00:00:00-04:00,23.926319894349614,23.995594024658203,23.73072042970103,23.995594024658203,5816000
2016-04-19 00:00:00-04:00,24.058767105014383,24.123966952677552,23.883542222953306,24.062841415405273,7352000
2016-04-20 00:00:00-04:00,24.054686478439695,24.107661829956577,23.520863317146564,23.535125732421875,5898800
2016-04-21 00:00:00-04:00,23.478079898148668,23.48215420839713,22.909618017541444,23.005380630493164,9754800
2016-04-22 00:00:00-04:00,23.11539868306648,23.335448692540346,23.072611440305433,23.31711196899414,6966800
2016-04-25 00:00:00-04:00,23.29062813730716,23.32322883605957,23.196903460124283,23.32322883605957,4530800
2016-04-26 00:00:00-04:00,23.374162072328126,23.561611393094797,23.26821137486063,23.537160873413086,7878000
2016-04-27 00:00:00-04:00,23.569762517725792,24.046536012114885,23.512712857318892,23.816299438476562,10262400
2016-04-28 00:00:00-04:00,23.59421811790182,23.987455138349752,23.457704624553955,23.730730056762695,8615200
2016-04-29 00:00:00-04:00,23.677750572378052,23.991525272028337,23.46177640494459,23.95688819885254,9361200
2016-05-02 00:00:00-04:00,24.00782213533381,24.197309375981394,23.89575920369247,24.054683685302734,7651600
2016-05-03 00:00:00-04:00,24.111732339584233,24.23601974789025,23.92835890193995,24.128032684326172,5263200
2016-05-04 00:00:00-04:00,24.046537165927557,24.53961258557474,23.98948750278327,24.339937210083008,6705600
2016-05-05 00:00:00-04:00,24.331783987620724,24.539609511021407,24.034309671005378,24.215646743774414,8386400
2016-05-06 00:00:00-04:00,24.258438826469387,24.266589001021888,23.94058979135611,24.142301559448242,5848800
2016-05-09 00:00:00-04:00,24.17286513972437,24.264551886176722,24.068952353787974,24.22380256652832,4924800
2016-05-10 00:00:00-04:00,24.303265577443778,24.447927687489642,24.227879178320794,24.368465423583984,4637200
2016-05-11 00:00:00-04:00,24.403093833825825,24.521268998756312,24.144332473568348,24.386795043945312,5758800
2016-05-12 00:00:00-04:00,24.42347721231434,24.733176073781873,24.301226148155745,24.684276580810547,7977200
2016-05-13 00:00:00-04:00,24.635377295716488,24.72095179776011,24.388838787540013,24.604814529418945,5877200
2016-05-16 00:00:00-04:00,24.51923456595918,24.75762286150539,24.41124748946996,24.751510620117188,5292800
2016-05-17 00:00:00-04:00,24.674083691998522,24.71279662511176,24.233985231576327,24.405134201049805,8535200
2016-05-18 00:00:00-04:00,24.284927640982517,24.615001165555046,23.922253417718597,24.046539306640625,9197200
2016-05-19 00:00:00-04:00,23.86520233775046,24.134151885615573,23.73684058348082,24.12600326538086,8242800
2016-05-20 00:00:00-04:00,24.16471190819191,24.323636410999246,24.015975511251387,24.31344985961914,8964400
2016-05-23 00:00:00-04:00,24.33789869366776,24.34808679947896,24.01597538015567,24.040424346923828,4948400
2016-05-24 00:00:00-04:00,24.093396244020227,24.46422054686501,24.058759176407904,24.42754554748535,7466000
2016-05-25 00:00:00-04:00,24.368463057919172,24.443851004210522,24.217688719823265,24.26658821105957,5688000
2016-05-26 00:00:00-04:00,24.262482659163513,24.609353949630762,24.260429730826438,24.592933654785156,4618800
2016-05-27 00:00:00-04:00,24.609350456694585,24.64834669401107,24.467728174122083,24.597034454345703,4366800
2016-05-31 00:00:00-04:00,24.597037559640267,24.808445329128343,24.516990580930653,24.654508590698242,13375600
2016-06-01 00:00:00-04:00,24.65450829317014,24.800234882547628,24.54983087384177,24.66066551208496,6606800
2016-06-02 00:00:00-04:00,24.59499101976832,24.67093215675849,24.363058619531426,24.590885162353516,5515600
2016-06-03 00:00:00-04:00,24.80434112538792,25.116320479647012,24.761239023666388,24.99932861328125,7846400
2016-06-06 00:00:00-04:00,25.05679580202045,25.184049167163053,24.870018478965356,24.989063262939453,5638800
2016-06-07 00:00:00-04:00,25.046534770741264,25.138897758641935,24.849495922182303,24.85770606994629,6731600
2016-06-08 00:00:00-04:00,24.828973048485217,25.243575360650382,24.800238312291874,25.22920799255371,7323600
2016-06-09 00:00:00-04:00,25.239471585766584,25.47961255712019,25.21894699748371,25.446773529052734,5551600
2016-06-10 00:00:00-04:00,25.4344510403446,25.625332637980282,25.270252810008458,25.415979385375977,5889600
2016-06-13 00:00:00-04:00,25.424187404919177,25.520653093783228,25.319510004411164,25.366716384887695,4673200
2016-06-14 00:00:00-04:00,25.393407222574083,25.66022999029023,25.220997243594223,25.652021408081055,6342400
2016-06-15 00:00:00-04:00,25.58018240574378,25.592498410621083,25.309253787327208,25.41803550720215,7671200
2016-06-16 00:00:00-04:00,25.485758731832753,25.670483078173024,25.41802621052048,25.625328063964844,6134800
2016-06-17 00:00:00-04:00,25.662287445385044,25.70333819330008,25.39546463060393,25.676654815673828,11624400
2016-06-20 00:00:00-04:00,25.63559859644848,25.676647767169182,25.28872730993427,25.500133514404297,6514000
2016-06-21 00:00:00-04:00,25.561706626642557,25.649963745395315,25.362614877414803,25.506288528442383,7440400
2016-06-22 00:00:00-04:00,25.532975224176536,25.55965702972331,25.346197887572444,25.376985549926758,5465200
2016-06-23 00:00:00-04:00,25.395457949546152,25.411876678466797,25.239468280358736,25.411876678466797,5585600
2016-06-24 00:00:00-04:00,25.067063029209805,25.674599959411474,24.886444449720383,25.40983009338379,16309600
2016-06-27 00:00:00-04:00,25.42008504678328,26.317023624428913,25.42008504678328,26.247238159179688,13596000
2016-06-28 00:00:00-04:00,26.175402144313164,26.386808342966905,25.920893847810884,26.36628532409668,10236400
2016-06-29 00:00:00-04:00,26.44427881134882,26.536640229400746,26.126143820116795,26.220558166503906,9655200
2016-06-30 00:00:00-04:00,26.265711821508344,26.770622550789493,26.146667039097533,26.76446533203125,12484800
2016-07-01 00:00:00-04:00,26.943032563489027,26.943032563489027,26.390912345497394,26.6269474029541,6346800
2016-07-05 00:00:00-04:00,26.624903898759513,26.95330359304454,26.581800225292113,26.860939025878906,10086000
2016-07-06 00:00:00-04:00,26.819884797680306,27.088760469977334,26.57358663926285,26.865039825439453,9991600
2016-07-07 00:00:00-04:00,26.784993359281877,26.848620045475954,26.265713661945032,26.339603424072266,7687600
2016-07-08 00:00:00-04:00,26.290340004362918,26.678260435173307,25.996835478444552,26.667997360229492,7956400
2016-07-11 00:00:00-04:00,26.561270619307233,26.629003156912262,26.290340468887127,26.61874008178711,5507600
2016-07-12 00:00:00-04:00,26.487382142468018,26.680316689477632,26.119986271381332,26.134353637695312,9178400
2016-07-13 00:00:00-04:00,26.245187034930083,26.384756400768897,26.150772694204623,26.306760787963867,8285600
2016-07-14 00:00:00-04:00,26.124091113671508,26.292396788225403,25.9722073000131,26.115880966186523,9823200
2016-07-15 00:00:00-04:00,26.17746070379163,26.331395905835983,26.085097703454085,26.185670852661133,5394000
2016-07-18 00:00:00-04:00,26.21850183643898,26.409383432782388,26.187714179107726,26.323179244995117,8186400
2016-07-19 00:00:00-04:00,26.253397111418074,26.335495448576193,26.117932036441452,26.290340423583984,6388800
2016-07-20 00:00:00-04:00,26.38886629243611,26.405283456941554,26.097411512843706,26.109725952148438,6747200
2016-07-21 00:00:00-04:00,26.066626533924158,26.366291492565086,25.941424501676124,26.325239181518555,6518000
2016-07-22 00:00:00-04:00,26.273922764076175,26.71315548879745,26.2205591527581,26.64337158203125,6752800
2016-07-25 00:00:00-04:00,26.53869231930379,26.64131680380856,26.401175885889483,26.57769012451172,5101600
2016-07-26 00:00:00-04:00,26.557166905367573,26.602321934080443,26.271870932236858,26.360126495361328,7142000
2016-07-27 00:00:00-04:00,26.304712452677123,26.413494171554337,25.769012440233166,26.10151481628418,9644000
2016-07-28 00:00:00-04:00,26.07072639882852,26.29239725299048,25.974260687507165,26.1528263092041,7392800
2016-07-29 00:00:00-04:00,26.122037109354835,26.376545407204098,26.122037109354835,26.331390380859375,9340000
2016-08-01 00:00:00-04:00,26.312917327892908,26.43811932486819,26.251343576447514,26.374492645263672,8235600
2016-08-02 00:00:00-04:00,26.220553289226746,26.337546693688015,26.033775993604593,26.1959228515625,6613200
2016-08-03 00:00:00-04:00,26.18771593621093,26.366284673898594,26.078934230143563,26.290340423583984,20291600
2016-08-04 00:00:00-04:00,26.239030211666048,26.3519177828878,26.076884887075575,26.15898323059082,9086000
2016-08-05 00:00:00-04:00,26.02146273750174,26.099458344012103,25.719746517617576,25.859315872192383,7072800
2016-08-08 00:00:00-04:00,25.910628111875397,26.06867068701724,25.77516461339339,25.859315872192383,7976400
2016-08-09 00:00:00-04:00,25.865476975421295,25.986574693543325,25.7895358514762,25.87574005126953,6860800
2016-08-10 00:00:00-04:00,25.900368202344566,25.972205029150274,25.79158649804944,25.937313079833984,4592400
2016-08-11 00:00:00-04:00,25.937315801980596,26.08509376152233,25.881897696967595,26.07072639465332,6036000
2016-08-12 00:00:00-04:00,26.128193108850155,26.21234436776474,26.0112012648492,26.023515701293945,6001600
2016-08-15 00:00:00-04:00,26.09125441259902,26.128199296607946,25.71359542429382,25.721805572509766,4743200
2016-08-16 00:00:00-04:00,25.69922026335238,25.69922026335238,25.448816299438477,25.448816299438477,6435200
2016-08-17 00:00:00-04:00,25.446767079984607,25.861369295557033,25.2476753356533,25.82032012939453,8080000
2016-08-18 00:00:00-04:00,25.71770379490669,26.07483666461389,25.71770379490669,26.05841636657715,10607600
2016-08-19 00:00:00-04:00,25.976308252956937,25.976308252956937,25.532971307213177,25.67254066467285,9796400
2016-08-22 00:00:00-04:00,25.74848461330805,25.799796859700393,25.60070665907551,25.66433334350586,6145200
2016-08-23 00:00:00-04:00,25.721800570909103,25.805953399314795,25.496027019612043,25.506288528442383,4941600
2016-08-24 00:00:00-04:00,25.44061201215952,25.549395293639606,25.340040444221902,25.48166275024414,4933200
2016-08-25 00:00:00-04:00,25.52065801142082,25.62533543209938,25.45908425555292,25.555551528930664,4957600
2016-08-26 00:00:00-04:00,25.61756506387104,25.82219096502187,25.11116559285229,25.138036727905273,7512400
2016-08-29 00:00:00-04:00,25.189705478376023,25.46254048941077,25.135964794960984,25.286849975585938,8560400
2016-08-30 00:00:00-04:00,25.27031623314474,25.410867700919784,25.020217599313796,25.055355072021484,6802400
2016-08-31 00:00:00-04:00,25.04501513155473,25.14836173347774,24.931334815605823,24.99747657775879,8194000
2016-09-01 00:00:00-04:00,24.95820866340448,25.05948790918984,24.848661498807868,25.0098819732666,8328800
2016-09-02 00:00:00-04:00,25.21864456231602,25.565889294870857,25.073958337200608,25.45013999938965,9426000
2016-09-06 00:00:00-04:00,25.578283469667632,25.896591186523438,25.53901125709213,25.896591186523438,9724000
2016-09-07 00:00:00-04:00,26.241777590279714,26.241777590279714,25.716776490838722,25.84906005859375,9802400
2016-09-08 00:00:00-04:00,25.685767754228415,25.99580760835351,25.685767754228415,25.915197372436523,6993600
2016-09-09 00:00:00-04:00,25.702306529344543,25.743646127452866,24.958211109783363,24.980947494506836,10747200
2016-09-12 00:00:00-04:00,25.009887519495056,25.54315657399728,24.9375451850342,25.48321533203125,10174000
2016-09-13 00:00:00-04:00,25.38192626634025,25.468737034184244,25.028479497222254,25.121492385864258,7679200
2016-09-14 00:00:00-04:00,25.216576550040237,25.406733961950945,25.11736309598784,25.237245559692383,7883600
2016-09-15 00:00:00-04:00,25.21657539843895,25.431536558281906,25.09669294020925,25.367462158203125,5134400
2016-09-16 00:00:00-04:00,25.268248695742876,25.534883165692005,25.158701530395525,25.489410400390625,13406000
2016-09-19 00:00:00-04:00,25.55761834302335,25.813917508064225,25.510078206010956,25.782913208007812,4990400
2016-09-20 00:00:00-04:00,25.80358367012251,25.993742651945986,25.80358367012251,25.851123809814453,8329600
2016-09-21 00:00:00-04:00,25.87385713749134,26.429862399504188,25.846987586804303,26.423660278320312,7809600
2016-09-22 00:00:00-04:00,26.541477019165054,26.636554133765053,26.39265764911545,26.462932586669922,6233200
2016-09-23 00:00:00-04:00,25.952406392085567,26.392664064996723,25.64030069080172,26.19837188720703,9808400
2016-09-26 00:00:00-04:00,26.1570288401051,26.24590699192258,26.00407471478112,26.09088706970215,5540800
2016-09-27 00:00:00-04:00,26.268641543609334,26.57868138506668,26.15702858839557,26.206634521484375,9823200
2016-09-28 00:00:00-04:00,26.316182518679593,26.343052071429156,25.902796050225977,26.142560958862305,6843200
2016-09-29 00:00:00-04:00,26.02060986800616,26.030945159993674,25.369525896396745,25.567951202392578,11084800
2016-09-30 00:00:00-04:00,25.691968117032488,25.811848987276004,25.166967144089718,25.28271484375,12255200
2016-10-03 00:00:00-04:00,25.311655100630457,25.357127867752673,24.852795835225308,25.036752700805664,6773600
2016-10-04 00:00:00-04:00,25.038819062714705,25.038819062714705,24.410471421490588,24.57582664489746,9205200
2016-10-05 00:00:00-04:00,24.61096432626978,24.83419340668061,24.474547606203807,24.50141716003418,8268800
2016-10-06 00:00:00-04:00,24.414608844213106,24.61923473346571,24.290591624598722,24.396005630493164,10979600
2016-10-07 00:00:00-04:00,24.78045011701811,25.47700683885508,24.734977356128365,25.162832260131836,19343200
2016-10-10 00:00:00-04:00,25.187634981515178,25.410864029305472,25.06155199583422,25.377792358398438,8225600
2016-10-11 00:00:00-04:00,25.247583008043073,25.315792164967185,24.964412663110668,25.040889739990234,7655600
2016-10-12 00:00:00-04:00,25.08015767366222,25.45220614666075,25.053288119424007,25.41913604736328,7682400
2016-10-13 00:00:00-04:00,25.408799739463614,25.871792149746312,25.32405475518702,25.760177612304688,8133200
2016-10-14 00:00:00-04:00,25.70230357662966,25.844922414066396,25.607224877319915,25.63616180419922,5538000
2016-10-17 00:00:00-04:00,25.702303822841316,25.727107579094426,25.551418642231607,25.642362594604492,4531600
2016-10-18 00:00:00-04:00,25.838721251076127,25.929665200401885,25.561751501501323,25.859390258789062,5262800
2016-10-19 00:00:00-04:00,25.815983457293232,25.913129522868463,25.656828795027053,25.749841690063477,6226400
2016-10-20 00:00:00-04:00,25.749848475577153,25.962742295669493,25.6113643603445,25.656835556030273,7426000
2016-10-21 00:00:00-04:00,25.532817733744576,25.66923604002458,25.400534175685156,25.570022583007812,4504800
2016-10-24 00:00:00-04:00,25.673368156783468,25.741577307121823,25.524548765843182,25.708505630493164,5948000
2016-10-25 00:00:00-04:00,25.658897666395312,25.960669595553533,25.609291732313686,25.944133758544922,5546800
2016-10-26 00:00:00-04:00,25.95447579916775,26.150833789630113,25.807723755684737,26.084692001342773,5264000
2016-10-27 00:00:00-04:00,26.012343001381815,26.126024910063546,25.698169981757008,25.86145782470703,6072400
2016-10-28 00:00:00-04:00,25.90486168784372,26.1363570854175,25.818050913753552,25.987539291381836,7975200
2016-10-31 00:00:00-04:00,26.260381443512188,26.55181972068135,25.99581272462217,26.45673942565918,12201200
2016-11-01 00:00:00-04:00,26.4960078151506,26.514609450431596,25.92966718344951,26.020612716674805,6615200
2016-11-02 00:00:00-04:00,25.485275120575782,25.68783359677337,25.25584551604494,25.563817977905273,24144400
2016-11-03 00:00:00-04:00,25.567960189840406,25.710579069290738,25.40880704511988,25.59689712524414,8894000
2016-11-04 00:00:00-04:00,25.718840570858013,25.774647053222886,25.454273469235495,25.460474014282227,8741600
2016-11-07 00:00:00-05:00,25.58862778412631,25.768449922082244,25.38193451148214,25.76638412475586,11381600
2016-11-08 00:00:00-05:00,25.776718841775626,25.92553825616138,25.650635814417946,25.871797561645508,8492000
2016-11-09 00:00:00-05:00,25.04501481749668,25.04501481749668,24.013616184782872,24.28438377380371,28179200
2016-11-10 00:00:00-05:00,24.13970162683644,24.166571178041323,23.221983215005153,23.782121658325195,29856000
2016-11-11 00:00:00-05:00,23.67877530884005,23.87926798904094,23.308794247521405,23.46794891357422,16962000
2016-11-14 00:00:00-05:00,23.337734132966915,23.67877671226224,22.83753530124155,23.653974533081055,26612000
2016-11-15 00:00:00-05:00,23.625033805014322,23.839993349072685,23.51135191224346,23.77591896057129,17999600
2016-11-16 00:00:00-05:00,23.82759259930214,23.893734362321847,23.393537180926305,23.622966766357422,16990000
2016-11-17 00:00:00-05:00,23.544428676635732,23.798660489019063,23.540293928579874,23.72425079345703,8694400
2016-11-18 00:00:00-05:00,23.904069362715525,23.904069362715525,23.451410741243937,23.581626892089844,12270400
2016-11-21 00:00:00-05:00,23.653969647306948,23.693240281880485,23.498949751667194,23.635366439819336,9200000
2016-11-22 00:00:00-05:00,23.708269119262695,23.895719510548403,23.658281288897197,23.708269119262695,10324800
2016-11-23 00:00:00-05:00,23.514573320929486,23.70827181578318,23.479166462168976,23.62287712097168,9386000
2016-11-25 00:00:00-05:00,23.727011877717757,23.987359185687012,23.720763796571912,23.901966094970703,4609200
2016-11-28 00:00:00-05:00,24.004028662971933,24.29770127312524,23.951959186479584,24.222721099853516,18561200
2016-11-29 00:00:00-05:00,24.222713573764555,24.687172269907993,24.197719660761578,24.424741744995117,12683200
2016-11-30 00:00:00-05:00,24.13523352171602,24.158144209335045,23.77699700147082,23.791576385498047,13353200
2016-12-01 00:00:00-05:00,23.643695012058444,23.727006449355045,23.4583278983161,23.52497673034668,12088800
2016-12-02 00:00:00-05:00,23.681199946036656,23.933217639055414,23.662455695120194,23.829078674316406,8462800
2016-12-05 00:00:00-05:00,23.80824165612095,24.035265349704297,23.572888246491683,23.951953887939453,10162800
2016-12-06 00:00:00-05:00,23.9144626561918,24.08108557168519,23.84156572655115,23.899883270263672,11771600
2016-12-07 00:00:00-05:00,23.956119576077093,24.514304323499307,23.91029978010097,24.51013946533203,10788800
2016-12-08 00:00:00-05:00,24.322692456506992,24.499728350415673,24.23104967371623,24.34143829345703,8990000
2016-12-09 00:00:00-05:00,24.366427984026217,24.447656227595797,24.106080642063702,24.26228904724121,11916000
2016-12-12 00:00:00-05:00,24.17897836010214,24.533051710015208,24.131075337494604,24.462236404418945,16726000
2016-12-13 00:00:00-05:00,24.474737569749067,24.822561296954124,24.4684894867148,24.789236068725586,9606800
2016-12-14 00:00:00-05:00,24.928778785514126,25.082903964487986,24.16023293620766,24.166481018066406,10513600
2016-12-15 00:00:00-05:00,24.156070747031045,24.37892802914312,23.920715710786535,24.3747615814209,10830800
2016-12-16 00:00:00-05:00,24.4184963404261,24.824639128812752,24.393504013717628,24.764238357543945,15695200
2016-12-19 00:00:00-05:00,24.889202475822334,24.928775774860497,24.641351331798205,24.83088493347168,5144400
2016-12-20 00:00:00-05:00,24.835049779891445,24.972513920255853,24.735077304202647,24.84754753112793,6166000
2016-12-21 00:00:00-05:00,24.80380740649274,24.95168607245652,24.68300746596672,24.701751708984375,6073200
2016-12-22 00:00:00-05:00,24.71008566795226,24.78923068425242,24.610113183050373,24.764238357543945,5002800
2016-12-23 00:00:00-05:00,24.762158171451304,24.839221562668154,24.689261227886277,24.83297348022461,3570400
2016-12-27 00:00:00-05:00,24.801730364012197,24.905869304147583,24.69550820014455,24.83713722229004,2621600
2016-12-28 00:00:00-05:00,24.851717357172184,24.924614299650774,24.674681471428702,24.71217155456543,5213200
2016-12-29 00:00:00-05:00,24.832972751613557,25.04749871739671,24.68509405596223,25.03083610534668,4048000
2016-12-30 00:00:00-05:00,25.03708111994322,25.149551353949306,24.805892570436374,24.88087272644043,5696000
2017-01-03 00:00:00-05:00,24.897535292517723,24.920445983980425,24.535132265160208,24.726747512817383,6101200
2017-01-04 00:00:00-05:00,24.832965870383198,24.95376580168681,24.6975849658006,24.799640655517578,8541600
2017-01-05 00:00:00-05:00,24.947523089457878,24.947523089457878,24.524719266330493,24.785066604614258,6155200
2017-01-06 00:00:00-05:00,24.66218530672785,24.81214405024059,24.578873834309103,24.71217155456543,8810000
2017-01-09 00:00:00-05:00,24.810061671029352,24.891289917215897,24.59761734328444,24.649686813354492,6061200
2017-01-10 00:00:00-05:00,24.60386198049559,24.72466351551206,24.437240653021675,24.697587966918945,6372800
2017-01-11 00:00:00-05:00,24.626772312976755,24.912113536909292,24.626772312976755,24.870458602905273,5600000
2017-01-12 00:00:00-05:00,24.907944452177798,24.978759739325486,24.75590252903486,24.88920021057129,6534000
2017-01-13 00:00:00-05:00,24.847548283600418,24.87254060876255,24.551792527232717,24.79547882080078,5775200
2017-01-17 00:00:00-05:00,24.86837770895752,25.053744883996643,24.82255632384061,25.039165496826172,6962000
2017-01-18 00:00:00-05:00,25.0391632197796,25.195371606272285,24.96001662030829,24.999589920043945,5786400
2017-01-19 00:00:00-05:00,24.862131532229,25.043332273941576,24.75382614292034,24.843385696411133,4725600
2017-01-20 00:00:00-05:00,24.8850376124317,24.916278017945398,24.64968263066948,24.839216232299805,5106000
2017-01-23 00:00:00-05:00,24.895447101069102,24.97667532221524,24.714246418066327,24.739238739013672,9114800
2017-01-24 00:00:00-05:00,24.73090782933887,24.83921318528008,24.653846053146424,24.745487213134766,4850400
2017-01-25 00:00:00-05:00,24.626779553697325,24.803815458816985,24.599703997537393,24.789236068725586,6880400
2017-01-26 00:00:00-05:00,24.722581458277755,24.84546622253158,24.558043346482968,24.732995986938477,5508000
2017-01-27 00:00:00-05:00,24.985010183519595,25.37657196144659,24.85379571275961,25.278682708740234,12540400
2017-01-30 00:00:00-05:00,25.341167481764547,25.747310272393044,25.314091931336247,25.503623962402344,11280000
2017-01-31 00:00:00-05:00,25.501541572787694,25.891020152263284,25.44322402649406,25.768136978149414,8781200
2017-02-01 00:00:00-05:00,25.559857541888082,25.74938955564715,25.428641481790255,25.539030075073242,8219600
2017-02-02 00:00:00-05:00,25.609842709662495,25.72647779017781,25.434890088889514,25.71398162841797,5004800
2017-02-03 00:00:00-05:00,25.80562785163525,26.011822493537775,25.732730916521636,25.870193481445312,8227200
2017-02-06 00:00:00-05:00,25.90976484633348,25.999324385355177,25.72856254486152,25.79729461669922,4192800
2017-02-07 00:00:00-05:00,25.841032784654256,25.959751095587002,25.77230071278954,25.895185470581055,6258800
2017-02-08 00:00:00-05:00,25.876440837064866,26.330486634647055,25.876440837064866,26.30549430847168,8594400
2017-02-09 00:00:00-05:00,26.305494651909832,26.305494651909832,25.863945011650568,25.961835861206055,6426000
2017-02-10 00:00:00-05:00,25.930593891534784,26.149286282860114,25.87852442588913,26.13262367248535,4821200
2017-02-13 00:00:00-05:00,26.138872540186323,26.26800539092316,26.063892380279004,26.243011474609375,3542800
2017-02-14 00:00:00-05:00,26.038898463965218,26.26175572006919,25.934759529542166,26.243011474609375,6450400
2017-02-15 00:00:00-05:00,26.045148490830623,26.232597304127133,25.943091189596505,26.095134735107422,7062000
2017-02-16 00:00:00-05:00,26.13887669788638,26.28675381760465,26.08472399844323,26.282588958740234,4990000
2017-02-17 00:00:00-05:00,26.386718013981888,26.445035550418776,26.234674503385417,26.4221248626709,9351200
2017-02-21 00:00:00-05:00,26.330487896928553,26.76162461252996,26.24301157305321,26.71371841430664,6306800
2017-02-22 00:00:00-05:00,26.655403533158815,26.80119582315233,26.542933288322892,26.751211166381836,8544400
2017-02-23 00:00:00-05:00,26.815769621902863,27.00321839075136,26.70121618402107,26.90324592590332,7606400
2017-02-24 00:00:00-05:00,27.04240065144573,27.48523712158203,26.96894310520303,27.48523712158203,10271600
2017-02-27 00:00:00-05:00,27.508322330106058,27.508322330106058,27.11165544025662,27.2564697265625,7332800
2017-02-28 00:00:00-05:00,27.275360829267076,27.594368575209263,27.189311296736843,27.493629455566406,8994400
2017-03-01 00:00:00-05:00,27.191414978729007,27.33832689492358,26.992034292290686,27.159934997558594,9072000
2017-03-02 00:00:00-05:00,27.159934253044216,27.627954774105866,27.073884703617782,27.481042861938477,6120400
2017-03-03 00:00:00-05:00,27.43066565032819,27.493628799517133,27.24387700261223,27.4516544342041,5286000
2017-03-06 00:00:00-05:00,27.388691278219095,27.49153119528348,27.233382603916745,27.418073654174805,8208400
2017-03-07 00:00:00-05:00,27.361408887978694,27.51881517343217,27.334127309491997,27.42017364501953,7964400
2017-03-08 00:00:00-05:00,27.183013912156177,27.3089370046621,27.0486940253533,27.166223526000977,6328000
2017-03-09 00:00:00-05:00,27.212398954241273,27.321531671287435,27.013018303071103,27.021411895751953,5044400
2017-03-10 00:00:00-05:00,27.241774597350066,27.31942731959633,27.075971560333493,27.296340942382812,5922800
2017-03-13 00:00:00-04:00,27.302642673498344,27.42437057871044,27.16832277851239,27.380298614501953,5837200
2017-03-14 00:00:00-04:00,27.35301590435712,27.487335809504714,27.29005274828563,27.40338706970215,5369600
2017-03-15 00:00:00-04:00,27.460043395141746,27.83572142706626,27.361401891950724,27.682510375976562,8121200
2017-03-16 00:00:00-04:00,27.62165746980143,27.65523824883192,27.195611343475047,27.26276969909668,10442800
2017-03-17 00:00:00-04:00,27.308942956960863,27.65733634013048,27.302646961085216,27.332029342651367,18648400
2017-03-20 00:00:00-04:00,27.434870220509872,27.531410962207886,27.187215965294175,27.26067352294922,7566800
2017-03-21 00:00:00-04:00,27.32992833591856,27.774862401976762,27.19770603414356,27.672025680541992,9536400
2017-03-22 00:00:00-04:00,27.70560456073215,27.955356385895662,27.657334195282473,27.7895565032959,5535200
2017-03-23 00:00:00-04:00,27.806341146408844,27.93856022466375,27.655230883455953,27.722389221191406,6200400
2017-03-24 00:00:00-04:00,27.697207988488618,27.972143765628637,27.644739230944683,27.87140464782715,5728000
2017-03-27 00:00:00-04:00,27.923873590997385,27.934367983063698,27.418073996326168,27.514617919921875,8160000
2017-03-28 00:00:00-04:00,27.441159774384737,27.6111580338282,27.39078861503755,27.548194885253906,5511200
2017-03-29 00:00:00-04:00,27.399188995361328,27.499928124801215,27.32992984310916,27.399188995361328,4426800
2017-03-30 00:00:00-04:00,27.292145697056633,27.405479999168097,26.81782931333154,26.891286849975586,13592400
2017-03-31 00:00:00-04:00,26.876595366880764,27.13264315526945,26.826225808889024,26.9416561126709,9346000
2017-04-03 00:00:00-04:00,26.968941068262215,27.02560822244259,26.673016510523215,27.015113830566406,6970000
2017-04-04 00:00:00-04:00,27.059184287744692,27.266961706555,26.950051585131945,27.18720817565918,5436400
2017-04-05 00:00:00-04:00,27.15992826524687,27.46004801947742,27.07387873479129,27.418073654174805,7146400
2017-04-06 00:00:00-04:00,27.296348240971565,27.378199381625432,27.15782994065299,27.23338508605957,6118000
2017-04-07 00:00:00-04:00,27.290050756692427,27.357212305584433,27.025609363417715,27.059186935424805,7067200
2017-04-10 00:00:00-04:00,27.05918792037062,27.208200610874446,26.983635978775418,27.164125442504883,4207600
2017-04-11 00:00:00-04:00,27.10116593789202,27.193511471282577,26.929066861584335,27.141042709350586,4214400
2017-04-12 00:00:00-04:00,26.99202775567318,27.397085026691812,26.968941374259142,27.390789031982422,5874800
2017-04-13 00:00:00-04:00,27.302641592224777,27.59856614994639,27.285851205711623,27.445358276367188,7746400
2017-04-17 00:00:00-04:00,27.42437172576315,27.5502980336465,27.382397357281715,27.474742889404297,4508400
2017-04-18 00:00:00-04:00,27.472640419961916,27.718197025656586,27.378197296007958,27.6909122467041,7822400
2017-04-19 00:00:00-04:00,27.68881077975293,27.701405971423686,27.46424616609205,27.59856605529785,8320000
2017-04-20 00:00:00-04:00,27.5985690468684,27.5985690468684,27.120054189551283,27.466346740722656,8054800
2017-04-21 00:00:00-04:00,27.548191872231495,28.192509671683556,27.548191872231495,27.917573928833008,10480800
2017-04-24 00:00:00-04:00,27.83362754227036,27.936467467564757,27.58387572544043,27.860912322998047,9744400
2017-04-25 00:00:00-04:00,27.83153043358904,27.91338157477088,27.674124146513265,27.896591186523438,5167200
2017-04-26 00:00:00-04:00,27.91338299628944,28.087579680483806,27.83992544427086,27.877704620361328,5967200
2017-04-27 00:00:00-04:00,27.842027378155088,28.165233574831316,27.835731382290184,28.022520065307617,5624000
2017-04-28 00:00:00-04:00,27.986836621518666,28.148438089382648,27.928071869124707,28.030908584594727,6652800
2017-05-01 00:00:00-04:00,28.152631966124346,28.190411130847764,27.86720184214086,27.921768188476562,7204000
2017-05-02 00:00:00-04:00,27.96374868436866,28.131646137617327,27.928070315431384,28.127450942993164,6858400
2017-05-03 00:00:00-04:00,28.09387490511112,28.175726048215072,27.949060605210473,27.988937377929688,6574400
2017-05-04 00:00:00-04:00,27.93646142723455,28.22818754965013,27.93436383010867,28.19460678100586,7013200
2017-05-05 00:00:00-04:00,28.286957546773287,28.37720547896005,28.171525634645544,28.192514419555664,7312400
2017-05-08 00:00:00-04:00,28.228190623324092,28.36670890723573,28.15893148136827,28.322633743286133,5804800
2017-05-09 00:00:00-04:00,28.21559756539191,28.318434273313887,28.0162169413724,28.074981689453125,6190000
2017-05-10 00:00:00-04:00,28.08548310197868,28.219803017233946,28.001531153419524,28.158937454223633,7498800
2017-05-11 00:00:00-04:00,28.140036978640524,28.261764848200993,28.03719708820893,28.257566452026367,3581200
2017-05-12 00:00:00-04:00,28.276459758606475,28.507323555137592,28.26177017288462,28.448558807373047,6115200
2017-05-15 00:00:00-04:00,28.38350095829006,28.67732472705997,28.343624189148667,28.570289611816406,7712400
2017-05-16 00:00:00-04:00,28.570288179428175,28.713001659264563,28.498928237071244,28.522014617919922,5438000
2017-05-17 00:00:00-04:00,28.522013549908074,28.788555718373242,28.522013549908074,28.6374454498291,7484800
2017-05-18 00:00:00-04:00,28.675228935388343,28.906089567549042,28.484241872441157,28.74028968811035,8878000
2017-05-19 00:00:00-04:00,28.759167713666823,28.878797987192755,28.4590480350675,28.81373405456543,6914800
2017-05-22 00:00:00-04:00,28.82843169229375,29.084479462381665,28.752876560096688,29.036209106445312,8549600
2017-05-23 00:00:00-04:00,29.071894344199567,29.395100529041784,29.042511963759363,29.16423988342285,7788800
2017-05-24 00:00:00-04:00,29.210407156692103,29.472750962320273,29.176829583425363,29.413986206054688,6207200
2017-05-25 00:00:00-04:00,29.5329838280268,29.77393125927196,29.429420712660328,29.738000869750977,4765200
2017-05-26 00:00:00-04:00,29.75701424809854,29.81408166315508,29.66824450526546,29.740108489990234,4430000
2017-05-30 00:00:00-04:00,29.702068476279454,29.81197527655524,29.640776221834155,29.72743034362793,11000400
2017-05-31 00:00:00-04:00,29.742233399653923,29.976840398946482,29.742233399653923,29.894411087036133,13267600
2017-06-01 00:00:00-04:00,29.875380799324006,29.99162483215332,29.74222455619181,29.99162483215332,6446400
2017-06-02 00:00:00-04:00,30.17550747051838,30.209322215318522,29.955693891492338,30.162826538085938,7339600
2017-06-05 00:00:00-04:00,30.097300233316663,30.14802718342212,29.96837205705843,29.981056213378906,4325600
2017-06-06 00:00:00-04:00,30.120549733739303,30.148027234892353,29.95357876341103,29.995849609375,8223600
2017-06-07 00:00:00-04:00,29.997961182128506,30.219887148542806,29.894398096178236,30.135345458984375,5715200
2017-06-08 00:00:00-04:00,30.135353722101712,30.135353722101712,29.723207228640955,29.89651870727539,6776400
2017-06-09 00:00:00-04:00,29.822547089782347,29.957815772345125,29.579484008965313,29.640779495239258,7172800
2017-06-12 00:00:00-04:00,29.64078107646237,29.771821712637518,29.199041389084293,29.467466354370117,8946400
2017-06-13 00:00:00-04:00,29.46745810897673,29.664022233298105,29.37023547871549,29.579477310180664,6944400
2017-06-14 00:00:00-04:00,29.833106994628903,30.05292057973424,29.71686296074386,29.833106994628906,5689200
2017-06-15 00:00:00-04:00,29.845791318846352,30.036011761772443,29.72954405925409,29.98528480529785,11065600
2017-06-16 00:00:00-04:00,30.052922720806308,30.26005216282589,29.995855294157234,30.190303802490234,10408800
2017-06-19 00:00:00-04:00,30.234690584921903,30.264280505493712,30.040242074727242,30.09519386291504,9268400
2017-06-20 00:00:00-04:00,30.1057555583908,30.18818483451713,29.995848781869455,30.004304885864258,8612800
2017-06-21 00:00:00-04:00,30.038121493268587,30.08884844521345,29.678814452571192,29.814083099365234,6520800
2017-06-22 00:00:00-04:00,29.77814831324111,30.057141670082864,29.733761833722305,29.926097869873047,7685600
2017-06-23 00:00:00-04:00,29.926108824924928,30.505229558664055,29.87960991509611,30.253713607788086,11007600
2017-06-26 00:00:00-04:00,30.3065436971177,30.619351810508682,30.24947628435128,30.48408317565918,7911200
2017-06-27 00:00:00-04:00,30.34459723785781,30.509455826673882,30.016992474163494,30.06983184814453,9662800
2017-06-28 00:00:00-04:00,30.207201812608737,30.272722096220747,29.748556602266397,29.80562400817871,8363600
2017-06-29 00:00:00-04:00,29.630202894050854,29.670361327542466,29.37023412073529,29.583703994750977,11584000
2017-06-30 00:00:00-04:00,29.638666548793804,29.932453396601048,29.604851793875763,29.61753273010254,8531600
2017-07-03 00:00:00-04:00,29.76969755123205,29.970486479867088,29.50972557067871,29.50972557067871,4121200
2017-07-05 00:00:00-04:00,29.50127534878866,29.545658610401244,29.220169533359392,29.34064483642578,7705600
2017-07-06 00:00:00-04:00,29.281459626622606,29.54988449042997,29.167328022949953,29.499160766601562,6964400
2017-07-07 00:00:00-04:00,29.499168737514474,29.83522639891811,29.459010295260022,29.69150161743164,5514000
2017-07-10 00:00:00-04:00,29.72320137641547,29.97260163743493,29.64711255990701,29.807743072509766,6750400
2017-07-11 00:00:00-04:00,29.911308002868687,29.911308002868687,29.49070550543777,29.74856185913086,7593600
2017-07-12 00:00:00-04:00,29.983177931452772,30.063494821112766,29.729549552335733,29.754911422729492,6771600
2017-07-13 00:00:00-04:00,29.847907531067733,29.8711569859449,29.630209555881347,29.71263885498047,5557200
2017-07-14 00:00:00-04:00,29.938783256602118,30.040237160588642,29.86903813206742,29.940898895263672,5052800
2017-07-17 00:00:00-04:00,29.888060822279016,29.955693536136103,29.748564117058734,29.795063018798828,11244400
2017-07-18 00:00:00-04:00,29.858475075530162,30.038127016382013,29.79929523324255,29.90497398376465,5471600
2017-07-19 00:00:00-04:00,30.000081327598405,30.02544319326433,29.871153135364608,29.970491409301758,3773600
2017-07-20 00:00:00-04:00,30.080400720429584,30.408002262903228,30.012764772912778,30.325572967529297,6280000
2017-07-21 00:00:00-04:00,30.257931184548095,30.526352805097314,30.13323107184647,30.513671875,5413600
2017-07-24 00:00:00-04:00,30.52214333100279,30.52214333100279,30.24949029653261,30.255830764770508,8410400
2017-07-25 00:00:00-04:00,30.30232155123931,30.319230537023437,30.038124695348447,30.24736976623535,5401200
2017-07-26 00:00:00-04:00,30.143807999297945,30.769427667747173,30.074059631780784,30.75040626525879,7041600
2017-07-27 00:00:00-04:00,30.63626096680592,30.720805879728164,30.427019160573032,30.572853088378906,5680000
2017-07-28 00:00:00-04:00,30.562297572250078,30.80746983550196,30.530592010365478,30.67220115661621,4625200
2017-07-31 00:00:00-04:00,30.71658959530695,31.044194405136,30.701793020480007,30.877220153808594,6780400
2017-08-01 00:00:00-04:00,30.83282913344545,31.116047372701843,30.82437302850876,30.978666305541992,6042000
2017-08-02 00:00:00-04:00,30.892011116798333,31.065322579347967,30.727152534714328,31.014598846435547,6688000
2017-08-03 00:00:00-04:00,30.9744472230107,31.247097022582842,30.93006072188685,31.18368911743164,5674400
2017-08-04 00:00:00-04:00,31.058983042432804,31.139299922027377,30.875103055002498,31.016712188720703,5915600
2017-08-07 00:00:00-04:00,31.033612147732725,31.173108826957403,30.961751394820062,31.088563919067383,4819200
2017-08-08 00:00:00-04:00,31.069551571805363,31.192139305150228,31.006143678687756,31.14352798461914,4750800
2017-08-09 00:00:00-04:00,31.25554989812344,31.321070210816163,31.058985734985576,31.120281219482422,11042000
2017-08-10 00:00:00-04:00,31.042079807721368,31.3443227566313,31.031514511130258,31.22173500061035,5367600
2017-08-11 00:00:00-04:00,31.204819399884826,31.29147674398064,30.995574325739664,31.107593536376953,5086000
2017-08-14 00:00:00-04:00,31.198484119949768,31.359114676515915,31.149872792643936,31.293594360351562,3908000
2017-08-15 00:00:00-04:00,31.173115266484142,31.56412466167516,31.173115266484142,31.502832412719727,4777200
2017-08-16 00:00:00-04:00,31.49014290927964,31.741655527973688,31.445756432417006,31.699384689331055,5415200
2017-08-17 00:00:00-04:00,31.58314535734631,31.771256602675475,31.3527664878695,31.409833908081055,5450800
2017-08-18 00:00:00-04:00,31.38658595722165,31.830437957751506,31.291475735696462,31.688825607299805,5754800
2017-08-21 00:00:00-04:00,31.70362633826277,31.881165871742724,31.635990387379177,31.798736572265625,3898000
2017-08-22 00:00:00-04:00,31.824087020237073,31.955127583441744,31.707839798817687,31.88115119934082,5402400
2017-08-23 00:00:00-04:00,31.832874721196237,31.98605060778196,31.645659027321532,31.83500099182129,5781200
2017-08-24 00:00:00-04:00,31.911583384260688,31.911583384260688,31.68607538107284,31.764789581298828,5164400
2017-08-25 00:00:00-04:00,31.839251589098236,32.00731783509185,31.69883984158104,31.932859420776367,5036400
2017-08-28 00:00:00-04:00,31.97540500764551,32.10304938470121,31.92008952266219,32.09879684448242,3499600
2017-08-29 00:00:00-04:00,32.13071220765064,32.18389818472034,31.94137025913108,32.064762115478516,5597200
2017-08-30 00:00:00-04:00,32.00093560529253,32.09028764971727,31.947749632691085,32.04348373413086,4246000
2017-08-31 00:00:00-04:00,32.12432241028656,32.12857819636681,31.956256191573367,32.020076751708984,6826000
2017-09-01 00:00:00-04:00,32.12432940489302,32.18815322513898,31.839253353503953,31.94562530517578,4287200
2017-09-05 00:00:00-04:00,31.94987806254895,32.00731982578114,31.762665633763213,31.96689796447754,4299200
2017-09-06 00:00:00-04:00,32.039242912996734,32.06264487934997,31.53929328918457,31.53929328918457,9138400
2017-09-07 00:00:00-04:00,31.58182607521521,32.103047894648256,31.57969980520451,31.803081512451172,7742400
2017-09-08 00:00:00-04:00,31.74351975455133,31.80095827209955,31.286118407309477,31.541410446166992,11796800
2017-09-11 00:00:00-04:00,31.54140739251147,32.25197443938755,31.488221420973044,32.20942306518555,9118000
2017-09-12 00:00:00-04:00,32.141347590269625,32.19878935004488,31.471202382796086,31.726497650146484,7717200
2017-09-13 00:00:00-04:00,31.70948058431529,31.7392646020072,31.496736673311784,31.524391174316406,5824800
2017-09-14 00:00:00-04:00,31.486088076116207,31.873283420099504,31.41162643420762,31.815841674804688,4588000
2017-09-15 00:00:00-04:00,31.934975160978123,31.992416901697183,31.741377504408277,31.93071937561035,9065600
2017-09-18 00:00:00-04:00,31.911586945926164,31.911586945926164,31.354198932725957,31.549922943115234,6562000
2017-09-19 00:00:00-04:00,31.583957762015977,31.683944398810652,31.426526122633124,31.469074249267578,7026800
2017-09-20 00:00:00-04:00,31.57331852495627,31.61586664971238,31.03932933369354,31.218036651611328,5489600
2017-09-21 00:00:00-04:00,31.21803128681287,31.449921286165267,31.16058954284584,31.226539611816406,5647600
2017-09-22 00:00:00-04:00,31.28185987286017,31.328663787931774,31.103155785976288,31.137195587158203,4904800
2017-09-25 00:00:00-04:00,31.105293432067487,31.339309822373572,31.02444969468477,31.23506736755371,6024800
2017-09-26 00:00:00-04:00,31.25420738183407,31.537157160676962,31.25420738183407,31.422273635864258,5562000
2017-09-27 00:00:00-04:00,31.24144387614125,31.358450427400665,30.99891595329301,31.11379623413086,6888800
2017-09-28 00:00:00-04:00,30.952112922316203,31.354198786106043,30.784043413973478,31.271228790283203,5395600
2017-09-29 00:00:00-04:00,31.262716197615635,31.32441374795971,31.13081601527424,31.17761993408203,5267200
2017-10-02 00:00:00-04:00,31.352063082282374,31.418013162586416,31.135066672162075,31.218036651611328,4581200
2017-10-03 00:00:00-04:00,31.139320774699236,31.266968401586098,30.97976286419766,31.249948501586914,4008400
2017-10-04 00:00:00-04:00,31.273347604790295,31.615865351262737,31.188251358772945,31.607357025146484,4390400
2017-10-05 00:00:00-04:00,31.600981430672807,31.607366734988705,31.286121328226557,31.435041427612305,6817600
2017-10-06 00:00:00-04:00,31.31590075334065,31.41589064387484,31.11805048880335,31.373342514038086,5110800
2017-10-09 00:00:00-04:00,31.477588222372788,31.569066539301048,31.420146461618867,31.464820861816406,4396400
2017-10-10 00:00:00-04:00,31.464813866721734,31.728617407264323,31.366953514378206,31.705215454101562,3512000
2017-10-11 00:00:00-04:00,31.620120365612756,32.07113630168053,31.620120365612756,31.883920669555664,5319600
2017-10-12 00:00:00-04:00,31.93499439160215,32.11157225924572,31.78394475911161,32.06051254272461,5221600
2017-10-13 00:00:00-04:00,32.207302904577695,32.39451859869565,32.00519682363565,32.02859878540039,4461200
2017-10-16 00:00:00-04:00,32.17539061266122,32.29452668470206,31.89031130174693,32.23495864868164,5396400
2017-10-17 00:00:00-04:00,32.230700472575705,32.520032303036174,32.13071058104945,32.479610443115234,5164400
2017-10-18 00:00:00-04:00,32.38600379668707,32.50301359385148,32.26686772910672,32.45195388793945,4298800
2017-10-19 00:00:00-04:00,32.479620763428414,32.751932779068895,32.37963084013063,32.73491287231445,5249600
2017-10-20 00:00:00-04:00,32.707244489205195,32.813616426633864,32.545557066736706,32.79659652709961,5750800
2017-10-23 00:00:00-04:00,32.75831477303802,32.91149068730743,32.62003249447981,32.843414306640625,4873200
2017-10-24 00:00:00-04:00,32.788084818267315,32.84765284328325,32.590234573653056,32.80936050415039,5718400
2017-10-25 00:00:00-04:00,32.749788910060026,32.80297487275761,32.200909385475306,32.73276901245117,7509200
2017-10-26 00:00:00-04:00,32.932763166518434,33.1880552499675,32.62641136789357,32.63279342651367,5894000
2017-10-27 00:00:00-04:00,32.63279258746726,33.35825019663932,32.63066631672021,33.154014587402344,5807200
2017-10-30 00:00:00-04:00,33.041249669548215,33.22846531245916,32.95189763439903,33.05188751220703,5413600
2017-10-31 00:00:00-04:00,32.994441138129744,33.09443100193471,32.82850120377541,32.99018859863281,5310800
2017-11-01 00:00:00-04:00,33.117843122216016,33.12848096665121,32.56896346074671,32.63066101074219,5747600
2017-11-02 00:00:00-04:00,32.6540610625149,32.92211719706554,31.564810131024807,31.881799697875977,15917200
2017-11-03 00:00:00-04:00,31.856267251341283,32.58172135789336,31.805207555524902,32.47534942626953,12337600
2017-11-06 00:00:00-05:00,32.528552875992325,32.577486328114624,32.26262290399691,32.30730056762695,5631600
2017-11-07 00:00:00-05:00,32.40727642568161,33.14975375374961,32.32005065364849,33.07954788208008,7872000
2017-11-08 00:00:00-05:00,32.973187550187774,33.13274552029012,32.74342368369457,32.95829391479492,7970800
2017-11-09 00:00:00-05:00,32.834886652325245,33.10507226411527,32.78383020337914,33.02848434448242,4779600
2017-11-10 00:00:00-05:00,32.88594274906807,33.06464679325284,32.730640656827504,33.009334564208984,5143200
2017-11-13 00:00:00-05:00,33.047640689291015,33.40079638558039,32.94126872627961,33.3539924621582,4000000
2017-11-14 00:00:00-05:00,33.29654922866928,33.7305486365469,33.241236978973504,33.69863510131836,6055200
2017-11-15 00:00:00-05:00,33.79437611333884,33.88585444920912,33.407180584976075,33.477386474609375,5320000
2017-11-16 00:00:00-05:00,33.4858920430688,33.55184538574603,33.2625135218154,33.46249008178711,5458800
2017-11-17 00:00:00-05:00,33.400795497894286,33.4624898064668,33.164649616436385,33.19655990600586,4312000
2017-11-20 00:00:00-05:00,33.23271804183005,33.33057839437624,33.04124663022545,33.1710205078125,5787600
2017-11-21 00:00:00-05:00,33.29229508488274,33.37739134896646,33.13698969591907,33.23272705078125,5325200
2017-11-22 00:00:00-05:00,33.23336527457711,33.38751114988698,33.08992460914709,33.222660064697266,7773600
2017-11-24 00:00:00-05:00,33.312586380106055,33.48385669765715,33.28689321905586,33.40464401245117,2544400
2017-11-27 00:00:00-05:00,33.45174014947976,33.73219901620956,33.378949946939656,33.612308502197266,6070800
2017-11-28 00:00:00-05:00,33.71935193176626,33.912032636096406,33.627294316764676,33.781436920166016,4949200
2017-11-29 00:00:00-05:00,33.67653374235224,33.88848185987109,33.50526019344047,33.777156829833984,8354400
2017-11-30 00:00:00-05:00,33.84567377922273,34.014807640400605,33.691527868658746,33.83496856689453,13614800
2017-12-01 00:00:00-05:00,33.90988453548176,34.08115804528464,33.49026459980324,33.712921142578125,5712400
2017-12-04 00:00:00-05:00,33.75146766723392,33.81783866620265,33.29545575026565,33.39179611206055,5603600
2017-12-05 00:00:00-05:00,33.49027466318957,33.575913077209464,33.06637513079835,33.321144104003906,6810000
2017-12-06 00:00:00-05:00,33.50955080652684,33.9056175105314,33.35326190052155,33.77930450439453,7935600
2017-12-07 00:00:00-05:00,33.768592659798514,33.864933013916016,33.61444678650197,33.864933013916016,5808400
2017-12-08 00:00:00-05:00,33.92915856714043,34.04690933227539,33.695800038727334,34.04690933227539,5248000
2017-12-11 00:00:00-05:00,34.03835450357493,34.11542745139099,33.706512554178786,34.094017028808594,6435600
2017-12-12 00:00:00-05:00,34.006239265752576,34.1261297933579,33.57377747214367,33.62730026245117,7953600
2017-12-13 00:00:00-05:00,33.747194519926076,33.83496942298499,33.355407259560664,33.49884796142578,14412000
2017-12-14 00:00:00-05:00,33.55449536197797,34.091866084463,33.306152182240865,33.82210922241211,8908000
2017-12-15 00:00:00-05:00,33.971979815128215,34.0490527545837,33.66154832198888,33.91845703125,13972000
2017-12-18 00:00:00-05:00,33.95914832280078,34.076899147334835,33.4217805358198,33.47316360473633,7763200
2017-12-19 00:00:00-05:00,33.50526102677684,33.61016685395267,32.978595422458994,32.9914436340332,6260000
2017-12-20 00:00:00-05:00,32.9914467735701,33.25691770281619,32.860851044360714,32.89296340942383,8838800
2017-12-21 00:00:00-05:00,32.933637944251046,33.2419296850013,32.6874311919821,33.07279586791992,7148800
2017-12-22 00:00:00-05:00,33.16486353637563,33.263343644018256,33.03426779354973,33.08564758300781,4315200
2017-12-26 00:00:00-05:00,33.11989869759229,33.25905989862558,32.96789581761673,32.970035552978516,2894000
2017-12-27 00:00:00-05:00,33.10491053614926,33.25905640205258,32.99572197551788,33.24620819091797,4305200
2017-12-28 00:00:00-05:00,33.22695674129734,33.488148291437334,33.21625152692647,33.47316360473633,3426800
2017-12-29 00:00:00-05:00,33.58019711773686,33.67225474126279,33.40035807470186,33.43889617919922,4746400
2018-01-02 00:00:00-05:00,33.4902772019843,33.54166025429143,33.05995516426664,33.20339584350586,4766400
2018-01-03 00:00:00-05:00,32.98929827014113,33.3618179766106,32.494748330009756,32.49903106689453,11008000
2018-01-04 00:00:00-05:00,32.43693760072547,32.76235694945647,32.24853967610905,32.332035064697266,13629200
2018-01-05 00:00:00-05:00,32.40912018702467,32.52901071150282,32.242129346962706,32.47977066040039,10318000
2018-01-08 00:00:00-05:00,32.47976540174945,32.80732455551213,32.436944564135786,32.747379302978516,7225200
2018-01-09 00:00:00-05:00,32.87369617458208,32.87369617458208,32.39413083073217,32.507598876953125,6527600
2018-01-10 00:00:00-05:00,32.304210597578404,32.458356473104885,32.14792498678151,32.23998260498047,7042800
2018-01-11 00:00:00-05:00,32.22071838378906,32.34917438172881,32.06443275748737,32.22071838378906,7550400
2018-01-12 00:00:00-05:00,32.14150828187176,32.42838966461473,31.95524674323668,32.182186126708984,6386400
2018-01-16 00:00:00-05:00,32.20787522282153,32.34489343705951,31.91457137361802,32.22928237915039,7471600
2018-01-17 00:00:00-05:00,32.31705641655442,32.70242111579038,32.23784374137896,32.51616287231445,9304400
2018-01-18 00:00:00-05:00,32.55469509341526,32.55469509341526,32.16076821774273,32.28065872192383,7951200
2018-01-19 00:00:00-05:00,32.344882110995925,32.38555994058027,32.10081840026061,32.147918701171875,8988000
2018-01-22 00:00:00-05:00,32.21214722817793,32.39198296192691,32.02802875788137,32.11794662475586,7438800
2018-01-23 00:00:00-05:00,32.113670983662345,32.77735482403332,32.113670983662345,32.69599914550781,10592400
2018-01-24 00:00:00-05:00,32.52686220166864,32.59109019084146,32.13079559085019,32.29564666748047,7874400
2018-01-25 00:00:00-05:00,32.29137029969441,32.830880941681905,32.11367424353423,32.77521514892578,9845200
2018-01-26 00:00:00-05:00,33.15415058461232,34.08972772266103,33.119895221789406,33.76002883911133,14587200
2018-01-29 00:00:00-05:00,33.65513140849153,33.676541832288024,33.289037335684384,33.3297119140625,10057200
2018-01-30 00:00:00-05:00,33.291163385715606,33.500971732228834,33.032111738068245,33.205528259277344,7823200
2018-01-31 00:00:00-05:00,33.23336574735379,33.993389924835355,33.102770025213175,33.916316986083984,12930800
2018-02-01 00:00:00-05:00,33.956992236926446,34.17750582634727,33.32756382954227,33.471004486083984,8848000
2018-02-02 00:00:00-05:00,33.28687622611726,33.7022133943702,33.20124111105841,33.38107681274414,9291200
2018-02-05 00:00:00-05:00,33.406786952806534,33.8863523815619,32.93793000339028,33.032127380371094,14612400
2018-02-06 00:00:00-05:00,32.50545026970548,32.83300937286932,31.503502279556095,32.01946258544922,16941200
2018-02-07 00:00:00-05:00,32.030182934631355,32.25925880826614,31.661945828006424,31.704763412475586,11514800
2018-02-08 00:00:00-05:00,31.616980546009746,31.923132599708783,31.101023339598107,31.105302810668945,9683600
2018-02-09 00:00:00-05:00,31.25302419755032,31.93169273008781,31.064626212770754,31.706899642944336,9090800
2018-02-12 00:00:00-05:00,31.732584619557016,32.359870004479305,31.441420578974064,32.11366653442383,8123200
2018-02-13 00:00:00-05:00,32.06655979901477,32.503307405700426,31.739000727385744,32.34273910522461,6312400
2018-02-14 00:00:00-05:00,32.13079833984375,32.441229836171985,31.854618942803103,32.13079833984375,6436800
2018-02-15 00:00:00-05:00,32.1629097295919,33.064234829438554,32.07941431908409,33.06209182739258,8742000
2018-02-16 00:00:00-05:00,33.11347349394675,33.51810558442068,32.88011495466614,33.40892028808594,6546800
2018-02-20 00:00:00-05:00,33.3083055468664,33.421773608780015,32.807332979160385,32.92936325073242,7792000
2018-02-21 00:00:00-05:00,32.929350652990514,33.22479740814478,32.45621116453394,32.49046325683594,8582000
2018-02-22 00:00:00-05:00,32.651021440101374,32.86083299920349,32.39625586136851,32.60820388793945,5802400
2018-02-23 00:00:00-05:00,32.644619785835225,33.53737954808031,32.623212629489316,33.45388412475586,7286800
2018-02-26 00:00:00-05:00,33.58110072109349,33.70616235728254,33.233947833265894,33.3460693359375,7758800
2018-02-27 00:00:00-05:00,33.36116465132071,33.52288177445335,32.70566940307617,32.70566940307617,8176400
2018-02-28 00:00:00-05:00,32.845820649784834,33.100253967784504,32.72291407776813,32.8070068359375,10905200
2018-03-01 00:00:00-05:00,32.92560283242322,33.28785086853636,32.770354144109454,33.03988265991211,12315600
2018-03-02 00:00:00-05:00,33.03342425465619,33.33098487917006,32.63236556993297,32.95795822143555,8696800
2018-03-05 00:00:00-05:00,32.92560715891624,33.47113268337255,32.78976700639928,33.42585372924805,6870800
2018-03-06 00:00:00-05:00,33.33097993722677,33.546602783276775,32.95795333480045,33.046356201171875,10504800
2018-03-07 00:00:00-05:00,32.934233191817306,33.139074228217055,32.78760795229925,33.001075744628906,8304000
2018-03-08 00:00:00-05:00,33.11320728764442,33.35254552609967,32.97736382028848,33.27276611328125,6678800
2018-03-09 00:00:00-05:00,33.2813886030248,33.397823495724175,33.05067057155596,33.38057327270508,6500800
2018-03-12 00:00:00-04:00,33.356854918060975,33.41938738831819,33.106731617319426,33.29001235961914,8162400
2018-03-13 00:00:00-04:00,33.46897697676206,33.721255300891215,33.21238527465863,33.35038375854492,6522400
2018-03-14 00:00:00-04:00,33.65872337142518,34.163279978392765,33.64578323856133,34.070560455322266,12254000
2018-03-15 00:00:00-04:00,34.06840760052501,34.30128065489011,33.8312211682615,34.098594665527344,9372800
2018-03-16 00:00:00-04:00,34.158969067421324,34.86189832386668,34.124468624245964,34.723899841308594,31720000
2018-03-19 00:00:00-04:00,34.72389958172563,34.86405639727401,34.24090654145468,34.48455810546875,9596000
2018-03-20 00:00:00-04:00,34.52121998843245,34.657060148159125,34.394000004995746,34.59021759033203,6401600
2018-03-21 00:00:00-04:00,34.59020625034351,34.92226717668787,34.42848916404586,34.51689529418945,6814800
2018-03-22 00:00:00-04:00,34.566488755524325,35.41604307005065,34.456522317657715,34.90717315673828,14222400
2018-03-23 00:00:00-04:00,34.926577580773554,35.27157535073367,34.32499146194279,34.389678955078125,12314400
2018-03-26 00:00:00-04:00,34.50611660755797,34.94598896441883,34.4759295470003,34.807987213134766,6942000
2018-03-27 00:00:00-04:00,34.87699072112819,35.45054820515635,34.71527360804723,35.05811309814453,9727600
2018-03-28 00:00:00-04:00,35.17886251704973,35.24355002245767,34.5082754009453,34.98911666870117,13328400
2018-03-29 00:00:00-04:00,35.26079815971383,35.38801482907496,35.086144208532794,35.217674255371094,7818800
2018-04-02 00:00:00-04:00,35.34920675502001,35.51523725291023,34.721743539344295,35.010677337646484,8113200
2018-04-03 00:00:00-04:00,35.01066850258302,35.189635798496404,34.65704728744423,34.93088912963867,9571200
2018-04-04 00:00:00-04:00,34.866216479246475,35.08183934342258,34.59668789902636,35.00205993652344,6724400
2018-04-05 00:00:00-04:00,34.98911789186063,35.4548607087643,34.66137026577461,35.362144470214844,6187200
2018-04-06 00:00:00-04:00,35.2629537967852,35.3966421796833,34.980488434922485,35.092613220214844,5771200
2018-04-09 00:00:00-04:00,34.9955826373362,35.23707913111291,34.79289666999805,34.958927154541016,7316000
2018-04-10 00:00:00-04:00,34.7001775228865,35.09045757595541,34.7001775228865,34.88777160644531,7605200
2018-04-11 00:00:00-04:00,34.779963884004395,34.87483845766496,34.5535592496132,34.723899841308594,5022400
2018-04-12 00:00:00-04:00,34.72175230556382,34.872687664414734,34.20856879532664,34.29913330078125,6236400
2018-04-13 00:00:00-04:00,34.42849921514178,34.691559348862114,34.3918437263635,34.54709243774414,5483200
2018-04-16 00:00:00-04:00,34.717434168286864,35.071055513474434,34.65490498895611,34.9567756652832,6602800
2018-04-17 00:00:00-04:00,34.98264883207208,35.27805105386406,34.74761744882217,35.1939582824707,5316400
2018-04-18 00:00:00-04:00,35.347059236318,35.610119428737235,35.10124927013954,35.1163444519043,4332800
2018-04-19 00:00:00-04:00,35.07751600978632,35.17239056952111,34.72820812180177,35.04732894897461,6535600
2018-04-20 00:00:00-04:00,35.08613655716178,35.23707183451782,34.52982942907042,34.66998291015625,6915200
2018-04-23 00:00:00-04:00,34.75192867122906,34.818771217403274,34.5643378751733,34.74330520629883,6576000
2018-04-24 00:00:00-04:00,34.93090051132045,35.32980408630342,34.41556204896288,34.96755599975586,11652000
2018-04-25 00:00:00-04:00,34.836023567864274,35.09692863742683,34.4780888837231,34.57080841064453,7904400
2018-04-26 00:00:00-04:00,34.6807784014581,35.33627370788355,34.626872688962614,35.19180679321289,7402400
2018-04-27 00:00:00-04:00,35.08399091145841,35.45054905183462,34.99989814225361,35.353519439697266,5682000
2018-04-30 00:00:00-04:00,35.42468119098904,35.56699308015194,35.31902808642532,35.34274673461914,9057600
2018-05-01 00:00:00-04:00,35.29530127493747,35.308238118206724,35.0969286678081,35.1939582824707,5028400
2018-05-02 00:00:00-04:00,35.24570768082008,35.396642997116736,35.1141776287309,35.24354934692383,10694000
2018-05-03 00:00:00-04:00,35.109862021385744,35.383703907225296,34.82739667093823,35.159454345703125,10460400
2018-05-04 00:00:00-04:00,35.18965702769009,35.6058109403632,35.16162828766509,35.381561279296875,6462400
2018-05-07 00:00:00-04:00,35.422516319686785,35.43545316235918,35.12280073391834,35.221988677978516,7877200
2018-05-08 00:00:00-04:00,35.06242847989886,35.06458352374495,34.400464813247645,34.480247497558594,8817600
2018-05-09 00:00:00-04:00,34.52983535369349,34.56217745791108,34.03821562872906,34.13093185424805,8864800
2018-05-10 00:00:00-04:00,34.44359084967143,34.55787068238189,34.17621736532711,34.54924392700195,7849600
2018-05-11 00:00:00-04:00,34.65705950029689,34.78643452538761,34.488873941765085,34.659217834472656,4292800
2018-05-14 00:00:00-04:00,34.72605107375435,34.7433012918143,34.363803074780684,34.54277038574219,4741600
2018-05-15 00:00:00-04:00,34.3379377319917,34.480249597940826,33.97137955708862,34.25168991088867,6076400
2018-05-16 00:00:00-04:00,34.199928320784394,34.28617611434013,33.77946456945093,33.88943099975586,6155200
2018-05-17 00:00:00-04:00,33.969210997078825,34.02958840184746,33.64362178676333,33.72771453857422,5956400
2018-05-18 00:00:00-04:00,33.738512902843595,33.93041713788493,33.468984298002155,33.73419952392578,6256800
2018-05-21 00:00:00-04:00,33.86356841492768,34.61609003716693,33.85278661466501,34.54709243774414,8385200
2018-05-22 00:00:00-04:00,34.641957900021616,34.78642477312408,34.32067876154016,34.376739501953125,6550000
2018-05-23 00:00:00-04:00,34.51690416676933,34.69155813844285,34.368123882708666,34.560028076171875,9017200
2018-05-24 00:00:00-04:00,34.52768145395313,34.861894175749434,34.495336058521154,34.75839614868164,6408800
2018-05-25 00:00:00-04:00,34.760559691340966,35.14436808561815,34.73252766912791,35.021461486816406,6498000
2018-05-29 00:00:00-04:00,34.855424919116835,35.467796182433304,34.855424919116835,35.30392074584961,7674000
2018-05-30 00:00:00-04:00,35.22414215919562,35.722230320846535,35.15729961492462,35.635982513427734,8811600
2018-05-31 00:00:00-04:00,35.53033107227355,35.92707630556237,35.41389618712221,35.75242233276367,10660000
2018-06-01 00:00:00-04:00,35.72223494009534,35.72223494009534,34.93521290266425,35.16377258300781,7797200
2018-06-04 00:00:00-04:00,35.28101100281735,35.4069297258177,34.88588970409154,34.99009704589844,7173600
2018-06-05 00:00:00-04:00,35.037857238766065,35.04436999017766,34.50813137268049,34.5841178894043,8493200
2018-06-06 00:00:00-04:00,34.588451822770175,34.73390875424489,33.81991422937771,33.89590072631836,10116800
2018-06-07 00:00:00-04:00,33.90893042527397,34.22589532634253,33.75044797473969,33.95018005371094,7104400
2018-06-08 00:00:00-04:00,34.01314244585694,34.1629423539557,33.91110492331696,34.04136657714844,7227600
2018-06-11 00:00:00-04:00,34.089124219752236,34.121687972333646,33.66360574743943,33.73741912841797,6426000
2018-06-12 00:00:00-04:00,33.73741962555746,34.20418773314547,33.70919881046805,34.17379379272461,7450800
2018-06-13 00:00:00-04:00,34.22155378022619,34.45167978628254,34.023991524954866,34.11517333984375,6272000
2018-06-14 00:00:00-04:00,34.11952408713197,34.55372519800097,33.91761884797826,34.47991180419922,8846000
2018-06-15 00:00:00-04:00,34.42779677588921,34.66009258213894,34.0522138483879,34.63621139526367,16682000
2018-06-18 00:00:00-04:00,34.65358485992271,34.903252452148216,34.551547347805595,34.825096130371094,6415600
2018-06-19 00:00:00-04:00,34.875032699164116,35.40910151709397,34.875032699164116,35.38739013671875,9922400
2018-06-20 00:00:00-04:00,35.502440342937334,35.502440342937334,35.205013752824605,35.32224655151367,5251600
2018-06-21 00:00:00-04:00,35.311395958388395,35.72823184487051,35.278832207580805,35.467708587646484,7038000
2018-06-22 00:00:00-04:00,35.52632575918655,35.697833696948734,35.33961919630213,35.669612884521484,8840800
2018-06-25 00:00:00-04:00,35.80856151337888,36.22322431568919,35.6913253734955,36.125526428222656,7033200
2018-06-26 00:00:00-04:00,36.11033155999157,36.542362807350955,36.11033155999157,36.20585632324219,7905200
2018-06-27 00:00:00-04:00,36.3295978814667,36.613999014315525,36.24710194181085,36.49025344848633,8846000
2018-06-28 00:00:00-04:00,36.52064726704416,36.80504839896023,36.16025963319579,36.214534759521484,7838400
2018-06-29 00:00:00-04:00,36.17762571025203,36.51413213404962,36.0104574045246,36.26229476928711,6784400
2018-07-02 00:00:00-04:00,36.39473109259503,36.737750312210906,36.25795670473734,36.69215774536133,6444400
2018-07-03 00:00:00-04:00,36.687818295167666,36.744263238149365,36.39038832829098,36.59446334838867,5366400
2018-07-05 00:00:00-04:00,36.62269310842297,36.648744114929976,36.34914428933319,36.590126037597656,9321200
2018-07-06 00:00:00-04:00,36.661755286523906,37.04819385787347,36.605310356926765,36.97438049316406,6277600
2018-07-09 00:00:00-04:00,36.935316781625104,36.99176173075728,35.76297185098759,35.89106369018555,9356000
2018-07-10 00:00:00-04:00,35.67395818383133,36.53584417995522,35.49810398417403,36.35131072998047,7404400
2018-07-11 00:00:00-04:00,36.40775825847576,36.752947306509256,36.34262743686594,36.5619010925293,5583200
2018-07-12 00:00:00-04:00,36.57926940917969,36.72255324100892,36.33828768891943,36.57926940917969,7370000
2018-07-13 00:00:00-04:00,36.61834257516672,36.82458739685251,36.45117425513702,36.802879333496094,6308800
2018-07-16 00:00:00-04:00,36.80288114596933,36.9179441567667,36.62920006711014,36.79853820800781,5545600
2018-07-17 00:00:00-04:00,36.83978168640836,37.059051982837026,36.8267561873895,36.952674865722656,5195200
2018-07-18 00:00:00-04:00,36.9266191834216,36.9765546780598,36.692150271719534,36.78116226196289,4843600
2018-07-19 00:00:00-04:00,36.9049236104771,37.23274424772781,36.84196259600053,36.961368560791016,6447200
2018-07-20 00:00:00-04:00,36.8853789178935,36.95702249069708,36.548875744758625,36.900577545166016,4944800
2018-07-23 00:00:00-04:00,36.987417168312334,37.028666800082625,36.53584765700751,36.65308380126953,6605600
2018-07-24 00:00:00-04:00,36.433804841098194,37.006949986761576,36.0864427413729,36.952674865722656,9324000
2018-07-25 00:00:00-04:00,36.69434356163832,36.81808917841495,36.1494189470676,36.41862487792969,10608800
2018-07-26 00:00:00-04:00,36.55755777371541,36.77900123980654,36.33611430762428,36.507625579833984,7826800
2018-07-27 00:00:00-04:00,36.44249529777054,36.57709656704608,36.086450559129425,36.25144577026367,6894800
2018-07-30 00:00:00-04:00,36.19499968166928,36.29486406775504,35.98441190805182,36.088619232177734,6059200
2018-07-31 00:00:00-04:00,36.268816652382945,36.41427362055025,36.02566510114106,36.373023986816406,6672400
2018-08-01 00:00:00-04:00,36.27097758303505,36.53149748787313,35.91927256444784,36.451168060302734,8429600
2018-08-02 00:00:00-04:00,36.58576830958347,36.824576814019316,36.21669821168085,36.78767013549805,7048800
2018-08-03 00:00:00-04:00,36.757281821590176,37.326084020410846,36.657417455671805,37.15674591064453,5184000
2018-08-06 00:00:00-04:00,37.05037483927464,37.35648736174555,37.03083658788909,37.12635803222656,3531200
2018-08-07 00:00:00-04:00,37.11984075815512,37.11984075815512,36.80938864833688,37.04385757446289,4073600
2018-08-08 00:00:00-04:00,36.928808118377816,37.111171801323394,36.73124580550754,36.92446517944336,3776000
2018-08-09 00:00:00-04:00,36.94399893675266,37.12853572303938,36.81808022452158,37.09162902832031,3419600
2018-08-10 00:00:00-04:00,37.22622584965733,37.57141487603554,37.08076890104559,37.10898971557617,4484000
2018-08-13 00:00:00-04:00,37.15674492237972,37.42595070359473,37.12418117624863,37.18931198120117,6452000
2018-08-14 00:00:00-04:00,37.22405881559683,37.45852447587852,37.18714880984845,37.32826614379883,4366800
2018-08-15 00:00:00-04:00,37.40642348033144,37.75812529296218,37.3456355945111,37.508460998535156,6485600
2018-08-16 00:00:00-04:00,37.46503848739723,38.00561666439665,37.31089565995116,37.946998596191406,6614400
2018-08-17 00:00:00-04:00,38.00561786339147,38.13370637973665,37.7407549544828,38.02949905395508,5126000
2018-08-20 00:00:00-04:00,38.0251515724959,38.12501926092702,37.7494363202943,37.84061813354492,4678800
2018-08-21 00:00:00-04:00,37.88187260834894,37.88187260834894,37.37602797677953,37.478065490722656,4931600
2018-08-22 00:00:00-04:00,37.54318365978495,37.59745877869126,37.15023232893368,37.278324127197266,5132800
2018-08-23 00:00:00-04:00,37.345624863803344,37.5670649645108,37.21319344074165,37.260955810546875,4972400
2018-08-24 00:00:00-04:00,37.37601900027455,37.52364573487854,37.14155008705906,37.49325180053711,5074800
2018-08-27 00:00:00-04:00,37.62569021425854,37.73207066056166,37.03734966605915,37.224056243896484,5547600
2018-08-28 00:00:00-04:00,37.189319210340905,37.22622590069379,36.846299996089854,37.028663635253906,6960800
2018-08-29 00:00:00-04:00,37.151042404653545,37.336788030300596,37.1270047746803,37.26467514038086,5860000
2018-08-30 00:00:00-04:00,37.22752097989321,37.48100806907619,37.210038766736666,37.33022689819336,6477200
2018-08-31 00:00:00-04:00,37.349890726039845,37.542191723954325,37.01773536629421,37.17070388793945,7193600
2018-09-04 00:00:00-04:00,37.20130199622868,37.312747361906744,36.97622390407655,37.15541076660156,6797200
2018-09-05 00:00:00-04:00,37.14885535072988,37.55530766617823,37.0723710794865,37.50286102294922,7756400
2018-09-06 00:00:00-04:00,37.67768210620142,38.19995120603608,37.62523545980767,37.98361587524414,8914800
2018-09-07 00:00:00-04:00,37.644898389871535,37.91368031960291,37.474450987174464,37.607749938964844,7582000
2018-09-10 00:00:00-04:00,37.751965949627426,37.8022285520817,37.50940571242853,37.592445373535156,6013200
2018-09-11 00:00:00-04:00,37.612116004739676,37.883085280701174,37.60774795266917,37.61867141723633,8125200
2018-09-12 00:00:00-04:00,37.63834521928937,37.81316068470208,37.524712499258094,37.695159912109375,7226000
2018-09-13 00:00:00-04:00,37.75633994515538,38.17371897092566,37.566226323050806,38.154052734375,8164800
2018-09-14 00:00:00-04:00,38.05135018213593,38.10379348422302,37.58807989589011,37.94645690917969,6674800
2018-09-17 00:00:00-04:00,37.75635043930336,38.03605921818086,37.67768213684459,37.99235534667969,6198800
2018-09-18 00:00:00-04:00,37.98797382074866,38.073197514468006,37.765083135261605,37.90056610107422,4172400
2018-09-19 00:00:00-04:00,37.87653481380638,37.92679409430677,36.65280652732035,36.96747970581055,9291600
2018-09-20 00:00:00-04:00,36.86039939274235,37.04614498097033,36.3665393988811,36.98933029174805,8137200
2018-09-21 00:00:00-04:00,37.06800919113135,37.45042394216136,36.69870526949108,37.314937591552734,16923200
2018-09-24 00:00:00-04:00,37.25811302802859,37.262484414799225,36.80795688799605,36.88880920410156,8995600
2018-09-25 00:00:00-04:00,36.967481134315456,36.967481134315456,36.303173658581315,36.46051025390625,7246400
2018-09-26 00:00:00-04:00,36.56976035947621,36.56976035947621,35.89671031609141,35.93604278564453,8836800
2018-09-27 00:00:00-04:00,35.981937144683144,36.399316169264985,35.892342065908686,36.18516159057617,9672400
2018-09-28 00:00:00-04:00,36.2922456980803,36.63095650592574,36.2922456980803,36.6244010925293,9424800
2018-10-01 00:00:00-04:00,36.578504217969595,36.585059630354124,36.34249936895416,36.49109649658203,5196000
2018-10-02 00:00:00-04:00,36.63313936479454,37.096406346799846,36.60691771204443,37.0046272277832,5572400
2018-10-03 00:00:00-04:00,36.923783803049986,37.389238257830286,36.39277186621172,36.76426315307617,9156000
2018-10-04 00:00:00-04:00,36.748946204975155,36.995877816451525,36.31627237926509,36.98495101928711,9448000
2018-10-05 00:00:00-04:00,37.01555523340362,37.754162930904826,37.01555523340362,37.666751861572266,8373200
2018-10-08 00:00:00-04:00,37.71264352213917,38.12127985598085,37.58589997094738,37.874351501464844,6803600
2018-10-09 00:00:00-04:00,37.93772182739025,38.12565146169818,37.717015125513484,37.96394348144531,5881200
2018-10-10 00:00:00-04:00,37.96393763232173,38.385688064946066,37.712637927968125,37.749786376953125,7882800
2018-10-11 00:00:00-04:00,37.909307408882846,38.03386691667221,36.89754983291019,36.94999313354492,8446000
2018-10-12 00:00:00-04:00,36.978405830965656,37.107333403734366,36.68558625859193,37.00899887084961,6944400
2018-10-15 00:00:00-04:00,36.989338098270714,37.27560229972213,36.814519272641775,37.0701904296875,6965200
2018-10-16 00:00:00-04:00,37.236255346362576,37.660189788077716,37.07455073187919,37.43074035644531,4700400
2018-10-17 00:00:00-04:00,37.40015061767486,37.49848847874975,37.05270040067615,37.328041076660156,3537600
2018-10-18 00:00:00-04:00,37.40235205263631,37.60557659529647,37.26249763587456,37.491947174072266,4088400
2018-10-19 00:00:00-04:00,37.50504469631143,38.13001962884699,37.43293181935835,37.90494155883789,7297200
2018-10-22 00:00:00-04:00,37.933342241637824,37.948640426124456,37.56622582664689,37.73011779785156,5971600
2018-10-23 00:00:00-04:00,36.91284670221453,38.1190926986248,36.91284670221453,37.286521911621094,8898800
2018-10-24 00:00:00-04:00,37.4416727907977,38.64136342747407,37.30618980488793,38.372581481933594,8558800
2018-10-25 00:00:00-04:00,38.208682158779254,38.289534462693666,37.55748233818061,37.84811782836914,8854400
2018-10-26 00:00:00-04:00,38.0447949085389,38.19994412363543,36.86695795191984,37.124813079833984,8519600
2018-10-29 00:00:00-04:00,37.20785694039794,37.79786749815273,37.166337098495205,37.75634765625,6566800
2018-10-30 00:00:00-04:00,37.96175859180316,38.140945447757005,37.43730551627968,37.92461013793945,7572800
2018-10-31 00:00:00-04:00,37.76071737883478,38.03168335085924,37.373931326107055,37.695159912109375,9051600
2018-11-01 00:00:00-04:00,37.91805502852928,37.91805502852928,37.00244449815235,37.25156021118164,9389200
2018-11-02 00:00:00-04:00,37.38485236219035,37.5378175380375,36.43864896349125,36.74457931518555,11806400
2018-11-05 00:00:00-05:00,36.75333039202254,37.49412215008146,36.74895900475613,37.30400848388672,8274000
2018-11-06 00:00:00-05:00,37.27123450372271,37.49631263805215,37.03960095455976,37.4679069519043,5963600
2018-11-07 00:00:00-05:00,37.70826923106592,37.99453337878485,37.52252697289275,37.922420501708984,6530000
2018-11-08 00:00:00-05:00,37.922423475039906,38.027316759587826,37.50941575350773,38.01420593261719,6676400
2018-11-09 00:00:00-05:00,38.09287823489065,38.68725690454671,37.93990967910242,38.582366943359375,8160400
2018-11-12 00:00:00-05:00,38.501505674420876,39.33189239916552,38.37476213914592,39.00410842895508,8538800
2018-11-13 00:00:00-05:00,39.12428846454438,39.21825492514005,38.74406123929877,39.04125213623047,7297600
2018-11-14 00:00:00-05:00,38.827109353890336,38.95166888575808,38.276434584430056,38.639183044433594,12378000
2018-11-15 00:00:00-05:00,38.51898975416884,39.15707551366053,38.16716814237334,39.15488815307617,10935600
2018-11-16 00:00:00-05:00,39.373412666692616,39.46519512139332,38.96696370577579,39.41930389404297,7948000
2018-11-19 00:00:00-05:00,39.36904288344375,39.7864219606675,39.154888277744696,39.77330780029297,7018400
2018-11-20 00:00:00-05:00,39.906606398628426,40.131684467708936,39.01722092199199,39.0652961730957,9752800
2018-11-21 00:00:00-05:00,39.0062990250761,39.0062990250761,38.43813871392342,38.499324798583984,5978800
2018-11-23 00:00:00-05:00,38.49932253831452,38.85333153237161,38.30702485541023,38.75062561035156,4360800
2018-11-26 00:00:00-05:00,38.77028228094488,38.890470387089074,38.392239087428166,38.68505859375,7455200
2018-11-27 00:00:00-05:00,38.80307054760332,38.9385535305345,38.50369223439019,38.89703369140625,9084800
2018-11-28 00:00:00-05:00,39.0194005112596,39.16581027410309,38.724396959640295,38.907955169677734,7868400
2018-11-29 00:00:00-05:00,38.938749832327794,39.03550353017267,38.4527836155376,38.94754409790039,6867200
2018-11-30 00:00:00-05:00,39.07067800972789,40.02721613904298,38.969528872124215,39.956851959228516,15807200
2018-12-03 00:00:00-05:00,39.67099701064455,40.13057373471581,39.459897721786085,40.12837600708008,9724800
2018-12-04 00:00:00-05:00,40.13056391516224,40.49778565903656,39.93266110647116,40.05799865722656,10024800
2018-12-06 00:00:00-05:00,40.11297294686007,40.2449103925341,39.290570026816965,40.165748596191406,11354400
2018-12-07 00:00:00-05:00,40.01623226330773,40.50439627340853,39.76555371936215,40.209739685058594,10121600
2018-12-10 00:00:00-05:00,40.14376691923938,40.32408124513623,39.51047240626817,40.154762268066406,10441600
2018-12-11 00:00:00-05:00,40.09099113278514,40.425226892005384,39.83811155295548,40.23611831665039,12055200
2018-12-12 00:00:00-05:00,40.23611443710797,40.39663911888783,39.8491030586009,39.868892669677734,11912400
2018-12-13 00:00:00-05:00,39.87548952486596,40.28449160026096,39.87548952486596,40.064598083496094,12916400
2018-12-14 00:00:00-05:00,39.981046656556764,40.119577310701516,39.55884809015489,39.85350799560547,9227600
2018-12-17 00:00:00-05:00,40.0997891528876,40.0997891528876,38.452785204518456,38.62430191040039,13147600
2018-12-18 00:00:00-05:00,38.75622917305339,39.10146357680258,38.57371716636738,38.701255798339844,11764000
2018-12-19 00:00:00-05:00,38.81120841396468,38.96073440523785,38.18231277797363,38.37582015991211,13437600
2018-12-20 00:00:00-05:00,38.371417410268364,38.82219977583468,37.907441970980564,38.46157455444336,13112400
2018-12-21 00:00:00-05:00,38.34943125370303,39.26418916676757,38.09435730252715,38.28566360473633,24148400
2018-12-24 00:00:00-05:00,38.36041420358856,38.5649168702944,36.704616684646524,36.959693908691406,6630000
2018-12-26 00:00:00-05:00,36.95751287973873,37.46326539224924,36.23406117583748,37.456668853759766,8393600
2018-12-27 00:00:00-05:00,37.50063518545681,37.85686492919922,36.931111838308865,37.85686492919922,9961600
2018-12-28 00:00:00-05:00,37.95362483627673,38.342833970770876,37.738126759826955,37.980010986328125,6924000
2018-12-31 00:00:00-05:00,38.043776740637675,38.26806907083868,37.663361889990696,38.221893310546875,6417600
2019-01-02 00:00:00-05:00,37.97121127044642,38.107547533908495,37.16420245792683,37.34451675415039,10549600
2019-01-03 00:00:00-05:00,37.362117347932355,37.63698431090288,37.089448112754134,37.25217056274414,9260800
2019-01-04 00:00:00-05:00,37.19499117838987,37.951425497506946,37.08724549052287,37.938232421875,10848800
2019-01-07 00:00:00-05:00,37.7447248156197,38.02838936131865,37.49184858663118,37.88325881958008,9478000
2019-01-08 00:00:00-05:00,37.85467598929729,38.215301302796384,37.7271406738766,38.16032791137695,10599600
2019-01-09 00:00:00-05:00,38.164726086731534,38.2614797908683,37.83268801599805,37.99540710449219,7047600
2019-01-10 00:00:00-05:00,38.10753923410807,38.61769034258656,37.94261913069038,38.567115783691406,11384800
2019-01-11 00:00:00-05:00,38.51215981716027,38.73205338774022,38.18451718908468,38.63750076293945,8860000
2019-01-14 00:00:00-05:00,38.39780553970272,38.39780553970272,37.23896910056789,37.652366638183594,15355600
2019-01-15 00:00:00-05:00,37.687553909515174,38.65948295943234,37.54682217729434,38.4197998046875,9261200
2019-01-16 00:00:00-05:00,38.26586832149109,38.46157340489732,38.00419451614048,38.41099548339844,7059200
2019-01-17 00:00:00-05:00,38.5099609549276,38.6836753942322,38.35823385884752,38.5891227722168,8200800
2019-01-18 00:00:00-05:00,38.789216718792694,38.83539583567733,38.505555546043695,38.72105026245117,7414400
2019-01-22 00:00:00-05:00,38.57592367588287,39.13005635863919,38.53414672004852,39.00471878051758,8654400
2019-01-23 00:00:00-05:00,39.12785276962751,39.46209185339756,38.74303911666942,39.44449996948242,9089200
2019-01-24 00:00:00-05:00,39.41812170329416,39.77435158233953,39.13226273527949,39.64241409301758,9812800
2019-01-25 00:00:00-05:00,39.25099715356132,39.46869296753439,38.24388433096169,38.30545425415039,15254400
2019-01-28 00:00:00-05:00,38.72545748936094,38.72545748936094,37.77112018253859,37.925045013427734,11976800
2019-01-29 00:00:00-05:00,38.059176257664674,38.13613698742604,37.764519704227695,38.010799407958984,7924400
2019-01-30 00:00:00-05:00,37.874463794210584,38.40000921028419,37.84367883342711,38.17131805419922,8345600
2019-01-31 00:00:00-05:00,38.138335770355916,39.42471095456443,38.118546157208655,39.356544494628906,12519600
2019-02-01 00:00:00-05:00,39.222409710185076,39.38732986541248,38.81120986351699,39.101470947265625,8934000
2019-02-04 00:00:00-05:00,38.945355732739884,39.182841224002296,38.72986094365939,39.16305160522461,11302000
2019-02-05 00:00:00-05:00,39.04649074723567,39.29496812280024,38.87057527463456,39.17842483520508,7956800
2019-02-06 00:00:00-05:00,39.30158229197847,39.41373017567214,39.05310480493517,39.16305160522461,6647200
2019-02-07 00:00:00-05:00,39.141048505530605,39.89968051617713,39.11466235551789,39.87769317626953,8516800
2019-02-08 00:00:00-05:00,39.84691203357416,40.32187955585094,39.80513172184538,40.24271774291992,7322400
2019-02-11 00:00:00-05:00,40.11298135251638,40.445019408119336,40.09099401050235,40.24271774291992,7404400
2019-02-12 00:00:00-05:00,40.240512608545174,40.55056326506543,39.95025156278781,40.29988479614258,7004800
2019-02-13 00:00:00-05:00,40.253710554074225,40.429626055643745,40.1151765513505,40.20753479003906,5726400
2019-02-14 00:00:00-05:00,40.319682434543545,40.55716787690775,40.13936810864671,40.154762268066406,6408000
2019-02-15 00:00:00-05:00,40.59454104561909,40.70448780070117,40.30648108415342,40.469200134277344,8813200
2019-02-19 00:00:00-05:00,40.489003285141074,40.85842286459534,40.32847856651936,40.76166915893555,9774000
2019-02-20 00:00:00-05:00,40.697889838555824,40.92218215055485,40.46919871702113,40.82102966308594,10203200
2019-02-21 00:00:00-05:00,40.656112727869,41.09150095743938,40.58354746372247,41.02333450317383,8274800
2019-02-22 00:00:00-05:00,41.08269860061889,41.3707585178688,40.84741097031054,41.368560791015625,6735200
2019-02-25 00:00:00-05:00,41.4389362036186,41.64563666438527,40.96836417061517,41.3135986328125,7555600
2019-02-26 00:00:00-05:00,41.379568615753826,41.56428175665996,41.153078516801116,41.39056396484375,7644400
2019-02-27 00:00:00-05:00,41.30201548605393,41.50345714633883,41.19133370054443,41.352928161621094,7288000
2019-02-28 00:00:00-05:00,41.39719365395724,41.780155003233574,41.18689897029201,41.55436325073242,12454000
2019-03-01 00:00:00-05:00,41.51009454537377,41.74473937191271,41.304224683959575,41.51894760131836,6865600
2019-03-04 00:00:00-05:00,41.66725975818313,41.73809771496683,41.29979883502167,41.66947555541992,8609200
2019-03-05 00:00:00-05:00,41.698248854910354,41.88419679517319,41.62077364272877,41.68718338012695,7666800
2019-03-06 00:00:00-05:00,41.62963374609262,41.83107541180046,41.390560677627285,41.52116775512695,7155600
2019-03-07 00:00:00-05:00,41.67389570497473,41.86648426722169,41.47909810121892,41.60084533691406,9411200
2019-03-08 00:00:00-05:00,41.751379360660124,41.93289571549655,41.3772744201837,41.77130126953125,6972800
2019-03-11 00:00:00-04:00,41.75137754458913,42.01037248186731,41.718174364581515,41.94839096069336,7135600
2019-03-12 00:00:00-04:00,42.05906723707205,42.360121748194345,41.932888414046054,42.256080627441406,7140400
2019-03-13 00:00:00-04:00,42.030302418569015,42.395554357121746,41.93954591663187,42.2738037109375,4916000
2019-03-14 00:00:00-04:00,42.31585198193211,42.53942792478142,42.105557310060476,42.276004791259766,5816800
2019-03-15 00:00:00-04:00,42.22731163186739,42.488522389972076,42.061288961308094,42.33356857299805,14402000
2019-03-18 00:00:00-04:00,42.38448270010727,42.497376903973816,42.08785632919047,42.25166320800781,7469200
2019-03-19 00:00:00-04:00,42.176399471320394,42.1941089617241,41.56986209151825,41.72703170776367,8080800
2019-03-20 00:00:00-04:00,41.84656037509855,42.318065776566456,41.58092481369359,42.03029251098633,8669200
2019-03-21 00:00:00-04:00,42.12326893593127,42.56378362156944,42.02587181009356,42.48188018798828,7499200
2019-03-22 00:00:00-04:00,42.55714601327239,43.287646464340796,42.55714601327239,42.92903518676758,9486000
2019-03-25 00:00:00-04:00,43.044140826450935,43.18802915793556,42.84491498622872,42.85819625854492,7038400
2019-03-26 00:00:00-04:00,42.90468617910758,43.23894393372421,42.72759465820705,43.1658935546875,6093200
2019-03-27 00:00:00-04:00,43.221232771995275,43.23230162494961,42.694386446573894,42.92681884765625,6116800
2019-03-28 00:00:00-04:00,42.92460739912795,43.03086095886577,42.351276607165005,42.484092712402344,9324000
2019-03-29 00:00:00-04:00,42.486307747227336,42.827209531574496,42.34685099703075,42.79400634765625,12039200
2019-04-01 00:00:00-04:00,42.81612342780339,42.889173780732754,42.10554855631171,42.16753005981445,9640400
2019-04-02 00:00:00-04:00,42.21624551944952,42.28043946489226,41.7735184046339,41.943965911865234,9960400
2019-04-03 00:00:00-04:00,41.86206950936304,42.121064509712774,41.59200565373538,41.906341552734375,8202800
2019-04-04 00:00:00-04:00,42.05464601694815,42.0679272894257,41.49016829247441,41.704891204833984,7106800
2019-04-05 00:00:00-04:00,41.921832224251176,42.13433935108013,41.61634942947719,42.076786041259766,6452800
2019-04-08 00:00:00-04:00,41.93511383395467,42.01923306860855,41.5787183631052,41.75802230834961,5772800
2019-04-09 00:00:00-04:00,41.75801626259859,42.045789527825335,41.73366613913157,41.994876861572266,6617200
2019-04-10 00:00:00-04:00,42.003731509982686,42.37340821464957,41.70488938134549,41.75358963012695,5291600
2019-04-11 00:00:00-04:00,41.7535924728708,42.09891907665811,41.704892220773644,42.067928314208984,5738400
2019-04-12 00:00:00-04:00,41.919617647689144,42.29151019708004,41.715963571155555,42.24723815917969,4768400
2019-04-15 00:00:00-04:00,42.3047918942701,42.517302407155604,42.209603802978265,42.315860748291016,5872800
2019-04-16 00:00:00-04:00,42.293722041626914,42.570426496916255,41.930685931396894,41.952823638916016,6523200
2019-04-17 00:00:00-04:00,42.003735607537976,42.18082713149718,41.84656599336747,41.981597900390625,8045600
2019-04-18 00:00:00-04:00,41.93068163216117,42.209598478508546,41.89083781599993,41.91740036010742,6670800
2019-04-22 00:00:00-04:00,41.87534091869777,42.2428052098114,41.848778374481235,42.143192291259766,7303600
2019-04-23 00:00:00-04:00,42.24945296732796,42.38448488608869,41.634062485825666,42.01259231567383,8818000
2019-04-24 00:00:00-04:00,42.00595124364432,42.30258100452902,41.870919326281474,42.07236099243164,6187200
2019-04-25 00:00:00-04:00,41.93289277769678,42.43981716394523,41.89526138210786,42.16532516479492,5898400
2019-04-26 00:00:00-04:00,42.36897746656027,42.80949209867566,42.34462734362445,42.43760299682617,5653600
2019-04-29 00:00:00-04:00,42.508439075439235,42.70102426874228,42.19410326314138,42.45088577270508,7094400
2019-04-30 00:00:00-04:00,42.44867505504313,43.08841560841537,42.33799327502898,43.04193115234375,10643600
2019-05-01 00:00:00-04:00,42.83605736929106,43.17474331495466,42.70766611088257,42.78293228149414,8541200
2019-05-02 00:00:00-04:00,42.687741589754125,42.915745751563726,42.183033020142645,42.439815521240234,10035600
2019-05-03 00:00:00-04:00,42.40661525032144,42.64126006378375,42.238376797092165,42.592559814453125,6694800
2019-05-06 00:00:00-04:00,42.54607407477621,42.79621596974172,42.245019508550904,42.25830078125,6730000
2019-05-07 00:00:00-04:00,42.017015861493334,42.22731056333242,41.80672115965425,42.00373458862305,7748400
2019-05-08 00:00:00-04:00,41.97053597071139,42.06129247110799,41.46139906296338,41.58979034423828,7887200
2019-05-09 00:00:00-04:00,41.71595812891736,41.88419657982637,41.5012352264863,41.75137710571289,6872400
2019-05-10 00:00:00-04:00,41.740318063977504,42.546081397896714,41.63406448635639,42.44868087768555,6420000
2019-05-13 00:00:00-04:00,42.373405862508946,43.25664754975555,42.298143074111614,43.150390625,10632800
2019-05-14 00:00:00-04:00,43.14818508346058,43.54442775082569,42.83606165050056,43.14375686645508,8954400
2019-05-15 00:00:00-04:00,43.21237772878146,43.41603177836368,43.04856749471467,43.1348991394043,7071600
2019-05-16 00:00:00-04:00,43.053001254073365,43.81227666566804,42.90468806988333,43.632972717285156,8465600
2019-05-17 00:00:00-04:00,43.349630659011375,44.15318154237441,43.30314282059574,44.04692459106445,6821600
2019-05-20 00:00:00-04:00,44.11332525779922,44.40773916650143,44.03806246609055,44.128822326660156,5464000
2019-05-21 00:00:00-04:00,44.162032445449256,44.491865382456815,44.00486282372349,44.029212951660156,6069200
2019-05-22 00:00:00-04:00,44.15981173813557,44.79291156793334,43.967223170510984,44.69993591308594,6706800
2019-05-23 00:00:00-04:00,44.77299785317713,45.111683870784574,44.77299785317713,45.05413055419922,8216000
2019-05-24 00:00:00-04:00,45.09618969574384,45.319765700058646,44.96115777411563,45.01871109008789,5559200
2019-05-28 00:00:00-04:00,45.10724665315643,45.17808122507453,44.47857167203425,44.531700134277344,7048400
2019-05-29 00:00:00-04:00,44.65123123367949,44.777406667062756,43.93401230720907,43.98935317993164,7214400
2019-05-30 00:00:00-04:00,44.07570589954012,44.28378822099694,43.931820912698065,44.0380744934082,6462800
2019-05-31 00:00:00-04:00,44.17172584568112,44.416766794182,43.79748519607719,44.153907775878906,9161600
2019-06-03 00:00:00-04:00,44.31428542564245,44.476905022500944,43.953410099375304,44.459083557128906,6806000
2019-06-04 00:00:00-04:00,44.5838343598272,44.6217037024316,43.74401600001995,44.41453552246094,7811600
2019-06-05 00:00:00-04:00,44.66403852067061,45.633060167416616,44.559339505078356,45.588504791259766,7546400
2019-06-06 00:00:00-04:00,45.666470790163686,45.98056781967462,45.419203422116446,45.83576965332031,5614400
2019-06-07 00:00:00-04:00,46.08971698509254,46.439456933726696,45.530582427978516,45.530582427978516,6242800
2019-06-10 00:00:00-04:00,45.46597202063714,45.59740149730853,44.882330105469755,45.314491271972656,7104800
2019-06-11 00:00:00-04:00,45.265491066895954,45.40137678339871,44.72194820088493,44.991493225097656,4606800
2019-06-12 00:00:00-04:00,45.29444791758347,45.7355181607863,45.174153870011786,45.566219329833984,5236000
2019-06-13 00:00:00-04:00,45.577365028132945,45.77785060545207,45.27663326305661,45.615234375,6806400
2019-06-14 00:00:00-04:00,45.813484072587954,46.185498237480836,45.65532069274757,46.10307693481445,5525200
2019-06-17 00:00:00-04:00,46.167681910618995,46.33475434214114,45.72215542655995,45.971649169921875,6233600
2019-06-18 00:00:00-04:00,46.296889115927165,46.32361961963663,45.414745103441085,45.76002883911133,6576400
2019-06-19 00:00:00-04:00,45.50831210194997,46.127597190064,45.50162947501872,45.94270324707031,6602800
2019-06-20 00:00:00-04:00,46.03625038621862,46.21446165181348,45.60408917185768,45.973876953125,8883600
2019-06-21 00:00:00-04:00,46.14095217379065,46.4394541072727,45.76002552800582,46.23451232910156,12560800
2019-06-24 00:00:00-04:00,46.41494972809176,46.47954957334954,46.08303127033978,46.37930679321289,6009200
2019-06-25 00:00:00-04:00,46.41940951181767,46.537473768466384,45.878093018926606,45.93824005126953,6954000
2019-06-26 00:00:00-04:00,45.75557335049129,45.94269707672913,45.225399090260815,45.23653793334961,7394400
2019-06-27 00:00:00-04:00,45.62191013727717,45.76893468471049,45.35904775861482,45.566219329833984,7529200
2019-06-28 00:00:00-04:00,45.43702144791074,46.385991691655775,45.27663163219361,45.63528060913086,11647600
2019-07-01 00:00:00-04:00,45.52611953932628,45.63527474405152,44.788773803025755,45.44815444946289,8478800
2019-07-02 00:00:00-04:00,45.61523980219913,46.3124865878575,45.610783584655856,46.25902557373047,6696000
2019-07-03 00:00:00-04:00,46.310255160915055,46.65999511955924,46.25902056156191,46.49737548828125,5654400
2019-07-05 00:00:00-04:00,46.21000578555863,46.439451644555234,45.73997522605062,46.359256744384766,4196400
2019-07-08 00:00:00-04:00,46.470645151404376,46.6310349751807,46.205556320465796,46.586483001708984,4322400
2019-07-09 00:00:00-04:00,46.388224759359986,46.55752362158145,46.14986642791224,46.37040328979492,7276000
2019-07-10 00:00:00-04:00,46.43053808528188,46.962945464536915,46.234508755585416,46.6644401550293,5922000
2019-07-11 00:00:00-04:00,46.68895088343944,46.94067445514381,46.4595049973912,46.869388580322266,5830400
2019-07-12 00:00:00-04:00,46.7580081012051,46.83820301280456,46.28797747471055,46.49737548828125,6283200
2019-07-15 00:00:00-04:00,46.48400973180529,46.695634152061054,46.265702685580216,46.52410888671875,8714000
2019-07-16 00:00:00-04:00,46.481784251673936,46.653309520443756,46.06744443780934,46.30802917480469,4281600
2019-07-17 00:00:00-04:00,46.49068601074547,47.07878080943942,46.49068601074547,46.760231018066406,6556800
2019-07-18 00:00:00-04:00,46.83819561226036,47.332730255803156,46.55751516555923,47.305999755859375,4413200
2019-07-19 00:00:00-04:00,47.18126013926129,47.337193744718476,46.646626264568226,46.72013854980469,5843600
2019-07-22 00:00:00-04:00,46.78251296610214,46.933993756770185,46.27461298398161,46.637718200683594,6547600
2019-07-23 00:00:00-04:00,46.6488560021486,46.66890388015616,46.09640065922412,46.17882537841797,6337200
2019-07-24 00:00:00-04:00,46.410490920600935,46.80255638418688,46.0095164233413,46.793643951416016,6080000
2019-07-25 00:00:00-04:00,46.36593498019487,46.65552783667903,46.12089408645516,46.25232696533203,7010000
2019-07-26 00:00:00-04:00,46.365936843930946,46.72458576694984,46.290198164311306,46.59538269042969,4324800
2019-07-29 00:00:00-04:00,46.75800402367152,47.12333561152196,46.619891898721164,47.08769607543945,5274000
2019-07-30 00:00:00-04:00,47.08991269130779,47.30821967546463,46.39489259532467,46.644386291503906,6447200
2019-07-31 00:00:00-04:00,46.75131659052832,46.818146237343825,45.93600577648963,46.14985656738281,8446000
2019-08-01 00:00:00-04:00,46.02956383351369,47.13892368355768,45.9961473120739,46.838191986083984,7507600
2019-08-02 00:00:00-04:00,47.02977998861905,47.49981061942503,46.78474243361025,47.094383239746094,6912800
2019-08-05 00:00:00-04:00,47.12779162711326,47.36837633990496,46.13426945666886,46.34589385986328,8838400
2019-08-06 00:00:00-04:00,46.36593337281427,47.25921260157626,46.03178856516957,47.092140197753906,7171600
2019-08-07 00:00:00-04:00,47.089924219700436,47.671336449747706,46.47732526999574,47.419612884521484,6892800
2019-08-08 00:00:00-04:00,47.49757354027641,48.09457733202464,47.04982069646524,47.94309997558594,5971200
2019-08-09 00:00:00-04:00,48.08568088639636,48.37972664314312,47.89633074218451,48.223793029785156,5828800
2019-08-12 00:00:00-04:00,48.364122936355756,48.364122936355756,47.8116711012899,47.99433517456055,3922400
2019-08-13 00:00:00-04:00,47.98097289687513,48.35076068157305,47.845087187996846,48.03220748901367,7496800
2019-08-14 00:00:00-04:00,48.13913902193661,48.55793161478508,47.833951062251685,47.885189056396484,9558000
2019-08-15 00:00:00-04:00,47.811682063313945,48.533432887756035,47.73593996766816,48.373043060302734,7865600
2019-08-16 00:00:00-04:00,48.626982388813786,48.95890081432013,48.20596003386399,48.45768356323242,10488400
2019-08-19 00:00:00-04:00,48.408683697131494,48.92103987717775,48.25497650320786,48.7762451171875,5632400
2019-08-20 00:00:00-04:00,48.96335693858974,48.96335693858974,48.42649675709382,48.81410598754883,8316000
2019-08-21 00:00:00-04:00,48.97672990622347,49.30641857541668,48.81856649787205,49.288597106933594,7483600
2019-08-22 00:00:00-04:00,49.2685468916014,49.402206199333214,48.90321530277817,49.36878967285156,9159600
2019-08-23 00:00:00-04:00,49.57150572297485,49.94351994237604,49.14825690784945,49.4311637878418,10485600
2019-08-26 00:00:00-04:00,49.56481445784283,49.82990322284365,49.36209912000729,49.814308166503906,7455200
2019-08-27 00:00:00-04:00,49.950192258817054,50.24869753535698,49.87667999363835,49.90118408203125,9541200
2019-08-28 00:00:00-04:00,49.98632473785154,50.174495078620815,49.321005001829484,49.54949951171875,11356800
2019-08-29 00:00:00-04:00,49.847426429715554,49.847426429715554,49.10594316251898,49.53380584716797,8512000
2019-08-30 00:00:00-04:00,49.68838714017344,49.721991184462865,49.025309718189,49.07683181762695,11786800
2019-09-03 00:00:00-04:00,49.016337716421106,50.53514724793689,49.016337716421106,50.52842712402344,9718400
2019-09-04 00:00:00-04:00,50.53514844609779,50.61803567328036,49.91687310420516,50.205848693847656,8909600
2019-09-05 00:00:00-04:00,49.09922318730851,49.5830926344993,48.96929850846506,49.240352630615234,17661200
2019-09-06 00:00:00-04:00,49.307561338930064,49.513653138581084,49.00514205506089,49.31428146362305,9130400
2019-09-09 00:00:00-04:00,49.10370058412426,49.48228349938245,49.034257027961296,49.258270263671875,8297600
2019-09-10 00:00:00-04:00,49.1216306639167,49.206756802223495,48.469751213367026,48.86177444458008,11094800
2019-09-11 00:00:00-04:00,48.83937444566626,49.41508677639832,48.711685240094546,49.29636001586914,8818000
2019-09-12 00:00:00-04:00,49.70181349942575,49.78693961936117,49.220186429431315,49.44868087768555,8671200
2019-09-13 00:00:00-04:00,49.29635924030063,49.309799489481726,48.787848164531596,48.94466018676758,8213200
2019-09-16 00:00:00-04:00,48.962580658129085,49.07682619200564,48.66912041159515,48.904335021972656,5033600
2019-09-17 00:00:00-04:00,48.93345779902073,49.80486925683115,48.93345779902073,49.78022766113281,7596800
2019-09-18 00:00:00-04:00,49.92360193173024,50.22154001752491,49.58982089918474,50.15657424926758,7681600
2019-09-19 00:00:00-04:00,50.344741378241785,50.49258753231163,50.08040395349244,50.38058090209961,5906800
2019-09-20 00:00:00-04:00,50.44778598075746,50.6269972742119,50.098325838515414,50.564273834228516,19007200
2019-09-23 00:00:00-04:00,50.50154881278472,50.730043290238086,50.367139492360145,50.46570587158203,6634000
2019-09-24 00:00:00-04:00,50.60012499777598,51.22512059707446,50.483637125378635,51.18927764892578,8674400
2019-09-25 00:00:00-04:00,51.276633356193386,51.408803776138996,50.965255064499026,51.381919860839844,8423600
2019-09-26 00:00:00-04:00,51.52081370903336,52.14804813671982,51.42896744706097,51.908355712890625,8703600
2019-09-27 00:00:00-04:00,52.02707600874382,52.098761887669475,51.556646828264014,51.805301666259766,7501200
2019-09-30 00:00:00-04:00,51.97556267783717,52.29590003056662,51.91507813457297,52.19285583496094,8937600
2019-10-01 00:00:00-04:00,52.00691746382462,52.23316961806037,51.668655265290525,51.9777946472168,6727600
2019-10-02 00:00:00-04:00,51.901627814238765,52.078596768792515,51.19374515968223,51.323673248291016,8138400
2019-10-03 00:00:00-04:00,51.26767370636534,51.588011020482824,51.20046904619137,51.56113052368164,8017600
2019-10-04 00:00:00-04:00,51.54770135478443,52.387751242089266,51.52305975469662,52.327266693115234,6552800
2019-10-07 00:00:00-04:00,52.295894623423735,52.37878185359977,51.78514466642083,52.09428405761719,6154000
2019-10-08 00:00:00-04:00,52.00243524216581,52.01139426808857,51.5140880023589,51.516326904296875,6968000
2019-10-09 00:00:00-04:00,52.022597872766475,52.47958683259917,51.74706252291418,52.275733947753906,6004000
2019-10-10 00:00:00-04:00,51.97555437264939,52.16372467921309,51.576811067619744,51.971073150634766,7465600
2019-10-11 00:00:00-04:00,51.92403566864678,52.05620609911525,51.198234843034435,51.420005798339844,8301600
2019-10-14 00:00:00-04:00,51.52529673981923,51.608183983305686,50.97422594842998,51.276641845703125,4711600
2019-10-15 00:00:00-04:00,51.375205642715954,51.482734479932105,50.812933531397015,50.971981048583984,5672400
2019-10-16 00:00:00-04:00,51.00109680946255,51.59921178372639,50.75692318448862,51.50288772583008,7662000
2019-10-17 00:00:00-04:00,51.35952100299303,51.87922998799227,51.35952100299303,51.7672233581543,5366400
2019-10-18 00:00:00-04:00,51.78963002867632,52.145810318553586,51.59249725120754,52.07860565185547,8784400
2019-10-21 00:00:00-04:00,52.062930210086314,52.20405626022095,51.66866462705219,52.15029525756836,6488400
2019-10-22 00:00:00-04:00,52.372063167587655,53.738545541300695,52.19733308284027,52.9208984375,12636800
2019-10-23 00:00:00-04:00,53.21435536196607,53.44956998966369,52.802171747016196,52.86713409423828,8912400
2019-10-24 00:00:00-04:00,52.86712662071237,53.24122833534792,52.602792628330846,53.21434783935547,6411200
2019-10-25 00:00:00-04:00,53.23003384235695,53.23675396722024,52.770809358565806,53.064266204833984,6072400
2019-10-28 00:00:00-04:00,52.979144614762184,53.02618891101606,52.114453153667526,52.246620178222656,7164400
2019-10-29 00:00:00-04:00,52.03156303441261,52.23317360958004,51.791867195461045,52.10548782348633,6861200
2019-10-30 00:00:00-04:00,52.26902442916382,53.008269013122366,52.19733853144025,52.74617385864258,4959200
2019-10-31 00:00:00-04:00,52.75960743218216,53.42716603392478,52.625198100048415,53.39132308959961,8228400
2019-11-01 00:00:00-04:00,53.469732255603695,53.514534229566024,52.663283051595776,52.80217361450195,8018000
2019-11-04 00:00:00-05:00,52.69464119275042,52.69464119275042,51.117589256560166,51.433448791503906,13459600
2019-11-05 00:00:00-05:00,50.942853156052216,51.36623805478757,50.338018074740404,50.875648498535156,9502400
2019-11-06 00:00:00-05:00,50.96301999961767,51.18703327434127,50.76140941963496,50.96078109741211,6976400
2019-11-07 00:00:00-05:00,50.76588325422,50.77036447645201,49.43076615544773,49.97511672973633,12473200
2019-11-08 00:00:00-05:00,49.97736152566912,50.3335418019098,49.515891321701105,49.74886703491211,6431600
2019-11-11 00:00:00-05:00,49.81158938127877,50.06248314244647,49.66598212735205,49.78022766113281,6142800
2019-11-12 00:00:00-05:00,49.7735123479285,50.178975846927045,49.75110965215683,50.00424575805664,5798400
2019-11-13 00:00:00-05:00,50.38058087493195,51.11534409527291,50.38058087493195,51.05486297607422,7189200
2019-11-14 00:00:00-05:00,51.075027083073344,51.54993413582043,50.98766204189494,51.49393081665039,6329600
2019-11-15 00:00:00-05:00,51.61712751935771,51.868021240581236,51.15342191544132,51.84114074707031,7382400
2019-11-18 00:00:00-05:00,51.96659569612653,52.51766982606763,51.91507360282114,52.006919860839844,7002400
2019-11-19 00:00:00-05:00,51.99123780031157,52.495267646046045,51.77618698030738,52.118927001953125,6522400
2019-11-20 00:00:00-05:00,52.271248274211985,53.03737314003835,52.13236116009556,52.6923942565918,8506000
2019-11-21 00:00:00-05:00,52.80665127211049,52.927620361460534,52.443750840403375,52.67448425292969,4990000
2019-11-22 00:00:00-05:00,52.73720176785497,52.90521171447602,51.908353381492034,52.280216217041016,5016000
2019-11-25 00:00:00-05:00,52.38998010909041,52.544549805653595,51.917311992981304,52.09652328491211,7456400
2019-11-26 00:00:00-05:00,52.23316755887219,52.69687661348079,52.1950857176707,52.62519073486328,15634000
2019-11-27 00:00:00-05:00,52.54862412309977,52.65221953681875,52.375210225318945,52.49007034301758,8584000
2019-11-29 00:00:00-05:00,52.836889331388036,53.08912520328002,52.52609624890968,52.658973693847656,3557600
2019-12-02 00:00:00-05:00,52.63420701048362,52.63420701048362,52.039648496126006,52.08018493652344,7118000
2019-12-03 00:00:00-05:00,52.24908273472881,52.43375786630721,52.11170354352841,52.300880432128906,9249200
2019-12-04 00:00:00-05:00,52.17026190011168,52.80536021455614,52.136481537197,52.75806427001953,6699200
2019-12-05 00:00:00-05:00,52.50131736484827,52.877420254788866,52.48104914935309,52.82562255859375,6413200
2019-12-06 00:00:00-05:00,52.79184726533855,53.02156060257184,52.589154781569434,52.7873420715332,6196000
2019-12-09 00:00:00-05:00,52.911213930645076,52.91797000373838,52.66347979570292,52.76032257080078,4560000
2019-12-10 00:00:00-05:00,52.780593138460866,52.91346716381625,52.65672606547854,52.80086135864258,4345600
2019-12-11 00:00:00-05:00,52.92471520658904,53.118397280547974,52.68599150910711,53.100379943847656,6212800
2019-12-12 00:00:00-05:00,53.04183946954723,53.19273083621422,52.422507540644446,52.67699432373047,6970400
2019-12-13 00:00:00-05:00,52.49231624451967,53.4607267399378,52.42250120353418,53.36388397216797,8345200
2019-12-16 00:00:00-05:00,53.42919849241553,53.93817544529705,53.24001814637046,53.931419372558594,14284800
2019-12-17 00:00:00-05:00,53.92917758326746,54.25347943874091,53.7850422797937,54.01025390625,10374000
2019-12-18 00:00:00-05:00,54.21518633357521,54.27599442646821,53.76701745859735,54.116092681884766,8585600
2019-12-19 00:00:00-05:00,54.0845644573769,54.280500886500334,53.922411830184686,54.19717025756836,6882800
2019-12-20 00:00:00-05:00,54.96965255839067,55.179097715249235,54.09808468966494,54.66111373901367,16198000
2019-12-23 00:00:00-05:00,54.67687023612833,54.717410109797754,53.67693021406106,53.776023864746094,9474800
2019-12-24 00:00:00-05:00,53.805309068505494,54.165645599365234,53.56433098511565,54.165645599365234,2739600
2019-12-26 00:00:00-05:00,54.10708560526644,54.4921989440918,54.068800046557335,54.4921989440918,5813200
2019-12-27 00:00:00-05:00,54.564260649061076,54.67461555901314,54.39535196616119,54.616058349609375,4319200
2019-12-30 00:00:00-05:00,54.431399121853474,54.550761010217045,54.116100779616865,54.341312408447266,4450000
2019-12-31 00:00:00-05:00,54.40436886769633,54.63408222969629,54.032767658949865,54.5372428894043,6910000
2020-01-02 00:00:00-05:00,54.494450459720376,54.87956036658981,53.58909887659718,53.739990234375,7884800
2020-01-03 00:00:00-05:00,53.742251754634665,54.3570785353261,53.63189682006678,54.122859954833984,7097200
2020-01-06 00:00:00-05:00,54.208425596907546,54.63632965271537,54.145366630612656,54.39310073852539,5518800
2020-01-07 00:00:00-05:00,54.20617984601274,54.54850243575048,54.0890688533342,54.34580993652344,6653200
2020-01-08 00:00:00-05:00,54.42688319738287,54.715153750539756,54.27599184818795,54.3210334777832,5936000
2020-01-09 00:00:00-05:00,54.19716441782201,54.91108813819213,54.17014012835395,54.746681213378906,6958000
2020-01-10 00:00:00-05:00,54.911085031340065,55.109268870319255,54.76920064674863,54.850276947021484,5125600
2020-01-13 00:00:00-05:00,54.73768862228917,55.58898832842299,54.73768862228917,55.49214553833008,5879600
2020-01-14 00:00:00-05:00,55.45384675128063,55.80743058373926,55.35700742073322,55.791664123535156,8252800
2020-01-15 00:00:00-05:00,55.98310235349433,56.79611640199709,55.97634628011962,56.65873718261719,6397200
2020-01-16 00:00:00-05:00,56.50108110883798,56.82313201200621,56.37946493376516,56.814125061035156,7914400
2020-01-17 00:00:00-05:00,56.8366510984487,57.14744420997587,56.62044988417823,57.06861877441406,9354000
2020-01-21 00:00:00-05:00,57.2105017018833,57.94694114970753,56.93574327867055,57.854610443115234,11486400
2020-01-22 00:00:00-05:00,58.318554296103706,58.730688554628045,58.02802936919497,58.532501220703125,7065600
2020-01-23 00:00:00-05:00,58.41087213710806,59.17434269292413,58.41087213710806,58.57302474975586,10212400
2020-01-24 00:00:00-05:00,57.886144480114865,59.473883708629025,57.69246577899922,59.3928108215332,10310400
2020-01-27 00:00:00-05:00,59.145077632633544,60.302668718868446,59.07076081823536,60.07294845581055,8678800
2020-01-28 00:00:00-05:00,60.07294383968569,60.58192428768015,59.390552922811615,59.86349868774414,8262800
2020-01-29 00:00:00-05:00,60.075191159732235,60.088703305192915,59.482883583027494,59.85223388671875,6008400
2020-01-30 00:00:00-05:00,59.87701177267991,60.86343975909847,59.68558052281426,60.7913703918457,6328800
2020-01-31 00:00:00-05:00,60.685514407779145,60.955771070692485,60.07069115266558,60.40175247192383,7536800
2020-02-03 00:00:00-05:00,60.51210588157342,60.69002497154062,59.953578634453834,60.088706970214844,11041200
2020-02-04 00:00:00-05:00,59.967088157153,60.20131013736392,59.43784641402198,59.577476501464844,10482800
2020-02-05 00:00:00-05:00,59.5211767645361,60.28013877059184,59.05273277923576,60.066184997558594,8666800
2020-02-06 00:00:00-05:00,60.075202734259356,60.88145735137195,59.9873668989296,60.431034088134766,7874400
2020-02-07 00:00:00-05:00,60.69677328563139,61.17872247831101,60.62470393271667,60.703529357910156,6410000
2020-02-10 00:00:00-05:00,60.87695035624393,61.214767774612156,60.65624050199469,61.19900131225586,7666800
2020-02-11 00:00:00-05:00,61.428714887344704,61.70572074167346,61.246294051060616,61.29133224487305,7850800
2020-02-12 00:00:00-05:00,61.12918970570773,61.318366645900745,60.8341630268803,60.86569595336914,5836400
2020-02-13 00:00:00-05:00,60.865674132210756,62.129107596121294,60.865674132210756,62.039024353027344,7500400
2020-02-14 00:00:00-05:00,62.088583487808506,62.852047200193006,62.05480312405915,62.725929260253906,7354800
2020-02-18 00:00:00-05:00,63.05923941723157,63.8136995491272,62.692143459529674,63.518672943115234,9789600
2020-02-19 00:00:00-05:00,61.93770147809224,62.41064728689763,61.83185173456395,61.858882904052734,21134800
2020-02-20 00:00:00-05:00,62.14490099453733,62.41515771389077,61.552593276875996,62.390380859375,10731600
2020-02-21 00:00:00-05:00,62.50297497543615,62.77998771725191,62.17416796436537,62.51648712158203,11030800
2020-02-24 00:00:00-05:00,61.88813665892755,62.74619219040769,61.692203692781774,61.6944580078125,9091600
2020-02-25 00:00:00-05:00,61.69446426204543,62.13587705937902,60.76208496914897,60.881446838378906,10285600
2020-02-26 00:00:00-05:00,60.56615084660157,61.55032438869354,60.35670571879276,60.687767028808594,9551600
2020-02-27 00:00:00-05:00,60.68097780273764,61.3352348438672,57.86697611821261,57.92131042480469,14604000
2020-02-28 00:00:00-05:00,56.17811974200313,57.482115415133684,55.030335626152905,57.22176742553711,27468400
2020-03-02 00:00:00-05:00,57.42326388558491,60.87567782340092,57.12443378692943,60.75116729736328,19305600
2020-03-03 00:00:00-05:00,60.91867879765398,62.09815704028583,59.51507889341649,60.026710510253906,15636000
2020-03-04 00:00:00-05:00,60.94358903309951,63.97039234234222,60.94358903309951,63.89115524291992,14713200
2020-03-05 00:00:00-05:00,62.72072666319218,63.356875721348786,61.67708239718796,62.51924514770508,12412000
2020-03-06 00:00:00-05:00,60.798705301950385,61.78349358595992,59.245688353942896,61.5367317199707,14556400
2020-03-09 00:00:00-04:00,57.60663009929664,60.291589032376486,57.60663009929664,59.15059280395508,15564400
2020-03-10 00:00:00-04:00,60.135387058414544,60.517982959011185,54.85602237494954,57.89414596557617,23743600
2020-03-11 00:00:00-04:00,56.41583230487584,56.42036102756588,54.007066539862365,54.61831283569336,19631200
2020-03-12 00:00:00-04:00,48.92919473658677,52.444996880500945,46.64720537187896,47.29014587402344,31668400
2020-03-13 00:00:00-04:00,49.816625889328876,50.25581868418282,44.45349945181986,50.158470153808594,31586400
2020-03-16 00:00:00-04:00,44.824781783474165,49.954729861084154,44.53953441571004,45.58770751953125,20240400
2020-03-17 00:00:00-04:00,46.51363625874327,51.49643020936182,46.183108569630924,50.20375442504883,21538000
2020-03-18 00:00:00-04:00,47.32862815598566,51.614150575328615,45.22322113682212,47.68632125854492,22198000
2020-03-19 00:00:00-04:00,47.54369639743996,50.17432474799948,45.39980384614598,46.884910583496094,17441200
2020-03-20 00:00:00-04:00,46.57928776150421,47.518795707617606,42.30282254942609,43.40985870361328,22482400
2020-03-23 00:00:00-04:00,42.25980811501354,42.68994698631708,39.57258616773255,41.125606536865234,23661600
2020-03-24 00:00:00-04:00,42.52694501555925,47.19732247580243,42.21905750265879,46.75586700439453,17900800
2020-03-25 00:00:00-04:00,46.563439360938546,49.861911145693604,44.161468206083974,47.602561950683594,17794400
2020-03-26 00:00:00-04:00,47.745185715021236,53.01323079672622,47.67727213843497,52.31822204589844,14655200
2020-03-27 00:00:00-04:00,51.04591755300325,54.40551495766651,50.572767904380065,52.51064682006836,16184400
2020-03-30 00:00:00-04:00,53.724083911868,56.19623807301332,53.05624064686613,55.69365692138672,16373600
2020-03-31 00:00:00-04:00,54.81075353313313,56.121537450214966,54.14291017579152,54.47343444824219,18899200
2020-04-01 00:00:00-04:00,52.28652084835491,52.51969997496537,48.22964897246846,49.40460205078125,13691200
2020-04-02 00:00:00-04:00,48.67337124637658,51.96504794933364,48.47867762321495,51.26551055908203,9234400
2020-04-03 00:00:00-04:00,50.701815154798936,51.745463091049345,49.24840238311517,50.17659378051758,8755600
2020-04-06 00:00:00-04:00,52.24803192134806,53.66295548392891,51.62094028558255,53.09019470214844,13267600
2020-04-07 00:00:00-04:00,54.41230770436532,54.55719575444158,51.65263994104064,51.72734832763672,10507200
2020-04-08 00:00:00-04:00,51.985422225768744,53.470525372709595,50.71991202709658,52.861541748046875,18290800
2020-04-09 00:00:00-04:00,53.391295325700916,56.7939035178273,53.28715887723274,55.52839660644531,19587600
2020-04-13 00:00:00-04:00,54.912615935172084,55.209183355748905,53.0607656685213,53.47505569458008,10757200
2020-04-14 00:00:00-04:00,54.75188669960601,55.460478111392554,53.96405472760569,54.87187194824219,11673200
2020-04-15 00:00:00-04:00,54.34211652244531,54.64774138094882,53.32110896595066,53.703704833984375,9990800
2020-04-16 00:00:00-04:00,54.32853888170452,54.5119124321654,53.35507072957527,53.762569427490234,10331200
2020-04-17 00:00:00-04:00,54.90130137735006,55.94721530982027,54.05461325868789,55.7502555847168,10952800
2020-04-20 00:00:00-04:00,55.566879159047495,55.98569792814787,53.678805928424524,53.79199981689453,8714400
2020-04-21 00:00:00-04:00,53.21697378256385,53.91877378413727,52.309156630583416,53.296207427978516,10622000
2020-04-22 00:00:00-04:00,53.8644402649606,56.302637506356106,53.8644402649606,55.95626449584961,11759600
2020-04-23 00:00:00-04:00,55.77969200053544,56.08757955828482,54.362505562849925,54.591156005859375,9360400
2020-04-24 00:00:00-04:00,54.724718909851326,54.7745244994579,53.41619777434101,54.26515197753906,8029200
2020-04-27 00:00:00-04:00,54.810744629571765,55.76383868723495,54.65679914547835,55.14806365966797,8457600
2020-04-28 00:00:00-04:00,55.75025184794555,55.895139884781926,53.90293024188259,54.17459487915039,8464800
2020-04-29 00:00:00-04:00,54.78357669989515,54.86281034529824,52.81400037353987,53.23055648803711,9901600
2020-04-30 00:00:00-04:00,52.94303850136858,52.95209249128562,51.82015375949753,52.32273483276367,17934800
2020-05-01 00:00:00-04:00,52.04882119060519,52.07372398738588,50.93725623656371,51.40135192871094,9168000
2020-05-04 00:00:00-04:00,51.39002407823556,52.33406066990208,50.92366582212438,52.089561462402344,9077200
2020-05-05 00:00:00-04:00,52.377078575511725,53.099256169256655,51.93109435845426,52.09183120727539,8042000
2020-05-06 00:00:00-04:00,52.27745898342862,52.33179328718824,50.39843996151112,50.40749740600586,7377600
2020-05-07 00:00:00-04:00,50.98252614641917,51.74998056409759,50.43466814644372,50.81952667236328,8692000
2020-05-08 00:00:00-04:00,51.478313912556544,52.21181151712666,51.104775480853235,52.008060455322266,11308800
2020-05-11 00:00:00-04:00,51.34248753289814,51.67980659776626,50.73576988830191,51.47605895996094,7854400
2020-05-12 00:00:00-04:00,51.66168871479442,51.94014470623364,50.99837420306298,51.600563049316406,9565200
2020-05-13 00:00:00-04:00,51.35380378748951,52.18917525817614,51.16363887911952,52.09635543823242,14076800
2020-05-14 00:00:00-04:00,51.56433306716421,52.82304826489059,51.45566447204352,52.57402038574219,11595600
2020-05-15 00:00:00-04:00,52.07598221217032,52.26841321230863,50.53428193999621,51.58245849609375,20232400
2020-05-18 00:00:00-04:00,52.96116468458903,53.631270665957615,52.63290305183453,53.303009033203125,9123200
2020-05-19 00:00:00-04:00,52.956630301857494,53.14000385517326,52.173330499495904,52.1823844909668,6532800
2020-05-20 00:00:00-04:00,52.589874064689454,53.47957624798404,52.250292445831455,52.700801849365234,5847200
2020-05-21 00:00:00-04:00,52.6804457753662,52.85702800113538,51.6322725027936,51.82017135620117,8308400
2020-05-22 00:00:00-04:00,51.80430935044953,52.97699623967726,51.42397613340072,52.94077682495117,5990000
2020-05-26 00:00:00-04:00,53.50448111124704,53.97083933317667,52.9294577343054,53.04491424560547,7658800
2020-05-27 00:00:00-04:00,53.823698223708156,54.61379287129237,53.18754907290644,54.588890075683594,12343600
2020-05-28 00:00:00-04:00,55.32917421687562,57.06330550863934,55.15712074092339,56.90483474731445,12416000
2020-05-29 00:00:00-04:00,56.621854263172125,58.07073829335297,56.483757563418074,57.85566711425781,15309600
2020-06-01 00:00:00-04:00,57.839718345114086,58.80488755475177,57.19323642669055,58.194828033447266,6655600
2020-06-02 00:00:00-04:00,58.176623486196846,59.26016033551278,57.75777284331029,58.41108703613281,10640000
2020-06-03 00:00:00-04:00,58.77302303821617,59.699498238534204,58.43384944689358,59.08943176269531,7303200
2020-06-04 00:00:00-04:00,58.652385860989014,59.310246848205274,56.4716439687361,57.338932037353516,12012400
2020-06-05 00:00:00-04:00,57.404939515214956,58.85725058287168,56.91097243910125,57.905738830566406,12370800
2020-06-08 00:00:00-04:00,57.60525835568689,59.35349184389645,57.038449961874676,59.2943115234375,8149200
2020-06-09 00:00:00-04:00,58.982446616833876,58.9915539534804,57.832893715542546,58.882293701171875,7990400
2020-06-10 00:00:00-04:00,58.914157836109354,59.38991370060026,58.176623359636096,58.45433807373047,6674400
2020-06-11 00:00:00-04:00,58.015000216358715,58.03776508374945,55.968562292078985,56.52854537963867,9718400
2020-06-12 00:00:00-04:00,57.31161222860423,57.39128232129257,55.59752253246273,56.20530700683594,8356800
2020-06-15 00:00:00-04:00,55.70678041749634,57.12039037441432,54.93509869686624,56.58317565917969,8404400
2020-06-16 00:00:00-04:00,57.70997400329496,57.746392930562415,56.15067427351328,56.49212646484375,8056800
2020-06-17 00:00:00-04:00,56.90641664605691,57.13632651026469,55.93214012128623,56.68105697631836,6767600
2020-06-18 00:00:00-04:00,56.49895817934217,56.89049032370875,56.077835872116,56.665130615234375,6386800
2020-06-19 00:00:00-04:00,57.25014733698828,57.28201606734399,55.13542175292969,55.13542175292969,14452800
2020-06-22 00:00:00-04:00,55.360773333104916,56.49894714124207,54.757542604164556,56.23488998413086,7190800
2020-06-23 00:00:00-04:00,56.71975361372382,56.96559957515557,55.15817899692218,55.36305236816406,9306000
2020-06-24 00:00:00-04:00,54.937377053917864,55.652150125251936,54.295448779539896,55.01249694824219,6901200
2020-06-25 00:00:00-04:00,54.932831219379025,54.932831219379025,53.623931128525555,54.441139221191406,7824800
2020-06-26 00:00:00-04:00,54.29089961193506,55.101278941378865,53.45092664709572,53.77189254760742,10107200
2020-06-29 00:00:00-04:00,54.06554405367302,54.288628674867276,53.21191349121078,54.231719970703125,5793200
2020-06-30 00:00:00-04:00,54.38423621450344,55.04437580962094,54.06327028152425,54.67105484008789,9532400
2020-07-01 00:00:00-04:00,54.55723379888267,56.33961475522333,54.247650322300544,56.05734634399414,6024400
2020-07-02 00:00:00-04:00,56.48985764499488,56.84496740769253,55.941256896334984,56.08921813964844,5981200
2020-07-06 00:00:00-04:00,56.496679886584154,56.71520734295987,55.67491814409996,56.21669006347656,6256800
2020-07-07 00:00:00-04:00,55.64532780019299,56.53082705927201,55.460944162524754,56.16205978393555,6017200
2020-07-08 00:00:00-04:00,56.187092394226525,57.851102057474044,56.02547017433171,57.65306091308594,9633600
2020-07-09 00:00:00-04:00,57.18868205905953,57.675820325916455,56.58089764247385,57.36168670654297,6818800
2020-07-10 00:00:00-04:00,57.40493349465681,59.47868982066177,57.31160588061234,59.09398651123047,10079200
2020-07-13 00:00:00-04:00,58.95513156221167,59.73364559433371,58.13564840889927,58.32913589477539,9600800
2020-07-14 00:00:00-04:00,58.32914677764732,60.252663875216726,58.24264790394157,59.76552200317383,12154400
2020-07-15 00:00:00-04:00,60.227611836759756,60.64646597858698,58.914161552329865,58.95741271972656,8444800
2020-07-16 00:00:00-04:00,59.150892840669705,61.41585449876183,58.90049321925421,61.09261703491211,10142000
2020-07-17 00:00:00-04:00,61.47504325827448,63.159539107381654,61.21781486576557,62.68606185913086,12461600
2020-07-20 00:00:00-04:00,62.713395438104094,63.25516744304216,62.20121707245715,62.447059631347656,6368800
2020-07-21 00:00:00-04:00,62.35373845452764,63.63987391167271,62.31731604648929,62.9023323059082,5958400
2020-07-22 00:00:00-04:00,62.93418341032382,64.28405589208207,62.48802121850582,63.833343505859375,6368000
2020-07-23 00:00:00-04:00,63.737728261371316,64.7233836453658,63.53513000490436,63.958534240722656,8150000
2020-07-24 00:00:00-04:00,64.39333165133411,65.0193273349616,63.28475131582631,63.79465103149414,7716000
2020-07-27 00:00:00-04:00,63.96537024945644,64.10422412440107,62.849961267930816,63.1982421875,8909200
2020-07-28 00:00:00-04:00,63.10038218881838,64.48667756950688,62.97062865914766,63.746864318847656,6547600
2020-07-29 00:00:00-04:00,63.79237196952539,64.84404359842651,63.70131944198023,64.06553649902344,5381600
2020-07-30 00:00:00-04:00,63.76961623823947,64.29317349975499,63.54198143812615,64.2704086303711,4235200
2020-07-31 00:00:00-04:00,63.9471861163102,64.37969094868518,62.80218308082069,63.8971061706543,8030400
2020-08-03 00:00:00-04:00,63.997247989850045,64.16113836913645,62.92508313064757,63.18914031982422,8624400
2020-08-04 00:00:00-04:00,63.44409474951565,64.92827812862494,63.14589370980713,64.88729858398438,9142400
2020-08-05 00:00:00-04:00,64.92600024582774,65.10355511827578,64.18390854840646,64.59820556640625,6381600
2020-08-06 00:00:00-04:00,64.42748319784035,64.82356556392557,63.99042128430289,64.37740325927734,4588000
2020-08-07 00:00:00-04:00,64.38422680430763,65.87978912627544,64.30683180496237,65.50874328613281,4368800
2020-08-10 00:00:00-04:00,65.62483800917406,65.81377183532237,64.404711876762,64.56633758544922,7240000
2020-08-11 00:00:00-04:00,64.6437169043996,64.78029219289327,62.927348994764756,63.234657287597656,6825200
2020-08-12 00:00:00-04:00,63.569279776506356,65.09670693825365,63.44180487773269,64.7825698852539,6124400
2020-08-13 00:00:00-04:00,64.42746795712462,64.98061877481241,64.33641543951185,64.73932647705078,3680000
2020-08-14 00:00:00-04:00,64.65057060962506,64.68016424916897,63.74230290958558,63.85157012939453,4912800
2020-08-17 00:00:00-04:00,64.20665919173777,64.8918420353104,63.81284856010413,64.4183578491211,4801200
2020-08-18 00:00:00-04:00,64.35692091448603,64.91462903972173,64.23855330099992,64.43203735351562,4764800
2020-08-19 00:00:00-04:00,64.70064173707941,64.7074705032083,64.15204103518278,64.2704086303711,5481600
2020-08-20 00:00:00-04:00,63.91528928431493,64.59364338749062,63.86520935794811,64.2180404663086,3631200
2020-08-21 00:00:00-04:00,64.34324750093344,64.42974982849867,63.84017658418987,64.28633880615234,5685600
2020-08-24 00:00:00-04:00,64.42064954725187,64.44796461224027,63.79693240714034,64.33642578125,3548800
2020-08-25 00:00:00-04:00,64.55722769070621,64.56860665143608,63.54197847467133,64.03594207763672,4051600
2020-08-26 00:00:00-04:00,63.767329721935226,64.05870195190124,63.31888894371247,63.510101318359375,5238800
2020-08-27 00:00:00-04:00,63.6016370314521,64.16902105514438,63.28134241400445,63.8029670715332,4555600
2020-08-28 00:00:00-04:00,63.963104813748735,64.0523334747225,63.42775379360124,63.956241607666016,4618400
2020-08-31 00:00:00-04:00,63.91276315331774,64.89424337394507,63.75719251646184,63.869300842285156,6013600
2020-09-01 00:00:00-04:00,63.83497229407132,63.94936369040054,62.69792153528307,63.4025764465332,5729600
2020-09-02 00:00:00-04:00,63.478077872152014,66.27838427443572,63.06856166041536,65.94893646240234,9754400
2020-09-03 00:00:00-04:00,66.01526946533883,66.59637969105678,63.590177542847584,64.19416046142578,7855200
2020-09-04 00:00:00-04:00,64.78671261365116,65.43188179511847,62.40966291608631,63.446048736572266,7247600
2020-09-08 00:00:00-04:00,63.54213183707462,64.2490698423386,62.983901253557335,63.58102798461914,7158000
2020-09-09 00:00:00-04:00,64.05918812887049,65.61948860109337,64.02258204068345,64.60140228271484,4781600
2020-09-10 00:00:00-04:00,64.30168480087983,64.51445110140165,63.24241945829375,63.352237701416016,4362800
2020-09-11 00:00:00-04:00,63.64052830655659,63.87388429952319,63.018238676747174,63.635948181152344,3932800
2020-09-14 00:00:00-04:00,63.95623768741204,64.97203401678111,63.70000203349875,64.49845886230469,3916400
2020-09-15 00:00:00-04:00,67.63964156938604,68.4746974935715,66.6101188454018,67.65108489990234,10827600
2020-09-16 00:00:00-04:00,65.15047540391748,65.6492272138637,63.86014404326839,64.1392593383789,19501600
2020-09-17 00:00:00-04:00,63.601623964946704,64.12095845290396,63.10058903055593,63.949371337890625,9385600
2020-09-18 00:00:00-04:00,63.823528396480654,64.51444983508601,63.10743722307429,63.35452651977539,14386000
2020-09-21 00:00:00-04:00,62.91528095009326,63.301924507938416,62.1305574851713,63.189823150634766,7558800
2020-09-22 00:00:00-04:00,63.478066311495894,64.04774016458211,62.90839944030584,63.61533737182617,7192800
2020-09-23 00:00:00-04:00,63.752626512779784,63.752626512779784,62.485167634575376,62.52863693237305,5855200
2020-09-24 00:00:00-04:00,62.39136252226901,64.00428563467511,62.35704649474926,63.49638748168945,7478400
2020-09-25 00:00:00-04:00,63.00678947927413,64.54650042628369,62.76199017748594,64.47557830810547,5456800
2020-09-28 00:00:00-04:00,64.85077765830931,65.43875119456602,64.66318104793953,65.00635528564453,6918400
2020-09-29 00:00:00-04:00,64.99720468644018,65.41587420159551,64.5625186972122,64.77299499511719,7094000
2020-09-30 00:00:00-04:00,64.23992463488163,64.775275551287,61.1170407982352,63.500953674316406,23238400
2020-10-01 00:00:00-04:00,63.848702024733065,64.98346976231947,63.748044014071745,64.69062805175781,10018400
2020-10-02 00:00:00-04:00,63.77778181705411,65.69498289358624,63.71601297146248,64.32686614990234,8306000
2020-10-05 00:00:00-04:00,64.9377106438134,66.11365761482399,64.72951745308167,65.86885833740234,6599200
2020-10-06 00:00:00-04:00,66.0358791972912,66.9189775670358,65.26259211719068,66.41107940673828,7288400
2020-10-07 00:00:00-04:00,67.0219316738182,68.12465958896762,66.23262813130775,67.9759521484375,10130400
2020-10-08 00:00:00-04:00,68.3305808362033,69.08785155497885,67.93249390647283,68.87279510498047,5694400
2020-10-09 00:00:00-04:00,69.48591930206058,69.48591930206058,68.7034789751266,69.30060577392578,6472000
2020-10-12 00:00:00-04:00,69.321191804872,70.47883227118047,69.0924089936348,69.93204498291016,5816400
2020-10-13 00:00:00-04:00,69.32119067549156,69.62318565705992,68.40605944545207,68.97115325927734,8596800
2020-10-14 00:00:00-04:00,69.0924065196198,69.38524822824165,68.33513600009229,68.78126525878906,5501200
2020-10-15 00:00:00-04:00,68.17269758043464,68.60967354269299,67.64191983740805,68.28250885009766,5739200
2020-10-16 00:00:00-04:00,68.53416574486994,70.05328668282283,68.34198905667638,69.916015625,7449600
2020-10-19 00:00:00-04:00,69.80848737028629,70.38044429236199,68.20929805036937,68.53187561035156,7710400
2020-10-20 00:00:00-04:00,68.91394304373313,69.572838507698,68.50213686970295,68.86132049560547,6003200
2020-10-21 00:00:00-04:00,68.3831649264761,69.20221110945853,67.58928847744347,68.10404968261719,7796000
2020-10-22 00:00:00-04:00,68.54790177789175,69.62089367406293,68.45639005379189,69.1541748046875,8463600
2020-10-23 00:00:00-04:00,69.34407481427772,69.9045885396025,69.01005384875333,69.33721160888672,5617200
2020-10-26 00:00:00-04:00,68.92768803707438,69.30975842020965,68.08118880654814,69.24111938476562,5707600
2020-10-27 00:00:00-04:00,69.67808822875506,69.9434771116092,68.65313878275597,69.34864044189453,4834200
2020-10-28 00:00:00-04:00,68.3969064045225,69.59573306753083,67.98510014240108,68.14067077636719,7508900
2020-10-29 00:00:00-04:00,68.06745300774628,68.66228965673113,66.7496688881253,67.7288589477539,7753100
2020-10-30 00:00:00-04:00,67.47264503103813,68.04002206288841,66.34703027299184,66.99677276611328,8790500
2020-11-02 00:00:00-05:00,67.81123053915206,69.04665644524167,67.46348314527364,68.75381469726562,9233600
2020-11-03 00:00:00-05:00,69.59574288671465,70.40105597195162,68.99175283636326,69.56828308105469,6887900
2020-11-04 00:00:00-05:00,68.1864126015781,68.55246639708024,66.80456283995784,67.09740447998047,12128800
2020-11-05 00:00:00-05:00,68.90939191862142,69.77876388907033,68.16813079387971,68.40606689453125,8644100
2020-11-06 00:00:00-05:00,68.63484370220293,69.60488059232024,67.8295307162468,69.29373931884766,6076100
2020-11-09 00:00:00-05:00,74.20798136504561,76.2670264459656,68.95513053576303,69.10155487060547,12864500
2020-11-10 00:00:00-05:00,70.82201009468963,70.95012791695515,68.91853533260517,69.54082489013672,8649200
2020-11-11 00:00:00-05:00,70.01668274230728,71.72797343887073,69.74214061826905,70.95926666259766,6903300
2020-11-12 00:00:00-05:00,71.02333440502251,71.28872329613552,69.56827213745768,70.1631088256836,5901900
2020-11-13 00:00:00-05:00,70.46510750537092,71.13315640180738,70.27293077727488,70.63898468017578,6235000
2020-11-16 00:00:00-05:00,71.56325735988011,71.63646953185523,69.84281320984691,71.15145111083984,7667600
2020-11-17 00:00:00-05:00,71.15145680006007,71.81035243672693,69.90687770455544,70.10820770263672,5866300
2020-11-18 00:00:00-05:00,70.75792979222547,70.79453587064864,69.3394739263836,69.35778045654297,6501900
2020-11-19 00:00:00-05:00,69.49507582643778,69.5682810270083,68.46097294928958,68.75381469726562,7392300
2020-11-20 00:00:00-05:00,68.89107898901115,69.8519695887762,68.86362616877169,69.13816833496094,5891000
2020-11-23 00:00:00-05:00,69.54997867309513,69.56827822702674,67.83868063173448,68.24134063720703,7634600
2020-11-24 00:00:00-05:00,69.06495900433328,69.23883618220783,68.18643381099972,68.61654663085938,6699600
2020-11-25 00:00:00-05:00,68.65331148118356,69.89453108766139,68.48781506601048,69.84856414794922,6443100
2020-11-27 00:00:00-05:00,69.92213039151625,69.9956789092624,68.68090358005749,69.07625579833984,3669300
2020-11-30 00:00:00-05:00,69.23255114816564,69.32449204051287,67.34773128916558,67.66033172607422,13120300
2020-12-01 00:00:00-05:00,68.14764273352719,69.48080342337984,67.99133547531643,68.17522430419922,8099500
2020-12-02 00:00:00-05:00,68.166026420459,68.36830061989845,67.03513996307139,68.32232666015625,5128800
2020-12-03 00:00:00-05:00,68.07408618134721,68.54299391966605,67.13627070470955,67.43968200683594,7660500
2020-12-04 00:00:00-05:00,67.22822660686914,67.62357886167649,66.14330695516357,66.67656707763672,7763800
2020-12-07 00:00:00-05:00,66.65817431818856,67.84423095126228,66.56623341171247,67.36612701416016,6752200
2020-12-08 00:00:00-05:00,66.98916117970309,68.30393636674633,66.31797929485967,67.74308776855469,8255400
2020-12-09 00:00:00-05:00,67.6143642610927,67.9453570826795,66.612189602777,67.73388671875,6683700
2020-12-10 00:00:00-05:00,67.84422815732195,68.13844325471409,67.10868690652099,67.37532043457031,6204600
2020-12-11 00:00:00-05:00,67.24659392949641,67.93616114125469,67.12707147139552,67.8534164428711,6022500
2020-12-14 00:00:00-05:00,68.40506611741027,69.1589926253445,67.57758409293609,67.6235580444336,5759900
2020-12-15 00:00:00-05:00,67.72469895511718,69.23255205623845,67.38450993286595,68.87397766113281,6859400
2020-12-16 00:00:00-05:00,69.12221208954327,69.64628284821154,68.22117458473542,68.44184112548828,7787700
2020-12-17 00:00:00-05:00,69.01190185546875,69.89454726918927,68.80962763291238,69.01190185546875,9384200
2020-12-18 00:00:00-05:00,69.03947802973174,69.45322263841742,67.97295086871254,68.50621795654297,13298300
2020-12-21 00:00:00-05:00,67.98214131972567,68.54298993115087,67.0075481345744,68.40507507324219,7251400
2020-12-22 00:00:00-05:00,68.44185286152644,69.16819789978128,67.92697119278719,68.69009399414062,5335300
2020-12-23 00:00:00-05:00,69.10385170620579,69.46242619628877,68.34072875976562,68.34072875976562,4626400
2020-12-24 00:00:00-05:00,68.45103915387844,69.10383565304052,68.1844126582825,68.93833923339844,1387500
2020-12-28 00:00:00-05:00,69.35207868476972,69.76581623794665,68.99350426811213,69.40724182128906,3753700
2020-12-29 00:00:00-05:00,69.51756147934796,69.75661338179813,69.05785005944202,69.26012420654297,3774900
2020-12-30 00:00:00-05:00,69.53597449448296,70.13360098088148,69.42564819921346,69.79341888427734,3804800
2020-12-31 00:00:00-05:00,69.78420817088828,70.97026470079629,69.56354861161078,70.93348693847656,4119400
2021-01-04 00:00:00-05:00,70.98865907289903,71.25529262253391,67.65115563404365,68.23958587646484,9388400
2021-01-05 00:00:00-05:00,68.50620958751486,69.12222131304264,68.0924650293741,68.74525451660156,7339800
2021-01-06 00:00:00-05:00,70.47377962247097,72.97461149180845,69.50838259442892,72.1103515625,12155700
2021-01-07 00:00:00-05:00,73.46189531518323,74.16065872325393,72.53327616896402,72.90104675292969,8816000
2021-01-08 00:00:00-05:00,73.3975429532923,74.66634422298948,73.03896852892916,74.59278869628906,8376200
2021-01-11 00:00:00-05:00,74.45487823780441,74.47326361151342,72.60683602853038,73.2688217163086,7064300
2021-01-12 00:00:00-05:00,73.23205658387566,74.0595388363063,72.2114963083182,73.3239974975586,7669300
2021-01-13 00:00:00-05:00,74.10549239529858,75.61334555409124,73.700951045264,75.24557495117188,8542600
2021-01-14 00:00:00-05:00,75.35592629840227,76.07307528793507,74.61119573460167,75.87999725341797,8899000
2021-01-15 00:00:00-05:00,75.79722919601366,76.5511557240172,75.34670690619375,75.42945861816406,10561600
2021-01-19 00:00:00-05:00,75.85240935383513,76.49600274855636,75.17203819160956,76.1374282836914,8142700
2021-01-20 00:00:00-05:00,75.99031039748016,78.17853455590021,75.77884002647994,77.27750396728516,8576800
2021-01-21 00:00:00-05:00,77.46138640892298,77.92109790096406,76.90973402140182,76.96489715576172,9268600
2021-01-22 00:00:00-05:00,77.18556199629705,77.73722143625646,76.81779838917899,77.42461395263672,6371800
2021-01-25 00:00:00-05:00,77.34184941482313,80.62418857070574,77.32345703039836,79.8702621459961,13215600
2021-01-26 00:00:00-05:00,79.66799800080723,80.22884654726069,77.921093037164,78.36241912841797,12476900
2021-01-27 00:00:00-05:00,77.78319866892242,77.96708751144728,73.19527902121918,73.72854614257812,16893300
2021-01-28 00:00:00-05:00,74.16985985953525,77.10282179583238,73.59982202639823,75.81562805175781,8541300
2021-01-29 00:00:00-05:00,75.22719359763443,75.81562378789384,73.75611812198588,74.35374450683594,13189700
2021-02-01 00:00:00-05:00,75.64093796999252,76.44083861996394,74.33535880629448,75.11686706542969,5589500
2021-02-02 00:00:00-05:00,75.49383030653648,77.66366935509133,75.4386671659493,76.24775695800781,6645400
2021-02-03 00:00:00-05:00,76.72584923350225,77.12120141794558,76.2293669689837,76.35808563232422,5971200
2021-02-04 00:00:00-05:00,76.33049627489491,76.81779636933149,75.91675872044534,76.3121109008789,6398400
2021-02-05 00:00:00-05:00,76.66149532750161,77.73722568246878,76.31211707579904,76.86376953125,5745800
2021-02-08 00:00:00-05:00,77.23153062209295,77.90271248656019,76.43163010109349,76.67987823486328,6792300
2021-02-09 00:00:00-05:00,76.82697771102222,77.57171505354968,76.31210311541035,77.07522583007812,5008900
2021-02-10 00:00:00-05:00,78.10498221358128,78.14175997588883,76.72584769293199,77.14878845214844,6200800
2021-02-11 00:00:00-05:00,77.23152082420366,77.96706192362342,76.88214266003116,77.185546875,4417200
2021-02-12 00:00:00-05:00,77.25911511510756,77.38783377651446,75.96273230675507,76.43163299560547,5787200
2021-02-16 00:00:00-05:00,76.57876725731192,76.83620465815736,74.46409086812206,74.64797973632812,8312600
2021-02-17 00:00:00-05:00,74.31696912496888,74.5008509348279,73.20446804164654,74.1790542602539,8598300
2021-02-18 00:00:00-05:00,74.31696225873968,74.73989599405323,73.498676355579,74.22502136230469,5378900
2021-02-19 00:00:00-05:00,73.95838387912008,74.08710253014205,71.66901569742853,71.80693054199219,9660900
2021-02-22 00:00:00-05:00,71.53109848141126,71.65981711554316,68.54297430473316,69.04865264892578,13190300
2021-02-23 00:00:00-05:00,68.95672751562464,68.95672751562464,67.40290034425408,68.69009399414062,12719000
2021-02-24 00:00:00-05:00,68.80043283531568,68.87398836744845,67.42129817371334,67.816650390625,12302200
2021-02-25 00:00:00-05:00,67.79353051428785,68.70853326524522,67.2020128721087,68.44974517822266,11747100
2021-02-26 00:00:00-05:00,68.51445140690258,69.83612535875618,67.90445184144185,67.9136962890625,12583200
2021-03-01 00:00:00-05:00,68.98582406776163,71.08386957491065,68.7362803771162,70.15962219238281,12272600
2021-03-02 00:00:00-05:00,70.8250761283728,71.02841168576693,69.73446390808004,69.8176498413086,8738500
2021-03-03 00:00:00-05:00,70.0394691927173,70.17810771765652,66.6289939158751,67.02642059326172,11748900
2021-03-04 00:00:00-05:00,66.81383465379795,67.52550193478105,65.15018678060162,65.88958740234375,11998700
2021-03-05 00:00:00-05:00,66.18534479334723,66.54580064941581,63.15381500310532,65.34427642822266,15509900
2021-03-08 00:00:00-05:00,65.62155867043104,66.95247704640715,65.20565020366217,65.4921646118164,12479400
2021-03-09 00:00:00-05:00,66.92474912392703,69.0505136432346,66.84156320173284,68.41278076171875,9363700
2021-03-10 00:00:00-05:00,68.21869580978334,69.07824614199177,67.1835432730663,68.8194580078125,8247200
2021-03-11 00:00:00-05:00,69.2815865407637,69.8268961914855,68.819462825536,69.18916320800781,6602500
2021-03-12 00:00:00-05:00,69.4849107246394,70.25203765863799,68.43126939058355,69.93778991699219,6113100
2021-03-15 00:00:00-04:00,69.77142989692703,70.43688911162519,69.35552141346449,69.79915618896484,7129200
2021-03-16 00:00:00-04:00,69.47566295516471,70.5570305276517,69.43869221959504,69.66975402832031,6512700
2021-03-17 00:00:00-04:00,69.31855577316479,69.49416503758688,67.29445168812498,67.43309020996094,10343300
2021-03-18 00:00:00-04:00,67.47004397976607,67.47928842594911,64.94684608172197,65.74169921875,14198800
2021-03-19 00:00:00-04:00,65.78793401919062,67.12809000612516,64.75277433279632,65.47368621826172,22806700
2021-03-22 00:00:00-04:00,65.39974984362392,66.94324135282517,65.39974984362392,66.2593002319336,10057700
2021-03-23 00:00:00-04:00,66.15762218695103,68.66233147685415,66.14837773971897,68.41278076171875,10723800
2021-03-24 00:00:00-04:00,67.8674741720978,68.08005413698017,66.92474510303559,67.31292724609375,14537400
2021-03-25 00:00:00-04:00,67.57172273302864,68.14475861506945,66.98020500705957,67.8859634399414,6823600
2021-03-26 00:00:00-04:00,67.56246871495392,68.51444219997829,67.13731585035305,68.44974517822266,10106000
2021-03-29 00:00:00-04:00,68.4959646472125,69.50339077068928,68.1077824923745,69.13369750976562,8644500
2021-03-30 00:00:00-04:00,68.49597321630385,68.91188171259807,68.15399915057564,68.59764099121094,5964600
2021-03-31 00:00:00-04:00,68.89339514066609,70.1873427813324,68.79172737273498,69.88233947753906,9430500
2021-04-01 00:00:00-04:00,69.7806763447979,70.59401149082532,69.66976412202004,70.03022003173828,6548900
2021-04-05 00:00:00-04:00,70.7418819858092,71.61991401083618,70.7418819858092,70.96369934082031,7328400
2021-04-06 00:00:00-04:00,70.7696132648985,71.86022532683634,70.19657741830504,71.68461608886719,6570500
2021-04-07 00:00:00-04:00,71.73083663769704,72.14674512021182,70.96370965297656,71.54598999023438,6761600
2021-04-08 00:00:00-04:00,71.81400143504585,72.47022312322063,71.5737022507427,71.86946105957031,7454600
2021-04-09 00:00:00-04:00,71.99886452873632,72.25765263892794,71.74007641854469,72.03583526611328,4969600
2021-04-12 00:00:00-04:00,71.88796188237222,72.3593300323422,71.36114114468157,71.7585678100586,6052900
2021-04-13 00:00:00-04:00,71.42583577357783,73.20038903531257,71.39810948065195,73.0525131225586,6319000
2021-04-14 00:00:00-04:00,72.59037109598825,73.22810387794591,72.44248816915038,73.13567352294922,4478200
2021-04-15 00:00:00-04:00,73.20962676934177,74.18932663726254,73.0340175283193,74.10614776611328,5012400
2021-04-16 00:00:00-04:00,74.61447979537418,75.24296817542611,74.1708380353301,74.8085708618164,15124100
2021-04-19 00:00:00-04:00,74.8640199804269,75.20599396824086,73.58856143779953,73.74568176269531,7658200
2021-04-20 00:00:00-04:00,73.62554345450656,74.82706071611564,73.59781011223365,74.42963409423828,7192100
2021-04-21 00:00:00-04:00,74.75311636417703,75.030393364662,71.80477237949229,72.06356048583984,8565100
2021-04-22 00:00:00-04:00,72.27613460165016,73.29281225258349,72.10976980890172,72.38704681396484,8261700
2021-04-23 00:00:00-04:00,72.26689459062777,72.67355858483728,71.93416501717195,72.31310272216797,6034900
2021-04-26 00:00:00-04:00,72.45174132856344,72.65507685169723,71.6661325767304,72.0265884399414,7425100
2021-04-27 00:00:00-04:00,72.0265814612653,72.22991696469785,71.2409727855501,71.42581939697266,5871900
2021-04-28 00:00:00-04:00,71.39810420571754,71.5829508458654,70.8250683389435,71.2502212524414,5522200
2021-04-29 00:00:00-04:00,71.25946437402061,71.87870836358623,70.85280036297232,71.37037658691406,5558700
2021-04-30 00:00:00-04:00,71.38886174783947,71.7585620898858,70.88052994754233,71.63841247558594,8024600
2021-05-03 00:00:00-04:00,71.9341590659732,72.08203494669357,70.7233904760591,70.88975524902344,6076000
2021-05-04 00:00:00-04:00,70.42764463669272,70.62174278377799,69.09673325925621,69.95628356933594,9178300
2021-05-05 00:00:00-04:00,70.02097647704686,70.15037053318412,67.83975231437994,68.19096374511719,10643200
2021-05-06 00:00:00-04:00,68.3942894895893,68.56989870555238,67.75655669599386,68.40353393554688,7069200
2021-05-07 00:00:00-04:00,68.85641372795583,69.90081048490619,68.85641372795583,68.88414001464844,5677400
2021-05-10 00:00:00-04:00,68.70853756709892,69.98400329220514,68.63460314578235,69.13369750976562,6210400
2021-05-11 00:00:00-04:00,68.04309115475783,68.53294111273385,67.18354085350542,68.45899963378906,10515100
2021-05-12 00:00:00-04:00,67.93217506740774,68.08005801687496,66.08368050775039,66.12065124511719,9093200
2021-05-13 00:00:00-04:00,66.68443233968564,67.59943503084003,66.25003505709785,67.12806701660156,5469300
2021-05-14 00:00:00-04:00,67.47003568974701,68.07079769179413,67.27594465242942,67.58094787597656,5446200
2021-05-17 00:00:00-04:00,67.47006279766178,67.61794577205048,66.2777827595841,66.4533920288086,10369300
2021-05-18 00:00:00-04:00,66.31474077842198,67.16504656365167,65.88034343881961,66.81383514404297,8195100
2021-05-19 00:00:00-04:00,66.18536011585275,67.21127534415557,65.80641527861998,67.15582275390625,8486600
2021-05-20 00:00:00-04:00,67.59019289783006,69.10595769014284,67.46079885834821,68.66232299804688,10798500
2021-05-21 00:00:00-04:00,68.93035075660855,69.54959462437225,68.38504129811747,68.80095672607422,8689300
2021-05-24 00:00:00-04:00,69.10596862645212,69.20763639519811,68.32035981914463,68.42202758789062,6746900
2021-05-25 00:00:00-04:00,68.4127897787023,68.4127897787023,67.60869904971115,67.8120346069336,7440600
2021-05-26 00:00:00-04:00,67.83975243470724,68.2186901565107,67.51626729379034,67.90444946289062,7408800
2021-05-27 00:00:00-04:00,68.04309050564906,68.21869270215832,67.28520798231379,67.47005462646484,10956100
2021-05-28 00:00:00-04:00,68.02459704099147,68.60687732870433,67.64565933050172,67.67338562011719,9177500
2021-06-01 00:00:00-04:00,68.19834487018036,68.19834487018036,66.93472377044904,67.0090560913086,9056100
2021-06-02 00:00:00-04:00,66.97189224975207,67.98464357382855,66.73031574295418,67.55724334716797,6421000
2021-06-03 00:00:00-04:00,66.9161460915465,67.80811988366395,66.9161460915465,67.24134826660156,8871500
2021-06-04 00:00:00-04:00,67.52937166528139,67.72448870112588,67.1391375935924,67.21346282958984,6586300
2021-06-07 00:00:00-04:00,67.42716326089497,67.78023115331129,66.99976304732142,67.3342514038086,5988500
2021-06-08 00:00:00-04:00,67.75236376426398,67.92890126905696,66.62811389887477,67.02764129638672,5803000
2021-06-09 00:00:00-04:00,67.24134096472616,67.7337801975169,66.96259829886856,67.31566619873047,6660400
2021-06-10 00:00:00-04:00,67.21346163250512,68.33771852986118,67.05551076183279,68.30055236816406,8203300
2021-06-11 00:00:00-04:00,68.38417233769852,68.38417233769852,67.75236175314832,68.28196716308594,4548400
2021-06-14 00:00:00-04:00,68.39346588066984,68.70008140553948,67.85456715612091,68.1147232055664,4991900
2021-06-15 00:00:00-04:00,68.21692586475986,68.82086357939762,67.8917308149458,68.2262191772461,7770300
2021-06-16 00:00:00-04:00,68.75582836798203,69.30401332670831,67.92890072903234,68.10543823242188,9646200
2021-06-17 00:00:00-04:00,68.14260127755314,69.65709239230893,67.84527904272669,69.29473114013672,10553800
2021-06-18 00:00:00-04:00,69.16464276856557,69.61062250979151,67.85456221518399,68.08684539794922,17539000
2021-06-21 00:00:00-04:00,68.46780969972697,69.24827797908269,67.4736377217542,69.06245422363281,6499700
2021-06-22 00:00:00-04:00,68.92307887547416,69.44339103161117,68.83016700312419,68.85803985595703,5513100
2021-06-23 00:00:00-04:00,68.86732988500799,69.04386030743643,67.83599184705619,68.15189361572266,6079700
2021-06-24 00:00:00-04:00,68.27268773536981,68.37488583143526,67.44575294335236,67.71520233154297,7925200
2021-06-25 00:00:00-04:00,68.03109570542547,68.7186519011727,68.02180239381921,68.62574005126953,6676800
2021-06-28 00:00:00-04:00,69.47125818076593,70.47472333269137,69.34118015241124,69.82433319091797,8444300
2021-06-29 00:00:00-04:00,69.45266394907256,70.28888473208954,68.78368732265896,68.83014678955078,6477400
2021-06-30 00:00:00-04:00,69.00668481685788,69.21109515188651,67.89172837507284,68.08684539794922,8672600
2021-07-01 00:00:00-04:00,68.10543778397576,69.20181478292999,67.90102743165401,68.93236541748047,6423000
2021-07-02 00:00:00-04:00,69.06244305725457,69.16464823284349,68.49567147943262,69.01598358154297,4282300
2021-07-06 00:00:00-04:00,69.22969772603939,69.84292178368595,68.79300410763557,69.80575561523438,6957200
2021-07-07 00:00:00-04:00,69.92653051217304,70.25172554652265,69.54558269427773,69.99156951904297,5661800
2021-07-08 00:00:00-04:00,69.33190291710079,70.63268336929708,69.14607207484288,69.80575561523438,5881400
2021-07-09 00:00:00-04:00,69.68496775235222,70.07520187047224,69.01599092773421,69.67567443847656,5592800
2021-07-12 00:00:00-04:00,69.87078274935482,70.14023210824071,69.108894147537,69.7685775756836,5743500
2021-07-13 00:00:00-04:00,69.7778757638845,70.39110684875924,69.34118218927146,69.55488586425781,5165500
2021-07-14 00:00:00-04:00,69.68495235407649,70.7720359095073,69.35046401567932,70.33534240722656,6956100
2021-07-15 00:00:00-04:00,70.29818627386992,71.4317222583215,69.86149275334765,71.3759765625,7638200
2021-07-16 00:00:00-04:00,71.42244786008715,72.79756056863991,71.42244786008715,72.39803314208984,9088000
2021-07-19 00:00:00-04:00,71.9427562658951,72.8254296306292,70.63267555561033,71.533935546875,9891800
2021-07-20 00:00:00-04:00,71.56179293163201,72.19360341142145,71.4131353951213,71.70116424560547,6562000
2021-07-21 00:00:00-04:00,71.70116839228395,71.80337355586065,70.43754735962636,70.5025863647461,8931900
2021-07-22 00:00:00-04:00,70.60480176222106,71.21803283256683,70.51188989697135,70.72559356689453,5534800
2021-07-23 00:00:00-04:00,71.10653240480225,71.92417380966556,70.53976082687501,71.72904968261719,4953500
2021-07-26 00:00:00-04:00,71.34811911032338,71.67331422065412,71.02292399999263,71.4596176147461,6014000
2021-07-27 00:00:00-04:00,71.43172429966843,72.45377601040504,70.71629519087324,72.34227752685547,7592100
2021-07-28 00:00:00-04:00,72.37015108586438,72.77897177417152,71.74763382955703,72.3329849243164,5177500
2021-07-29 00:00:00-04:00,72.47235281692149,72.84400732603434,72.11928493206035,72.62101745605469,4141900
2021-07-30 00:00:00-04:00,72.45378790097149,73.26212900102325,72.23079089727578,72.37945556640625,5488900
2021-08-02 00:00:00-04:00,72.90906614562269,73.31788692561089,72.59315724598032,73.22496795654297,7520700
2021-08-03 00:00:00-04:00,73.1692078849631,74.19125254561209,72.81613997345765,73.7917251586914,6249400
2021-08-04 00:00:00-04:00,73.73598673771015,74.33063122037544,73.18779464632476,74.20984649658203,8050200
2021-08-05 00:00:00-04:00,74.13550618359245,74.90668810078144,73.89392967328926,74.78589630126953,6283700
2021-08-06 00:00:00-04:00,74.78589378992562,75.25975348187544,74.38636641999155,74.89739227294922,4634300
2021-08-09 00:00:00-04:00,75.22259143131532,75.38983562062938,74.44212327366355,74.85093688964844,5621600
2021-08-10 00:00:00-04:00,74.96243041201217,75.08321511734479,74.5164435738173,74.82305908203125,4506800
2021-08-11 00:00:00-04:00,75.38983263750453,77.49896800199262,75.23188176738036,76.53266906738281,9419300
2021-08-12 00:00:00-04:00,76.20746587988351,77.23880381090216,76.03093547575843,77.1180191040039,6762800
2021-08-13 00:00:00-04:00,77.35030146851908,77.629044129119,76.96006741465547,77.53612518310547,3999500
2021-08-16 00:00:00-04:00,77.53612788353611,78.44668112965097,77.25739230194871,78.00069427490234,8579700
2021-08-17 00:00:00-04:00,77.67550610828643,78.04716067208824,77.22952630270123,78.00999450683594,5257000
2021-08-18 00:00:00-04:00,78.26085515577445,78.93911809796114,77.94494633260447,78.43738555908203,9511700
2021-08-19 00:00:00-04:00,78.0192754556303,79.06919287490962,77.97281598424765,78.55817413330078,6968000
2021-08-20 00:00:00-04:00,78.54889158370862,80.30495209403567,78.06573853452173,80.16558074951172,7589700
2021-08-23 00:00:00-04:00,79.72888927280744,79.97975911728591,78.05645436074293,78.41881561279297,8837100
2021-08-24 00:00:00-04:00,78.2608564705392,78.49313966343811,77.49896788137958,78.17723083496094,5786100
2021-08-25 00:00:00-04:00,78.17723532298994,78.84621209113897,77.65692320941665,78.53959655761719,5930000
2021-08-26 00:00:00-04:00,78.50692385353824,78.5815962779013,78.0962326406957,78.2269058227539,5294000
2021-08-27 00:00:00-04:00,78.34826145059856,78.58160746909937,77.78822530927236,77.85356903076172,5974200
2021-08-30 00:00:00-04:00,77.71355198995182,78.63760013410285,77.4802059954886,78.35758209228516,6001700
2021-08-31 00:00:00-04:00,78.23623916387534,78.81493975252312,77.9468924301285,78.39491271972656,6844000
2021-09-01 00:00:00-04:00,78.54426897639861,80.04701786170587,78.46026070917101,79.65499114990234,5862300
2021-09-02 00:00:00-04:00,79.72964817601019,80.74704029360562,79.72964817601019,80.71903991699219,5214000
2021-09-03 00:00:00-04:00,80.0470184226297,80.5603753793651,79.69232792475796,79.98168182373047,4621100
2021-09-07 00:00:00-04:00,79.74832191693694,79.79498683878938,78.84293840338304,79.36563110351562,6791300
2021-09-08 00:00:00-04:00,79.44964278524573,81.17640163368894,79.1416243788809,80.68170928955078,6230100
2021-09-09 00:00:00-04:00,80.54170062754092,80.8963839593216,80.03767244796565,80.12167358398438,4108300
2021-09-10 00:00:00-04:00,80.24302090187906,80.24302090187906,78.96428230156903,79.27230072021484,5508000
2021-09-13 00:00:00-04:00,80.16836388948919,80.21503594534425,78.76828766770815,78.94563293457031,6498800
2021-09-14 00:00:00-04:00,79.14161880629479,79.51497377670673,78.82426458904084,79.0016098022461,4658200
2021-09-15 00:00:00-04:00,78.71227118387068,79.46830991393064,78.46025352641436,78.97361755371094,5707000
2021-09-16 00:00:00-04:00,78.85229386991567,79.30965009641035,78.08691917365373,78.40426635742188,5380600
2021-09-17 00:00:00-04:00,77.84423505416136,78.33892748580601,76.1174759002705,76.20147705078125,15390400
2021-09-20 00:00:00-04:00,76.10812940866512,77.04151337425411,75.28675408256242,76.24813842773438,8994100
2021-09-21 00:00:00-04:00,76.47215016482664,77.34019755559719,76.28547621631553,76.46281433105469,6450700
2021-09-22 00:00:00-04:00,76.6214909538398,77.38687268824863,76.13613439566988,76.44415283203125,5662200
2021-09-23 00:00:00-04:00,76.70550013694277,76.8921740951298,75.73477988782908,75.85611724853516,6414300
2021-09-24 00:00:00-04:00,75.82809424422774,76.28545741129898,75.12805642814438,75.32406616210938,6113800
2021-09-27 00:00:00-04:00,74.68006634586925,75.40810482896298,73.31732636858891,73.51333618164062,8600900
2021-09-28 00:00:00-04:00,73.25197468564735,73.35464036750288,71.87989915556518,72.12257385253906,9257400
2021-09-29 00:00:00-04:00,72.44927176108628,73.76533955471581,72.29059106218067,73.1306381225586,7496100
2021-09-30 00:00:00-04:00,73.58797390703624,74.12000949873844,72.71059799490897,73.28929138183594,10186800
2021-10-01 00:00:00-04:00,73.75599675033921,74.28802531810857,72.82261279838215,73.93334197998047,7961100
2021-10-04 00:00:00-04:00,73.78400986008316,74.59604940248214,73.27998163316917,74.07335662841797,6027800
2021-10-05 00:00:00-04:00,74.13868409627572,74.5773756724144,73.82132986455993,74.18535614013672,5434600
2021-10-06 00:00:00-04:00,73.9800144953036,75.87478279041046,73.4106497113059,75.77210998535156,6876200
2021-10-07 00:00:00-04:00,76.05212642251608,77.10684770913132,75.40808922634913,75.52942657470703,5753200
2021-10-08 00:00:00-04:00,75.61342437332195,75.63208891619752,74.81071372775901,74.86671447753906,3592900
2021-10-11 00:00:00-04:00,73.92401046195414,74.0733553211396,72.56127066708353,72.64527893066406,8798700
2021-10-12 00:00:00-04:00,72.897287659583,73.90534407045934,72.40259528789962,73.61599731445312,7791200
2021-10-13 00:00:00-04:00,73.77466765009017,75.00673416901586,73.35464060338442,74.84806060791016,6260100
2021-10-14 00:00:00-04:00,75.00673398528878,76.39747406191358,74.86672497006315,76.03345489501953,6486000
2021-10-15 00:00:00-04:00,76.48148696626515,76.95750767733763,75.7907776814947,76.2294692993164,14634200
2021-10-18 00:00:00-04:00,75.92145533266896,76.22014506546506,75.38009799486396,75.59477233886719,4942100
2021-10-19 00:00:00-04:00,76.27614395257504,76.67749936969818,75.80945193829952,76.56549072265625,5717500
2021-10-20 00:00:00-04:00,77.237509616292,79.02027609628385,76.89215504593328,78.3295669555664,6942600
2021-10-21 00:00:00-04:00,78.6002608234149,79.0576169606186,78.14290468621121,78.2269058227539,4945000
2021-10-22 00:00:00-04:00,78.37624475512122,78.95493819736554,78.16156333157157,78.7962646484375,4732400
2021-10-25 00:00:00-04:00,78.77759955255355,79.16028323382626,78.33890799705152,78.6749267578125,3987300
2021-10-26 00:00:00-04:00,78.78695184605473,80.5323754790162,78.74961562915244,79.77633666992188,6969100
2021-10-27 00:00:00-04:00,80.28036125035494,80.59770839779978,79.11363122976967,79.34697723388672,4356900
2021-10-28 00:00:00-04:00,79.26296422031686,80.72837675352471,79.08562611019855,80.66304016113281,6568400
2021-10-29 00:00:00-04:00,80.42969185714313,80.70037405245226,79.28163360654864,79.6456527709961,7792600
2021-11-01 00:00:00-04:00,79.7483342732373,80.10301764311747,79.27230642120084,79.88833618164062,5135200
2021-11-02 00:00:00-04:00,80.13101544135789,80.49503463378059,78.76827564797848,79.72966003417969,7266400
2021-11-03 00:00:00-04:00,79.96300088915969,80.08434535959414,78.6282615624613,79.5616455078125,5723200
2021-11-04 00:00:00-04:00,79.48697957215623,79.7016538900334,77.62954040844714,79.1136245727539,6594000
2021-11-05 00:00:00-04:00,79.10429800827575,80.0003458391406,78.70294258309256,79.83233642578125,4885400
2021-11-08 00:00:00-05:00,79.83233165609984,79.89766825066069,78.4415915026448,78.95494842529297,5391000
2021-11-09 00:00:00-05:00,79.04828549259284,79.49630578084331,78.74026709369933,79.28163146972656,3917600
2021-11-10 00:00:00-05:00,79.28164016476813,79.6829955743021,78.88028475523416,79.5243148803711,5192700
2021-11-11 00:00:00-05:00,79.77632036103446,79.80432073769816,78.93627345535425,79.6829833984375,5370200
2021-11-12 00:00:00-05:00,79.6829877280625,80.89638255006113,79.36563349260466,80.56036376953125,6467100
2021-11-15 00:00:00-05:00,81.12041073035377,81.5310948675721,80.7097194719803,81.52175903320312,5543000
2021-11-16 00:00:00-05:00,81.2697387456629,81.59642169791853,80.89638374830464,81.18573760986328,5497200
2021-11-17 00:00:00-05:00,81.04572981041989,82.02577868187572,80.65371026183756,81.93244171142578,6203100
2021-11-18 00:00:00-05:00,81.87644345510807,82.02578118816007,81.03639645308246,81.76443481445312,5537400
2021-11-19 00:00:00-05:00,82.13779251916722,82.91250295314107,81.2044085132676,82.42713928222656,6765100
2021-11-22 00:00:00-05:00,82.27779468999769,82.52980521728833,81.51242015376697,81.54042053222656,5214500
2021-11-23 00:00:00-05:00,81.29774174819919,82.04445176701627,80.76571317416725,81.4937515258789,7408000
2021-11-24 00:00:00-05:00,81.19843120548155,81.84532088768118,80.80467537835762,81.76094055175781,4553900
2021-11-26 00:00:00-05:00,81.489056205074,81.98593956016562,80.49528949489074,80.7109146118164,4340700
2021-11-29 00:00:00-05:00,81.77032541864055,83.36410324165053,81.14219004214681,83.12035369873047,8712500
2021-11-30 00:00:00-05:00,82.54847058182858,83.39223113961181,81.02031151932418,81.35781860351562,16328300
2021-12-01 00:00:00-05:00,81.5640660713932,84.07661459970024,81.5640660713932,82.35157775878906,10062800
2021-12-02 00:00:00-05:00,82.4546975285105,83.92660036476377,82.13594487161079,83.08283996582031,8303500
2021-12-03 00:00:00-05:00,83.57973932967612,83.57973932967612,80.64530312408455,82.52971649169922,11191000
2021-12-06 00:00:00-05:00,82.56722113808745,84.1422518771605,82.38909040513948,83.57974243164062,8946400
2021-12-07 00:00:00-05:00,83.93599632059467,84.89226881057117,83.38286406189297,84.76101684570312,7909700
2021-12-08 00:00:00-05:00,85.03288238892534,85.23913749978433,83.99223680427862,84.67662811279297,5356500
2021-12-09 00:00:00-05:00,84.84538380494547,84.84538380494547,83.91724293513772,84.29225158691406,5731200
2021-12-10 00:00:00-05:00,84.38598769552665,85.22037804950342,84.18910979598432,84.63911437988281,4996700
2021-12-13 00:00:00-05:00,84.62038134184812,86.3641654900743,84.50787660068366,86.00790405273438,6446500
2021-12-14 00:00:00-05:00,85.52977293573213,85.92352879127859,83.86098483579227,84.40474700927734,11022600
2021-12-15 00:00:00-05:00,84.64850066476895,86.30790436947618,83.98286374634431,86.25165557861328,9590000
2021-12-16 00:00:00-05:00,85.89540620367657,86.9079202603046,85.80164867664307,86.46729278564453,7623300
2021-12-17 00:00:00-05:00,86.25166329856955,86.58917037934481,85.07038851585621,85.25789642333984,15335400
2021-12-20 00:00:00-05:00,84.18910634871331,84.45161020402107,82.9797074558795,84.32035827636719,10167700
2021-12-21 00:00:00-05:00,84.98601559852341,85.6328982115346,83.77661641392639,84.79850769042969,6287900
2021-12-22 00:00:00-05:00,84.60161777478656,85.201628690355,84.27348792294357,85.12663269042969,4142900
2021-12-23 00:00:00-05:00,85.01413547696464,85.60476926249555,84.75163157228423,85.03288269042969,5845600
2021-12-27 00:00:00-05:00,85.17350876767745,85.64226776711727,84.96725366349277,85.61414337158203,5410300
2021-12-28 00:00:00-05:00,85.93290457209775,86.4297879749453,85.79227543949878,86.13915252685547,3096400
2021-12-29 00:00:00-05:00,86.20477747430861,86.4954129189346,85.86727042117145,86.24227905273438,2945400
2021-12-30 00:00:00-05:00,86.46728783677406,87.10480035956103,86.07352484277722,86.97354125976562,3716300
2021-12-31 00:00:00-05:00,86.79541710595912,87.87356422344672,86.72041395022032,87.52667999267578,4811800
2022-01-03 00:00:00-05:00,87.58293370734808,87.79856600404705,84.88288432319706,85.93290710449219,7864400
2022-01-04 00:00:00-05:00,85.92352321221621,86.18602709886933,84.95788084944463,85.01412963867188,8379100
2022-01-05 00:00:00-05:00,84.6391276404749,85.78290079551293,84.07661824612529,84.12349700927734,6722300
2022-01-06 00:00:00-05:00,83.52347879791967,83.77661267437317,80.2984216023138,80.41091918945312,12658600
2022-01-07 00:00:00-05:00,80.41092240136936,81.44219800930631,79.22965477305209,81.01094055175781,13359300
2022-01-10 00:00:00-05:00,80.4390381160486,80.96404584749871,78.5077463917827,79.02338409423828,11378700
2022-01-11 00:00:00-05:00,78.59213296220672,79.69840445038727,78.45150383648908,79.49214935302734,8395900
2022-01-12 00:00:00-05:00,79.01401209838362,80.44841342501927,78.84525858038563,79.77339935302734,6484000
2022-01-13 00:00:00-05:00,80.23278068446402,80.44840578812355,79.42651474753336,79.59526824951172,7203100
2022-01-14 00:00:00-05:00,79.57651811655408,79.82965195932374,77.50460438100052,78.0014877319336,11084300
2022-01-18 00:00:00-05:00,76.87647836538461,77.03585471364168,75.65770206680665,76.17333984375,10848100
2022-01-19 00:00:00-05:00,75.97645505479534,78.14211921699253,75.93895347870476,77.42960357666016,9673900
2022-01-20 00:00:00-05:00,78.1139988092549,79.95153321529676,77.95462246725768,78.29212951660156,12028900
2022-01-21 00:00:00-05:00,78.4702484018596,78.6858806743793,76.71709443882294,77.43898010253906,12809100
2022-01-24 00:00:00-05:00,76.54835640749914,76.92336508838468,74.28893429086813,76.80148315429688,14689800
2022-01-25 00:00:00-05:00,73.31390477367059,75.17957074449504,70.11697211155659,70.40760040283203,22925000
2022-01-26 00:00:00-05:00,71.72013098317731,71.74825538030812,67.83880681983274,68.10131072998047,24721700
2022-01-27 00:00:00-05:00,68.72006350692347,69.74195456345272,67.88567316543089,67.97942352294922,21250600
2022-01-28 00:00:00-05:00,67.8012934908319,68.3919271863194,65.42937437453756,67.97004699707031,25537100
2022-01-31 00:00:00-05:00,68.35443194312445,73.40765273516614,68.2044256492969,73.23889923095703,21787800
2022-02-01 00:00:00-05:00,73.16390541690369,74.50455644005362,71.2794922383067,72.4045181274414,12082900
2022-02-02 00:00:00-05:00,72.58264031910693,73.13577964689216,72.02950814401625,72.87327575683594,8397700
2022-02-03 00:00:00-05:00,71.77637616617767,72.46076745693937,70.71698339561232,71.03573608398438,7960700
2022-02-04 00:00:00-05:00,70.4075974100662,72.03887665874522,69.8825896409958,71.2607421875,12132000
2022-02-07 00:00:00-05:00,71.25136042245555,71.36386514546082,70.59510075332629,70.95135498046875,8184500
2022-02-08 00:00:00-05:00,71.01699064463936,71.95450867295143,70.52010723406515,70.74510955810547,6758500
2022-02-09 00:00:00-05:00,71.82326131019481,72.44201952901362,71.55138020628966,71.8701400756836,7390900
2022-02-10 00:00:00-05:00,70.22947201181512,72.0482519436356,70.0325869509045,70.73572540283203,9673300
2022-02-11 00:00:00-05:00,71.15760573141654,71.90761571438149,70.00445563706303,70.27633666992188,8999100
2022-02-14 00:00:00-05:00,70.26697022035647,70.60447726767967,69.26382626100549,70.23884582519531,8329200
2022-02-15 00:00:00-05:00,70.99824198331535,71.6920033073631,70.0700940042748,70.39822387695312,9102000
2022-02-16 00:00:00-05:00,70.43573769988437,70.91387397044407,69.82635661013308,70.52949523925781,7505100
2022-02-17 00:00:00-05:00,70.0513468136059,71.10136240651129,69.83571452423725,70.67010498046875,10093100
2022-02-18 00:00:00-05:00,70.27636284987697,71.0732518829446,69.20759268266698,69.51697540283203,9558600
2022-02-22 00:00:00-05:00,69.3107035884837,69.8075869665774,68.69193829695193,69.17007446289062,8233400
2022-02-23 00:00:00-05:00,69.58258564192758,69.77008637690876,67.70754968133754,67.80130004882812,7837100
2022-02-24 00:00:00-05:00,66.56377451539592,71.04510917636755,66.32001784540203,70.72635650634766,15750400
2022-02-25 00:00:00-05:00,71.36388558064337,72.41390135192415,70.52011779822416,72.33890533447266,12609500
2022-02-28 00:00:00-05:00,72.67354348426069,74.35157408861183,72.40016378921511,73.78594207763672,16345600
2022-03-01 00:00:00-05:00,73.59740690541561,74.31386888425236,72.15506102140291,73.00350189208984,13930300
2022-03-02 00:00:00-05:00,72.86208628002377,73.35229251399493,72.10791509758108,73.10719299316406,6988700
2022-03-03 00:00:00-05:00,73.39001102188159,74.81350589141401,73.21090091756636,74.27616119384766,10075500
2022-03-04 00:00:00-05:00,74.4081313513894,75.84104797920727,73.98391455292155,75.61479949951172,8996400
2022-03-07 00:00:00-05:00,76.32183957381936,79.55533680689905,76.09559107253706,79.35736846923828,19948900
2022-03-08 00:00:00-05:00,79.47992443392678,80.50748267685397,77.05715860004231,77.255126953125,14717600
2022-03-09 00:00:00-05:00,77.66047933165864,77.75475612449736,75.52052991117624,75.71849822998047,12710000
2022-03-10 00:00:00-05:00,75.00204070859947,75.85048154762863,73.94620961319421,75.56767272949219,9554300
2022-03-11 00:00:00-05:00,75.69965321399317,76.44438815208639,74.70037523035441,74.75694274902344,7230600
2022-03-14 00:00:00-04:00,75.11517616987487,76.02017742586003,74.19131667538194,74.73809051513672,7133800
2022-03-15 00:00:00-04:00,75.6053784052627,77.54736690502749,75.51110879474446,77.28340911865234,9567000
2022-03-16 00:00:00-04:00,77.16085054509267,77.99986228816068,76.2087109563724,77.78304290771484,8261200
2022-03-17 00:00:00-04:00,77.83017131169919,78.47121469601224,77.69819242601501,77.95272827148438,6341900
2022-03-18 00:00:00-04:00,78.16954076119875,78.70688537483045,77.52849743333032,77.65105438232422,13470800
2022-03-21 00:00:00-04:00,77.30224768669865,78.01870955715361,76.82146340065434,77.11370849609375,7181700
2022-03-22 00:00:00-04:00,77.17970162457571,78.20725248945938,76.75547763695474,78.10355377197266,8516800
2022-03-23 00:00:00-04:00,77.7547515022405,78.3392273061623,77.31167649455199,77.83959197998047,6125800
2022-03-24 00:00:00-04:00,78.16013408450245,78.9897167679317,78.01872606547309,78.90486907958984,5498000
2022-03-25 00:00:00-04:00,79.27251194736124,79.41391994201233,78.44292940694926,79.13111114501953,5481000
2022-03-28 00:00:00-04:00,79.23482069361607,79.8664350047868,78.88601521810028,79.59304809570312,6177700
2022-03-29 00:00:00-04:00,80.13038312055569,80.16809239921898,78.85772553298524,79.77215576171875,8954300
2022-03-30 00:00:00-04:00,80.25292494776114,80.86568807891696,79.78156979953495,80.60173034667969,6829300
2022-03-31 00:00:00-04:00,80.1869494810651,81.33705739382363,79.85700225830078,79.85700225830078,10082800
2022-04-01 00:00:00-04:00,79.64959769529105,80.88455317925553,79.31022138437203,80.7997055053711,6453800
2022-04-04 00:00:00-04:00,80.73372531265056,80.98826117114496,79.79101482820363,80.71487426757812,6465700
2022-04-05 00:00:00-04:00,80.94111836605782,82.44002450246526,80.80913948080092,81.38419342041016,7203200
2022-04-06 00:00:00-04:00,81.23335948753417,81.56330671362815,80.53575575346258,81.53502655029297,7621900
2022-04-07 00:00:00-04:00,81.35591169742547,82.2891929944976,80.790279694536,82.09122467041016,7817400
2022-04-08 00:00:00-04:00,82.16663541965886,82.50600451990124,81.03537871371793,81.15792846679688,5731600
2022-04-11 00:00:00-04:00,81.21451417832395,81.28050362820309,79.51763233527375,79.73445892333984,6745200
2022-04-12 00:00:00-04:00,79.61189996083957,79.9795564855936,78.60319999943302,79.083984375,8714800
2022-04-13 00:00:00-04:00,79.5364805065411,79.64017922784153,78.32038320499849,78.76345825195312,7858500
2022-04-14 00:00:00-04:00,78.76346790645417,79.08398603535443,78.03757676837438,78.06585693359375,7164100
2022-04-18 00:00:00-04:00,78.24496696652338,78.82002091358986,76.4161064009474,77.02886962890625,6279100
2022-04-19 00:00:00-04:00,77.07600122396234,77.39651929478792,76.46323805009716,77.1419906616211,8104800
2022-04-20 00:00:00-04:00,78.27324100205071,78.27324100205071,76.66120712971505,76.84032440185547,8457000
2022-04-21 00:00:00-04:00,75.71851013963078,76.35955359329158,71.62714985620055,71.81568908691406,17712800
2022-04-22 00:00:00-04:00,71.8062584425031,71.99480486152245,69.64745049282709,69.71343994140625,15284800
2022-04-25 00:00:00-04:00,69.76056952955469,70.24135384691586,67.48863401554033,69.79827880859375,15697900
2022-04-26 00:00:00-04:00,69.80770586398157,70.67499767932756,69.27978316534148,69.3552017211914,10971600
2022-04-27 00:00:00-04:00,69.60031040895129,70.83525872876486,68.99697632962943,69.0723876953125,10989600
2022-04-28 00:00:00-04:00,69.28922190451244,69.67573666268332,68.60104007336128,69.27979278564453,11325600
2022-04-29 00:00:00-04:00,68.70473598260195,69.24208065904162,66.81931505582276,66.9512939453125,14912900
2022-05-02 00:00:00-04:00,67.02670966366613,67.4132243895595,64.59451504519828,65.86717987060547,14338100
2022-05-03 00:00:00-04:00,65.98972252876253,67.43206817040748,65.5843568026792,66.70618438720703,10419900
2022-05-04 00:00:00-04:00,67.87515695292039,69.12896366167745,66.67791776572852,68.87442779541016,10859600
2022-05-05 00:00:00-04:00,68.53505107045935,68.78958693537179,67.1209853081337,67.72431945800781,10382300
2022-05-06 00:00:00-04:00,67.17754335491036,68.68587851686529,67.01727712496094,68.31822204589844,9364900
2022-05-09 00:00:00-04:00,67.6866157871632,67.95057357253377,66.23484077531482,66.6590576171875,10442700
2022-05-10 00:00:00-04:00,66.93243271084201,67.63003633370006,64.78305433230554,65.98029327392578,14731900
2022-05-11 00:00:00-04:00,65.65977444874929,67.26237909684352,65.55607573939284,66.17826080322266,11129000
2022-05-12 00:00:00-04:00,65.60320463950474,66.45164532617211,63.368985888974024,64.5850830078125,15364900
2022-05-13 00:00:00-04:00,65.45238777653523,66.16884974273003,64.60394692081903,65.80119323730469,8010600
2022-05-16 00:00:00-04:00,65.65036289256868,66.66849202460193,65.42411437177601,66.10286712646484,7339500
2022-05-17 00:00:00-04:00,66.83815867793857,67.90341867940721,66.11226775215842,67.89398956298828,8889300
2022-05-18 00:00:00-04:00,67.67717611306334,68.11082200601068,66.65904722059094,66.93243408203125,10316800
2022-05-19 00:00:00-04:00,67.01727529226962,67.01727529226962,65.54664944861877,66.42337036132812,9593500
2022-05-20 00:00:00-04:00,66.83816452196267,67.46034960615249,65.9708727356088,67.13983154296875,9747800
2022-05-23 00:00:00-04:00,67.69603532656996,68.43134832912058,67.36608810649084,68.39364624023438,10378700
2022-05-24 00:00:00-04:00,68.45020034148612,70.62785898829715,68.03540547835667,70.39218139648438,11133500
2022-05-25 00:00:00-04:00,70.81640620959786,70.84468637017834,69.37405328920865,70.50531005859375,11192100
2022-05-26 00:00:00-04:00,70.75042643337085,71.41032091140356,70.48646144984737,70.74099731445312,9431300
2022-05-27 00:00:00-04:00,70.62247091831564,73.42878660171405,70.31908563452326,73.40982818603516,9435300
2022-05-31 00:00:00-04:00,72.79358908100225,72.94528536930939,71.2671795379782,71.76018524169922,29712000
2022-06-01 00:00:00-04:00,71.82654667775985,72.65137169270275,71.41887196656302,72.21525573730469,7994100
2022-06-02 00:00:00-04:00,72.48070459508854,74.56648469011567,72.05407153849973,74.44322967529297,9640600
2022-06-03 00:00:00-04:00,74.03556969051523,74.84144354203774,73.76063283365627,74.60442352294922,9293500
2022-06-06 00:00:00-04:00,76.9746227277833,77.2590424070799,75.91277045188946,76.02654266357422,12716900
2022-06-07 00:00:00-04:00,75.61885896642157,76.01705081011517,74.21569745538451,75.6378173828125,7405600
2022-06-08 00:00:00-04:00,74.87935163874582,75.44819811654835,74.17776732395646,74.41478729248047,5198000
2022-06-09 00:00:00-04:00,74.17778217112193,74.76559441469507,73.2865918297214,73.32450866699219,8354800
2022-06-10 00:00:00-04:00,72.57553595589505,72.90736255067532,71.83602738759969,71.96876525878906,8598500
2022-06-13 00:00:00-04:00,70.70780636069932,70.8784610457457,68.22383421908584,68.65047454833984,11882300
2022-06-14 00:00:00-04:00,68.5556615733946,69.32361128180693,66.62157753112946,67.76876068115234,11412500
2022-06-15 00:00:00-04:00,68.6978694152334,71.62744009863404,68.46084943771743,70.33805084228516,12085300
2022-06-16 00:00:00-04:00,68.93489335019204,69.28568554103333,66.4793697141313,67.1904296875,12729200
2022-06-17 00:00:00-04:00,66.9723730520118,68.9728225032776,66.9723730520118,67.133544921875,15919000
2022-06-21 00:00:00-04:00,67.12407026989321,69.58907694723665,67.12407026989321,68.95386505126953,8466900
2022-06-22 00:00:00-04:00,68.45137867160474,71.62745271643223,68.11955209128341,70.81210327148438,12686500
2022-06-23 00:00:00-04:00,71.61796343612652,73.39087562446407,71.40938468064253,73.1917724609375,12502500
2022-06-24 00:00:00-04:00,73.31502983772116,74.07348951536014,72.65136948235093,73.96920013427734,9320500
2022-06-27 00:00:00-04:00,73.69425823382177,74.12089132112413,73.343466045783,73.845947265625,6557200
2022-06-28 00:00:00-04:00,73.86492370966995,74.26311561377885,72.27214885995727,72.47124481201172,6140200
2022-06-29 00:00:00-04:00,72.14888369803023,72.56604119616954,71.35250000152001,72.0540771484375,7082200
2022-06-30 00:00:00-04:00,71.54212557213376,74.1777871699585,71.40939493291073,73.43828582763672,8872900
2022-07-01 00:00:00-04:00,74.26311249195565,76.4531751057673,74.03556807064984,76.37732696533203,7718400
2022-07-05 00:00:00-04:00,76.3204398720584,76.52901862903296,73.53308236208262,75.00260925292969,11278600
2022-07-06 00:00:00-04:00,75.56197613347697,76.0360161524656,74.51908953835732,75.43872833251953,7918400
2022-07-07 00:00:00-04:00,75.68524055227434,76.39630066892492,75.66627489852823,76.20668029785156,5498000
2022-07-08 00:00:00-04:00,75.5619729078662,76.2540744886867,75.28703607387284,76.08341979980469,5708300
2022-07-11 00:00:00-04:00,75.84640179201881,76.77552339661271,75.580940543071,76.49109649658203,6100400
2022-07-12 00:00:00-04:00,76.36785746645322,76.6996840657394,75.39132885530053,75.79900360107422,7553900
2022-07-13 00:00:00-04:00,75.25859565023306,77.07891493749707,74.96469313420896,76.09291076660156,7552400
2022-07-14 00:00:00-04:00,74.62338585491744,76.17823668300882,74.44324831631553,75.96965789794922,6124400
2022-07-15 00:00:00-04:00,74.18725901276157,74.75610555853645,72.36694717297149,74.62337493896484,8780600
2022-07-18 00:00:00-04:00,74.26311261340025,74.57598076824978,73.47620442997027,73.48568725585938,6610800
2022-07-19 00:00:00-04:00,74.07349561210677,75.21119607212044,73.87439965909172,74.83196258544922,6403800
2022-07-20 00:00:00-04:00,75.05001490924552,75.2775520797966,73.81750803831432,74.25362396240234,6323700
2022-07-21 00:00:00-04:00,74.63285674760395,74.86039391615942,74.07348580136303,74.77507019042969,7847600
2022-07-22 00:00:00-04:00,75.96964759612456,77.55294668924853,75.14482262759176,76.08341979980469,11517100
2022-07-25 00:00:00-04:00,75.8463987572887,76.83240280912659,75.35340034800787,76.77552032470703,5035600
2022-07-26 00:00:00-04:00,76.35836568956408,76.43421382716114,75.06897628352007,75.76107788085938,6740900
2022-07-27 00:00:00-04:00,75.87485369007014,76.58591380672071,75.41977926604919,76.20668029785156,6056200
2022-07-28 00:00:00-04:00,80.40665894808954,81.79085481920262,79.9136605524192,80.15068054199219,13561500
2022-07-29 00:00:00-04:00,80.11276193931647,80.97551823217415,79.93262442030738,80.10327911376953,11474800
2022-08-01 00:00:00-04:00,80.06534981259827,80.98498853208622,79.22155922597607,80.88069915771484,7004500
2022-08-02 00:00:00-04:00,81.00396863096469,82.2649097067158,80.77642419177938,81.2220230102539,7664200
2022-08-03 00:00:00-04:00,81.31683068742261,82.31231773094424,79.98004144701542,81.97100830078125,7640400
2022-08-04 00:00:00-04:00,82.44504832026708,84.05678890241435,81.96152542229515,83.41209411621094,8679200
2022-08-05 00:00:00-04:00,83.31728031534304,83.89560978090542,82.42608990005998,83.41209411621094,8643200
2022-08-08 00:00:00-04:00,83.86715730709254,84.3411973148649,82.27438259164636,82.97595977783203,7243200
2022-08-09 00:00:00-04:00,83.63960778360608,84.48339829423662,83.2224503236897,84.30326080322266,5154000
2022-08-10 00:00:00-04:00,85.00486447388637,85.40305637632062,84.22743185492847,85.1186294555664,5693300
2022-08-11 00:00:00-04:00,85.62110438434891,86.30372315681298,84.65406594554248,84.78679656982422,7525800
2022-08-12 00:00:00-04:00,85.49786017462114,85.94345896053366,84.6919935695744,85.7728042602539,5262500
2022-08-15 00:00:00-04:00,85.78227778852875,86.46488928238499,85.45992684148247,86.27527618408203,5032700
2022-08-16 00:00:00-04:00,85.83916422181875,86.60710670854648,85.64006828945513,85.82968139648438,5250600
2022-08-17 00:00:00-04:00,85.29876083088088,85.9624139537033,85.08069924293835,85.51681518554688,4178000
2022-08-18 00:00:00-04:00,85.51680158408941,85.92447621849007,85.20394072353457,85.55472564697266,5090700
2022-08-19 00:00:00-04:00,85.43148715995086,85.88656149749752,84.72991000348867,85.05225372314453,5542800
2022-08-22 00:00:00-04:00,84.31275140037131,84.88159793152587,83.64909831957033,83.94300079345703,5783400
2022-08-23 00:00:00-04:00,84.00938200198041,84.04730607567208,83.08026027972822,83.41209411621094,3473600
2022-08-24 00:00:00-04:00,83.57325687519192,84.17054469571575,83.39311935315345,84.10417938232422,5669200
2022-08-25 00:00:00-04:00,84.38861064958043,84.81524379582605,83.48793022610619,84.7488784790039,5595200
2022-08-26 00:00:00-04:00,85.31770956519414,85.85811482766432,83.1845297554525,83.4879150390625,7990000
2022-08-29 00:00:00-04:00,82.86393022346742,83.69275537756113,82.32090408968483,82.90203094482422,5827800
2022-08-30 00:00:00-04:00,83.07350995268375,83.19736273140153,81.17768296727914,81.64449310302734,7394200
2022-08-31 00:00:00-04:00,81.64448801667399,82.18751409497933,80.78708377497985,81.03477478027344,6830900
2022-09-01 00:00:00-04:00,81.29201062602517,82.36853408507896,80.7013476847176,82.1780014038086,5896300
2022-09-02 00:00:00-04:00,82.35899755502916,83.10209238642382,80.7584984698845,81.08241271972656,5785700
2022-09-06 00:00:00-04:00,83.1116208497599,84.0928779579308,82.90203054153781,83.2354736328125,11077100
2022-09-07 00:00:00-04:00,83.559383799021,86.14114022312447,83.46411745578055,85.96965789794922,11366600
2022-09-08 00:00:00-04:00,85.48379031573297,86.75084638619363,85.38851671199514,85.99822998046875,8852500
2022-09-09 00:00:00-04:00,86.51266972312294,86.67463047500272,85.5790495382754,85.64573669433594,5700400
2022-09-12 00:00:00-04:00,85.91248800103195,86.55078041016297,85.53141541092137,86.5126724243164,5573800
2022-09-13 00:00:00-04:00,85.7886496840648,86.18877266643591,84.26435919594594,84.65496063232422,5624800
2022-09-14 00:00:00-04:00,84.17862190828785,85.14082864623515,83.89281562387396,84.67401123046875,7281500
2022-09-15 00:00:00-04:00,81.39680086134227,82.69244336706441,80.81566676973063,81.93982696533203,18681000
2022-09-16 00:00:00-04:00,81.36822026834949,81.92076790833964,80.50127991887413,80.77755737304688,19190700
2022-09-19 00:00:00-04:00,80.71087255509586,82.78771066021756,80.5393902429902,82.73054504394531,8821000
2022-09-20 00:00:00-04:00,81.92075531557613,82.35898619568586,80.9109192556865,81.63495635986328,6242000
2022-09-21 00:00:00-04:00,81.93030347853866,82.3494841012795,79.97731077897531,79.99636840820312,6706300
2022-09-22 00:00:00-04:00,79.83441399690552,80.20595781072262,79.10084791542144,79.58671569824219,6748700
2022-09-23 00:00:00-04:00,78.59592461617959,78.75787811037733,77.49081479337183,78.61497497558594,6719700
2022-09-26 00:00:00-04:00,78.56734901339853,78.86267684192804,76.51909003725264,77.309814453125,7702900
2022-09-27 00:00:00-04:00,78.13863048165378,78.7102429801689,76.31901965100221,77.24311828613281,9247000
2022-09-28 00:00:00-04:00,78.39587568826417,79.10085539287262,77.40508966830706,78.47209167480469,8713400
2022-09-29 00:00:00-04:00,78.28154218285619,78.45302449752747,75.69978591689556,76.18565368652344,8291300
2022-09-30 00:00:00-04:00,76.50003099822446,76.78582998001683,74.58514656628967,74.69947052001953,12854300
2022-10-03 00:00:00-04:00,76.05227321402258,77.7670889537901,75.47113915395633,77.34791564941406,8115200
2022-10-04 00:00:00-04:00,78.10052626207106,78.96745924744786,77.70039607738879,78.90077209472656,8193700
2022-10-05 00:00:00-04:00,77.88141655945363,78.57687460876427,76.70961957094144,77.90046691894531,5468700
2022-10-06 00:00:00-04:00,77.76708938435283,77.86236298294105,75.11864615475416,75.17581176757812,8374600
2022-10-07 00:00:00-04:00,74.84237111273791,74.92811590054993,72.58452921344778,73.0989761352539,7697400
2022-10-10 00:00:00-04:00,73.38478273202115,74.00402486506044,72.78459822862644,73.10850524902344,6118000
2022-10-11 00:00:00-04:00,72.6416886861787,73.28950993831097,71.66043162817441,72.43209838867188,9143100
2022-10-12 00:00:00-04:00,72.2225197411664,72.74649556945447,69.18348174216545,69.30732727050781,9715100
2022-10-13 00:00:00-04:00,68.20220870794978,70.08851418497008,67.05899811290189,69.6312255859375,13643700
2022-10-14 00:00:00-04:00,70.29810896192323,71.29841647913432,68.05931716432949,68.37369537353516,8735000
2022-10-17 00:00:00-04:00,69.35494398386645,70.89827730662464,69.30730718842263,70.16471862792969,7563500
2022-10-18 00:00:00-04:00,71.97481297545971,72.34635674775129,70.60295457416467,71.50799560546875,6998500
2022-10-19 00:00:00-04:00,70.7268100983743,70.94592922843788,69.0882028353613,70.15520477294922,8579600
2022-10-20 00:00:00-04:00,69.88844991565686,70.00277387795869,66.50644053153759,67.29716491699219,13023800
2022-10-21 00:00:00-04:00,67.7163428167733,69.54548253071005,66.9732552622587,68.25936889648438,11161300
2022-10-24 00:00:00-04:00,69.05961658362358,70.20283438569783,68.55469847675846,69.8122329711914,9989600
2022-10-25 00:00:00-04:00,70.25999077553307,72.4892534347192,70.11708764570842,72.2701416015625,9216900
2022-10-26 00:00:00-04:00,72.27014396060201,72.9084363905181,71.73664667808771,72.02244567871094,6247100
2022-10-27 00:00:00-04:00,72.45115260865636,73.28950649089344,71.88906890374976,71.89859771728516,7163300
2022-10-28 00:00:00-04:00,73.11802624287792,75.54735770942966,73.0227599099133,75.29013061523438,9123300
2022-10-31 00:00:00-04:00,74.73757585754258,75.51877141878039,73.12755520266721,73.83253479003906,8273700
2022-11-01 00:00:00-04:00,74.48989667971952,74.48989667971952,73.51816102943066,74.03260803222656,5410300
2022-11-02 00:00:00-04:00,74.02306299964972,76.05227138861554,73.37524179750298,73.62294006347656,7119000
2022-11-03 00:00:00-04:00,73.1084958846356,75.43303215531314,72.74648091967563,74.48035430908203,6920300
2022-11-04 00:00:00-04:00,74.88047448110893,75.43302935582163,73.75631437354217,75.07101440429688,7758900
2022-11-07 00:00:00-05:00,75.00433532795486,75.37587913275152,72.67979889314033,73.63247680664062,7008500
2022-11-08 00:00:00-05:00,73.9944881783504,75.39492580564222,73.50862769944307,74.56609344482422,5518400
2022-11-09 00:00:00-05:00,74.88049283745349,75.3663606752457,74.30888746447502,74.49942016601562,4940000
2022-11-10 00:00:00-05:00,77.46224138927458,79.80582826198966,76.16659880248571,79.26280212402344,9315900
2022-11-11 00:00:00-05:00,79.32948387050703,79.88203878531918,78.10053580144456,79.36759185791016,5730900
2022-11-14 00:00:00-05:00,79.15799954108483,79.81534958738969,77.74804038493163,77.7956771850586,7904000
2022-11-15 00:00:00-05:00,78.6149678358076,79.85345186704731,78.15768656803165,78.98651885986328,5594900
2022-11-16 00:00:00-05:00,79.12942722939812,80.7394552710005,79.12942722939812,80.32980346679688,8444900
2022-11-17 00:00:00-05:00,79.31996622006503,79.40570374466577,77.99574448328887,78.4530258178711,8333900
2022-11-18 00:00:00-05:00,79.31996774321077,79.82488589117074,78.66261763522579,79.26280212402344,6664400
2022-11-21 00:00:00-05:00,78.71023972194959,79.78676298199454,78.71023972194959,79.64385986328125,6593800
2022-11-22 00:00:00-05:00,80.08210105219463,80.89188307281951,79.75819405862906,80.1297378540039,4105500
2022-11-23 00:00:00-05:00,79.9908939326791,81.388866528178,79.89514378605247,81.31226348876953,4259700
2022-11-25 00:00:00-05:00,81.64739829550463,82.15488798769655,81.51334661991231,81.71442413330078,3622200
2022-11-28 00:00:00-05:00,80.75691447698179,81.39845589629657,79.79939825711564,80.17283630371094,6464200
2022-11-29 00:00:00-05:00,79.38767414845361,79.59832158266107,78.49718376220125,78.98551177978516,5398200
2022-11-30 00:00:00-05:00,78.60249074710494,81.29311587369196,78.57376643382318,81.10160827636719,9739200
2022-12-01 00:00:00-05:00,81.77188870322789,82.31767267012765,80.42178729258315,81.22610473632812,5830700
2022-12-02 00:00:00-05:00,80.17282552445928,81.58994524837851,79.85684346112274,81.58036804199219,6316900
2022-12-05 00:00:00-05:00,81.38887995383119,82.37512050678161,81.16864800552005,81.53250885009766,5511700
2022-12-06 00:00:00-05:00,81.30269974511556,81.6282517293548,80.15367598277294,81.56122589111328,5027700
2022-12-07 00:00:00-05:00,81.54207521854282,82.68151441884794,81.0154384373279,81.66654968261719,5108800
2022-12-08 00:00:00-05:00,81.64739661763245,82.72939451230876,81.29312032739114,82.11658477783203,4281700
2022-12-09 00:00:00-05:00,81.92508058130896,82.34639003078028,80.83351273974102,80.91969299316406,4460300
2022-12-12 00:00:00-05:00,81.50378313182725,82.92090304396469,81.19737823418112,82.87303161621094,5348900
2022-12-13 00:00:00-05:00,84.26141990777317,84.61570350773657,82.34638763714197,83.4475326538086,7179500
2022-12-14 00:00:00-05:00,83.74436157507385,84.84550660826866,82.67194085752672,83.3517837524414,6111600
2022-12-15 00:00:00-05:00,83.20814791378066,83.35177678528198,81.84847684813964,82.1644515991211,6469100
2022-12-16 00:00:00-05:00,81.00587101471285,81.2548272781988,79.73237268470159,80.56541442871094,16949300
2022-12-19 00:00:00-05:00,80.41221222465911,80.69946269626215,79.43554162751016,79.97174835205078,5681100
2022-12-20 00:00:00-05:00,79.85685108551706,80.46966085792597,79.23446410580743,79.97174835205078,4811900
2022-12-21 00:00:00-05:00,80.28771807555879,81.34098425302969,80.09621779066138,81.0537338256836,5356200
2022-12-22 00:00:00-05:00,80.94841646718254,80.94841646718254,78.66953065249072,79.79939270019531,4491000
2022-12-23 00:00:00-05:00,79.47383934309434,80.68988162233926,79.47383934309434,80.59413146972656,3254700
2022-12-27 00:00:00-05:00,80.52710849341696,80.69946169635071,79.92387593578314,80.43135833740234,4726500
2022-12-28 00:00:00-05:00,80.62285502180214,80.94841430392562,79.45469148255567,79.62704467773438,3536400
2022-12-29 00:00:00-05:00,80.17282067851684,81.09203519380675,79.94301157074368,80.50794982910156,3378300
2022-12-30 00:00:00-05:00,80.38347665954265,80.45050249682227,78.97593407667057,80.04834747314453,4266900
2023-01-03 00:00:00-05:00,80.78562947524412,81.29311179849607,79.03337340021878,80.26856994628906,5535400
2023-01-04 00:00:00-05:00,80.7760611167923,81.82932739620341,80.26857873795676,80.9005355834961,4831100
2023-01-05 00:00:00-05:00,80.05792160342716,80.44092950399282,78.65037176937749,79.11955261230469,5472600
2023-01-06 00:00:00-05:00,80.01004929867547,80.78564236852543,79.30148937417813,80.09622955322266,5235300
2023-01-09 00:00:00-05:00,80.08665792135514,81.32185475055144,79.94302902395665,80.4983901977539,4749000
2023-01-10 00:00:00-05:00,80.49838389608134,81.00586629592868,79.82812550105064,80.94841766357422,4921100
2023-01-11 00:00:00-05:00,80.88138786425596,81.73357662704554,80.64200883414048,81.38887023925781,6153500
2023-01-12 00:00:00-05:00,81.48462641650464,82.030410353321,80.80479079733118,81.45590209960938,4648600
2023-01-13 00:00:00-05:00,80.85265669214814,81.36013902410903,80.19196828737843,81.08245849609375,4943200
2023-01-17 00:00:00-05:00,81.57080548319627,82.79642502131715,81.56122827594787,82.0974349975586,8410200
2023-01-18 00:00:00-05:00,82.27935958879151,82.38468694526723,80.17282706981327,80.23985290527344,6107700
2023-01-19 00:00:00-05:00,80.48880292069374,80.75690626615425,78.79400259816511,79.08125305175781,7099700
2023-01-20 00:00:00-05:00,79.00465973490623,79.03338405061888,77.08005022420555,78.3439712524414,9429200
2023-01-23 00:00:00-05:00,77.92266306972165,79.68449661640061,77.4630594003401,79.1578598022461,6864300
2023-01-24 00:00:00-05:00,79.2727658855561,80.62285990856513,76.86939821413087,80.33560943603516,6652300
2023-01-25 00:00:00-05:00,77.10878275999944,77.54923936017413,72.67548513420854,73.33616638183594,28527400
2023-01-26 00:00:00-05:00,71.90946191390876,74.1596234213126,71.62221145003274,73.15423583984375,18508700
2023-01-27 00:00:00-05:00,72.8382681835315,73.1542503311304,72.30206136719639,72.36908721923828,13243200
2023-01-30 00:00:00-05:00,72.15842284399497,73.10636185527359,71.70838905224853,71.8615951538086,10669600
2023-01-31 00:00:00-05:00,71.37325393383387,71.65093449099449,70.2338073898417,71.45942687988281,19020400
2023-02-01 00:00:00-05:00,71.4498670241879,71.85202210616315,70.22424005655424,71.08600616455078,15188700
2023-02-02 00:00:00-05:00,70.44446506433276,73.57553975834534,70.0997586551409,72.38822174072266,18604100
2023-02-03 00:00:00-05:00,72.05308753951356,72.23501793876095,70.54021032694779,71.49772644042969,11671500
2023-02-06 00:00:00-05:00,71.43070451203153,72.35949636175778,71.28707562609894,72.30204772949219,9343400
2023-02-07 00:00:00-05:00,72.16798856605861,73.3265821299566,71.57432597489881,72.84782409667969,10855800
2023-02-08 00:00:00-05:00,72.75208249738493,72.91485849455637,71.67966174696919,71.84243774414062,9082200
2023-02-09 00:00:00-05:00,72.00521009857388,72.71377729500676,70.01358209894195,70.1572036743164,13163500
2023-02-10 00:00:00-05:00,70.30082972214363,72.05308592378711,70.30082972214363,71.56475067138672,9883000
2023-02-13 00:00:00-05:00,72.1392684724976,72.78080989158393,71.96692256604132,72.40737915039062,8114200
2023-02-14 00:00:00-05:00,72.09138976061523,73.08720740493692,71.62220890592894,72.7999496459961,7089400
2023-02-15 00:00:00-05:00,72.4360984517366,73.814916744783,72.4360984517366,73.67129516601562,9344300
2023-02-16 00:00:00-05:00,72.57973074757393,73.26913627387022,72.44567906424392,72.47440338134766,7795600
2023-02-17 00:00:00-05:00,72.48396562075663,73.23083431284145,72.17756076192751,72.83824920654297,9436100
2023-02-21 00:00:00-05:00,72.2350093290527,72.32118226246637,70.48275329696827,70.53063201904297,11915600
2023-02-22 00:00:00-05:00,70.83705485303845,71.56476193773541,70.3199952053206,70.54979705810547,9351200
2023-02-23 00:00:00-05:00,71.21049015415707,71.21049015415707,69.56356094253152,69.77421569824219,9049900
2023-02-24 00:00:00-05:00,69.05605127304187,70.21464466787695,68.74964646866621,69.82205963134766,9127800
2023-02-27 00:00:00-05:00,70.32128061926258,70.99586854589674,69.07810513807365,69.25157165527344,7029700
2023-02-28 00:00:00-05:00,69.09736867186919,69.24192531309862,68.23004352940505,68.45169067382812,11276700
2023-03-01 00:00:00-05:00,68.28785560153395,68.46132208110211,67.11213916806697,67.33379364013672,11809200
2023-03-02 00:00:00-05:00,67.80601389087703,69.59849862834848,67.57472767223899,69.58885955810547,16066500
2023-03-03 00:00:00-05:00,70.24418106496496,71.18861149198035,69.55995408371547,71.15006256103516,10724800
2023-03-06 00:00:00-05:00,70.87058771090426,71.89210863848696,70.7453092007623,71.69937133789062,6888900
2023-03-07 00:00:00-05:00,71.25607312046371,71.78610439903845,70.36946237833256,71.07296752929688,7308900
2023-03-08 00:00:00-05:00,70.71637939250407,71.68008042874538,70.38872456936062,71.55480194091797,5913600
2023-03-09 00:00:00-05:00,71.79574029276974,72.26795182795375,70.72603135927152,71.08260345458984,7678100
2023-03-10 00:00:00-05:00,71.30424817227873,71.57408332599343,69.74305696794191,70.35982513427734,10167100
2023-03-13 00:00:00-04:00,70.40799944437425,72.4510484067522,70.35017973162728,70.62965393066406,8388800
2023-03-14 00:00:00-04:00,71.30424781886322,72.13303141685422,70.7645775141087,71.84392547607422,8635800
2023-03-15 00:00:00-04:00,71.74754944973456,73.09673256357044,71.24642807443028,72.7787094116211,12030300
2023-03-16 00:00:00-04:00,72.91362708107759,73.73277152677882,72.11375342185333,73.46293640136719,8895800
2023-03-17 00:00:00-04:00,73.52076090390347,73.52076090390347,72.02702119488463,72.92326354980469,14137400
2023-03-20 00:00:00-04:00,72.85581496609831,74.20499822245253,72.57634071387473,73.21238708496094,7140100
2023-03-21 00:00:00-04:00,73.57858142921724,73.57858142921724,71.57408126997947,72.62451934814453,6222300
2023-03-22 00:00:00-04:00,72.5763308528247,73.2220162076249,71.40061427992599,71.43916320800781,7038000
2023-03-23 00:00:00-04:00,71.09223415083477,72.9714558986587,70.70675955354882,71.13078308105469,7541200
2023-03-24 00:00:00-04:00,71.30425410712054,73.00037038194345,71.03441893094676,72.94255065917969,5293900
2023-03-27 00:00:00-04:00,73.1160214986892,73.2991197490753,72.22941070001797,72.70162963867188,5515900
2023-03-28 00:00:00-04:00,72.75943734531944,73.48221321298819,72.10412026453487,72.50887298583984,5935500
2023-03-29 00:00:00-04:00,72.73052193393937,73.54002731474256,72.73052193393937,73.3472900390625,5680500
2023-03-30 00:00:00-04:00,73.58822831731649,74.22426732145132,73.40512272633572,73.80987548828125,6187000
2023-03-31 00:00:00-04:00,73.98332926714897,74.32063052980634,73.22201187803222,74.2820816040039,10124400
2023-04-03 00:00:00-04:00,74.25318168793898,74.25318168793898,73.04855516706039,73.88697052001953,5778700
2023-04-04 00:00:00-04:00,74.06043190895858,74.86994469825716,73.65567919053743,74.35918426513672,6165600
2023-04-05 00:00:00-04:00,75.07231782396602,76.08419957643528,74.91812211742443,75.48670959472656,8200400
2023-04-06 00:00:00-04:00,75.93965766765191,76.13239496709227,75.13014483459776,76.10348510742188,5427700
2023-04-10 00:00:00-04:00,75.50597862557326,75.65053525897967,74.50372861373285,75.58307647705078,5647500
2023-04-11 00:00:00-04:00,75.54453351911364,75.75654895119754,75.0723220083081,75.49634552001953,6019600
2023-04-12 00:00:00-04:00,75.83364253328192,76.55641836420544,75.41925076278753,75.73726654052734,6786400
2023-04-13 00:00:00-04:00,75.57344693177083,76.23840311776902,74.66757279634093,75.98783874511719,4928600
2023-04-14 00:00:00-04:00,75.54453748871288,75.62163535033213,74.74466371744084,75.1879653930664,4920900
2023-04-17 00:00:00-04:00,75.34215392235906,75.69872598395872,74.966311073423,75.6890869140625,4393300
2023-04-18 00:00:00-04:00,75.87219360103636,76.19984845778937,75.11086882201731,75.45780181884766,8147500
2023-04-19 00:00:00-04:00,75.46742571499622,76.2962091934786,75.44815492937228,76.0745620727539,3813300
2023-04-20 00:00:00-04:00,75.86255437579774,76.22875815950009,75.39034287925543,75.89146423339844,4350400
2023-04-21 00:00:00-04:00,76.55641924362261,76.88407409489291,75.7083575533587,76.12274932861328,5192600
2023-04-24 00:00:00-04:00,75.66018375101768,76.37332058485718,75.65054468026862,76.17094421386719,5725800
2023-04-25 00:00:00-04:00,74.90849442377714,76.22876030779099,74.68683992183155,74.99522399902344,8399800
2023-04-26 00:00:00-04:00,73.99297702838268,74.15680446794536,71.34279872591937,71.38134765625,12656700
2023-04-27 00:00:00-04:00,71.61263239253346,73.74241111980879,71.22715780217828,73.09673309326172,8155600
2023-04-28 00:00:00-04:00,72.6727099193424,73.91587797833208,72.6727099193424,73.84841918945312,10005800
2023-05-01 00:00:00-04:00,73.69422206027015,74.57118621141883,73.58821435428598,74.01224517822266,5214700
2023-05-02 00:00:00-04:00,73.87734542369662,74.22427112854646,72.76908745465707,73.18347930908203,7674200
2023-05-03 00:00:00-04:00,73.49184974848598,73.7809556741083,72.53778034230085,72.65342712402344,6265900
2023-05-04 00:00:00-04:00,72.64379525166248,72.92326948750703,71.85356054606842,72.76908111572266,6042300
2023-05-05 00:00:00-04:00,72.865449767145,73.7906020552217,72.46069701969708,72.76908111572266,6215500
2023-05-08 00:00:00-04:00,72.78835753275254,73.90625456256242,72.54743220934083,73.29911804199219,6751700
2023-05-09 00:00:00-04:00,73.45331611088723,73.45331611088723,72.4607049233008,72.8365478515625,5588100
2023-05-10 00:00:00-04:00,73.36656124902275,74.3591795466249,73.18346304180682,74.0989761352539,5696000
2023-05-11 00:00:00-04:00,73.8098732846692,74.05079859089014,72.79799141001534,73.33766174316406,6542700
2023-05-12 00:00:00-04:00,74.09898978042669,75.15905970290555,73.80024474064864,75.1301498413086,8314000
2023-05-15 00:00:00-04:00,75.62162993108278,75.67944964692532,74.03152157330673,74.72538757324219,5430000
2023-05-16 00:00:00-04:00,74.68683692973191,74.68683692973191,72.94254025228798,73.08708953857422,6215700
2023-05-17 00:00:00-04:00,73.40510586010686,73.51111356184822,72.46068296589986,72.60523223876953,5408600
2023-05-18 00:00:00-04:00,72.03665324766874,72.51850377106452,71.51625380010664,72.37394714355469,6970600
2023-05-19 00:00:00-04:00,72.8076340663298,73.02928124159213,71.76683492761201,71.77647399902344,6336800
2023-05-22 00:00:00-04:00,72.1908563948053,72.44141339906193,71.76682553766906,71.87283325195312,4272600
2023-05-23 00:00:00-04:00,71.41025154639098,72.47032130826915,71.22715333319731,71.46807861328125,8751200
2023-05-24 00:00:00-04:00,71.45844406787681,71.71864015176148,70.98623254770128,71.54517364501953,6879400
2023-05-25 00:00:00-04:00,71.48735325074595,71.48735325074595,69.839425128513,70.72602844238281,7716400
2023-05-26 00:00:00-04:00,70.92775136803486,72.31468846513671,70.41371303827718,71.69396209716797,7174000
2023-05-30 00:00:00-04:00,72.11102159885792,72.4989774732924,70.36523126336701,70.50101470947266,6874000
2023-05-31 00:00:00-04:00,70.45252693216531,71.54849558027418,69.71541141149929,71.24783325195312,11112000
2023-06-01 00:00:00-04:00,70.85017964057504,71.21873367949155,70.2779430173789,70.76288604736328,6738800
2023-06-02 00:00:00-04:00,70.84047049502107,71.96553434633337,70.3361256585094,71.6260757446289,7174900
2023-06-05 00:00:00-04:00,71.91704251464817,72.63475602421417,71.12173635549604,71.3739013671875,5266600
2023-06-06 00:00:00-04:00,71.55818290364324,71.91704336247801,71.15083258797723,71.17022705078125,5652900
2023-06-07 00:00:00-04:00,71.42240114189778,72.25650365525875,71.07324160608889,71.93643951416016,6488100
2023-06-08 00:00:00-04:00,72.23710465640174,72.85783103672304,71.83944788794852,72.64445495605469,9984500
2023-06-09 00:00:00-04:00,72.60566546739042,72.93542315063591,71.77156292787879,71.8394546508789,6011400
2023-06-12 00:00:00-04:00,72.16922568156836,72.22741647760914,71.47090653050523,71.7521743774414,7564300
2023-06-13 00:00:00-04:00,71.67456962386551,72.44078037425437,71.5290852586652,72.11101531982422,8579300
2023-06-14 00:00:00-04:00,72.64446527850431,72.69295514031958,71.08294817497469,71.18963623046875,8893600
2023-06-15 00:00:00-04:00,71.51939552194726,72.27590545982696,71.19933874798201,72.1207275390625,10098300
2023-06-16 00:00:00-04:00,72.49897428594153,74.11868203588047,72.46987889157559,73.31367492675781,23053000
2023-06-20 00:00:00-04:00,73.35247064983204,73.87620994304366,72.25650220641144,72.50867462158203,7801600
2023-06-21 00:00:00-04:00,72.20801274211749,73.74043446174066,71.50000007648262,73.49796295166016,7176100
2023-06-22 00:00:00-04:00,73.77922600945269,74.08958922625442,72.74144830955541,72.8675308227539,6976200
2023-06-23 00:00:00-04:00,73.02271444774814,73.701631656464,71.77156067770667,71.93643951416016,9079800
2023-06-26 00:00:00-04:00,71.85885191268784,72.53777656876689,71.58728501011348,72.0528335571289,5670200
2023-06-27 00:00:00-04:00,72.3146927020249,72.54747065338304,71.00534817411568,71.68427276611328,5979100
2023-06-28 00:00:00-04:00,71.72306824429056,71.97524068147904,71.01505559324245,71.22843170166016,8735100
2023-06-29 00:00:00-04:00,70.4913109843057,71.38360428039553,70.32643214908873,70.61739349365234,7193200
2023-06-30 00:00:00-04:00,70.7434944961396,72.0722337172597,70.58830916832324,71.96554565429688,9259900
2023-07-03 00:00:00-04:00,71.64547732700808,72.22740741331597,71.28661686395768,72.1401138305664,2484500
2023-07-05 00:00:00-04:00,71.75217178332196,73.3136814845613,71.69397358974182,72.69295501708984,8450100
2023-07-06 00:00:00-04:00,72.05283485500117,72.05283485500117,70.81138190678881,70.82107543945312,7271200
2023-07-07 00:00:00-04:00,70.34582061246884,70.53010129472511,69.73479518132078,69.88027954101562,7510900
2023-07-10 00:00:00-04:00,69.63781543548659,70.30703172139228,68.95889081836195,69.55052185058594,7704700
2023-07-11 00:00:00-04:00,69.4826272846664,70.05486382995696,68.71641651364757,70.01606750488281,6623400
2023-07-12 00:00:00-04:00,70.35552834526179,71.35450969896749,70.0160697395816,71.25752258300781,9710500
2023-07-13 00:00:00-04:00,71.30602231396264,71.70367916399101,71.17023885289044,71.49030303955078,6058600
2023-07-14 00:00:00-04:00,71.26722553701106,71.52909149749804,70.5980018385047,70.99565124511719,6463500
2023-07-17 00:00:00-04:00,70.76288520285716,71.20903189716113,70.26824124627618,70.471923828125,5148800
2023-07-18 00:00:00-04:00,70.57859114819546,70.87926079813599,69.1528651421833,69.88027954101562,7239500
2023-07-19 00:00:00-04:00,70.18094437878175,70.73377904629083,69.88028211739817,69.92877197265625,7464800
2023-07-20 00:00:00-04:00,69.92877368304559,71.8976409260215,69.49232797683682,71.86854553222656,9221600
2023-07-21 00:00:00-04:00,72.17891481992831,73.97320245182864,72.06253323493254,73.61434936523438,11877200
2023-07-24 00:00:00-04:00,73.59494867777015,74.36115952302696,73.10031213434506,73.22639465332031,8609700
2023-07-25 00:00:00-04:00,73.47857615995308,73.65315596142788,72.37290655049404,73.168212890625,8847800
2023-07-26 00:00:00-04:00,72.63476196377819,73.89561672390876,71.65517503166575,72.13042449951172,7244600
2023-07-27 00:00:00-04:00,71.71337448232775,72.63476323884487,70.98595996940062,71.06354522705078,10185400
2023-07-28 00:00:00-04:00,71.52908778726085,72.1401132631316,70.2973359042585,70.65618896484375,6230700
2023-07-31 00:00:00-04:00,71.1896384935444,72.22741628481437,70.84047891894484,71.0926513671875,10876400
2023-08-01 00:00:00-04:00,71.11204400757221,71.58728609427472,69.91908092503284,69.99667358398438,6723400
2023-08-02 00:00:00-04:00,69.35654336335648,70.17124397437009,69.30804610809233,69.74449920654297,6589600
2023-08-03 00:00:00-04:00,69.05587139652866,69.34684011912304,67.95020209009722,67.98899841308594,9075100
2023-08-04 00:00:00-04:00,68.42546844999954,68.56125191428062,66.9415364766812,67.08702087402344,9137900
2023-08-07 00:00:00-04:00,67.40706999458251,67.62044607634984,66.54387213626354,66.57296752929688,8397200
2023-08-08 00:00:00-04:00,66.28200864076776,66.87363971909397,65.86496474584736,66.640869140625,8890000
2023-08-09 00:00:00-04:00,66.71846093691727,67.48467178909422,66.44689403227595,66.84454345703125,7453000
2023-08-10 00:00:00-04:00,67.21309976669461,67.56225930311713,66.09772943643617,66.23351287841797,7959900
2023-08-11 00:00:00-04:00,66.24321885379496,66.86394532144459,66.1074354014743,66.84454345703125,6520100
2023-08-14 00:00:00-04:00,66.77664439285383,66.85423704269424,66.24321157439624,66.49537658691406,8021100
2023-08-15 00:00:00-04:00,66.09772718965192,66.17531983947333,65.1472357284457,65.32181549072266,7703900
2023-08-16 00:00:00-04:00,65.68068275224654,65.90375239404459,65.28302593043844,65.52549743652344,6433500
2023-08-17 00:00:00-04:00,65.31211876348863,66.0977314441232,65.2636289039609,65.47700500488281,6677600
2023-08-18 00:00:00-04:00,65.31211930942712,66.01043840932044,65.30242577722625,65.78736877441406,6290700
2023-08-21 00:00:00-04:00,65.70977359760973,65.7582708553248,64.66229498796238,65.05995178222656,6856100
2023-08-22 00:00:00-04:00,65.08904495489149,65.77766307300911,64.74958636140286,65.4866943359375,7370400
2023-08-23 00:00:00-04:00,66.02013793776618,66.08802965994357,65.27332899381481,65.8455581665039,7721800
2023-08-24 00:00:00-04:00,65.84556931198573,66.34991424750912,65.05996390814983,65.19574737548828,9242500
2023-08-25 00:00:00-04:00,65.27332367632393,66.16561692357696,65.20543195967733,65.91344451904297,10114100
2023-08-28 00:00:00-04:00,66.19472622843969,66.53418488301578,65.93286023766493,65.97164916992188,7152600
2023-08-29 00:00:00-04:00,66.19431372814049,66.26267580904221,65.53998988938008,65.93063354492188,11209700
2023-08-30 00:00:00-04:00,65.7841343839779,66.14548103158842,65.25676662161682,65.52044677734375,7461500
2023-08-31 00:00:00-04:00,65.9208644514774,66.20408091137787,65.1688815724304,65.23724365234375,11797800
2023-09-01 00:00:00-04:00,65.76460128723187,65.9892237981623,64.89542311394504,65.30560302734375,8296300
2023-09-05 00:00:00-04:00,65.25677367572364,65.69624313307655,64.27040011815095,64.65127563476562,10002700
2023-09-06 00:00:00-04:00,64.4852481040319,64.85636289430795,63.83092432768143,64.15320587158203,9250300
2023-09-07 00:00:00-04:00,64.72940072781354,65.40326079654525,64.32899641297968,64.70010375976562,9981100
2023-09-08 00:00:00-04:00,64.70987574859865,65.43256165676242,64.52431833871432,65.26654052734375,7484800
2023-09-11 00:00:00-04:00,65.43255752945446,66.30173568265371,65.38372428227846,65.95015716552734,7981600
2023-09-12 00:00:00-04:00,65.92086241103499,66.43846206448752,65.53998691317719,66.1454849243164,7171300
2023-09-13 00:00:00-04:00,66.29197323050512,67.16115145827486,66.29197323050512,66.82910919189453,8925700
2023-09-14 00:00:00-04:00,67.28811048172267,67.72757991131891,66.81933663270011,67.65921783447266,7944900
2023-09-15 00:00:00-04:00,67.7178157549651,68.25495171243055,66.99512983566358,67.03419494628906,18380200
2023-09-18 00:00:00-04:00,67.20021181007334,67.24904505798058,66.3212729550033,66.64354705810547,7534100
2023-09-19 00:00:00-04:00,66.45800360705957,66.5654308022349,65.77437532404309,66.00875854492188,8215500
2023-09-20 00:00:00-04:00,66.47752532443904,66.54588740033508,65.66694110245227,65.77436828613281,5804000
2023-09-21 00:00:00-04:00,65.53998361095007,66.12594531267634,65.20793392773058,65.34466552734375,9458600
2023-09-22 00:00:00-04:00,64.94425695892095,66.79004050799662,64.79776466356891,66.11618041992188,11796500
2023-09-25 00:00:00-04:00,65.6474196818984,65.92086801633936,65.21771089868642,65.89157104492188,8656500
2023-09-26 00:00:00-04:00,65.5497615402017,65.61812362476445,63.74303546792748,63.811397552490234,9042600
2023-09-27 00:00:00-04:00,63.18636609325708,63.46958255199276,58.13731798795693,58.55725860595703,25606200
2023-09-28 00:00:00-04:00,58.88930330658809,59.27994694636617,55.64697376297309,55.74463653564453,31153800
2023-09-29 00:00:00-04:00,56.320829646644995,57.38532964418059,55.646973285535864,55.94972229003906,19045800
2023-10-02 00:00:00-04:00,54.76802905799916,55.061009913852324,49.00605608258746,50.929969787597656,54022800
2023-10-03 00:00:00-04:00,50.85184570180755,51.867516268277555,49.31857543676044,51.54523468017578,36257500
2023-10-04 00:00:00-04:00,52.45347514824279,52.68786208347984,49.357637817967756,49.43576431274414,28467400
2023-10-05 00:00:00-04:00,48.644718970641996,48.95723241766555,47.111448706978244,48.29314041137695,29911400
2023-10-06 00:00:00-04:00,47.91226439733269,49.318574894752246,46.04694814934142,49.064659118652344,24716100
2023-10-09 00:00:00-04:00,48.52751878074608,49.24044024331114,47.248168149143936,48.166175842285156,20644600
2023-10-10 00:00:00-04:00,48.51775827377077,50.412371475137995,48.36150155330186,50.37331008911133,23164300
2023-10-11 00:00:00-04:00,50.832309049076606,52.31674966687332,50.490498657837236,52.287452697753906,22401400
2023-10-12 00:00:00-04:00,51.828444319613,52.70739060263193,51.008095697279884,51.76008224487305,27972800
2023-10-13 00:00:00-04:00,52.277688781557835,53.957451355260595,52.24839181007135,53.215232849121094,22319200
2023-10-16 00:00:00-04:00,53.21522671369952,53.75235890659694,52.306983447792334,53.1077995300293,17089400
2023-10-17 00:00:00-04:00,52.326516381530354,53.55703748192708,52.29721568775522,52.9027099609375,13365500
2023-10-18 00:00:00-04:00,52.81482117871611,53.49844197004953,51.828447650442634,51.99447250366211,13593300
2023-10-19 00:00:00-04:00,52.03353444028772,52.72692710457242,51.15459181690412,51.16435623168945,11580400
2023-10-20 00:00:00-04:00,50.73465086848112,51.457336772434985,50.48073138026193,50.744415283203125,17797600
2023-10-23 00:00:00-04:00,50.07055736915652,51.33037918055647,49.75804395127566,50.3147087097168,15200700
2023-10-24 00:00:00-04:00,53.16639435603521,54.133235299794514,51.867511166943586,53.83048629760742,20060300
2023-10-25 00:00:00-04:00,54.30902420922473,55.60790738987211,53.62539971787959,55.139137268066406,19262400
2023-10-26 00:00:00-04:00,55.441887677923496,56.877498773704055,55.353993045009304,56.22317123413086,17357800
2023-10-27 00:00:00-04:00,56.01808671557399,56.66264613487646,54.62154068617633,54.92428970336914,11921000
2023-10-30 00:00:00-04:00,55.09030495273257,56.125507914315214,54.4652781553444,55.86182403564453,11017700
2023-10-31 00:00:00-04:00,56.21341025479591,57.12165360859454,56.04738539338818,56.93609619140625,19978300
2023-11-01 00:00:00-04:00,56.75053970491287,57.41463166693148,55.84229639584194,57.063053131103516,13428900
2023-11-02 00:00:00-04:00,57.15094581894669,59.05532700619722,57.13141326479316,58.508426666259766,15076500
2023-11-03 00:00:00-04:00,59.78778354574662,60.051467449767316,57.981061327557526,57.99082946777344,13937000
2023-11-06 00:00:00-05:00,58.010361494476975,58.4791316333158,57.48299369123808,57.658782958984375,9299500
2023-11-07 00:00:00-05:00,57.66854733321139,58.166618166627885,57.033756067198446,57.092350006103516,9615500
2023-11-08 00:00:00-05:00,56.80913184560309,56.80913184560309,55.451650995036346,56.154808044433594,12781600
2023-11-09 00:00:00-05:00,55.783700629706814,55.930192933104905,53.34218707609889,53.439849853515625,17147900
2023-11-10 00:00:00-05:00,53.71329339685166,54.074636327485265,53.234755143752814,53.85001754760742,12776100
2023-11-13 00:00:00-05:00,53.76212688796025,53.771895028280426,52.55113827003676,53.22499465942383,8951800
2023-11-14 00:00:00-05:00,54.76803258048115,56.389197394286754,54.15277013580044,56.20363998413086,13399500
2023-11-15 00:00:00-05:00,56.13527786522708,57.35603461349347,55.64697516592053,55.666507720947266,11295000
2023-11-16 00:00:00-05:00,56.076679770146654,56.418493892312554,55.2563348180379,55.27586364746094,11155400
2023-11-17 00:00:00-05:00,55.676272562468284,56.03761924505154,55.16844102969662,56.02785110473633,10136300
2023-11-20 00:00:00-05:00,55.66650445000335,56.33059638007477,54.99264810571928,55.99855041503906,8404900
2023-11-21 00:00:00-05:00,55.979017743087034,56.92632611422541,55.45164996582729,56.62357711791992,11952600
2023-11-22 00:00:00-05:00,57.084349703329295,57.40925380949339,56.10964489637598,56.58222961425781,9626900
2023-11-24 00:00:00-05:00,56.25732532210935,56.72006616665466,56.05057021292635,56.66099166870117,4629400
2023-11-27 00:00:00-05:00,56.61176287503349,56.808674105752694,55.99149381278727,56.690528869628906,9779100
2023-11-28 00:00:00-05:00,56.67084001287954,57.67508395617123,56.37547127514647,57.26156997680664,9473600
2023-11-29 00:00:00-05:00,57.62584912070362,58.31503653213057,57.08434606735717,57.45847702026367,17019100
2023-11-30 00:00:00-05:00,57.576623840082675,57.773535071027155,57.08434764060615,57.60615921020508,15381700
2023-12-01 00:00:00-05:00,57.645544724139214,58.620253294193425,56.77913752362097,58.25596618652344,10509700
2023-12-04 00:00:00-05:00,57.684924895295595,58.61040279326747,57.675081023897405,57.76368713378906,10239600
2023-12-05 00:00:00-05:00,57.77353563259669,57.9507553665924,56.976046829616,57.33048629760742,12544800
2023-12-06 00:00:00-05:00,57.71445930465071,59.32912460246998,57.71445930465071,59.27005386352539,13235700
2023-12-07 00:00:00-05:00,59.44727615178232,59.62449588778594,58.52179447359242,58.92546081542969,12230500
2023-12-08 00:00:00-05:00,58.64978956914672,59.02392055446123,58.187048712462186,58.77778244018555,9408300
2023-12-11 00:00:00-05:00,57.62585219788538,59.014070966048955,57.62585219788538,58.78762435913086,11005700
2023-12-12 00:00:00-05:00,58.73839596954534,58.83684970712995,57.18280513224626,58.60055923461914,9931000
2023-12-13 00:00:00-05:00,58.67932141606573,61.63297860994359,58.413495573693744,61.544368743896484,13013400
2023-12-14 00:00:00-05:00,62.66675917970508,63.59223328971842,61.396685734662306,61.81019592285156,16809100
2023-12-15 00:00:00-05:00,61.1407024712298,61.93819126643986,60.07738783338573,60.54997253417969,28900100
2023-12-18 00:00:00-05:00,60.64842339043055,61.14069956650797,59.91000912631442,60.05769348144531,10755600
2023-12-19 00:00:00-05:00,60.41213756125683,60.874878404096485,59.92970521917193,60.618892669677734,11509600
2023-12-20 00:00:00-05:00,60.59919876484368,60.766574623899274,58.856540586396434,58.91561508178711,10091200
2023-12-21 00:00:00-05:00,59.201136612774675,59.71310430929775,58.14766584969988,58.6793212890625,12604200
2023-12-22 00:00:00-05:00,59.033758573110354,59.92970107000752,58.74823748747619,58.827003479003906,9799100
2023-12-26 00:00:00-05:00,58.758088022660864,59.62449519350443,58.69901352609106,59.27989959716797,6791600
2023-12-27 00:00:00-05:00,58.984535847085205,59.73279404028125,58.72855386818824,59.644187927246094,6787500
2023-12-28 00:00:00-05:00,59.19129008836576,60.15615100356135,59.19129008836576,60.077388763427734,5981900
2023-12-29 00:00:00-05:00,59.8607865925426,60.11677232586166,59.338975009978306,59.80171585083008,6814300
2024-01-02 00:00:00-05:00,59.6146487427869,61.189934880481516,59.25036539617347,60.618892669677734,10064300
2024-01-03 00:00:00-05:00,60.165998676528694,61.16039496305678,59.52603810452459,61.032405853271484,10306300
2024-01-04 00:00:00-05:00,61.20962408406287,61.79051018046111,60.77642235764214,60.845340728759766,10568100
2024-01-05 00:00:00-05:00,60.69765581688504,61.593598333746975,60.323524860329826,61.12101364135742,7803800
2024-01-08 00:00:00-05:00,60.825647040858755,62.085876686893684,60.63858343395041,61.948036193847656,7766600
2024-01-09 00:00:00-05:00,61.967723678926355,62.066181167581696,60.933944460544865,61.05208969116211,6921600
2024-01-10 00:00:00-05:00,61.06194251874341,61.760973846773695,60.94379727806337,61.31792449951172,8100100
2024-01-11 00:00:00-05:00,61.04225028434321,61.22931389281501,59.66387538851801,59.78202438354492,10686000
2024-01-12 00:00:00-05:00,60.23491696770109,60.7075016755618,59.978931236920666,60.09708023071289,7796500
2024-01-16 00:00:00-05:00,59.72294865065214,60.25460784996749,59.279899317889345,59.4177360534668,11633100
2024-01-17 00:00:00-05:00,58.54148524495347,59.082988317891186,56.907128398835084,57.369869232177734,11543100
2024-01-18 00:00:00-05:00,57.06465401905861,57.182803006691614,56.34593124525258,56.75944519042969,9626500
2024-01-19 00:00:00-05:00,56.82836616965344,56.89728453772527,55.70597702589012,56.37546920776367,12761400
2024-01-22 00:00:00-05:00,56.48376945028604,56.89728340626322,55.784738156161694,55.9718017578125,12979900
2024-01-23 00:00:00-05:00,56.39516051758103,56.62160711988222,56.01118568081948,56.49361801147461,16081000
2024-01-24 00:00:00-05:00,57.202491928697754,57.507704519391076,55.87334771445026,56.129329681396484,14471400
2024-01-25 00:00:00-05:00,58.03936378552646,58.44303011271881,56.17856038076737,57.084346771240234,15702600
2024-01-26 00:00:00-05:00,57.42894521250469,58.10828503911305,57.320643843965065,57.57662582397461,11650000
2024-01-29 00:00:00-05:00,57.566781733096455,58.86639063908693,57.310795998291674,58.64978790283203,10102800
2024-01-30 00:00:00-05:00,58.58086817312034,58.82700627468807,57.66523413482682,58.36426544189453,7807700
2024-01-31 00:00:00-05:00,58.77777877689744,59.053452245858765,57.52739678361393,57.724308013916016,11124900
2024-02-01 00:00:00-05:00,57.48801166918635,58.90576947053162,57.113880720968105,58.827003479003906,8687600
2024-02-02 00:00:00-05:00,57.98029092459758,58.118127661313686,57.084348380173516,57.25172424316406,14952500
2024-02-05 00:00:00-05:00,56.48377121839179,56.542845715600386,55.02663408917108,55.10540008544922,14293600
2024-02-06 00:00:00-05:00,55.1349349272884,55.7059771275189,54.652502594136095,55.36138153076172,10305400
2024-02-07 00:00:00-05:00,55.44999303701214,55.79458488818651,54.770653206510026,55.50906753540039,7761300
2024-02-08 00:00:00-05:00,55.54844504146839,55.54844504146839,54.534357263350664,55.42045593261719,8143000
2024-02-09 00:00:00-05:00,55.11524090677354,55.75520144592211,54.85925894457564,55.70597457885742,8003500
2024-02-12 00:00:00-05:00,55.715822236062195,56.73975766597248,55.6272123670167,56.66099166870117,9622000
2024-02-13 00:00:00-05:00,56.00134012980225,56.257322094709785,53.825476527126604,54.39651870727539,12759700
2024-02-14 00:00:00-05:00,54.53435775860037,55.203853702399634,54.23899278475232,55.144779205322266,8831300
2024-02-15 00:00:00-05:00,55.4302979362426,56.769289766559275,55.35153569927828,56.38531494140625,9880000
2024-02-16 00:00:00-05:00,55.98164904649579,56.532995976773215,55.45983748583486,56.14902114868164,9942500
2024-02-20 00:00:00-05:00,55.863504642975414,56.43454308007853,55.18416108553962,55.735511779785156,13014600
2024-02-21 00:00:00-05:00,56.139179044133904,56.45423551585582,55.76504807555061,56.21794128417969,9322700
2024-02-22 00:00:00-05:00,55.9127351811561,56.19825629633079,55.44999432247778,55.794586181640625,10426000
2024-02-23 00:00:00-05:00,55.92257693618551,56.57238138584283,55.63705583181971,55.90288543701172,10563900
2024-02-26 00:00:00-05:00,55.54023611267109,55.570041823579146,54.50692851286643,54.79506301879883,12753800
2024-02-27 00:00:00-05:00,55.08319267407372,55.62965596450946,54.437378279239375,55.202423095703125,12421800
2024-02-28 00:00:00-05:00,54.99377440416434,55.36139587002521,54.35789395207029,54.68577194213867,13240400
2024-02-29 00:00:00-05:00,55.13287681453444,55.50049449188312,54.606285233309066,54.83480453491211,19993600
2024-03-01 00:00:00-05:00,54.90435274196954,55.26203643900947,53.930660338997725,54.85467529296875,15397600
2024-03-04 00:00:00-05:00,54.427442767939894,54.715577280248056,53.6027864966829,54.6162223815918,11674600
2024-03-05 00:00:00-05:00,54.646026056447326,56.146306195059964,54.59634860897072,55.043453216552734,16026100
2024-03-06 00:00:00-05:00,55.61971966881353,56.54373461502232,54.90435228074313,55.17261505126953,11074900
2024-03-07 00:00:00-05:00,55.71907733467821,56.10656673273071,55.17261403983873,55.88798141479492,10227300
2024-03-08 00:00:00-05:00,56.35495747448317,57.785688426969095,55.947596341405124,57.43794250488281,12734800
2024-03-11 00:00:00-04:00,57.1994862999628,57.76581754727757,56.52386239261424,57.497554779052734,9681500
2024-03-12 00:00:00-04:00,57.29884224872544,57.626720234849174,56.18605147094866,56.78219223022461,9634400
2024-03-13 00:00:00-04:00,58.62028520659911,59.98146703913845,58.5706077568262,59.15681076049805,17495300
2024-03-14 00:00:00-04:00,58.81899879583721,59.85230642775818,58.72957787018739,59.15681076049805,16996100
2024-03-15 00:00:00-04:00,58.818998965731176,59.7430139367328,58.50105873809045,59.693336486816406,32424500
2024-03-18 00:00:00-04:00,59.6933358559061,60.74651142752985,59.05745161719895,59.782752990722656,17073700
2024-03-19 00:00:00-04:00,60.00133769857217,60.99490183675723,59.87217329936712,60.875675201416016,11433900
2024-03-20 00:00:00-04:00,61.054517141816525,62.00833780628123,60.96509621763881,61.79969024658203,14564500
2024-03-21 00:00:00-04:00,61.799689539412554,62.98202948765835,60.89554633424898,60.96509552001953,18090300
2024-03-22 00:00:00-04:00,61.819559699603666,62.08782246222296,61.322777648118965,61.382389068603516,10045900
2024-03-25 00:00:00-04:00,61.60097560226642,62.236856034318016,61.01477261831642,62.20705032348633,11423500
2024-03-26 00:00:00-04:00,62.216985036072224,62.505119544688846,60.90548068185095,61.034645080566406,13829600
2024-03-27 00:00:00-04:00,61.75994500382437,63.44900475098219,61.62084663467249,63.37945556640625,13409000
2024-03-28 00:00:00-04:00,63.26022686857832,63.84643365194878,62.982030122691114,63.49868392944336,12830800
2024-04-01 00:00:00-04:00,63.4986832644585,63.63778542609177,62.35608300127941,62.97209548950195,13175200
2024-04-02 00:00:00-04:00,62.862804507812015,62.93235369541284,61.95866127885481,62.47531509399414,9905300
2024-04-03 00:00:00-04:00,62.2865326033991,62.58460486809478,61.461876364140906,62.14743423461914,10551400
2024-04-04 00:00:00-04:00,62.94228785120745,63.568234331570444,62.56473620032505,63.31984329223633,10690100
2024-04-05 00:00:00-04:00,62.644216379673466,63.9457867282719,62.495184037256,63.766944885253906,10276800
2024-04-08 00:00:00-04:00,63.73714388672298,64.50218497267866,63.51855855350903,64.44257354736328,8054900
2024-04-09 00:00:00-04:00,64.73070537849514,65.43613500980136,64.37302168089018,64.95922088623047,9188500
2024-04-10 00:00:00-04:00,63.091321710018896,63.82655703738599,62.594539649310086,63.59804153442383,10783400
2024-04-11 00:00:00-04:00,64.21404603419067,64.37301993115749,62.91247946901853,63.52848815917969,12145600
2024-04-12 00:00:00-04:00,63.70733408336958,63.89610611151149,62.54486209245726,62.67402648925781,9038700
2024-04-15 00:00:00-04:00,63.12112825670172,63.91598259647881,61.89904482599206,62.34614944458008,11147100
2024-04-16 00:00:00-04:00,62.08782258896011,62.177243510015735,60.915416641851316,61.30290603637695,11594100
2024-04-17 00:00:00-04:00,61.83943195199476,63.50861617196369,61.5214879494595,63.37945556640625,15653700
2024-04-18 00:00:00-04:00,63.43906763645653,63.97559317165717,62.72370404633535,63.59804153442383,10135000
2024-04-19 00:00:00-04:00,63.80669011273092,64.48231402933287,63.240358857659636,63.88617706298828,13418800
2024-04-22 00:00:00-04:00,64.17430393459465,65.06851317345584,63.508617782445185,64.8896713256836,14747200
2024-04-23 00:00:00-04:00,64.82012040421692,66.73769943944163,64.68102203526115,65.77394104003906,14349200
2024-04-24 00:00:00-04:00,65.48581173083399,66.668147823843,64.80025009434264,66.13162231445312,12149600
2024-04-25 00:00:00-04:00,65.57523500872476,66.68802960444498,65.08839068947537,66.46944427490234,11418500
2024-04-26 00:00:00-04:00,66.78737952781536,66.86686647450591,65.3268390986192,65.56529235839844,9982800
2024-04-29 00:00:00-04:00,66.58866444696616,67.47294349374269,66.52905302504811,66.98609161376953,9795800
2024-04-30 00:00:00-04:00,66.4694446465961,67.05564386974478,65.84349436662501,66.53899383544922,10042600
2024-05-01 00:00:00-04:00,66.43963471542796,68.41682517038255,66.3104665298363,68.1684341430664,13991100
2024-05-02 00:00:00-04:00,68.43669658108033,68.57579495699426,67.2344848576568,68.40689086914062,10815900
2024-05-03 00:00:00-04:00,69.44019995833014,69.8276893822437,68.86393091445603,69.68859100341797,12687500
2024-05-06 00:00:00-04:00,69.90717141919752,70.84112410873436,69.8078165242089,70.79144287109375,14042100
2024-05-07 00:00:00-04:00,71.22861725206273,71.57636319296087,70.85105801883645,71.4869384765625,13621100
2024-05-08 00:00:00-04:00,71.23854145531813,72.42088513540564,71.0199637253127,72.38114166259766,9915000
2024-05-09 00:00:00-04:00,72.53018060734398,74.24904986665501,72.11288549709252,74.10001373291016,16627900
2024-05-10 00:00:00-04:00,74.38815275532768,74.72596093739583,73.17600324500202,73.31510162353516,12046700
2024-05-13 00:00:00-04:00,73.66284309533663,74.18943086498147,73.11637979836972,74.10001373291016,7685500
2024-05-14 00:00:00-04:00,74.45770189916237,75.12338807892091,74.17950514226587,74.93460845947266,8176600
2024-05-15 00:00:00-04:00,75.4810717936057,76.69322130326088,75.4810717936057,76.55412292480469,12470600
2024-05-16 00:00:00-04:00,76.56404637327344,76.91179986911442,75.5704822829676,75.9182357788086,10414200
2024-05-17 00:00:00-04:00,75.85861717843562,76.05733454571916,75.05383268674166,75.60028839111328,9490300
2024-05-20 00:00:00-04:00,75.50093671234147,75.6996540880861,75.08364159371695,75.3817138671875,7179700
2024-05-21 00:00:00-04:00,75.38171417815333,76.46469545433112,74.96441147751455,76.45475769042969,6420100
2024-05-22 00:00:00-04:00,75.91823635606737,76.68327737609131,75.66984533160222,75.82881164550781,8773600
2024-05-23 00:00:00-04:00,75.47113129879806,75.47113129879806,74.13975898737415,74.83525085449219,9097800
2024-05-24 00:00:00-04:00,74.9346072113594,76.60379530522954,74.77564088733476,76.11695098876953,7599700
2024-05-28 00:00:00-04:00,76.12688929625061,77.75633392567221,75.83875477783798,77.0310287475586,11986600
2024-05-29 00:00:00-04:00,76.2759176857125,76.40508587867534,75.66985051834416,76.1865005493164,6896300
2024-05-30 00:00:00-04:00,76.37527847018319,77.75633202377506,76.11694967028825,77.68678283691406,21764700
2024-05-31 00:00:00-04:00,77.78613557713051,79.95210565394217,77.6271616799772,79.50499725341797,16196000
2024-06-03 00:00:00-04:00,79.5,79.75,77.5199966430664,77.70999908447266,15410500
2024-06-04 00:00:00-04:00,77.61000061035156,77.79000091552734,76.52999877929688,77.1500015258789,8484300
2024-06-05 00:00:00-04:00,77.05000305175781,77.33000183105469,76.5999984741211,77.05000305175781,9264600
2024-06-06 00:00:00-04:00,76.94000244140625,77.7699966430664,76.62999725341797,76.69999694824219,6550600
2024-06-07 00:00:00-04:00,75.55999755859375,77.0,75.01000213623047,75.38999938964844,10059500
2024-06-10 00:00:00-04:00,75.47000122070312,77.05999755859375,74.8499984741211,76.97000122070312,11218900
2024-06-11 00:00:00-04:00,75.30000305175781,75.31999969482422,71.55000305175781,72.73999786376953,22781500
2024-06-12 00:00:00-04:00,73.79000091552734,73.94999694824219,71.4000015258789,72.26000213623047,13930500
2024-06-13 00:00:00-04:00,72.55999755859375,73.72000122070312,72.36000061035156,73.18000030517578,10023200
2024-06-14 00:00:00-04:00,72.76000213623047,73.54000091552734,72.37999725341797,73.05999755859375,6568500
2024-06-17 00:00:00-04:00,72.7300033569336,73.4000015258789,72.19000244140625,72.30999755859375,8445300
2024-06-18 00:00:00-04:00,69.0999984741211,70.58999633789062,68.97000122070312,70.44000244140625,29169800
2024-06-20 00:00:00-04:00,71.0,72.88999938964844,70.79000091552734,72.45999908447266,14857200
2024-06-21 00:00:00-04:00,73.36000061035156,73.69000244140625,72.06999969482422,72.80999755859375,19465800
2024-06-24 00:00:00-04:00,72.5,74.26000213623047,72.25,73.8499984741211,12063700
2024-06-25 00:00:00-04:00,73.56999969482422,73.73999786376953,72.38999938964844,72.9800033569336,11011800
2024-06-26 00:00:00-04:00,72.80000305175781,73.61000061035156,71.91999816894531,73.37000274658203,11481500
2024-06-27 00:00:00-04:00,73.62000274658203,74.38999938964844,73.2300033569336,73.72000122070312,9824500
2024-06-28 00:00:00-04:00,73.20999908447266,73.30999755859375,69.86000061035156,70.80999755859375,23935600
2024-07-01 00:00:00-04:00,71.45999908447266,71.62999725341797,69.54000091552734,69.9000015258789,11036400
2024-07-02 00:00:00-04:00,70.0,70.5999984741211,69.37999725341797,70.47000122070312,9415200
2024-07-03 00:00:00-04:00,70.91999816894531,71.91000366210938,70.55000305175781,71.83000183105469,4487200
2024-07-05 00:00:00-04:00,72.0,72.3499984741211,71.63999938964844,72.08999633789062,7688800
2024-07-08 00:00:00-04:00,72.1500015258789,72.58000183105469,71.73999786376953,72.11000061035156,5368700
2024-07-09 00:00:00-04:00,72.05999755859375,72.98999786376953,71.68000030517578,72.12000274658203,6220100
2024-07-10 00:00:00-04:00,72.26000213623047,73.12999725341797,71.68000030517578,72.9000015258789,6740900
2024-07-11 00:00:00-04:00,73.5,75.20999908447266,73.45999908447266,74.69999694824219,12188700
2024-07-12 00:00:00-04:00,75.0,76.69999694824219,74.7699966430664,76.0,11099400
2024-07-15 00:00:00-04:00,74.16999816894531,74.4000015258789,70.76000213623047,70.97000122070312,19575400
2024-07-16 00:00:00-04:00,71.54000091552734,72.29000091552734,70.8499984741211,71.9000015258789,10551800
2024-07-17 00:00:00-04:00,71.75,72.25,70.4800033569336,70.9000015258789,11878900
2024-07-18 00:00:00-04:00,71.0,72.36000061035156,70.81999969482422,71.66999816894531,10212300
2024-07-19 00:00:00-04:00,71.91999816894531,72.36000061035156,71.44000244140625,72.0,7752100
2024-07-22 00:00:00-04:00,72.94999694824219,74.1500015258789,72.76000213623047,72.9000015258789,9034700
2024-07-23 00:00:00-04:00,72.43000030517578,73.0199966430664,71.91000366210938,72.11000061035156,7027500
2024-07-24 00:00:00-04:00,72.7300033569336,75.75,72.29000091552734,75.41000366210938,17813700
2024-07-25 00:00:00-04:00,75.19000244140625,75.66999816894531,73.30000305175781,73.44000244140625,13934200
2024-07-26 00:00:00-04:00,74.2300033569336,74.98999786376953,73.5199966430664,74.26000213623047,7076200
2024-07-29 00:00:00-04:00,74.45999908447266,74.66999816894531,73.55999755859375,74.33999633789062,5977500
2024-07-30 00:00:00-04:00,74.52999877929688,74.52999877929688,73.19999694824219,74.27999877929688,8504200
