Date,Open,High,Low,Close,Volume
2014-01-02 00:00:00-05:00,83.69323639063816,84.40808076731966,83.28981043544564,83.6861572265625,901900
2014-01-03 00:00:00-05:00,83.33226664470004,85.1370699240389,83.33226664470004,84.76195526123047,737600
2014-01-06 00:00:00-05:00,85.3140015974782,86.04299875058021,84.76194571065604,86.02176666259766,1414000
2014-01-07 00:00:00-05:00,86.02885234861057,86.43935201364494,85.1653780397181,85.65373229980469,984200
2014-01-08 00:00:00-05:00,85.3635609657791,86.4676729467557,85.02383129480633,85.86607360839844,889800
2014-01-09 00:00:00-05:00,84.5354796509144,86.16333641791144,84.5354796509144,85.56173706054688,624300
2014-01-10 00:00:00-05:00,85.88732054222797,86.41814453247638,85.55466997770097,86.20581817626953,638100
2014-01-13 00:00:00-05:00,85.87316211750436,86.4818406860311,85.22201936041733,85.51927947998047,651300
2014-01-14 00:00:00-05:00,85.77407897579516,86.396910499787,85.54759429435988,86.1562728881836,642200
2014-01-15 00:00:00-05:00,86.32614486257295,87.05514234506836,86.21289980907162,86.80034637451172,786600
2014-01-16 00:00:00-05:00,87.3736097513674,87.45854351733051,86.6658445678008,86.9489517211914,892800
2014-01-17 00:00:00-05:00,87.0338644375236,87.2178848526941,86.11376776148968,86.26239776611328,898500
2014-01-21 00:00:00-05:00,86.69415839201523,87.04804099428465,86.15626072443608,86.44644165039062,792800
2014-01-22 00:00:00-05:00,86.72953569738193,87.14004074989684,86.05715561485184,86.28364562988281,1153700
2014-01-23 00:00:00-05:00,85.79530985191649,85.9368607508695,85.25740671621783,85.39188385009766,1134900
2014-01-24 00:00:00-05:00,84.20990596480671,85.0167578617111,84.20990596480671,84.59209442138672,1204800
2014-01-27 00:00:00-05:00,84.11081916762524,85.08753866211813,83.78524780273438,83.78524780273438,973600
2014-01-28 00:00:00-05:00,83.51629002007934,84.59209070204443,83.16948659889464,83.18363952636719,1482500
2014-01-29 00:00:00-05:00,85.89437744121237,88.31493291331401,82.85098519279023,83.2473373413086,1855400
2014-01-30 00:00:00-05:00,80.79848005060087,87.24621623245666,80.79848005060087,86.46060180664062,2720200
2014-01-31 00:00:00-05:00,85.85192289552273,87.79827724031158,85.85192289552273,87.40900421142578,1584800
2014-02-03 00:00:00-05:00,87.40899838470206,88.08845229906632,87.13297040073594,87.26036834716797,1407900
2014-02-04 00:00:00-05:00,87.66379641113102,88.52727080242785,87.11174042976282,88.44233703613281,1474400
2014-02-05 00:00:00-05:00,88.208795382059,89.40492057530652,87.93276732205128,89.19258880615234,1428300
2014-02-06 00:00:00-05:00,89.29872218417684,89.95694394916322,89.23502591651004,89.87908935546875,864600
2014-02-07 00:00:00-05:00,90.09850867652095,90.68595506602657,89.73046776268765,90.45946502685547,901600
2014-02-10 00:00:00-05:00,90.78506403958792,91.85378582516877,90.3604005117369,91.53529357910156,1070900
2014-02-11 00:00:00-05:00,91.31588733461557,92.62524673589394,91.05400681464626,91.76177215576172,1258100
2014-02-12 00:00:00-05:00,91.72638692706329,91.9670245364337,91.03985372413372,91.20263671875,1444000
2014-02-13 00:00:00-05:00,90.98319197991071,91.64140823935685,90.76378656009534,90.83455657958984,996900
2014-02-14 00:00:00-05:00,90.87705749450211,91.33711140559,90.834593305709,91.29464721679688,582700
2014-02-18 00:00:00-05:00,91.11770378979027,91.83961658185963,90.94783623890527,91.65560150146484,691800
2014-02-19 00:00:00-05:00,91.57067984403086,91.88209831034717,90.6718148707345,90.84168243408203,673300
2014-02-20 00:00:00-05:00,91.13892569881018,91.52819870964439,90.43823427930862,91.2238540649414,737600
2014-02-21 00:00:00-05:00,91.12477721409577,91.71222367578237,90.46655530638172,91.06108093261719,623000
2014-02-24 00:00:00-05:00,91.13892816786104,92.15102722380918,90.96198686720102,91.4574203491211,694600
2014-02-25 00:00:00-05:00,91.18845719840732,91.82545229827205,91.03274800508296,91.46448516845703,766000
2014-02-26 00:00:00-05:00,91.94580839871384,91.96704049736422,90.6222797181947,90.89830780029297,694100
2014-02-27 00:00:00-05:00,90.99029099268049,91.11769434254505,89.85078860611958,90.0985107421875,723800
2014-02-28 00:00:00-05:00,90.31791831954074,91.63436203395602,89.96403571673706,91.28047943115234,1131000
2014-03-03 00:00:00-05:00,91.08230523687263,91.69805750445332,90.91952226491311,91.30878448486328,689200
2014-03-04 00:00:00-05:00,92.17933566616216,92.36335071458171,91.74051393587095,92.33504486083984,531100
2014-03-05 00:00:00-05:00,92.05904333944748,92.28552263337296,90.52318844141348,91.18848419189453,745000
2014-03-06 00:00:00-05:00,91.18844743065765,91.26630201898034,90.10556775648419,90.48068237304688,823200
2014-03-07 00:00:00-05:00,90.43118189864823,90.89123048411827,89.84374072625131,90.74967956542969,805000
2014-03-10 00:00:00-04:00,90.71427028619708,90.88413783311206,89.84372205749405,90.27545928955078,464800
2014-03-11 00:00:00-04:00,90.43115679733594,91.1601594857123,90.04188917908208,91.03984069824219,450900
2014-03-12 00:00:00-04:00,90.82043184392774,91.43618408625296,90.65763807900542,91.40786743164062,633400
2014-03-13 00:00:00-04:00,91.6343817351166,91.65561383187848,90.30377940661384,91.40081787109375,622600
2014-03-14 00:00:00-04:00,91.3371088977155,92.26427965971098,91.3371088977155,91.8325424194336,692900
2014-03-17 00:00:00-04:00,92.00944989311812,92.41995488859767,91.46446781985287,92.08023071289062,682600
2014-03-18 00:00:00-04:00,91.98824646806641,92.26427447176286,91.58481510901149,92.06610107421875,795300
2014-03-19 00:00:00-04:00,92.12271376574876,92.5969151164306,90.40284424926105,91.33000946044922,1723000
2014-03-20 00:00:00-04:00,90.95491199851827,91.64144518222965,90.6293460183993,91.09647369384766,1300300
2014-03-21 00:00:00-04:00,91.98825317552982,92.43414875233731,91.06108239806234,91.896240234375,1273800
2014-03-24 00:00:00-04:00,92.16519090139371,92.29258346143612,91.17432388003975,91.74761199951172,734500
2014-03-25 00:00:00-04:00,92.24301871001809,93.28343417997904,91.76881743045536,93.12065124511719,617400
2014-03-26 00:00:00-04:00,93.09235024844209,93.09235024844209,91.79713871500559,92.04486083984375,930200
2014-03-27 00:00:00-04:00,91.94488657385511,92.76613751267361,91.68779752309555,92.50904846191406,897700
2014-03-28 00:00:00-04:00,92.9660950685267,93.52313042956013,92.65902222919256,92.9303970336914,854200
2014-03-31 00:00:00-04:00,93.22319225151713,94.3872359651419,92.40907866385314,93.78022766113281,1184800
2014-04-01 00:00:00-04:00,93.78022339849464,93.87305354851365,92.86612047624503,93.74451446533203,770600
2014-04-02 00:00:00-04:00,93.58741498690944,94.45866075469004,93.1732152860926,94.12301635742188,727800
2014-04-03 00:00:00-04:00,98.32926597019463,98.32926597019463,93.93732846401764,94.32296752929688,1130600
2014-04-04 00:00:00-04:00,94.88710400771714,95.7654978112799,94.18011740586685,95.28701782226562,1160000
2014-04-07 00:00:00-04:00,95.26559203710742,96.36536589382911,95.20132251085111,95.37271881103516,838000
2014-04-08 00:00:00-04:00,95.25133821590752,95.68696104032979,94.85142432401226,95.56555938720703,720100
2014-04-09 00:00:00-04:00,95.50842756969216,95.95118782325362,95.00138687864893,95.21562957763672,662000
2014-04-10 00:00:00-04:00,95.31562394084746,96.03689655428447,94.45866389887007,94.8514404296875,868000
2014-04-11 00:00:00-04:00,94.55863068568993,95.201347913417,94.05873829780924,94.44436645507812,999700
2014-04-14 00:00:00-04:00,94.94423512852704,95.45841314101602,94.44434286550553,95.15847778320312,578500
2014-04-15 00:00:00-04:00,95.08708027872149,96.18685438952429,94.65860577452162,96.08687591552734,942900
2014-04-16 00:00:00-04:00,96.28685225407752,96.57965030718904,95.84409190818889,96.55107879638672,946500
2014-04-17 00:00:00-04:00,96.144009371281,96.32968056934322,94.95140509450883,95.43701171875,1200900
2014-04-21 00:00:00-04:00,95.37988752713929,96.05117630203786,95.1799305597445,95.87264251708984,853000
2014-04-22 00:00:00-04:00,95.82264262113262,96.2011442497503,94.81572041032459,96.10116577148438,565600
2014-04-23 00:00:00-04:00,95.55126273722419,96.34395300283767,95.00137575016457,95.22990417480469,1112500
2014-04-24 00:00:00-04:00,94.58003505673094,96.42250454577778,94.31580861072271,95.65123748779297,957100
2014-04-25 00:00:00-04:00,95.72268791651983,96.72962127424636,95.62985774018418,96.64392852783203,722100
2014-04-28 00:00:00-04:00,96.96524766119484,97.97931803509456,96.96524766119484,97.72222900390625,901500
2014-04-29 00:00:00-04:00,97.83650252534424,98.0007505368639,97.02238899859803,97.50799560546875,564800
2014-04-30 00:00:00-04:00,97.50796550824839,97.90789016890886,96.72956115388148,97.5151138305664,591000
2014-05-01 00:00:00-04:00,97.66511657424591,97.82222717478321,96.40824266678482,97.38660430908203,720600
2014-05-02 00:00:00-04:00,97.02951158645152,97.92218026858737,96.68672986362502,97.88648223876953,835200
2014-05-05 00:00:00-04:00,97.56515463916072,98.76490752885138,97.31521383906957,98.72206115722656,491400
2014-05-06 00:00:00-04:00,98.02219598235872,98.63635270497633,97.87223368898808,98.20787811279297,529900
2014-05-07 00:00:00-04:00,98.75772680887705,99.77894555060205,98.15071858189806,99.34332275390625,1047300
2014-05-08 00:00:00-04:00,99.32188401172455,99.97888681747646,98.99337716043165,99.72893524169922,679800
2014-05-09 00:00:00-04:00,99.64327498258037,99.971781940831,98.90057923330221,99.50045013427734,602800
2014-05-12 00:00:00-04:00,99.55043755291166,100.43596907957846,99.4576073913947,100.29314422607422,566900
2014-05-13 00:00:00-04:00,99.95034203972837,100.90013202564886,99.15050340871313,99.36474609375,584000
2014-05-14 00:00:00-04:00,99.55041695301473,99.86463810380519,99.000540835967,99.3218994140625,413600
2014-05-15 00:00:00-04:00,99.42190060899728,100.29314640014847,99.13625089579672,100.14317321777344,1192100
2014-05-16 00:00:00-04:00,100.0074697787796,100.47880153725393,99.60041845779635,100.42881774902344,742800
2014-05-19 00:00:00-04:00,100.26455643761707,100.69304182539574,99.76466408309935,100.59306335449219,763300
2014-05-20 00:00:00-04:00,100.18598643900961,100.72158764668808,99.73608883440714,100.22884368896484,753500
2014-05-21 00:00:00-04:00,100.28598795429691,100.83587503839766,99.48616012057725,99.85751342773438,650700
2014-05-22 00:00:00-04:00,99.75753173030994,100.25028668227186,99.31477146476114,99.52186584472656,604300
2014-05-23 00:00:00-04:00,99.73612457094605,100.07176898643635,99.58615138445188,100.02177429199219,477700
2014-05-27 00:00:00-04:00,100.17171305175174,100.69302851707397,100.09315777093596,100.4216537475586,738200
2014-05-28 00:00:00-04:00,100.42166313127147,100.57163628023724,99.6575443254205,100.17172241210938,846000
2014-05-29 00:00:00-04:00,100.29311690745327,100.44307914889158,99.63611404282307,100.2359848022461,606700
2014-05-30 00:00:00-04:00,100.34312195483636,101.37147827283665,99.87180105645055,101.29292297363281,1669500
2014-06-02 00:00:00-04:00,101.22149354634655,101.71423751731892,101.17863629523895,101.300048828125,1003700
2014-06-03 00:00:00-04:00,101.05725299166296,101.82138277092943,100.99298344859479,101.6714096069336,498300
2014-06-04 00:00:00-04:00,101.40718127995609,102.05704681748391,101.30720280470847,101.86422729492188,581500
2014-06-05 00:00:00-04:00,101.9642139911437,103.19966472706382,101.55001430405495,103.12825775146484,670800
2014-06-06 00:00:00-04:00,103.07824254906339,103.12823722918752,101.45001563243129,101.80708312988281,746200
2014-06-09 00:00:00-04:00,101.8570866159816,102.32127004406509,99.5218619296448,99.9217758178711,1266800
2014-06-10 00:00:00-04:00,99.62898359025117,100.14316173251235,99.11480544799,99.32904815673828,867600
2014-06-11 00:00:00-04:00,99.32905105155214,99.58614013017525,98.73631759537005,99.22907257080078,624900
2014-06-12 00:00:00-04:00,99.20052932776365,99.74326819016915,98.6006583382356,99.47189331054688,731400
2014-06-13 00:00:00-04:00,99.73610552150487,100.17886577361138,98.9219919854956,99.99319458007812,569600
2014-06-16 00:00:00-04:00,99.77893409208937,100.17884791260526,99.22904714046284,99.37187194824219,561300
2014-06-17 00:00:00-04:00,99.32904091707817,100.19314911720839,98.91484128284382,100.15744018554688,1174900
2014-06-18 00:00:00-04:00,99.80038361354578,100.72161312921628,99.13624317847774,100.51451873779297,637800
2014-06-19 00:00:00-04:00,100.4645129964344,100.98583942550613,100.30026498704102,100.97869110107422,703400
2014-06-20 00:00:00-04:00,101.39288654879584,101.40717230023378,100.2931234184573,100.90727996826172,1671900
2014-06-23 00:00:00-04:00,100.89301602511144,101.65714588809391,100.65735011120574,101.20723724365234,680800
2014-06-24 00:00:00-04:00,100.89298316130743,101.75709123082959,100.89298316130743,101.74280548095703,550900
2014-06-25 00:00:00-04:00,101.42147206211963,102.08561248844839,101.42147206211963,102.0070571899414,571300
2014-06-26 00:00:00-04:00,101.89906665601964,102.24465499105087,101.4670729976893,101.78386688232422,363600
2014-06-27 00:00:00-04:00,101.5966668561727,102.5326457123145,101.45986850979105,102.48944854736328,453100
2014-06-30 00:00:00-04:00,102.64061922203071,102.99341431253205,101.44544661605676,102.37422943115234,624700
2014-07-01 00:00:00-04:00,102.33826025998042,102.92144403173546,101.7694792070252,102.52545166015625,744800
2014-07-02 00:00:00-04:00,102.55423202600309,102.66943177612752,101.7262461812931,102.63343048095703,363100
2014-07-03 00:00:00-04:00,102.46063491018806,102.70542614934939,101.45986038674313,102.25904083251953,304400
2014-07-07 00:00:00-04:00,102.10063947715403,102.90701575276806,102.09344361256919,102.72702026367188,519500
2014-07-08 00:00:00-04:00,102.52544501178188,103.67742074784655,102.4894546961994,103.28863525390625,404600
2014-07-09 00:00:00-04:00,103.60540802617585,103.67741062241848,102.51823913365624,103.32461547851562,476000
2014-07-10 00:00:00-04:00,102.84223675294442,104.26780916858422,102.72703698451915,103.5334243774414,624000
2014-07-11 00:00:00-04:00,103.30301769531063,103.89340822811293,103.0006265636511,103.57661437988281,530800
2014-07-14 00:00:00-04:00,103.76382605281599,104.62781343923241,103.41104182321672,104.59181213378906,494400
2014-07-15 00:00:00-04:00,104.63500857265055,105.36218659886404,104.39741314165663,105.15339660644531,709300
2014-07-16 00:00:00-04:00,105.29735427533231,105.7293478154981,104.7789664215542,105.60694122314453,485600
2014-07-17 00:00:00-04:00,105.12458265734335,105.78696487222226,104.76459160668817,105.20378112792969,564400
2014-07-18 00:00:00-04:00,105.41978899037476,106.23337236555507,104.96619670353175,106.06777954101562,663400
2014-07-21 00:00:00-04:00,105.92377636608246,105.95977767282392,105.31179809570311,105.31179809570312,457800
2014-07-22 00:00:00-04:00,105.47017148839926,106.05335517470239,105.29737184628749,105.3837661743164,671300
2014-07-23 00:00:00-04:00,105.39098889857661,105.60697475117846,104.49820709228516,104.49820709228516,1216900
2014-07-24 00:00:00-04:00,107.99728871307889,108.71727063783274,105.40534938954407,107.38529968261719,1495300
2014-07-25 00:00:00-04:00,107.1836987769012,107.2485054953897,106.24773112334195,106.54291534423828,594800
2014-07-28 00:00:00-04:00,106.62935579326805,108.62369834498824,106.62935579326805,108.14131164550781,682300
2014-07-29 00:00:00-04:00,107.70210447680418,108.32128943471396,107.03972235676987,107.73810577392578,668100
2014-07-30 00:00:00-04:00,107.73810760204502,109.00527198543125,107.73810760204502,108.702880859375,844600
2014-07-31 00:00:00-04:00,108.22767724355447,108.61646260969151,106.60051122729833,106.61491394042969,978200
2014-08-01 00:00:00-04:00,106.70854694157617,107.83171720788161,106.49255012435101,107.04692840576172,898100
2014-08-04 00:00:00-04:00,106.989334012695,108.51569240019099,106.21894796757516,108.22049713134766,535300
2014-08-05 00:00:00-04:00,107.5581106479857,108.22769962140228,106.76612605277329,107.15492248535156,610100
2014-08-06 00:00:00-04:00,107.42853057369771,107.70932314436567,106.672547195421,107.5509262084961,566400
2014-08-07 00:00:00-04:00,107.67331657554034,108.04050346197141,106.88853878643351,107.32772827148438,570800
2014-08-08 00:00:00-04:00,107.68771684155588,107.88210407850777,106.88853635370323,107.85330963134766,508100
2014-08-11 00:00:00-04:00,107.85332863668802,108.90449642709781,107.62292907459197,108.3861083984375,507200
2014-08-12 00:00:00-04:00,108.08367218915309,108.81086089130059,108.04047503576834,108.31407165527344,576300
2014-08-13 00:00:00-04:00,108.28531064477863,110.1212673190507,108.28531064477863,109.76127624511719,582200
2014-08-14 00:00:00-04:00,109.63163805795226,110.02763026790313,108.62365688843629,109.07005310058594,529400
2014-08-15 00:00:00-04:00,109.02684265481678,109.29324340099272,108.07647235709553,108.68846130371094,1613000
2014-08-18 00:00:00-04:00,109.30762802602175,110.39479644857411,109.12042575113728,110.35879516601562,609100
2014-08-19 00:00:00-04:00,110.62522389062867,111.15801449663887,109.86204476989305,110.91322326660156,550100
2014-08-20 00:00:00-04:00,110.59645585689785,112.04361598882032,110.09247056115784,111.61163330078125,968000
2014-08-21 00:00:00-04:00,111.59004688928603,112.43242475821737,111.51084840659728,111.90682983398438,757800
2014-08-22 00:00:00-04:00,111.64762339806128,111.82761891319116,109.89086541262506,110.61084747314453,904200
2014-08-25 00:00:00-04:00,111.1148251286693,111.23722075227093,109.95565365096724,110.3084487915039,712100
2014-08-26 00:00:00-04:00,110.30126009276509,110.57485681763829,109.97727033155263,110.2652587890625,503300
2014-08-27 00:00:00-04:00,110.43082620830455,110.88440733015105,109.87643707487902,110.30122375488281,618600
2014-08-28 00:00:00-04:00,109.73965014352866,110.69722747841628,109.38685502455334,109.90524291992188,517500
2014-08-29 00:00:00-04:00,110.15724181506111,111.23001890928492,109.89085200071852,110.94922637939453,747200
2014-09-02 00:00:00-04:00,111.12921177429014,111.23000880185927,110.25802883268742,110.9852066040039,510900
2014-09-03 00:00:00-04:00,111.02121963321122,111.2660108708927,110.36603339172262,111.10041809082031,758100
2014-09-04 00:00:00-04:00,110.95638389816061,112.07955362956022,110.68999417588101,111.22998046875,535100
2014-09-05 00:00:00-04:00,111.35961219796883,112.28839510994412,110.9204227480855,112.21639251708984,712600
2014-09-08 00:00:00-04:00,112.42518946983853,113.1523783504353,112.41079773921275,112.77798461914062,787000
2014-09-09 00:00:00-04:00,112.49002719812185,112.6556200343782,111.82764486703951,112.19483184814453,433300
2014-09-10 00:00:00-04:00,109.79727193061787,110.15726298612809,107.12613346486775,107.26293182373047,2372300
2014-09-11 00:00:00-04:00,107.27014819943687,108.11972189256029,106.86694895318277,107.62293243408203,1332500
2014-09-12 00:00:00-04:00,107.48610218827413,107.48610218827413,103.74940503672806,104.37578582763672,1124900
2014-09-15 00:00:00-04:00,104.18137216959238,105.27574766474368,103.21659912102342,103.7493896484375,946000
2014-09-16 00:00:00-04:00,103.9725992048157,105.00216815138748,103.95819648928199,104.69258117675781,943000
2014-09-17 00:00:00-04:00,105.05257168962522,105.65015804197233,104.4405826218093,104.64938354492188,994000
2014-09-18 00:00:00-04:00,104.72859738960594,105.20377720936978,103.54782722687972,103.85741424560547,1678900
2014-09-19 00:00:00-04:00,104.35420273601494,104.90859200469507,103.72782185213832,104.39739990234375,2732200
2014-09-22 00:00:00-04:00,104.18860993640304,104.62059258574556,103.83581476796033,104.39739990234375,1253300
2014-09-23 00:00:00-04:00,104.42620384997963,105.2469830430497,103.92221855354283,103.94381713867188,917900
2014-09-24 00:00:00-04:00,103.84299286703322,104.73577443394781,102.201434911068,102.2734375,1409700
2014-09-25 00:00:00-04:00,102.3598485427269,102.65504382510713,101.22948241695896,101.47427368164062,1068700
2014-09-26 00:00:00-04:00,102.30186577828842,102.66484430194565,101.10404108110971,102.38172149658203,995700
2014-09-29 00:00:00-04:00,101.91710825118386,102.34542024561382,101.19840679484987,102.30912017822266,747400
2014-09-30 00:00:00-04:00,102.3091131709948,102.79551410171693,101.3798891109958,102.3381576538086,1382600
2014-10-01 00:00:00-04:00,102.45430454257323,103.5359732732225,102.35992659745267,102.78823852539062,1555700
2014-10-02 00:00:00-04:00,102.46881160124708,103.52871354505821,102.46881160124708,103.02780151367188,1085600
2014-10-03 00:00:00-04:00,103.36175473801764,103.90622245395372,102.75920913644815,103.58679962158203,856900
2014-10-06 00:00:00-04:00,103.65212779331922,104.42890701210285,103.20203804918575,103.74650573730469,606900
2014-10-07 00:00:00-04:00,103.63035410733721,104.42164452044618,103.20204216745883,103.25285339355469,583400
2014-10-08 00:00:00-04:00,103.3472522864877,105.54690139388575,103.3472522864877,105.53237915039062,902200
2014-10-09 00:00:00-04:00,105.69932495413244,107.13671645852669,105.43071337908249,105.92436981201172,1000200
2014-10-10 00:00:00-04:00,106.17121887207031,107.29645451829634,106.15669662940483,106.17121887207031,990600
2014-10-13 00:00:00-04:00,106.12765832493682,107.55052787819302,106.12765832493682,106.90442657470703,1306600
2014-10-14 00:00:00-04:00,107.33997756914077,109.24198092332225,106.9624769150666,108.93708038330078,1164300
2014-10-15 00:00:00-04:00,108.16757204250771,109.56140788318473,107.90622713005436,108.6830062866211,1303300
2014-10-16 00:00:00-04:00,107.75377774749519,108.72656841577398,106.71566469373217,107.82637786865234,780500
2014-10-17 00:00:00-04:00,108.26194992861203,108.44343914336409,106.95522536695266,108.43617248535156,1045700
2014-10-20 00:00:00-04:00,108.2546937852694,109.21296224930278,108.08772679310248,109.14762878417969,836500
2014-10-21 00:00:00-04:00,109.55416221141911,109.55416221141911,108.36359329749573,109.3871841430664,971000
2014-10-22 00:00:00-04:00,109.77919061408436,110.25832477123167,109.17664512746973,109.83000183105469,704900
2014-10-23 00:00:00-04:00,110.27287359180252,110.57778530664417,109.64855007366731,110.0478286743164,903300
2014-10-24 00:00:00-04:00,110.18577002271724,110.70120444831974,109.11135659419725,109.78649139404297,819200
2014-10-27 00:00:00-04:00,109.91713301998941,110.7592456528924,109.72112156226376,110.67938995361328,893500
2014-10-28 00:00:00-04:00,109.00245223066447,110.62860009406948,108.89356309845645,110.02605438232422,985900
2014-10-29 00:00:00-04:00,110.04782556614178,110.94076070525321,109.78648058739155,110.63584899902344,850300
2014-10-30 00:00:00-04:00,110.14220041541714,111.52878098787711,109.89537768613188,111.47795867919922,541000
2014-10-31 00:00:00-04:00,112.16038349653829,113.14043011332133,111.47798197993112,113.13316345214844,1073200
2014-11-03 00:00:00-05:00,113.35093472679274,114.85367115569436,113.17670104486591,114.79559326171875,939300
2014-11-04 00:00:00-05:00,115.18759377717508,115.97162865226012,114.09140271480432,115.8699951171875,805000
2014-11-05 00:00:00-05:00,115.7828680565128,115.7828680565128,114.09138717818277,114.78104400634766,855400
2014-11-06 00:00:00-05:00,114.93349393931943,115.43439486152025,113.89536988248727,114.12041473388672,620400
2014-11-07 00:00:00-05:00,113.81555340508706,114.88996681291052,113.27108557935387,114.19305419921875,917400
2014-11-10 00:00:00-05:00,114.08414134845195,115.49249974067384,113.93895215978708,115.44894409179688,585300
2014-11-11 00:00:00-05:00,115.23117317770087,115.26021766640856,114.21483761746796,114.8609390258789,387300
2014-11-12 00:00:00-05:00,114.75928038864174,114.94076963310557,113.53966690568805,113.92442321777344,594400
2014-11-13 00:00:00-05:00,114.3164384765285,115.16580675404843,113.68485949311659,114.95528411865234,484900
2014-11-14 00:00:00-05:00,114.9625688608709,115.16583596633828,113.55421028925667,113.79377746582031,528800
2014-11-17 00:00:00-05:00,113.83726817361963,114.9625032722743,113.56866773975722,114.81731414794922,452400
2014-11-18 00:00:00-05:00,114.57057229317371,115.12229578542386,113.95350423327677,114.88272857666016,521800
2014-11-19 00:00:00-05:00,114.51968199766318,115.1077052168647,113.757425163534,113.8808364868164,408400
2014-11-20 00:00:00-05:00,113.80099194716914,114.12041473388672,113.3218688443152,114.12041473388672,349900
2014-11-21 00:00:00-05:00,114.4398627676713,114.81736351500345,113.98250630604244,114.28740692138672,849600
2014-11-24 00:00:00-05:00,114.87544373034224,115.01336626035106,114.20756459598984,114.4471206665039,703600
2014-11-25 00:00:00-05:00,114.33098610880894,114.70847582006198,113.96074090342948,114.06964111328125,1159800
2014-11-26 00:00:00-05:00,114.59958992830826,116.71938336210229,114.59958992830826,116.4507827758789,862900
2014-11-28 00:00:00-05:00,116.80650215371487,118.00433810934014,116.37093450576424,116.72664642333984,455600
2014-12-01 00:00:00-05:00,116.74840706365748,118.74478876247058,116.3854285729642,117.40176391601562,702200
2014-12-02 00:00:00-05:00,117.19850147284484,117.9462363070057,116.71211160538657,117.72119140625,546400
2014-12-03 00:00:00-05:00,117.72846003510733,117.76476010507693,116.51611302326016,117.3001480102539,530900
2014-12-04 00:00:00-05:00,117.54695248365498,117.76474179237972,116.98070692730526,117.61955261230469,600300
2014-12-05 00:00:00-05:00,117.02425918390266,117.07508148793022,115.64494539730617,116.60320281982422,889300
2014-12-08 00:00:00-05:00,116.87905644609378,118.6721708069415,116.87905644609378,118.28741455078125,694800
2014-12-09 00:00:00-05:00,117.53969382584656,119.38361962671803,117.38723799056146,118.46891784667969,456500
2014-12-10 00:00:00-05:00,118.23662876527311,119.8990767195474,118.23662876527311,119.52157592773438,640300
2014-12-11 00:00:00-05:00,119.78295577170601,119.99347851696018,118.81743122318775,119.28204345703125,686000
2014-12-12 00:00:00-05:00,118.96256094815509,120.50885278462121,118.21482618151276,118.30194854736328,751000
2014-12-15 00:00:00-05:00,118.46166134630158,119.3618520399647,116.99523613977341,117.59051513671875,749400
2014-12-16 00:00:00-05:00,117.72120691034593,118.23663025210895,115.89179190249065,116.94442749023438,1089500
2014-12-17 00:00:00-05:00,117.67765603191621,120.42177311644674,117.56150023176448,119.7103271484375,918100
2014-12-18 00:00:00-05:00,120.32733683034229,120.95891568709386,119.7756136628415,120.42897033691406,942900
2014-12-19 00:00:00-05:00,120.94441694081047,120.99522816070092,119.76110371788093,120.21846008300781,1650100
2014-12-22 00:00:00-05:00,120.71941686389671,122.91907735181171,120.71216127976183,122.83195495605469,750300
2014-12-23 00:00:00-05:00,123.14410077989805,123.51433489614644,121.49617513672044,122.12049865722656,1012500
2014-12-24 00:00:00-05:00,121.89547879399842,122.38912438379643,120.8500986306285,121.19855499267578,292500
2014-12-26 00:00:00-05:00,121.45261145557846,121.8083233053515,121.06058846219693,121.55424499511719,394900
2014-12-29 00:00:00-05:00,121.52500582910544,122.48994831072916,120.95481000939557,122.40222930908203,605600
2014-12-30 00:00:00-05:00,122.04400123547886,122.74578657668853,121.24719071232904,121.46649932861328,548700
2014-12-31 00:00:00-05:00,121.90514354468631,122.52651629280477,119.30270874200758,119.44160461425781,552200
2015-01-02 00:00:00-05:00,119.93138287425609,121.69314732768764,119.74862750326533,121.2106704711914,565800
2015-01-05 00:00:00-05:00,121.10099934579556,122.06594172608249,120.7135589232068,122.02938842773438,1130700
2015-01-06 00:00:00-05:00,122.49729279999309,124.14939757250536,122.04405183057494,123.68885040283203,983500
2015-01-07 00:00:00-05:00,124.551409213587,125.3774556746471,123.54259627808938,125.1216049194336,815700
2015-01-08 00:00:00-05:00,125.12162942033632,126.55442516269585,124.57336335316268,126.28395080566406,785400
2015-01-09 00:00:00-05:00,126.56173797105336,127.51937421594161,125.26052077738059,126.67138671875,603300
2015-01-12 00:00:00-05:00,127.92144849075703,128.40391417387934,127.16849728408646,127.76792907714844,736800
2015-01-13 00:00:00-05:00,128.06761425142972,128.68897561967387,126.97838857603841,127.63631439208984,626900
2015-01-14 00:00:00-05:00,127.56319321362253,129.303027154686,126.88334888475181,129.28109741210938,677100
2015-01-15 00:00:00-05:00,129.43463544981998,130.0413844948136,129.0179590903065,129.75628662109375,603900
2015-01-16 00:00:00-05:00,130.01945374732458,131.1963985307071,129.01795809815133,130.9113006591797,634000
2015-01-20 00:00:00-05:00,131.7373985327508,132.07366219948216,128.09690317976495,128.345458984375,938600
2015-01-21 00:00:00-05:00,128.48428249155467,129.55157835481657,127.51934030492595,129.34689331054688,614700
2015-01-22 00:00:00-05:00,129.53697324291667,131.2621839719308,129.061813855631,130.82357788085938,670200
2015-01-23 00:00:00-05:00,131.13794392363357,131.45959516218488,130.37036913245487,130.7797393798828,559800
2015-01-26 00:00:00-05:00,130.5896813758684,131.82510950563625,130.1949346706393,131.78125,530000
2015-01-27 00:00:00-05:00,131.613100066719,132.54881780701947,130.80166579182352,131.18911743164062,626000
2015-01-28 00:00:00-05:00,131.51077113070238,132.2344864739311,129.50046188734837,129.79287719726562,1655000
2015-01-29 00:00:00-05:00,129.2811372301951,130.69930935643154,127.44626640316804,127.85563659667969,1107200
2015-01-30 00:00:00-05:00,127.19770861491321,128.57933845196416,126.24007247845196,126.45938110351562,1172800
2015-02-02 00:00:00-05:00,126.37168683312059,126.393616586402,124.02511399598285,126.21086120605469,1034900
2015-02-03 00:00:00-05:00,126.46669409816582,127.05881960951227,124.74148325850791,126.96378326416016,786100
2015-02-04 00:00:00-05:00,126.90530553107727,127.46818391587028,125.68449011151296,126.7152328491211,687700
2015-02-05 00:00:00-05:00,127.05151045320754,128.25769119604956,126.59096344199496,127.9287338256836,767200
2015-02-06 00:00:00-05:00,127.5997653705878,127.9287227123769,123.11129520274496,123.65956115722656,1088200
2015-02-09 00:00:00-05:00,123.71808972790885,124.55145383923289,122.92858512436446,123.13327026367188,1074700
2015-02-10 00:00:00-05:00,123.67421201880595,124.50758723714868,122.38031199501697,124.33213806152344,1911100
2015-02-11 00:00:00-05:00,124.66107275421471,125.88187709789933,123.65957705141076,124.59528350830078,887400
2015-02-12 00:00:00-05:00,124.96080033183074,126.78103648522963,124.25901487742902,126.75180053710938,853900
2015-02-13 00:00:00-05:00,126.40094801226168,126.55445630232116,124.24443651498731,124.87311553955078,586800
2015-02-17 00:00:00-05:00,124.52950779511418,125.88920813093303,124.25902227501713,124.81460571289062,637300
2015-02-18 00:00:00-05:00,124.8219071658605,126.73717971222996,123.82041139230114,126.61290740966797,881700
2015-02-19 00:00:00-05:00,126.6129494416258,126.6129494416258,123.37452883788251,123.56459045410156,1113800
2015-02-20 00:00:00-05:00,123.39640915192994,125.07776052926596,122.90662617389961,125.00465393066406,867700
2015-02-23 00:00:00-05:00,125.5163888008446,126.80299377441406,125.0558528428081,126.80299377441406,791300
2015-02-24 00:00:00-05:00,126.21080426082594,126.26198109839417,122.86273701944506,123.46947479248047,1102300
2015-02-25 00:00:00-05:00,123.40374629646256,124.84385964495657,122.72390160788099,122.7969970703125,695500
2015-02-26 00:00:00-05:00,122.82618865078936,122.9358373721177,121.31296936946667,121.51765441894531,772800
2015-02-27 00:00:00-05:00,121.79548614140494,123.06015014648438,121.10832418290443,123.06015014648438,1067800
2015-03-02 00:00:00-05:00,123.11855436665209,125.28968760935263,123.08200108608402,124.0250244140625,671300
2015-03-03 00:00:00-05:00,123.28671969406851,123.90078597339006,122.29984777656628,123.41100311279297,471200
2015-03-04 00:00:00-05:00,123.21366188730259,123.93005975166169,122.4168512210102,122.9139404296875,988800
2015-03-05 00:00:00-05:00,123.3305993394417,125.24587143481402,123.2209394598256,124.2224349975586,696400
2015-03-06 00:00:00-05:00,122.70926727823064,122.70926727823064,119.77055777664961,120.35537719726562,1311600
2015-03-09 00:00:00-04:00,121.09362687057171,122.00009694626941,121.00590791806711,121.69306945800781,988900
2015-03-10 00:00:00-04:00,121.67850227649724,122.92123634876668,121.57615973300449,121.9636001586914,864900
2015-03-11 00:00:00-04:00,121.81006075181973,123.21362005536227,121.70040088395837,122.29252624511719,814500
2015-03-12 00:00:00-04:00,122.89205706527035,125.45063298679086,122.89205706527035,125.16553497314453,949600
2015-03-13 00:00:00-04:00,125.39936958534642,125.9915061169506,124.48559310104739,124.77069091796875,707800
2015-03-16 00:00:00-04:00,125.44322155108034,127.27808044276989,125.24584273659694,126.91987609863281,1051400
2015-03-17 00:00:00-04:00,126.53242767346977,127.31462553138348,125.98416189980918,126.36429595947266,452400
2015-03-18 00:00:00-04:00,126.46674980850507,128.79139338145828,125.53834915774755,128.41127014160156,1126900
2015-03-19 00:00:00-04:00,127.9287192612298,129.2884192378434,126.78832789139241,127.77519989013672,952100
2015-03-20 00:00:00-04:00,128.3381000755659,131.64231953744797,128.3381000755659,131.45956420898438,1304200
2015-03-23 00:00:00-04:00,131.70082127971008,132.70962325099683,130.85283375816337,132.22715759277344,1442900
2015-03-24 00:00:00-04:00,132.28563153439478,132.81927400926276,131.05750983699212,131.79583740234375,901800
2015-03-25 00:00:00-04:00,131.79586014231896,132.6584713049065,129.19342541043244,129.30308532714844,933200
2015-03-26 00:00:00-04:00,129.2299247379562,129.89515669619644,127.97256740208383,128.6304931640625,642000
2015-03-27 00:00:00-04:00,128.49801764858898,129.41097386734444,127.53352964892622,128.19615173339844,582700
2015-03-30 00:00:00-04:00,128.7704202212361,129.8968844443546,128.2256011431035,129.69073486328125,522000
2015-03-31 00:00:00-04:00,129.22686689482117,130.0735516291729,128.17402140415905,128.2918243408203,1171100
2015-04-01 00:00:00-04:00,128.40225194676432,128.836648852382,127.02546529206495,127.30524444580078,606400
2015-04-02 00:00:00-04:00,127.57035783603428,129.19010961652202,127.15068890011503,128.65264892578125,655600
2015-04-06 00:00:00-04:00,128.82927858644445,129.89684096703482,128.51269584801182,129.44036865234375,531300
2015-04-07 00:00:00-04:00,129.10172565625575,129.3373203320774,127.02549070189255,127.06966400146484,732700
2015-04-08 00:00:00-04:00,127.53346531245516,128.29916180678327,127.25368619226577,128.01939392089844,587000
2015-04-09 00:00:00-04:00,127.5703184821999,127.68811020068416,124.07312336562565,124.59585571289062,865700
2015-04-10 00:00:00-04:00,125.22902973370229,126.13462727439287,123.84488438950348,123.91850280761719,658100
2015-04-13 00:00:00-04:00,123.9184783668133,124.61791498963369,123.48409271240234,123.48409271240234,481500
2015-04-14 00:00:00-04:00,123.7712356813431,125.46461631755372,123.7712356813431,124.81671142578125,419800
2015-04-15 00:00:00-04:00,124.5001584076755,124.92717447813733,123.29270615202785,123.69027709960938,693900
2015-04-16 00:00:00-04:00,123.28531069417929,125.13330913813358,122.93191312188897,124.45594787597656,420300
2015-04-17 00:00:00-04:00,124.05839240663317,124.7872855220971,123.13807792290444,123.91850280761719,694100
2015-04-20 00:00:00-04:00,123.95527856472263,124.68417145044891,123.41781822123177,123.8742904663086,408600
2015-04-21 00:00:00-04:00,124.1541164216492,125.05234431232022,124.1541164216492,124.46334075927734,494900
2015-04-22 00:00:00-04:00,124.31609430069311,126.15672340651143,123.95532695160165,125.63397979736328,425700
2015-04-23 00:00:00-04:00,125.62663795987964,126.4954096203944,125.30268539687076,126.0683822631836,391400
2015-04-24 00:00:00-04:00,126.01683596525784,127.02549713762284,125.82540334500145,126.09782409667969,397200
2015-04-27 00:00:00-04:00,126.56165931375465,127.45988726220924,126.17144682205165,126.3039779663086,873200
2015-04-28 00:00:00-04:00,126.25242556976038,127.19482675146631,124.61058759083164,126.0389175415039,873000
2015-04-29 00:00:00-04:00,124.95662692988405,125.99474441932983,122.45337589387678,123.50621032714844,953100
2015-04-30 00:00:00-04:00,122.89512076398023,123.98477003106203,120.33296823650905,120.99559020996094,1274400
2015-05-01 00:00:00-04:00,121.7907559822548,124.0289674619842,121.54779157091059,123.41787719726562,760100
2015-05-04 00:00:00-04:00,124.17617127008297,125.61185933935496,123.88903365622858,124.39704895019531,840300
2015-05-05 00:00:00-04:00,123.99210994482941,124.0436417047208,120.2666793886701,120.52436065673828,760000
2015-05-06 00:00:00-04:00,120.60536359324533,121.62139431867477,119.8470254018705,120.3255844116211,836200
2015-05-07 00:00:00-04:00,120.54646740115187,123.21170574578399,120.54646740115187,122.20303344726562,687500
2015-05-08 00:00:00-04:00,124.45593960187698,125.4572420187194,123.66815639577975,124.06572723388672,598900
2015-05-11 00:00:00-04:00,123.43258508455281,124.11730496342163,120.97350726070671,121.1649398803711,508500
2015-05-12 00:00:00-04:00,120.39924215866779,122.71843056918689,119.58200230494313,121.66559600830078,699500
2015-05-13 00:00:00-04:00,122.00426638430515,123.39578155936034,120.34770016474857,120.81153106689453,739500
2015-05-14 00:00:00-04:00,121.29747702009426,123.16019306739398,120.81891787155395,123.09393310546875,512500
2015-05-15 00:00:00-04:00,123.53565479006897,124.61058710196143,123.12335567897868,124.0215835571289,567500
2015-05-18 00:00:00-04:00,123.57988710405078,124.448658961984,123.15285964980286,123.57251739501953,731400
2015-05-19 00:00:00-04:00,123.16018431867252,124.13204196178064,122.5417355826816,123.41050720214844,317000
2015-05-20 00:00:00-04:00,123.70495490310394,124.14669897227331,122.93188873917745,123.29265594482422,559600
2015-05-21 00:00:00-04:00,123.29273048430001,123.65348667374624,121.65825060131131,121.92330169677734,575600
2015-05-22 00:00:00-04:00,122.01893667837349,123.14540037825756,121.26796836798704,122.3944320678711,392800
2015-05-26 00:00:00-04:00,122.17359349310888,122.2766682687419,120.84833835332144,121.35635375976562,615000
2015-05-27 00:00:00-04:00,121.88649200595857,123.60931858206627,121.56989787902813,123.27800750732422,449000
2015-05-28 00:00:00-04:00,123.27057440650802,123.83013269630959,122.9760783213639,123.52826690673828,436100
2015-05-29 00:00:00-04:00,123.75653677674111,124.22773738193897,121.86437588382314,122.58589935302734,1556100
2015-06-01 00:00:00-04:00,122.80677037101515,124.15411216078199,122.18095201095184,123.90377807617188,673700
2015-06-02 00:00:00-04:00,123.40312894904258,123.60192002314292,121.50359850642563,121.73920440673828,482500
2015-06-03 00:00:00-04:00,121.66554313113389,121.71708612129567,118.47021477024678,118.83097076416016,728000
2015-06-04 00:00:00-04:00,117.40268799763213,119.33902211443849,117.40268799763213,118.54386901855469,525200
2015-06-05 00:00:00-04:00,117.56462349019881,119.61877128054954,116.8578284053617,118.57329559326172,864000
2015-06-08 00:00:00-04:00,118.68374244491444,119.265387435298,117.8517858689718,118.49967956542969,989500
2015-06-09 00:00:00-04:00,118.37453252707542,119.18441378885684,117.66773727525525,118.27881622314453,677300
2015-06-10 00:00:00-04:00,118.08741308746444,119.8102394184525,117.35116136642924,118.78684997558594,503600
2015-06-11 00:00:00-04:00,119.48627001173249,120.36241123368568,119.46418336196123,119.97956848144531,729600
2015-06-12 00:00:00-04:00,119.9575021367117,120.34772593198737,119.32433636438589,119.67036437988281,413000
2015-06-15 00:00:00-04:00,119.53044368126822,119.91328639871139,118.68374765786488,119.8322982788086,1099200
2015-06-16 00:00:00-04:00,120.11207416723106,121.73182528653696,118.80890581339058,121.12073516845703,605800
2015-06-17 00:00:00-04:00,121.15754098243501,122.8656497976621,120.22986816787227,122.6742172241211,700400
2015-06-18 00:00:00-04:00,123.02764810011442,125.02288366511573,122.9172036184108,123.90377807617188,748800
2015-06-19 00:00:00-04:00,123.49888017557087,123.7050297794893,122.1147232055664,122.1147232055664,881900
2015-06-22 00:00:00-04:00,122.51961467553464,122.82883895707539,121.38578107557889,121.41523742675781,1048600
2015-06-23 00:00:00-04:00,121.1502325167176,121.32692575377045,119.78816223144531,119.78816223144531,691300
2015-06-24 00:00:00-04:00,119.99427932096312,120.74525907790743,119.37583069021252,119.50836181640625,467700
2015-06-25 00:00:00-04:00,119.71451381641808,120.62010013247803,118.76474296784853,118.90463256835938,535300
2015-06-26 00:00:00-04:00,119.37950717175812,120.29958452414651,118.54847686762585,120.14376068115234,738400
2015-06-29 00:00:00-04:00,125.48614395003246,125.48614395003246,118.0365219116211,118.0365219116211,721100
2015-06-30 00:00:00-04:00,119.14948651884654,119.50564073366397,117.9771337680534,118.62266540527344,628900
2015-07-01 00:00:00-04:00,119.17174782116946,120.90801239013672,117.95487718455072,120.90801239013672,775400
2015-07-02 00:00:00-04:00,121.9468174303157,123.11174306864766,120.9154453858818,121.67227172851562,561400
2015-07-06 00:00:00-04:00,121.11581206316941,122.5849699678441,121.04903524621398,122.39204406738281,526900
2015-07-07 00:00:00-04:00,122.94109899258504,124.92963927864811,122.24362218952285,124.23216247558594,640300
2015-07-08 00:00:00-04:00,123.67563264657463,124.49183109117149,122.93363817764552,123.65337371826172,566900
2015-07-09 00:00:00-04:00,124.46959118792992,126.66590013331637,123.1711006688308,123.67565155029297,532000
2015-07-10 00:00:00-04:00,123.92052687340339,125.14482488305966,123.36403086590697,124.13571166992188,635400
2015-07-13 00:00:00-04:00,125.24123766418317,125.8051606896577,123.40852179720122,124.18019104003906,708600
2015-07-14 00:00:00-04:00,124.49187624189724,125.22645510845155,122.78528608002658,124.79609680175781,667800
2015-07-15 00:00:00-04:00,124.79609053546233,125.6419640414723,124.0615117057929,125.11514282226562,421800
2015-07-16 00:00:00-04:00,125.40451355625085,126.39879500647926,125.18934008625472,126.02037048339844,401500
2015-07-17 00:00:00-04:00,125.6567810053343,126.13907293188679,125.04834004254423,125.55290222167969,455600
2015-07-20 00:00:00-04:00,124.95929561108274,126.09454628259476,124.70702020006617,125.69386291503906,535900
2015-07-21 00:00:00-04:00,126.15395768336884,127.25210680518822,124.91482773958401,125.10774230957031,587200
2015-07-22 00:00:00-04:00,125.27837101152022,126.76236027625353,125.15964915307606,126.16134643554688,459900
2015-07-23 00:00:00-04:00,125.87939299755676,126.16877047002704,124.1357122918298,125.07804870605469,455700
2015-07-24 00:00:00-04:00,124.80351804732473,125.98328701433711,124.23960609803406,125.59745788574219,437700
2015-07-27 00:00:00-04:00,125.7458582834536,126.99240409925797,124.92224361160356,125.10774230957031,573000
2015-07-28 00:00:00-04:00,125.79036131197758,127.73438381418785,125.12257060689578,126.05747985839844,767500
2015-07-29 00:00:00-04:00,126.23550532346846,126.92555465048302,125.00379195656691,126.59907531738281,820900
2015-07-30 00:00:00-04:00,126.30969479930651,127.48947441831922,125.67900639612137,127.05168914794922,605000
2015-07-31 00:00:00-04:00,128.21665051201725,129.2183362832894,127.75660622795206,127.87532806396484,733300
2015-08-03 00:00:00-04:00,127.94954233224733,129.33706852118357,127.65273771834497,129.0847930908203,636700
2015-08-04 00:00:00-04:00,128.8176663856964,129.6857985973732,127.85307126540967,128.1053466796875,514800
2015-08-05 00:00:00-04:00,128.39474477350495,128.788012340465,127.2594939043792,127.90503692626953,467300
2015-08-06 00:00:00-04:00,127.7195209305774,128.4169975940546,126.36166959417905,128.19439697265625,510300
2015-08-07 00:00:00-04:00,128.14248783999997,128.99578857421875,127.01465267820232,128.99578857421875,476600
2015-08-10 00:00:00-04:00,129.39643053152778,129.76001194088718,128.51345519589674,128.92897033691406,660900
2015-08-11 00:00:00-04:00,128.6247873596866,130.8952893581708,128.5654264243218,130.01231384277344,795700
2015-08-12 00:00:00-04:00,129.6412720662523,130.53907901639923,128.79539884054137,130.36842346191406,734500
2015-08-13 00:00:00-04:00,129.85648142153613,131.4072588662176,129.43355035257937,130.65042114257812,600300
2015-08-14 00:00:00-04:00,130.67266293159,131.65951705892792,129.49289429378652,131.4220733642578,811100
2015-08-17 00:00:00-04:00,131.42951157042424,132.5128173828125,130.7839685476515,132.5128173828125,778500
2015-08-18 00:00:00-04:00,132.43122178457463,133.73713981009,132.43122178457463,133.33645629882812,638700
2015-08-19 00:00:00-04:00,132.40149464769945,133.12864605601183,131.66691604866926,132.17889404296875,584100
2015-08-20 00:00:00-04:00,132.33474096113986,133.55902751794542,131.11044308239528,131.6298370361328,684100
2015-08-21 00:00:00-04:00,131.26628127778756,131.89696996128635,128.69155883789062,128.69155883789062,872500
2015-08-24 00:00:00-04:00,127.93470307941212,127.9569620108751,122.61460334292364,122.83720397949219,1307200
2015-08-25 00:00:00-04:00,125.27096652683971,125.2858095909792,120.43315791396277,120.55929565429688,1102500
2015-08-26 00:00:00-04:00,123.27498059255245,124.00213211980045,121.29385639808956,123.53468322753906,979500
2015-08-27 00:00:00-04:00,124.4621837247959,126.26522524714353,123.46048644219862,125.12997436523438,898800
2015-08-28 00:00:00-04:00,125.14480566128617,125.5751638662815,124.09859061062197,125.1819076538086,522100
2015-08-31 00:00:00-04:00,125.1003157503929,126.51010120572722,122.41428713437779,122.47364807128906,1746500
2015-09-01 00:00:00-04:00,121.02674819800548,121.7242249827267,119.09755757311443,120.069580078125,739600
2015-09-02 00:00:00-04:00,121.36061713801038,122.03583484209405,120.01760892079311,121.04156494140625,740500
2015-09-03 00:00:00-04:00,121.39030325793573,122.08776856905726,120.61862264700085,121.04156494140625,449200
2015-09-04 00:00:00-04:00,119.77280169034921,120.53705544411837,118.19977630541734,119.1124267578125,604500
2015-09-08 00:00:00-04:00,120.4776399951607,121.62031783370261,119.6466098012664,120.77444458007812,678000
2015-09-09 00:00:00-04:00,121.62776202663832,123.43081491884335,119.40919394072311,119.55760192871094,833200
2015-09-10 00:00:00-04:00,119.43887602822565,121.43484338660461,119.43146015785298,120.09925079345703,905800
2015-09-11 00:00:00-04:00,120.08440541855832,123.00045013427734,120.08440541855832,123.00045013427734,1249700
2015-09-14 00:00:00-04:00,123.54211969425035,123.93537598632062,121.91714946153617,122.31783294677734,847000
2015-09-15 00:00:00-04:00,122.54785240539881,124.43994123254278,121.88005035479097,123.94279479980469,486900
2015-09-16 00:00:00-04:00,123.83146144554284,125.67160463233053,123.83146144554284,125.08543395996094,527000
2015-09-17 00:00:00-04:00,124.96673566376087,128.4466923300095,124.12827809919341,126.02779388427734,894300
2015-09-18 00:00:00-04:00,125.29326631246529,128.6767614352176,124.76644492218546,126.75499725341797,1119000
2015-09-21 00:00:00-04:00,126.74010027768276,128.64703190136672,126.73268440731967,127.86051940917969,426700
2015-09-22 00:00:00-04:00,127.41533187391073,127.74181135619918,126.0203782030203,126.52494049072266,591200
2015-09-23 00:00:00-04:00,126.48037216200119,127.59336377745656,125.99065313393614,127.18526458740234,533300
2015-09-24 00:00:00-04:00,126.7623294464142,127.42270405573338,124.625393123841,125.64933776855469,788400
2015-09-25 00:00:00-04:00,127.12597656026107,127.87538726842546,124.40285687185062,126.62141418457031,557500
2015-09-28 00:00:00-04:00,126.49430877186748,127.57066708927093,124.21452364201767,125.00685119628906,927600
2015-09-29 00:00:00-04:00,125.32077775948756,129.4692370450757,124.88724394711697,129.1702423095703,1233700
2015-09-30 00:00:00-04:00,130.29146679554015,130.69510689872095,129.17026202856965,130.6726837158203,1099400
2015-10-01 00:00:00-04:00,131.25571386558875,131.62944880096288,129.11046758081136,130.9940948486328,1064900
2015-10-02 00:00:00-04:00,130.6577273206738,132.63104719685995,129.44681845187742,131.4051971435547,598400
2015-10-05 00:00:00-04:00,131.65932826046247,132.7282159902516,131.15852487017779,132.33204650878906,640600
2015-10-06 00:00:00-04:00,132.0031386410282,132.75060825642362,130.45587106252864,131.23324584960938,842300
2015-10-07 00:00:00-04:00,131.21832590915662,132.13771057128906,130.33630561270473,132.13771057128906,785600
2015-10-08 00:00:00-04:00,132.13025794588734,133.4757060523747,130.85207939335297,133.2215576171875,689200
2015-10-09 00:00:00-04:00,132.95989657047403,133.81201146128438,132.27969649474025,133.75221252441406,558000
2015-10-12 00:00:00-04:00,134.0811509524919,135.25467273523805,133.17670737773815,134.6865997314453,609600
2015-10-13 00:00:00-04:00,134.21564393485116,135.48634001525824,133.57281960163613,134.34271240234375,771200
2015-10-14 00:00:00-04:00,134.77631331612875,134.91086384642395,132.4591631690315,132.84783935546875,564600
2015-10-15 00:00:00-04:00,133.16166339299374,135.1200408935547,132.97479605092923,135.1200408935547,513400
2015-10-16 00:00:00-04:00,135.9199178723896,137.56434929862516,134.5520466471775,137.10092163085938,929100
2015-10-19 00:00:00-04:00,136.9663462868405,138.60329528174367,136.6075526336862,138.47622680664062,639500
2015-10-20 00:00:00-04:00,138.18469468657645,139.43296749015695,137.22793455682034,138.05015563964844,593400
2015-10-21 00:00:00-04:00,138.64068176319347,138.97704085922933,137.53442976082636,137.7063446044922,662000
2015-10-22 00:00:00-04:00,138.43887102338317,138.88734600938452,137.16816338267256,138.1249237060547,820700
2015-10-23 00:00:00-04:00,137.65401865852846,139.6946076862408,135.46392657080787,136.67483520507812,665400
2015-10-26 00:00:00-04:00,137.28032302097571,138.61081851551126,135.321944149362,136.03952026367188,822800
2015-10-27 00:00:00-04:00,133.79706689423648,135.9273599516726,132.59364030561656,133.72979736328125,1185300
2015-10-28 00:00:00-04:00,134.23065815155476,134.79873122096103,130.41108616086262,132.34703063964844,968400
2015-10-29 00:00:00-04:00,131.89853007013824,133.18416767348253,131.03146233758227,133.0122528076172,822200
2015-10-30 00:00:00-04:00,133.25892932802304,133.4308442069311,130.23915603046467,130.68016052246094,891100
2015-11-02 00:00:00-05:00,130.68015872773145,134.73144405406939,130.47086807659113,134.6566925048828,974400
2015-11-03 00:00:00-05:00,133.90173149999066,134.82859810247967,131.95083498255826,132.83285522460938,659000
2015-11-04 00:00:00-05:00,133.25894402586707,133.7074305656418,132.0854221153854,133.12440490722656,663600
2015-11-05 00:00:00-05:00,132.72073418164237,133.789621912952,131.66679903967884,132.6160888671875,518600
2015-11-06 00:00:00-05:00,133.46073787384853,133.46073787384853,128.0565342998927,129.27490234375,656300
2015-11-09 00:00:00-05:00,128.92356989638438,129.21508262143288,126.19531006978906,127.22682189941406,788900
2015-11-10 00:00:00-05:00,126.47934596418443,130.20921226150486,126.44944079076727,128.93104553222656,722600
2015-11-11 00:00:00-05:00,129.0656330790444,130.79976881324032,128.78159085229152,130.01492309570312,391400
2015-11-12 00:00:00-05:00,129.90279734208954,131.43511301773788,128.76665123222617,129.92523193359375,703100
2015-11-13 00:00:00-05:00,130.5231847778179,130.88197852661995,128.8787533483396,129.04319763183594,496000
2015-11-16 00:00:00-05:00,129.05066293766114,130.56802579599972,126.33735518209919,130.37368774414062,700400
2015-11-17 00:00:00-05:00,130.0671913781359,132.02556964227324,129.54396489744343,130.92678833007812,556600
2015-11-18 00:00:00-05:00,131.30797286526726,132.09281816421276,129.90272647879263,131.85362243652344,581300
2015-11-19 00:00:00-05:00,131.8536502963725,133.25889697976692,131.23326048323895,132.6011199951172,410500
2015-11-20 00:00:00-05:00,133.0122414007926,134.79122307787458,132.82537396094727,134.55950927734375,509600
2015-11-23 00:00:00-05:00,134.68657270249892,135.80029530258278,134.32779042502435,135.66575622558594,552100
2015-11-24 00:00:00-05:00,134.72397622435298,135.179933310578,132.90761847233074,134.1334686279297,1004100
2015-11-25 00:00:00-05:00,134.3502737467578,136.2039963165968,133.5056289225603,135.3219757080078,577500
2015-11-27 00:00:00-05:00,135.14256677845256,137.08598176974678,134.43994321337837,136.3011474609375,536800
2015-11-30 00:00:00-05:00,136.6300230280792,138.2894071795531,135.4041728032097,135.88255310058594,2307600
2015-12-01 00:00:00-05:00,136.52535530350195,138.19969177246094,136.11425603519208,138.19969177246094,865800
2015-12-02 00:00:00-05:00,137.88574415323637,138.52109799582576,135.00051049427688,135.1873779296875,826500
2015-12-03 00:00:00-05:00,134.54454451767342,136.52533463865734,131.0762856041038,131.71163940429688,1099800
2015-12-04 00:00:00-05:00,132.60111688464633,136.21139681355353,132.11526615405202,136.1217041015625,804200
2015-12-07 00:00:00-05:00,134.76134226286615,136.69729795781703,133.1841803292298,133.8195343017578,811200
2015-12-08 00:00:00-05:00,133.66251828819378,134.49968058381063,133.15423303336866,134.06614685058594,954600
2015-12-09 00:00:00-05:00,133.13933083889955,134.40255675588267,131.69671945095047,132.39186096191406,774000
2015-12-10 00:00:00-05:00,132.80295110431425,132.90759641466335,129.89529418945312,129.89529418945312,1054100
2015-12-11 00:00:00-05:00,129.76822246793873,131.23326818183526,128.8936842377619,130.74740600585938,1227700
2015-12-14 00:00:00-05:00,130.56052722161286,131.61446220437588,128.34054136663633,130.29891967773438,1026500
2015-12-15 00:00:00-05:00,131.47995509221005,133.43833404916015,131.0090567957388,132.2050018310547,744800
2015-12-16 00:00:00-05:00,132.8029318797058,135.61341366900928,132.27970540370274,135.23220825195312,910300
2015-12-17 00:00:00-05:00,135.30696428089385,135.83766136510891,132.90758159653086,133.78211975097656,696200
2015-12-18 00:00:00-05:00,133.16173097965296,134.4698030380208,132.46658958898087,133.2065887451172,3487700
2015-12-21 00:00:00-05:00,134.11101359818358,135.32939287159175,133.6700092079192,134.50717163085938,552600
2015-12-22 00:00:00-05:00,135.0752790825234,136.77950939617156,135.03790330962633,135.15750122070312,626100
2015-12-23 00:00:00-05:00,135.3892012743613,136.90656397467563,135.2322276063535,136.83929443359375,528100
2015-12-24 00:00:00-05:00,136.60752143911807,137.25034566404364,135.58349187593225,136.58509826660156,489300
2015-12-28 00:00:00-05:00,136.11426492576632,137.5942520426088,135.8601165073309,137.45970153808594,509700
2015-12-29 00:00:00-05:00,138.4304990786698,139.6572164127651,137.610184111586,139.63462829589844,553900
2015-12-30 00:00:00-05:00,139.4088927554576,140.26683946210815,139.220746447126,139.46910095214844,441200
2015-12-31 00:00:00-05:00,139.5067151462247,140.21414707309677,138.39289226324465,138.57351684570312,492500
2016-01-04 00:00:00-05:00,137.23387354497015,137.49727139371953,134.90085555013118,136.0071563720703,807000
2016-01-05 00:00:00-05:00,136.54154157291754,139.31858308808646,136.04484401657336,139.13796997070312,904300
2016-01-06 00:00:00-05:00,137.89620975190164,138.64127337862294,137.27156253660743,138.0994110107422,822600
2016-01-07 00:00:00-05:00,136.5566212339043,138.8219106821706,136.12012031524682,137.46725463867188,894900
2016-01-08 00:00:00-05:00,137.82090418822543,138.7766789357081,134.9686004115915,135.02880859375,799200
2016-01-11 00:00:00-05:00,135.20945223017705,136.79740737275586,134.84820308622201,135.87171936035156,836900
2016-01-12 00:00:00-05:00,136.29319214018307,136.29319214018307,134.41925075049622,135.09657287597656,927600
2016-01-13 00:00:00-05:00,135.14926724406195,137.02320874313492,133.16996426412987,133.2075958251953,819000
2016-01-14 00:00:00-05:00,133.74190462310608,134.93097898847918,132.30446431047972,132.59043884277344,876200
2016-01-15 00:00:00-05:00,131.28096431003698,134.7127509894982,129.05330706214627,132.22921752929688,1019000
2016-01-19 00:00:00-05:00,133.230153825196,134.81058730050796,132.07117769789548,134.22357177734375,1134800
2016-01-20 00:00:00-05:00,133.9601687967913,134.14831510128118,127.40514649560684,129.0834197998047,1135100
2016-01-21 00:00:00-05:00,129.94137838796883,130.7014853936386,128.19537501031846,128.91786193847656,827700
2016-01-22 00:00:00-05:00,130.3176729902777,131.58954398158184,129.56508769208975,131.1981964111328,693900
2016-01-25 00:00:00-05:00,131.61210784216718,133.5688225373326,130.43054352664387,131.1530303955078,850200
2016-01-26 00:00:00-05:00,131.49920259807075,134.33645188406612,131.49920259807075,133.9601593017578,881900
2016-01-27 00:00:00-05:00,133.6290324296044,133.9827484085797,131.3336451671708,132.1464385986328,625300
2016-01-28 00:00:00-05:00,131.81529087201469,132.5001461480385,127.9545366726128,128.49639892578125,1013900
2016-01-29 00:00:00-05:00,129.79084533606556,130.64125878158,125.07965475470068,129.0608367919922,1897200
2016-02-01 00:00:00-05:00,128.59424024016303,130.8143759532952,127.95454965660714,129.42208862304688,829900
2016-02-02 00:00:00-05:00,129.7682670270725,130.550962105078,126.59988960707507,126.75040435791016,953100
2016-02-03 00:00:00-05:00,127.75886175769024,128.30072403029698,125.04956187819566,127.25463104248047,1290900
2016-02-04 00:00:00-05:00,127.78142428973864,130.25743580054106,125.81717663925565,128.78236389160156,837200
2016-02-05 00:00:00-05:00,127.92443962774877,129.03827408373036,124.86894530119497,125.13235473632812,927200
2016-02-08 00:00:00-05:00,125.02696758627373,125.89995758350322,121.43713340803455,123.08529663085938,1077900
2016-02-09 00:00:00-05:00,122.0467620529722,123.63471756466262,120.91036233441815,121.2490234375,932300
2016-02-10 00:00:00-05:00,122.06927538840125,124.94415538112139,121.54998994066129,123.82279968261719,794200
2016-02-11 00:00:00-05:00,121.74571732550214,122.78427714649044,121.02323044332212,121.5876693725586,910700
2016-02-12 00:00:00-05:00,122.88963393655827,124.04109987316777,121.91880406803294,123.74005889892578,873400
2016-02-16 00:00:00-05:00,124.81628157518587,124.83132501363664,122.51336081918818,124.45503234863281,1455300
2016-02-17 00:00:00-05:00,124.97432270333482,127.13423900590992,124.10132093206626,126.25371551513672,710800
2016-02-18 00:00:00-05:00,125.94511629543585,127.80400234052449,125.75697002758103,126.7052230834961,504500
2016-02-19 00:00:00-05:00,126.32893089905131,129.0457634737708,125.07211520431085,128.02224731445312,664900
2016-02-22 00:00:00-05:00,128.63939327451192,129.85105600523036,128.35341868386357,128.74476623535156,564900
2016-02-23 00:00:00-05:00,128.36850654710594,130.22738205574413,126.52466299587145,128.29324340820312,443000
2016-02-24 00:00:00-05:00,127.84167435968507,129.7156160831266,126.55475979536115,127.73631286621094,865800
2016-02-25 00:00:00-05:00,128.6920931804763,130.1822089387535,127.89435455719193,129.97901916503906,541900
2016-02-26 00:00:00-05:00,129.94887965389043,130.11444930962693,128.57918061879715,129.00814819335938,636300
2016-02-29 00:00:00-05:00,129.0081668925305,130.96489320746932,128.72971401458506,129.17373657226562,1075000
2016-03-01 00:00:00-05:00,129.99401275810382,133.6816864013672,129.3242125214665,133.6816864013672,1027100
2016-03-02 00:00:00-05:00,133.3957159878914,135.01376944454094,131.4013699614594,134.35902404785156,688000
2016-03-03 00:00:00-05:00,134.35152175563948,135.35246151400554,133.01192093221172,135.3072967529297,683900
2016-03-04 00:00:00-05:00,135.14171618827467,135.69110011323946,134.0429368548074,135.48037719726562,886300
2016-03-07 00:00:00-05:00,134.26119372401118,135.82657230214932,133.6139699992381,135.62338256835938,545800
2016-03-08 00:00:00-05:00,135.60078607828868,136.37595934343278,134.73531775390532,134.9761505126953,701300
2016-03-09 00:00:00-05:00,134.7127848529309,136.92538773760268,134.29886059159062,135.8040313720703,461500
2016-03-10 00:00:00-05:00,136.59425418672797,136.94797025399407,133.71185064046506,135.04393005371094,475000
2016-03-11 00:00:00-05:00,136.47382216274028,137.88116455078125,135.31484579730628,137.88116455078125,875200
2016-03-14 00:00:00-04:00,138.00910652204982,138.28003771006982,136.6920821465301,137.9488983154297,680400
2016-03-15 00:00:00-04:00,137.3843921524273,138.75409086210303,136.9328365652391,138.4982147216797,464500
2016-03-16 00:00:00-04:00,138.046714751224,139.58199517937433,137.28660773954283,139.36373901367188,508800
2016-03-17 00:00:00-04:00,139.67980495240647,142.44931272328836,139.07020134992666,142.20095825195312,856400
2016-03-18 00:00:00-04:00,142.29124683470053,143.3072296615387,140.76348876953125,140.76348876953125,1372600
2016-03-21 00:00:00-04:00,140.76359305598538,141.23020389530967,138.67893939748376,139.2509002685547,654000
2016-03-22 00:00:00-04:00,139.30352679144303,140.58291935014662,139.1379571267655,139.8679656982422,543900
2016-03-23 00:00:00-04:00,140.01097564628375,140.42489989195175,139.19819356111546,139.6121063232422,543300
2016-03-24 00:00:00-04:00,139.3035231915953,139.66476086722082,138.35525850321264,139.29598999023438,493500
2016-03-28 00:00:00-04:00,140.01850358937492,141.07211846282087,139.37880146250646,140.68077087402344,639300
2016-03-29 00:00:00-04:00,140.77179087233245,143.76612664768132,140.69599178501787,143.73580932617188,860600
2016-03-30 00:00:00-04:00,144.29667850094336,144.40280640359993,143.06103740302686,143.14442443847656,650400
2016-03-31 00:00:00-04:00,143.43254189693113,144.18301391601562,142.68205831076867,144.18301391601562,930700
2016-04-01 00:00:00-04:00,143.93284606933594,144.4104275627405,143.06108171088002,143.93284606933594,550800
2016-04-04 00:00:00-04:00,144.10721654840992,144.6605971323674,142.65173110957355,143.80398559570312,498500
2016-04-05 00:00:00-04:00,143.13689784966203,144.07688486707357,142.94738284556095,143.788818359375,579900
2016-04-06 00:00:00-04:00,143.5386418707603,143.94798911349795,142.64412520392509,143.61444091796875,469300
2016-04-07 00:00:00-04:00,142.939781061048,143.63719482085006,141.49188379321484,142.46978759765625,504300
2016-04-08 00:00:00-04:00,143.34155495837777,144.3497760925101,142.7957508621997,143.42494201660156,496600
2016-04-11 00:00:00-04:00,142.38635380292862,142.6213504574869,140.44572283578194,140.650390625,721600
2016-04-12 00:00:00-04:00,141.08255174108453,141.1507743672482,139.33901136985193,140.70352172851562,761100
2016-04-13 00:00:00-04:00,141.0901494464755,141.37821600091874,138.03516800999896,138.79322814941406,973700
2016-04-14 00:00:00-04:00,138.43690428481858,138.51271490660403,134.9346710193758,135.1469268798828,1100800
2016-04-15 00:00:00-04:00,134.88163343706134,138.14129431088762,134.3282527807042,137.5272674560547,708700
2016-04-18 00:00:00-04:00,137.8001285480961,138.808349609375,136.67820312794507,138.808349609375,754900
2016-04-19 00:00:00-04:00,138.70980365218827,139.21012598533136,138.20190488384358,139.19496154785156,607900
2016-04-20 00:00:00-04:00,139.4223706481134,139.77865971428523,135.95804303856227,136.00352478027344,707600
2016-04-21 00:00:00-04:00,135.69276364665996,137.29984742525548,133.99470478659777,134.64663696289062,865400
2016-04-22 00:00:00-04:00,135.51837164508433,137.004162572435,134.91949784615358,136.57965087890625,575300
2016-04-25 00:00:00-04:00,136.2081897576223,137.71673303945946,136.2081897576223,137.70156860351562,481600
2016-04-26 00:00:00-04:00,137.9744503788504,139.65734394245294,137.1330035970491,137.77735900878906,494600
2016-04-27 00:00:00-04:00,136.79950754522528,136.8070839807924,133.17597023977547,136.08692932128906,1213500
2016-04-28 00:00:00-04:00,135.07869491877537,139.14947286485236,134.52531443265812,136.1172332763672,628900
2016-04-29 00:00:00-04:00,135.36673677404056,135.76091952059392,132.4178732058932,134.0173797607422,897300
2016-05-02 00:00:00-04:00,134.65416698982867,137.39833978503697,134.65416698982867,137.0799560546875,569400
2016-05-03 00:00:00-04:00,136.62512667796767,137.60303038458514,136.12481595640529,137.4969024658203,621700
2016-05-04 00:00:00-04:00,136.08692764204878,140.41544354830165,135.67756878493034,140.35479736328125,1074100
2016-05-05 00:00:00-04:00,140.09706061434784,141.92398791044442,139.90754562264678,141.4009246826172,737400
2016-05-06 00:00:00-04:00,141.24934451716038,142.55320885787626,139.6725780686882,142.29547119140625,648300
2016-05-09 00:00:00-04:00,142.5152831333857,143.2885075891678,141.84061018123523,143.2581787109375,525900
2016-05-10 00:00:00-04:00,143.53864973503852,145.7673361719457,142.5910748399487,144.78944396972656,848100
2016-05-11 00:00:00-04:00,144.6605806274343,144.8652600512739,140.9233390853827,141.81785583496094,682000
2016-05-12 00:00:00-04:00,141.7799303088436,142.47734397044155,140.21075246201698,142.2499237060547,558700
2016-05-13 00:00:00-04:00,142.1514300048748,142.1514300048748,140.65805071597822,141.06739807128906,495300
2016-05-16 00:00:00-04:00,140.99914038199498,142.76542132429168,140.68833304914074,142.2575225830078,427800
2016-05-17 00:00:00-04:00,141.74205726796396,141.78753901777918,139.02820104723654,139.7483673095703,1165500
2016-05-18 00:00:00-04:00,139.74073325532666,139.74073325532666,136.3067234710129,137.86074829101562,846200
2016-05-19 00:00:00-04:00,136.17791084555103,136.86016028339006,135.11663137178394,135.92774963378906,678600
2016-05-20 00:00:00-04:00,136.3825766616506,137.12547221897717,135.69273928916573,136.7843475341797,900100
2016-05-23 00:00:00-04:00,137.24673758804065,137.25431402236217,136.12481225346383,136.60997009277344,369900
2016-05-24 00:00:00-04:00,137.7849711687895,138.74013410054513,135.90498574765857,136.51901245117188,994300
2016-05-25 00:00:00-04:00,137.0041426470931,137.44381871346775,135.50318750124478,137.06478881835938,919400
2016-05-26 00:00:00-04:00,137.10274836754647,137.14065368546986,135.87469472296576,136.40533447265625,939400
2016-05-27 00:00:00-04:00,136.73889157921903,138.11855501736733,135.6169542451611,136.5645294189453,857000
2016-05-31 00:00:00-04:00,136.9662561667364,136.9662561667364,134.93466120195959,136.3598175048828,964300
2016-06-01 00:00:00-04:00,135.0104698365401,135.5486858760966,132.40274198737222,133.73692321777344,1328900
2016-06-02 00:00:00-04:00,133.41096803646937,133.97192496825002,131.8645193388968,133.83547973632812,805200
2016-06-03 00:00:00-04:00,134.70722591410353,134.88916443263764,131.39450824610063,131.4551544189453,1065700
2016-06-06 00:00:00-04:00,131.41728725935292,132.18292372548075,127.47537741689243,129.0445556640625,1283600
2016-06-07 00:00:00-04:00,129.24164977325339,130.4697032357675,128.46842535715174,128.71099853515625,887100
2016-06-08 00:00:00-04:00,127.58149771432237,128.69584681698703,126.28521005121621,128.57455444335938,952800
2016-06-09 00:00:00-04:00,128.21069934988247,129.96939264266052,127.52086193155546,129.05972290039062,820300
2016-06-10 00:00:00-04:00,128.44567123657265,129.1582493929156,128.0439004151582,128.91566467285156,811200
2016-06-13 00:00:00-04:00,129.56761062539184,131.03067240428996,129.1203580124901,129.3477783203125,675800
2016-06-14 00:00:00-04:00,129.10517493221252,129.26437259482438,128.256151577151,128.87017822265625,920400
2016-06-15 00:00:00-04:00,129.16580027809454,131.3793333589879,128.57451459874298,130.84869384765625,1276300
2016-06-16 00:00:00-04:00,130.60611910529474,132.11466228591195,130.03757424984113,132.05401611328125,912600
2016-06-17 00:00:00-04:00,131.89484523616395,131.89484523616395,130.67436834307716,131.5233917236328,1083400
2016-06-20 00:00:00-04:00,132.37241347137325,133.97192029206045,131.6825877667188,131.9024200439453,934800
2016-06-21 00:00:00-04:00,131.98581936464996,133.02435780261268,131.98581936464996,132.71356201171875,686400
2016-06-22 00:00:00-04:00,133.06984171642767,133.7975843753486,132.03130326155113,132.62258911132812,617900
2016-06-23 00:00:00-04:00,133.86578708173658,134.14627709383066,131.98580187922752,132.45579528808594,545600
2016-06-24 00:00:00-04:00,129.11277034173554,132.84242373741426,128.7185759469504,130.8184051513672,1077700
2016-06-27 00:00:00-04:00,130.22714161540017,133.03954972182663,129.99973283535113,132.64535522460938,1070300
2016-06-28 00:00:00-04:00,133.01205675423782,135.93035552872797,132.0036316866972,135.9150848388672,1074200
2016-06-29 00:00:00-04:00,136.4956173748404,137.75614807742778,135.3878867503916,136.09835815429688,833600
2016-06-30 00:00:00-04:00,136.26647151823033,137.8325795527185,135.067069797514,137.80966186523438,807400
2016-07-01 00:00:00-04:00,138.16865958922418,138.94024859028056,137.54985898896012,138.06170654296875,789600
2016-07-05 00:00:00-04:00,137.9013060021132,139.9792614177514,137.9013060021132,139.73480224609375,690000
2016-07-06 00:00:00-04:00,139.39868231667106,140.00220082595595,138.19926898429046,138.9479522705078,731600
2016-07-07 00:00:00-04:00,138.79520459117467,138.98619315649083,137.0915898525195,138.1611328125,554600
2016-07-08 00:00:00-04:00,139.52853305635628,141.46133539696817,138.67290846013591,141.28562927246094,1098100
2016-07-11 00:00:00-04:00,141.33149365228596,141.33149365228596,139.8952563649266,140.9877166748047,680100
2016-07-12 00:00:00-04:00,140.97240058735167,141.87387217651835,139.81118749132744,141.8433074951172,743400
2016-07-13 00:00:00-04:00,142.30930877063895,143.4246864151122,141.56827267374436,143.18785095214844,705900
2016-07-14 00:00:00-04:00,143.14209893585897,143.6233938262667,140.9953894358124,141.67530822753906,482900
2016-07-15 00:00:00-04:00,141.2550658872406,141.2550658872406,139.09308669350852,140.00218200683594,828400
2016-07-18 00:00:00-04:00,139.88759648310008,140.23137340027833,139.45213717286614,139.92579650878906,476200
2016-07-19 00:00:00-04:00,139.59727677580412,140.91892526335582,139.29169991386723,140.7508544921875,460000
2016-07-20 00:00:00-04:00,140.79669452791455,141.02588301047757,139.55144604303032,140.3917999267578,395400
2016-07-21 00:00:00-04:00,140.17790784208108,141.20923863152174,139.42922461349593,140.56752014160156,605000
2016-07-22 00:00:00-04:00,140.6973738458247,142.01137535079593,140.53695007130497,141.575927734375,732400
2016-07-25 00:00:00-04:00,141.77458869255602,142.43922496094058,140.62102231674805,141.46136474609375,714200
2016-07-26 00:00:00-04:00,140.4682044929237,140.4682044929237,138.33677817075178,139.3604736328125,895300
2016-07-27 00:00:00-04:00,138.78750868179776,139.18476798826634,134.9295390145269,137.32835388183594,2249400
2016-07-28 00:00:00-04:00,137.12971871023217,140.185534168956,136.80122414378457,139.25350952148438,979400
2016-07-29 00:00:00-04:00,139.25351259668,143.1878704238667,139.25351259668,141.82803344726562,922000
2016-08-01 00:00:00-04:00,141.64469361577787,143.2260721072492,140.26957428166503,142.65310668945312,656200
2016-08-02 00:00:00-04:00,142.32461361375744,142.6913082210531,140.743223448588,141.17103576660156,655200
2016-08-03 00:00:00-04:00,140.89604080760947,141.0793939773856,138.99380267061733,139.67372131347656,499100
2016-08-04 00:00:00-04:00,139.90289555839212,139.90289555839212,138.3367875739142,138.64236450195312,534300
2016-08-05 00:00:00-04:00,138.73403528933912,139.54382457214749,138.13815216964952,139.5132598876953,525400
2016-08-08 00:00:00-04:00,139.80356988164854,142.01139628399082,139.20005140304798,141.96556091308594,778100
2016-08-09 00:00:00-04:00,141.74398236556735,142.27875934907246,140.27719247417608,142.0801239013672,633000
2016-08-10 00:00:00-04:00,142.36280119249687,142.5537896504117,139.7729981694526,140.36888122558594,659700
2016-08-11 00:00:00-04:00,140.49113499732218,140.49113499732218,137.67215454807175,138.5124969482422,589800
2016-08-12 00:00:00-04:00,138.62709379776945,140.284872529045,137.7638220735013,138.115234375,602400
2016-08-15 00:00:00-04:00,138.53540061415111,139.1160130519905,138.34441213475907,138.86390686035156,1070700
2016-08-16 00:00:00-04:00,138.3673328362965,138.9021099158624,136.39633028715872,136.62551879882812,576200
2016-08-17 00:00:00-04:00,136.92346904501468,136.97695141916572,134.48645397526374,136.21299743652344,848300
2016-08-18 00:00:00-04:00,136.20537360064495,136.6484683847761,134.9295716314983,135.3955841064453,779300
2016-08-19 00:00:00-04:00,134.92953727437288,135.54070274020899,133.61553560277935,134.578125,762700
2016-08-22 00:00:00-04:00,134.83025105503106,135.37265188882114,133.3405313697734,134.41770935058594,600500
2016-08-23 00:00:00-04:00,134.7844339875198,134.90666945727338,133.6385026868661,133.6690673828125,409900
2016-08-24 00:00:00-04:00,133.79889012317946,134.26490248428448,132.16402918794432,133.294677734375,398300
2016-08-25 00:00:00-04:00,133.39402001718193,135.37265825172372,132.60714826125195,133.8294677734375,566500
2016-08-26 00:00:00-04:00,134.20377649087038,135.0899657879671,131.85844414458415,132.58419799804688,505100
2016-08-29 00:00:00-04:00,133.11131345796946,134.7003387506571,133.0883957766767,134.11209106445312,475200
2016-08-30 00:00:00-04:00,134.3336842575146,134.3336842575146,132.37796365413539,133.24887084960938,612600
2016-08-31 00:00:00-04:00,133.38638790420643,134.27256578347829,132.53839840357332,133.69960021972656,849000
2016-09-01 00:00:00-04:00,133.84473285253097,134.6545221934305,133.09606122790854,134.3107452392578,570800
2016-09-02 00:00:00-04:00,134.6927346758846,136.68665518284365,133.84474522678676,134.0433807373047,759500
2016-09-06 00:00:00-04:00,135.28098507066616,136.61790466308594,134.03573623433934,136.61790466308594,907100
2016-09-07 00:00:00-04:00,136.24357655667163,137.42007244316062,134.8455391018779,137.37423706054688,608900
2016-09-08 00:00:00-04:00,136.61027139177762,136.61027139177762,134.3795152655508,134.4100799560547,1334800
2016-09-09 00:00:00-04:00,132.2022467149922,132.94328305380628,129.63536071777344,129.63536071777344,858500
2016-09-12 00:00:00-04:00,129.52838970071554,132.3168168509335,129.13113039763667,131.82025146484375,966400
2016-09-13 00:00:00-04:00,130.52918247379185,131.10214798067253,128.77973292186857,129.0394744873047,979900
2016-09-14 00:00:00-04:00,129.35267137967233,131.32366205301437,129.21515362513065,130.83473205566406,626600
2016-09-15 00:00:00-04:00,130.6819812385514,132.42379558411713,130.124298031887,132.37796020507812,824600
2016-09-16 00:00:00-04:00,131.98834056392488,132.4849060188771,131.09451575080286,132.41615295410156,1123200
2016-09-19 00:00:00-04:00,132.78284167770755,134.13504350947971,132.35502930668676,134.0051727294922,439200
2016-09-20 00:00:00-04:00,134.73093107833168,134.87608420687118,134.25728331742445,134.57049560546875,526700
2016-09-21 00:00:00-04:00,134.44822604452222,136.80884035866632,132.95850689106322,136.60256958007812,685300
2016-09-22 00:00:00-04:00,137.51168372789365,139.35281517993283,137.51168372789365,139.12362670898438,1011100
2016-09-23 00:00:00-04:00,138.4360569531965,140.52928265864045,137.6644562454159,139.62782287597656,948400
2016-09-26 00:00:00-04:00,139.45212386041163,140.39943078481394,138.5888639787084,140.1702423095703,797300
2016-09-27 00:00:00-04:00,140.56752320782468,140.56752320782468,138.44373221365873,138.85626220703125,898600
2016-09-28 00:00:00-04:00,139.41040825346178,140.23394950365955,138.09426665532834,139.7644500732422,519300
2016-09-29 00:00:00-04:00,139.1949195997498,139.96459012727016,137.7248460735683,138.07888793945312,837100
2016-09-30 00:00:00-04:00,139.25648346668146,139.71059800536608,136.83202599294475,136.87820434570312,1153300
2016-10-03 00:00:00-04:00,136.37789310699998,136.67806407793756,133.56858924358332,133.71482849121094,1000600
2016-10-04 00:00:00-04:00,134.13053048691614,134.17670885476375,131.5752178530696,132.86827087402344,913600
2016-10-05 00:00:00-04:00,133.14529549373253,133.54551567224206,128.41181517541207,128.60423278808594,1359300
2016-10-06 00:00:00-04:00,128.3425587239466,129.7356604807923,126.70315676439846,128.49649047851562,598500
2016-10-07 00:00:00-04:00,128.93522200598233,130.85169428077828,126.99564880851919,127.48054504394531,873600
2016-10-10 00:00:00-04:00,127.51902228510708,128.858253387641,127.25733709374441,128.62734985351562,512500
2016-10-11 00:00:00-04:00,128.58883568644123,128.96596665533943,127.44202259532459,128.44259643554688,723800
2016-10-12 00:00:00-04:00,128.79665330420133,129.39699532973808,127.91922944039847,129.04295349121094,690100
2016-10-13 00:00:00-04:00,128.31179383591618,129.49708141963103,128.1732470177335,129.3893280029297,791800
2016-10-14 00:00:00-04:00,129.5432395682133,130.42836768697143,128.47339804634996,130.0204315185547,818900
2016-10-17 00:00:00-04:00,129.96654903610752,130.58228772780183,129.41238538800653,130.14356994628906,580100
2016-10-18 00:00:00-04:00,131.03638674560335,131.39813277630503,129.85879196284714,129.89727783203125,630700
2016-10-19 00:00:00-04:00,129.67409772183743,130.2513506643687,129.02757724482026,130.1820831298828,413300
2016-10-20 00:00:00-04:00,130.64392361120125,131.82151897575272,128.91985682042116,129.3970489501953,675600
2016-10-21 00:00:00-04:00,128.34258913407783,129.87423805392018,128.2579248873681,129.2584991455078,423500
2016-10-24 00:00:00-04:00,129.98195383900406,130.87476266618754,128.90440812528144,129.47396850585938,606200
2016-10-25 00:00:00-04:00,126.94180375874598,129.01222016080575,122.51619650702158,128.43496704101562,1715400
2016-10-26 00:00:00-04:00,128.46572302387764,130.3206319936829,127.05722441262976,130.1743927001953,873600
2016-10-27 00:00:00-04:00,130.15899576597388,130.15899576597388,126.44148535494612,127.53441619873047,1115400
2016-10-28 00:00:00-04:00,128.17322317885942,130.55150212644534,127.53439527571612,128.88902282714844,897600
2016-10-31 00:00:00-04:00,129.55862827066176,131.81375705215075,129.06603965238244,131.75218200683594,680300
2016-11-01 00:00:00-04:00,131.91383130383346,131.91383130383346,128.82745671495528,130.27442932128906,826600
2016-11-02 00:00:00-04:00,130.66697803224466,131.70602627169995,130.12821097353736,130.51304626464844,824600
2016-11-03 00:00:00-04:00,130.5361288007247,132.40642258312585,130.01274672443864,131.31349182128906,808800
2016-11-04 00:00:00-04:00,131.54440857365597,132.82975710063457,130.51305276076175,132.0831756591797,829300
2016-11-07 00:00:00-05:00,133.44552040384147,134.0535551380358,130.8517219511739,131.398193359375,710100
2016-11-08 00:00:00-05:00,131.7214784256357,133.59178483482802,131.28277211608187,133.09149169921875,529500
2016-11-09 00:00:00-05:00,130.7516318691179,132.39872631433212,128.05008082402227,130.3052215576172,856800
2016-11-10 00:00:00-05:00,129.60478983618512,130.2513101119146,125.59480214307169,128.17320251464844,1272800
2016-11-11 00:00:00-05:00,128.22710467416047,131.02870470807835,128.17322210416236,129.04295349121094,1192400
2016-11-14 00:00:00-05:00,128.53496459773703,133.2915223210653,126.37988499814874,131.767578125,1058400
2016-11-15 00:00:00-05:00,132.02161377858928,132.1678530901665,126.77246572960162,127.0957260131836,1464200
2016-11-16 00:00:00-05:00,127.28037053483578,129.3661821625647,126.6646437057925,128.2963409423828,692200
2016-11-17 00:00:00-05:00,128.28870178735636,129.73568640679443,125.71800456518895,126.29525756835938,655900
2016-11-18 00:00:00-05:00,126.1644035374263,126.90329248203295,124.14016609814465,124.93293762207031,918900
2016-11-21 00:00:00-05:00,125.1099598143171,126.28755490628912,122.90099718088811,122.95487976074219,1144500
2016-11-22 00:00:00-05:00,123.59370483875949,126.03355920147295,122.5931307222049,124.99449920654297,1446100
2016-11-23 00:00:00-05:00,123.73225041694933,123.81691465886965,121.85426388168044,123.4859619140625,1060500
2016-11-25 00:00:00-05:00,123.116561339255,124.3018493482344,123.116561339255,123.84004211425781,425600
2016-11-28 00:00:00-05:00,124.4172135112075,126.78010723938725,124.38643186315507,125.77953338623047,808800
2016-11-29 00:00:00-05:00,126.21054822850424,127.61904646227867,125.95655558855427,126.8108901977539,747200
2016-11-30 00:00:00-05:00,125.7488219659589,127.63451312065453,125.06381540791044,126.60315704345703,1064700
2016-12-01 00:00:00-05:00,125.79497001760721,126.91868256394885,124.37107465020736,125.84114837646484,1105600
2016-12-02 00:00:00-05:00,126.53383614969985,128.9044228984855,125.81035568398283,126.71086883544922,752400
2016-12-05 00:00:00-05:00,126.69547829827205,127.43436724385236,125.66412250993905,126.70317077636719,888200
2016-12-06 00:00:00-05:00,126.78780720265343,128.0500662436306,125.90269090195949,126.3798828125,875500
2016-12-07 00:00:00-05:00,126.52612452503374,129.44317035659714,126.31831021560785,129.38160705566406,743800
2016-12-08 00:00:00-05:00,128.8813072579146,130.37446972604693,127.31118479565245,129.89727783203125,709600
2016-12-09 00:00:00-05:00,129.84347974736988,131.52136843274036,129.52791185667348,130.1128692626953,533000
2016-12-12 00:00:00-05:00,130.16669326012828,131.59828110249737,129.53556945018158,131.15187072753906,593300
2016-12-13 00:00:00-05:00,131.8214612990408,131.9753930402387,129.95886021879625,131.32887268066406,600700
2016-12-14 00:00:00-05:00,131.32890302179044,133.09144359255134,129.90500766220708,130.86709594726562,1353900
2016-12-15 00:00:00-05:00,130.836273275995,132.6296066864919,129.66637099970868,130.53610229492188,1002600
2016-12-16 00:00:00-05:00,131.67526782973636,134.33062945768498,131.43667178626245,133.09915161132812,1119700
2016-12-19 00:00:00-05:00,134.04584666530326,134.75394227218015,132.8990331394226,134.53073120117188,925100
2016-12-20 00:00:00-05:00,133.876499647732,135.25420478845217,133.5994177751987,134.86936950683594,687600
2016-12-21 00:00:00-05:00,134.69237563464318,135.9007642990021,133.09915161132812,133.09915161132812,883900
2016-12-22 00:00:00-05:00,132.66041616373096,133.9765579686804,131.84456726167926,133.70716857910156,686000
2016-12-23 00:00:00-05:00,134.20749723809217,134.9232972083013,133.48400478760468,134.29986572265625,367700
2016-12-27 00:00:00-05:00,134.1305248348528,136.15475092042146,133.7764711225335,135.32351684570312,647900
2016-12-28 00:00:00-05:00,135.58715950934854,135.99824028294216,133.57829130101567,134.91236877441406,751800
2016-12-29 00:00:00-05:00,134.881392413116,136.6420672135735,134.43929163020655,136.19996643066406,601700
2016-12-30 00:00:00-05:00,135.9362428661146,137.88307219277542,135.64926496079855,137.4021759033203,756300
2017-01-03 00:00:00-05:00,138.29411616500465,138.29411616500465,135.93620653147542,136.99105834960938,858200
2017-01-04 00:00:00-05:00,137.3478591516917,138.3639273598819,136.18442010381946,137.55728149414062,759700
2017-01-05 00:00:00-05:00,136.4248734215881,138.5500931832374,135.61046365454385,138.39495849609375,840600
2017-01-06 00:00:00-05:00,138.1390165240038,140.14788533172882,138.1390165240038,139.61270141601562,732800
2017-01-09 00:00:00-05:00,139.48085139124098,139.6359742535689,137.184992789394,137.4564666748047,637000
2017-01-10 00:00:00-05:00,136.96782243531246,137.8287679568856,136.2309799412906,137.14622497558594,602900
2017-01-11 00:00:00-05:00,136.96778145393478,137.97609753964278,135.1605715994619,135.86639404296875,1118300
2017-01-12 00:00:00-05:00,135.65699401182843,137.30132931723205,134.67970943073266,136.96780395507812,679100
2017-01-13 00:00:00-05:00,136.77385873882253,137.2314751471866,136.09906804055314,136.71180725097656,471400
2017-01-17 00:00:00-05:00,136.68082210697906,138.17777468761065,135.61821821637295,136.75062561035156,807800
2017-01-18 00:00:00-05:00,137.02211979791338,137.87530146992904,136.09912277704808,136.9523162841797,609900
2017-01-19 00:00:00-05:00,136.3783448183798,136.3783448183798,134.89689605922092,135.90521240234375,594400
2017-01-20 00:00:00-05:00,136.0293152698443,137.57280370318412,135.60271852880226,137.26255798339844,564000
2017-01-23 00:00:00-05:00,136.96005775611349,137.67363234580472,136.32403867512556,137.208251953125,519100
2017-01-24 00:00:00-05:00,137.52627586658303,138.05370782241667,135.35452019896442,136.16893005371094,746900
2017-01-25 00:00:00-05:00,135.54838383822496,136.28523794292474,134.423728602001,134.5167999267578,957600
2017-01-26 00:00:00-05:00,134.7417651276244,135.77334924620615,134.31516841165225,135.121826171875,671000
2017-01-27 00:00:00-05:00,135.36229681777695,135.5174197011591,133.50078671183908,134.2764129638672,577900
2017-01-30 00:00:00-05:00,134.2066014224122,134.8581245947574,133.04316211388866,133.49302673339844,692600
2017-01-31 00:00:00-05:00,133.79552698510412,135.27697595041082,133.52405306587008,134.4237823486328,963000
2017-02-01 00:00:00-05:00,133.57061883819932,134.6409751524951,131.468666223864,131.55398559570312,1181200
2017-02-02 00:00:00-05:00,132.8957843376166,137.1694920833937,132.70187779626892,136.15341186523438,1514700
2017-02-03 00:00:00-05:00,137.04537208874407,138.83706641534613,134.12125849342675,134.59439086914062,908100
2017-02-06 00:00:00-05:00,134.71846387634918,136.14561268569042,133.9350741462983,135.5949249267578,645000
2017-02-07 00:00:00-05:00,135.42428678857317,136.91348709541984,135.18383281823085,136.29298400878906,697200
2017-02-08 00:00:00-05:00,136.28527282609497,139.09303563597538,135.7035532272447,138.4492645263672,928100
2017-02-09 00:00:00-05:00,138.44926236488374,138.9223947713,137.94511012113057,138.25535583496094,634900
2017-02-10 00:00:00-05:00,137.45643671347267,139.8220983124574,137.40213721417985,139.5118408203125,591900
2017-02-13 00:00:00-05:00,139.93068665465094,139.93068665465094,137.12291254387557,138.48802185058594,884300
2017-02-14 00:00:00-05:00,138.0149145095653,138.53458259285085,136.28527156548168,138.41824340820312,536100
2017-02-15 00:00:00-05:00,137.53401566706845,138.53456805538977,136.32402909812785,137.92958068847656,637000
2017-02-16 00:00:00-05:00,138.27865181132717,139.03101024734116,137.51854137318026,138.8914031982422,569500
2017-02-17 00:00:00-05:00,139.04651656844266,139.54291687867692,137.41769676308067,138.4803009033203,498600
2017-02-21 00:00:00-05:00,138.0847187110771,140.91574934607704,137.9838835271344,140.4658966064453,609900
2017-02-22 00:00:00-05:00,140.6209923416161,141.03982516277236,138.5888442290208,140.1633758544922,497900
2017-02-23 00:00:00-05:00,140.86145324371603,142.04040820234124,140.349537189102,141.74566650390625,675500
2017-02-24 00:00:00-05:00,141.9317963223359,142.19550630392632,140.57445091489305,141.986083984375,515900
2017-02-27 00:00:00-05:00,142.37394405206658,142.82380867040922,141.75344072210717,142.3196563720703,362100
2017-02-28 00:00:00-05:00,142.498019994308,143.04870786655536,141.81546527760375,142.5445556640625,794300
2017-03-01 00:00:00-05:00,142.19553902970407,143.39776189143456,141.00883200431824,142.18002319335938,594000
2017-03-02 00:00:00-05:00,142.15676814224162,142.93239433762054,140.72185494674397,141.81549072265625,524000
2017-03-03 00:00:00-05:00,141.16394317029582,141.3966333557313,139.1783423467935,140.52017211914062,420400
2017-03-06 00:00:00-05:00,139.79884015934766,142.17225392179932,139.72127282216252,141.80770874023438,719100
2017-03-07 00:00:00-05:00,141.86977585416975,142.15675373012834,140.9002432082391,141.97836303710938,428000
2017-03-08 00:00:00-05:00,142.3196249309922,142.90134445523202,140.65202186043632,140.7993927001953,806800
2017-03-09 00:00:00-05:00,140.97776706113814,141.48193102487716,138.201024766519,138.57333374023438,698600
2017-03-10 00:00:00-05:00,138.5733787390609,140.78390629214474,136.6265494165422,137.88307189941406,576700
2017-03-13 00:00:00-04:00,137.82877164182614,139.0465104413871,137.52627790103017,138.0692138671875,833600
2017-03-14 00:00:00-04:00,138.37945538011826,139.07751413626744,137.34787124661602,138.55784606933594,585600
2017-03-15 00:00:00-04:00,138.92234120579968,142.85475796211793,138.92234120579968,142.3816375732422,1018400
2017-03-16 00:00:00-04:00,141.97054352305136,144.47582341889134,141.66804992955844,143.4132080078125,1009100
2017-03-17 00:00:00-04:00,144.04151300420196,144.9489940250103,143.31242265369426,144.15785217285156,1673300
2017-03-20 00:00:00-04:00,144.22772125753465,144.71636965828972,142.9169107974972,143.3667755126953,714100
2017-03-21 00:00:00-04:00,143.6304168618614,144.94899052869192,142.90909036340534,143.93292236328125,803800
2017-03-22 00:00:00-04:00,144.69307061899516,144.69307061899516,143.09528253352477,144.37506103515625,529400
2017-03-23 00:00:00-04:00,144.1578682890683,145.74014033516306,144.08030094455432,144.84817504882812,957000
2017-03-24 00:00:00-04:00,145.29029273121094,145.81771282013042,144.41383141478914,144.74734497070312,524800
2017-03-27 00:00:00-04:00,144.32849739771595,145.08085561611892,143.1495424830359,143.38223266601562,471600
2017-03-28 00:00:00-04:00,143.39001316019346,144.0105164930736,141.8387607455515,143.53738403320312,586200
2017-03-29 00:00:00-04:00,143.1699910766291,144.26427125499555,142.58377338606365,143.41229248046875,708200
2017-03-30 00:00:00-04:00,143.02933994281864,143.59992196334812,141.60677893697274,143.2872772216797,424300
2017-03-31 00:00:00-04:00,142.67755727716403,144.40495056684406,142.64629758294473,143.50608825683594,659400
2017-04-03 00:00:00-04:00,143.5217134968876,143.8187342646075,142.2632990950071,143.4513702392578,395800
2017-04-04 00:00:00-04:00,143.42012105231836,144.99118022096417,142.9120585478573,143.97506713867188,493700
2017-04-05 00:00:00-04:00,143.7718554963277,145.28038340982377,143.0293154172161,144.8817596435547,538800
2017-04-06 00:00:00-04:00,144.7019808556694,145.6711864864332,144.1626586635162,145.24911499023438,518900
2017-04-07 00:00:00-04:00,145.24909700793043,145.90565788812407,144.3189631310087,144.4205780029297,814100
2017-04-10 00:00:00-04:00,144.5065728373977,146.4059124323945,144.32679082489562,145.9838409423828,391600
2017-04-11 00:00:00-04:00,145.99950237458668,147.05469926093173,145.74157701952083,146.3590545654297,418000
2017-04-12 00:00:00-04:00,145.7337526291597,147.4220628706413,145.61651383182036,146.49974060058594,659700
2017-04-13 00:00:00-04:00,146.46067072086444,146.60135727937026,145.47581710479324,145.7572021484375,449100
2017-04-17 00:00:00-04:00,146.30434894504705,147.57839965820312,145.4211220900072,147.57839965820312,582000
2017-04-18 00:00:00-04:00,147.35170457715452,148.37562972502224,147.16411059389483,147.44549560546875,553600
2017-04-19 00:00:00-04:00,146.93741401207902,147.60178686706362,146.26521728862895,146.9686737060547,814700
2017-04-20 00:00:00-04:00,147.0390248975609,147.0468487664486,145.67900749359274,146.1948699951172,565300
2017-04-21 00:00:00-04:00,145.9056643625909,146.68728790035158,145.74934204036452,145.9447479248047,443700
2017-04-24 00:00:00-04:00,146.81240013154118,147.07814936177627,143.31072883873756,145.62432861328125,764100
2017-04-25 00:00:00-04:00,146.06200861607007,148.01606775387432,145.45234311920558,147.9457244873047,702300
2017-04-26 00:00:00-04:00,147.68778733192534,149.2588585126358,146.62477868330436,147.47674560546875,757500
2017-04-27 00:00:00-04:00,147.47674351347368,148.02388960590565,145.06152931445828,147.12501525878906,617200
2017-04-28 00:00:00-04:00,147.0546953478425,148.45379664592312,146.24962382031234,148.38345336914062,706300
2017-05-01 00:00:00-04:00,149.0477879100992,150.1420560452247,147.92224815589685,149.30572509765625,625200
2017-05-02 00:00:00-04:00,149.4151666960597,150.40782005735258,148.88365645881333,149.44642639160156,685800
2017-05-03 00:00:00-04:00,150.1030129694588,150.1030129694588,147.14066433755204,147.78941345214844,748000
2017-05-04 00:00:00-04:00,147.52365516597314,149.62621281130328,146.18707344802263,149.31356811523438,782000
2017-05-05 00:00:00-04:00,149.55585162504667,150.76737054876244,148.25835363121868,150.65794372558594,862400
2017-05-08 00:00:00-04:00,150.8533459066306,151.072199547598,149.10250485226257,149.96229553222656,689000
2017-05-09 00:00:00-04:00,149.86856804074583,150.3062755081932,148.7430277378046,150.17340087890625,563000
2017-05-10 00:00:00-04:00,150.1811723544799,151.25199297211657,149.75910081793057,150.27496337890625,538100
2017-05-11 00:00:00-04:00,149.3604365130791,150.4234449840248,148.4772100400357,149.9310302734375,395200
2017-05-12 00:00:00-04:00,150.14991952595133,150.80648058024096,149.73565991360442,150.10301208496094,445200
2017-05-15 00:00:00-04:00,149.90757828564466,150.8689838577805,149.39171579697586,150.31402587890625,524000
2017-05-16 00:00:00-04:00,150.45475036859946,151.22073825545846,149.39174165909608,150.14991760253906,655900
2017-05-17 00:00:00-04:00,148.56322572625152,150.98625209478757,147.48458117946151,149.28231811523438,805500
2017-05-18 00:00:00-04:00,149.81378514872105,151.72094852854738,148.73514082778968,149.96229553222656,705500
2017-05-19 00:00:00-04:00,150.14990426609475,150.2358833425587,148.5084898705576,149.4855194091797,1166900
2017-05-22 00:00:00-04:00,149.55586734800463,150.540720786761,147.37514259735786,150.0482940673828,749300
2017-05-23 00:00:00-04:00,150.20460800030372,150.88461672583037,149.39172469200918,149.87632751464844,615200
2017-05-24 00:00:00-04:00,150.42345270094256,150.98622262188044,149.54803812465212,150.31402587890625,583300
2017-05-25 00:00:00-04:00,150.8846291428158,151.64280506254315,149.3213817910697,150.20462036132812,713400
2017-05-26 00:00:00-04:00,149.95448169217258,150.88460369119616,148.97745226213922,149.54022216796875,685100
2017-05-30 00:00:00-04:00,149.60274155605754,150.20459502441415,148.85238963270405,149.54022216796875,811700
2017-05-31 00:00:00-04:00,149.7824937773083,150.4781381161129,149.4776611328125,149.4776611328125,1561700
2017-06-01 00:00:00-04:00,149.52462809029794,149.87635639795235,147.63310001701896,148.9853057861328,1148300
2017-06-02 00:00:00-04:00,149.61061991989934,153.07320775639624,149.19636024480226,152.91688537597656,953400
2017-06-05 00:00:00-04:00,152.61200600342514,155.94954207340444,151.78348690598224,155.6212615966797,900200
2017-06-06 00:00:00-04:00,155.23822487997208,155.30075618354144,151.28321236056652,151.39263916015625,805400
2017-06-07 00:00:00-04:00,151.8303942822716,152.31499712961093,151.4552182690615,152.21339416503906,735200
2017-06-08 00:00:00-04:00,152.21337757795487,152.55728192872024,149.4933189803598,151.7991180419922,671500
2017-06-09 00:00:00-04:00,151.63500170007273,152.59639553634318,151.1113152387992,152.4088134765625,761400
2017-06-12 00:00:00-04:00,151.9163467811705,152.36186598266465,150.3296520005954,151.28323364257812,851800
2017-06-13 00:00:00-04:00,151.41608690816642,151.90068960254564,150.3530786007406,151.39263916015625,555100
2017-06-14 00:00:00-04:00,152.82305624403972,153.25295162802328,152.02579679798203,152.68235778808594,829500
2017-06-15 00:00:00-04:00,152.09612925741334,154.34720897971116,152.01015018672476,153.16696166992188,523400
2017-06-16 00:00:00-04:00,153.23729888358554,154.03455824154824,152.72142447980795,153.27638244628906,1143800
2017-06-19 00:00:00-04:00,153.72190912706765,154.5269804659917,152.9402855415779,153.72972106933594,588100
2017-06-20 00:00:00-04:00,153.84691396020008,154.57381789681307,151.3378979457417,152.72137451171875,829300
2017-06-21 00:00:00-04:00,152.6354628437333,152.67454641090026,150.5250814096501,152.07269287109375,614700
2017-06-22 00:00:00-04:00,152.74490425555837,152.74490425555837,150.96280314763894,151.51776123046875,614300
2017-06-23 00:00:00-04:00,151.55678662126223,152.43221302099744,151.25977781167373,151.6584014892578,655100
2017-06-26 00:00:00-04:00,152.1977151732869,152.44782846892508,151.34574849737172,151.95541381835938,428000
2017-06-27 00:00:00-04:00,151.5802945815793,152.83870934984887,150.50947381490303,150.7048797607422,878300
2017-06-28 00:00:00-04:00,151.53170438419426,151.8151771828528,150.7836548367996,151.60256958007812,748700
2017-06-29 00:00:00-04:00,151.5080305422408,151.6497608852615,149.80719433527872,151.19305419921875,625400
2017-06-30 00:00:00-04:00,151.74427638508325,152.90965894387216,150.90172809239706,151.31906127929688,617400
2017-07-03 00:00:00-04:00,151.82297165728787,153.28757838683325,151.20878290119953,152.98048400878906,637300
2017-07-05 00:00:00-04:00,153.14583431682945,154.43720697204608,151.76784469019094,152.55526733398438,634500
2017-07-06 00:00:00-04:00,152.20093792363718,152.46078887271705,148.05909858781345,148.18508911132812,843700
2017-07-07 00:00:00-04:00,148.55520814658095,149.67334722990907,148.36622232393054,149.0591583251953,422500
2017-07-10 00:00:00-04:00,149.02761655456638,149.4843231644582,147.00394645422037,147.12205505371094,421400
2017-07-11 00:00:00-04:00,147.35833546206254,147.523699573916,145.35828638677089,146.70477294921875,444900
2017-07-12 00:00:00-04:00,147.74414345871716,148.807157027127,146.90159529745696,147.2244415283203,524000
2017-07-13 00:00:00-04:00,147.1220927166244,148.2244919929216,146.6575160862083,147.20870971679688,485200
2017-07-14 00:00:00-04:00,148.01188505457085,148.69693914004696,147.52368669619662,147.80715942382812,505100
2017-07-17 00:00:00-04:00,147.75989034718305,149.76782098170557,147.27956193669036,149.64183044433594,464200
2017-07-18 00:00:00-04:00,149.93320694677573,149.93320694677573,148.2717440399683,148.35047912597656,594200
2017-07-19 00:00:00-04:00,148.42917669536686,149.78354468000342,148.16145586506158,149.74417114257812,453800
2017-07-20 00:00:00-04:00,149.87808325549597,151.01197423980634,149.6024924286922,149.70484924316406,445000
2017-07-21 00:00:00-04:00,149.6024526231713,150.68908784807456,148.74415269403715,150.51585388183594,397600
2017-07-24 00:00:00-04:00,150.72853126544248,150.72853126544248,148.94895935058594,148.94895935058594,537600
2017-07-25 00:00:00-04:00,149.34264623980891,149.42926324877598,146.80714326654132,147.90953063964844,642100
2017-07-26 00:00:00-04:00,147.90166268423388,150.79937354036966,147.54732473928877,150.49227905273438,429800
2017-07-27 00:00:00-04:00,149.99616781109276,150.83083402503163,148.6181779633323,150.0434112548828,666800
2017-07-28 00:00:00-04:00,150.28754529467747,151.63404383100084,149.9410772729278,151.57891845703125,458200
2017-07-31 00:00:00-04:00,151.57887825890361,151.87810274653802,150.46073940395075,151.4607696533203,577200
2017-08-01 00:00:00-04:00,151.728515149086,152.09860486018675,150.7836101055792,151.27967834472656,607600
2017-08-02 00:00:00-04:00,150.87809497454205,151.49228384531034,150.01980693912478,150.62611389160156,520200
2017-08-03 00:00:00-04:00,148.0355223249062,150.279682655561,145.4685276993967,147.8859100341797,1108300
2017-08-04 00:00:00-04:00,147.77565380976924,149.1300221553915,147.5630462630988,147.93313598632812,513600
2017-08-07 00:00:00-04:00,147.94890348263155,148.9489340331623,147.3977097987205,148.38198852539062,448800
2017-08-08 00:00:00-04:00,148.37409848923613,149.3820109041209,147.6181791969732,148.46859741210938,726000
2017-08-09 00:00:00-04:00,148.27959125716768,149.32686506332186,148.06698372874507,149.0355224609375,610700
2017-08-10 00:00:00-04:00,148.7048225073085,149.57886242475948,148.38197622808784,148.8623046875,427300
2017-08-11 00:00:00-04:00,149.13787858915012,149.2481173042968,148.10635660846611,148.43707275390625,397300
2017-08-14 00:00:00-04:00,148.90952280413978,151.25603933057423,148.90952280413978,150.84658813476562,736400
2017-08-15 00:00:00-04:00,150.7206239171939,151.33481283324346,149.87020572225137,151.24032592773438,633100
2017-08-16 00:00:00-04:00,151.64188412422956,152.29544648943354,149.94104799418918,150.55523681640625,537500
2017-08-17 00:00:00-04:00,150.63398871387537,151.19305219074445,149.8544357922604,149.90956115722656,578400
2017-08-18 00:00:00-04:00,149.71269443214567,149.71269443214567,148.2559575081449,148.81503295898438,577300
2017-08-21 00:00:00-04:00,149.01976490672502,150.2245208295699,148.4370677092561,149.85443115234375,604100
2017-08-22 00:00:00-04:00,149.94890827713203,150.55522715790218,148.15358537119232,148.88589477539062,594800
2017-08-23 00:00:00-04:00,148.830814723713,149.84659710729656,148.80719299526882,149.4371337890625,624700
2017-08-24 00:00:00-04:00,149.61032385156534,150.33475134629563,148.9016481762103,149.0906219482422,706700
2017-08-25 00:00:00-04:00,149.40560003383044,149.87804648463654,148.79141123719995,148.81503295898438,599100
2017-08-28 00:00:00-04:00,148.85445857388507,149.25605204736027,147.8308181488554,148.29539489746094,839500
2017-08-29 00:00:00-04:00,148.38981958211488,149.5237103008118,147.4212929328604,147.46853637695312,538500
2017-08-30 00:00:00-04:00,147.37409021383,147.37409021383,146.2086955336164,147.1851043701172,627600
2017-08-31 00:00:00-04:00,147.51579679828822,148.29534976088877,147.35831462814895,147.82289123535156,997500
2017-09-01 00:00:00-04:00,148.12996356953133,149.16936736457308,147.767755833769,148.0354766845703,572100
2017-09-05 00:00:00-04:00,146.8543329142915,147.85436310319525,143.4211694765484,146.99606323242188,1037100
2017-09-06 00:00:00-04:00,147.1614718440984,147.7205474146111,145.83860708053325,146.090576171875,1238000
2017-09-07 00:00:00-04:00,146.3267835135129,147.15357987432216,145.66535123091296,146.45277404785156,1334100
2017-09-08 00:00:00-04:00,146.32678457344957,148.09848592439496,146.08268542084943,147.05908203125,999900
2017-09-11 00:00:00-04:00,147.405571639409,148.46859741210938,146.6890138819627,148.46859741210938,909600
2017-09-12 00:00:00-04:00,148.24018731396836,148.50003823650582,144.25583053196004,145.38185119628906,844200
2017-09-13 00:00:00-04:00,145.334669361749,145.7992460496686,144.61811154573113,144.7598419189453,668200
2017-09-14 00:00:00-04:00,144.751934341676,144.90941649819086,143.60229177039247,144.67318725585938,908200
2017-09-15 00:00:00-04:00,144.8070381831843,145.6574561906774,143.72827286600318,144.70468139648438,1318400
2017-09-18 00:00:00-04:00,144.74408613260226,145.3503931268105,143.56295175904108,144.2322540283203,964900
2017-09-19 00:00:00-04:00,144.23222999485134,144.57082804004733,142.6101409812025,143.09046936035156,993900
2017-09-20 00:00:00-04:00,143.19282407742443,143.69677412931182,141.84632596177073,142.36602783203125,618400
2017-09-21 00:00:00-04:00,142.41332917432487,142.93303125588542,141.57078076799593,141.58653259277344,544400
2017-09-22 00:00:00-04:00,141.77549582423126,142.02746490485978,140.51561437572877,140.57073974609375,464600
2017-09-25 00:00:00-04:00,141.3266705209495,142.09835367822996,140.46051246774383,141.19281005859375,1268100
2017-09-26 00:00:00-04:00,141.20849335635984,141.46834425075716,140.69666146795961,141.0273895263672,1053400
2017-09-27 00:00:00-04:00,141.2006753793659,141.2006753793659,139.86204688292617,140.28726196289062,865000
2017-09-28 00:00:00-04:00,140.22375055924147,141.80330387326742,140.22375055924147,141.7636260986328,766000
2017-09-29 00:00:00-04:00,141.26357327025312,142.2875046061178,141.05720279874464,141.62075805664062,894600
2017-10-02 00:00:00-04:00,142.0811340737127,142.40657421498014,140.81907551024594,140.96194458007812,630400
2017-10-03 00:00:00-04:00,140.9619257726849,141.39055714830056,140.39042534629888,141.0413055419922,632000
2017-10-04 00:00:00-04:00,141.10480526351603,143.0177317199763,140.62855087661885,142.87486267089844,662900
2017-10-05 00:00:00-04:00,143.48607509454783,145.36725720065616,143.08125516978242,143.22413635253906,679200
2017-10-06 00:00:00-04:00,143.02566747355522,143.02566747355522,141.37466771662056,142.00172424316406,651000
2017-10-09 00:00:00-04:00,141.85094578613143,142.50181392808477,141.69218623339088,141.8826904296875,672800
2017-10-10 00:00:00-04:00,141.9779179524265,143.09710725033213,141.62866636059906,141.68423461914062,734500
2017-10-11 00:00:00-04:00,141.77947887013124,143.50191318853078,141.68423284142855,142.85897827148438,645900
2017-10-12 00:00:00-04:00,143.07328883556033,143.914661023442,142.59703448576064,143.63685607910156,575500
2017-10-13 00:00:00-04:00,144.36711807044074,144.46236410511094,143.31143011012048,143.3511199951172,815000
2017-10-16 00:00:00-04:00,143.3352152905995,143.3590267948933,142.1604700027218,142.23983764648438,514200
2017-10-17 00:00:00-04:00,142.00173965140604,142.8907470703125,141.97792814222265,142.8907470703125,575000
2017-10-18 00:00:00-04:00,142.6764767314061,142.9701601791287,142.05735307251945,142.93841552734375,524600
2017-10-19 00:00:00-04:00,142.866932466123,143.39079776846148,142.28748679080613,143.3511199951172,736900
2017-10-20 00:00:00-04:00,143.62892331143715,143.93848503219996,142.59704687167704,143.81942749023438,722000
2017-10-23 00:00:00-04:00,144.01786815405106,144.57349021557928,143.43048933949117,144.4464874267578,624400
2017-10-24 00:00:00-04:00,144.01782756333102,144.224197953262,142.3271382346588,142.4858856201172,638800
2017-10-25 00:00:00-04:00,142.64471156826346,143.79564578856088,142.32720453778688,143.25588989257812,539200
2017-10-26 00:00:00-04:00,143.9860940491154,143.9860940491154,142.72403578038185,143.3987274169922,537400
2017-10-27 00:00:00-04:00,143.14474541179638,144.541751926927,142.95425333184446,144.18455505371094,452900
2017-10-30 00:00:00-04:00,143.84322004744348,144.58934617653262,143.351099456619,144.37503051757812,555300
2017-10-31 00:00:00-04:00,143.39083184994408,145.66890098436687,141.23977764469146,143.9305877685547,661500
2017-11-01 00:00:00-04:00,143.9305537400452,145.68473280957681,143.47811085148712,145.5736083984375,609900
2017-11-02 00:00:00-04:00,145.60536167385135,145.93873489930783,141.85886431398012,143.15267944335938,723800
2017-11-03 00:00:00-04:00,142.49388465797816,145.13707140893766,141.74775834182304,144.43856811523438,492000
2017-11-06 00:00:00-05:00,144.78781813508337,146.70869005952855,144.78781813508337,145.56568908691406,489500
2017-11-07 00:00:00-05:00,145.74031744313763,146.80393865662077,144.75606389701147,145.859375,520800
2017-11-08 00:00:00-05:00,145.77999918629715,148.2644262566718,145.4069360467705,148.18505859375,605000
2017-11-09 00:00:00-05:00,147.90722819804986,149.53441653733282,147.70085775902135,148.80416870117188,627200
2017-11-10 00:00:00-05:00,148.50255246338216,149.94718199162486,148.07393317387732,148.55812072753906,460400
2017-11-13 00:00:00-05:00,148.69307128310373,149.73288102236987,148.06600249681145,149.31219482421875,399900
2017-11-14 00:00:00-05:00,149.2804167047765,149.42328574608044,148.01834628166762,148.83590698242188,757300
2017-11-15 00:00:00-05:00,148.86765725991734,149.28834334544499,146.44671990154535,146.5975341796875,576000
2017-11-16 00:00:00-05:00,146.82776941586667,148.33590063319804,146.3197702539032,147.70883178710938,752000
2017-11-17 00:00:00-05:00,147.7088167744841,147.7088167744841,145.8990691869474,146.34356689453125,472100
2017-11-20 00:00:00-05:00,146.44675600172945,146.57375880533007,145.78000945030715,146.00225830078125,415500
2017-11-21 00:00:00-05:00,146.30385978841986,146.91503795800793,145.82760541910153,146.85948181152344,455300
2017-11-22 00:00:00-05:00,147.1848936412409,147.1848936412409,145.7005866612254,146.52609252929688,325100
2017-11-24 00:00:00-05:00,146.7483335098608,146.94677077948722,146.31970222494385,146.54989624023438,202100
2017-11-27 00:00:00-05:00,146.31975921331673,146.67694401543008,144.79576184241984,145.12913513183594,575400
2017-11-28 00:00:00-05:00,145.19258523494818,145.62914966623617,143.38283823947265,143.88290405273438,721800
2017-11-29 00:00:00-05:00,143.89081944415014,144.88300570582462,142.10488417313604,144.4940643310547,519600
2017-11-30 00:00:00-05:00,144.75608185909084,145.3196492920286,143.64483748497383,143.9305877685547,901000
2017-12-01 00:00:00-05:00,144.40683016675257,145.99432905072274,143.48609001890787,143.9305877685547,628300
2017-12-04 00:00:00-05:00,144.43851600193986,144.80363378343876,143.58126557214115,143.76382446289062,538700
2017-12-05 00:00:00-05:00,143.9543917627979,144.03377154751178,141.61283345359445,141.93032836914062,636400
2017-12-06 00:00:00-05:00,142.39074563610276,142.50187009983244,140.98580539978911,142.3828125,465100
2017-12-07 00:00:00-05:00,142.1684326634501,142.84312438964844,141.60486535092122,142.84312438964844,549200
2017-12-08 00:00:00-05:00,143.4463543662359,144.76398092641608,142.49385776202368,144.63697814941406,523200
2017-12-11 00:00:00-05:00,144.32744519344698,145.1846959414572,144.32744519344698,145.10531616210938,576200
2017-12-12 00:00:00-05:00,145.2561153353074,146.34354795143307,144.39093154420522,145.7641143798828,583700
2017-12-13 00:00:00-05:00,146.29591825559612,146.36735277931027,144.2798005458679,144.7084197998047,509000
2017-12-14 00:00:00-05:00,144.89887781766757,145.51800104927455,143.85906859821606,144.75599670410156,341200
2017-12-15 00:00:00-05:00,145.56567241585452,145.56567241585452,144.00198544652085,144.19248962402344,1272800
2017-12-18 00:00:00-05:00,144.2480536931311,146.25623840858515,144.20836380668223,144.82749938964844,605800
2017-12-19 00:00:00-05:00,145.10530548311687,145.75618571323676,140.0173696373754,141.06512451171875,789100
2017-12-20 00:00:00-05:00,140.93811001673834,141.89855190514135,140.787295726591,140.98573303222656,803400
2017-12-21 00:00:00-05:00,141.1206724357625,141.38261113907592,139.04898642924027,139.34268188476562,540000
2017-12-22 00:00:00-05:00,139.93005153839042,141.62074133577,139.71574795885266,141.3826141357422,660500
2017-12-26 00:00:00-05:00,141.49375068198657,142.52562722949867,140.93812857537344,142.0731964111328,444700
2017-12-27 00:00:00-05:00,142.52562646581853,142.90662274950415,141.42231539157942,141.7398223876953,438600
2017-12-28 00:00:00-05:00,141.86779642415345,143.01196244603557,141.4197358481312,142.88394165039062,412200
2017-12-29 00:00:00-05:00,143.26802313119197,143.26802313119197,142.45991457349808,142.74795532226562,403800
2018-01-02 00:00:00-05:00,142.89195690994936,143.38002557402214,141.61978213611158,141.8118133544922,594800
2018-01-03 00:00:00-05:00,142.22785919664818,142.41989041032403,141.3317379503002,142.25186157226562,515500
2018-01-04 00:00:00-05:00,141.811817436573,142.23587570672552,139.63551240056077,139.70751953125,517800
2018-01-05 00:00:00-05:00,139.6835166064593,139.6995222605731,138.5153480308892,139.42747497558594,678200
2018-01-08 00:00:00-05:00,139.09141500506612,139.86752433080497,138.6593600588876,139.53147888183594,546300
2018-01-09 00:00:00-05:00,139.45947579798238,139.78752453459686,138.09127937944226,138.475341796875,515400
2018-01-10 00:00:00-05:00,137.91524227281778,138.4193165230205,135.80294798879277,136.78709411621094,604200
2018-01-11 00:00:00-05:00,137.30722516931675,137.85930442024957,135.65899635036635,135.83502197265625,468100
2018-01-12 00:00:00-05:00,135.8429587368499,136.15500180067556,134.02670182241067,134.602783203125,494100
2018-01-16 00:00:00-05:00,134.83486722858552,137.2352030429127,134.83486722858552,135.242919921875,613700
2018-01-17 00:00:00-05:00,136.11500759813885,136.203020379373,135.22688306340757,135.94699096679688,540200
2018-01-18 00:00:00-05:00,135.28292944663525,136.08304139353368,133.69070227716117,134.2507781982422,639500
2018-01-19 00:00:00-05:00,134.57882586593843,134.98689076893064,134.15476751443856,134.9788818359375,722100
2018-01-22 00:00:00-05:00,134.95487838612024,136.17105194373707,134.6108361148394,136.0990447998047,629000
2018-01-23 00:00:00-05:00,136.41907867275663,138.21133372026017,136.40307301634232,138.17132568359375,757800
2018-01-24 00:00:00-05:00,138.0832841723021,138.43533528777652,137.05914213205065,137.45919799804688,567900
2018-01-25 00:00:00-05:00,137.47520461359562,137.87526048239263,134.93883966173476,136.1630096435547,682800
2018-01-26 00:00:00-05:00,136.59507772278474,136.59507772278474,134.72281917452014,136.09100341796875,550600
2018-01-29 00:00:00-05:00,135.65097449181317,135.69098253101996,134.2747931712671,134.61883544921875,395300
2018-01-30 00:00:00-05:00,134.38682562921272,134.97090400874023,133.4987007631203,133.5146942138672,560300
2018-01-31 00:00:00-05:00,133.4426792583506,136.3550864690991,132.98662176390494,136.33908081054688,1184100
2018-02-01 00:00:00-05:00,135.9470174840123,137.47523416137568,131.05833322823045,131.30636596679688,1403700
2018-02-02 00:00:00-05:00,126.96175342711302,131.64241303603558,126.96175342711302,131.1863555908203,1754200
2018-02-05 00:00:00-05:00,131.12230795893356,132.55450251541143,127.07374475182466,127.2337646484375,1469400
2018-02-06 00:00:00-05:00,125.9456112649286,129.10605068152913,124.82544733166358,128.21792602539062,1879800
2018-02-07 00:00:00-05:00,127.88986555394801,130.0341714991957,126.58569163849057,126.64169311523438,1153900
2018-02-08 00:00:00-05:00,126.83370044945217,128.97799378206227,123.87328982650871,123.96929931640625,1479900
2018-02-09 00:00:00-05:00,124.81741469403886,128.5699402045841,123.96929831682306,127.70581817626953,1348700
2018-02-12 00:00:00-05:00,128.0338682866098,128.55393597007193,124.60939143781339,127.0177230834961,1427400
2018-02-13 00:00:00-05:00,126.23364494726235,128.27393252495762,126.12962650412392,127.5378189086914,1109200
2018-02-14 00:00:00-05:00,126.37767616131445,127.2738098196067,125.81760025534373,127.1537857055664,874700
2018-02-15 00:00:00-05:00,127.6738402298806,129.31405958150918,127.36178492107342,128.89801025390625,799600
2018-02-16 00:00:00-05:00,129.09001158813814,130.4181998665689,128.42591744892275,130.07415771484375,877800
2018-02-20 00:00:00-05:00,129.55409525733666,130.93828518949397,128.28192048369957,128.3539276123047,894200
2018-02-21 00:00:00-05:00,127.95392847107667,128.55401255969656,124.6094656773646,124.83349609375,1011200
2018-02-22 00:00:00-05:00,125.34552502795536,126.52968714445596,125.17749616804385,125.71356964111328,884200
2018-02-23 00:00:00-05:00,126.3616901541238,128.0979440457363,125.59358942327516,128.0259246826172,520200
2018-02-26 00:00:00-05:00,128.35389670170582,128.5939326146533,127.1937373659822,128.1378631591797,603100
2018-02-27 00:00:00-05:00,127.74584844717747,128.10589630282888,124.58540938953568,124.8814468383789,949800
2018-02-28 00:00:00-05:00,124.88150086744086,125.93764251486603,124.3774263262027,124.83349609375,1442100
2018-03-01 00:00:00-05:00,124.16132585859216,126.34563955668094,123.3372117968173,124.05731964111328,1268100
2018-03-02 00:00:00-05:00,123.93730351161595,124.4813858427842,122.35308568653518,123.13719177246094,902800
2018-03-05 00:00:00-05:00,122.4891082449619,125.4095235379939,122.13705711188523,124.8814468383789,1094300
2018-03-06 00:00:00-05:00,124.84147054490903,125.28953129773446,122.98521711052655,124.78546905517578,853900
2018-03-07 00:00:00-05:00,124.64940352934465,126.92173016647568,124.43338214822896,126.50566864013672,914700
2018-03-08 00:00:00-05:00,126.6096919257585,127.71383787553792,125.96159113136625,127.61782836914062,714800
2018-03-09 00:00:00-05:00,127.70586733400279,129.15406799316406,127.07378427274199,129.15406799316406,635300
2018-03-12 00:00:00-04:00,128.86599555762666,129.6181025505151,128.2259037205682,129.2500457763672,738700
2018-03-13 00:00:00-04:00,129.98619226649953,130.39424496427637,128.89803953035525,129.2340850830078,593100
2018-03-14 00:00:00-04:00,129.49007971770973,130.81027140014913,129.3220630909586,130.7942657470703,798400
2018-03-15 00:00:00-04:00,130.5942368331848,131.3303381557113,130.2341889984008,130.95428466796875,882100
2018-03-16 00:00:00-04:00,131.2423672076163,132.8345944442355,130.72229930369653,132.61856079101562,1442200
2018-03-19 00:00:00-04:00,132.4825285826967,132.52253661905655,131.05833039120267,132.09046936035156,829800
2018-03-20 00:00:00-04:00,131.97844069927305,132.93857243011865,130.8662857710356,131.46636962890625,1096700
2018-03-21 00:00:00-04:00,131.4343588659617,132.59451844648814,130.12217610153266,130.61024475097656,675900
2018-03-22 00:00:00-04:00,130.0421634872692,131.40235103868466,127.98588261085438,128.2259063720703,1073300
2018-03-23 00:00:00-04:00,128.25792201041838,128.76198413472963,126.1216250023018,126.4256591796875,810300
2018-03-26 00:00:00-04:00,127.28978890315089,127.68984482066062,126.08962115062168,127.0817642211914,550500
2018-03-27 00:00:00-04:00,127.00973045979524,130.21817385045912,125.13745987971213,128.52993774414062,741600
2018-03-28 00:00:00-04:00,129.62011759003659,132.8420400270989,129.18405996961943,132.47059631347656,842100
2018-03-29 00:00:00-04:00,132.81780741393166,133.59301406611146,130.185357670337,132.80166625976562,842900
2018-04-02 00:00:00-04:00,132.67244596991327,132.95506398923445,130.28223706229437,131.34814453125,668300
2018-04-03 00:00:00-04:00,131.39657644961318,133.55260285014342,130.41949472339348,133.20538330078125,670500
2018-04-04 00:00:00-04:00,132.3898070876009,134.58621113511427,132.02643404535192,134.06134033203125,635300
2018-04-05 00:00:00-04:00,134.18249366441137,134.34399146507408,132.5997979678276,134.23094177246094,591800
2018-04-06 00:00:00-04:00,134.70733808418063,135.27258638429305,133.5606756906098,134.04518127441406,600800
2018-04-09 00:00:00-04:00,134.20669319425267,134.6750453556351,132.90661580602443,133.57684326171875,470000
2018-04-10 00:00:00-04:00,134.26319854945578,134.85267084625218,133.5041456163682,134.68309020996094,588600
2018-04-11 00:00:00-04:00,134.35207313872473,135.6279266988607,133.89987437239648,134.06944274902344,847400
2018-04-12 00:00:00-04:00,134.23897790714815,134.23897790714815,132.86621627600795,133.399169921875,663600
2018-04-13 00:00:00-04:00,133.46381368408586,134.64277100182693,132.87434118596133,134.4731903076172,568500
2018-04-16 00:00:00-04:00,134.7477032815903,135.8459052595896,133.8594594732676,134.04518127441406,604500
2018-04-17 00:00:00-04:00,134.30360510229232,135.38565374994397,133.66567225613875,134.82847595214844,628000
2018-04-18 00:00:00-04:00,135.00609695622936,135.27257377032424,133.87558813993397,134.00479125976562,617800
2018-04-19 00:00:00-04:00,133.6414448686335,133.8352495869589,130.6375395027855,131.25123596191406,669400
2018-04-20 00:00:00-04:00,131.54997289960818,131.54997289960818,129.53929124849853,129.9026641845703,1129800
2018-04-23 00:00:00-04:00,130.3226001023659,130.63752503383338,129.2970702705662,130.00767517089844,602300
2018-04-24 00:00:00-04:00,130.3225996586162,131.28352792152387,129.74119789150384,130.7344207763672,840600
2018-04-25 00:00:00-04:00,130.29837980171814,131.315826766138,129.43434769838206,130.64559936523438,773500
2018-04-26 00:00:00-04:00,129.45856635835435,132.13139269947735,127.50440309357305,130.47601318359375,766500
2018-04-27 00:00:00-04:00,130.08841525027003,133.20536958448065,130.08841525027003,132.69664001464844,476000
2018-04-30 00:00:00-04:00,133.07618512342358,133.6252799627994,131.1947060623463,131.6226806640625,748200
2018-05-01 00:00:00-04:00,131.7438195090007,133.21347764811816,131.11396954123344,132.87432861328125,529200
2018-05-02 00:00:00-04:00,132.28485297549247,132.7612757280533,131.2027919992565,131.3158416748047,749500
2018-05-03 00:00:00-04:00,130.87979229871925,132.78549557005573,130.4437347629316,131.50157165527344,408700
2018-05-04 00:00:00-04:00,131.25934003047942,133.04391102045466,131.17051439377303,132.7128448486328,510800
2018-05-07 00:00:00-04:00,133.2134481318867,133.56066766627734,132.2605904933831,133.399169921875,340400
2018-05-08 00:00:00-04:00,133.1892647512195,133.1892647512195,132.18795871582844,132.8097381591797,678800
2018-05-09 00:00:00-04:00,133.10044661866587,133.89987737660599,132.48675003937882,133.81912231445312,481800
2018-05-10 00:00:00-04:00,134.6023665196567,135.56329484427985,133.88369100047046,135.41793823242188,778900
2018-05-11 00:00:00-04:00,135.83785000093215,135.91052215025036,134.1582460615779,134.35205078125,615900
2018-05-14 00:00:00-04:00,134.31973064741035,134.4893113006616,132.0587250924982,132.86622619628906,380500
2018-05-15 00:00:00-04:00,132.27677397216064,132.38175307450703,129.46667315330728,129.72506713867188,749200
2018-05-16 00:00:00-04:00,130.05611690055568,130.42757280432212,128.24732243766,128.79641723632812,689900
2018-05-17 00:00:00-04:00,128.594522887076,129.16785396786955,127.72242040555861,128.0050506591797,729200
2018-05-18 00:00:00-04:00,128.14235513194507,128.48150412489835,126.80190031111354,127.39137268066406,627000
2018-05-21 00:00:00-04:00,127.83551423779288,128.82066669704673,126.72115862813085,128.20697021484375,890200
2018-05-22 00:00:00-04:00,128.27964898018428,128.86912144226383,127.63364551632755,128.59457397460938,819100
2018-05-23 00:00:00-04:00,128.92565258101726,131.2754841765657,128.4492298004946,130.40338134765625,1026100
2018-05-24 00:00:00-04:00,130.52448527209162,130.68598303764392,128.75605578379333,129.78158569335938,863400
2018-05-25 00:00:00-04:00,130.11269671173392,131.30779526195118,129.9511865842376,130.6214141845703,462200
2018-05-29 00:00:00-04:00,130.24183518047514,131.0331950581457,129.6039147908099,130.38719177246094,627500
2018-05-30 00:00:00-04:00,129.9592398986093,134.43279094612677,129.70891650806544,133.93214416503906,749500
2018-05-31 00:00:00-04:00,132.60784144850092,133.8433172372797,131.79226971283666,133.67373657226562,1244100
2018-06-01 00:00:00-04:00,133.68986874020624,135.19989172551794,132.68049245131064,134.94149780273438,688200
2018-06-04 00:00:00-04:00,135.44216721204452,136.4676971435547,134.8607653864238,136.4676971435547,735100
2018-06-05 00:00:00-04:00,136.87956720551352,137.03299445340735,134.7154692203644,134.77198791503906,811600
2018-06-06 00:00:00-04:00,134.54583146560847,135.63596289643348,133.65758763446323,135.1999053955078,618700
2018-06-07 00:00:00-04:00,135.35330504979638,135.70860743858765,134.448907930318,134.73960876464844,485400
2018-06-08 00:00:00-04:00,135.2564405234577,136.09623628495396,134.65888524600592,135.5148468017578,384400
2018-06-11 00:00:00-04:00,135.30488912205755,135.75708778927017,133.86753807777896,134.5377655029297,595300
2018-06-12 00:00:00-04:00,134.3681826157887,136.80683946955597,133.6414365300218,136.08009338378906,843500
2018-06-13 00:00:00-04:00,136.4596094844749,137.19442608969428,133.66565037659691,134.49737548828125,782600
2018-06-14 00:00:00-04:00,134.88499114354744,136.9925697077352,134.10979691389798,135.8055419921875,760700
2018-06-15 00:00:00-04:00,135.91861210461602,137.13793451861406,135.58753364521235,136.24160766601562,1194100
2018-06-18 00:00:00-04:00,135.78939706996752,136.45962450664354,134.22284285912113,135.321044921875,640400
2018-06-19 00:00:00-04:00,134.57003761797102,135.9750938030676,134.57003761797102,135.0868377685547,742500
2018-06-20 00:00:00-04:00,135.94283854732046,136.9441321981698,135.15147846143435,136.71803283691406,891200
2018-06-21 00:00:00-04:00,136.94412361256855,137.70317670126357,136.52423186598475,137.20252990722656,905600
2018-06-22 00:00:00-04:00,137.59821785972508,138.42187264333495,135.2322449432327,137.94544982910156,1178900
2018-06-25 00:00:00-04:00,138.23613191079934,139.56850395749345,137.38018261326343,139.075927734375,1203400
2018-06-26 00:00:00-04:00,139.0435973674183,139.8430154613518,138.24416695199753,138.33299255371094,840900
2018-06-27 00:00:00-04:00,138.75291959400266,139.26164924492045,136.96026611328125,136.96026611328125,888900
2018-06-28 00:00:00-04:00,137.04169960745966,139.96596960071687,137.04169960745966,139.6238555908203,989000
2018-06-29 00:00:00-04:00,139.25735679907842,141.29375933958823,138.2880272011214,140.014892578125,1234800
2018-07-02 00:00:00-04:00,139.9823125763404,140.58507976058667,137.668949894192,138.964111328125,755100
2018-07-03 00:00:00-04:00,138.97223704677944,140.73983272608834,138.33688053271314,139.27362060546875,304500
2018-07-05 00:00:00-04:00,139.81122899797614,140.4954571544193,139.20844947203562,140.42214965820312,557900
2018-07-06 00:00:00-04:00,140.984221095215,141.4322321365354,140.28369812948165,140.82945251464844,499700
2018-07-09 00:00:00-04:00,141.07381612241437,141.44036607239457,139.34695084655235,140.0230255126953,893500
2018-07-10 00:00:00-04:00,140.12887516492268,141.75799655257902,139.78676116502004,141.3425750732422,631600
2018-07-11 00:00:00-04:00,141.44851387822268,142.40156119401613,141.23673249094335,141.6765899658203,479900
2018-07-12 00:00:00-04:00,141.8883454844637,142.54813773329832,141.40775760311644,141.9453582763672,458600
2018-07-13 00:00:00-04:00,142.303812554578,142.67851610539375,141.0330993087759,141.20416259765625,438000
2018-07-16 00:00:00-04:00,140.87831241880863,141.37519509054692,139.36322856967334,140.63394165039062,431500
2018-07-17 00:00:00-04:00,140.88645457393002,141.02492843133678,139.30620448590443,139.59129333496094,716600
2018-07-18 00:00:00-04:00,139.5261159871176,140.85385408772547,138.90705424465358,139.51797485351562,750700
2018-07-19 00:00:00-04:00,139.09437309697574,141.61137496936303,139.09437309697574,140.4302520751953,392400
2018-07-20 00:00:00-04:00,139.87642593883467,140.104502040843,138.2635985234285,138.9152374267578,431500
2018-07-23 00:00:00-04:00,138.55684252125823,139.03743056795992,137.94592172077512,138.76048278808594,340200
2018-07-24 00:00:00-04:00,138.74415945780902,139.13514520926108,137.6200614395198,138.9477996826172,704100
2018-07-25 00:00:00-04:00,139.50171961827013,142.00242798394805,139.2247718469226,140.51177978515625,659900
2018-07-26 00:00:00-04:00,140.89456602530274,141.99422794785568,140.43026045780394,140.82125854492188,349000
2018-07-27 00:00:00-04:00,141.2122975204067,141.22859222082485,139.64018830424527,140.29183959960938,426300
2018-07-30 00:00:00-04:00,140.35697319853367,141.02491903834968,139.27360581416661,140.24293518066406,453000
2018-07-31 00:00:00-04:00,140.9760602935216,145.95301543804175,138.23913518469075,144.0550994873047,1323500
2018-08-01 00:00:00-04:00,143.24052356243052,145.36652777595864,140.80498226342567,145.1628875732422,983200
2018-08-02 00:00:00-04:00,145.03260465818184,146.10781883451494,142.24680722000846,145.39915466308594,611900
2018-08-03 00:00:00-04:00,145.54574914448102,146.9223591818275,144.50311209011966,146.68614196777344,825300
2018-08-06 00:00:00-04:00,146.38477269506677,148.2826890159243,145.7901341757511,146.79205322265625,725700
2018-08-07 00:00:00-04:00,146.93863129833494,147.34591172351233,144.41348769055017,145.87969970703125,841900
2018-08-08 00:00:00-04:00,146.2462962845361,146.2462962845361,144.78823736585323,145.2036590576172,319500
2018-08-09 00:00:00-04:00,145.39910340006833,146.00188286907215,144.9022208128492,145.71678161621094,341200
2018-08-10 00:00:00-04:00,145.7167738576289,146.23809224685473,144.30758722302343,144.3401641845703,479200
2018-08-13 00:00:00-04:00,144.39720309772628,145.0162648595124,143.82701299750062,144.7230224609375,466400
2018-08-14 00:00:00-04:00,144.76376672635914,146.0019027966394,144.36462740371786,145.50502014160156,502400
2018-08-15 00:00:00-04:00,145.2036449809182,147.31336749841955,144.9918635872744,146.8653564453125,554600
2018-08-16 00:00:00-04:00,147.01194167704864,147.84279724089598,146.41731572479918,147.69618225097656,392000
2018-08-17 00:00:00-04:00,147.88353380863052,149.34974591375718,147.29704896657987,149.22755432128906,541700
2018-08-20 00:00:00-04:00,149.77326640018276,150.1398286450127,148.80393721430875,149.1216278076172,537400
2018-08-21 00:00:00-04:00,148.78768380552052,148.8528501632572,147.02822943426582,147.45994567871094,384900
2018-08-22 00:00:00-04:00,147.6473117250398,147.81837499154304,146.84090434796136,147.67990112304688,378700
2018-08-23 00:00:00-04:00,147.80207950713464,148.07088610780357,147.31335040254763,147.55770874023438,235200
2018-08-24 00:00:00-04:00,147.31335724244468,149.17055527037644,147.31335724244468,148.90174865722656,318200
2018-08-27 00:00:00-04:00,149.21945007492457,149.27646288879995,147.2156242976893,148.63296508789062,521600
2018-08-28 00:00:00-04:00,148.55962676626515,150.31906893331032,148.2093591022888,150.27835083007812,391700
2018-08-29 00:00:00-04:00,150.66934718924173,150.97073077794232,149.6918764878981,150.09100341796875,382200
2018-08-30 00:00:00-04:00,150.57970483403457,150.57970483403457,148.81210945000706,148.9261474609375,301600
2018-08-31 00:00:00-04:00,149.243875251721,150.07473099553255,148.4293142089452,149.30088806152344,532600
2018-09-04 00:00:00-04:00,148.69806494257054,149.8384450020527,148.16859300628843,148.95057678222656,381600
2018-09-05 00:00:00-04:00,148.42930352245057,150.5227187884725,147.70434474374372,149.79776000976562,543600
2018-09-06 00:00:00-04:00,150.24575786255866,150.80780688099907,149.72443937559612,150.07470703125,570900
2018-09-07 00:00:00-04:00,149.39863116634075,149.73260414856247,148.36413524958252,149.21127319335938,472000
2018-09-10 00:00:00-04:00,150.1805685762554,150.8077838634871,149.66740373143972,150.1154022216797,501100
2018-09-11 00:00:00-04:00,149.12982814512264,150.41683600604458,149.12982814512264,149.81405639648438,527500
2018-09-12 00:00:00-04:00,150.0584340798301,150.53088096917318,148.96692528163138,149.65115356445312,344500
2018-09-13 00:00:00-04:00,150.40862649767044,151.3209429227022,149.74883432717706,151.28021240234375,546400
2018-09-14 00:00:00-04:00,150.88929203830835,151.00333008712838,148.34785313298156,149.30088806152344,619500
2018-09-17 00:00:00-04:00,149.3823225566709,150.57972807082442,149.05650316922234,150.4738311767578,644400
2018-09-18 00:00:00-04:00,150.47382604894247,150.74263262757302,149.21940777787907,149.94436645507812,398700
2018-09-19 00:00:00-04:00,150.13170013044595,150.23759701254912,147.80205572865654,148.33152770996094,479300
2018-09-20 00:00:00-04:00,148.5107843507019,150.09102242961137,147.69622325820146,149.98513793945312,446800
2018-09-21 00:00:00-04:00,150.5878300977638,151.5001465182753,149.47188593488858,150.84849548339844,974800
2018-09-24 00:00:00-04:00,150.46568675751203,150.864826063254,146.67798363695607,147.2074432373047,560900
2018-09-25 00:00:00-04:00,147.43553776533457,147.9649974320327,146.17296575719192,147.54957580566406,580900
2018-09-26 00:00:00-04:00,147.4843784266827,147.70431332579568,145.0325548604929,145.1628875732422,666600
2018-09-27 00:00:00-04:00,146.2470707978326,146.94521133756015,145.30253951005204,145.9760284423828,507000
2018-09-28 00:00:00-04:00,145.80354770604308,148.8506967770811,145.80354770604308,148.7849884033203,874000
2018-10-01 00:00:00-04:00,148.54678382981376,149.18742471041045,147.73365692786155,147.80758666992188,538300
2018-10-02 00:00:00-04:00,148.01295504097376,149.20388964567908,147.676204298254,147.83226013183594,372400
2018-10-03 00:00:00-04:00,148.15255941633814,148.85068734469976,145.3189408075497,146.69879150390625,470300
2018-10-04 00:00:00-04:00,145.9842882380747,146.37852607129452,144.2101991896933,145.55718994140625,545600
2018-10-05 00:00:00-04:00,145.8446436437106,147.03557837073762,145.4257542510522,145.63108825683594,374500
2018-10-08 00:00:00-04:00,145.7049613130558,148.3578848868768,145.7049613130558,147.29014587402344,526800
2018-10-09 00:00:00-04:00,147.2490633698863,148.89173477073965,146.31274117270343,148.76853942871094,556700
2018-10-10 00:00:00-04:00,147.9390004776366,149.17922555810418,146.29632887550397,146.4934539794922,504800
2018-10-11 00:00:00-04:00,146.92054922821373,146.92054922821373,141.92682615160547,142.2471466064453,833800
2018-10-12 00:00:00-04:00,142.99460081053377,144.08696664808244,141.31906837340256,141.91864013671875,559400
2018-10-15 00:00:00-04:00,141.45045457255503,143.88160155829402,141.45045457255503,142.0089569091797,454100
2018-10-16 00:00:00-04:00,142.411446275158,145.2450529236011,141.6311795940784,144.6701202392578,518200
2018-10-17 00:00:00-04:00,144.58793214241052,145.26143343684484,143.56948388802067,144.55508422851562,523400
2018-10-18 00:00:00-04:00,144.55514087462547,145.78714491617058,144.2512505548075,144.80154418945312,321500
2018-10-19 00:00:00-04:00,144.79327562685393,146.51808573601815,144.79327562685393,146.17312622070312,444300
2018-10-22 00:00:00-04:00,145.70497577575597,146.27169952135526,141.72971324232768,141.95968627929688,500500
2018-10-23 00:00:00-04:00,141.23693274517726,143.5695237902488,140.25954097836282,142.6742706298828,494300
2018-10-24 00:00:00-04:00,143.02744399136336,146.9287898127724,142.58392808600692,145.1054229736328,544900
2018-10-25 00:00:00-04:00,145.03148984220397,146.97805184922734,144.06230699589221,145.93495178222656,404400
2018-10-26 00:00:00-04:00,146.04174741421573,146.04174741421573,142.25538807581864,143.64344787597656,735500
2018-10-29 00:00:00-04:00,144.41549076121458,146.80558120427932,144.41549076121458,146.31277465820312,548900
2018-10-30 00:00:00-04:00,147.8650868659251,149.9923436346935,145.54892636743415,146.69879150390625,933400
2018-10-31 00:00:00-04:00,146.78917296666705,146.78917296666705,143.24099538161366,144.04591369628906,906300
2018-11-01 00:00:00-04:00,144.1444473734527,145.17111722653996,143.23276404260756,144.00482177734375,537300
2018-11-02 00:00:00-04:00,144.81795952981793,144.81795952981793,141.27799108702507,142.23895263671875,644000
2018-11-05 00:00:00-05:00,142.88779855889163,146.35383684199275,142.57568692604855,145.43394470214844,787100
2018-11-06 00:00:00-05:00,145.84464392079454,148.440056234061,145.69679691940092,147.9308319091797,727100
2018-11-07 00:00:00-05:00,148.56320437459735,150.04981997585796,148.07039794505116,149.77056884765625,570800
2018-11-08 00:00:00-05:00,149.69668115981995,150.08271004712842,148.17721721831722,149.65562438964844,313400
2018-11-09 00:00:00-05:00,149.58988197271756,150.45227447154855,148.87531135849554,149.9184112548828,359100
2018-11-12 00:00:00-05:00,149.95126252412655,151.89782409361354,149.95126252412655,151.3311004638672,565200
2018-11-13 00:00:00-05:00,152.0128283532091,152.97378971624067,150.80546374854626,152.72738647460938,675600
2018-11-14 00:00:00-05:00,152.82594369625562,153.36801574761134,151.47894108187714,152.37420654296875,446300
2018-11-15 00:00:00-05:00,151.6843044935169,151.75001286791044,149.11353170804568,149.97593688964844,666100
2018-11-16 00:00:00-05:00,150.0169652545296,153.17090396532183,149.45846297681354,152.390625,681700
2018-11-19 00:00:00-05:00,152.3906527486011,154.24687984714734,151.59396847975398,154.205810546875,534700
2018-11-20 00:00:00-05:00,154.21402075406698,154.89573104030967,152.44815362009936,153.2037811279297,576200
2018-11-21 00:00:00-05:00,153.05593546078185,154.90394106049973,152.0456833761379,153.1380615234375,489100
2018-11-23 00:00:00-05:00,152.94091927265177,153.4583522180167,151.31466563696884,152.595947265625,177000
2018-11-26 00:00:00-05:00,153.3105398046382,153.63906910382107,151.6350077940732,153.08877563476562,445400
2018-11-27 00:00:00-05:00,153.02310352684296,154.57542801859165,152.3249754675124,154.41116333007812,453100
2018-11-28 00:00:00-05:00,154.42756622443815,155.09284624134588,153.75406482837494,155.076416015625,581900
2018-11-29 00:00:00-05:00,154.8957135167154,155.133907913894,153.59800146553934,154.4686279296875,492700
2018-11-30 00:00:00-05:00,155.40498574365247,156.58769902331574,154.4275939256747,156.52200317382812,945900
2018-12-03 00:00:00-05:00,157.13800886737613,157.13800886737613,155.13394703068406,156.63699340820312,678800
2018-12-04 00:00:00-05:00,156.54661108116582,156.6369585219631,153.4337413294516,153.85263061523438,738300
2018-12-06 00:00:00-05:00,152.98204512411178,157.51582353922882,151.29009489991705,157.42547607421875,1463900
2018-12-07 00:00:00-05:00,156.85053915787233,157.62259701408973,154.17298827144816,154.9121856689453,789100
2018-12-10 00:00:00-05:00,155.00248099666152,155.00248099666152,150.14838379233288,153.95938110351562,705800
2018-12-11 00:00:00-05:00,154.87930427860815,155.52815407331943,154.34542846679688,154.34542846679688,478900
2018-12-12 00:00:00-05:00,155.24887935812987,155.28172727217932,150.87936736684094,150.98614501953125,670600
2018-12-13 00:00:00-05:00,151.29825391744032,154.3043330369128,151.10933768409296,153.26124572753906,670800
2018-12-14 00:00:00-05:00,153.2940866352838,154.1893394942592,152.7437932485947,153.50762939453125,675500
2018-12-17 00:00:00-05:00,153.8280152831508,154.41937821097684,147.1916313732681,147.73370361328125,856800
2018-12-18 00:00:00-05:00,148.6782217865557,150.33731121033603,148.34147107409495,149.40921020507812,729600
2018-12-19 00:00:00-05:00,149.72952836483975,150.5590730638417,147.8404533982331,148.48109436035156,646200
2018-12-20 00:00:00-05:00,148.982148443561,150.3866386301318,147.09307298609022,148.1608123779297,668300
2018-12-21 00:00:00-05:00,148.4318088011553,152.9820036808173,145.40928649902344,145.40928649902344,1454200
2018-12-24 00:00:00-05:00,145.53245849226894,145.84457003396307,138.17328592491415,138.67430114746094,628800
2018-12-26 00:00:00-05:00,139.10145568916448,142.3292999267578,137.17131121172366,142.3292999267578,678300
2018-12-27 00:00:00-05:00,141.23692193848447,142.46892574539433,138.5347199037447,142.4278564453125,950200
2018-12-28 00:00:00-05:00,143.74491991167253,144.53185724932032,141.08589860196682,143.03253173828125,740700
2018-12-31 00:00:00-05:00,143.42186582356325,144.18395346598868,141.46694095308527,144.17567443847656,589800
2019-01-02 00:00:00-05:00,142.949778818432,144.16745372834274,139.4458145764934,140.158203125,657800
2019-01-03 00:00:00-05:00,140.11675245142817,143.1071253755897,140.11675245142817,140.82086181640625,636500
2019-01-04 00:00:00-05:00,141.29300824813637,142.668072709008,140.9450868190401,141.8148651123047,574900
2019-01-07 00:00:00-05:00,142.0385199674893,143.6206864768912,141.1024715627066,141.41725158691406,544700
2019-01-08 00:00:00-05:00,141.96399279527782,144.4076462762817,141.49182268579523,144.3496551513672,746100
2019-01-09 00:00:00-05:00,144.71412100278832,145.70814794385544,142.83374505144195,145.59217834472656,746700
2019-01-10 00:00:00-05:00,145.40995075220602,147.580257202657,144.7058540699756,147.43943786621094,569300
2019-01-11 00:00:00-05:00,147.45602842163063,148.04416826439393,146.5282713465876,147.9364776611328,499400
2019-01-14 00:00:00-05:00,147.58024370073798,148.4748717325525,146.90927583681167,147.5968017578125,344800
2019-01-15 00:00:00-05:00,147.78735549901737,149.65944005006165,147.78735549901737,148.93048095703125,422000
2019-01-16 00:00:00-05:00,148.93876668668156,151.0759317825912,147.67965902340944,150.89369201660156,633700
2019-01-17 00:00:00-05:00,150.87709738153342,152.21075401756252,150.71142834048223,151.87112426757812,430100
2019-01-18 00:00:00-05:00,152.31017661639862,152.64152738980266,150.7694302793538,152.49241638183594,481700
2019-01-22 00:00:00-05:00,152.40955923709933,152.90656634325146,150.9102209715702,152.44268798828125,453900
2019-01-23 00:00:00-05:00,152.5586636024025,153.2876225545675,152.03679411258096,153.19650268554688,512400
2019-01-24 00:00:00-05:00,153.05570509981368,153.53615423743645,151.58950795911485,153.20480346679688,429100
2019-01-25 00:00:00-05:00,153.7100691188361,154.8532069109912,153.5444000891835,154.61297607421875,572500
2019-01-28 00:00:00-05:00,154.28991368378655,156.5264897744872,153.66864535631115,156.4270782470703,693100
2019-01-29 00:00:00-05:00,156.50165947943,158.02584769466978,155.6898722376562,157.99270629882812,553100
2019-01-30 00:00:00-05:00,157.1643084983696,158.97841394855695,156.91579865154165,158.40684509277344,593300
2019-01-31 00:00:00-05:00,157.87671792606145,160.17127268538886,156.58448171610416,159.80679321289062,890400
2019-02-01 00:00:00-05:00,160.16300004897462,160.5523292610678,156.14545930279527,157.5536651611328,796600
2019-02-04 00:00:00-05:00,157.13946053783346,159.34289515679433,155.75610463067002,159.32632446289062,754400
2019-02-05 00:00:00-05:00,161.52976420973752,161.52976420973752,157.60334385248802,161.11558532714844,692000
2019-02-06 00:00:00-05:00,161.31443791673598,161.31443791673598,160.13817109941658,160.66831970214844,487200
2019-02-07 00:00:00-05:00,160.28725791870053,162.05166433740575,159.61629002418977,161.76173400878906,599200
2019-02-08 00:00:00-05:00,161.090735605372,162.4906622508809,160.26237784019386,161.11558532714844,561500
2019-02-11 00:00:00-05:00,161.28123675012336,162.45750313153113,160.6019900294727,161.5711669921875,495200
2019-02-12 00:00:00-05:00,161.6622949452192,161.6622949452192,159.2848997044389,160.25408935546875,591900
2019-02-13 00:00:00-05:00,159.84823819580467,162.5321225641043,159.5748785494255,162.41615295410156,630500
2019-02-14 00:00:00-05:00,162.28359546404894,163.14508209861197,161.56291551271772,162.12620544433594,553600
2019-02-15 00:00:00-05:00,163.13682034199428,163.13682034199428,161.95226187435117,162.41615295410156,598800
2019-02-19 00:00:00-05:00,161.93566435953957,163.41841920042154,161.93566435953957,162.7308807373047,686400
2019-02-20 00:00:00-05:00,162.54866494800802,162.66463454682759,159.26837478726105,160.78427124023438,512400
2019-02-21 00:00:00-05:00,160.0884438261375,162.43269820902088,159.574865970857,162.28359985351562,414600
2019-02-22 00:00:00-05:00,162.49069267338427,163.47644062086184,160.07188906296923,162.3912811279297,538800
2019-02-25 00:00:00-05:00,162.63152457006962,162.63152457006962,161.0327870877484,161.21502685546875,456700
2019-02-26 00:00:00-05:00,161.75343776875684,161.80313721643407,160.8091103436771,161.47178649902344,405400
2019-02-27 00:00:00-05:00,160.7014496674005,161.19017784676896,159.1110038472548,160.92510986328125,588600
2019-02-28 00:00:00-05:00,160.63517267003027,163.7415149926401,160.14644451147709,161.2233123779297,1148200
2019-03-01 00:00:00-05:00,161.3475522394418,161.4055433600513,159.1524088400844,160.9085235595703,574800
2019-03-04 00:00:00-05:00,161.05760955508129,162.5072357822004,160.171273234592,162.08477783203125,600200
2019-03-05 00:00:00-05:00,161.94396729442812,163.58411237547003,161.57120877233746,162.72262573242188,438100
2019-03-06 00:00:00-05:00,162.65638181122736,163.10368958191236,161.86115254810477,161.9191436767578,427400
2019-03-07 00:00:00-05:00,162.0764947530487,163.658661229212,161.34753582377195,161.94395446777344,769500
2019-03-08 00:00:00-05:00,161.637478920224,163.1865041278892,161.2315790043209,162.72262573242188,633700
2019-03-11 00:00:00-04:00,163.0787791325626,163.81601699253306,162.035052963086,163.5509490966797,363700
2019-03-12 00:00:00-04:00,163.97342524935593,165.0420138978674,163.26103703026058,164.72723388671875,795800
2019-03-13 00:00:00-04:00,164.92604121777916,166.00289623411857,164.92604121777916,165.14968872070312,543900
2019-03-14 00:00:00-04:00,165.09174456953673,165.88696113583822,164.47875512655227,165.72958374023438,462400
2019-03-15 00:00:00-04:00,165.67156693352868,165.8289569444735,164.48702129702792,164.818359375,970500
2019-03-18 00:00:00-04:00,164.95920458422256,165.46450344827747,162.2587621696157,163.35218811035156,492100
2019-03-19 00:00:00-04:00,163.29420966284403,163.58412736671073,162.15107162658367,162.70606994628906,610000
2019-03-20 00:00:00-04:00,162.88002698178119,164.0480020795476,161.1984613624246,162.90487670898438,551200
2019-03-21 00:00:00-04:00,162.20904881687605,165.24082910171907,162.20904881687605,164.57814025878906,562400
2019-03-22 00:00:00-04:00,164.89292626767727,167.17091055782896,164.8266561170133,165.3319549560547,639000
2019-03-25 00:00:00-04:00,165.50589351459743,165.9035017255891,164.51186666724965,164.98402404785156,318900
2019-03-26 00:00:00-04:00,165.52249195305544,166.4585278433253,165.23256161410453,166.3922576904297,444300
2019-03-27 00:00:00-04:00,166.22654516296944,166.86438415803508,165.29878854450007,166.3756561279297,513300
2019-03-28 00:00:00-04:00,166.84309082084857,167.76123789570343,166.02511334987403,167.7028045654297,572900
2019-03-29 00:00:00-04:00,167.93651803070443,168.19526510514723,166.68450619736998,167.54421997070312,737800
2019-04-01 00:00:00-04:00,167.54422345848843,167.652735228529,165.09863307313736,167.5024871826172,666300
2019-04-02 00:00:00-04:00,167.55255329922002,169.25528356947729,165.84146813336397,168.77952575683594,673200
2019-04-03 00:00:00-04:00,169.1217348955436,169.3554427252962,167.3939653872924,168.90472412109375,529400
2019-04-04 00:00:00-04:00,169.28871125835695,169.28871125835695,167.41069337759427,168.37890625,358200
2019-04-05 00:00:00-04:00,168.31210961318882,169.05496941661175,167.8196547096424,168.75448608398438,405000
2019-04-08 00:00:00-04:00,168.73782813964814,168.896418358897,167.33556812282217,168.19528198242188,383300
2019-04-09 00:00:00-04:00,168.3120974449151,168.4623454684276,167.20199163620126,167.43569946289062,464200
2019-04-10 00:00:00-04:00,168.08675274073568,168.9130723340735,167.4190106020318,168.77117919921875,621000
2019-04-11 00:00:00-04:00,169.1634924655683,169.9147072153219,168.22866102885075,169.5641326904297,358600
2019-04-12 00:00:00-04:00,169.3888493629344,170.39045624110747,168.10344346811226,170.3403778076172,375700
2019-04-15 00:00:00-04:00,170.31533510704116,170.71597530289074,169.49735765914596,170.38211059570312,392500
2019-04-16 00:00:00-04:00,170.3403859135229,170.565751611076,164.83152871723988,165.21548461914062,621400
2019-04-17 00:00:00-04:00,165.73293339407655,165.73293339407655,161.1338824078189,161.78492736816406,730500
2019-04-18 00:00:00-04:00,162.1021471289141,164.0302432679678,161.459444170522,163.72140502929688,593400
2019-04-22 00:00:00-04:00,163.21223881473048,163.23729076584058,159.77338410433902,161.63470458984375,462000
2019-04-23 00:00:00-04:00,162.4276671355084,164.27229069757962,161.77662202699827,163.81321716308594,517800
2019-04-24 00:00:00-04:00,164.87324464391352,165.65784067208955,163.0369633838267,165.3990936279297,482000
2019-04-25 00:00:00-04:00,163.72976228678706,167.30216833103398,163.72976228678706,166.89317321777344,580700
2019-04-26 00:00:00-04:00,168.1284864123886,168.15353836581164,166.6260824298808,167.3689422607422,340100
2019-04-29 00:00:00-04:00,166.65113123381494,167.51084504024038,165.0902810942804,165.27391052246094,343400
2019-04-30 00:00:00-04:00,165.6161376569173,167.81133599745638,164.9901316878167,167.71116638183594,621100
2019-05-01 00:00:00-04:00,167.61938137987212,169.85630348938977,166.94328416640937,167.90316772460938,389500
2019-05-02 00:00:00-04:00,168.12850118185236,169.7143905882135,167.0517765349858,168.13685607910156,448000
2019-05-03 00:00:00-04:00,168.34551017446685,168.88804353154657,166.97664443697752,168.73780822753906,317200
2019-05-06 00:00:00-04:00,168.10348966033632,168.96320363448214,166.2505106952912,167.4107208251953,428000
2019-05-07 00:00:00-04:00,166.46747972241033,167.2854571437157,163.29571416274314,164.25558471679688,400500
2019-05-08 00:00:00-04:00,163.7297365222426,165.74130492175433,162.88670721084677,163.97178649902344,473400
2019-05-09 00:00:00-04:00,163.88833208615742,165.87484860125204,163.27901057235613,165.70791625976562,572000
2019-05-10 00:00:00-04:00,165.70792979708935,167.83635234925384,165.17373861901987,167.52752685546875,403600
2019-05-13 00:00:00-04:00,166.2838646212554,167.6777695893364,166.00007833134921,167.46910095214844,406700
2019-05-14 00:00:00-04:00,167.21866638761932,168.2453250705366,166.44242530826887,166.72621154785156,572600
2019-05-15 00:00:00-04:00,166.84309594746725,168.14518621281823,166.20874787197198,167.51918029785156,383000
2019-05-16 00:00:00-04:00,168.42895119264583,169.53072757691638,167.56089537095616,169.23858642578125,488400
2019-05-17 00:00:00-04:00,168.462379679798,169.67265532867697,168.06173942927146,169.55580139160156,470900
2019-05-20 00:00:00-04:00,169.5975222148744,169.5975222148744,166.63442504375752,167.39398193359375,508800
2019-05-21 00:00:00-04:00,167.52751408466634,169.11339044163262,167.4440415454065,168.77952575683594,616400
2019-05-22 00:00:00-04:00,168.97985700301683,169.78949232056672,168.49574424455545,169.6976776123047,466600
2019-05-23 00:00:00-04:00,169.2720139340228,170.31535719947397,168.3204853853763,170.05661010742188,517200
2019-05-24 00:00:00-04:00,170.6074775398326,171.9513041111229,170.48228144839567,171.3419952392578,545000
2019-05-28 00:00:00-04:00,172.11824508926696,172.4354127586798,169.19688415527344,169.19688415527344,1347200
2019-05-29 00:00:00-04:00,169.60585459636906,169.77278694790803,167.15190954676785,168.0283203125,811200
2019-05-30 00:00:00-04:00,168.1034807118605,169.02162798300841,167.6110256919381,168.0951385498047,500300
2019-05-31 00:00:00-04:00,167.86138916977637,170.44888521369083,167.27711956712147,169.447265625,657600
2019-06-03 00:00:00-04:00,169.822877520041,170.57407946739173,168.57086578370846,170.14004516601562,632500
2019-06-04 00:00:00-04:00,170.00646431422285,170.2485270062692,167.16857663837567,168.60421752929688,550400
2019-06-05 00:00:00-04:00,169.4890342135227,173.47043590294456,168.7294772171863,173.41200256347656,461400
2019-06-06 00:00:00-04:00,173.41199019130553,174.37187362231722,172.37700183913904,174.22998046875,326500
2019-06-07 00:00:00-04:00,174.7725450253337,176.05793853373382,174.0881183545592,174.49710083007812,352700
2019-06-10 00:00:00-04:00,174.6556523296292,174.7641640983922,172.90283065266038,174.74746704101562,460300
2019-06-11 00:00:00-04:00,174.99789118745434,175.33175595493486,173.10317615488484,174.7307891845703,528000
2019-06-12 00:00:00-04:00,174.49704016394028,175.75740674672645,172.06813443432077,172.9362030029297,815300
2019-06-13 00:00:00-04:00,172.936225236533,173.27008996823125,171.86784281175085,172.85275268554688,616200
2019-06-14 00:00:00-04:00,172.6190261381481,173.85434079504242,172.48547516547794,173.68740844726562,518700
2019-06-17 00:00:00-04:00,174.30508193195342,175.44023979115133,174.30508193195342,174.9728240966797,672500
2019-06-18 00:00:00-04:00,175.83253438319366,176.74232653750843,172.79431969265494,174.12979125976562,639500
2019-06-19 00:00:00-04:00,173.24503679521453,175.33172304055313,172.8026603300925,174.60556030273438,621000
2019-06-20 00:00:00-04:00,175.36515515721203,176.72566622345485,175.31506397812575,175.67398071289062,772400
2019-06-21 00:00:00-04:00,176.14971091820942,176.14971091820942,172.16832249624272,173.44537353515625,1434400
2019-06-24 00:00:00-04:00,173.84601041911728,174.78919671536477,172.83606136813108,173.72915649414062,488000
2019-06-25 00:00:00-04:00,174.0212876296014,174.6556356519835,170.54903872197755,170.61581420898438,623400
2019-06-26 00:00:00-04:00,170.7660356591729,170.7660356591729,166.98496157476933,168.00326538085938,680500
2019-06-27 00:00:00-04:00,168.80228404338064,170.7198217280368,168.48269015159312,169.41622924804688,482500
2019-06-28 00:00:00-04:00,169.59285490903383,171.4347035454712,169.20599021048835,170.87962341308594,818300
2019-07-01 00:00:00-04:00,171.63652249076208,171.63652249076208,167.59959665600647,170.1479034423828,513000
2019-07-02 00:00:00-04:00,170.6357037656125,173.00740239955118,170.3918119591389,172.88124084472656,672900
2019-07-03 00:00:00-04:00,173.6297673393408,176.08556104338422,173.2849436943292,176.0519256591797,405400
2019-07-05 00:00:00-04:00,174.89131925107606,175.1688593156849,171.83840420645026,174.82403564453125,294700
2019-07-08 00:00:00-04:00,174.9081368181728,176.85931000284103,174.88290707079176,176.7079315185547,509300
2019-07-09 00:00:00-04:00,176.54810249971595,178.14605893084,175.96779274927283,177.8853302001953,582400
2019-07-10 00:00:00-04:00,178.9029922046402,180.06361180493823,177.4732510470904,179.78607177734375,624700
2019-07-11 00:00:00-04:00,179.45805617845286,179.58420489194876,176.7920064246317,177.79281616210938,577300
2019-07-12 00:00:00-04:00,177.87693856691638,178.04514114316245,176.37150818491807,177.0190887451172,410900
2019-07-15 00:00:00-04:00,177.06114246035864,178.75159952482906,176.5312921542114,177.7003173828125,409300
2019-07-16 00:00:00-04:00,177.7003299398094,177.87695099868384,176.52289899076254,177.46484375,446100
2019-07-17 00:00:00-04:00,177.65829393729385,178.4152120212056,175.9594182344949,177.43121337890625,465900
2019-07-18 00:00:00-04:00,177.1284215114301,177.36390767855536,175.23611370436612,176.7751922607422,355600
2019-07-19 00:00:00-04:00,177.0190793817918,177.5068758102275,173.3269772047842,173.9493408203125,562100
2019-07-22 00:00:00-04:00,174.15963986016615,174.31943682981685,172.1748182804178,172.5364532470703,411600
2019-07-23 00:00:00-04:00,172.93168088898793,174.46235365078834,171.62810146694417,173.95773315429688,488900
2019-07-24 00:00:00-04:00,174.35303590034175,174.35303590034175,172.95693015772,173.96617126464844,333200
2019-07-25 00:00:00-04:00,173.96617126464844,174.27734666723225,172.72986245839147,173.96617126464844,372400
2019-07-26 00:00:00-04:00,174.07551638596573,175.35387919444608,173.65500348621885,175.25296020507812,527900
2019-07-29 00:00:00-04:00,175.90051282015415,178.129238533727,175.20247281080267,176.98544311523438,456900
2019-07-30 00:00:00-04:00,176.5312937431603,179.28985708199878,176.5312937431603,177.33868408203125,767100
2019-07-31 00:00:00-04:00,177.33867713726355,179.60944392892603,174.6726272454819,175.59774780273438,912600
2019-08-01 00:00:00-04:00,171.35061369225497,172.06547797491828,167.67532194995533,170.8459930419922,1511400
2019-08-02 00:00:00-04:00,171.25810781561594,174.47923854678814,170.93010822852725,173.0494842529297,857300
2019-08-05 00:00:00-04:00,172.35983065772783,174.0839361258627,166.39696077578702,168.72659301757812,716000
2019-08-06 00:00:00-04:00,168.72658983321975,171.2917210585665,167.75941530822047,170.80392456054688,689900
2019-08-07 00:00:00-04:00,170.33293632567245,173.3774452947713,168.44062847477278,171.79632568359375,604300
2019-08-08 00:00:00-04:00,171.54399600318217,173.79793849527113,170.4506601352593,173.68861389160156,548400
2019-08-09 00:00:00-04:00,173.32700345236813,174.49602879706939,171.27489845406427,173.2597198486328,847000
2019-08-12 00:00:00-04:00,173.14195675845022,174.57171071492695,172.317755165671,172.88124084472656,452400
2019-08-13 00:00:00-04:00,172.79712723808723,172.79712723808723,170.33291553101938,171.7374267578125,911700
2019-08-14 00:00:00-04:00,171.57765438177913,172.26730163952962,169.22279260661696,169.54237365722656,552000
2019-08-15 00:00:00-04:00,170.05539203343005,172.3009290868493,169.7862704856777,171.92247009277344,607600
2019-08-16 00:00:00-04:00,172.51119019614234,173.96617391985666,171.42627267257927,173.11672973632812,544600
2019-08-19 00:00:00-04:00,174.0166452009874,175.3370489870914,172.63736345110965,174.68946838378906,374100
2019-08-20 00:00:00-04:00,175.1520249682996,175.8837261260595,173.39428416155116,173.70545959472656,634600
2019-08-21 00:00:00-04:00,174.16798336084582,175.55568326032343,173.5119844385589,174.89126586914062,422000
2019-08-22 00:00:00-04:00,175.14358116202894,176.0434847136893,174.05866378479834,175.67343139648438,347700
2019-08-23 00:00:00-04:00,175.46319879779134,176.6069942820184,172.8391898439563,173.3858642578125,602700
2019-08-26 00:00:00-04:00,174.23528509401424,175.64821488127694,173.31857020111295,175.5304718017578,381900
2019-08-27 00:00:00-04:00,176.4976656883549,177.33869144445438,174.97541112310043,175.00064086914062,670500
2019-08-28 00:00:00-04:00,175.08471062222625,176.36307318131637,175.00061575850376,176.15281677246094,382400
2019-08-29 00:00:00-04:00,177.09477080435542,178.4824579428973,176.36306978914982,178.27220153808594,560900
2019-08-30 00:00:00-04:00,179.2394049871964,179.25622909556375,177.54054220009783,178.7684326171875,502100
2019-09-03 00:00:00-04:00,178.23016679066066,180.45889262032318,178.23016679066066,180.05519104003906,505200
2019-09-04 00:00:00-04:00,181.21583271463507,182.33439858441335,180.61029310343125,181.796142578125,720100
2019-09-05 00:00:00-04:00,181.23264395751988,181.86341327165613,179.8701735125221,180.57664489746094,594900
2019-09-06 00:00:00-04:00,180.77844041736358,182.1324920737609,180.6859270930247,181.45126342773438,694500
2019-09-09 00:00:00-04:00,181.26628850223815,181.26628850223815,179.21418350991635,179.87860107421875,601200
2019-09-10 00:00:00-04:00,179.13847374660932,179.13847374660932,175.1099662980913,176.82565307617188,698200
2019-09-11 00:00:00-04:00,176.3967526978105,176.52290143229789,174.09233742790602,176.3799285888672,679800
2019-09-12 00:00:00-04:00,178.1460640076567,179.13846814078724,175.35385261668608,176.22010803222656,776800
2019-09-13 00:00:00-04:00,175.4799882448955,176.27897284014577,172.8139386034139,174.184814453125,733300
2019-09-16 00:00:00-04:00,175.13520281622925,176.93499736696936,173.81478625890716,176.5312957763672,561000
2019-09-17 00:00:00-04:00,177.06953429493944,178.7515855910492,176.97702096033208,177.8853302001953,470200
2019-09-18 00:00:00-04:00,178.3226720784036,178.60021208992666,176.62379662894432,177.71713256835938,359700
2019-09-19 00:00:00-04:00,178.15451199715102,178.6591198205049,176.78363571928537,177.25460815429688,347000
2019-09-20 00:00:00-04:00,177.45646719834733,177.6667236760705,175.81646923871406,175.8248748779297,993300
2019-09-23 00:00:00-04:00,174.93333843796523,177.7339554442678,174.93333843796523,176.98544311523438,465600
2019-09-24 00:00:00-04:00,177.45640275754053,178.9113734617822,176.85086329494803,177.767578125,554200
2019-09-25 00:00:00-04:00,177.77600441757036,179.7860551898167,177.73395056883894,178.9197998046875,1531900
2019-09-26 00:00:00-04:00,179.81130952880628,181.77090108384024,179.37397254163542,181.30833435058594,963300
2019-09-27 00:00:00-04:00,181.57933052148505,182.36703200302273,180.25801647235326,181.4861602783203,689600
2019-09-30 00:00:00-04:00,181.24055070618786,183.2310003223585,181.13044980182997,182.38400268554688,907700
2019-10-01 00:00:00-04:00,181.8758120248312,182.51106029816373,179.6651475166676,181.25750732421875,724400
2019-10-02 00:00:00-04:00,181.01185575376783,182.2399996412463,179.6735980468347,182.10447692871094,887500
2019-10-03 00:00:00-04:00,181.74879507401,185.01820719969677,181.74879507401,184.6201171875,876900
2019-10-04 00:00:00-04:00,184.80642662005135,185.63648073106887,184.00178140560465,185.49249267578125,656900
2019-10-07 00:00:00-04:00,185.4670746543192,185.9329259421294,184.13728215312986,185.66188049316406,514300
2019-10-08 00:00:00-04:00,184.68783927352652,185.84822191268006,182.54493626332987,184.4167938232422,831300
2019-10-09 00:00:00-04:00,184.70477901749098,186.09385461101573,184.31515442182123,185.28073120117188,599700
2019-10-10 00:00:00-04:00,185.15367185651826,186.00066941684238,183.40884602595858,185.22142028808594,466300
2019-10-11 00:00:00-04:00,185.46708425919348,185.55178919742139,183.53593056986003,184.7132568359375,410900
2019-10-14 00:00:00-04:00,184.65396079434618,184.7979488500064,183.6291008322471,184.7132568359375,371200
2019-10-15 00:00:00-04:00,184.81488705095654,185.2976819213373,182.61270088678515,184.11187744140625,658600
2019-10-16 00:00:00-04:00,184.2304731462558,185.77201523139402,182.8583409478676,185.67037963867188,585600
2019-10-17 00:00:00-04:00,185.441662548389,186.4411135447886,185.2383784651845,185.56024169921875,516700
2019-10-18 00:00:00-04:00,185.77201499376977,186.67829585075592,184.84879056329837,186.48348999023438,573300
2019-10-21 00:00:00-04:00,186.53428861811688,188.06735229492188,185.56871181523556,188.06735229492188,762200
2019-10-22 00:00:00-04:00,188.47391100713952,188.7703524149041,187.04248298436528,187.8894805908203,765000
2019-10-23 00:00:00-04:00,188.13514735353823,188.15209092831705,185.66191532642262,187.6354217529297,554200
2019-10-24 00:00:00-04:00,187.4236422706814,188.09277766353676,185.89904388890324,186.5427703857422,406500
2019-10-25 00:00:00-04:00,186.11923240122886,187.04245656003897,185.36540515494676,185.8397216796875,522200
2019-10-28 00:00:00-04:00,185.8482218792843,185.8482218792843,183.28182004659834,183.79002380371094,1122400
2019-10-29 00:00:00-04:00,183.54439166866186,183.54439166866186,181.30831834700697,182.3670654296875,1830500
2019-10-30 00:00:00-04:00,183.04464600375323,185.54328625907735,181.91813768085203,185.47552490234375,985000
2019-10-31 00:00:00-04:00,185.65338807904826,186.81377054323298,184.02715439502998,184.35748291015625,838400
2019-11-01 00:00:00-04:00,184.63704886574732,185.8397841504026,181.69796556464956,184.00180053710938,916700
2019-11-04 00:00:00-05:00,183.50203946813363,183.50203946813363,180.3850942557728,181.46078491210938,766600
2019-11-05 00:00:00-05:00,180.77470201426055,180.77470201426055,176.67523649508485,178.42852783203125,1132600
2019-11-06 00:00:00-05:00,178.95366482251134,180.46979787357216,178.94519949859654,179.8091278076172,597200
2019-11-07 00:00:00-05:00,179.21625523503147,179.21625523503147,175.59110580967211,177.14111328125,667500
2019-11-08 00:00:00-05:00,177.1918907192616,178.6910800509714,176.70063057316017,177.74244689941406,449800
2019-11-11 00:00:00-05:00,177.42906436049068,178.93671914574395,177.42906436049068,178.27606201171875,358900
2019-11-12 00:00:00-05:00,178.3946508023771,179.97006703572785,176.7091336568471,177.01405334472656,559600
2019-11-13 00:00:00-05:00,177.5900134590938,180.03783639507193,176.8023117695284,179.21624755859375,474500
2019-11-14 00:00:00-05:00,179.66513947572943,180.53754603146206,179.16541395820468,180.08863830566406,471500
2019-11-15 00:00:00-05:00,180.1140307896691,181.70639038085938,179.66512310477526,181.70639038085938,530900
2019-11-18 00:00:00-05:00,182.20613351375513,183.64603988322398,181.93510098158507,182.33319091796875,335400
2019-11-19 00:00:00-05:00,183.4597077519182,184.3151707797752,182.27390321249575,183.8493194580078,421600
2019-11-20 00:00:00-05:00,184.28976218411208,184.83184019828485,182.92609536224876,183.2564239501953,432200
2019-11-21 00:00:00-05:00,182.8329149851019,182.8329149851019,179.92770629740468,180.14793395996094,349500
2019-11-22 00:00:00-05:00,180.29191687008682,181.02880067585397,178.31841083218808,178.9536590576172,397100
2019-11-25 00:00:00-05:00,179.6566622814966,181.21513477088604,179.1315279028053,179.69053649902344,583600
2019-11-26 00:00:00-05:00,179.99547206998866,182.6211700439453,179.69903063690253,182.6211700439453,1026300
2019-11-27 00:00:00-05:00,182.62116975269478,182.63811332500833,181.25750297502844,182.58729553222656,556300
2019-11-29 00:00:00-05:00,182.33317001208053,183.97634736123447,181.17277455593938,181.60475158691406,292500
2019-12-02 00:00:00-05:00,181.61327462025426,182.05371711416635,178.68266934238403,178.8859405517578,578300
2019-12-03 00:00:00-05:00,178.67415302522824,181.07115794363838,178.293006664696,180.83399963378906,766900
2019-12-04 00:00:00-05:00,180.19871381352644,182.84982006082546,180.19871381352644,182.37550354003906,618200
2019-12-05 00:00:00-05:00,181.80803412579928,183.0107821205331,180.8932880686409,182.87525939941406,699600
2019-12-06 00:00:00-05:00,182.9176241143062,183.51898522778504,181.95204727895015,182.9006805419922,468700
2019-12-09 00:00:00-05:00,183.0870088046033,183.0870088046033,181.24054727079113,182.87525939941406,370400
2019-12-10 00:00:00-05:00,182.87530282700155,183.66300459776593,180.68158157009393,182.34169006347656,388900
2019-12-11 00:00:00-05:00,182.58731010078648,182.9345693538893,179.19084087173388,179.62281799316406,406700
2019-12-12 00:00:00-05:00,179.3263626853195,180.24112179612564,176.28564389816793,177.15805053710938,763300
2019-12-13 00:00:00-05:00,177.30202078220975,178.57251726549913,174.72714067188113,176.71759033203125,599100
2019-12-16 00:00:00-05:00,176.7937985389368,177.835614851727,175.36237058285957,177.33587646484375,723200
2019-12-17 00:00:00-05:00,177.4968061470109,177.86948714031286,174.73559876124352,175.02357482910156,561900
2019-12-18 00:00:00-05:00,175.83672210960376,176.361856531208,174.5492820276952,175.7266082763672,669100
2019-12-19 00:00:00-05:00,175.88753038696387,176.8700507364301,175.45555332557956,175.95529174804688,798200
2019-12-20 00:00:00-05:00,176.21784710128057,177.361286066792,175.88751856580075,176.1839599609375,1481400
2019-12-23 00:00:00-05:00,176.9886645592236,177.09030015867936,175.0405670499707,175.40476989746094,413000
2019-12-24 00:00:00-05:00,175.76894213128975,176.35337253171875,175.10828505015022,176.1246795654297,112700
2019-12-26 00:00:00-05:00,176.5905365048319,176.92933037944357,175.40473209537538,176.44654846191406,275600
2019-12-27 00:00:00-05:00,177.28506806089922,177.75091933222842,176.11620722086553,176.88697814941406,356700
2019-12-30 00:00:00-05:00,176.32387239253487,178.07295044390978,176.19588345087496,177.1429443359375,492200
2019-12-31 00:00:00-05:00,177.01499882982563,178.94324350437697,176.77610172037382,178.9176483154297,576000
2020-01-02 00:00:00-05:00,179.5660857474309,179.95002658187167,175.82050472640339,176.81875610351562,817400
2020-01-03 00:00:00-05:00,176.0849679990823,178.80670200684614,176.0252372250097,178.5166015625,672100
2020-01-06 00:00:00-05:00,178.3715749941344,179.062671052467,177.67195154679175,178.81524658203125,602000
2020-01-07 00:00:00-05:00,177.6292880465855,177.9620384818104,174.7198470761565,174.92462158203125,850500
2020-01-08 00:00:00-05:00,175.15500977876323,176.46895697817303,174.53217177897164,175.64987182617188,872300
2020-01-09 00:00:00-05:00,175.31707257410966,176.5115708794578,174.83075107138728,176.0593719482422,738800
2020-01-10 00:00:00-05:00,176.42623460528802,178.20943504251426,175.98256308816576,177.85108947753906,736100
2020-01-13 00:00:00-05:00,177.66342761245744,180.05241166714447,177.66342761245744,180.04388427734375,490200
2020-01-14 00:00:00-05:00,179.3527794304461,179.3527794304461,177.3221411299037,178.75552368164062,550600
2020-01-15 00:00:00-05:00,180.5387258801219,181.26394449869616,179.62578753690488,180.794677734375,796600
2020-01-16 00:00:00-05:00,181.0506338394659,183.38842714010374,180.31687484867547,183.34576416015625,545200
2020-01-17 00:00:00-05:00,183.661445297104,185.0180551425812,183.14952859860193,184.35255432128906,1213300
2020-01-21 00:00:00-05:00,184.6512019637419,187.2022975781127,184.54028080083833,187.1084442138672,730100
2020-01-22 00:00:00-05:00,187.57768440025845,188.30290300380105,184.13071862006697,184.83888244628906,718900
2020-01-23 00:00:00-05:00,185.02662565647705,186.60506513731252,184.30139389092204,186.4173583984375,554300
2020-01-24 00:00:00-05:00,186.70739893520886,187.1937204407593,185.7091477216875,187.13400268554688,566900
2020-01-27 00:00:00-05:00,186.3746561064041,187.21079584575807,185.26548370665728,186.73300170898438,786500
2020-01-28 00:00:00-05:00,186.55384238436434,188.45650476566684,186.03338521128177,187.0828399658203,516200
2020-01-29 00:00:00-05:00,187.73124861403357,187.73124861403357,184.54878822617394,184.82180786132812,734400
2020-01-30 00:00:00-05:00,184.28429690708,186.29786717476853,183.7467720034992,186.0077667236328,536500
2020-01-31 00:00:00-05:00,185.94805545759237,186.9633745247231,184.32695330187542,184.8815460205078,609600
2020-02-03 00:00:00-05:00,185.4190709428509,186.66474667477382,184.37815669074325,184.8815460205078,499900
2020-02-04 00:00:00-05:00,185.09483297146815,187.42408574880295,184.45492736085538,186.6562042236328,655700
2020-02-05 00:00:00-05:00,186.53674863143658,187.50940460196918,185.529957072373,185.66647338867188,464500
2020-02-06 00:00:00-05:00,185.66648460212076,187.0828121767085,184.01978735722943,186.96336364746094,569000
2020-02-07 00:00:00-05:00,187.5009174893273,187.8080727788472,186.04193962829498,186.99752807617188,471500
2020-02-10 00:00:00-05:00,188.55034318695994,189.1987762451172,186.94630880967486,189.1987762451172,884700
2020-02-11 00:00:00-05:00,188.98550257608446,191.04173622526704,188.8745814107767,190.16293334960938,814700
2020-02-12 00:00:00-05:00,190.11173419151345,192.1594273371554,189.6851303679284,191.45126342773438,851500
2020-02-13 00:00:00-05:00,191.11848555755154,193.09793326419043,191.11848555755154,192.47508239746094,730500
2020-02-14 00:00:00-05:00,192.978474674853,194.53984603149348,192.54334351732913,194.13031005859375,456900
2020-02-18 00:00:00-05:00,194.58253930310065,194.71905565495686,192.67136245277706,194.59107971191406,443500
2020-02-19 00:00:00-05:00,194.99207758763748,195.72583671367866,192.60310649719275,192.654296875,692400
2020-02-20 00:00:00-05:00,192.40684658489963,193.84024216293236,191.98878318128126,193.8061065673828,779200
2020-02-21 00:00:00-05:00,193.63546249650565,195.43573105586816,193.58427212345794,194.54840087890625,811800
2020-02-24 00:00:00-05:00,193.31979329557282,195.46133983680883,191.5451197993049,192.645751953125,726700
2020-02-25 00:00:00-05:00,193.40510155346067,194.02795250417458,188.541820610065,188.90870666503906,855900
2020-02-26 00:00:00-05:00,189.33531265130208,190.45301258927535,187.91045743870964,188.74659729003906,907500
2020-02-27 00:00:00-05:00,186.70743931934916,187.57771480357187,177.04912207355903,177.18563842773438,1120900
2020-02-28 00:00:00-05:00,174.19938201885006,174.33589834989857,166.86180498033,171.1448974609375,1702900
2020-03-02 00:00:00-05:00,172.1431391535695,178.8920135498047,170.4793871454928,178.8920135498047,1275700
2020-03-03 00:00:00-05:00,178.8920441192106,184.77918464006626,176.93820435408847,178.09002685546875,1099200
2020-03-04 00:00:00-05:00,180.63257286327908,186.0248377116619,179.87321867830556,185.76034545898438,990200
2020-03-05 00:00:00-05:00,183.22631684760324,184.6938348389551,179.79641893582374,181.99769592285156,801400
2020-03-06 00:00:00-05:00,177.86819266259423,179.26745263139765,173.08169741840373,178.37158203125,919000
2020-03-09 00:00:00-04:00,171.0595684705518,173.72157158169702,168.22691345214844,168.22691345214844,1306000
2020-03-10 00:00:00-04:00,171.86158237983562,178.3203694754656,167.22014446430407,178.18385314941406,1354400
2020-03-11 00:00:00-04:00,173.3888278077889,173.4144229910716,166.37546117224582,167.10069274902344,1101600
2020-03-12 00:00:00-04:00,155.4970933423197,167.78327822599852,152.82654924671138,155.2667236328125,1766900
2020-03-13 00:00:00-04:00,162.024167586129,165.46259422422898,152.85218308095662,164.80563354492188,1343500
2020-03-16 00:00:00-04:00,150.02802020749013,152.08425363361172,139.47384643554688,139.47384643554688,1463000
2020-03-17 00:00:00-04:00,142.69896649620586,155.6421238083603,138.2708171120417,154.9339599609375,1992200
2020-03-18 00:00:00-04:00,144.84052389317515,150.80444996767372,125.48125352911205,131.29159545898438,1562900
2020-03-19 00:00:00-04:00,130.95882065813876,132.7334937769942,123.97957670903841,125.05462646484375,1292700
2020-03-20 00:00:00-04:00,126.03582651397686,128.79168339045205,109.70543372615671,112.29917907714844,1569000
2020-03-23 00:00:00-04:00,112.29916731498408,112.29916731498408,100.82352900993877,103.30636596679688,2070100
2020-03-24 00:00:00-04:00,107.66626899619283,110.353867725361,104.94453467247385,108.74983978271484,2236300
2020-03-25 00:00:00-04:00,107.14581708266306,127.35830817411535,105.54178255207486,120.11457061767578,1937900
2020-03-26 00:00:00-04:00,120.01218958803598,129.61930291330498,118.03274161710736,128.8855438232422,1761900
2020-03-27 00:00:00-04:00,124.57682820008394,140.71951329092033,124.2952681496787,136.7435760498047,1374300
2020-03-30 00:00:00-04:00,138.0793175077485,139.29439800789748,124.24811532040985,131.0732421875,2100300
2020-03-31 00:00:00-04:00,129.6340675792276,131.193858414248,123.02439457931867,126.82474517822266,2165100
2020-04-01 00:00:00-04:00,120.34434442532111,121.03375256717477,112.70917785416421,118.93968963623047,2248000
2020-04-02 00:00:00-04:00,116.34579899257886,122.44703966673703,113.69158605640605,116.63018035888672,1555300
2020-04-03 00:00:00-04:00,115.1824221239696,118.97414695145757,112.26106696909781,113.94149017333984,1147600
2020-04-06 00:00:00-04:00,120.40467850849123,126.05780182768807,119.99965170214324,125.01508331298828,1175800
2020-04-07 00:00:00-04:00,132.12456296389558,133.03802309617848,125.76479337589222,126.97987365722656,998700
2020-04-08 00:00:00-04:00,128.4104002208106,139.23407871295797,126.31633711408124,138.51019287109375,1195500
2020-04-09 00:00:00-04:00,140.29403836348482,149.00640191935395,140.29403836348482,144.22364807128906,1751300
2020-04-13 00:00:00-04:00,142.79310724380434,143.4911281875683,137.03657780440668,139.09617614746094,758400
2020-04-14 00:00:00-04:00,142.9741063916106,145.25775717173295,139.90625358911862,143.93927001953125,1021400
2020-04-15 00:00:00-04:00,138.94107163935948,141.95722101369515,136.44198170322846,138.8118133544922,907500
2020-04-16 00:00:00-04:00,139.42365597163638,142.12957236214663,137.02797261981885,138.95831298828125,865900
2020-04-17 00:00:00-04:00,142.07785714975032,147.4379861670296,141.75901130173227,146.81752014160156,1232800
2020-04-20 00:00:00-04:00,143.2843308325151,144.51663695135633,138.15687964301878,138.3206024169922,1299800
2020-04-21 00:00:00-04:00,137.88105993285942,139.2426369776199,135.84731377287522,136.37298583984375,2160700
2020-04-22 00:00:00-04:00,138.74283555733246,139.71662488425815,136.94176712116234,137.74319458007812,1551800
2020-04-23 00:00:00-04:00,137.42436147124081,137.86385271673703,133.27068727705344,135.68360900878906,1567200
2020-04-24 00:00:00-04:00,136.20929312658822,137.86386479200556,134.03766206288,136.4850616455078,1001600
2020-04-27 00:00:00-04:00,138.38952054211964,139.74248502185657,137.17444030541932,138.52740478515625,1495200
2020-04-28 00:00:00-04:00,142.0692729709142,143.8013999708202,139.6994409969752,140.00967407226562,578500
2020-04-29 00:00:00-04:00,143.32739806272815,144.74929153067083,140.1561261839098,142.8878936767578,821100
2020-04-30 00:00:00-04:00,140.8972630254766,141.53496790994532,139.17374910467566,140.4232940673828,1075100
2020-05-01 00:00:00-04:00,137.1227314491922,139.1651039120464,135.5629538174247,136.5367431640625,979500
2020-05-04 00:00:00-04:00,134.78739665257072,136.79529175934428,133.85669764496538,136.29547119140625,1210300
2020-05-05 00:00:00-04:00,138.13965520943657,139.46675525635638,136.70052254027493,137.31236267089844,774300
2020-05-06 00:00:00-04:00,137.4157659716686,139.27715094868535,135.089011739005,135.1234893798828,1067300
2020-05-07 00:00:00-04:00,137.55363742712598,140.74214859847552,133.675731228923,138.26028442382812,1158100
2020-05-08 00:00:00-04:00,140.8197169251368,141.57805415648693,138.63084674419656,141.29368591308594,1371700
2020-05-11 00:00:00-04:00,140.1216723804052,140.40604057618188,135.39062242835277,135.50265502929688,1024100
2020-05-12 00:00:00-04:00,135.98522269484823,136.459191554352,130.12527395317656,130.55615234375,1859900
2020-05-13 00:00:00-04:00,129.74610827252263,131.2541827488692,128.64306056462985,130.17698669433594,1790300
2020-05-14 00:00:00-04:00,127.98815920411126,130.86642456054688,125.08402903906808,130.86642456054688,1666500
2020-05-15 00:00:00-04:00,129.45312242462526,133.2276218501854,125.70447465408681,129.56515502929688,1980900
2020-05-18 00:00:00-04:00,135.1062439465559,138.30336778907304,132.71917368324415,136.57122802734375,1040300
2020-05-19 00:00:00-04:00,135.5026511416859,137.09689341649423,133.05525170655957,133.27069091796875,1174500
2020-05-20 00:00:00-04:00,134.84773445804984,134.84773445804984,131.0560088396311,134.28759765625,1448000
2020-05-21 00:00:00-04:00,133.71019278129586,136.15757902050012,132.47787367780725,132.86566162109375,820300
2020-05-22 00:00:00-04:00,132.89154936909173,133.32242785811115,131.8229659825511,132.4261932373047,1015700
2020-05-26 00:00:00-04:00,136.87284336252017,140.08719276170592,135.6750018556258,138.2344207763672,983600
2020-05-27 00:00:00-04:00,142.18990471178748,142.18990471178748,135.6405462653154,136.9331817626953,1015300
2020-05-28 00:00:00-04:00,138.69117078341827,138.69117078341827,135.0028519525024,137.0452117919922,1226500
2020-05-29 00:00:00-04:00,135.4768067781833,136.89870039024862,132.90014893730958,134.44268798828125,3918100
2020-06-01 00:00:00-04:00,134.42546519070825,139.4322707363691,133.77914750789074,138.2430419921875,1047500
2020-06-02 00:00:00-04:00,139.38919925333136,139.5529351925202,135.29585337108514,136.8211669921875,1483800
2020-06-03 00:00:00-04:00,138.37230823377584,140.46637113594716,137.88971333655263,139.6046142578125,1294400
2020-06-04 00:00:00-04:00,138.85488170047256,139.47534766767487,135.95075225278887,136.9073028564453,1431600
2020-06-05 00:00:00-04:00,142.18986107424558,149.95428451186206,142.18124824067888,148.8167724609375,2109900
2020-06-08 00:00:00-04:00,151.22108846936592,153.4961260290941,148.73061169697644,153.4530487060547,1378800
2020-06-09 00:00:00-04:00,150.80748439131517,151.2642145778079,148.5669107920394,150.13531494140625,917200
2020-06-10 00:00:00-04:00,149.07534451809593,150.81608414798052,146.36942813024456,147.6620635986328,802900
2020-06-11 00:00:00-04:00,141.10407856191733,143.93925295754812,139.36332595415809,139.49258422851562,1187400
2020-06-12 00:00:00-04:00,143.4308142199828,143.4308142199828,137.6053294170733,141.11268615722656,1562800
2020-06-15 00:00:00-04:00,136.05419194340044,140.25094409658828,136.05419194340044,138.4929656982422,1600500
2020-06-16 00:00:00-04:00,144.03406374951913,146.99850991891822,142.61216996622127,144.1977996826172,1116600
2020-06-17 00:00:00-04:00,145.0681556548178,145.67138286436145,138.9755411143764,140.24232482910156,1214400
2020-06-18 00:00:00-04:00,138.57053533875578,139.39781473755025,136.73498862679156,138.1482696533203,1376400
2020-06-19 00:00:00-04:00,141.0696152205389,141.42293873874928,133.64988708496094,133.64988708496094,3239600
2020-06-22 00:00:00-04:00,133.97731755506783,135.8473280490022,131.27140199549666,134.6322479248047,1447700
2020-06-23 00:00:00-04:00,135.7783998289798,136.49365955366858,133.05524517460523,133.83944702148438,1127200
2020-06-24 00:00:00-04:00,132.2452363336613,132.8398376241626,128.55690423920612,130.61651611328125,998800
2020-06-25 00:00:00-04:00,129.84095234266013,132.27111389465853,129.2204861229742,132.16769409179688,869000
2020-06-26 00:00:00-04:00,131.59027101630994,133.08973269929174,129.37556270485996,130.4527587890625,1183100
2020-06-29 00:00:00-04:00,131.82877385163422,133.24835205078125,129.73860893896446,133.24835205078125,680100
2020-06-30 00:00:00-04:00,133.00448606960862,135.31237680737874,132.34260368361151,134.67662048339844,1405000
2020-07-01 00:00:00-04:00,135.01629491651732,139.135668606331,134.6418124396912,138.517333984375,690000
2020-07-02 00:00:00-04:00,140.71197834057133,141.5654606165894,136.98449665880122,139.2749786376953,947300
2020-07-06 00:00:00-04:00,142.14901280278693,142.5670431808591,137.87286914265326,138.90054321289062,1240400
2020-07-07 00:00:00-04:00,136.69715316762694,137.8119096769516,134.6156922943939,134.74632263183594,1060300
2020-07-08 00:00:00-04:00,134.74631077432431,135.65204537509237,133.19610222468168,133.50962829589844,841800
2020-07-09 00:00:00-04:00,132.7693493789989,133.64025362325464,130.53983663993526,132.0639190673828,1307600
2020-07-10 00:00:00-04:00,132.04652017933108,134.03218113774608,131.56753339301372,133.02194213867188,504600
2020-07-13 00:00:00-04:00,133.1961464767439,134.38928147993732,131.20176757839607,132.49942016601562,624500
2020-07-14 00:00:00-04:00,132.2555147300394,135.3298055483979,131.82876688031934,134.4676055908203,523200
2020-07-15 00:00:00-04:00,135.92206513836467,136.0352736814201,132.83905591524297,134.58956909179688,869700
2020-07-16 00:00:00-04:00,133.04804374090276,135.33851284314306,133.04804374090276,134.4414825439453,768000
2020-07-17 00:00:00-04:00,134.8072766060497,135.02500269050796,133.07418547868699,134.02346801757812,893000
2020-07-20 00:00:00-04:00,131.75041325851706,133.32674805667855,128.94610009786263,130.25245666503906,908300
2020-07-21 00:00:00-04:00,131.088520285765,131.6807288370747,128.30162915530295,128.4409637451172,931400
2020-07-22 00:00:00-04:00,127.70940856041187,131.25399551060258,126.78625211028272,130.9927215576172,2345300
2020-07-23 00:00:00-04:00,131.11466903256678,132.27297355834943,127.77910335808308,129.0244903564453,826200
2020-07-24 00:00:00-04:00,129.4773269556681,130.0521269220592,127.70068821921079,127.89228820800781,725600
2020-07-27 00:00:00-04:00,127.15204003055109,127.37847038631085,124.80930511197596,126.90818786621094,851400
2020-07-28 00:00:00-04:00,126.97784834719646,131.36720012883035,125.88921798291827,130.84466552734375,872800
2020-07-29 00:00:00-04:00,131.8636208400147,132.15972510725092,127.73552974951438,132.0116729736328,1258000
2020-07-30 00:00:00-04:00,130.41794676842153,131.68075561523438,126.8733591319805,131.68075561523438,1312000
2020-07-31 00:00:00-04:00,131.61106599138284,133.45739231821142,127.99681812067259,133.35287475585938,1412200
2020-08-03 00:00:00-04:00,131.77649791264648,131.94197181871584,130.06953330980264,130.57464599609375,951100
2020-08-04 00:00:00-04:00,130.3656524941569,132.58646087335794,129.6079700887252,132.1161651611328,1087000
2020-08-05 00:00:00-04:00,132.37747655830125,133.47481138259246,130.55728944497196,131.4456024169922,727300
2020-08-06 00:00:00-04:00,130.4179338021037,132.2468383563095,130.4179338021037,131.48043823242188,584400
2020-08-07 00:00:00-04:00,130.63563874336046,134.01475151798425,130.42661693735113,133.99732971191406,884700
2020-08-10 00:00:00-04:00,134.24987685542087,136.38360277245914,133.78829869342684,133.945068359375,501300
2020-08-11 00:00:00-04:00,135.26883943936073,136.73195203788893,131.5326531807213,132.1510009765625,643700
2020-08-12 00:00:00-04:00,132.33390891488102,133.26578291702168,131.3933306535509,133.16998291015625,539200
2020-08-13 00:00:00-04:00,132.1945522327073,134.91178256973046,131.1581873224579,131.24526977539062,825800
2020-08-14 00:00:00-04:00,130.905603175114,134.6940416159713,130.47015109174848,133.29188537597656,652700
2020-08-17 00:00:00-04:00,133.39643652340695,135.33854977712667,132.82163638192833,135.3124237060547,591400
2020-08-18 00:00:00-04:00,135.32110665386432,135.36464123522063,133.62283273475205,134.7027587890625,739700
2020-08-19 00:00:00-04:00,134.41535426948886,134.41535426948886,131.6458852256142,132.50807189941406,1082100
2020-08-20 00:00:00-04:00,132.14228887596215,134.90305356041677,131.9071543129715,133.85797119140625,728800
2020-08-21 00:00:00-04:00,134.05830796717007,134.9553517253613,131.54139478171666,132.7345428466797,616300
2020-08-24 00:00:00-04:00,132.4993731469623,135.66946411132812,131.12334282603646,135.66946411132812,839500
2020-08-25 00:00:00-04:00,135.7043281735171,136.56651501307144,134.38925404216235,135.44305419921875,649500
2020-08-26 00:00:00-04:00,134.59829321229705,134.90310181410828,132.58650594234038,133.98866271972656,969100
2020-08-27 00:00:00-04:00,134.72012657516356,138.28212034099397,134.72012657516356,137.99472045898438,611400
2020-08-28 00:00:00-04:00,138.33444383869738,139.45791789260835,136.58393087828088,139.0137481689453,839700
2020-08-31 00:00:00-04:00,138.18637296294153,138.4389426321511,136.51423843137405,137.65512084960938,979100
2020-09-01 00:00:00-04:00,136.77548893524659,137.93379296066786,135.71298489054257,137.7770233154297,1127300
2020-09-02 00:00:00-04:00,137.75962223203734,140.50297848030434,136.90613982297248,140.4768524169922,965600
2020-09-03 00:00:00-04:00,141.844177883334,142.93280824908425,138.12542612197143,139.62338256835938,923500
2020-09-04 00:00:00-04:00,139.64951664369906,142.22738605584172,138.60442080148084,141.17359924316406,855600
2020-09-08 00:00:00-04:00,140.07625284360876,140.15463104597382,137.55063553735437,138.00350952148438,1135500
2020-09-09 00:00:00-04:00,137.93383307449457,138.7263459211521,135.80010681880233,136.1571807861328,1214600
2020-09-10 00:00:00-04:00,135.61722883575175,135.97430281489315,131.81138101162557,132.83033752441406,1855900
2020-09-11 00:00:00-04:00,132.69097151878222,132.75192790578186,129.32928059597552,130.5224151611328,1353300
2020-09-14 00:00:00-04:00,131.3933102801923,135.93072693607084,130.75755394536077,134.60694885253906,1386100
2020-09-15 00:00:00-04:00,134.58954003564185,135.77397037437305,132.78677510703352,132.87387084960938,896400
2020-09-16 00:00:00-04:00,132.9696777148275,134.91180409927298,132.5429430627856,133.32675170898438,966900
2020-09-17 00:00:00-04:00,132.3513399905431,134.85954886306902,131.07981374573586,133.68382263183594,850200
2020-09-18 00:00:00-04:00,132.64742241215674,133.68380058198755,131.48041392215566,131.5587921142578,1945400
2020-09-21 00:00:00-04:00,130.41793325270177,130.53115507660272,126.8123895861549,127.09107208251953,1579100
2020-09-22 00:00:00-04:00,127.18685828653773,131.04497125069338,127.18685828653773,129.9389190673828,1055900
2020-09-23 00:00:00-04:00,129.78214281100455,131.6458771986041,127.60488239142832,128.07516479492188,1294700
2020-09-24 00:00:00-04:00,127.53523180287183,129.43379685749593,126.28983170470983,127.98810577392578,1287300
2020-09-25 00:00:00-04:00,127.55266317403022,128.9809458461874,126.55111514927681,128.92868041992188,1225400
2020-09-28 00:00:00-04:00,130.96657692283665,133.0915852820488,130.26985090997218,131.8984375,1126100
2020-09-29 00:00:00-04:00,131.44076887855257,132.70817903475202,128.88835534671762,129.8389129638672,851800
2020-09-30 00:00:00-04:00,130.8334635780128,132.44412948949423,129.65407327013182,131.44076538085938,1204300
2020-10-01 00:00:00-04:00,131.77524611818185,136.97690375099072,131.67842967826707,136.95050048828125,1140100
2020-10-02 00:00:00-04:00,134.94376171603426,139.96058269973778,133.42110205550145,139.01002502441406,1487300
2020-10-05 00:00:00-04:00,139.97816834710014,141.56243105359397,137.9274435833465,141.20156860351562,1135300
2020-10-06 00:00:00-04:00,142.13455980249577,142.8738780615867,138.87801395803788,139.5909423828125,1100700
2020-10-07 00:00:00-04:00,140.04860832492446,140.9375629906545,137.08252523853227,138.05068969726562,1024900
2020-10-08 00:00:00-04:00,139.02762421339074,141.54483789537215,138.4907355579001,140.9111328125,716100
2020-10-09 00:00:00-04:00,141.7120755065927,142.42500390516727,138.43793655958146,139.36209106445312,883700
2020-10-12 00:00:00-04:00,139.9341741716527,140.5238693551774,138.47313112772892,140.03099060058594,867300
2020-10-13 00:00:00-04:00,136.8624578708659,139.2036452608453,134.5476737391997,136.33436584472656,1042500
2020-10-14 00:00:00-04:00,136.2287650356366,137.1529194493382,135.19020096895775,135.20779418945312,836300
2020-10-15 00:00:00-04:00,133.96678299915135,136.712829187878,133.96678299915135,134.80291748046875,682700
2020-10-16 00:00:00-04:00,134.56529810334206,135.25180976973843,131.08872985839844,131.08872985839844,1420600
2020-10-19 00:00:00-04:00,131.78402082147238,132.52335234425257,127.84097756304311,127.98180389404297,1158200
2020-10-20 00:00:00-04:00,129.22282883899751,129.67169772319636,127.75297562713658,128.10504150390625,1045100
2020-10-21 00:00:00-04:00,127.70013909321996,128.84432942143852,126.97842771784127,128.47467041015625,948000
2020-10-22 00:00:00-04:00,128.78277104777197,129.5925025104907,127.55935709710067,128.923583984375,521600
2020-10-23 00:00:00-04:00,130.01493943690159,130.4814149217546,128.20184401578408,128.31625366210938,788200
2020-10-26 00:00:00-04:00,127.62094383131175,127.87617980980149,124.99811715985098,126.19511413574219,912800
2020-10-27 00:00:00-04:00,125.87828517551064,126.71441986432578,123.11463165283203,123.11463165283203,969500
2020-10-28 00:00:00-04:00,121.01987985788206,121.2663192661065,115.63339932106129,116.80399322509766,2059900
2020-10-29 00:00:00-04:00,116.80397916297049,121.30151796651501,116.23187719637203,119.81407165527344,1638800
2020-10-30 00:00:00-04:00,119.06596655192372,123.29946014738644,119.06596655192372,122.45452880859375,1330500
2020-11-02 00:00:00-05:00,123.30827007890262,127.92902946299515,121.37194111685353,127.92021942138672,1180800
2020-11-03 00:00:00-05:00,129.40765272845053,134.91735280291385,129.161213327672,133.03384399414062,1330700
2020-11-04 00:00:00-05:00,132.5321282328965,132.857777321224,129.31959353017623,130.5518035888672,1178200
2020-11-05 00:00:00-05:00,130.9567097796789,132.637789197271,129.61889965054652,130.47264099121094,951200
2020-11-06 00:00:00-05:00,130.34061167560134,132.3825536109674,129.33724736044826,130.21739196777344,956100
2020-11-09 00:00:00-05:00,139.9253876091588,162.3778854094854,139.9253876091588,144.95101928710938,3047800
2020-11-10 00:00:00-05:00,145.47907316660206,153.57641301392977,144.82777485562173,151.20001220703125,2680500
2020-11-11 00:00:00-05:00,150.68073327894572,150.68073327894572,147.16896537585853,148.58599853515625,1526900
2020-11-12 00:00:00-05:00,148.03151381915217,148.38356626671444,144.70456849891053,146.5440673828125,980900
2020-11-13 00:00:00-05:00,147.32737643329392,149.20208837737124,147.23935661782107,149.0436553955078,894700
2020-11-16 00:00:00-05:00,155.1518916156988,155.6007605344482,150.13506999754847,152.5730743408203,962000
2020-11-17 00:00:00-05:00,150.90958867084268,154.42135678872827,149.6333683444551,153.25076293945312,664600
2020-11-18 00:00:00-05:00,153.99009732695083,154.61499244053863,149.23730866967264,149.27252197265625,832600
2020-11-19 00:00:00-05:00,148.42756774857023,150.12625361491575,145.0742193567487,149.88861083984375,961200
2020-11-20 00:00:00-05:00,150.5223415827067,151.94817161603504,149.42216077181965,151.29685974121094,984700
2020-11-23 00:00:00-05:00,151.6929426134394,153.1803758576032,150.11747609840307,150.5487518310547,1130500
2020-11-24 00:00:00-05:00,152.99552069921026,154.35093732581865,151.70170720429624,152.537841796875,907700
2020-11-25 00:00:00-05:00,151.7193458797301,151.9481786642302,149.3693611702631,150.5487518310547,660600
2020-11-27 00:00:00-05:00,150.43429072307214,150.43429072307214,147.16015223067473,147.74984741210938,324500
2020-11-30 00:00:00-05:00,146.71128031489965,148.36595617617476,144.59012897016947,146.62326049804688,2290100
2020-12-01 00:00:00-05:00,148.99088482202734,149.3781506156338,147.0281660189125,147.38021850585938,907200
2020-12-02 00:00:00-05:00,148.31314495951486,152.25620199171095,147.71465314548502,148.99085998535156,967900
2020-12-03 00:00:00-05:00,148.75317984373368,151.37601946620134,148.48914730383203,150.6190948486328,1204500
2020-12-04 00:00:00-05:00,151.50809036740878,153.31238947697332,150.28468991496192,153.00433349609375,1012400
2020-12-07 00:00:00-05:00,151.7808774619987,153.2859300806692,151.59605468510503,151.98330688476562,550200
2020-12-08 00:00:00-05:00,151.0680154166384,151.62251080050996,148.99967027834015,149.052490234375,1168100
2020-12-09 00:00:00-05:00,148.88525872975686,150.09984910436756,145.0126145626125,146.50006103515625,1415100
2020-12-10 00:00:00-05:00,145.99837805922417,147.69705054557542,142.86506569998792,143.0410919189453,1071000
2020-12-11 00:00:00-05:00,141.79129126516162,143.32273417499167,141.52724521624407,142.9002685546875,1052400
2020-12-14 00:00:00-05:00,143.6747757422192,145.08299871495927,140.4622406454661,140.53265380859375,971900
2020-12-15 00:00:00-05:00,140.95513738724514,142.56580344622702,139.2652615458394,142.5570068359375,839700
2020-12-16 00:00:00-05:00,142.58340575692185,143.68358635689808,140.5678808069385,142.15213012695312,1109900
2020-12-17 00:00:00-05:00,143.03229517510215,143.75402019884194,141.27200596200905,143.66600036621094,1006000
2020-12-18 00:00:00-05:00,143.1907024052734,143.83320409198163,138.19147495666869,139.45008850097656,2432900
2020-12-21 00:00:00-05:00,136.42238501740763,139.29165099009285,136.42238501740763,139.02761840820312,952800
2020-12-22 00:00:00-05:00,139.3356737137605,139.6085163601025,137.48737832082801,139.5557098388672,823600
2020-12-23 00:00:00-05:00,140.45344707962903,141.6064341122096,137.7513972845505,137.9362335205078,564100
2020-12-24 00:00:00-05:00,138.5259436837757,139.15964880441965,137.39056317675323,138.83399963378906,246100
2020-12-28 00:00:00-05:00,139.0628178061777,141.11355590820312,138.58754573044322,141.11355590820312,973900
2020-12-29 00:00:00-05:00,141.70326494977394,142.27535350461406,138.30590663179296,138.36752319335938,550000
2020-12-30 00:00:00-05:00,139.10551225982832,141.1949901071907,139.02549316792687,140.52813720703125,577100
2020-12-31 00:00:00-05:00,140.91044198270185,142.84876789049792,139.38112510515256,142.64425659179688,430400
2021-01-04 00:00:00-05:00,142.32420258884702,143.77348704472476,137.81627033094756,138.27862548828125,1499100
2021-01-05 00:00:00-05:00,138.43865672127615,139.2388883265107,137.67399820098007,137.87850952148438,1236500
2021-01-06 00:00:00-05:00,138.8476720632442,142.1108040450864,138.1630326024173,141.5773162841797,1185400
2021-01-07 00:00:00-05:00,140.76816360878473,141.24829157577201,138.6164403244803,139.64784240722656,834800
2021-01-08 00:00:00-05:00,139.50559925994764,141.09716219464417,139.04325775718925,140.8748779296875,784200
2021-01-11 00:00:00-05:00,140.4836795534172,141.1327459196385,139.0432816108788,139.9324188232422,597700
2021-01-12 00:00:00-05:00,139.22110633992003,140.42143343631633,138.3853151895533,139.9324188232422,838600
2021-01-13 00:00:00-05:00,140.22582883608857,142.47534478738046,139.95018491739808,141.541748046875,867000
2021-01-14 00:00:00-05:00,142.61758392794374,144.28916600002592,141.01714801833475,142.69761657714844,869500
2021-01-15 00:00:00-05:00,142.3775550769642,146.09414234524593,141.9774324526079,145.81851196289062,847200
2021-01-19 00:00:00-05:00,146.53867817750245,146.98324671202175,143.4622715162358,144.40475463867188,752100
2021-01-20 00:00:00-05:00,143.72009910662473,148.66369848283742,143.09770594184138,147.52560424804688,926700
2021-01-21 00:00:00-05:00,146.16525492490027,147.86351013030352,144.76931666025146,147.11663818359375,521300
2021-01-22 00:00:00-05:00,146.44978683969717,147.27667788200793,145.00937542224142,146.46755981445312,911300
2021-01-25 00:00:00-05:00,146.02297904396545,148.84154196325858,144.93823071954915,148.13912963867188,845800
2021-01-26 00:00:00-05:00,148.48588146759215,150.59313185112194,147.9523938318649,149.4728240966797,776300
2021-01-27 00:00:00-05:00,148.31693036747188,149.36611900859785,144.76038261761957,145.70286560058594,845800
2021-01-28 00:00:00-05:00,145.9162925825929,150.38865118865138,144.67150604762548,147.6145477294922,555500
2021-01-29 00:00:00-05:00,146.2719421119718,148.29917365167515,144.67150615642603,145.5250701904297,976400
2021-02-01 00:00:00-05:00,146.38752177732212,147.1343936350826,143.23998262410026,146.912109375,1267500
2021-02-02 00:00:00-05:00,147.4811310191134,148.98377452801063,146.46751551121116,147.98794555664062,893500
2021-02-03 00:00:00-05:00,146.75209674336966,150.08636122451034,146.00522475571182,149.18832397460938,1438800
2021-02-04 00:00:00-05:00,147.52562765645553,154.76320318884132,145.99631074195239,152.7982177734375,2339900
2021-02-05 00:00:00-05:00,153.13606849305407,153.71401570894167,150.26415965467044,153.12718200683594,1121900
2021-02-08 00:00:00-05:00,152.93156662504165,154.41642381247047,151.58897461617173,154.11412048339844,801000
2021-02-09 00:00:00-05:00,154.64760612941274,155.16330726492927,153.44727920924345,154.55870056152344,554400
2021-02-10 00:00:00-05:00,154.80766338393946,156.505918526949,154.00744540860123,156.35476684570312,576500
2021-02-11 00:00:00-05:00,156.66595179110556,159.7067989962224,154.7898719975421,159.09329223632812,1150600
2021-02-12 00:00:00-05:00,158.05298851869955,159.76012993369642,157.31500317932026,159.60897827148438,765600
2021-02-16 00:00:00-05:00,159.83128987399894,160.00022810395652,158.23974033833446,158.7643280029297,806900
2021-02-17 00:00:00-05:00,158.55981263815292,159.37781710065278,156.36364302704212,159.15553283691406,805100
2021-02-18 00:00:00-05:00,158.8354191701376,159.27998763104452,157.42169472057026,158.06187438964844,501500
2021-02-19 00:00:00-05:00,158.186378247406,159.00438271789153,157.44839285653043,158.27528381347656,855100
2021-02-22 00:00:00-05:00,158.8798997841667,160.55148176018093,157.51062114551326,158.51535034179688,843700
2021-02-23 00:00:00-05:00,159.9202221353496,162.02747302111715,158.84436012150408,160.70266723632812,966900
2021-02-24 00:00:00-05:00,160.97829763035767,164.76601733246164,160.42702332405827,164.49038696289062,1103000
2021-02-25 00:00:00-05:00,164.57926696310483,165.0771815209409,159.63565376150078,160.32919311523438,770700
2021-02-26 00:00:00-05:00,160.4625666404294,160.52479917983953,156.20359251648188,156.26583862304688,1412000
2021-03-01 00:00:00-05:00,158.35533507729568,161.22724433166928,157.33281919361042,157.3950653076172,745600
2021-03-02 00:00:00-05:00,156.60372752281128,159.42229060539123,156.32809718242123,158.46202087402344,910600
2021-03-03 00:00:00-05:00,158.95103795779931,163.08551991047153,158.39976374819602,161.28945922851562,1070000
2021-03-04 00:00:00-05:00,161.12052834203467,161.77848106601812,156.50590495218944,158.31085205078125,1076500
2021-03-05 00:00:00-05:00,159.06662156895572,160.04467780462392,155.46562717207604,157.9552001953125,1136500
2021-03-08 00:00:00-05:00,159.1022268724435,164.57041571134218,157.40397141346287,163.521240234375,1109300
2021-03-09 00:00:00-05:00,163.52118181521334,165.77958372745644,161.77846740144952,161.84071350097656,686500
2021-03-10 00:00:00-05:00,162.1341447398257,165.31724340528365,158.84432683670275,164.650390625,830400
2021-03-11 00:00:00-05:00,164.70376228057722,167.42451965222594,164.36588583905166,165.66403198242188,1341300
2021-03-12 00:00:00-05:00,166.2330666995908,169.37171936035156,166.2330666995908,169.37171936035156,1056500
2021-03-15 00:00:00-04:00,169.4428505361209,173.7907300756974,167.84240116664236,171.9768829345703,774200
2021-03-16 00:00:00-04:00,172.0480407691103,172.67933412339332,168.09138311343284,169.2028045654297,741200
2021-03-17 00:00:00-04:00,169.96747832868394,169.96747832868394,166.42870233942224,168.68711853027344,876300
2021-03-18 00:00:00-04:00,168.42921758682024,168.58926930382046,166.4553459029477,167.7801513671875,641700
2021-03-19 00:00:00-04:00,166.86436904474624,167.15778593535111,162.20528544620166,162.52537536621094,1691600
2021-03-22 00:00:00-04:00,162.53425087624402,165.46840577204514,161.32502397961133,164.60594177246094,709100
2021-03-23 00:00:00-04:00,165.01495358401579,166.11748848856882,163.14777378657396,164.26808166503906,833800
2021-03-24 00:00:00-04:00,161.8140770606813,165.98411895570248,161.14722418891705,164.3570098876953,1019700
2021-03-25 00:00:00-04:00,164.3569653415474,166.7398457785776,162.43642633527807,166.57090759277344,645500
2021-03-26 00:00:00-04:00,166.79320123086444,168.4558965932667,166.45533840735214,168.15357971191406,561200
2021-03-29 00:00:00-04:00,167.69127067241615,168.37589650448302,164.89048053040722,166.57984924316406,458200
2021-03-30 00:00:00-04:00,166.68746008524414,168.36437383749148,166.44533438475767,168.0236053466797,434400
2021-03-31 00:00:00-04:00,165.92519009835885,167.37791668081087,164.29311675119243,165.45887756347656,894800
2021-04-01 00:00:00-04:00,165.82657059380162,167.7994126490483,164.71459860329247,167.6021270751953,603700
2021-04-05 00:00:00-04:00,168.4719477659036,168.58852931908262,164.62490702708513,166.78607177734375,544700
2021-04-06 00:00:00-04:00,166.07763372028083,167.33308842614414,165.65616130199655,167.243408203125,560900
2021-04-07 00:00:00-04:00,167.85321182740557,169.13556803078498,166.10455671669064,168.39126586914062,417700
2021-04-08 00:00:00-04:00,167.09098139436506,168.44506533988064,166.39151936335358,166.48118591308594,397400
2021-04-09 00:00:00-04:00,167.27929708255033,167.6021267770734,166.00591708839903,166.7412567138672,538600
2021-04-12 00:00:00-04:00,167.12684725327026,168.00566976070016,165.7638007416531,167.79940795898438,490300
2021-04-13 00:00:00-04:00,167.485530876628,168.63336655777533,166.79503148486134,168.4091796875,530900
2021-04-14 00:00:00-04:00,168.1401701601616,169.18040063020683,166.91163036217495,167.0281982421875,392000
2021-04-15 00:00:00-04:00,168.64236084531623,169.2611189130522,167.7814907640792,169.00106811523438,958200
2021-04-16 00:00:00-04:00,170.06815652147392,170.47170383982362,168.74097406356353,170.21163940429688,661900
2021-04-19 00:00:00-04:00,171.33256973663552,171.40431117635805,169.71842155107998,170.70484924316406,492900
2021-04-20 00:00:00-04:00,170.498643679173,173.04540384973427,170.498643679173,172.78533935546875,733400
2021-04-21 00:00:00-04:00,173.00056000313705,174.29187884583683,171.50299302628716,173.62828063964844,625000
2021-04-22 00:00:00-04:00,174.1035336974434,175.10790027156386,172.47146024983073,172.5342254638672,925600
2021-04-23 00:00:00-04:00,172.66875894626267,174.44431542288953,172.2472864653704,173.86143493652344,564900
2021-04-26 00:00:00-04:00,174.8568314786717,175.35900797989206,174.139430612664,174.6595458984375,613500
2021-04-27 00:00:00-04:00,175.33209132369,176.1570974583583,173.70000415405684,175.14376831054688,506900
2021-04-28 00:00:00-04:00,175.07200703300268,175.12580969258346,171.59263610839844,171.59263610839844,1043900
2021-04-29 00:00:00-04:00,172.4624914950303,175.95083883853852,170.22958521989983,171.73611450195312,695600
2021-04-30 00:00:00-04:00,171.8078977662614,172.66878162504145,170.74076575674795,172.17556762695312,714900
2021-05-03 00:00:00-04:00,173.17989919758296,173.5475690125685,171.4671216110112,171.86167907714844,555000
2021-05-04 00:00:00-04:00,172.16659807652593,173.29649526716267,169.8978274608346,170.73179626464844,606500
2021-05-05 00:00:00-04:00,170.05027087571412,171.28777339814394,167.3420889880684,168.55270385742188,739100
2021-05-06 00:00:00-04:00,168.8934385720823,173.36821399217985,168.8934385720823,173.33233642578125,710900
2021-05-07 00:00:00-04:00,172.70459415102525,175.48451681655175,172.70459415102525,175.34103393554688,750900
2021-05-10 00:00:00-04:00,176.47994534210864,178.8832225453856,176.1391768466384,176.65032958984375,490400
2021-05-11 00:00:00-04:00,175.76254218373208,176.69515373385818,174.4712233579548,175.9239501953125,626900
2021-05-12 00:00:00-04:00,176.3812706319742,176.39920941356417,171.89753306416065,172.9287872314453,1001000
2021-05-13 00:00:00-04:00,172.83016463037126,177.91472198374797,172.83016463037126,176.21090698242188,842900
2021-05-14 00:00:00-04:00,176.20196711477223,178.3900200909677,176.20196711477223,177.5201873779297,993400
2021-05-17 00:00:00-04:00,177.78023321158062,178.53349800273858,176.93728817625825,177.7981719970703,454900
2021-05-18 00:00:00-04:00,177.43048232174291,179.1791374212337,176.7310202819466,178.45277404785156,930700
2021-05-19 00:00:00-04:00,177.55601819075466,177.55601819075466,174.51604448724422,176.36334228515625,1260000
2021-05-20 00:00:00-04:00,175.76254277316042,179.57372035880292,175.32313149024546,179.24192810058594,944200
2021-05-21 00:00:00-04:00,179.8158363889346,181.14301903370395,178.96392888756137,179.71719360351562,779200
2021-05-24 00:00:00-04:00,180.82015168647607,183.33104723336146,180.6408049366871,182.39842224121094,656000
2021-05-25 00:00:00-04:00,182.53301490009213,183.71671486439925,181.69006979043425,183.2952423095703,797000
2021-05-26 00:00:00-04:00,183.10689301006886,184.71206517919458,182.18324408491966,183.7166748046875,720700
2021-05-27 00:00:00-04:00,184.43405535784748,184.54166067842442,182.48811493882278,182.999267578125,1009700
2021-05-28 00:00:00-04:00,183.69875305295088,185.97648595762885,182.95445089598942,185.5729522705078,862100
2021-06-01 00:00:00-04:00,186.14686379083818,188.99851451948732,185.26805499615338,188.92677307128906,684900
2021-06-02 00:00:00-04:00,190.13739117505915,191.6080566812219,188.78330723471396,190.78305053710938,940200
2021-06-03 00:00:00-04:00,191.3390052779938,191.41972295042342,190.0387241696758,191.09689331054688,790700
2021-06-04 00:00:00-04:00,190.79200159289041,191.12380748716268,189.07922419160604,189.88629150390625,629800
2021-06-07 00:00:00-04:00,190.37955165077196,192.10130570314942,189.63524937006503,190.23606872558594,789400
2021-06-08 00:00:00-04:00,189.92216961746922,191.73360361446655,189.05233702752093,189.2406463623047,1082900
2021-06-09 00:00:00-04:00,190.0208269589554,190.48713958151964,188.59500143894485,188.99853515625,1438600
2021-06-10 00:00:00-04:00,188.96264677785268,194.2713906865635,187.97621898937524,192.49583435058594,1882900
2021-06-11 00:00:00-04:00,192.3164820266174,192.90832499934598,190.82787783723995,192.47789001464844,1039100
2021-06-14 00:00:00-04:00,191.0700087462758,192.09230041503906,190.47815207402292,192.09230041503906,572000
2021-06-15 00:00:00-04:00,191.64393724290247,191.64393724290247,188.65776606756842,189.1868438720703,568700
2021-06-16 00:00:00-04:00,189.1957844649741,190.50504184078216,187.9044658705555,188.0389862060547,1094200
2021-06-17 00:00:00-04:00,188.08384219240176,188.7564028768197,186.43381624733536,188.33493041992188,706900
2021-06-18 00:00:00-04:00,188.3169970763243,189.06129923057225,184.6493026553494,184.81968688964844,1899900
2021-06-21 00:00:00-04:00,185.85994089488617,190.8906965134087,185.27706030825834,190.20021057128906,799600
2021-06-22 00:00:00-04:00,190.2719424498691,190.4064628304158,188.48742307753895,189.73390197753906,790400
2021-06-23 00:00:00-04:00,190.05667768013535,191.21347599743206,188.78329780284562,190.74717712402344,1107800
2021-06-24 00:00:00-04:00,190.74717030461338,191.21346916135133,188.94469903868298,190.1373748779297,778300
2021-06-25 00:00:00-04:00,189.9400972809466,191.92191539653084,189.71591039237867,191.8501739501953,836000
2021-06-28 00:00:00-04:00,192.01158014144596,192.01158014144596,189.09715061739257,190.4512481689453,689900
2021-06-29 00:00:00-04:00,189.97238451928882,192.0595083405256,189.74650657117405,190.01756286621094,888200
2021-06-30 00:00:00-04:00,189.7555357703829,191.37281568718012,187.8671857931123,188.55386352539062,930600
2021-07-01 00:00:00-04:00,188.87010919575357,191.8426708733834,188.06598420864182,190.19827270507812,672700
2021-07-02 00:00:00-04:00,190.5506459388635,192.1769700456946,190.5506459388635,190.9391632080078,467400
2021-07-06 00:00:00-04:00,190.85783625159408,193.26116714493887,189.20440801485387,192.9449462890625,680400
2021-07-07 00:00:00-04:00,193.10761831141724,195.3844724400716,191.86078111066536,194.91464233398438,690600
2021-07-08 00:00:00-04:00,193.74910505549772,196.70359299666472,193.17085795808717,196.30604553222656,596800
2021-07-09 00:00:00-04:00,197.7967959167071,199.7483846573752,196.36021550475516,199.5225067138672,656500
2021-07-12 00:00:00-04:00,199.52253133635892,202.7571055409423,199.1069098029555,202.35955810546875,645100
2021-07-13 00:00:00-04:00,201.9439446821674,202.11561415315225,199.09788764304312,199.87490844726562,346000
2021-07-14 00:00:00-04:00,200.57962926189876,202.66673941459527,200.16400774782008,202.4499053955078,345900
2021-07-15 00:00:00-04:00,201.78130276654204,203.57025236623468,201.57349890161987,203.22691345214844,618200
2021-07-16 00:00:00-04:00,204.41049584393917,205.24172496930845,203.44373168910533,204.07618713378906,613500
2021-07-19 00:00:00-04:00,201.6638382608449,203.5070101196208,199.81163624688253,201.63673400878906,703100
2021-07-20 00:00:00-04:00,202.78420769850982,207.31079723509586,202.35955601377952,206.6693115234375,604200
2021-07-21 00:00:00-04:00,207.0758858822114,208.34984091654195,205.91939180163382,206.163330078125,609100
2021-07-22 00:00:00-04:00,205.13332048800794,205.2056030890239,202.4137548339526,202.79322814941406,938600
2021-07-23 00:00:00-04:00,202.80224404194024,205.05197937148378,202.54924808012748,204.9164581298828,803300
2021-07-26 00:00:00-04:00,204.3382247262033,205.82901362856117,203.52505586323906,204.37435913085938,333500
2021-07-27 00:00:00-04:00,204.37437112634868,207.32885864085378,203.2449813502454,206.25367736816406,458000
2021-07-28 00:00:00-04:00,206.3079092398957,207.35598637959345,205.17851933586743,205.5037841796875,604700
2021-07-29 00:00:00-04:00,205.59409423716457,209.84059655547702,205.59409423716457,207.73541259765625,416400
2021-07-30 00:00:00-04:00,208.70219222477223,210.26526375293656,205.7748090776098,205.8470916748047,784100
2021-08-02 00:00:00-04:00,207.5457282000461,209.51537755854955,205.5489608004966,206.73255920410156,588600
2021-08-03 00:00:00-04:00,207.10298844325743,207.12106254057105,204.44666138452294,206.81385803222656,344100
2021-08-04 00:00:00-04:00,206.9042170851294,207.50956838030015,205.19658021173822,205.8922882080078,405000
2021-08-05 00:00:00-04:00,207.31079007456518,207.90711120101463,204.8893849475231,207.0758819580078,324500
2021-08-06 00:00:00-04:00,207.80774952122982,207.80774952122982,205.66643060088617,206.8319549560547,299200
2021-08-09 00:00:00-04:00,206.56990608321826,206.59701033414603,204.50990029373048,205.58506774902344,414400
2021-08-10 00:00:00-04:00,205.57604395153538,205.64832655174342,201.23918444452667,201.28436279296875,705400
2021-08-11 00:00:00-04:00,202.37762413122715,202.80227580340892,200.18208316797924,200.7603302001953,641100
2021-08-12 00:00:00-04:00,201.45602874665587,202.1607668533254,200.33566914263182,200.85067749023438,412200
2021-08-13 00:00:00-04:00,201.54638184890558,203.47085258904272,200.8597040643439,202.88357543945312,401300
2021-08-16 00:00:00-04:00,202.53120817421888,204.84419617383804,201.50120527481047,203.38954162597656,474300
2021-08-17 00:00:00-04:00,202.28725276047672,203.60638603112383,200.85067233273125,202.91970825195312,324600
2021-08-18 00:00:00-04:00,202.25112839841458,203.0552533746143,200.40795654716138,201.3656768798828,356600
2021-08-19 00:00:00-04:00,200.1730384155805,202.93778226758067,199.3779436343271,202.34146118164062,415900
2021-08-20 00:00:00-04:00,201.89876437032302,203.94972634662602,200.63383950652496,202.95587158203125,473800
2021-08-23 00:00:00-04:00,203.50701788227013,204.11236917876874,200.62481282075655,201.61866760253906,332700
2021-08-24 00:00:00-04:00,201.70899526247575,201.70899526247575,199.05266855015645,200.38986206054688,425700
2021-08-25 00:00:00-04:00,200.17304375590754,202.6486572856811,199.19724934919898,200.8145294189453,339900
2021-08-26 00:00:00-04:00,201.93488871569738,203.21787382631243,200.99524250316807,202.739013671875,451000
2021-08-27 00:00:00-04:00,203.72383543839354,204.92550777871926,202.93778458934048,203.85032653808594,271000
2021-08-30 00:00:00-04:00,203.90453521163516,206.41631068449286,203.1275283032244,206.199462890625,451100
2021-08-31 00:00:00-04:00,205.58509639373776,207.52765529536558,204.87132804236145,207.4282684326172,662400
2021-09-01 00:00:00-04:00,207.07588165589854,210.24720326403124,206.3078910741829,210.1568603515625,572900
2021-09-02 00:00:00-04:00,210.17490293908023,210.92481936046653,208.17814965339107,210.53631591796875,820900
2021-09-03 00:00:00-04:00,209.97614485127812,210.9519392870482,207.75351345854898,210.3827362060547,480700
2021-09-07 00:00:00-04:00,209.84063292766146,209.84063292766146,204.47377018537279,205.63026428222656,655400
2021-09-08 00:00:00-04:00,204.84419911352424,209.39789257981175,204.37436911107915,208.2504425048828,412000
2021-09-09 00:00:00-04:00,207.59992337280747,207.86193574544257,204.13042736202232,204.1936798095703,544300
2021-09-10 00:00:00-04:00,204.99779821996023,204.99779821996023,201.8626110720988,201.98007202148438,488500
2021-09-13 00:00:00-04:00,204.0762088277605,205.3863119860458,201.64575984450892,202.1246337890625,626500
2021-09-14 00:00:00-04:00,203.2449722067615,203.84129329047616,201.32050148967616,202.64865112304688,305500
2021-09-15 00:00:00-04:00,202.72093113573956,204.46471601834435,202.09750580948437,203.06427001953125,470300
2021-09-16 00:00:00-04:00,202.85647933359755,203.71481281226704,200.7603252766608,202.09751892089844,560100
2021-09-17 00:00:00-04:00,200.8687587117072,202.34147363480932,198.14014909706006,198.6732177734375,1239100
2021-09-20 00:00:00-04:00,197.07398001270187,199.75741103374185,195.80003891314885,199.20626831054688,529100
2021-09-21 00:00:00-04:00,200.58863196542558,202.26916431584544,199.3508253208806,199.41407775878906,399100
2021-09-22 00:00:00-04:00,201.28436880323542,203.02815384239454,200.9862082384104,201.9168243408203,566300
2021-09-23 00:00:00-04:00,203.2991800482152,207.19332738905524,203.02813754422027,205.34112548828125,798400
2021-09-24 00:00:00-04:00,205.4856895750833,207.94324286392342,204.1756001744471,204.56411743164062,770200
2021-09-27 00:00:00-04:00,204.99779330964154,206.22656991844678,200.06461277806423,200.27243041992188,495500
2021-09-28 00:00:00-04:00,198.95327335254024,201.51924326881309,197.59800580410808,200.71511840820312,551200
2021-09-29 00:00:00-04:00,201.88971504326497,205.37727124793662,201.37472047070662,203.2901611328125,479400
2021-09-30 00:00:00-04:00,203.4527898667641,204.6183278628249,200.13690306258914,200.25436401367188,577200
2021-10-01 00:00:00-04:00,201.89243970262393,203.9218256191121,199.08951400123794,202.72056579589844,338600
2021-10-04 00:00:00-04:00,201.94705590051743,205.17770189623354,201.94705590051743,204.56796264648438,568200
2021-10-05 00:00:00-04:00,205.42338027136805,205.58719473597174,202.63865934811426,204.26763916015625,847200
2021-10-06 00:00:00-04:00,203.62149973095725,206.5427349543051,200.17245339847625,205.98760986328125,442200
2021-10-07 00:00:00-04:00,207.40729019176712,208.07161572933725,205.0229751392289,205.70550537109375,446800
2021-10-08 00:00:00-04:00,205.79651056769094,206.04222533403393,203.3211998686931,203.7125244140625,251600
2021-10-11 00:00:00-04:00,204.2949362618398,204.8864568569823,201.72861614752748,203.6761016845703,294100
2021-10-12 00:00:00-04:00,205.25045505315825,206.8612300517535,202.66594428764697,206.1240997314453,388300
2021-10-13 00:00:00-04:00,205.487106240032,207.88050282983633,204.24945085416488,207.76220703125,376100
2021-10-14 00:00:00-04:00,208.87244185836613,211.82096337829347,208.62672710300146,211.4842529296875,417000
2021-10-15 00:00:00-04:00,212.9494302450457,212.9494302450457,208.42652884219993,209.88259887695312,485000
2021-10-18 00:00:00-04:00,208.60851502283577,210.41950005338853,208.0351991287696,209.3092498779297,494300
2021-10-19 00:00:00-04:00,210.04638937911676,210.16469905601664,206.8612484813951,207.94419860839844,457000
2021-10-20 00:00:00-04:00,208.37193675180538,212.1577078805429,207.9442166831872,212.03939819335938,419400
2021-10-21 00:00:00-04:00,212.03938788058434,212.33060743914507,210.25570279968207,211.13844299316406,390200
2021-10-22 00:00:00-04:00,211.78458838312088,213.50456406497662,211.23855862635793,211.82098388671875,367900
2021-10-25 00:00:00-04:00,211.70267304229026,212.6127133148206,209.97358819281507,211.830078125,393100
2021-10-26 00:00:00-04:00,212.07579085637053,214.6057157306602,210.67433486821696,213.3225555419922,355000
2021-10-27 00:00:00-04:00,213.85946438253202,217.0446053414208,212.6127136507516,215.34283447265625,602100
2021-10-28 00:00:00-04:00,214.89690441859548,219.90212580149213,213.9140592807114,217.68162536621094,776900
2021-10-29 00:00:00-04:00,216.96273130290285,218.2822870826065,214.7968307452187,215.3883514404297,923800
2021-11-01 00:00:00-04:00,215.97077585496484,215.97077585496484,209.98270887063123,213.9504852294922,589800
2021-11-02 00:00:00-04:00,215.24272241877037,215.77054742667232,212.83110744028147,214.40548706054688,631500
2021-11-03 00:00:00-04:00,215.2609127640529,215.77964236740203,213.12232652670957,215.43382263183594,785500
2021-11-04 00:00:00-04:00,215.4702361648505,216.48947681209972,210.62881531819184,212.69461059570312,518000
2021-11-05 00:00:00-04:00,214.49648414701392,217.20840020389284,213.37713852762934,216.4439697265625,771000
2021-11-08 00:00:00-05:00,219.09221600781234,219.3197260971247,214.17800363311068,216.9354248046875,644200
2021-11-09 00:00:00-05:00,217.20838472421846,218.60985438555852,216.31654923089104,218.5279541015625,457900
2021-11-10 00:00:00-05:00,217.95463900260998,219.51990933723377,217.95463900260998,218.73727416992188,389900
2021-11-11 00:00:00-05:00,219.06489103039573,219.40160148078388,217.26301521577943,219.33790588378906,533800
2021-11-12 00:00:00-05:00,219.61092052949616,220.38444641291474,218.0638409904345,219.32879638671875,386200
2021-11-15 00:00:00-05:00,219.36519902827152,223.38757515670946,218.75547374381378,223.35116577148438,383100
2021-11-16 00:00:00-05:00,223.35120605734997,223.77892615116568,219.48353440322697,220.12966918945312,471100
2021-11-17 00:00:00-05:00,219.17411058836618,222.07714147402118,214.05968835763164,221.95883178710938,623800
2021-11-18 00:00:00-05:00,222.14085447184766,224.1793359639851,220.98509934192876,223.9791259765625,551300
2021-11-19 00:00:00-05:00,224.033696650611,224.033696650611,219.82021983777338,220.23883056640625,495500
2021-11-22 00:00:00-05:00,220.42088103928666,220.6847866329989,216.85351061908852,216.9354248046875,717800
2021-11-23 00:00:00-05:00,217.6452068356818,221.68578734627616,215.97983168544434,220.89404296875,795800
2021-11-24 00:00:00-05:00,220.65746587539303,225.1894625421016,220.4754605982051,224.6525421142578,323700
2021-11-26 00:00:00-05:00,221.2581090430368,222.09534447714955,216.48949273279806,217.85455322265625,395500
2021-11-29 00:00:00-05:00,219.86571594113107,221.4946817749183,217.7726207223137,219.11947631835938,1087000
2021-11-30 00:00:00-05:00,218.07295663826147,219.96584208611227,216.76249641389455,217.38131713867188,1285800
2021-12-01 00:00:00-05:00,219.55632326164186,219.55632326164186,209.30927422675873,209.40028381347656,1386100
2021-12-02 00:00:00-05:00,210.97463964896824,217.67253666109303,209.9826990770454,216.9718017578125,1077500
2021-12-03 00:00:00-05:00,217.6270330086965,218.11844865227613,214.5146969030581,216.55319213867188,772800
2021-12-06 00:00:00-05:00,218.99208129744866,222.76874271312317,218.45516089219495,219.19229125976562,569700
2021-12-07 00:00:00-05:00,219.54719639117582,221.8678016587504,216.33475562326328,219.52899169921875,1655100
2021-12-08 00:00:00-05:00,219.69281332755259,224.47052449309317,218.91017818118146,223.37847900390625,1022000
2021-12-09 00:00:00-05:00,222.78694313883494,223.44217320548404,220.43903771436104,220.7029571533203,625900
2021-12-10 00:00:00-05:00,223.92454885812037,223.92454885812037,220.95782201724347,222.8415985107422,711100
2021-12-13 00:00:00-05:00,222.7960467405823,226.94582779934996,221.42187716188693,225.75367736816406,606300
2021-12-14 00:00:00-05:00,225.61716019771538,226.07218028859964,220.55733900886025,222.26821899414062,700400
2021-12-15 00:00:00-05:00,223.20556616622582,227.31893791689868,222.79605084900058,226.50900268554688,894100
2021-12-16 00:00:00-05:00,226.64552012716828,227.71936092408293,222.21361480228248,223.78799438476562,1086000
2021-12-17 00:00:00-05:00,223.86987990029402,226.13588490316275,221.9860900992144,222.53211975097656,1547900
2021-12-20 00:00:00-05:00,220.59376212574074,222.6868575830971,218.46427116644563,219.8202362060547,807200
2021-12-21 00:00:00-05:00,221.03968747802884,224.98016363563391,220.7302771093028,223.1145782470703,557300
2021-12-22 00:00:00-05:00,222.88705489230392,225.6080802208418,222.84155010288188,224.94374084472656,319900
2021-12-23 00:00:00-05:00,225.24409065498514,225.92662094362194,222.6231837891776,223.66062927246094,404500
2021-12-27 00:00:00-05:00,224.44322897037605,227.40995515556835,223.04175922370646,227.23704528808594,396800
2021-12-28 00:00:00-05:00,226.7092038507031,228.80229902948597,226.52719859300697,227.88316345214844,384500
2021-12-29 00:00:00-05:00,228.54752827659743,230.64971922039234,226.19962255520818,229.8306884765625,393800
2021-12-30 00:00:00-05:00,229.86730318842868,231.31427832762117,228.8324379493774,230.10540771484375,564000
2021-12-31 00:00:00-05:00,230.2519491791635,233.17337263540946,230.2519491791635,231.3234405517578,452400
2022-01-03 00:00:00-05:00,234.36388501112427,234.36388501112427,227.77923852879167,231.3508758544922,626200
2022-01-04 00:00:00-05:00,231.7630354797598,235.83835548738008,231.7630354797598,233.6404266357422,651400
2022-01-05 00:00:00-05:00,233.1367379777715,233.86021856250034,229.4185539138214,230.00466918945312,826700
2022-01-06 00:00:00-05:00,230.77393897531002,232.38575236498215,229.02474631308672,230.71897888183594,623200
2022-01-07 00:00:00-05:00,229.59253719796203,230.1237062988488,227.67850621355072,227.91661071777344,612700
2022-01-10 00:00:00-05:00,227.57779662692636,229.08887097465185,225.6454453601848,227.7060089111328,734100
2022-01-11 00:00:00-05:00,227.90748964296915,229.06140021241632,224.6380554017323,228.22802734375,504200
2022-01-12 00:00:00-05:00,228.27378751723015,230.16951255334243,227.7701054208006,229.61087036132812,455100
2022-01-13 00:00:00-05:00,229.80320074243483,231.69892593492062,229.39109082313956,229.93142700195312,426300
2022-01-14 00:00:00-05:00,229.69328587252454,229.69328587252454,225.18752231878963,227.74261474609375,637300
2022-01-18 00:00:00-05:00,228.383714598523,228.40202065796706,223.74057127076938,227.10157775878906,810400
2022-01-19 00:00:00-05:00,227.9807481640215,228.99729338427002,225.05017175513538,225.26080322265625,715300
2022-01-20 00:00:00-05:00,225.2424962628322,227.66939069120966,222.4859250700307,222.8797149658203,830400
2022-01-21 00:00:00-05:00,224.31753302077678,225.20586599491935,220.35209120222373,221.62506103515625,671900
2022-01-24 00:00:00-05:00,219.79340999818524,221.1304927242732,212.9798120523873,220.15057373046875,805700
2022-01-25 00:00:00-05:00,217.56803397170228,221.9730585117055,214.2436537834937,221.16714477539062,1126900
2022-01-26 00:00:00-05:00,221.17631712468273,225.92019979498136,218.53880516705328,220.25135803222656,699800
2022-01-27 00:00:00-05:00,222.09211839112706,223.64899984303648,217.18339744314503,217.2383575439453,971400
2022-01-28 00:00:00-05:00,217.28412235137364,223.24602824015568,214.30775290860345,222.87054443359375,853700
2022-01-31 00:00:00-05:00,221.93642456757226,224.27173268218678,220.02239336512878,223.66729736328125,1193700
2022-02-01 00:00:00-05:00,223.65813571220775,224.839519268082,221.56093220978292,223.896240234375,590600
2022-02-02 00:00:00-05:00,223.94204652505286,231.47912620982802,223.41087735283241,230.44427490234375,984000
2022-02-03 00:00:00-05:00,227.7243272264954,231.7813411686387,224.56479926702713,229.14382934570312,696100
2022-02-04 00:00:00-05:00,227.84336276245403,229.69329474787233,224.40909035031345,226.47882080078125,641700
2022-02-07 00:00:00-05:00,226.1674806463099,228.50277502246692,223.51163457136488,223.7955322265625,597300
2022-02-08 00:00:00-05:00,224.96773578668004,225.0318489135243,219.54616600439,220.2421875,750100
2022-02-09 00:00:00-05:00,222.11958590468402,228.42948882245466,222.11958590468402,227.80674743652344,710700
2022-02-10 00:00:00-05:00,225.18754596142713,227.77927872397711,220.0773465962049,221.62506103515625,881000
2022-02-11 00:00:00-05:00,222.8613955431561,223.3925507256073,218.49299701328198,220.4070281982422,712200
2022-02-14 00:00:00-05:00,220.72753927386017,222.12872116606712,216.87199033267,218.0991668701172,538800
2022-02-15 00:00:00-05:00,219.4271147136934,221.15798742787032,218.5754079000657,219.75680541992188,562700
2022-02-16 00:00:00-05:00,220.2513396844299,220.3703989343466,216.83538726859754,219.67437744140625,519000
2022-02-17 00:00:00-05:00,218.20909405429714,219.17069312497293,215.44335609098954,216.2584228515625,455400
2022-02-18 00:00:00-05:00,217.04600665495846,218.5754008899402,215.0678624810305,215.29681396484375,1150300
2022-02-22 00:00:00-05:00,215.2144039093502,217.70539727678138,214.11543953526945,216.35916137695312,610200
2022-02-23 00:00:00-05:00,216.67054520416562,219.47290941907954,214.43597625593355,214.64662170410156,710000
2022-02-24 00:00:00-05:00,211.35887102540775,217.40319651343003,209.71958435308207,216.4690704345703,663200
2022-02-25 00:00:00-05:00,217.78783707399919,223.64900424733204,216.60645340421624,223.50247192382812,685400
2022-02-28 00:00:00-05:00,219.85753908524427,222.40347848470768,215.67229922499243,218.50213623046875,893000
2022-03-01 00:00:00-05:00,218.89595155147077,219.582806043685,213.1080509895155,214.46343994140625,778300
2022-03-02 00:00:00-05:00,216.2034842160123,221.65252717309085,214.53671057257446,220.4161834716797,818400
2022-03-03 00:00:00-05:00,221.6800002145902,223.2826607297033,219.60111666224094,222.6324462890625,716100
2022-03-04 00:00:00-05:00,220.28797343569025,226.54293021593486,220.28797343569025,226.5154571533203,803500
2022-03-07 00:00:00-05:00,226.58872449622442,228.84161346103113,223.9420456491566,223.9878387451172,670700
2022-03-08 00:00:00-05:00,224.1160487436641,224.1160487436641,218.78605103748257,219.74765014648438,605900
2022-03-09 00:00:00-05:00,223.6856042885398,225.87437995987142,222.2386292041735,223.8779296875,523800
2022-03-10 00:00:00-05:00,221.57926565937746,223.96036692159458,220.32461587284212,223.47499084472656,467700
2022-03-11 00:00:00-05:00,225.09596545759743,226.18577690542722,220.3795698357449,220.81915283203125,450000
2022-03-14 00:00:00-04:00,221.62505346186796,223.15444781506517,218.218254001469,219.1707000732422,406600
2022-03-15 00:00:00-04:00,221.24958391954192,221.69833392212567,217.24751588665904,219.99493408203125,533600
2022-03-16 00:00:00-04:00,221.17629410100005,224.19845658748517,217.82445488145956,222.5500030517578,601400
2022-03-17 00:00:00-04:00,221.11220315533967,225.26080322265625,220.95651781203375,225.26080322265625,554300
2022-03-18 00:00:00-04:00,227.11988142196142,227.11988142196142,223.43833749584405,224.72047424316406,1081600
2022-03-21 00:00:00-04:00,225.4348052565838,226.62535583525644,222.6324411704421,224.21678161621094,468600
2022-03-22 00:00:00-04:00,225.2974230401501,226.09418374135106,221.28620236916368,222.60496520996094,566300
2022-03-23 00:00:00-04:00,222.77895749176002,222.77895749176002,220.17807186435402,221.11219787597656,433800
2022-03-24 00:00:00-04:00,220.4161943721586,222.86140883357234,220.25135599000023,222.72402954101562,390700
2022-03-25 00:00:00-04:00,223.9970098778046,226.56126974383787,223.09952381562516,226.4239044189453,550000
2022-03-28 00:00:00-04:00,227.03747409373145,229.18960985932685,225.48060665234328,228.94235229492188,457400
2022-03-29 00:00:00-04:00,231.21354291693993,237.2395341252557,231.21354291693993,236.5160675048828,1088600
2022-03-30 00:00:00-04:00,235.63142690987436,235.63142690987436,230.3144885644877,232.16665649414062,566700
2022-03-31 00:00:00-04:00,232.5997761353607,233.80691162809944,228.68348956636373,228.86778259277344,943000
2022-04-01 00:00:00-04:00,229.853740533049,234.5348558768357,229.46672101250604,234.4611358642578,460400
2022-04-04 00:00:00-04:00,234.08333159815365,235.45634050109987,229.30085288176224,231.3004608154297,431900
2022-04-05 00:00:00-04:00,230.66468122379916,234.38745102335866,228.72956927005083,229.85377502441406,665600
2022-04-06 00:00:00-04:00,229.82610333396087,235.01402105218074,227.20910609152315,234.93109130859375,596400
2022-04-07 00:00:00-04:00,228.15824718801974,230.7752446456152,226.71151814789062,229.76161193847656,1975200
2022-04-08 00:00:00-04:00,229.4482884402004,230.9503038237767,227.90021035164585,230.01039123535156,726500
2022-04-11 00:00:00-04:00,230.36976151054887,230.93186429106078,225.54120624745218,226.91421508789062,1204100
2022-04-12 00:00:00-04:00,226.73915537449264,228.73876342485724,225.31085989261626,227.1261749267578,649700
2022-04-13 00:00:00-04:00,227.11697084464092,228.7848458830149,226.12177165950294,228.17666625976562,564600
2022-04-14 00:00:00-04:00,229.0612713328689,229.8905968803868,226.84050337610128,227.24595642089844,618900
2022-04-18 00:00:00-04:00,227.18148294855925,228.98758842422822,223.45871304980017,224.8870086669922,754900
2022-04-19 00:00:00-04:00,226.5364322941538,229.0244232027577,226.2784192553745,227.53163146972656,592700
2022-04-20 00:00:00-04:00,228.25959755992884,234.12020528853247,228.19508727282172,233.59495544433594,1008300
2022-04-21 00:00:00-04:00,235.1983550313677,238.4880284493013,234.00963899464844,235.90789794921875,1181600
2022-04-22 00:00:00-04:00,236.05533696312415,236.05533696312415,231.0056208678239,231.15306091308594,874800
2022-04-25 00:00:00-04:00,231.2728332524975,231.2728332524975,226.7023045400443,228.91384887695312,951000
2022-04-26 00:00:00-04:00,228.56368315673816,230.65544477316703,224.80406058203783,225.16343688964844,783500
2022-04-27 00:00:00-04:00,225.02519031187,226.5456392423441,221.65257347771475,221.8737335205078,620300
2022-04-28 00:00:00-04:00,220.1690097712797,222.81366453159478,217.92982215323875,220.6942596435547,694300
2022-04-29 00:00:00-04:00,218.71306533484,219.88333364315682,209.07438796815333,209.61805725097656,1427100
2022-05-02 00:00:00-04:00,210.53953863465975,211.65453452071637,199.93331936614013,203.78509521484375,1363200
2022-05-03 00:00:00-04:00,204.70657910152826,206.51268434769244,202.59639812178827,204.97381591796875,851900
2022-05-04 00:00:00-04:00,204.95540990669878,205.5175128028735,198.62485205717184,205.0106964111328,855500
2022-05-05 00:00:00-04:00,205.1489178331218,205.5727903891658,197.5006376968661,199.70297241210938,1107900
2022-05-06 00:00:00-04:00,197.4453646752271,198.21940387788553,193.11441497198206,195.7498321533203,1167400
2022-05-09 00:00:00-04:00,194.4320911237021,194.4320911237021,186.51658898758353,187.72372436523438,1140000
2022-05-10 00:00:00-04:00,189.17968171790938,190.22094364796106,183.37435997199137,184.37876892089844,1098100
2022-05-11 00:00:00-04:00,185.1067413149139,190.61718284864256,184.83950447999206,187.50257873535156,1037000
2022-05-12 00:00:00-04:00,187.52101266653716,188.89402170318007,186.17564688037345,188.06468200683594,1103400
2022-05-13 00:00:00-04:00,189.47453475859376,191.2161297568991,187.77901652905265,190.939697265625,692900
2022-05-16 00:00:00-04:00,191.3174863747398,192.16524546004672,188.5254058246636,188.76499938964844,568600
2022-05-17 00:00:00-04:00,190.552646820778,191.60313237677394,187.4104139421215,191.52020263671875,1032200
2022-05-18 00:00:00-04:00,191.34514211709455,192.36798454801541,184.92243124142453,185.73333740234375,838300
2022-05-19 00:00:00-04:00,184.14839126322119,185.92685334683458,182.1027064109074,183.70608520507812,712100
2022-05-20 00:00:00-04:00,185.53061044033043,185.72412725034846,182.35151015490845,185.17123413085938,846600
2022-05-23 00:00:00-04:00,187.20770743461037,188.53463965993294,183.45728054607625,188.15682983398438,576700
2022-05-24 00:00:00-04:00,188.00018966237553,189.3731846667453,184.45248913054124,188.91244506835938,490200
2022-05-25 00:00:00-04:00,187.88039021192563,189.47454526282561,186.58110118828358,188.8479461669922,578400
2022-05-26 00:00:00-04:00,189.9997859774409,191.09634840288666,189.06908304795036,189.31788635253906,625900
2022-05-27 00:00:00-04:00,190.0919237241694,194.72697668833857,189.33631814838228,194.3491668701172,702300
2022-05-31 00:00:00-04:00,192.6536253551213,193.10514107585573,190.28541752590291,191.6307830810547,1272600
2022-06-01 00:00:00-04:00,191.87958885912172,192.45091546178102,187.1984733486466,191.27142333984375,538300
2022-06-02 00:00:00-04:00,191.29905586559698,192.84713391612374,188.2489484077358,192.5614776611328,609300
2022-06-03 00:00:00-04:00,191.3820090476137,191.9256783776196,188.67285806669463,188.92166137695312,683200
2022-06-06 00:00:00-04:00,190.18405383454808,190.18405383454808,184.0562239932354,185.03298950195312,750500
2022-06-07 00:00:00-04:00,184.29582012729935,188.9677259166409,183.22690099600376,188.76499938964844,577600
2022-06-08 00:00:00-04:00,186.9773380898504,188.2766270686095,183.02418465416304,184.7473602294922,719700
2022-06-09 00:00:00-04:00,184.21291238794737,184.65521847210508,179.40278978317937,179.5686492919922,635800
2022-06-10 00:00:00-04:00,177.6058973070378,180.9692905968305,175.86430226739165,179.1724090576172,870100
2022-06-13 00:00:00-04:00,175.89194744513253,176.95164286020147,171.22004133131298,172.09544372558594,1087800
2022-06-14 00:00:00-04:00,172.8049852708566,174.06740721714667,169.7917444890269,170.6487274169922,969300
2022-06-15 00:00:00-04:00,172.14150088823862,175.2929575850496,170.80535906384034,172.85104370117188,628500
2022-06-16 00:00:00-04:00,169.4139504457173,172.51012100868795,168.95321086230294,171.75450134277344,683600
2022-06-17 00:00:00-04:00,172.18758814387027,176.90555671744028,172.1691546245704,175.99330139160156,2294400
2022-06-21 00:00:00-04:00,176.68440732944825,180.8310632708494,176.1775910133682,176.37109375,1087900
2022-06-22 00:00:00-04:00,175.18238497226793,179.18160072526177,174.55577189880708,176.82261657714844,693500
2022-06-23 00:00:00-04:00,177.2557486107745,181.31025167549433,177.2557486107745,181.06146240234375,678300
2022-06-24 00:00:00-04:00,181.14438272306248,181.54061202972804,179.00654423113,179.82666015625,1164300
2022-06-27 00:00:00-04:00,179.1631992799984,185.87158098549875,178.79461321361865,183.1624298095703,1126500
2022-06-28 00:00:00-04:00,183.45725596152076,186.2493362862054,181.1627821849773,181.58665466308594,470000
2022-06-29 00:00:00-04:00,181.0571424366845,181.6702690698374,179.8030352416289,181.224365234375,386600
2022-06-30 00:00:00-04:00,179.6915725517438,183.4910899140492,178.29811047743456,180.45333862304688,867500
2022-07-01 00:00:00-04:00,180.19321817968302,182.76648198895774,179.09702069620798,182.311279296875,996600
2022-07-05 00:00:00-04:00,181.2522550351329,181.2522550351329,175.30682260050588,180.4161834716797,852200
2022-07-06 00:00:00-04:00,181.26154877911216,182.8315183754408,179.20852251855143,180.23968505859375,600500
2022-07-07 00:00:00-04:00,180.8249252974156,181.60527484265805,178.27024479312365,178.91123962402344,1231300
2022-07-08 00:00:00-04:00,178.5396390894424,179.12489765114216,176.07784777794853,177.02540588378906,749800
2022-07-11 00:00:00-04:00,176.31939752834253,177.78717922732,175.8734936498648,177.01612854003906,611900
2022-07-12 00:00:00-04:00,175.60408597507197,179.58009654729003,175.60408597507197,177.75001525878906,614800
2022-07-13 00:00:00-04:00,176.28223060303597,177.8522000840634,173.93192579091527,177.01612854003906,484500
2022-07-14 00:00:00-04:00,173.8204508666628,176.80246579087495,173.8204508666628,175.70626831054688,559900
2022-07-15 00:00:00-04:00,178.5210556375848,179.89593414170545,176.78387758930302,179.09701538085938,563400
2022-07-18 00:00:00-04:00,179.79373469470448,179.803033512559,176.90462317235753,177.6571044921875,542400
2022-07-19 00:00:00-04:00,179.16205280145815,181.89324055929623,178.13089036584637,181.577392578125,425600
2022-07-20 00:00:00-04:00,181.0664472097122,183.10090390252236,179.8773608260198,180.80633544921875,451200
2022-07-21 00:00:00-04:00,180.54623416517887,182.2741276315935,179.3199807873878,182.12548828125,573800
2022-07-22 00:00:00-04:00,182.95225031826584,185.34900636053885,182.08829661493377,184.16920471191406,472400
2022-07-25 00:00:00-04:00,183.73263312523216,185.8228264060658,183.02661738671705,183.50967407226562,619900
2022-07-26 00:00:00-04:00,183.4446532078777,185.06107444806668,182.49709495155795,183.50967407226562,488400
2022-07-27 00:00:00-04:00,183.62114480535655,188.01519122002662,183.62114480535655,187.7364959716797,818600
2022-07-28 00:00:00-04:00,188.5539746565817,198.6612227848734,188.27527944311254,197.1655731201172,1619000
2022-07-29 00:00:00-04:00,197.80656904359302,200.3148119845576,196.66393417217193,198.74484252929688,890100
2022-08-01 00:00:00-04:00,198.52187423763064,198.52187423763064,192.52070610690862,193.0130615234375,837200
2022-08-02 00:00:00-04:00,192.89231250742702,194.88031786404014,189.24144861994384,190.04965209960938,910900
2022-08-03 00:00:00-04:00,190.9135698216457,192.65076200705704,186.9282749228165,187.69932556152344,960900
2022-08-04 00:00:00-04:00,187.30916936888838,189.54798757591536,185.41405308261525,189.32504272460938,716100
2022-08-05 00:00:00-04:00,188.56328782034703,190.50485579033347,187.0769367487416,190.35621643066406,431200
2022-08-08 00:00:00-04:00,191.80541022165923,193.63549154117365,190.86715086407725,191.7775421142578,352100
2022-08-09 00:00:00-04:00,192.539290078999,196.05081329020558,191.82398977025503,195.474853515625,538800
2022-08-10 00:00:00-04:00,197.8251518483616,199.28364887474146,196.28305050423506,198.54046630859375,464400
2022-08-11 00:00:00-04:00,199.72028971617374,202.5722348720776,199.35799012503207,199.80389404296875,663300
2022-08-12 00:00:00-04:00,201.17875022948905,202.8787755593732,200.76071446722898,202.6651153564453,343700
2022-08-15 00:00:00-04:00,202.8602080165837,204.09574611313127,200.89078611759064,202.8695068359375,310500
2022-08-16 00:00:00-04:00,202.00555379584742,204.6810055753467,202.00555379584742,203.66842651367188,292000
2022-08-17 00:00:00-04:00,202.2192079455297,204.76460375238872,201.7640194099258,204.5788116455078,406400
2022-08-18 00:00:00-04:00,204.38371412174567,204.60667314782287,200.13830720769568,201.1416015625,475300
2022-08-19 00:00:00-04:00,200.51920092963726,200.85363239908673,198.7727239030645,199.7109832763672,574600
2022-08-22 00:00:00-04:00,198.4940227104471,198.80058606285593,191.56387937730025,195.39125061035156,452500
2022-08-23 00:00:00-04:00,195.30765761725564,195.30765761725564,190.6534850221374,191.9912109375,422300
2022-08-24 00:00:00-04:00,192.5485797506929,195.47484422933945,192.01905739596987,195.0568084716797,739300
2022-08-25 00:00:00-04:00,196.32021644741926,198.354673219255,195.20544969128454,198.23390197753906,589100
2022-08-26 00:00:00-04:00,198.23389170851786,199.68308983392367,194.17427719375573,194.45297241210938,692000
2022-08-29 00:00:00-04:00,193.79340583060105,193.79340583060105,190.89500940585836,191.07150268554688,585100
2022-08-30 00:00:00-04:00,191.37807246837275,192.20485938274885,187.9037161692104,188.68405151367188,748700
2022-08-31 00:00:00-04:00,190.1146763060252,190.88572704704885,186.39877731797657,186.64031982421875,1108200
2022-09-01 00:00:00-04:00,185.72061301062038,189.6594706865462,183.75119126017168,189.4736785888672,711700
2022-09-02 00:00:00-04:00,190.0124653214435,192.40922157715897,187.83866808080433,188.12664794921875,689200
2022-09-06 00:00:00-04:00,189.41794987183152,192.8087162862548,189.09281720745454,192.41854858398438,536900
2022-09-07 00:00:00-04:00,192.49286223573287,195.67923879196002,192.49286223573287,195.5027313232422,558000
2022-09-08 00:00:00-04:00,194.42511005299596,197.360673527039,194.30435298019148,196.7847137451172,358200
2022-09-09 00:00:00-04:00,197.14698190099853,200.24046888121248,195.5119917813623,199.22789001464844,557100
2022-09-12 00:00:00-04:00,199.97108654645317,200.7607207024911,198.56833986840488,199.0049591064453,793200
2022-09-13 00:00:00-04:00,195.71638834259727,196.79400242606468,192.5392964827435,193.08740234375,730900
2022-09-14 00:00:00-04:00,192.32564283889874,192.71581053589844,187.96874895985738,190.51414489746094,644900
2022-09-15 00:00:00-04:00,190.5141342466078,190.7556625669534,186.92829131747465,187.0211944580078,434000
2022-09-16 00:00:00-04:00,187.47638386171195,187.98732278695783,184.52225108942895,187.63430786132812,1654100
2022-09-19 00:00:00-04:00,185.64630966862097,185.79494902985198,181.6331461405916,185.45123291015625,627000
2022-09-20 00:00:00-04:00,183.75121838011066,183.75121838011066,177.29484635142376,179.1806640625,839100
2022-09-21 00:00:00-04:00,180.66700073968107,181.17793967397623,175.53907045828984,175.54835510253906,653000
2022-09-22 00:00:00-04:00,175.47402266039313,176.09643398052557,173.41169778471678,175.0931396484375,787600
2022-09-23 00:00:00-04:00,173.22590052976003,178.27022597071345,172.98437222877536,175.40899658203125,703300
2022-09-26 00:00:00-04:00,174.58222093193888,174.58222093193888,169.35210263953047,171.1078643798828,749100
2022-09-27 00:00:00-04:00,172.34339078727788,172.9658021369872,168.54387348080002,168.88760375976562,757100
2022-09-28 00:00:00-04:00,170.8198763625112,173.84832885224807,168.76683599053763,173.17018127441406,710100
2022-09-29 00:00:00-04:00,171.4648674578706,172.57048105215526,168.6633325093259,170.05941772460938,694100
2022-09-30 00:00:00-04:00,171.708508572992,173.72299551251064,170.11566807691517,172.57989501953125,1123400
2022-10-03 00:00:00-04:00,174.875448047324,175.66249657082972,172.57050388908473,174.85670471191406,612400
2022-10-04 00:00:00-04:00,175.71872304212962,177.8456413866794,173.93849208750498,176.29965209960938,791600
2022-10-05 00:00:00-04:00,173.77921073578554,174.06030359829523,168.84139234459093,171.0057830810547,626800
2022-10-06 00:00:00-04:00,170.67785328816157,171.1744444831394,165.95553323047818,166.4333953857422,679400
2022-10-07 00:00:00-04:00,164.85927430816682,165.67444499138236,160.23065690722208,161.4206085205078,728700
2022-10-10 00:00:00-04:00,162.35756045424785,162.71361231348592,159.9964007768857,160.09010314941406,650200
2022-10-11 00:00:00-04:00,160.38057880305334,164.18466109172385,159.1718981224715,163.69744873046875,652200
2022-10-12 00:00:00-04:00,163.39761044232336,163.39761044232336,159.99641699188783,160.84906005859375,835400
2022-10-13 00:00:00-04:00,158.5347659760605,165.2903023098963,157.45725996813297,164.78433227539062,748700
2022-10-14 00:00:00-04:00,166.88311655460106,167.37970769353825,158.71276691065026,158.8907928466797,711900
2022-10-17 00:00:00-04:00,162.0671175833323,164.7280993557835,161.20511000762176,164.32521057128906,1001500
2022-10-18 00:00:00-04:00,166.8643764713824,169.44103459217698,164.9248630657934,166.55517578125,596500
2022-10-19 00:00:00-04:00,164.40952124407607,165.1965697127523,160.77408646451207,162.42315673828125,572300
2022-10-20 00:00:00-04:00,163.09775993288753,164.57815437085978,161.04580108063314,161.18634033203125,1038600
2022-10-21 00:00:00-04:00,161.5892668811057,163.95979124641528,159.4248620155408,163.8660888671875,663700
2022-10-24 00:00:00-04:00,164.99983519389096,166.05859780191196,161.851626632027,162.28262329101562,837900
2022-10-25 00:00:00-04:00,163.23832378299602,167.60459161272533,163.21958044766058,167.52963256835938,617800
2022-10-26 00:00:00-04:00,167.24855100068496,168.41039482121482,162.76048693116832,163.55690002441406,1078000
2022-10-27 00:00:00-04:00,164.33457291512002,165.72127949273397,160.1744388853023,161.47682189941406,1173200
2022-10-28 00:00:00-04:00,160.33370599911746,164.82178362703476,159.56540088871714,164.5313262939453,1123900
2022-10-31 00:00:00-04:00,163.50067401990682,165.20596011865143,162.69488216059443,164.0815887451172,937900
2022-11-01 00:00:00-04:00,165.1591128407424,166.4052801815795,163.81924311756597,164.24087524414062,741700
2022-11-02 00:00:00-04:00,163.46320200608542,165.43082332015237,160.31499360660234,160.3899383544922,958500
2022-11-03 00:00:00-04:00,159.13441601443236,161.32691459389127,155.9768429073404,159.37803649902344,847800
2022-11-04 00:00:00-04:00,154.07478627882105,157.80390925380826,150.50494590635856,156.74513244628906,1839500
2022-11-07 00:00:00-05:00,154.0841491669998,156.73576626867936,150.57052453885152,151.8073272705078,1349100
2022-11-08 00:00:00-05:00,152.91294041173495,152.9972639712354,149.9146502658137,150.89846801757812,907200
2022-11-09 00:00:00-05:00,150.98280525057095,151.75112476531282,148.36867459048574,148.95895385742188,1011900
2022-11-10 00:00:00-05:00,155.2459989069956,161.12078351733172,155.06797296471635,160.98960876464844,1099500
2022-11-11 00:00:00-05:00,160.69913971534362,161.1863663604908,156.36099399030323,156.5764923095703,753200
2022-11-14 00:00:00-05:00,156.41722491270679,159.7528241140228,155.27412438232625,155.9112548828125,1711600
2022-11-15 00:00:00-05:00,157.9819510699006,158.90955322169356,156.1923412958753,158.3192596435547,1070700
2022-11-16 00:00:00-05:00,158.01006745780683,159.07820894922136,155.53647588311114,155.61143493652344,754600
2022-11-17 00:00:00-05:00,153.50323878637104,155.82691193597023,153.13782238664788,154.72129821777344,612600
2022-11-18 00:00:00-05:00,156.8388477868384,158.87206371226947,156.42658017117927,158.525390625,1210800
2022-11-21 00:00:00-05:00,158.04752120823196,160.64292272594568,156.94190746890985,158.05690002441406,813800
2022-11-22 00:00:00-05:00,158.8158631334453,158.94703790574718,157.31671062401395,158.25367736816406,478300
2022-11-23 00:00:00-05:00,157.61653592102033,159.20001189640712,156.41721971538544,157.8976287841797,559700
2022-11-25 00:00:00-05:00,158.57222525319676,159.50919181019444,158.459779544414,159.3405303955078,220000
2022-11-28 00:00:00-05:00,158.7034066193667,161.205105715268,157.07307959527313,157.47598266601562,1788200
2022-11-29 00:00:00-05:00,157.2323493895706,160.2868693939773,156.78260946324966,160.02450561523438,707800
2022-11-30 00:00:00-05:00,159.0032193450491,163.9410370253819,158.0194016163868,163.8754425048828,1176300
2022-12-01 00:00:00-05:00,165.35584676942304,166.48020372942463,161.5142926313364,163.20082092285156,706200
2022-12-02 00:00:00-05:00,160.08076840709646,162.17020017096016,159.83714791199748,161.69235229492188,734400
2022-12-05 00:00:00-05:00,160.17443699835317,161.73916950068883,158.92826970792342,159.56541442871094,919000
2022-12-06 00:00:00-05:00,160.2868893014826,160.2962538209322,155.64889301516877,156.370361328125,599000
2022-12-07 00:00:00-05:00,156.09865393016852,159.4811042021861,156.09865393016852,157.38229370117188,1021700
2022-12-08 00:00:00-05:00,156.76388431305426,160.53049416244687,156.6889252671437,158.9095458984375,666800
2022-12-09 00:00:00-05:00,158.66591572269905,160.48363315819375,158.5159976400453,158.8907928466797,483700
2022-12-12 00:00:00-05:00,158.51601259576466,160.7459978204649,156.38910857246776,160.73663330078125,680900
2022-12-13 00:00:00-05:00,165.4027422950942,165.61824064842892,160.3805998502629,162.47003173828125,791400
2022-12-14 00:00:00-05:00,162.76983999452509,164.297100137867,160.03389921969338,161.23321533203125,716000
2022-12-15 00:00:00-05:00,159.35929930687476,160.55861554856332,157.31670445035752,158.15060424804688,1083500
2022-12-16 00:00:00-05:00,155.37717128979665,156.3516102524418,151.83543872439276,154.5994873046875,2021800
2022-12-19 00:00:00-05:00,154.41211146374576,154.41211146374576,150.28944950049203,151.99473571777344,783900
2022-12-20 00:00:00-05:00,151.32011491843065,151.61995111084872,149.62420755887345,151.04840087890625,642900
2022-12-21 00:00:00-05:00,152.45383339844375,153.53133921043823,151.2076661732908,152.13525390625,718900
2022-12-22 00:00:00-05:00,151.07650580939838,152.34140219210542,149.43681419342622,151.64805603027344,650300
2022-12-23 00:00:00-05:00,151.62930506014126,152.83798567124802,150.33628659018592,152.753662109375,396400
2022-12-27 00:00:00-05:00,153.1472154296686,153.4283083195734,151.1983228358345,152.53819274902344,456000
2022-12-28 00:00:00-05:00,152.92231804833884,153.68125867194172,150.44872690990445,150.92657470703125,420900
2022-12-29 00:00:00-05:00,152.34604124517767,154.36166629046693,151.17261481148617,153.91690063476562,839800
2022-12-30 00:00:00-05:00,153.15040611377273,153.65194794598864,150.9928261156912,152.84759521484375,613100
2023-01-03 00:00:00-05:00,153.58570793465836,154.90107476320867,150.99282022363192,152.8286590576172,646000
2023-01-04 00:00:00-05:00,153.20719162344264,156.81263563707097,152.70564976055755,155.4972686767578,539800
2023-01-05 00:00:00-05:00,153.88851623202285,154.41844610518172,149.22322733342213,149.49765014648438,890000
2023-01-06 00:00:00-05:00,149.7910063422874,155.27013479929943,149.5260414000647,154.84429931640625,586500
2023-01-09 00:00:00-05:00,154.42790926598818,156.17856931892197,152.9800600771191,153.74656677246094,1787300
2023-01-10 00:00:00-05:00,153.3207433008943,154.78752279569375,152.96114183469015,154.23866271972656,661300
2023-01-11 00:00:00-05:00,155.62972816881543,161.07099595696295,155.44992744462533,160.7587127685547,764100
2023-01-12 00:00:00-05:00,161.70504054784433,162.21604027709617,159.47175412763647,161.12779235839844,650900
2023-01-13 00:00:00-05:00,159.29196164662633,160.73035325618957,157.93873425643972,158.83773803710938,555000
2023-01-17 00:00:00-05:00,160.38018731783004,162.25388652059127,159.30139737056123,160.88172912597656,736200
2023-01-18 00:00:00-05:00,161.1656310249002,161.74287918826218,158.2604744541816,159.59475708007812,1061000
2023-01-19 00:00:00-05:00,158.8755981806599,161.53472049068893,158.62956337842382,159.64210510253906,879500
2023-01-20 00:00:00-05:00,159.67046321534897,161.4116800197272,157.9955093075955,161.2034912109375,1568400
2023-01-23 00:00:00-05:00,162.18763191149495,162.7175617687094,160.50320581984664,161.2129364013672,715900
2023-01-24 00:00:00-05:00,162.47154665689962,164.496644249869,160.7681901676012,163.79637145996094,454300
2023-01-25 00:00:00-05:00,163.57872610078311,164.81838669937892,162.93522944867922,164.0518798828125,802100
2023-01-26 00:00:00-05:00,164.72377498892087,166.32302274379163,163.67337294903035,164.13705444335938,681800
2023-01-27 00:00:00-05:00,164.0234943260998,168.96322104139043,164.0234943260998,167.988525390625,835600
2023-01-30 00:00:00-05:00,166.70153343226485,167.90333356634812,163.86261091920656,163.96670532226562,554500
2023-01-31 00:00:00-05:00,163.80584004389178,167.91281127929688,163.77745197300933,167.91281127929688,1746600
2023-02-01 00:00:00-05:00,166.90972615589132,169.31334091997925,165.31992200272123,168.461669921875,762800
2023-02-02 00:00:00-05:00,170.33535096703505,175.80500719292712,170.14609235386192,174.59373474121094,1058800
2023-02-03 00:00:00-05:00,171.28166056935896,171.58448590574872,168.7266331614743,170.57192993164062,936500
2023-02-06 00:00:00-05:00,168.77395967734296,169.83381952751483,167.53428464032928,169.19032287597656,750600
2023-02-07 00:00:00-05:00,167.71407533218624,171.0545396749359,167.01381701866777,170.06092834472656,652200
2023-02-08 00:00:00-05:00,168.78341512811232,172.6159635919818,168.52790804665244,171.84945678710938,1064700
2023-02-09 00:00:00-05:00,174.5653369119768,174.65997343302595,169.21870558133355,170.6854705810547,881400
2023-02-10 00:00:00-05:00,170.03252101569387,170.94098254955742,168.37648292627574,170.60031127929688,793700
2023-02-13 00:00:00-05:00,170.73281068293952,173.1648280778667,170.723352805427,171.4614715576172,1215500
2023-02-14 00:00:00-05:00,171.39520996624492,172.691661061523,169.407972877782,170.4110565185547,990400
2023-02-15 00:00:00-05:00,169.5309816836697,171.433068986877,168.96320585127708,171.4141387939453,621500
2023-02-16 00:00:00-05:00,169.31333222973953,172.75789087205322,168.5468254828863,170.4488983154297,766900
2023-02-17 00:00:00-05:00,170.448914536717,170.448914536717,166.95703730028734,169.64456176757812,2510000
2023-02-21 00:00:00-05:00,169.40796814178452,169.40796814178452,165.71736032723166,166.41763305664062,746800
2023-02-22 00:00:00-05:00,167.2409241169734,168.4616689049953,166.15267624379723,167.09898376464844,732600
2023-02-23 00:00:00-05:00,167.903328697095,169.32278991245929,166.27569312115628,168.2818603515625,577400
2023-02-24 00:00:00-05:00,166.1810536703188,166.89078426549878,164.49662754625214,165.6038055419922,737300
2023-02-27 00:00:00-05:00,167.4585736038685,167.75192660462153,163.2758819456615,163.9383087158203,623500
2023-02-28 00:00:00-05:00,163.7585150843629,165.8214584948519,163.15287886445262,163.25697326660156,945500
2023-03-01 00:00:00-05:00,161.88483052327615,162.81220782773562,157.53181025910834,159.1783905029297,614400
2023-03-02 00:00:00-05:00,158.06173709685797,161.07100238928086,157.43717069509958,160.57891845703125,697400
2023-03-03 00:00:00-05:00,161.81856620395456,164.3073592989611,161.55360128579855,163.40835571289062,759200
2023-03-06 00:00:00-05:00,164.60072727662634,165.81199970981166,164.08971314541938,165.31991577148438,540000
2023-03-07 00:00:00-05:00,165.23474814939976,165.33884254882813,161.19401120368835,161.58200073242188,676600
2023-03-08 00:00:00-05:00,161.41167876544304,165.44294355616876,161.41167876544304,164.3736114501953,550300
2023-03-09 00:00:00-05:00,164.61017100232726,165.31044368361188,161.69554244819025,161.7996368408203,1030500
2023-03-10 00:00:00-05:00,161.81859168188123,162.8784515213775,154.89161345786874,156.6422882080078,1079000
2023-03-13 00:00:00-04:00,156.1407398962859,160.89120766225298,155.62026787539693,159.33926391601562,874500
2023-03-14 00:00:00-04:00,161.75234255580386,162.7554406877746,159.65155307960168,161.07101440429688,1218700
2023-03-15 00:00:00-04:00,159.84082216469642,161.8280594856481,157.88195847742807,160.80604553222656,727300
2023-03-16 00:00:00-04:00,159.96381804531455,159.96381804531455,155.45939941404225,156.5760498046875,930500
2023-03-17 00:00:00-04:00,156.4624789735893,156.8220804451256,152.5826268776453,152.83811950683594,1099300
2023-03-20 00:00:00-04:00,152.932765772908,154.27652077909022,151.702563053598,153.9263916015625,709900
2023-03-21 00:00:00-04:00,154.6834298428428,155.1944295379385,150.7562450658313,152.43121337890625,879600
2023-03-22 00:00:00-04:00,150.92659668685621,151.92968038178898,147.2549187639636,147.4252471923828,847400
2023-03-23 00:00:00-04:00,147.69022247335695,149.28947006267336,145.75974703472147,145.797607421875,735200
2023-03-24 00:00:00-04:00,144.97430606248687,149.3178540205189,144.85129590639343,149.26107788085938,679900
2023-03-27 00:00:00-04:00,150.24525422668992,151.62685516788895,149.80048852163762,150.09384155273438,803100
2023-03-28 00:00:00-04:00,148.75006806413722,150.82248365775132,148.134959567493,148.8730926513672,805300
2023-03-29 00:00:00-04:00,151.4943642058663,153.72765048339275,151.00229470232287,153.49107360839844,814500
2023-03-30 00:00:00-04:00,155.37446943582376,156.69378490482978,155.13546121321852,156.08192443847656,520700
2023-03-31 00:00:00-04:00,156.9519158659716,160.8812115789505,156.9519158659716,160.67088317871094,1381400
2023-04-03 00:00:00-04:00,160.86209008838716,162.84108518848845,159.2750865652785,159.73397827148438,1225000
2023-04-04 00:00:00-04:00,160.25022419169352,160.77604518511788,156.96146880144354,158.97869873046875,1206100
2023-04-05 00:00:00-04:00,158.63451845058847,160.24066117015377,158.31904045807872,159.00738525390625,1099900
2023-04-06 00:00:00-04:00,160.3458141967441,160.81427549647233,158.3190294323484,160.79515075683594,544600
2023-04-10 00:00:00-04:00,160.61351735820782,161.4548309267847,159.31331211036334,161.2062530517578,842000
2023-04-11 00:00:00-04:00,161.01506189777498,164.07436431017052,160.90989769354087,162.81240844726562,867600
2023-04-12 00:00:00-04:00,164.31335528607582,165.73784943241904,162.34393002075902,162.6116180419922,1056700
2023-04-13 00:00:00-04:00,162.68810857048277,163.64414142187275,160.76648779083425,162.59251403808594,857200
2023-04-14 00:00:00-04:00,162.99404424932266,163.90227253033305,160.73780616193815,162.39173889160156,836100
2023-04-17 00:00:00-04:00,162.6976881771521,166.37842104510608,162.38221012598422,166.36886596679688,1425600
2023-04-18 00:00:00-04:00,166.03423350260545,167.00939115408815,165.36501338409946,165.6996307373047,921600
2023-04-19 00:00:00-04:00,164.77227662878857,167.6308056718332,164.77227662878857,167.5543212890625,737000
2023-04-20 00:00:00-04:00,167.19103416648832,167.74553498559266,164.6671079551985,165.6135711669922,707000
2023-04-21 00:00:00-04:00,166.46442697609737,166.46442697609737,163.5963285673409,165.70916748046875,423700
2023-04-24 00:00:00-04:00,165.8717011178112,166.04378003032176,163.8735959426186,165.4701690673828,1177500
2023-04-25 00:00:00-04:00,164.81049873611207,165.10686657890864,163.38600456987643,164.04566955566406,587900
2023-04-26 00:00:00-04:00,163.37644711931625,165.8334584552699,162.67854724920343,163.53897094726562,1164900
2023-04-27 00:00:00-04:00,166.85641551430766,170.1164910997647,166.4548834597443,169.8392333984375,1575700
2023-04-28 00:00:00-04:00,170.98647683762408,174.925327414282,169.5333028568762,172.43963623046875,1095300
2023-05-01 00:00:00-04:00,172.8507511626773,174.23699594949574,172.13372648798804,173.6824951171875,672500
2023-05-02 00:00:00-04:00,172.74557956485248,173.49128402757287,167.74553179868784,170.41285705566406,896300
2023-05-03 00:00:00-04:00,171.62701308824222,172.535241334618,169.72450255630963,169.98263549804688,676600
2023-05-04 00:00:00-04:00,169.82968617350375,171.2924153641512,168.43387170109207,170.43199157714844,625500
2023-05-05 00:00:00-04:00,170.86219587919763,173.2522780567962,170.19297578705084,171.84690856933594,755700
2023-05-08 00:00:00-04:00,170.72836204240124,172.7933966680947,170.35550978397646,172.4300994873047,533200
2023-05-09 00:00:00-04:00,170.9864696977346,172.1528308642767,169.51417103732456,171.43580627441406,340100
2023-05-10 00:00:00-04:00,172.85073917641174,173.75896745045657,171.10119734094266,172.22930908203125,489300
2023-05-11 00:00:00-04:00,170.96737027441472,172.7073426177622,169.77232911434743,172.4300994873047,573800
2023-05-12 00:00:00-04:00,172.9176606201821,172.9176606201821,170.70922702337927,172.25799560546875,404200
2023-05-15 00:00:00-04:00,172.9367739044655,173.78764251932577,169.92527639705858,170.80482482910156,703500
2023-05-16 00:00:00-04:00,170.80483632560086,170.99603998232266,167.5256359906014,167.5734405517578,611200
2023-05-17 00:00:00-04:00,168.17575957078725,169.47596496502928,167.1814771345348,169.38035583496094,582300
2023-05-18 00:00:00-04:00,168.41473751956778,169.60977849097495,166.77991505200566,168.19483947753906,567900
2023-05-19 00:00:00-04:00,169.6193532608735,170.65187053059873,167.77421678898315,168.49124145507812,598200
2023-05-22 00:00:00-04:00,168.44342279728164,170.04955091273513,167.79331290204837,168.9501190185547,529500
2023-05-23 00:00:00-04:00,169.09353858666935,170.13562556055632,167.17191766122372,167.43960571289062,528100
2023-05-24 00:00:00-04:00,167.0189396470256,167.0189396470256,163.76843372076954,164.48545837402344,773500
2023-05-25 00:00:00-04:00,165.2789571276968,165.38412132048265,162.46821832769567,162.97491455078125,577200
2023-05-26 00:00:00-04:00,161.8276869770604,164.24644895599545,160.24066892169245,164.1795196533203,767600
2023-05-30 00:00:00-04:00,165.0016998128424,166.61739760203497,163.9883073644005,165.1355438232422,557500
2023-05-31 00:00:00-04:00,165.5848924420124,167.36311418816624,164.94435216085807,166.33059692382812,1204500
2023-06-01 00:00:00-04:00,166.24456785503187,169.2560657899626,164.5045954846889,168.9214630126953,783200
2023-06-02 00:00:00-04:00,170.61363355163462,173.7589752965085,170.56582899023084,173.233154296875,702000
2023-06-05 00:00:00-04:00,173.51998593746728,175.2982078644749,172.6691171684527,173.529541015625,664000
2023-06-06 00:00:00-04:00,174.39952017853176,175.38423290025585,172.64997821786253,175.0209503173828,463000
2023-06-07 00:00:00-04:00,175.78575774782794,178.6538563351335,175.05917802402257,177.92727661132812,452400
2023-06-08 00:00:00-04:00,177.03816748992307,178.43398195892235,175.17390623070503,178.20452880859375,606800
2023-06-09 00:00:00-04:00,179.02672583453747,180.49902475391244,178.4626698923962,180.0305633544922,697000
2023-06-12 00:00:00-04:00,179.84890699200042,179.963640861378,178.1280594182871,179.28485107421875,619500
2023-06-13 00:00:00-04:00,178.15674255657373,181.12043589042258,177.80300045226974,180.76670837402344,525600
2023-06-14 00:00:00-04:00,181.43591244492106,182.6022736847038,180.2695512051383,181.79920959472656,723600
2023-06-15 00:00:00-04:00,181.93305537055943,182.50666633127906,180.14526401049554,182.15293884277344,599500
2023-06-16 00:00:00-04:00,183.00382786542542,184.41875256480336,182.40152243113718,183.98854064941406,1636400
2023-06-20 00:00:00-04:00,183.4340366478904,183.6348099851925,180.94835974148063,181.83746337890625,975200
2023-06-21 00:00:00-04:00,180.67109066619597,181.25427131002533,178.93111839982402,181.0535125732422,741500
2023-06-22 00:00:00-04:00,181.17776393969052,181.17776393969052,174.60026844003298,176.85650634765625,617100
2023-06-23 00:00:00-04:00,176.40718792976406,176.62707140359663,173.22359674606824,173.3956756591797,965800
2023-06-26 00:00:00-04:00,171.91384638232088,177.97509158364844,171.60790884625035,177.84124755859375,605600
2023-06-27 00:00:00-04:00,178.462661523201,180.13571911536397,177.20070566796556,179.6481475830078,445300
2023-06-28 00:00:00-04:00,178.98847232799363,180.35559230881546,177.6787119844226,178.54869079589844,577800
2023-06-29 00:00:00-04:00,178.28826051908612,181.82817397187253,177.51661393104396,181.3748321533203,583100
2023-06-30 00:00:00-04:00,182.5515785560734,183.7186959717506,179.73508119480692,182.5612335205078,1160100
2023-07-03 00:00:00-04:00,181.84747641897832,184.66397406714492,181.5774023101086,183.74765014648438,412400
2023-07-05 00:00:00-04:00,183.18820600375344,185.657463399784,181.08548406173634,183.41004943847656,740500
2023-07-06 00:00:00-04:00,181.32662107738122,185.88896012692337,178.12429280214408,185.58995056152344,761600
2023-07-07 00:00:00-04:00,184.7314861664898,185.51277297440663,183.77657189129476,184.2974395751953,537400
2023-07-10 00:00:00-04:00,183.39076262747253,185.76355859558868,183.19783994172982,185.4934844970703,558900
2023-07-11 00:00:00-04:00,186.26514160540685,187.3454380604891,185.05944834109707,187.28756713867188,607300
2023-07-12 00:00:00-04:00,189.51566557711865,191.17470050801833,187.248971314482,187.44187927246094,710700
2023-07-13 00:00:00-04:00,187.4418930155501,188.88872488337338,186.7667077541529,188.78262329101562,402600
2023-07-14 00:00:00-04:00,188.82118796026006,191.01073084659262,188.09777206863748,190.89498901367188,639700
2023-07-17 00:00:00-04:00,190.35485421055495,190.8081960452585,186.58344223161046,187.1911163330078,984800
2023-07-18 00:00:00-04:00,187.66373221413195,187.66373221413195,184.5578653638344,186.20726013183594,831000
2023-07-19 00:00:00-04:00,187.28755119894865,187.58656074817964,184.82793420550342,187.538330078125,956600
2023-07-20 00:00:00-04:00,187.87593267421204,190.00760468974858,185.81178654128178,189.81468200683594,551100
2023-07-21 00:00:00-04:00,190.1137111127507,190.9818043361959,189.6217788639217,190.37413024902344,527600
2023-07-24 00:00:00-04:00,190.49952052236503,191.61840731444616,189.07198393263673,189.5156707763672,512200
2023-07-25 00:00:00-04:00,188.81154621174767,189.727870056928,185.3680795304041,185.63816833496094,757600
2023-07-26 00:00:00-04:00,185.4356312061693,187.2586389034319,183.2943187086944,184.95335388183594,963400
2023-07-27 00:00:00-04:00,185.33915079417477,185.41631692428479,178.70302550199193,179.773681640625,984300
2023-07-28 00:00:00-04:00,181.259093203145,182.36833979047614,177.70953944672868,179.5325469970703,770300
2023-07-31 00:00:00-04:00,179.83155373335333,183.14962376008503,179.5036087166945,181.9632110595703,1542800
2023-08-01 00:00:00-04:00,182.77343421736668,183.5836564504956,180.02444805461732,181.21084594726562,801400
2023-08-02 00:00:00-04:00,180.08233158889337,181.55809887334772,178.7801917768107,179.52288818359375,828000
2023-08-03 00:00:00-04:00,178.95380915628823,178.95380915628823,173.9670637687437,177.85421752929688,880400
2023-08-04 00:00:00-04:00,178.00854329208323,180.64177306513585,177.5166110572288,178.29791259765625,615500
2023-08-07 00:00:00-04:00,179.36858500508768,181.61598433537054,178.40403037759148,181.20123291015625,575000
2023-08-08 00:00:00-04:00,179.18529388742965,180.2077193042801,177.58412988243225,178.8669891357422,563700
2023-08-09 00:00:00-04:00,178.14359566422047,179.63865827335252,177.67095860052692,178.7609100341797,454200
2023-08-10 00:00:00-04:00,179.20458650453833,181.7510099723812,178.22075144323483,178.6065673828125,371700
2023-08-11 00:00:00-04:00,178.03749018640312,181.0179603739956,177.90245313085336,180.64178466796875,426300
2023-08-14 00:00:00-04:00,180.5067448679854,180.5067448679854,176.05050738466076,176.26271057128906,676200
2023-08-15 00:00:00-04:00,175.13417461668513,175.36565828644277,173.25328149229892,174.05386352539062,495000
2023-08-16 00:00:00-04:00,174.1117391320093,174.86409051485242,173.0410829767426,173.56195068359375,461500
2023-08-17 00:00:00-04:00,173.62945626684268,175.64538642737114,172.63596627482985,172.66490173339844,604700
2023-08-18 00:00:00-04:00,171.79682208020003,173.98636516470327,170.9576642797064,172.95428466796875,365800
2023-08-21 00:00:00-04:00,172.93496672778832,173.19540055913927,169.75194870921774,171.29522705078125,458600
2023-08-22 00:00:00-04:00,172.4816444205003,173.33044238050343,171.15055448790537,171.39169311523438,651900
2023-08-23 00:00:00-04:00,172.6166955052229,174.2950110684839,171.32418117196545,174.2467803955078,317300
2023-08-24 00:00:00-04:00,174.4686360328118,177.91208820823056,174.0152942056543,174.4493408203125,550100
2023-08-25 00:00:00-04:00,175.19204482795104,176.63887662984123,174.7579835130366,175.01841735839844,398600
2023-08-28 00:00:00-04:00,175.58750515946952,177.55520469867906,175.58750515946952,175.82864379882812,335900
2023-08-29 00:00:00-04:00,175.8383051759648,177.55521117337165,175.09559401863507,177.40087890625,551800
2023-08-30 00:00:00-04:00,178.2110931777579,179.43608157602998,177.52626768999974,178.596923828125,390400
2023-08-31 00:00:00-04:00,178.70302928333,178.72230977781467,176.81249585046714,177.30442810058594,750500
2023-09-01 00:00:00-04:00,178.04711375060668,178.5390459709635,174.53613591736297,174.92196655273438,552100
2023-09-05 00:00:00-04:00,175.11488903907693,176.050508170313,173.378687830704,173.40762329101562,641200
2023-09-06 00:00:00-04:00,173.2339888625258,173.69697088754108,171.51708308174148,173.0121307373047,519300
2023-09-07 00:00:00-04:00,172.65525763036277,176.86071589097054,172.00900787354084,174.79656982421875,822600
2023-09-08 00:00:00-04:00,175.153457403306,175.2402637806014,172.4719969286619,172.9253387451172,520800
2023-09-11 00:00:00-04:00,173.47515318850265,173.7162918419657,171.79682286194299,173.16648864746094,435300
2023-09-12 00:00:00-04:00,172.70350025894234,174.89304327360193,171.19879747104758,174.53614807128906,482800
2023-09-13 00:00:00-04:00,174.55544640601147,175.38496394724353,172.69384838250699,173.6198272705078,481800
2023-09-14 00:00:00-04:00,175.7804261119895,177.47803681787803,174.71941022210018,176.95718383789062,717900
2023-09-15 00:00:00-04:00,177.02469276182467,177.99888754443768,176.25304618966808,177.37193298339844,1391200
2023-09-18 00:00:00-04:00,177.54556275981878,177.54556275981878,174.22749275899108,175.52963256835938,450900
2023-09-19 00:00:00-04:00,175.83828564159313,176.35913858784681,173.94775237421536,174.82550048828125,381400
2023-09-20 00:00:00-04:00,176.3977566860818,177.42018224621057,175.43320204929077,176.204833984375,500300
2023-09-21 00:00:00-04:00,175.28849861099945,175.4814065822114,173.0410846874401,173.14718627929688,690000
2023-09-22 00:00:00-04:00,173.1182522402071,173.5812490364371,171.10233669631936,171.34347534179688,772500
2023-09-25 00:00:00-04:00,170.73578368466195,172.00900266643688,170.0413032796817,171.29522705078125,841400
2023-09-26 00:00:00-04:00,169.80983287135948,170.96729539731717,168.2665396914595,168.7681121826172,715300
2023-09-27 00:00:00-04:00,169.202173273145,170.01239563887376,165.34395471108147,166.3278045654297,872100
2023-09-28 00:00:00-04:00,166.84394238798606,168.8209035419727,166.53229587104047,166.81471252441406,732800
2023-09-29 00:00:00-04:00,168.96698681039697,169.94085993322346,165.48051924746318,167.2529754638672,930200
2023-10-02 00:00:00-04:00,166.33752100270496,167.5256473203054,162.7926236718659,163.6983184814453,713700
2023-10-03 00:00:00-04:00,162.188822577148,163.5035572308535,161.32207609629845,163.03610229492188,658100
2023-10-04 00:00:00-04:00,164.26319087762482,164.89621737376518,161.9064195165983,163.90286254882812,906200
2023-10-05 00:00:00-04:00,163.63989737599812,166.05509852636203,163.61068237152742,165.81163024902344,741700
2023-10-06 00:00:00-04:00,164.48716713639442,168.86959625931922,162.92897903098492,167.5061798095703,556800
2023-10-09 00:00:00-04:00,166.47387791807373,170.27197724258448,166.47387791807373,169.658447265625,438300
2023-10-10 00:00:00-04:00,169.06438866558344,171.61593162192406,168.9572620222189,169.44419860839844,558900
2023-10-11 00:00:00-04:00,170.65179179143178,172.94039968998644,170.0869435683816,172.78457641601562,794800
2023-10-12 00:00:00-04:00,172.23918784726482,172.43395948482154,170.7491632727767,172.03466796875,461400
2023-10-13 00:00:00-04:00,172.72614260216656,172.86248424885923,170.88552294175273,171.81069946289062,603800
2023-10-16 00:00:00-04:00,173.17411229149053,174.12850371639135,170.8075930608214,173.62208557128906,648400
2023-10-17 00:00:00-04:00,172.53137145287494,175.07318097809738,172.48267482317144,174.59597778320312,815800
2023-10-18 00:00:00-04:00,173.51496378166777,174.0992935700173,170.50569954995254,170.86602783203125,545800
2023-10-19 00:00:00-04:00,169.7071410857896,171.79122917135606,168.1781678655994,168.5287628173828,773900
2023-10-20 00:00:00-04:00,169.69739003726397,169.85321330186292,165.00331449706073,165.17861938476562,831100
2023-10-23 00:00:00-04:00,163.81521747111276,165.3344572851278,162.32517780415495,162.4712677001953,842500
2023-10-24 00:00:00-04:00,163.20166126707494,165.05201427408923,162.8413329634234,164.87672424316406,655300
2023-10-25 00:00:00-04:00,163.67887237792274,164.43849226896725,160.80593461088546,160.86436462402344,716600
2023-10-26 00:00:00-04:00,161.79928720083728,165.3441849305847,160.43587071252105,163.3964385986328,1336900
2023-10-27 00:00:00-04:00,163.53277122842655,164.8864542600708,157.74796256394893,158.34202575683594,1053500
2023-10-30 00:00:00-04:00,160.0268327923929,160.9227942492387,156.2579338407316,158.40045166015625,767900
2023-10-31 00:00:00-04:00,159.69571797601768,161.48765589937386,157.75771988159275,161.4097442626953,1082100
2023-11-01 00:00:00-04:00,160.9130452570835,161.30260340614925,157.62136434319052,159.5885772705078,747000
2023-11-02 00:00:00-04:00,162.1888261905212,165.0325488361149,161.5460812118423,163.53277587890625,924200
2023-11-03 00:00:00-04:00,166.386226813676,170.2427560082119,165.93823864455092,166.8439483642578,609300
2023-11-06 00:00:00-05:00,165.56816249126538,165.87980902009645,162.94845630138562,164.701416015625,568000
2023-11-07 00:00:00-05:00,165.0228084664788,165.88955500798568,162.6076071249977,163.01663208007812,492800
2023-11-08 00:00:00-05:00,163.6204227144988,165.06176567695726,163.10427113339037,164.5748291015625,494200
2023-11-09 00:00:00-05:00,165.0714973387688,165.0714973387688,161.37077643230535,162.0232696533203,526100
2023-11-10 00:00:00-05:00,163.4159223707816,164.2437056566667,161.3123527381935,163.8054656982422,457000
2023-11-13 00:00:00-05:00,162.51995087636024,163.17244408296523,160.455329758911,160.9714813232422,512000
2023-11-14 00:00:00-05:00,165.64608457605132,170.4472870504647,165.21757800193123,167.37957763671875,1245300
2023-11-15 00:00:00-05:00,167.0289654702431,168.58716833174242,166.27909390300948,166.49334716796875,701900
2023-11-16 00:00:00-05:00,167.23348583531674,167.74963737689728,165.1396646655182,165.3831329345703,670700
2023-11-17 00:00:00-05:00,166.97054240965022,166.97054240965022,162.9971383216395,164.62350463867188,833000
2023-11-20 00:00:00-05:00,163.88338298724517,166.71735760164498,162.24728312333968,166.6978759765625,1035800
2023-11-21 00:00:00-05:00,166.26936725212062,167.68148041989977,165.42210232347827,166.28884887695312,682800
2023-11-22 00:00:00-05:00,168.33398368967465,168.68457862592766,167.06794559430963,168.01260375976562,799600
2023-11-24 00:00:00-05:00,167.7983412980344,168.8403778076172,167.04845483591671,168.8403778076172,414800
2023-11-27 00:00:00-05:00,168.34371956459125,168.92804942037415,167.10689645725526,167.3893280029297,881100
2023-11-28 00:00:00-05:00,166.72707953099075,169.05463575423883,165.84085140219076,167.67173767089844,890400
2023-11-29 00:00:00-05:00,170.26223743115074,170.5544023358781,166.07458009038982,166.3667449951172,899700
2023-11-30 00:00:00-05:00,166.41543940043715,168.62612062907732,166.09405949554088,168.42161560058594,1353400
2023-12-01 00:00:00-05:00,168.38265626783488,173.32993349371247,167.79834131272892,173.29098510742188,1174600
2023-12-04 00:00:00-05:00,172.05417050305098,174.39147501819238,172.05417050305098,173.09622192382812,1011000
2023-12-05 00:00:00-05:00,172.16129299893336,172.75535621045864,169.80452177652361,171.16793823242188,1195900
2023-12-06 00:00:00-05:00,171.6451504362737,172.44373358818504,170.18434064532667,170.41807556152344,933800
2023-12-07 00:00:00-05:00,170.65177694210652,171.62565002949418,169.24939731864842,170.79786682128906,679000
2023-12-08 00:00:00-05:00,170.42779827524893,171.21663313536013,169.4052285135725,171.158203125,588600
2023-12-11 00:00:00-05:00,170.3693658475177,171.05107405892102,169.12280944377326,170.82708740234375,691800
2023-12-12 00:00:00-05:00,171.10950239901123,172.1223387547496,169.6779077389695,170.26223754882812,842100
2023-12-13 00:00:00-05:00,170.1356306554674,180.4684250265621,170.1356306554674,179.1731719970703,954600
2023-12-14 00:00:00-05:00,182.270102305396,188.27889785718537,182.270102305396,186.4382781982422,1794500
2023-12-15 00:00:00-05:00,185.60073911025415,185.69811750519173,180.25417038603996,182.98101806640625,1647000
2023-12-18 00:00:00-05:00,183.08815808954557,185.62996768721501,181.97794325723737,184.8800811767578,844400
2023-12-19 00:00:00-05:00,185.47413027083954,186.4967000052955,182.7375492175723,184.64634704589844,834700
2023-12-20 00:00:00-05:00,184.64635213188888,185.35727535880247,181.21831453971853,181.33517456054688,902600
2023-12-21 00:00:00-05:00,182.96154870398837,183.33162526587407,180.7021706643647,181.77342224121094,841400
2023-12-22 00:00:00-05:00,182.95179752809622,184.51000040120948,182.11426608431955,182.3966827392578,627100
2023-12-26 00:00:00-05:00,182.2116672649115,183.8769819836409,182.2116672649115,183.3121337890625,700400
2023-12-27 00:00:00-05:00,183.5556089450866,184.66582375253194,182.6791290455706,184.5392303466797,638000
2023-12-28 00:00:00-05:00,183.9988747409547,186.33705743097406,183.7729205705268,186.26829528808594,538700
2023-12-29 00:00:00-05:00,185.4626995558627,186.24864471208338,183.82204709973018,183.93011474609375,800700
2024-01-02 00:00:00-05:00,182.50559809448458,184.96166734540103,182.49576422346038,184.86341857910156,758600
2024-01-03 00:00:00-05:00,183.59609495715142,183.59609495715142,179.61725973968902,180.0691680908203,1105200
2024-01-04 00:00:00-05:00,179.75480645291722,181.32669684774766,179.05727615516355,180.36390686035156,661600
2024-01-05 00:00:00-05:00,178.44816840831686,181.0909013432202,178.34991964118416,179.46006774902344,678100
2024-01-08 00:00:00-05:00,178.88043176368865,181.88665803221082,178.88043176368865,181.2971954345703,814800
2024-01-09 00:00:00-05:00,179.5092030131744,181.0024974182927,178.45799810563526,179.89234924316406,787600
2024-01-10 00:00:00-05:00,180.85512388094384,181.2579228628414,179.7449906987918,180.4818115234375,800000
2024-01-11 00:00:00-05:00,179.30287772212458,180.904239702213,178.59552856470253,179.53866577148438,1018800
2024-01-12 00:00:00-05:00,181.45439918440871,182.3877025320997,179.08674475145912,179.3323516845703,1002600
2024-01-16 00:00:00-05:00,178.42851440331566,179.05726753283932,176.17876156209022,176.98434448242188,862700
2024-01-17 00:00:00-05:00,174.33178735100563,177.38713800972357,172.02309131682551,175.24545288085938,1353800
2024-01-18 00:00:00-05:00,174.65598368981827,175.815256093853,173.04480296860933,174.3809051513672,986100
2024-01-19 00:00:00-05:00,174.38092384897325,177.74082492087456,173.89952885973932,177.25942993164062,1046600
2024-01-22 00:00:00-05:00,177.78011193053712,179.037618107657,175.98226755450096,178.03553771972656,701700
2024-01-23 00:00:00-05:00,178.320448247112,178.83131485370075,174.96054727775982,176.43418884277344,639400
2024-01-24 00:00:00-05:00,177.84887528300325,177.84887528300325,172.77954503967078,172.93673706054688,908900
2024-01-25 00:00:00-05:00,174.6559953230742,174.99001714334773,172.33746535123117,173.02516174316406,1041700
2024-01-26 00:00:00-05:00,173.91916296382658,174.5282633003031,172.28832949254084,174.3809051513672,790000
2024-01-29 00:00:00-05:00,174.46932405606753,175.9331466620298,173.61461679125637,175.14720153808594,667400
2024-01-30 00:00:00-05:00,174.40058109658355,176.434198775649,173.91918609494098,175.30441284179688,709400
2024-01-31 00:00:00-05:00,176.9155847334814,179.51901218222457,174.71494125502832,175.8643798828125,1542500
2024-02-01 00:00:00-05:00,169.28211141108065,175.540170945607,168.97756122830216,175.0194854736328,1716200
2024-02-02 00:00:00-05:00,172.91709850677535,174.0763710175926,170.26454664700552,171.98379516601562,1446400
2024-02-05 00:00:00-05:00,169.7831559976522,170.3627847213462,166.88498239786912,167.0028839111328,874900
2024-02-06 00:00:00-05:00,167.01270979841263,169.93052128061393,167.01270979841263,169.71438598632812,1291400
2024-02-07 00:00:00-05:00,169.86175299845522,170.75576585408007,167.94602187258621,170.37261962890625,995500
2024-02-08 00:00:00-05:00,170.20559799888056,171.7087111715662,169.832270678121,171.46310424804688,818500
2024-02-09 00:00:00-05:00,171.09961336841542,171.5613555908203,170.1368234204842,171.5613555908203,799600
2024-02-12 00:00:00-05:00,171.8069634103893,172.58307470851068,170.38243123265423,171.2960968017578,625700
2024-02-13 00:00:00-05:00,168.58459959303272,169.25264323461408,166.3937750251629,169.08563232421875,825400
2024-02-14 00:00:00-05:00,169.989460763938,171.25680086957976,169.13475347687043,170.1663055419922,830400
2024-02-15 00:00:00-05:00,170.4904924240042,174.8524737071948,170.4904924240042,174.67564392089844,673500
2024-02-16 00:00:00-05:00,172.81886969016384,174.7444196919682,172.50448561357496,174.00759887695312,627400
2024-02-20 00:00:00-05:00,173.2216647288874,175.02932815620562,172.0329205784644,173.24130249023438,738600
2024-02-21 00:00:00-05:00,173.58516769662862,175.56967601932965,173.18236870709842,175.1374053955078,543700
2024-02-22 00:00:00-05:00,175.1766808048703,175.2650957001209,172.94656572827787,173.02516174316406,818100
2024-02-23 00:00:00-05:00,172.897453785999,173.2805999837581,171.9739693630266,172.31781005859375,601400
2024-02-26 00:00:00-05:00,172.48483779676192,173.6342764022999,169.95999142231392,170.569091796875,581600
2024-02-27 00:00:00-05:00,171.73819407418273,172.90728550536633,170.70664192957028,171.30592346191406,735900
2024-02-28 00:00:00-05:00,170.25473698630873,174.47917943134843,169.81264748418258,173.27078247070312,750500
2024-02-29 00:00:00-05:00,174.8131869973592,175.74649031241714,172.86798435251697,173.91917419433594,1445900
2024-03-01 00:00:00-05:00,172.94656985656303,175.3535297717685,171.39434724514413,175.00967407226562,832800
2024-03-04 00:00:00-05:00,175.5303575650957,182.0340242237831,175.25527900489277,181.9161376953125,910900
2024-03-05 00:00:00-05:00,180.87476970767977,182.18140038556422,179.60744453370654,180.5112762451172,729700
2024-03-06 00:00:00-05:00,181.58210062769382,181.59191950735635,179.44040059943677,181.00247192382812,778000
2024-03-07 00:00:00-05:00,181.84737210477923,183.134349985054,180.64880911918203,181.77859497070312,665100
2024-03-08 00:00:00-05:00,183.0950460907868,183.75327085248546,181.11055292530395,183.66485595703125,781900
2024-03-11 00:00:00-04:00,183.66484590854665,184.02835433217672,181.38562155892464,181.44456481933594,507600
2024-03-12 00:00:00-04:00,180.71757219579086,182.17156099262817,179.23411176724215,180.5996856689453,578900
2024-03-13 00:00:00-04:00,180.80597811009238,183.63537453910212,180.72739708986992,182.9673309326172,742300
2024-03-14 00:00:00-04:00,182.0929824021162,182.0929824021162,177.75063872361613,179.1751708984375,649000
2024-03-15 00:00:00-04:00,176.78785378458366,181.23824986916387,176.78785378458366,180.58985900878906,1318300
2024-03-18 00:00:00-04:00,180.8158198841398,181.41510137646083,178.9197266416198,179.34217834472656,839600
2024-03-19 00:00:00-04:00,179.66639460076223,180.24602338480776,178.163281318389,178.95904541015625,386800
2024-03-20 00:00:00-04:00,177.6327535268198,180.90423963094358,176.71910294339304,180.4523162841797,751100
2024-03-21 00:00:00-04:00,181.27755622808934,182.9476802538698,179.9610917692835,181.5428009033203,570200
2024-03-22 00:00:00-04:00,181.85719080900998,182.1420882440254,179.4797175913759,179.95127868652344,544600
2024-03-25 00:00:00-04:00,180.95336095356708,180.95336095356708,178.63483097563608,178.81166076660156,481200
2024-03-26 00:00:00-04:00,179.22427607592115,179.35199647247794,177.47555598907405,177.49520874023438,552300
2024-03-27 00:00:00-04:00,179.42915212825923,182.4738614848099,178.95311173864405,182.17633056640625,984600
2024-03-28 00:00:00-04:00,183.2870945850091,185.18135910802962,183.2870945850091,184.03091430664062,730700
2024-04-01 00:00:00-04:00,183.8028018448813,183.8028018448813,179.72666943079201,179.8258514404297,456900
2024-04-02 00:00:00-04:00,178.60597831119856,179.4390527226461,177.32661511740767,178.3679656982422,581000
2024-04-03 00:00:00-04:00,177.77290101452274,179.16135834440087,176.84064460744034,178.68531799316406,532000
2024-04-04 00:00:00-04:00,180.5498308073289,181.53166308593916,178.12002291351723,178.68531799316406,414400
2024-04-05 00:00:00-04:00,177.92166559816957,180.3118098581945,177.73324398655538,179.58782958984375,392100
2024-04-08 00:00:00-04:00,181.18456636068174,185.17144424748636,180.29197362796688,184.6457977294922,635500
2024-04-09 00:00:00-04:00,185.31027967160108,187.3929656658873,185.31027967160108,187.3037109375,873800
2024-04-10 00:00:00-04:00,182.7515454044162,184.8838224874059,181.83912839000405,184.56646728515625,1004500
2024-04-11 00:00:00-04:00,185.7168967429751,186.18302496435135,182.33500801729184,184.41769409179688,1033600
2024-04-12 00:00:00-04:00,183.85240064683262,184.3284410205723,181.2242286104736,182.2655792236328,1393600
2024-04-15 00:00:00-04:00,183.5548614785063,183.5548614785063,178.28862062765202,179.2307891845703,658500
2024-04-16 00:00:00-04:00,178.46713496483434,178.7250021430556,175.93814498697012,177.505126953125,901200
2024-04-17 00:00:00-04:00,178.24894492504725,180.67875286737748,176.8208087097698,179.45889282226562,790400
2024-04-18 00:00:00-04:00,179.97460977811602,181.28372453696252,178.68531931480732,180.52008056640625,671400
2024-04-19 00:00:00-04:00,181.56143865309775,183.03915078348015,181.3134987511624,182.61270141601562,543000
2024-04-22 00:00:00-04:00,183.06889800142062,186.12351933648696,182.40442089602394,185.33010864257812,633800
2024-04-23 00:00:00-04:00,185.53838002008112,188.25580665826814,185.53838002008112,187.10536193847656,746300
2024-04-24 00:00:00-04:00,185.4689543323447,190.91371989571007,184.80447722711529,189.76327514648438,904500
2024-04-25 00:00:00-04:00,188.7219276688508,190.10047290784576,187.38306128837328,189.7434539794922,1073200
2024-04-26 00:00:00-04:00,192.20301663949056,194.45431520544054,189.65418716208075,189.87237548828125,945600
2024-04-29 00:00:00-04:00,191.43935419779456,191.6972062456545,188.74176687768073,189.4459228515625,903500
2024-04-30 00:00:00-04:00,187.86901266424073,189.75336497303894,187.33346914191833,188.00787353515625,809200
2024-05-01 00:00:00-04:00,187.1053735924232,189.45583904989127,185.83592248911927,186.38137817382812,657200
2024-05-02 00:00:00-04:00,187.58141382299902,192.113762547884,186.38137802488666,190.8641357421875,798300
2024-05-03 00:00:00-04:00,192.87739755996085,193.82949340878122,189.9219582690593,191.22116088867188,573000
2024-05-06 00:00:00-04:00,192.0641611118973,194.56338432148968,191.10215312259191,193.57162475585938,505400
2024-05-07 00:00:00-04:00,194.92042504001282,195.1187890663663,193.5319676538417,194.27578735351562,486400
2024-05-08 00:00:00-04:00,194.19645020529833,195.0394519417453,192.84765650681376,193.2939453125,436100
2024-05-09 00:00:00-04:00,193.89891467426807,195.7237638462207,192.99642493600658,195.51548767089844,376000
2024-05-10 00:00:00-04:00,196.20971620355598,196.36840137195028,194.84109824204404,195.26754760742188,305300
2024-05-13 00:00:00-04:00,194.72207691423938,196.963463303244,194.72207691423938,195.36672973632812,333700
2024-05-14 00:00:00-04:00,196.7155237290075,197.26097940538364,195.13861445574634,195.86260986328125,491000
2024-05-15 00:00:00-04:00,198.71886479996178,199.05607456268845,196.09070793182283,196.82461547851562,802100
2024-05-16 00:00:00-04:00,196.6460844704793,198.21306639223596,195.75350691913496,196.41798400878906,468600
2024-05-17 00:00:00-04:00,197.33041069995528,197.89570580814694,195.62458296108275,197.25106811523438,442600
2024-05-20 00:00:00-04:00,197.3601582752475,197.96513223005644,195.39647852564235,195.78326416015625,648400
2024-05-21 00:00:00-04:00,195.98161980985375,197.0130431597761,195.52540372449045,196.83453369140625,422700
2024-05-22 00:00:00-04:00,196.55684475861952,199.03624384960963,195.74359459291026,195.97171020507812,568200
2024-05-23 00:00:00-04:00,195.56507353443303,195.56507353443303,192.07407558391625,192.3616943359375,495200
2024-05-24 00:00:00-04:00,193.4427125373493,194.31545069275782,192.9269933093462,193.73031616210938,388900
2024-05-28 00:00:00-04:00,194.79151038992885,195.31714177732835,190.54678043146632,190.66578674316406,514400
2024-05-29 00:00:00-04:00,187.9285271447654,188.0078697266597,184.64579024272078,187.0359344482422,674300
2024-05-30 00:00:00-04:00,188.22605299562971,189.09880631017856,187.4425695486513,188.41448974609375,653700
2024-05-31 00:00:00-04:00,189.8128761081241,191.55836761939634,188.4343308195557,191.0922393798828,1495000
2024-06-03 00:00:00-04:00,192.540204133628,194.11709823289473,191.42943824730935,192.85757446289062,796700
2024-06-04 00:00:00-04:00,192.77823039868156,196.3584830580088,192.77823039868156,195.3072052001953,614400
2024-06-05 00:00:00-04:00,194.97993893084495,196.90393979885184,193.15508980767783,196.8444366455078,395800
2024-06-06 00:00:00-04:00,195.83286181902903,197.38991655797568,195.1882089842389,196.6361846923828,376300
2024-06-07 00:00:00-04:00,194.1270273549875,196.71552048701588,194.1270273549875,195.5849151611328,557500
2024-06-10 00:00:00-04:00,195.57499221602177,198.857714106362,195.2477097285036,197.69735717773438,612800
2024-06-11 00:00:00-04:00,197.15189113557977,197.66761038290974,194.97995024721627,195.5749969482422,533100
2024-06-12 00:00:00-04:00,198.81804691101027,199.48252402266056,196.36839950452693,197.12213134765625,445300
2024-06-13 00:00:00-04:00,197.65769083504318,198.69904143916887,196.38823976071586,198.26266479492188,555700
2024-06-14 00:00:00-04:00,197.61801623637604,200.29577931414835,196.78494178833841,200.22634887695312,410000
2024-06-17 00:00:00-04:00,198.30232358670034,200.45444004405707,197.07255140138227,199.93873596191406,478800
2024-06-18 00:00:00-04:00,200.36518575777677,201.32719375632044,199.1949167229588,200.7321319580078,520000
2024-06-20 00:00:00-04:00,200.02799385360578,200.79165297411083,199.0461464129564,200.26600646972656,645500
2024-06-21 00:00:00-04:00,202.52723972870672,202.52723972870672,199.35359682149948,202.20986938476562,1251300
2024-06-24 00:00:00-04:00,202.99335140985627,206.40500691809768,201.91233705784106,204.7091064453125,932200
2024-06-25 00:00:00-04:00,204.7289323776104,205.31408205820142,201.7338292022098,202.6065673828125,508100
2024-06-26 00:00:00-04:00,201.33711003332098,203.68759056511587,200.29577456449275,202.199951171875,861300
2024-06-27 00:00:00-04:00,202.96359370290548,204.6793486865498,202.0511766975882,204.60000610351562,709300
2024-06-28 00:00:00-04:00,206.0500030517578,208.4499969482422,203.94000244140625,206.88999938964844,1079000
2024-07-01 00:00:00-04:00,206.41000366210938,206.5500030517578,204.22000122070312,204.32000732421875,688200
2024-07-02 00:00:00-04:00,204.72000122070312,205.25999450683594,203.39999389648438,204.1999969482422,787500
2024-07-03 00:00:00-04:00,204.64999389648438,204.9199981689453,200.94000244140625,200.9499969482422,400200
2024-07-05 00:00:00-04:00,201.11000061035156,203.30999755859375,200.2100067138672,203.27000427246094,540600
2024-07-08 00:00:00-04:00,203.47999572753906,203.97999572753906,202.08999633789062,203.1199951171875,802500
2024-07-09 00:00:00-04:00,203.17999267578125,205.39999389648438,202.0,203.82000732421875,645500
2024-07-10 00:00:00-04:00,205.0,205.0399932861328,202.35000610351562,203.72000122070312,817400
2024-07-11 00:00:00-04:00,206.4499969482422,207.8699951171875,202.30999755859375,202.86000061035156,646600
2024-07-12 00:00:00-04:00,203.7899932861328,203.7899932861328,200.85000610351562,201.91000366210938,717900
2024-07-15 00:00:00-04:00,203.0800018310547,205.3300018310547,201.4600067138672,203.2100067138672,546200
2024-07-16 00:00:00-04:00,203.72000122070312,206.00999450683594,202.67999267578125,205.50999450683594,461100
2024-07-17 00:00:00-04:00,205.5,209.0,204.9499969482422,208.00999450683594,453500
2024-07-18 00:00:00-04:00,206.94000244140625,211.1999969482422,206.44000244140625,208.64999389648438,434100
2024-07-19 00:00:00-04:00,210.00999450683594,210.00999450683594,206.64999389648438,207.3699951171875,449400
2024-07-22 00:00:00-04:00,207.3300018310547,210.0,206.6199951171875,209.27000427246094,436400
2024-07-23 00:00:00-04:00,209.07000732421875,209.50999450683594,207.6999969482422,208.19000244140625,386600
2024-07-24 00:00:00-04:00,208.5,209.27000427246094,205.32000732421875,206.05999755859375,411100
2024-07-25 00:00:00-04:00,206.47000122070312,208.74000549316406,201.72000122070312,202.8300018310547,494700
2024-07-26 00:00:00-04:00,203.11000061035156,207.75999450683594,202.11000061035156,206.47999572753906,375600
2024-07-29 00:00:00-04:00,206.3800048828125,209.13999938964844,205.27000427246094,208.32000732421875,438500
2024-07-30 00:00:00-04:00,208.89999389648438,209.19000244140625,204.0,206.13999938964844,805500
