Date,Open,High,Low,Close,Volume
2014-01-02 00:00:00-05:00,100.75371393505603,100.75371393505603,99.11342009470638,99.72267150878906,665500
2014-01-03 00:00:00-05:00,99.83650027158222,100.90102011064863,99.31428761807517,100.49931335449219,517900
2014-01-06 00:00:00-05:00,100.89429878432654,101.09515212310038,99.82978936939789,100.44573211669922,398100
2014-01-07 00:00:00-05:00,100.44574659255291,101.42322753368298,100.1243873336968,100.3319320678711,633100
2014-01-08 00:00:00-05:00,100.43905704625678,100.86753947110543,99.58878356313498,100.51270294189453,655900
2014-01-09 00:00:00-05:00,101.42321857687512,102.50781236462431,100.63319812449767,102.46764373779297,978800
2014-01-10 00:00:00-05:00,102.46097460575582,103.50541031327488,102.46097460575582,103.27777099609375,644400
2014-01-13 00:00:00-05:00,102.78233593472788,103.84015429362223,102.78233593472788,103.07691955566406,594700
2014-01-14 00:00:00-05:00,103.92045833991388,104.9180234253466,103.25095403942008,104.26190185546875,713500
2014-01-15 00:00:00-05:00,104.22175597520331,104.50964819946833,103.5522515286105,103.79996490478516,854900
2014-01-16 00:00:00-05:00,103.90036789731971,104.61673214434866,103.80663770941432,104.44935607910156,487600
2014-01-17 00:00:00-05:00,104.59668478210548,104.67033068546228,103.62590530391358,103.75311279296875,541400
2014-01-21 00:00:00-05:00,104.36902514548359,105.38667454412906,103.44510594040909,103.79325103759766,843900
2014-01-22 00:00:00-05:00,103.84014259333519,104.6636301930172,103.12376793988332,103.98743438720703,649300
2014-01-23 00:00:00-05:00,103.29111264851112,104.01417844883984,102.84254603656923,103.41162872314453,640500
2014-01-24 00:00:00-05:00,103.09697169510655,103.09697169510655,101.86507600879868,102.04584503173828,663100
2014-01-27 00:00:00-05:00,102.15296225765415,102.8559437809825,101.65752542250883,102.18643951416016,693200
2014-01-28 00:00:00-05:00,102.49442802840528,103.92716706211095,102.49442802840528,103.59241485595703,754000
2014-01-29 00:00:00-05:00,102.62834071344886,104.01421993749392,102.44088026997822,103.44513702392578,715000
2014-01-30 00:00:00-05:00,103.99417458261938,105.71479648680845,103.99417458261938,104.98503875732422,638700
2014-01-31 00:00:00-05:00,104.12134080035287,106.27044448527087,103.83344855837599,105.50720977783203,984300
2014-02-03 00:00:00-05:00,105.3465261549393,105.38669478621009,103.77318665798745,104.34896087646484,802500
2014-02-04 00:00:00-05:00,104.8644520748039,106.32396641015697,104.1815548915624,106.16329193115234,978800
2014-02-05 00:00:00-05:00,105.84198259738945,106.29725104981604,105.27290980164338,105.71477508544922,745100
2014-02-06 00:00:00-05:00,105.70802254225747,106.12311189609302,105.28623160798983,106.05616760253906,848500
2014-02-07 00:00:00-05:00,106.3373757400935,107.35502519916203,105.86202316287202,107.28807067871094,872700
2014-02-10 00:00:00-05:00,107.25456959070465,108.70070109823979,106.9198174944691,108.49315643310547,734300
2014-02-11 00:00:00-05:00,108.20530969300434,110.34103059711353,107.95759630697717,109.3836441040039,733200
2014-02-12 00:00:00-05:00,109.57781104852806,109.58450241648703,108.45973964964416,109.47068786621094,543200
2014-02-13 00:00:00-05:00,109.06226177886329,110.59543256314711,108.65386368958094,110.14686584472656,614700
2014-02-14 00:00:00-05:00,109.92591940581539,111.20467514918518,109.84558215394313,110.97034454345703,460800
2014-02-18 00:00:00-05:00,110.74271462675921,111.8273083815959,110.34770952046996,111.7469711303711,711500
2014-02-19 00:00:00-05:00,111.7201936069036,112.3896979928086,111.15781237454169,111.43900299072266,642700
2014-02-20 00:00:00-05:00,111.61977425203669,112.29597001753208,110.87662396029067,111.61308288574219,686100
2014-02-21 00:00:00-05:00,111.49924868706813,112.13528598500135,110.14685727082986,111.43230438232422,1213100
2014-02-24 00:00:00-05:00,111.519363273336,112.35624385184458,111.519363273336,111.60639190673828,868800
2014-02-25 00:00:00-05:00,111.63988627215032,112.9722040348957,111.53946467367936,112.24913787841797,776000
2014-02-26 00:00:00-05:00,111.43231553478591,112.93199887370912,111.03731038503929,111.8808822631836,929200
2014-02-27 00:00:00-05:00,111.96791354693843,112.76461515904579,110.99712404618398,111.49925231933594,680100
2014-02-28 00:00:00-05:00,111.62642479656724,113.5479086663494,111.62642479656724,113.14620208740234,1315900
2014-03-03 00:00:00-05:00,112.61067502047466,113.13288780671387,111.78718719845588,112.93873596191406,759800
2014-03-04 00:00:00-05:00,112.93870573795816,114.51873662666762,112.93870573795816,114.41161346435547,617700
2014-03-05 00:00:00-05:00,114.31789228535692,115.22841880531118,113.81576391514305,114.59908294677734,733200
2014-03-06 00:00:00-05:00,114.54550392228073,114.76644159743728,113.2801410306215,113.36717987060547,751600
2014-03-07 00:00:00-05:00,113.02575729940041,113.02575729940041,111.57962509298173,112.17548370361328,818700
2014-03-10 00:00:00-04:00,112.19552277447369,112.3628988359795,111.17787346008762,111.8272933959961,665500
2014-03-11 00:00:00-04:00,112.47673291508436,112.59723879675411,111.74697561165969,112.34952545166016,620200
2014-03-12 00:00:00-04:00,112.02546262770773,112.75461172734684,111.97146074042041,112.61283874511719,617100
2014-03-13 00:00:00-04:00,112.9166159980216,113.21367780199446,112.0726951011754,112.8490982055664,745200
2014-03-14 00:00:00-04:00,112.36308405126192,113.84163623070937,112.36308405126192,113.53782653808594,990000
2014-03-17 00:00:00-04:00,114.43570419898985,114.55047623542522,113.19345477922539,113.49051666259766,687600
2014-03-18 00:00:00-04:00,113.39599550982855,114.77327021968541,112.86263160275692,113.66604614257812,615700
2014-03-19 00:00:00-04:00,113.92260665563491,114.50322481414656,112.01196795148344,112.67359924316406,896600
2014-03-20 00:00:00-04:00,112.4035121271472,113.17316754784181,111.16125277825212,113.14615631103516,667500
2014-03-21 00:00:00-04:00,114.13862816003497,114.77325841366435,113.1529341802972,114.34117126464844,1454500
2014-03-24 00:00:00-04:00,114.23314099402496,114.34116535113468,113.09891614968201,113.35546112060547,667000
2014-03-25 00:00:00-04:00,113.78084878535307,114.22644172085526,112.98419199318923,114.01715087890625,774000
2014-03-26 00:00:00-04:00,114.1994105824975,114.61800249527575,112.8221357419723,113.30823516845703,775300
2014-03-27 00:00:00-04:00,113.19342082456258,113.42971248689439,112.28874012514002,113.14615631103516,672000
2014-03-28 00:00:00-04:00,113.46349821559261,114.27366038132824,113.15968869116311,113.44324493408203,507700
2014-03-31 00:00:00-04:00,113.82127639952863,114.46941206533339,113.05837905022923,113.75376892089844,663000
2014-04-01 00:00:00-04:00,113.88887387985444,114.50999874745948,113.02469925520623,114.42898559570312,606800
2014-04-02 00:00:00-04:00,114.16566460362297,114.86105485161245,113.75383064397917,114.7395248413086,545100
2014-04-03 00:00:00-04:00,114.66524987073426,114.66524987073426,113.8145810761197,114.3141860961914,442500
2014-04-04 00:00:00-04:00,115.00280546869695,115.07032327259238,114.08461896527984,114.46945190429688,506200
2014-04-07 00:00:00-04:00,114.50996856525768,115.40114390500659,114.0306168395724,114.62474060058594,604100
2014-04-08 00:00:00-04:00,114.52350266803411,115.75900472279197,113.96988533454497,115.69823455810547,620600
2014-04-09 00:00:00-04:00,115.67118501972466,115.69143829885458,114.15887493348256,114.86102294921875,547900
2014-04-10 00:00:00-04:00,115.18510817388453,115.69146085439189,114.15214952979126,114.3141860961914,734000
2014-04-11 00:00:00-04:00,113.69978557807922,115.05680677320304,113.69302761726631,113.74703979492188,682700
2014-04-14 00:00:00-04:00,114.4289762860332,114.57750725335181,113.56480173169217,114.4222183227539,692300
2014-04-15 00:00:00-04:00,114.60446385890056,115.62391664762409,114.21963096471656,115.38086700439453,784100
2014-04-16 00:00:00-04:00,115.78595110927056,116.48808878730055,115.17833216293248,116.17078399658203,682800
2014-04-17 00:00:00-04:00,115.79949878115045,116.40037028692014,115.2863880783991,116.3125991821289,505400
2014-04-21 00:00:00-04:00,116.54888603177085,116.96071995173996,116.09654554619355,116.90670776367188,680100
2014-04-22 00:00:00-04:00,116.72443168160649,117.17677222052687,115.94802827783337,117.00798797607422,412800
2014-04-23 00:00:00-04:00,117.11601236494937,117.11601236494937,116.3125977130711,117.00798797607422,772700
2014-04-24 00:00:00-04:00,117.1429918755998,117.48056030273438,116.643397196574,117.48056030273438,383400
2014-04-25 00:00:00-04:00,117.52783028362654,117.62234903554143,116.9134532452941,117.19026184082031,514300
2014-04-28 00:00:00-04:00,117.65612086751733,118.56080192121375,117.1632634695927,118.5540542602539,752300
2014-04-29 00:00:00-04:00,119.02663100224062,119.31018724847617,118.26372305051605,118.79032897949219,644400
2014-04-30 00:00:00-04:00,118.68907398149521,118.77683477691455,117.71012749642495,118.49327850341797,527700
2014-05-01 00:00:00-04:00,118.33123740096912,119.15490517387609,117.00121699562445,118.95236206054688,751900
2014-05-02 00:00:00-04:00,116.39357986871124,116.46784532857112,114.42893961563642,115.13782501220703,1231800
2014-05-05 00:00:00-04:00,114.90154710994499,116.12354321291376,114.8272816411682,116.07627868652344,971400
2014-05-06 00:00:00-04:00,115.49564218995793,115.96823582769022,114.82050547840647,115.3538589477539,575900
2014-05-07 00:00:00-04:00,115.691436131117,117.03496199825601,115.49565100260634,116.93368530273438,870500
2014-05-08 00:00:00-04:00,116.34632976425802,116.69740379617194,114.90153737733841,115.78596496582031,744500
2014-05-09 00:00:00-04:00,115.75897347104444,116.62989550965413,115.17835534471423,115.8804931640625,463000
2014-05-12 00:00:00-04:00,116.04252456316603,116.50837063589636,115.5564252091666,116.0357666015625,564000
2014-05-13 00:00:00-04:00,116.15053115164186,117.23750181744387,113.61876813829277,115.06356048583984,708700
2014-05-14 00:00:00-04:00,115.25258720537123,116.06949681939221,114.69222252461418,115.88720703125,670300
2014-05-15 00:00:00-04:00,115.63073761284714,115.99530712545246,114.05766688450443,115.14463806152344,558000
2014-05-16 00:00:00-04:00,114.95556310922171,116.44086223224906,114.51671794215964,116.37334442138672,801700
2014-05-19 00:00:00-04:00,115.9682646152064,116.27207415046732,115.1175855543503,116.07627868652344,444700
2014-05-20 00:00:00-04:00,116.25185235423847,116.54215634604736,114.80030148987187,115.32015991210938,495300
2014-05-21 00:00:00-04:00,115.36063589185773,115.79272308487023,114.84753556945891,114.98931884765625,335500
2014-05-22 00:00:00-04:00,115.17838292383135,115.482192530894,114.51674120862313,114.58425903320312,469800
2014-05-23 00:00:00-04:00,115.09736298738679,115.83327021138749,114.85431323396273,115.69823455810547,420100
2014-05-27 00:00:00-04:00,115.91424708704366,116.4543586258241,115.71170397227965,116.3868408203125,507100
2014-05-28 00:00:00-04:00,116.27207054223189,116.27207054223189,114.88803792258096,115.07032775878906,653700
2014-05-29 00:00:00-04:00,115.15809059567306,115.64417962111416,114.67199126846177,114.76651000976562,742200
2014-05-30 00:00:00-04:00,114.77327491950143,116.4948761036483,114.74627397582934,116.3801040649414,1299200
2014-06-02 00:00:00-04:00,116.2653464243203,116.66367477888514,115.92777792687085,116.21133422851562,498000
2014-06-03 00:00:00-04:00,116.3058565397578,116.589412850043,115.31340430287295,115.4551773071289,494200
2014-06-04 00:00:00-04:00,115.15137492700507,116.35987602942816,114.92183079978496,116.18433380126953,737900
2014-06-05 00:00:00-04:00,116.19775902494017,118.00037248570312,115.94796178297345,117.87885284423828,580600
2014-06-06 00:00:00-04:00,117.90589493310245,118.14894460264155,116.28557067068867,116.68389892578125,423700
2014-06-09 00:00:00-04:00,116.56236356721011,117.36577800175813,115.23234325656287,115.67118835449219,583800
2014-06-10 00:00:00-04:00,115.44843689895178,116.26535727177753,115.44843689895178,115.85352325439453,663100
2014-06-11 00:00:00-04:00,115.65608666600394,116.10534473851038,115.15917528890927,115.66969299316406,648100
2014-06-12 00:00:00-04:00,115.75816091708258,115.95556686964251,114.8120020594351,115.3293228149414,455300
2014-06-13 00:00:00-04:00,115.29530815744162,115.72413591599569,114.50570504118718,115.39740753173828,556700
2014-06-16 00:00:00-04:00,115.30216401466812,116.22790351522796,114.81886918694033,115.02989196777344,478600
2014-06-17 00:00:00-04:00,114.57381712141272,115.6152726389228,114.2198551928077,115.56761932373047,473600
2014-06-18 00:00:00-04:00,115.36340122704634,116.56142292797752,114.73716733179175,116.3027572631836,621300
2014-06-19 00:00:00-04:00,116.3095777412595,117.22171086838527,115.73780023698055,116.64311981201172,555800
2014-06-20 00:00:00-04:00,116.89496967391626,117.33061115243218,116.23469909743729,117.16043853759766,1017300
2014-06-23 00:00:00-04:00,117.17404773738684,117.75263874530805,116.5069740382568,116.58865356445312,529100
2014-06-24 00:00:00-04:00,116.39805026679898,117.10596366326928,116.1461981600805,116.364013671875,461400
2014-06-25 00:00:00-04:00,116.0781273265448,116.62948486136965,115.28172084440774,115.51315307617188,702500
2014-06-26 00:00:00-04:00,115.6764688337761,115.85344450774862,115.19998787576861,115.27486419677734,492700
2014-06-27 00:00:00-04:00,115.20004023899719,117.35782743331868,115.20004023899719,117.1944580078125,658800
2014-06-30 00:00:00-04:00,116.59548712001624,117.16046155866117,115.9352268003137,116.63633728027344,606000
2014-07-01 00:00:00-04:00,116.9766000050776,117.52795733444329,116.1393436882935,117.1331558227539,496100
2014-07-02 00:00:00-04:00,116.86771353345107,117.04468926362233,115.86709801063643,116.82687377929688,394900
2014-07-03 00:00:00-04:00,116.77243754558012,116.77243754558012,115.55399594080276,116.30956268310547,248900
2014-07-07 00:00:00-04:00,116.40487128844833,116.86093264816294,115.91477332858832,116.1734390258789,401100
2014-07-08 00:00:00-04:00,116.39802508214844,116.95619603590258,115.92154401583895,116.07129669189453,506700
2014-07-09 00:00:00-04:00,116.18022615358754,116.3912488907543,115.39743639086124,116.09174346923828,367800
2014-07-10 00:00:00-04:00,116.09172793050794,116.80645479318574,115.72414936729798,116.57501220703125,575800
2014-07-11 00:00:00-04:00,116.64307589476144,116.84728503697787,115.87389262656654,116.60903930664062,399000
2014-07-14 00:00:00-04:00,116.84048450692097,117.24890283686366,116.45249644133403,117.17402648925781,382300
2014-07-15 00:00:00-04:00,117.22170895596156,117.73222680213438,116.7792539240378,117.20127868652344,410000
2014-07-16 00:00:00-04:00,117.24890830607,117.55521687456034,116.7247738483803,117.40546417236328,430600
2014-07-17 00:00:00-04:00,116.90854578049401,117.66411234335666,116.73837322477276,117.06510162353516,401400
2014-07-18 00:00:00-04:00,117.42586753979286,117.97723534935916,116.93576974451744,117.90235900878906,406600
2014-07-21 00:00:00-04:00,117.63690675845676,118.28356048884069,117.40546415458992,117.69135284423828,417000
2014-07-22 00:00:00-04:00,117.95685100629743,118.43334266078688,117.71861556556536,117.85475158691406,483100
2014-07-23 00:00:00-04:00,117.83431049720545,119.00509876582836,117.83431049720545,118.44012451171875,477200
2014-07-24 00:00:00-04:00,118.76004357774688,119.29778437232956,118.42650157445495,119.22290802001953,768100
2014-07-25 00:00:00-04:00,118.81450308229813,119.61771271256167,118.154232609585,118.21549224853516,484500
2014-07-28 00:00:00-04:00,118.58987367927644,119.70620543848771,118.33120802243745,119.45435333251953,467800
2014-07-29 00:00:00-04:00,119.33182344736419,119.65174874238478,118.6375163830099,118.79408264160156,415900
2014-07-30 00:00:00-04:00,118.73957666894322,119.69935215390838,118.39241808822901,119.29773712158203,510300
2014-07-31 00:00:00-04:00,118.82128172848535,118.96423124304931,116.5954218273301,116.81324768066406,966600
2014-08-01 00:00:00-04:00,116.95623629251476,118.04533476373409,116.81328673016421,117.55523681640625,653800
2014-08-04 00:00:00-04:00,117.52119609433785,117.94323121482185,116.52739390404545,117.58246612548828,418200
2014-08-05 00:00:00-04:00,117.07867817793361,117.63003540751215,116.28907529746077,116.47966766357422,546700
2014-08-06 00:00:00-04:00,116.50695929069855,118.31759805994211,116.46611953276992,117.623291015625,732200
2014-08-07 00:00:00-04:00,117.7117950388649,118.33803939568688,117.08556106855498,117.27615356445312,428600
2014-08-08 00:00:00-04:00,117.6845316912068,118.11336985338335,116.7928291650689,117.97723388671875,474700
2014-08-11 00:00:00-04:00,117.63692326087298,118.73963841656705,117.63692326087298,118.23592376708984,452900
2014-08-12 00:00:00-04:00,118.39245164708974,119.38626399432626,118.10656298496916,118.33119201660156,497400
2014-08-13 00:00:00-04:00,118.71235440505501,120.08735137457579,118.4264657971064,119.61087036132812,447000
2014-08-14 00:00:00-04:00,120.20309477214381,120.40730393466838,118.7396148159851,119.43392181396484,602100
2014-08-15 00:00:00-04:00,119.76745214567559,120.20309350744003,118.46733122400805,119.12760162353516,501300
2014-08-18 00:00:00-04:00,119.8491160612055,119.89675896927672,119.22968555072998,119.61087036132812,491900
2014-08-19 00:00:00-04:00,119.65172863136502,120.59108447898656,119.47475290947621,120.12140655517578,307700
2014-08-20 00:00:00-04:00,120.16906966466506,121.0335493162782,119.46115627163847,120.64556121826172,521500
2014-08-21 00:00:00-04:00,121.08798299919907,121.33983505728837,120.23031705987526,120.26434326171875,334600
2014-08-22 00:00:00-04:00,120.10778691555893,120.13502034072972,118.62388722551236,119.07994842529297,423900
2014-08-25 00:00:00-04:00,119.61769054991512,119.61769054991512,118.1610138812099,118.43329620361328,460400
2014-08-26 00:00:00-04:00,118.98468256987053,119.08678197404117,117.98406686295378,118.13381958007812,402700
2014-08-27 00:00:00-04:00,118.25632730507552,118.63070906128914,117.84791934180527,118.35162353515625,250800
2014-08-28 00:00:00-04:00,118.01129669832893,118.6035044361246,118.01129669832893,118.3380355834961,342700
2014-08-29 00:00:00-04:00,118.4401222723977,119.2705653399411,118.30398627812235,119.24333190917969,494900
2014-09-02 00:00:00-04:00,119.46114055224629,119.64492983054922,118.88936322698063,119.32500457763672,394200
2014-09-03 00:00:00-04:00,119.89682100007882,120.08061033831363,118.7668723079869,119.40672302246094,332700
2014-09-04 00:00:00-04:00,119.24332981916452,119.46115571539565,117.92960243699314,118.61709594726562,425300
2014-09-05 00:00:00-04:00,118.65797835676248,120.31885452783376,118.29720281971807,120.23717498779297,695800
2014-09-08 00:00:00-04:00,120.24392539399425,120.57066418381928,119.42029602926841,119.794677734375,360100
2014-09-09 00:00:00-04:00,119.84913142570673,120.1962796970396,118.8485159763555,119.27734375,380900
2014-09-10 00:00:00-04:00,118.96424883144755,118.97105199542942,117.21486974268605,117.48715209960938,562300
2014-09-11 00:00:00-04:00,117.76849972428782,117.88516209385463,116.91753774036835,117.47340393066406,360100
2014-09-12 00:00:00-04:00,117.21950975529224,117.30185721159333,113.70587866715682,113.97351837158203,1062000
2014-09-15 00:00:00-04:00,113.95977096981066,114.63229951553907,113.27351435987906,114.10388946533203,672900
2014-09-16 00:00:00-04:00,113.98721516084908,115.38717389106243,113.93231338123078,114.72150421142578,529000
2014-09-17 00:00:00-04:00,115.10585685392626,115.92250416904832,114.13824266771998,114.32352447509766,510500
2014-09-18 00:00:00-04:00,114.29603435158428,114.61857577867796,113.07449848910177,113.31468200683594,747000
2014-09-19 00:00:00-04:00,114.04211076437909,114.47445575050493,113.15684440436978,113.20488739013672,1104500
2014-09-22 00:00:00-04:00,113.19115508032405,113.30095863957692,112.15490100597128,112.23725891113281,758500
2014-09-23 00:00:00-04:00,112.29901572289131,112.99900030036468,111.85295317661082,111.89412689208984,658200
2014-09-24 00:00:00-04:00,111.839273003652,113.6235448956823,111.51673146569692,111.94220733642578,685800
2014-09-25 00:00:00-04:00,111.99710091961539,112.45689169134637,111.40691968830679,112.2029800415039,795600
2014-09-26 00:00:00-04:00,112.14808147511846,113.40393263622647,111.97651728050995,113.22550964355469,643600
2014-09-29 00:00:00-04:00,112.48437400681985,113.93923532294754,112.19614735766905,113.8637466430664,618600
2014-09-30 00:00:00-04:00,113.90488289114072,114.74211689372106,112.95785577605747,113.80880737304688,770800
2014-10-01 00:00:00-04:00,113.73330413079171,114.73524338078869,113.34900210770621,113.75389099121094,624300
2014-10-02 00:00:00-04:00,113.80877132463006,114.48131020970938,113.26663331670163,113.84308624267578,584600
2014-10-03 00:00:00-04:00,114.39212835496785,115.3460247270666,113.63038301671301,115.0166244506836,543400
2014-10-06 00:00:00-04:00,115.07840636062792,115.69603330220963,114.48822508406073,114.5088119506836,550900
2014-10-07 00:00:00-04:00,114.6048570047334,114.70779131047097,113.59605892272462,113.60978698730469,431900
2014-10-08 00:00:00-04:00,113.85688032535245,116.2313232421875,113.56178442477592,116.2313232421875,653200
2014-10-09 00:00:00-04:00,116.40286592437919,117.30186058635228,116.03915068665644,116.31365966796875,641500
2014-10-10 00:00:00-04:00,116.68421100564417,117.01361124769602,115.57247864406612,115.64109802246094,584100
2014-10-13 00:00:00-04:00,115.65483778139063,116.80775445231895,115.29112257764113,115.50386047363281,682400
2014-10-14 00:00:00-04:00,115.44899179701187,117.83030400433898,115.31860131459845,117.21267700195312,806500
2014-10-15 00:00:00-04:00,116.40286537325507,117.32245736698873,115.25681786925048,116.581298828125,1047100
2014-10-16 00:00:00-04:00,115.58618797575109,116.96557037025043,115.09895167962532,116.59498596191406,862900
2014-10-17 00:00:00-04:00,117.19890765180932,118.11848903242029,116.0048173334781,117.70674133300781,742900
2014-10-20 00:00:00-04:00,117.69988728877831,118.86653209995957,117.3499001282919,118.82534790039062,573300
2014-10-21 00:00:00-04:00,119.35381473177182,120.37634141905751,118.53716723627225,120.29398345947266,612500
2014-10-22 00:00:00-04:00,120.93215176576018,121.37821441467607,120.3213837455875,120.92529296875,674900
2014-10-23 00:00:00-04:00,121.47433949880521,122.00276028469952,120.66456132044128,121.27532958984375,894700
2014-10-24 00:00:00-04:00,121.00766535987603,121.54980363590519,120.14984434173319,120.76061248779297,840500
2014-10-27 00:00:00-04:00,120.74687505886799,122.88800327475101,120.4517896777977,122.87427520751953,741700
2014-10-28 00:00:00-04:00,122.88799520638861,123.3820904083627,122.23604294878751,123.34778594970703,478600
2014-10-29 00:00:00-04:00,123.0732822981803,124.95362955169198,122.18801570339429,122.89485931396484,596000
2014-10-30 00:00:00-04:00,122.4350529809683,123.84188122546779,122.38015119170367,123.3752212524414,842400
2014-10-31 00:00:00-04:00,126.19573372392917,126.58690503692362,123.37521850096643,126.50454711914062,1012000
2014-11-03 00:00:00-05:00,126.4908195251603,128.1309723541991,125.8594542483373,128.03489685058594,733400
2014-11-04 00:00:00-05:00,127.93197711804692,128.4054959326184,127.05356934982167,128.08981323242188,527200
2014-11-05 00:00:00-05:00,127.89078484296681,128.52899847687075,127.24570194109934,128.3643035888672,763100
2014-11-06 00:00:00-05:00,128.40547080125248,128.8721202555322,127.80843091961682,128.03489685058594,749700
2014-11-07 00:00:00-05:00,128.20646856733705,128.43292404023185,127.05355198446503,127.84274291992188,718600
2014-11-10 00:00:00-05:00,127.73298840873525,129.0986328125,127.48593552858235,129.0986328125,484800
2014-11-11 00:00:00-05:00,128.92706695847423,129.26333657400158,128.18590832747086,128.57022094726562,527600
2014-11-12 00:00:00-05:00,128.57705769634242,129.01626157219843,127.50649890340878,127.61630249023438,509500
2014-11-13 00:00:00-05:00,128.0691801529705,128.77602348527407,127.62997642735037,128.35740661621094,530400
2014-11-14 00:00:00-05:00,128.0211892629642,128.9270426602815,127.06729287043393,127.38296508789062,388100
2014-11-17 00:00:00-05:00,127.47905882270123,128.46727028567102,127.19083222457633,127.78101348876953,378500
2014-11-18 00:00:00-05:00,128.0349079006597,128.6937084190236,127.575106731423,127.95941925048828,450800
2014-11-19 00:00:00-05:00,127.95942163573712,128.29568069794985,126.09280267983537,126.21632385253906,727400
2014-11-20 00:00:00-05:00,126.1683239439842,126.55262609810387,125.72225071610016,126.25753021240234,531100
2014-11-21 00:00:00-05:00,127.3280694804522,127.47218800164566,126.53887842702878,127.28689575195312,653200
2014-11-24 00:00:00-05:00,127.78100901023332,128.33001652280217,127.05357850644474,127.08102416992188,442900
2014-11-25 00:00:00-05:00,127.21832280506369,127.57516889662686,126.90949878568516,127.23204040527344,1119400
2014-11-26 00:00:00-05:00,127.43785620067723,128.43979550445485,127.01923923060816,128.07608032226562,529800
2014-11-28 00:00:00-05:00,128.61821060824693,130.51914432066735,128.48096138265024,128.7623291015625,437200
2014-12-01 00:00:00-05:00,128.3094362723345,129.1741160809821,127.62317946410528,127.82218933105469,604900
2014-12-02 00:00:00-05:00,128.02807324999935,128.02807324999935,127.03300293518804,127.63004302978516,669900
2014-12-03 00:00:00-05:00,127.56827342257924,128.1310090129172,126.77908230792703,127.73297882080078,568000
2014-12-04 00:00:00-05:00,126.88198880777905,127.64373409137572,126.20946023758184,127.30060577392578,561600
2014-12-05 00:00:00-05:00,126.96433860465507,127.26629320503486,125.8663342513459,126.65552520751953,483300
2014-12-08 00:00:00-05:00,126.66926336626874,128.0074618414556,126.66926336626874,127.32120513916016,514600
2014-12-09 00:00:00-05:00,126.40164578960693,127.84964810368669,126.33988518874028,127.5820083618164,442200
2014-12-10 00:00:00-05:00,127.25256907614063,128.32313827554069,126.60749660344834,127.41041564941406,685600
2014-12-11 00:00:00-05:00,128.03970699877055,128.43385060465604,127.23068704833464,127.55567932128906,452700
2014-12-12 00:00:00-05:00,127.11309894230983,128.0880754598831,125.88919247452657,125.94451141357422,618200
2014-12-15 00:00:00-05:00,126.21415761640797,126.68436322210702,124.12591295637544,124.51314544677734,736300
2014-12-16 00:00:00-05:00,124.44397654511019,124.81045515383606,123.37219490311723,123.6695327758789,701400
2014-12-17 00:00:00-05:00,124.3748520819637,126.4492645263672,123.72486782788943,126.44926452636719,972400
2014-12-18 00:00:00-05:00,127.55563501003643,128.20561933014875,126.23492308734082,128.15721130371094,705400
2014-12-19 00:00:00-05:00,128.73804130969526,128.8625115526238,127.47265890447206,127.88753509521484,1209900
2014-12-22 00:00:00-05:00,128.33697837905646,130.46669905326905,128.1364459483699,130.3422393798828,511900
2014-12-23 00:00:00-05:00,130.5081837519166,131.18582208381963,130.0103240037005,130.4182891845703,472900
2014-12-24 00:00:00-05:00,130.45291864219618,131.12364634213756,129.3880474160788,129.60240173339844,218000
2014-12-26 00:00:00-05:00,129.6093042561531,130.674164775653,129.4502689070283,129.9688720703125,229500
2014-12-29 00:00:00-05:00,129.955016371572,131.36561208006114,129.94809491132523,130.92999267578125,393700
2014-12-30 00:00:00-05:00,130.9230611692811,131.37943436827544,130.19701481651848,130.42520141601562,337500
2014-12-31 00:00:00-05:00,130.5220640403034,131.17896994056667,127.6870392301036,127.81842041015625,525000
2015-01-02 00:00:00-05:00,128.1641077166074,129.74066018232642,127.95666438143249,129.4640655517578,415300
2015-01-05 00:00:00-05:00,129.18062358608034,130.62579551433524,128.7311610835489,130.07261657714844,481900
2015-01-06 00:00:00-05:00,131.23423058455836,132.6240935614834,130.81935446015302,132.2921905517578,642800
2015-01-07 00:00:00-05:00,132.62413059726768,135.20331429187323,131.8427650458123,135.00279235839844,734100
2015-01-08 00:00:00-05:00,135.4038064090761,137.2984294985534,134.63627345975317,136.84205627441406,893900
2015-01-09 00:00:00-05:00,137.18783720749283,137.4436886429069,135.27247020363882,137.25698852539062,611900
2015-01-12 00:00:00-05:00,137.27078973181514,137.79630375508722,136.8628139304647,137.0149383544922,403500
2015-01-13 00:00:00-05:00,137.42979927159456,138.5707216866547,137.04948828290605,137.54734802246094,766700
2015-01-14 00:00:00-05:00,136.897397427671,137.93460371402784,136.22666985174627,137.47824096679688,608400
2015-01-15 00:00:00-05:00,137.7963140329325,139.0824502722713,137.29154325246856,137.90695190429688,720600
2015-01-16 00:00:00-05:00,138.16970653089663,140.12655969796648,137.29844653109095,139.8499755859375,609500
2015-01-20 00:00:00-05:00,140.6175172134495,140.90793371410857,139.5526567110329,140.0781707763672,555200
2015-01-21 00:00:00-05:00,139.48350266377156,139.73934350553984,138.4186316312614,138.9925537109375,558100
2015-01-22 00:00:00-05:00,139.30374425324024,142.06270663117627,139.02023862737923,141.90367126464844,765700
2015-01-23 00:00:00-05:00,141.11535132945883,142.55361174949837,139.79463967030154,140.19569396972656,532600
2015-01-26 00:00:00-05:00,140.1819284296171,141.41274610210178,139.35907616015584,141.32977294921875,516000
2015-01-27 00:00:00-05:00,140.81110140985692,142.53977826401004,140.4238794826876,141.5233154296875,443000
2015-01-28 00:00:00-05:00,142.09725532938205,143.07914264023304,140.14730252753174,140.20262145996094,468000
2015-01-29 00:00:00-05:00,140.13347205008515,141.34354592581903,139.39359324443885,141.19142150878906,333300
2015-01-30 00:00:00-05:00,140.63131092632264,140.97012480844916,138.80582874470466,138.87496948242188,1259800
2015-02-02 00:00:00-05:00,138.99254972349434,139.76700423883167,136.786766607162,139.50424194335938,628600
2015-02-03 00:00:00-05:00,139.58723444388957,140.41008654571354,138.33567373816098,140.38934326171875,663200
2015-02-04 00:00:00-05:00,139.71855151875243,140.5759788842553,138.64676994962494,140.13343811035156,679600
2015-02-05 00:00:00-05:00,140.17498329270904,143.0030967737606,140.07126687692818,142.96852111816406,639500
2015-02-06 00:00:00-05:00,142.5259013951644,142.56047703165342,140.34086255249687,141.38497924804688,1871600
2015-02-09 00:00:00-05:00,141.23290251230756,141.49566477702464,139.87761518235374,140.09197998046875,781300
2015-02-10 00:00:00-05:00,140.81806286672844,141.12923325297814,139.476618009228,140.83880615234375,657700
2015-02-11 00:00:00-05:00,141.184547660713,141.69624001337516,139.54576472124285,140.25106811523438,737100
2015-02-12 00:00:00-05:00,140.1542290894252,141.17760299909222,139.4558367742202,140.9148406982422,459200
2015-02-13 00:00:00-05:00,140.68667722856577,140.68667722856577,139.05480544457097,140.0989227294922,447600
2015-02-17 00:00:00-05:00,140.19571852872016,141.12228695987395,139.64946118528115,140.45848083496094,724500
2015-02-18 00:00:00-05:00,140.56214484986333,140.76958814320164,138.87495487218465,140.4791717529297,508200
2015-02-19 00:00:00-05:00,139.76700972830517,140.05742622633514,137.14632923371175,137.45748901367188,748900
2015-02-20 00:00:00-05:00,138.2042553748812,139.47656957317375,137.4574656990376,138.41860961914062,950300
2015-02-23 00:00:00-05:00,138.68139393427185,139.47659175353738,137.90002848648265,138.9925537109375,611600
2015-02-24 00:00:00-05:00,138.3910005022502,138.9165146448403,137.10486406682327,137.25698852539062,571100
2015-02-25 00:00:00-05:00,137.02878092197463,138.18353600774404,136.503266859597,137.10484313964844,498600
2015-02-26 00:00:00-05:00,137.01496192929486,137.3192108296989,135.5490469193581,136.05381774902344,452100
2015-02-27 00:00:00-05:00,136.28199261669795,136.73145501735624,135.0995833255838,136.37188720703125,626200
2015-03-02 00:00:00-05:00,135.4937095695188,138.06598194944308,135.4937095695188,136.60006713867188,635800
2015-03-03 00:00:00-05:00,136.46870813695767,136.5516812752566,135.1964041116632,136.16445922851562,473900
2015-03-04 00:00:00-05:00,136.01921790478428,136.4271831211309,134.67776294160447,134.9612579345703,597800
2015-03-05 00:00:00-05:00,134.98891621412716,136.09527359809923,134.1729752694714,135.25167846679688,499300
2015-03-06 00:00:00-05:00,132.79696203055553,133.0320595575325,129.87895456911548,130.1002197265625,1066200
2015-03-09 00:00:00-04:00,130.69490805810372,131.9257253882176,129.94811823685345,129.9688720703125,749400
2015-03-10 00:00:00-04:00,129.75450492972016,130.32151610932854,128.62049312151163,129.0630340576172,876000
2015-03-11 00:00:00-04:00,128.92474997552594,130.1486564492063,128.06041133188336,128.51678466796875,1021700
2015-03-12 00:00:00-04:00,129.38764792956422,131.27574984979097,129.3179717998744,131.14337158203125,776300
2015-03-13 00:00:00-04:00,131.33154383501858,131.8122816911449,130.0286825845985,131.56146240234375,643700
2015-03-16 00:00:00-04:00,131.77741544285698,133.44257322806482,131.77741544285698,132.91307067871094,624900
2015-03-17 00:00:00-04:00,132.71103125773075,133.30324665621427,131.95161010425946,132.5089874267578,495700
2015-03-18 00:00:00-04:00,132.4880759719699,135.4073300269191,131.24094311793672,134.97535705566406,671800
2015-03-19 00:00:00-04:00,135.04501593788333,136.12493228133386,134.64788109056013,135.33067321777344,587300
2015-03-20 00:00:00-04:00,135.94379145101544,138.93272155325158,135.3237120411875,138.7306671142578,983500
2015-03-23 00:00:00-04:00,138.52164597085837,141.21794450110542,137.74131363472824,140.43064880371094,1158000
2015-03-24 00:00:00-04:00,140.3679748448825,141.30157573389633,138.91183471679688,138.91183471679688,699400
2015-03-25 00:00:00-04:00,138.97453048279462,139.504033060178,137.07249071674983,137.13519287109375,637600
2015-03-26 00:00:00-04:00,136.33394516528716,137.75525763212127,136.13190136801742,136.96099853515625,447000
2015-03-27 00:00:00-04:00,136.94008456215903,137.84582114356166,136.54294973657974,137.58802795410156,606700
2015-03-30 00:00:00-04:00,137.57412865512745,139.07903350870916,137.26059662250574,138.77944946289062,483700
2015-03-31 00:00:00-04:00,138.54257517883042,139.1905187355086,137.08642441257453,137.35118103027344,739700
2015-04-01 00:00:00-04:00,137.53233521548395,137.99217233659488,135.72087207733594,136.5220947265625,532400
2015-04-02 00:00:00-04:00,136.47328641965967,138.0269664178868,136.1109896550794,137.46958923339844,456600
2015-04-06 00:00:00-04:00,137.93639217581196,139.29499177980696,137.62983418699548,138.9048309326172,405800
2015-04-07 00:00:00-04:00,138.93269362568452,138.93269362568452,137.16999597349948,137.28843688964844,438500
2015-04-08 00:00:00-04:00,137.3441931873579,137.60893912678043,136.91919425468737,137.2536163330078,492200
2015-04-09 00:00:00-04:00,137.17000508086215,137.6507427690283,134.80812869946436,135.2540283203125,499000
2015-04-10 00:00:00-04:00,136.06924320767686,137.12128522806773,134.4807245002238,134.94752502441406,452800
2015-04-13 00:00:00-04:00,134.96138613409946,135.11465446986395,133.3867950439453,133.3867950439453,689100
2015-04-14 00:00:00-04:00,133.8606033121761,134.81510478649454,133.32412679187703,133.8188018798828,545600
2015-04-15 00:00:00-04:00,134.13929989341793,134.794217413741,132.98971786720838,133.03848266601562,472900
2015-04-16 00:00:00-04:00,132.7319112467898,133.96510665266283,132.2511841451926,133.49830627441406,452800
2015-04-17 00:00:00-04:00,132.9827512127776,133.37988614296663,131.86800719910295,132.42538452148438,533700
2015-04-20 00:00:00-04:00,132.606497831731,133.54706188522684,132.1187967709088,133.48435974121094,871500
2015-04-21 00:00:00-04:00,133.66555701449232,134.18809631379668,132.72498202330874,133.5192413330078,511100
2015-04-22 00:00:00-04:00,133.92330425609103,134.49460821077176,133.59584553129014,134.33436584472656,459800
2015-04-23 00:00:00-04:00,134.33434079372003,135.01015883325223,133.5818832662692,134.4945831298828,493800
2015-04-24 00:00:00-04:00,134.89870760715792,135.79748092551705,134.12534921672435,134.88478088378906,376600
2015-04-27 00:00:00-04:00,135.03106881393904,135.70688689985985,134.2716478740355,134.59213256835938,398700
2015-04-28 00:00:00-04:00,134.08356477336142,134.5573392050954,133.40774651631378,134.1253662109375,384600
2015-04-29 00:00:00-04:00,133.36592189836955,133.64461581891672,130.85774039996153,131.38027954101562,815700
2015-04-30 00:00:00-04:00,131.15732252959228,131.91674351894045,129.8683884143173,130.92044067382812,889600
2015-05-01 00:00:00-04:00,131.23401305088203,134.2508080974188,131.23401305088203,132.4672088623047,1029200
2015-05-04 00:00:00-04:00,132.7737382833296,133.62372564015922,132.66226069745147,133.17782592773438,518200
2015-05-05 00:00:00-04:00,132.59953080557992,133.00361836545977,130.23068044106776,130.66961669921875,730500
2015-05-06 00:00:00-04:00,131.38729064258797,131.7844150059214,129.77787120432467,130.53729248046875,677000
2015-05-07 00:00:00-04:00,131.2757878966625,134.27168161316396,131.08070743429386,133.63766479492188,729600
2015-05-08 00:00:00-04:00,134.7036727910711,137.56718881400693,134.7036727910711,136.92620849609375,761100
2015-05-11 00:00:00-04:00,136.8982890382842,137.32328795698157,134.8150958743272,135.27493286132812,1058400
2015-05-12 00:00:00-04:00,135.48394941098064,137.34418742578782,133.8884573244899,136.68927001953125,660900
2015-05-13 00:00:00-04:00,137.04455236222316,137.86668587359077,134.16013765995177,134.62693786621094,542100
2015-05-14 00:00:00-04:00,135.33073485752968,137.63687359987483,135.247121328328,137.5184326171875,576300
2015-05-15 00:00:00-04:00,137.91551149023212,139.5110038098025,137.44871107804633,139.39256286621094,670900
2015-05-18 00:00:00-04:00,138.8421494271705,139.7618235303258,138.507727312881,138.9814910888672,715400
2015-05-19 00:00:00-04:00,138.7027813459168,138.85606033391338,137.1839288187922,137.3581085205078,872500
2015-05-20 00:00:00-04:00,137.3650850236038,137.92942556650533,136.66139221191406,136.66139221191406,1030500
2015-05-21 00:00:00-04:00,136.55691406760855,137.29543445291856,135.10077401498125,135.7556915283203,886900
2015-05-22 00:00:00-04:00,135.72783212033693,136.73110922145838,134.72455501921547,135.92291259765625,495600
2015-05-26 00:00:00-04:00,135.8183663781673,135.85320444484736,134.63394652864193,135.05197143554688,604000
2015-05-27 00:00:00-04:00,135.0519772208818,136.91221524556502,134.8429594429328,136.6822967529297,431100
2015-05-28 00:00:00-04:00,137.05853364209366,137.21181264027348,135.58845643670438,136.22247314453125,417800
2015-05-29 00:00:00-04:00,136.57783660753128,136.90529541652106,134.2925989391065,134.84300231933594,1443200
2015-06-01 00:00:00-04:00,134.78722990678494,137.02369140393745,134.47369792753875,136.77984619140625,668800
2015-06-02 00:00:00-04:00,136.15280751732251,136.5569057590747,135.21224337161365,135.97166442871094,514200
2015-06-03 00:00:00-04:00,135.58844746601312,135.87410472836572,133.7073088131845,134.4806671142578,566200
2015-06-04 00:00:00-04:00,134.16717798900402,134.73151865723452,133.37290815242727,133.55406188964844,724600
2015-06-05 00:00:00-04:00,133.33805371784572,133.33805371784572,130.94830259148108,131.1224822998047,821300
2015-06-08 00:00:00-04:00,131.12252158963278,131.4639177474346,130.24465942382812,130.24465942382812,842800
2015-06-09 00:00:00-04:00,130.6696150491327,131.14337873740118,129.35978028330862,129.5478973388672,596500
2015-06-10 00:00:00-04:00,129.75692565757748,131.63109048027724,129.40159223140193,130.44667053222656,579400
2015-06-11 00:00:00-04:00,130.92481515129091,131.85290553814704,130.79122386391379,131.38885498046875,646700
2015-06-12 00:00:00-04:00,131.23416387333356,131.7122794674335,130.5732560994451,131.28338623046875,419400
2015-06-15 00:00:00-04:00,130.9529692032265,130.9529692032265,129.77878816275756,130.49595642089844,599200
2015-06-16 00:00:00-04:00,130.4959115221256,132.2888154578515,130.3412280151885,131.93023681640625,518800
2015-06-17 00:00:00-04:00,131.95834976102174,132.9427002778046,130.65761580711097,132.7950439453125,777600
2015-06-18 00:00:00-04:00,133.0692305732574,135.86054951623018,133.0411111821116,135.3191680908203,945500
2015-06-19 00:00:00-04:00,135.1012312375337,135.37544096637592,133.75831272004993,134.30673217773438,1254900
2015-06-22 00:00:00-04:00,134.40516455668399,134.81999272870158,132.25367121327093,132.4224090576172,812200
2015-06-23 00:00:00-04:00,132.24661134950082,132.70363463518711,131.05133866043315,131.25523376464844,491500
2015-06-24 00:00:00-04:00,131.33960501295914,132.1552068347258,130.0458984375,130.0458984375,493700
2015-06-25 00:00:00-04:00,129.98970707256052,130.89670536854317,128.98426404131408,129.10379028320312,483100
2015-06-26 00:00:00-04:00,129.20924919099025,130.5310756161928,128.71707920668607,130.3904571533203,634500
2015-06-29 00:00:00-04:00,130.37634727582085,130.91071227096697,128.60453594132875,128.65374755859375,761500
2015-06-30 00:00:00-04:00,129.4834274029765,130.75604188395656,128.67485266357318,129.63107299804688,801800
2015-07-01 00:00:00-04:00,128.92091832842385,131.54348853432887,128.02094768304366,131.52943420410156,900900
2015-07-02 00:00:00-04:00,132.74584097608985,133.37160218126684,131.31854282575918,131.6490020751953,604900
2015-07-06 00:00:00-04:00,131.00912260135036,132.52078905983117,130.77007026690606,132.4504852294922,567600
2015-07-07 00:00:00-04:00,132.95677772735826,135.74809741451585,132.45054272379062,135.473876953125,908600
2015-07-08 00:00:00-04:00,134.86217450429714,136.76758821059641,134.30672789688492,135.89573669433594,799700
2015-07-09 00:00:00-04:00,136.67617819439326,137.30896654027518,135.81839176113152,136.21212768554688,611200
2015-07-10 00:00:00-04:00,136.830832164215,139.03857445974566,136.3316244709005,137.89955139160156,718800
2015-07-13 00:00:00-04:00,138.68704748710547,139.79795136022685,137.42849801245146,138.3003387451172,681200
2015-07-14 00:00:00-04:00,138.574536522181,139.305769485647,137.81518416558077,138.98936462402344,546800
2015-07-15 00:00:00-04:00,138.57454584791975,140.1424730152454,137.8151934402169,139.74169921875,445500
2015-07-16 00:00:00-04:00,140.15652391686916,141.02837534032915,139.95262880454703,140.75416564941406,427400
2015-07-17 00:00:00-04:00,140.26201109526448,140.38856447634782,138.85580519789613,139.49562072753906,464300
2015-07-20 00:00:00-04:00,139.4955914048205,141.1478872783067,138.7292119266917,140.718994140625,426400
2015-07-21 00:00:00-04:00,140.94398748554548,141.6822368190567,140.3463458333253,141.20413208007812,660700
2015-07-22 00:00:00-04:00,141.24634684222983,142.06897598095108,141.22525461266,141.668212890625,679400
2015-07-23 00:00:00-04:00,141.42915901709387,142.08305036214253,140.29013563162195,141.39401245117188,572600
2015-07-24 00:00:00-04:00,141.25337442007623,142.7580142619296,140.82448120341013,141.97756958007812,435100
2015-07-27 00:00:00-04:00,141.90020788283059,143.12359985097802,141.6400525594511,142.67361450195312,504600
2015-07-28 00:00:00-04:00,142.89863175800488,143.36970939545296,142.09709491199646,143.01815795898438,436800
2015-07-29 00:00:00-04:00,142.93376624572826,142.96189636622884,141.97754599016247,142.68064880371094,689900
2015-07-30 00:00:00-04:00,142.72989245718134,143.0322215624603,140.84558178525873,142.74395751953125,561800
2015-07-31 00:00:00-04:00,143.6087689812709,145.35246118940162,143.01112721797864,144.2626495361328,618900
2015-08-03 00:00:00-04:00,144.26264584807035,144.98685169512743,143.98843615005794,144.501708984375,496200
2015-08-04 00:00:00-04:00,141.9705188219669,145.78133478391763,141.71037421407743,144.40325927734375,466100
2015-08-05 00:00:00-04:00,145.09236384877096,145.48609988911593,144.19941986037986,144.5791015625,595900
2015-08-06 00:00:00-04:00,144.57900836359948,146.0695826207626,143.77747173287088,145.88677978515625,528300
2015-08-07 00:00:00-04:00,146.22430704337648,147.34927594455692,145.6829148209398,146.81491088867188,574000
2015-08-10 00:00:00-04:00,147.65158737379872,148.31250571955528,145.4438450203018,145.85867309570312,494500
2015-08-11 00:00:00-04:00,145.71108769160796,148.0031998942174,145.71108769160796,147.01885986328125,547700
2015-08-12 00:00:00-04:00,146.70245475600385,148.06647646083138,146.43528287842543,148.0242919921875,490000
2015-08-13 00:00:00-04:00,147.70081182667494,149.99995028121032,147.15238176695829,149.4445037841797,739300
2015-08-14 00:00:00-04:00,149.20547645901001,150.44293374495118,148.24925605171484,150.27418518066406,465900
2015-08-17 00:00:00-04:00,150.45700283371755,151.49056501957378,149.789046454185,151.41322326660156,368800
2015-08-18 00:00:00-04:00,151.41324096861666,152.6155411353395,151.0265321585447,152.4678955078125,537400
2015-08-19 00:00:00-04:00,151.63116276137586,153.26939368449362,151.24445404930978,152.47488403320312,553100
2015-08-20 00:00:00-04:00,151.72959505472457,152.84049882961543,151.19523002995552,151.38507080078125,515300
2015-08-21 00:00:00-04:00,151.04054299633742,151.6873962607236,149.40933941167032,149.41636657714844,784700
2015-08-24 00:00:00-04:00,144.8391781337734,147.65158935967193,141.3869407791436,142.17442321777344,1494700
2015-08-25 00:00:00-04:00,145.703981371257,148.4249963370114,138.23703352287706,138.48312377929688,1017000
2015-08-26 00:00:00-04:00,140.80337453731744,143.20798502522248,139.46045623165722,142.87049865722656,783200
2015-08-27 00:00:00-04:00,143.5876409923364,148.2632698754138,142.94781493046372,146.2523956298828,876700
2015-08-28 00:00:00-04:00,146.04856018614728,146.18917864446013,144.54392015234856,144.95172119140625,979100
2015-08-31 00:00:00-04:00,144.79703966626775,145.50716986406962,141.35886627985923,141.5135498046875,1182500
2015-09-01 00:00:00-04:00,140.20575523953042,142.0549086156727,138.77845717644573,139.91748046875,1045100
2015-09-02 00:00:00-04:00,139.79092060158757,142.80020008801228,139.79092060158757,142.2728729248047,623500
2015-09-03 00:00:00-04:00,143.03921561978237,143.86184449490105,142.2657983550575,142.90562438964844,710300
2015-09-04 00:00:00-04:00,142.17445568591927,142.68067995196898,139.63625354576092,140.30419921875,622600
2015-09-08 00:00:00-04:00,142.37834730883105,143.72830368478373,141.52056085194974,143.3486328125,505600
2015-09-09 00:00:00-04:00,144.8321633832017,145.09230801077814,140.5291665433393,140.78932189941406,795200
2015-09-10 00:00:00-04:00,140.62057792556843,142.2658361124579,140.00888184471177,140.7682342529297,654400
2015-09-11 00:00:00-04:00,140.80368359793403,143.41326598727818,140.80368359793403,143.3778076171875,594200
2015-09-14 00:00:00-04:00,143.39198952789928,143.62599095979488,142.54103194859678,143.01614379882812,375200
2015-09-15 00:00:00-04:00,143.33524124993232,145.00167620034605,142.34955929752735,144.6045684814453,411400
2015-09-16 00:00:00-04:00,144.56913241934606,146.13630150217776,143.98055809504163,145.7037353515625,378200
2015-09-17 00:00:00-04:00,145.65415128427347,149.3983273496733,144.75357106312725,147.07949829101562,679600
2015-09-18 00:00:00-04:00,145.6682506564009,149.44788287159835,145.3987800741129,146.76739501953125,1148400
2015-09-21 00:00:00-04:00,147.02975723813617,148.98694626573416,146.34900430535035,148.57565307617188,485300
2015-09-22 00:00:00-04:00,148.39841398192831,148.75297605712356,146.47668277340466,146.95889282226562,448800
2015-09-23 00:00:00-04:00,146.91634649261567,148.3629659193412,146.34195762214807,147.78147888183594,644000
2015-09-24 00:00:00-04:00,147.85241132043947,148.18570059528122,145.108103839027,145.8385009765625,646000
2015-09-25 00:00:00-04:00,146.25685190814713,149.10043577597156,145.8455586140331,148.3913116455078,606300
2015-09-28 00:00:00-04:00,148.2423667188434,148.44092056297362,145.95189934667317,146.90921020507812,642200
2015-09-29 00:00:00-04:00,146.76742214771107,148.78843024768295,146.53340988621298,148.3913116455078,881700
2015-09-30 00:00:00-04:00,149.66778488997647,150.41236762807054,148.57573814238307,150.07199096679688,706100
2015-10-01 00:00:00-04:00,150.84489759119165,151.80221956967836,149.65356333306647,151.7171173095703,590000
2015-10-02 00:00:00-04:00,151.20656506824014,153.4474003584174,149.53303135816034,153.31976318359375,626600
2015-10-05 00:00:00-04:00,154.24159991146576,156.26260819736262,153.32683445997787,156.0853271484375,673200
2015-10-06 00:00:00-04:00,156.06403689586932,156.36895507225861,153.67429208520096,153.98629760742188,474900
2015-10-07 00:00:00-04:00,154.11391924019165,155.23433645152454,152.4545716876142,153.9437255859375,894700
2015-10-08 00:00:00-04:00,153.8941670742478,155.25568450663602,152.73829093919596,155.12803649902344,549300
2015-10-09 00:00:00-04:00,155.24146358188878,155.24146358188878,152.91553714618738,154.00758361816406,670500
2015-10-12 00:00:00-04:00,154.106849497141,155.99311131712645,154.106849497141,155.48963928222656,423400
2015-10-13 00:00:00-04:00,154.70964425983118,155.62442064866562,153.26303547659393,153.92251586914062,416200
2015-10-14 00:00:00-04:00,154.33378594231326,154.9790915423343,153.44738071823264,153.9154052734375,664800
2015-10-15 00:00:00-04:00,154.53233125516604,155.702392578125,154.0572193799193,155.702392578125,457800
2015-10-16 00:00:00-04:00,156.53920190554567,157.56743005976224,155.97899842413244,156.93630981445312,528200
2015-10-19 00:00:00-04:00,156.97882025922328,160.20533752441406,156.97882025922328,160.20533752441406,642700
2015-10-20 00:00:00-04:00,160.17697252044502,161.67322496632994,159.63803122102834,161.07046508789062,589400
2015-10-21 00:00:00-04:00,161.76537459557835,162.37522171053413,161.06334871210694,161.2760772705078,567400
2015-10-22 00:00:00-04:00,162.2972406600632,163.90695550939645,161.60938936930577,163.1198272705078,685600
2015-10-23 00:00:00-04:00,162.7439883422583,164.0204139443119,161.94977277670296,163.0276336669922,615800
2015-10-26 00:00:00-04:00,163.53818475726635,164.2118612602781,162.22631175852482,163.53109741210938,472400
2015-10-27 00:00:00-04:00,163.2758193623773,165.2188232362265,163.0205342608524,165.18336486816406,610400
2015-10-28 00:00:00-04:00,165.28975769188813,165.73650940178916,161.09883106004693,164.23316955566406,807900
2015-10-29 00:00:00-04:00,162.02065065976933,163.11270769380127,160.77968364315265,162.3184814453125,815500
2015-10-30 00:00:00-04:00,162.84324382264614,162.9354334102016,161.1129794368691,162.71560668945312,1062500
2015-11-02 00:00:00-05:00,162.5950502432547,166.8781656062776,162.0844908770386,166.82852172851562,919900
2015-11-03 00:00:00-05:00,166.38179044914887,166.80017106975922,163.71547691766582,165.69393920898438,788100
2015-11-04 00:00:00-05:00,165.70812158281643,166.08396732663928,163.7367573661162,164.2686004638672,493700
2015-11-05 00:00:00-05:00,163.82892435223678,164.69405653746068,163.41763111496854,164.5876922607422,461000
2015-11-06 00:00:00-05:00,162.64471428701665,164.02750420532593,159.60257646673622,161.07754516601562,772400
2015-11-09 00:00:00-05:00,160.82938280747084,161.5952382994561,157.92196904088107,161.04920959472656,816200
2015-11-10 00:00:00-05:00,161.18392826648403,163.09147404180706,160.7513620839001,162.6518096923828,680300
2015-11-11 00:00:00-05:00,162.00651063557265,163.36802772668915,162.00651063557265,162.27597045898438,502600
2015-11-12 00:00:00-05:00,162.11994954470995,163.18363570301128,161.29737380577538,161.98521423339844,507200
2015-11-13 00:00:00-05:00,161.82925792192506,163.09858563174498,160.01389066229777,160.4464569091797,666900
2015-11-16 00:00:00-05:00,160.44642725604155,162.62344360351562,160.1556945762652,162.62344360351562,553100
2015-11-17 00:00:00-05:00,162.6234396856041,165.17628008734712,162.33978353849335,164.09841918945312,503800
2015-11-18 00:00:00-05:00,165.03445434570312,165.75776398187463,162.5667054239348,165.03445434570312,591400
2015-11-19 00:00:00-05:00,165.2826266828288,166.64414349292187,164.91387916539512,166.15484619140625,641600
2015-11-20 00:00:00-05:00,167.1050828096731,168.45242503523912,166.6441564922062,167.83547973632812,789100
2015-11-23 00:00:00-05:00,168.02697121601892,168.77155376434865,167.57313217652649,168.09078979492188,459500
2015-11-24 00:00:00-05:00,167.45256425952917,168.87789980279675,166.81435689875266,168.65098571777344,761700
2015-11-25 00:00:00-05:00,168.77150195729962,170.7145054970162,168.77150195729962,169.7217254638672,573500
2015-11-27 00:00:00-05:00,169.5657763056308,172.0193508139945,169.4877722103262,170.75711059570312,291900
2015-11-30 00:00:00-05:00,171.1683793313862,172.02641343603833,169.30337947921038,170.23233032226562,1175700
2015-12-01 00:00:00-05:00,171.53712713876655,172.41644497795872,170.50889928784778,172.39517211914062,687800
2015-12-02 00:00:00-05:00,171.60805719996924,173.1610409364689,170.15435041911732,170.29617309570312,818900
2015-12-03 00:00:00-05:00,169.75010180932182,171.6576470469434,166.94196608731934,167.94183349609375,1246400
2015-12-04 00:00:00-05:00,168.88502230589725,172.2179038864992,168.88502230589725,171.53713989257812,1056200
2015-12-07 00:00:00-05:00,171.9555244776633,172.93410847781655,171.29603337067027,172.4235382080078,684400
2015-12-08 00:00:00-05:00,172.22498001218617,174.9763851953054,170.83510272820135,174.58636474609375,1301800
2015-12-09 00:00:00-05:00,175.0260102452211,175.0260102452211,171.62221250442255,172.14695739746094,830300
2015-12-10 00:00:00-05:00,172.44478971833541,173.26028890794058,170.64361930421697,170.82798767089844,755400
2015-12-11 00:00:00-05:00,170.68519126236478,172.8919553457659,169.8424829964488,172.80625915527344,913800
2015-12-14 00:00:00-05:00,172.62053099239424,178.22671009240247,172.62053099239424,177.89105224609375,1148500
2015-12-15 00:00:00-05:00,179.1480770998309,179.7836827422312,176.15572763936578,176.26284790039062,953500
2015-12-16 00:00:00-05:00,177.04836575352164,179.05516446342156,176.54845322926687,178.42669677734375,1051700
2015-12-17 00:00:00-05:00,177.38405108498512,178.45529704438917,176.1771122271588,176.79843139648438,901100
2015-12-18 00:00:00-05:00,176.41275063373365,178.35527710435136,175.4414873984248,177.64111328125,1734900
2015-12-21 00:00:00-05:00,178.9052173279,179.58368183666212,178.00537462293642,178.99806213378906,722700
2015-12-22 00:00:00-05:00,179.75512266794217,180.5835557355064,177.26269664372177,177.46266174316406,1020600
2015-12-23 00:00:00-05:00,177.74108672304422,178.50523630823912,176.21277665537983,177.5625457763672,819500
2015-12-24 00:00:00-05:00,177.9482435652506,178.2053430425763,176.66989479291985,177.2912139892578,310800
2015-12-28 00:00:00-05:00,176.96981233975418,179.8264678709939,176.41276538294454,179.3765411376953,509600
2015-12-29 00:00:00-05:00,180.49065061794118,181.34764517177038,179.34799484526127,180.11929321289062,689300
2015-12-30 00:00:00-05:00,180.1049766837787,180.29065535517043,178.47668403534306,178.86947631835938,516300
2015-12-31 00:00:00-05:00,178.89805277643742,179.14086588142646,176.8698299631007,176.8983917236328,517900
2016-01-04 00:00:00-05:00,174.198846339962,176.0271040666256,172.93477326438767,174.5202178955078,1220900
2016-01-05 00:00:00-05:00,174.82731132450806,180.1621161150546,174.5130774893434,179.4479522705078,776000
2016-01-06 00:00:00-05:00,178.54097491457972,181.2547999127366,178.28387547481165,179.73362731933594,589800
2016-01-07 00:00:00-05:00,177.45543966409556,179.88360341926793,177.39116752958518,177.86251831054688,633700
2016-01-08 00:00:00-05:00,178.68381186982668,179.53366868420886,176.25565888354328,176.562744140625,600600
2016-01-11 00:00:00-05:00,177.2554760571062,179.59079503837395,177.17691759298782,178.3052978515625,818100
2016-01-12 00:00:00-05:00,178.62668891399179,179.44798401889145,177.11266478281584,178.6623992919922,856000
2016-01-13 00:00:00-05:00,178.89095933676026,181.869022159692,177.76257881413326,178.07681274414062,849400
2016-01-14 00:00:00-05:00,178.37670192798413,179.72647112366238,175.99138646645642,178.34812927246094,1070400
2016-01-15 00:00:00-05:00,176.9269915556964,180.9548760404814,175.89859366217212,177.50546264648438,1273900
2016-01-19 00:00:00-05:00,178.62673262843262,180.5264118712682,176.98416381121032,178.8552703857422,901600
2016-01-20 00:00:00-05:00,177.64107603507054,178.4766462252313,171.04933748390326,171.60638427734375,1336500
2016-01-21 00:00:00-05:00,172.2634574038096,174.73445808392,171.4921591813415,172.1563262939453,748700
2016-01-22 00:00:00-05:00,173.39185870478573,177.9839385189967,173.2561767095016,176.91983032226562,778500
2016-01-25 00:00:00-05:00,177.09835320274877,179.60507535746942,175.95569755058932,176.7626953125,918000
2016-01-26 00:00:00-05:00,176.29135787134553,181.06910506763649,175.95569997646908,181.0191192626953,983600
2016-01-27 00:00:00-05:00,180.69775731869382,181.3405004850409,176.37706344167265,177.24119567871094,978900
2016-01-28 00:00:00-05:00,177.76252394799846,180.34779356048145,176.74126399068493,177.86964416503906,736700
2016-01-29 00:00:00-05:00,179.81931618005208,182.8045268256851,177.8768004775519,181.08338928222656,978900
2016-02-01 00:00:00-05:00,180.78348751499246,183.15450649878656,179.70510372052112,181.45480346679688,675800
2016-02-02 00:00:00-05:00,181.42620178607555,182.91166408291673,179.86219191753918,182.2689208984375,774600
2016-02-03 00:00:00-05:00,182.99739584975381,184.24005616222377,178.64100152476468,180.76206970214844,708600
2016-02-04 00:00:00-05:00,180.47635814874175,180.56919204260268,175.3986525474575,175.8414306640625,930500
2016-02-05 00:00:00-05:00,175.50580650224006,175.50580650224006,169.06404404245612,169.34971618652344,1188600
2016-02-08 00:00:00-05:00,167.82848962175086,168.51409165075117,160.47974906247586,163.5292205810547,1418200
2016-02-09 00:00:00-05:00,162.91508921237374,168.0642164793986,161.36535463034903,166.34307861328125,1061000
2016-02-10 00:00:00-05:00,168.0570476895499,170.6208933762065,167.55712426103227,168.4498291015625,856000
2016-02-11 00:00:00-05:00,167.6285795834617,169.1997382474182,164.92904046065402,167.70713806152344,1388100
2016-02-12 00:00:00-05:00,169.37825245289233,169.6210655658362,164.14342970884462,166.83583068847656,1040700
2016-02-16 00:00:00-05:00,168.6998083655404,170.94942043879172,167.15721162528274,170.0995635986328,838400
2016-02-17 00:00:00-05:00,173.5132514213105,178.14816777025993,173.0776110428686,175.7628631591797,1093900
2016-02-18 00:00:00-05:00,175.3272512063485,176.96268187086443,174.67735939101104,176.1985321044922,528300
2016-02-19 00:00:00-05:00,175.89143433542594,181.6261808756625,174.2988517792072,179.94789123535156,1084800
2016-02-22 00:00:00-05:00,180.91912913889465,182.07607108691658,179.7693249063421,181.14051818847656,520100
2016-02-23 00:00:00-05:00,180.91913887336585,183.39015071817047,180.76202194638125,181.19766235351562,521200
2016-02-24 00:00:00-05:00,180.29783876840574,181.7118803629248,177.00554246537405,178.48385620117188,589800
2016-02-25 00:00:00-05:00,179.43370700816843,182.29036304013928,178.72668071723558,182.18324279785156,756000
2016-02-26 00:00:00-05:00,181.94039211956988,182.82595928286574,180.90485663902453,181.4261932373047,907000
2016-02-29 00:00:00-05:00,181.39760205404374,182.06891775796515,178.03388581957935,178.17672729492188,953700
2016-03-01 00:00:00-05:00,178.34814868015334,182.1117955051641,178.34814868015334,182.04037475585938,741400
2016-03-02 00:00:00-05:00,182.04032480252502,183.38295606063525,181.72610192472808,182.94732666015625,556400
2016-03-03 00:00:00-05:00,182.82594742518413,183.5115386255542,178.55525061078615,180.83343505859375,587900
2016-03-04 00:00:00-05:00,180.5620443627934,180.9334126095716,177.36259342167617,178.5052490234375,824400
2016-03-07 00:00:00-05:00,178.23391035826003,179.00519786982088,176.876992253029,178.9480743408203,561200
2016-03-08 00:00:00-05:00,178.83377666462806,180.69774479457536,177.398300316788,177.76966857910156,751800
2016-03-09 00:00:00-05:00,178.28389186999473,179.6336613285842,177.71970713218317,178.46243286132812,511900
2016-03-10 00:00:00-05:00,179.19087690855935,180.91201462034135,177.03409875722414,178.54098510742188,736600
2016-03-11 00:00:00-05:00,180.10500800583486,183.62583104300737,179.69792932429334,183.41159057617188,679700
2016-03-14 00:00:00-04:00,183.5553812418644,187.0780987021137,183.31813539284312,186.71144104003906,932500
2016-03-15 00:00:00-04:00,186.14347627699513,190.032828800798,185.66178841154337,189.44332885742188,739700
2016-03-16 00:00:00-04:00,188.6596949659545,193.12419856212875,187.5309811189712,192.69284057617188,819200
2016-03-17 00:00:00-04:00,192.1537181194906,194.59805167148423,191.75112303750515,193.92945861816406,603700
2016-03-18 00:00:00-04:00,194.1809946332035,195.41034611064885,192.37649192378365,193.7136993408203,1100900
2016-03-21 00:00:00-04:00,192.7072300514395,194.82806089241683,189.67337523670437,189.98252868652344,753100
2016-03-22 00:00:00-04:00,189.16293502602886,190.98900480508394,188.45840483000796,189.72369384765625,575700
2016-03-23 00:00:00-04:00,190.0471908302111,192.07455779716523,189.20604174740203,190.6582794189453,605600
2016-03-24 00:00:00-04:00,189.64463005013928,192.0386330491638,189.3858064628019,191.72230529785156,568500
2016-03-28 00:00:00-04:00,192.15368794758703,195.11564641701722,192.15368794758703,194.0084991455078,473700
2016-03-29 00:00:00-04:00,194.11630389435297,197.44491913956003,193.25358797334243,197.35145568847656,680100
2016-03-30 00:00:00-04:00,197.70373256990052,197.7756292242453,196.02145616917008,196.41685485839844,548000
2016-03-31 00:00:00-04:00,196.92735276534205,199.01939890976138,196.55349884939827,198.30047607421875,623200
2016-04-01 00:00:00-04:00,198.14224556669117,198.9761984083589,196.52466973047328,198.07754516601562,709600
2016-04-04 00:00:00-04:00,197.99131624546013,199.18473061480412,196.82666492856964,198.6167755126953,575800
2016-04-05 00:00:00-04:00,197.79718848087268,198.99777699749305,196.20117935033014,196.87696838378906,524600
2016-04-06 00:00:00-04:00,196.87703872120665,197.04237694520543,194.36798290449664,196.790771484375,549400
2016-04-07 00:00:00-04:00,196.63973032118363,197.44494217998533,195.2378442106729,196.8625946044922,678100
2016-04-08 00:00:00-04:00,197.16456053516285,198.27170769279246,196.3665668285401,197.02076721191406,450500
2016-04-11 00:00:00-04:00,197.58872234337272,197.74688622305518,195.38162427591595,195.72671508789062,383000
2016-04-12 00:00:00-04:00,196.26593616835765,199.0265972531165,195.5973431898158,198.53773498535156,604100
2016-04-13 00:00:00-04:00,199.52979192637522,199.57292552878832,194.26727303420438,195.4822540283203,631300
2016-04-14 00:00:00-04:00,194.83524896806978,195.64043888592178,191.22624295371065,192.06019592285156,625300
2016-04-15 00:00:00-04:00,192.35497965795642,193.2176957806169,191.42756311706378,192.628173828125,987300
2016-04-18 00:00:00-04:00,192.62819509668626,196.07901608877717,192.04586932851822,195.97837829589844,576300
2016-04-19 00:00:00-04:00,196.2012200498921,196.2012200498921,189.04792955729482,189.42178344726562,921600
2016-04-20 00:00:00-04:00,189.73089488025917,190.40668398231225,187.76822798517574,188.9257049560547,911300
2016-04-21 00:00:00-04:00,189.2132937236723,189.73811526665003,183.2246654758004,183.3900146484375,968300
2016-04-22 00:00:00-04:00,183.90046015956025,184.87819563679685,182.2828838091984,184.72003173828125,785000
2016-04-25 00:00:00-04:00,182.9874073695576,185.97812865360285,181.97372365546343,185.83433532714844,745000
2016-04-26 00:00:00-04:00,186.20099903150864,186.44543014263718,183.33249320537598,184.62655639648438,919100
2016-04-27 00:00:00-04:00,182.72138959955117,182.87955346554605,176.85497794234857,178.4438018798828,1244200
2016-04-28 00:00:00-04:00,178.01963405095216,180.89532482813198,177.89741850930878,179.01893615722656,801200
2016-04-29 00:00:00-04:00,178.01965242547283,178.52290713933516,173.8139608116855,175.99948120117188,883900
2016-05-02 00:00:00-04:00,176.3086479474919,182.36197717451512,176.13610251015743,181.57835388183594,997900
2016-05-03 00:00:00-04:00,181.03191877234457,183.95074310564866,180.49992300847293,182.06716918945312,915500
2016-05-04 00:00:00-04:00,181.38417527822875,186.8911140906394,181.05346605346455,185.1082000732422,1081900
2016-05-05 00:00:00-04:00,184.41802050605193,187.45907105270507,183.4331000381144,186.9630126953125,788100
2016-05-06 00:00:00-04:00,187.12836125597607,189.86745448323634,186.43817979447027,189.29949951171875,743700
2016-05-09 00:00:00-04:00,189.61590984636211,190.83808751986413,188.76038986286775,190.3563995361328,734500
2016-05-10 00:00:00-04:00,191.34128013034555,192.19679993390966,189.1485745805737,190.4713897705078,632100
2016-05-11 00:00:00-04:00,190.70146410679826,190.7158346641116,184.84222588373882,186.4022979736328,568800
2016-05-12 00:00:00-04:00,187.1643832985405,191.0465625321133,185.0579444879626,190.2917022705078,830200
2016-05-13 00:00:00-04:00,190.55762843131427,190.55762843131427,188.1564295066179,188.27865600585938,500700
2016-05-16 00:00:00-04:00,188.2858675467098,191.1040544357383,187.96236546670477,190.4929656982422,428200
2016-05-17 00:00:00-04:00,190.50733056391903,190.96745165033363,185.1513692947689,185.65460205078125,826900
2016-05-18 00:00:00-04:00,185.02915690157278,185.54678219341827,180.3489734385189,182.47698974609375,1074300
2016-05-19 00:00:00-04:00,180.62938060251204,181.8443620719964,178.695476225157,179.58694458007812,1183700
2016-05-20 00:00:00-04:00,180.68685560505088,182.1390826278521,179.716305507113,181.4417266845703,784900
2016-05-23 00:00:00-04:00,181.65738361857595,182.290039108591,180.5142991517542,181.07505798339844,508400
2016-05-24 00:00:00-04:00,181.48486730731003,184.00828230161292,181.48486730731003,182.8867645263672,680400
2016-05-25 00:00:00-04:00,182.87956749591197,183.26778094320773,180.77311819349666,182.1318817138672,624700
2016-05-26 00:00:00-04:00,181.9162422052014,183.59133384558652,181.1685672306847,182.70706176757812,488900
2016-05-27 00:00:00-04:00,182.6854564104358,184.36774394543383,182.6854564104358,183.4906463623047,373800
2016-05-31 00:00:00-04:00,183.72071872554747,184.15926206038796,181.10384024368213,182.3979034423828,1306000
2016-06-01 00:00:00-04:00,181.9090260051866,184.8566137240499,181.38421545930186,184.6121826171875,696100
2016-06-02 00:00:00-04:00,183.72790956758598,185.50364976653918,182.79330773078567,185.46771240234375,602900
2016-06-03 00:00:00-04:00,185.68339738229932,187.99832989376424,185.68339738229932,187.10687255859375,759000
2016-06-06 00:00:00-04:00,187.28660289525635,188.88978684542664,184.26711808129016,185.0579376220703,714600
2016-06-07 00:00:00-04:00,184.86382749724146,186.37354789217076,183.6632167146495,183.82138061523438,845900
2016-06-08 00:00:00-04:00,183.38280127027133,184.70562735834855,176.87654872509904,181.16851806640625,1502900
2016-06-09 00:00:00-04:00,179.98234640977924,181.7293237330586,175.69037596210484,176.4452362060547,1524300
2016-06-10 00:00:00-04:00,175.4171320379739,175.84129378184963,173.00155142029473,173.82830810546875,1837500
2016-06-13 00:00:00-04:00,174.24843096372686,176.00127159653903,173.9297306573669,174.08908081054688,919200
2016-06-14 00:00:00-04:00,174.19770388285312,174.57435066153073,172.3941561091946,172.4738311767578,1081800
2016-06-15 00:00:00-04:00,173.8211075695081,177.2688539826799,172.5390779994617,176.3199920654297,1282800
2016-06-16 00:00:00-04:00,175.83469824313926,178.8768299606865,175.4290836280448,176.9718780517578,1038400
2016-06-17 00:00:00-04:00,176.754561159996,176.89218275700492,173.18369406870116,174.80615234375,1166600
2016-06-20 00:00:00-04:00,175.79846763128643,177.551308297113,174.2556734156073,174.52366638183594,953100
2016-06-21 00:00:00-04:00,175.54495926259344,176.29824189416541,174.60334768400224,174.6468048095703,734700
2016-06-22 00:00:00-04:00,174.61790678823735,174.73379987079826,172.42323265353863,173.9298095703125,866500
2016-06-23 00:00:00-04:00,175.13934487699632,176.63867097155529,173.99492600973875,174.5598907470703,894800
2016-06-24 00:00:00-04:00,170.19952188233253,177.74688224753416,170.19952188233253,174.79168701171875,1362600
2016-06-27 00:00:00-04:00,174.26290347498028,182.0348096109691,174.1832284010551,181.23081970214844,1454000
2016-06-28 00:00:00-04:00,181.80303967809584,184.11360597462254,181.18736759298002,183.3530731201172,970900
2016-06-29 00:00:00-04:00,184.01941802401097,186.00403352100545,183.11402451562537,183.9832000732422,696400
2016-06-30 00:00:00-04:00,184.22229171202525,185.22908921429132,182.2883718070467,185.127685546875,880100
2016-07-01 00:00:00-04:00,185.8157358201066,186.13443611904353,182.3462615365139,183.86007690429688,656700
2016-07-05 00:00:00-04:00,183.76596782335037,188.32190441725922,183.76596782335037,188.13357543945312,1009000
2016-07-06 00:00:00-04:00,187.83658716695658,188.92305959721648,186.37347891843498,186.96742248535156,946200
2016-07-07 00:00:00-04:00,186.43140794911815,186.43140794911815,182.78085495315688,183.81661987304688,703300
2016-07-08 00:00:00-04:00,184.47577248069777,186.66319562585446,183.80940406705713,186.39520263671875,912800
2016-07-11 00:00:00-04:00,186.96017555067607,187.37304038647744,184.4323233918665,185.8302459716797,652300
2016-07-12 00:00:00-04:00,185.7795226385701,186.65595958746172,183.27339926014676,185.27975463867188,625700
2016-07-13 00:00:00-04:00,185.82297838158124,186.17065749044696,184.5771669240679,185.7505645751953,672600
2016-07-14 00:00:00-04:00,186.4313874222221,186.4313874222221,182.57802757877525,184.0266571044922,636600
2016-07-15 00:00:00-04:00,184.02668600229003,184.28018957779858,181.36120150928213,182.25210571289062,662200
2016-07-18 00:00:00-04:00,182.73017437235634,182.96196046097955,181.24532651709978,181.984130859375,716700
2016-07-19 00:00:00-04:00,182.28110084356067,182.65773665560621,180.32545271180336,182.62876892089844,714700
2016-07-20 00:00:00-04:00,182.71567053850248,182.86778152866106,181.63644842362896,182.4694061279297,379500
2016-07-21 00:00:00-04:00,182.31006744459086,182.37525313640467,180.8976555277807,182.2738494873047,659500
2016-07-22 00:00:00-04:00,182.36075751644748,184.85240243215551,181.89719644274606,183.78765869140625,636800
2016-07-25 00:00:00-04:00,184.29468038147343,184.82342715083269,181.00628462731834,182.49838256835938,417500
2016-07-26 00:00:00-04:00,182.2810671485224,182.67944250316938,180.54995520029894,181.39015197753906,593600
2016-07-27 00:00:00-04:00,181.24531529259698,181.24531529259698,177.96416966238755,179.76046752929688,914700
2016-07-28 00:00:00-04:00,177.27609886367998,177.27609886367998,171.1556392338766,172.83604431152344,1647000
2016-07-29 00:00:00-04:00,172.75632721549977,176.68936251436438,172.43038775037485,173.0532989501953,1365100
2016-08-01 00:00:00-04:00,172.95191697007184,173.3285638258157,171.15561905002738,173.08953857421875,933300
2016-08-02 00:00:00-04:00,172.10444161165933,172.3579562147968,169.22167177644448,169.74317932128906,900500
2016-08-03 00:00:00-04:00,169.9460059097313,169.9460059097313,167.4543609237087,169.09130859375,1073400
2016-08-04 00:00:00-04:00,169.17096731730072,169.17096731730072,165.82463639100527,166.99078369140625,1145000
2016-08-05 00:00:00-04:00,167.16457567472258,169.93146298354824,165.947732349824,168.5914764404297,964600
2016-08-08 00:00:00-04:00,168.40321969055046,169.55487776623633,166.69383602923918,166.95458984375,816600
2016-08-09 00:00:00-04:00,166.75179939944283,168.49740119374883,165.50597672113207,167.92518615722656,731800
2016-08-10 00:00:00-04:00,167.66438789827353,168.63497813622368,167.38915578795945,168.23660278320312,847700
2016-08-11 00:00:00-04:00,167.52678216810017,168.73639773231417,165.8681059713406,167.193603515625,833100
2016-08-12 00:00:00-04:00,167.20810079725462,169.0478557991306,166.273728377477,166.71556091308594,525600
2016-08-15 00:00:00-04:00,166.89664401136002,167.1718872200803,165.3973178608709,165.9333038330078,686700
2016-08-16 00:00:00-04:00,165.295908620322,165.7232517599091,164.09354323068567,164.81060791015625,544200
2016-08-17 00:00:00-04:00,165.2307155225451,165.7956802742922,163.8472824291056,165.0713653564453,645400
2016-08-18 00:00:00-04:00,165.0641130639467,165.14378814066268,163.19537939820015,164.2311553955078,544700
2016-08-19 00:00:00-04:00,163.66619826264056,164.1804556480138,161.391849938242,162.2682647705078,1224300
2016-08-22 00:00:00-04:00,162.87671798751037,164.46296967864862,162.26829601211142,164.26016235351562,786100
2016-08-23 00:00:00-04:00,164.79618634801437,164.9120683725924,163.85457444072065,164.0646209716797,683200
2016-08-24 00:00:00-04:00,164.0500713053869,164.05731047497198,161.58015506028548,162.19581604003906,757900
2016-08-25 00:00:00-04:00,162.56523960611426,165.25969194616232,162.5000539169603,163.50685119628906,688900
2016-08-26 00:00:00-04:00,163.56479466699446,164.6150490528536,160.4429881900547,162.2465362548828,655600
2016-08-29 00:00:00-04:00,162.67388242137088,163.94143350948391,162.17410336685364,163.50685119628906,629500
2016-08-30 00:00:00-04:00,163.65171813694212,163.782089520165,160.66754414226227,162.0799560546875,729700
2016-08-31 00:00:00-04:00,161.99302171503828,163.7531126555941,161.05866036419698,162.2030792236328,1004200
2016-09-01 00:00:00-04:00,162.42761516215205,165.23796049072612,161.8336716433634,163.77484130859375,770300
2016-09-02 00:00:00-04:00,163.7676573749439,166.00578850229036,162.65945609627053,164.26742553710938,665300
2016-09-06 00:00:00-04:00,164.17318280538927,164.17318280538927,160.43571606750456,162.51449584960938,1208700
2016-09-07 00:00:00-04:00,162.47111383942294,164.07909420132498,161.84820242848636,163.64450073242188,728400
2016-09-08 00:00:00-04:00,163.04323624470584,163.23155407967243,161.18174224225555,161.5221710205078,1401200
2016-09-09 00:00:00-04:00,160.6168319527613,161.62362923971327,158.18313340307012,158.3207550048828,1017600
2016-09-12 00:00:00-04:00,158.3061514951695,160.9134320572144,157.58313272789985,159.9420928955078,1260900
2016-09-13 00:00:00-04:00,158.70055293074208,159.7814371322929,156.81630207293983,156.8382110595703,1183800
2016-09-14 00:00:00-04:00,156.96958428100746,158.02125967436285,156.66284748193456,157.09375,812600
2016-09-15 00:00:00-04:00,156.8090136361492,157.38596889721794,155.91801097175872,156.87474060058594,909400
2016-09-16 00:00:00-04:00,156.40000110759448,157.83875059104702,156.23202850396584,156.9915771484375,1266500
2016-09-19 00:00:00-04:00,156.9696145173206,158.22578135202738,156.72130531937398,157.8022003173828,1036600
2016-09-20 00:00:00-04:00,157.73646430389948,159.28476945997502,156.96961657647606,158.3645477294922,850700
2016-09-21 00:00:00-04:00,158.19664385515745,159.27752819270847,155.33375408784227,158.86854553222656,794900
2016-09-22 00:00:00-04:00,159.14603469873927,162.61509831268503,159.14603469873927,161.9870147705078,886500
2016-09-23 00:00:00-04:00,160.5628489172576,162.89258926672747,159.2920723361437,162.22068786621094,623800
2016-09-26 00:00:00-04:00,162.03085023733664,164.1707096222638,161.81905965505072,163.55723571777344,600100
2016-09-27 00:00:00-04:00,164.32405632186394,164.49202890357913,162.62968736981034,162.819580078125,649100
2016-09-28 00:00:00-04:00,163.34543897638213,165.13474336898153,162.68813598012088,164.9302520751953,1009000
2016-09-29 00:00:00-04:00,164.11225069468665,165.89424426970078,162.63698284874437,164.31674194335938,1171400
2016-09-30 00:00:00-04:00,165.32459711271463,166.34706455337465,162.87069085664353,162.96563720703125,1298900
2016-10-03 00:00:00-04:00,162.5712899753389,162.5712899753389,158.11627724436525,158.16009521484375,742300
2016-10-04 00:00:00-04:00,159.87633952841603,159.87633952841603,154.39156107578742,155.31178283691406,856400
2016-10-05 00:00:00-04:00,155.91797498439857,156.9112230788643,152.13486417461792,152.55845642089844,985000
2016-10-06 00:00:00-04:00,153.01855232617586,155.65504075700971,151.22193788176642,154.27471923828125,889100
2016-10-07 00:00:00-04:00,154.8005755395803,156.77246206677418,154.07024637069821,154.86630249023438,713100
2016-10-10 00:00:00-04:00,154.80056382256703,155.32639053193813,154.1140526727504,154.53033447265625,425000
2016-10-11 00:00:00-04:00,153.78539597685233,154.61066023926276,152.6606829804573,153.16461181640625,526400
2016-10-12 00:00:00-04:00,153.65394868539798,155.77189875265913,152.9382292421353,155.3921356201172,686100
2016-10-13 00:00:00-04:00,154.36966280827042,157.09379845444568,154.18708052793934,156.45840454101562,546300
2016-10-14 00:00:00-04:00,156.83087687938934,157.5465962859109,155.72807279267272,156.43649291992188,599100
2016-10-17 00:00:00-04:00,156.45109703947765,157.51007198095692,156.00559585312516,157.10108947753906,541600
2016-10-18 00:00:00-04:00,157.5173818100693,158.0943480648426,156.05672354635306,157.62693786621094,611400
2016-10-19 00:00:00-04:00,157.68538382588878,157.68538382588878,155.76461442022816,157.1595458984375,671200
2016-10-20 00:00:00-04:00,157.4370992381077,158.0797814715295,155.45060256620494,156.37811279296875,572900
2016-10-21 00:00:00-04:00,155.61125449406026,156.49494662237228,154.03374068161105,154.135986328125,847000
2016-10-24 00:00:00-04:00,153.86575481708627,155.5674232380271,153.17925471076455,154.46463012695312,1020400
2016-10-25 00:00:00-04:00,153.39103442178407,155.1365206893474,153.19384242591778,155.0854034423828,704900
2016-10-26 00:00:00-04:00,154.86628574206932,156.10784296611172,154.0191013232404,155.76458740234375,782600
2016-10-27 00:00:00-04:00,153.4567629799744,154.0118202861624,146.54054478791224,147.70907592773438,2070600
2016-10-28 00:00:00-04:00,148.7607413873695,152.55845061197954,148.7607413873695,151.7258758544922,1185100
2016-10-31 00:00:00-04:00,152.7045101715532,156.19548240837693,151.90845412018,156.0859375,1183300
2016-11-01 00:00:00-04:00,155.75002528487806,155.75002528487806,149.71750917107215,150.24334716796875,1332600
2016-11-02 00:00:00-04:00,150.63770840675917,151.78433068834903,149.81244392494196,149.90737915039062,758500
2016-11-03 00:00:00-04:00,149.9439022579352,149.9439022579352,148.09617007642117,148.8118896484375,811900
2016-11-04 00:00:00-04:00,148.99445706044455,150.30175257765143,147.74560036083403,150.03883361816406,933400
2016-11-07 00:00:00-05:00,152.1129653578992,154.72754523930917,150.96635430517907,154.63259887695312,610500
2016-11-08 00:00:00-05:00,154.82248095650598,158.67861798785495,154.03372413501117,158.02862548828125,1059900
2016-11-09 00:00:00-05:00,153.82920379180493,159.74486211910943,150.9224862923199,158.81735229492188,1517700
2016-11-10 00:00:00-05:00,158.86851573807039,159.5258075842992,154.2893483679282,156.83090209960938,1786700
2016-11-11 00:00:00-05:00,157.23257138990215,159.47468742328047,155.87415860773592,156.42190551757812,1218500
2016-11-14 00:00:00-05:00,156.24660519345574,158.74432931034636,152.34665057992146,158.07972717285156,1111600
2016-11-15 00:00:00-05:00,158.3134411553169,160.1027452105437,154.34774837181718,154.9174041748047,1097200
2016-11-16 00:00:00-05:00,154.7421661602117,154.91743804934075,151.03939148719965,152.06185913085938,811600
2016-11-17 00:00:00-05:00,152.33932348820437,152.6606700313454,149.2135162586369,149.4326171875,578700
2016-11-18 00:00:00-05:00,149.3888633352819,150.57199325732896,147.3074203338116,148.96527099609375,860000
2016-11-21 00:00:00-05:00,148.96521932048756,150.44048714259182,147.34388791511117,147.475341796875,771400
2016-11-22 00:00:00-05:00,148.46859184757977,149.9000417291786,146.59165193112875,149.79049682617188,1231300
2016-11-23 00:00:00-05:00,149.418035935349,150.03882016133142,148.1691793477472,149.5421905517578,553800
2016-11-25 00:00:00-05:00,149.43995973956592,152.15678529874273,149.41805075472897,150.25062561035156,324800
2016-11-28 00:00:00-05:00,150.4696995448635,153.63932507928752,150.4696995448635,152.99664306640625,1060000
2016-11-29 00:00:00-05:00,153.42023056200196,155.39941606856243,151.63091545476573,153.0842742919922,753900
2016-11-30 00:00:00-05:00,152.09104705327854,154.72023647792145,151.46296353205489,152.85789489746094,1655300
2016-12-01 00:00:00-05:00,152.02534490827648,153.93150476616916,150.44783099610174,151.80624389648438,1110400
2016-12-02 00:00:00-05:00,152.24443682992464,156.92583874453433,152.24443682992464,152.98936462402344,1004100
2016-12-05 00:00:00-05:00,152.72643450103126,155.4724793489721,150.39668263463253,155.15843200683594,1258500
2016-12-06 00:00:00-05:00,155.82301125610925,157.68535261859748,154.8589715319272,156.8089599609375,1084800
2016-12-07 00:00:00-05:00,157.50276519963182,161.8555200860304,156.53872550697764,161.41001892089844,1108900
2016-12-08 00:00:00-05:00,160.40218320189226,161.950477322068,159.63533542095965,161.44654846191406,1016500
2016-12-09 00:00:00-05:00,162.13308967179225,163.88587537283033,159.43817301989293,160.03704833984375,894700
2016-12-12 00:00:00-05:00,160.2728900493719,161.29739785563712,158.71770080783114,160.43504333496094,803700
2016-12-13 00:00:00-05:00,161.06892798053866,161.23108128201216,159.0199121672874,160.9583740234375,864400
2016-12-14 00:00:00-05:00,161.23842039047747,161.23842039047747,158.11330910400636,158.614501953125,899800
2016-12-15 00:00:00-05:00,158.40079279463305,161.78387895375596,158.054375388718,159.4179229736328,1005900
2016-12-16 00:00:00-05:00,160.8183031717402,162.97787256150318,158.89458593109046,161.21630859375,1353700
2016-12-19 00:00:00-05:00,162.71990858844893,164.0982001527054,161.21630756690948,162.42507934570312,804800
2016-12-20 00:00:00-05:00,162.3513858150202,163.18425174255646,159.5358254986763,160.56033325195312,810400
2016-12-21 00:00:00-05:00,160.6487670297015,161.58482026379545,158.56289672851562,158.56289672851562,923400
2016-12-22 00:00:00-05:00,158.47446639095895,160.9362429085459,157.7079328098196,160.13284301757812,720200
2016-12-23 00:00:00-05:00,160.59718058165916,161.92388403734986,159.5579286041527,161.2089385986328,467300
2016-12-27 00:00:00-05:00,161.20895088723304,162.95577067654045,160.39081796440814,162.2555694580078,450200
2016-12-28 00:00:00-05:00,162.55776445575438,162.55776445575438,160.16233155087602,160.8846435546875,489300
2016-12-29 00:00:00-05:00,161.0246913242273,163.30219260001653,159.78643088766898,162.44720458984375,552000
2016-12-30 00:00:00-05:00,162.29978306259295,164.96793431984946,161.69540278931092,164.73207092285156,891500
2017-01-03 00:00:00-05:00,165.59442107501297,166.21354560615546,163.58962723900217,164.74681091308594,938100
2017-01-04 00:00:00-05:00,165.2996172757171,166.50101138050843,164.90897834181877,165.95559692382812,723300
2017-01-05 00:00:00-05:00,164.186645586201,168.0046027951239,162.01233190616293,167.72451782226562,956600
2017-01-06 00:00:00-05:00,166.50102665735906,168.62375256582555,166.095654658012,168.30682373046875,697200
2017-01-09 00:00:00-05:00,168.3068149857339,168.85960722512658,166.64843826755578,167.15699768066406,601700
2017-01-10 00:00:00-05:00,167.09801352213518,167.62868363124733,165.77131013289252,166.0587615966797,1166900
2017-01-11 00:00:00-05:00,165.31435864659636,165.3217364076826,161.09102904161742,161.97549438476562,1468200
2017-01-12 00:00:00-05:00,161.45218679808377,162.00497903004714,157.43523216180068,160.16233825683594,1514200
2017-01-13 00:00:00-05:00,160.15491745059646,160.15491745059646,157.6784084671561,157.81845092773438,997600
2017-01-17 00:00:00-05:00,158.26074032539822,160.5824633285836,158.1649194010183,160.44979858398438,842200
2017-01-18 00:00:00-05:00,160.37605161800232,160.71510240953424,157.75949992787466,158.90931701660156,1056000
2017-01-19 00:00:00-05:00,158.43765039399517,159.23366141754613,157.75218208640794,158.71035766601562,601100
2017-01-20 00:00:00-05:00,158.76187317035976,160.89934252388102,157.4794028048301,160.65611267089844,1040800
2017-01-23 00:00:00-05:00,160.6782628383052,163.03684059395397,160.59718620077106,162.33663940429688,733800
2017-01-24 00:00:00-05:00,162.1523764265534,164.33406789424484,161.90914651232325,163.9139404296875,798500
2017-01-25 00:00:00-05:00,163.80341336865663,164.09086490599054,161.0910400514912,161.34901428222656,792000
2017-01-26 00:00:00-05:00,161.48903590775942,162.9778815000686,159.70534980807022,160.86253356933594,516900
2017-01-27 00:00:00-05:00,161.09837998685904,161.75435955888227,158.67345877640386,159.624267578125,573200
2017-01-30 00:00:00-05:00,159.20415484203403,160.16233024549314,158.12068122185443,158.45973205566406,508300
2017-01-31 00:00:00-05:00,158.68823646676162,160.25079235016193,157.90695852506147,158.4671173095703,540100
2017-02-01 00:00:00-05:00,158.51872734721792,159.57271261415923,156.62448697694612,157.20675659179688,675500
2017-02-02 00:00:00-05:00,157.13305797758528,159.2410397617959,157.13305797758528,158.48187255859375,658900
2017-02-03 00:00:00-05:00,159.67584896781082,160.75932244251905,158.76189526395396,159.5947723388672,747600
2017-02-06 00:00:00-05:00,159.59481741039517,160.18446476500114,158.13544892385096,158.97569274902344,545700
2017-02-07 00:00:00-05:00,158.9904275982145,160.1181228954838,157.5089371612075,159.55795288085938,666700
2017-02-08 00:00:00-05:00,159.69061305839145,162.57250575343897,159.58742563116502,161.93125915527344,688000
2017-02-09 00:00:00-05:00,161.93134153265703,161.93134153265703,160.1034442147965,161.02476501464844,391000
2017-02-10 00:00:00-05:00,160.87724139630777,162.02704713644172,160.0369978749342,161.99755859375,442000
2017-02-13 00:00:00-05:00,162.21133851211283,163.02209362747828,161.06153257813537,162.19659423828125,464600
2017-02-14 00:00:00-05:00,162.196577593597,162.46928477527447,158.46707520451633,159.8674774169922,513400
2017-02-15 00:00:00-05:00,158.9093580842361,161.00996199360705,157.68584180921044,160.0001983642578,640900
2017-02-16 00:00:00-05:00,160.6561909307115,164.60681384497872,160.6561909307115,162.62413024902344,822600
2017-02-17 00:00:00-05:00,162.8820617393771,166.42730043719394,162.15237201653187,166.39781188964844,1151400
2017-02-21 00:00:00-05:00,165.6165433759906,168.12254146851754,164.38566074162782,167.84982299804688,833000
2017-02-22 00:00:00-05:00,168.12252718296423,169.30918813927994,165.7197167236375,166.75160217285156,817100
2017-02-23 00:00:00-05:00,168.78593217241013,170.62120683738007,163.7739459109858,167.36341857910156,1146900
2017-02-24 00:00:00-05:00,167.70243051388445,169.44925046549844,166.26517287986107,168.35104370117188,757600
2017-02-27 00:00:00-05:00,168.6753484487062,168.74904733499028,167.31178971669732,168.0783233642578,487400
2017-02-28 00:00:00-05:00,168.24040793047277,169.15436147041163,166.89159402536714,167.65077209472656,1039700
2017-03-01 00:00:00-05:00,168.07832006723257,170.02414832304146,165.89663963471895,169.0291290283203,793100
2017-03-02 00:00:00-05:00,169.02906453645224,169.7071547498149,167.11271431643144,167.28961181640625,815600
2017-03-03 00:00:00-05:00,166.61158801733362,167.65820667124052,165.2996286309864,167.0243377685547,617800
2017-03-06 00:00:00-05:00,167.00223060432864,168.29944574298915,165.83768021147534,167.98988342285156,423900
2017-03-07 00:00:00-05:00,167.27490507600606,168.05618286132812,166.5304823506037,168.05618286132812,667600
2017-03-08 00:00:00-05:00,167.43707306369416,167.43707306369416,164.77629945438204,164.9679412841797,861300
2017-03-09 00:00:00-05:00,165.1006065770227,166.13248086949457,163.375897582497,163.87709045410156,675900
2017-03-10 00:00:00-05:00,163.87705830297008,165.66811055865637,161.12047555678802,162.20394897460938,767100
2017-03-13 00:00:00-04:00,162.5461205087501,163.2006822647056,160.3964925781041,161.60147094726562,894000
2017-03-14 00:00:00-04:00,161.40809451085687,163.52797494639958,160.61220583198678,163.15606689453125,667900
2017-03-15 00:00:00-04:00,163.10398550032698,166.38421706437873,162.6800162459824,165.96768188476562,742700
2017-03-16 00:00:00-04:00,165.76685754117955,166.19827224385722,163.44615492651764,164.04119873046875,798000
2017-03-17 00:00:00-04:00,164.658571666048,167.8272356167334,164.4205564083333,165.4916534423828,1477800
2017-03-20 00:00:00-04:00,165.65527192546463,166.6594167493988,164.12300138015445,166.34701538085938,722000
2017-03-21 00:00:00-04:00,166.44373221494922,167.73053089265278,165.6924706885854,166.8230743408203,955000
2017-03-22 00:00:00-04:00,166.8974620301385,168.33302167143933,165.40982981337922,167.93136596679688,758500
2017-03-23 00:00:00-04:00,167.22473211717815,169.39667365119092,166.94207838236218,168.0429229736328,843000
2017-03-24 00:00:00-04:00,168.17682176368479,168.9801331496559,165.7371059069839,165.80404663085938,635600
2017-03-27 00:00:00-04:00,164.89655123541002,167.28419395546194,164.01140848477345,164.31637573242188,576200
2017-03-28 00:00:00-04:00,164.29413195712024,165.37266321701546,162.79161999969014,165.2462158203125,760100
2017-03-29 00:00:00-04:00,164.79246630807793,165.02304749303153,161.93621508524606,163.60235595703125,703500
2017-03-30 00:00:00-04:00,162.95519159678744,164.2345558752419,161.54937997507915,163.19320678710938,923700
2017-03-31 00:00:00-04:00,163.26021111639233,164.67345726380998,162.2039935436331,162.82879638671875,1004500
2017-04-03 00:00:00-04:00,162.89571583627296,163.78085875654594,160.70889482141786,163.1262969970703,856400
2017-04-04 00:00:00-04:00,163.08912322715545,164.97842258389642,162.11472589698445,163.87013244628906,745100
2017-04-05 00:00:00-04:00,163.64701060870289,166.22061985168125,163.5205632069873,165.34291076660156,667100
2017-04-06 00:00:00-04:00,165.00075165110314,166.32474360033333,164.65859119973894,165.60324096679688,550400
2017-04-07 00:00:00-04:00,165.91562419358962,166.74126055213645,165.5809092049319,166.31729125976562,435000
2017-04-10 00:00:00-04:00,166.32472219391292,168.10987633286143,165.98256178658562,167.98342895507812,518900
2017-04-11 00:00:00-04:00,168.0950126155114,169.00246920916697,167.83467242808774,168.37765502929688,505400
2017-04-12 00:00:00-04:00,167.70078105057738,168.70492596466448,166.17595579244565,166.83795166015625,637700
2017-04-13 00:00:00-04:00,166.2503313137168,168.32558457469426,166.2280177388446,168.0801239013672,441100
2017-04-17 00:00:00-04:00,168.81650594416598,171.985158423508,167.9313629750062,171.9628448486328,694600
2017-04-18 00:00:00-04:00,171.13722285506682,172.72155490222983,169.82066507855484,171.95541381835938,604300
2017-04-19 00:00:00-04:00,172.32729101176997,172.32729101176997,170.6090778120944,171.07025146484375,453300
2017-04-20 00:00:00-04:00,171.25620752614194,171.37520946562725,169.72393696436635,170.6313934326172,752400
2017-04-21 00:00:00-04:00,170.5421555303926,171.24877855971525,169.83553250106996,169.8652801513672,819800
2017-04-24 00:00:00-04:00,170.28179211993978,170.35617826013282,165.55113323657363,168.45201110839844,976400
2017-04-25 00:00:00-04:00,168.45203932435257,168.6603069321004,167.13548160058457,167.76028442382812,526400
2017-04-26 00:00:00-04:00,167.81976449553878,167.81976449553878,166.09411725470048,166.56271362304688,731900
2017-04-27 00:00:00-04:00,166.56273541318805,166.56273541318805,156.96007809643044,158.43283081054688,2272400
2017-04-28 00:00:00-04:00,157.6220883900321,158.41053171968392,155.05592485587326,155.740234375,1423400
2017-05-01 00:00:00-04:00,156.4468409083203,157.33941795399974,152.48973382783979,154.14100646972656,1152500
2017-05-02 00:00:00-04:00,153.97737690463543,156.50635862084656,153.36000813905332,154.1707763671875,1035000
2017-05-03 00:00:00-04:00,154.77329014663573,155.11543927348737,151.44099644953616,152.87655639648438,997500
2017-05-04 00:00:00-04:00,152.59383537915087,154.77322198275482,150.228506140487,154.43850708007812,1232400
2017-05-05 00:00:00-04:00,154.5575435770595,156.2013821641938,153.4492648436284,154.8997039794922,858200
2017-05-08 00:00:00-04:00,155.12287859528212,155.28651907550534,153.94021350163388,155.04849243164062,1009100
2017-05-09 00:00:00-04:00,154.67655771329194,154.9368978915316,153.7988601518817,154.7658233642578,803400
2017-05-10 00:00:00-04:00,154.62452265686895,157.45101527178375,154.52782291434548,155.39808654785156,683600
2017-05-11 00:00:00-04:00,154.76583257055808,155.68072326181561,154.11127072329285,155.0633544921875,912900
2017-05-12 00:00:00-04:00,154.84022479633836,155.72536793490914,154.25261496260464,155.1898193359375,766100
2017-05-15 00:00:00-04:00,154.98898927416272,156.2460405598678,154.94436211486305,156.00057983398438,834100
2017-05-16 00:00:00-04:00,155.9633735521072,156.22371375896964,154.08151949599807,154.81790161132812,999200
2017-05-17 00:00:00-04:00,154.24513484903247,159.3105204712546,154.24513484903247,158.3956298828125,1665300
2017-05-18 00:00:00-04:00,158.7080456604988,160.78329904041968,157.97167494804535,160.7535400390625,1651900
2017-05-19 00:00:00-04:00,160.39647487665047,160.805575928974,159.02785621954166,159.5336456298828,2114300
2017-05-22 00:00:00-04:00,159.71218323889585,161.20724941419354,159.14688712653427,160.3667449951172,938100
2017-05-23 00:00:00-04:00,160.53042607410285,162.03292670437395,160.00231155077532,161.556884765625,839900
2017-05-24 00:00:00-04:00,161.4080811756049,162.8882791856534,161.11055929858418,161.83206176757812,773600
2017-05-25 00:00:00-04:00,161.97339205290334,162.39737268354122,160.88742688798487,161.47503662109375,1018500
2017-05-26 00:00:00-04:00,162.02548865283325,162.1370565460001,160.60479694792298,160.9543914794922,976200
2017-05-30 00:00:00-04:00,160.99156949115869,161.27422326037055,159.17665626729382,159.43699645996094,711400
2017-05-31 00:00:00-04:00,159.59316511497795,160.50805565128238,159.31051139248882,160.1807861328125,2060000
2017-06-01 00:00:00-04:00,160.07666795277925,160.1436086778759,156.42452817606613,157.8898468017578,1251100
2017-06-02 00:00:00-04:00,158.43286264714456,159.4147055536759,158.01632735942897,159.11717224121094,1063800
2017-06-05 00:00:00-04:00,158.96094232318222,159.04276254745005,156.83362784195134,157.20553588867188,918900
2017-06-06 00:00:00-04:00,157.20553307676525,157.20553307676525,154.45340450047365,154.6393585205078,1355000
2017-06-07 00:00:00-04:00,154.60215988843018,156.1046600341797,154.4831466046882,156.1046600341797,1303200
2017-06-08 00:00:00-04:00,156.10470542014735,157.48076995787952,153.77656838486766,156.87828063964844,1858400
2017-06-09 00:00:00-04:00,155.90385046640785,156.86336818839015,153.93273110072272,154.38645935058594,1276000
2017-06-12 00:00:00-04:00,154.38647621679266,156.48192082168202,154.10859023197833,155.49803161621094,1489800
2017-06-13 00:00:00-04:00,155.36286856462235,156.54201615327725,154.88970137176403,156.5194854736328,1431700
2017-06-14 00:00:00-04:00,156.25656843133422,158.42711099692494,155.88104195659426,157.63099670410156,1104400
2017-06-15 00:00:00-04:00,157.2855190809432,159.7865269651826,156.97007819376338,159.73394775390625,855100
2017-06-16 00:00:00-04:00,159.97430344550392,160.80797280918972,158.720046197465,160.47000122070312,943800
2017-06-19 00:00:00-04:00,160.88312508731016,160.88312508731016,158.29198215252669,159.0580596923828,726600
2017-06-20 00:00:00-04:00,158.87776575185396,159.2232552160198,155.55060606118877,159.03549194335938,937300
2017-06-21 00:00:00-04:00,159.31335186978848,160.28221661598383,158.84019629296077,159.44854736328125,585900
2017-06-22 00:00:00-04:00,159.08051257429065,159.33586780930528,157.62346811778946,158.6073455810547,631900
2017-06-23 00:00:00-04:00,158.64491676360075,161.4463526127811,158.64491676360075,160.05690002441406,703800
2017-06-26 00:00:00-04:00,160.8830749486046,161.9420510134859,159.20821843674767,159.5912628173828,573900
2017-06-27 00:00:00-04:00,159.215777923023,159.91425192415699,157.42076116658117,157.92396545410156,777300
2017-06-28 00:00:00-04:00,158.30697605949314,158.81769814148254,157.24048200200372,157.30056762695312,627400
2017-06-29 00:00:00-04:00,156.69217137528153,157.24794319096955,155.39284159717454,155.89605712890625,669700
2017-06-30 00:00:00-04:00,156.7522914593018,157.72114487822603,155.86604287641694,156.61709594726562,620900
2017-07-03 00:00:00-04:00,157.66850379222498,160.37980477246273,156.54192462802905,159.77145385742188,562900
2017-07-05 00:00:00-04:00,159.3959890319515,159.41851970712483,156.2265441757514,156.26409912109375,756100
2017-07-06 00:00:00-04:00,155.47550013697273,156.1814918938238,153.13221810160402,154.23626708984375,1028900
2017-07-07 00:00:00-04:00,154.5291620645113,155.99371319180275,154.1085741982286,155.49050903320312,509600
2017-07-10 00:00:00-04:00,155.49054139258308,155.61071265371854,152.57645134094022,152.74168395996094,700100
2017-07-11 00:00:00-04:00,153.19227976664862,153.53775772544094,152.0957373553461,152.65902709960938,669000
2017-07-12 00:00:00-04:00,153.65796481896126,155.36285871837083,153.1923155222704,155.02488708496094,648400
2017-07-13 00:00:00-04:00,155.01734218959848,155.83599870931656,153.7630849935385,153.8306884765625,740600
2017-07-14 00:00:00-04:00,154.85211910630167,156.56453067838336,154.8220820254612,155.97869873046875,566200
2017-07-17 00:00:00-04:00,156.0387799401647,157.52587325333184,155.43794665905983,155.91110229492188,660500
2017-07-18 00:00:00-04:00,155.70833346210463,157.05271346232442,154.22875794523574,155.62571716308594,917900
2017-07-19 00:00:00-04:00,155.8134857905239,156.54199677578652,155.5130576655155,156.0463104248047,887500
2017-07-20 00:00:00-04:00,155.94864412025677,156.8048440799764,154.85210170018678,155.86602783203125,703600
2017-07-21 00:00:00-04:00,155.67829783411926,157.08276357377724,155.61821220619785,156.925048828125,439500
2017-07-24 00:00:00-04:00,156.9100224051288,157.1653777251731,155.6332343447459,156.97010803222656,643600
2017-07-25 00:00:00-04:00,157.15783818543528,157.15783818543528,154.73194023614863,156.00872802734375,871800
2017-07-26 00:00:00-04:00,155.92615728034778,158.66749691091638,155.5656549486387,157.7662353515625,964400
2017-07-27 00:00:00-04:00,148.73855111345947,151.7127264365679,144.31484880596796,148.91880798339844,3807200
2017-07-28 00:00:00-04:00,149.04647499182525,152.80925809449158,148.48318520617198,152.34359741210938,1490300
2017-07-31 00:00:00-04:00,152.523840628035,154.88214652797927,151.5099145204767,154.3939666748047,1367700
2017-08-01 00:00:00-04:00,154.7920522521509,155.16757881126807,151.99813373550649,152.3361053466797,726900
2017-08-02 00:00:00-04:00,151.93803056402805,153.42511235754887,150.9766836005237,151.87794494628906,933800
2017-08-03 00:00:00-04:00,150.97667964893574,152.43372432553102,148.85119825020922,150.46595764160156,870000
2017-08-04 00:00:00-04:00,150.45844194731495,151.69767475627276,149.9327071635195,151.3296661376953,672200
2017-08-07 00:00:00-04:00,151.34467578315142,151.63007957131597,150.35329184873314,151.021728515625,534700
2017-08-08 00:00:00-04:00,150.75885315673523,151.3371671283031,148.99388562711553,150.72129821777344,717400
2017-08-09 00:00:00-04:00,150.57862603174212,151.61507141969238,150.03786693361167,150.8715362548828,646000
2017-08-10 00:00:00-04:00,150.5711291051265,151.2996515619661,149.60978201035778,150.6988067626953,590500
2017-08-11 00:00:00-04:00,150.8114857385168,150.8114857385168,148.31798359898184,149.18170166015625,630300
2017-08-14 00:00:00-04:00,150.21812320222259,150.86402931285627,149.79753530881655,150.61618041992188,807300
2017-08-15 00:00:00-04:00,150.45846150317414,151.50993120743,149.6848777650087,151.39727783203125,651200
2017-08-16 00:00:00-04:00,151.71273988927888,152.1783891860437,149.30937204445138,149.4670867919922,876500
2017-08-17 00:00:00-04:00,149.39946169257618,150.28571019368488,148.50570678710938,148.50570678710938,728700
2017-08-18 00:00:00-04:00,147.88988562179657,148.5057432750993,146.07984469290062,147.42422485351562,793800
2017-08-21 00:00:00-04:00,147.96498619071795,151.0668395610643,147.62701454415657,150.488525390625,993000
2017-08-22 00:00:00-04:00,150.64622568358558,151.69769539422538,149.8125563200925,151.40478515625,796900
2017-08-23 00:00:00-04:00,151.299629608806,155.11498035139303,151.14191489123021,154.28131103515625,966300
2017-08-24 00:00:00-04:00,154.2662983776409,155.30275529750742,153.4777018100839,153.71803283691406,727600
2017-08-25 00:00:00-04:00,153.71049521407645,154.2662670470876,152.46374460138088,153.11715698242188,569300
2017-08-28 00:00:00-04:00,153.10216819144185,153.76308707979126,151.5474828835144,153.4401397705078,613500
2017-08-29 00:00:00-04:00,153.47016325763948,155.22762448125877,153.44763258504122,154.3939666748047,527500
2017-08-30 00:00:00-04:00,154.04097795905543,154.67185974121094,152.23844384697733,154.67185974121094,519500
2017-08-31 00:00:00-04:00,154.8220819405422,155.46798804978346,153.5377761272255,154.2212371826172,858100
2017-09-01 00:00:00-04:00,154.58172393486842,155.3928510373194,154.1010390442922,154.6267852783203,408200
2017-09-05 00:00:00-04:00,154.40149252938943,155.4379494401117,153.94334969524584,155.21263122558594,656300
2017-09-06 00:00:00-04:00,155.84351858179065,157.33811837963054,155.82849431091364,156.1364288330078,964400
2017-09-07 00:00:00-04:00,156.5795435136842,161.61911474239895,156.48191440581667,160.93565368652344,1413600
2017-09-08 00:00:00-04:00,160.91312855573614,165.1791047127192,160.85304293181454,163.96240234375,1319800
2017-09-11 00:00:00-04:00,162.2424860584374,162.2424860584374,157.97649869657243,160.27471923828125,1583900
2017-09-12 00:00:00-04:00,159.5923923786032,159.6075587904789,156.9767474063046,157.37857055664062,1240100
2017-09-13 00:00:00-04:00,157.40886547005985,158.30349852369005,156.2488838802146,158.2580108642578,646200
2017-09-14 00:00:00-04:00,158.35658298026632,162.2307738865683,157.3861408983644,161.15419006347656,803100
2017-09-15 00:00:00-04:00,161.07079756820332,162.48856206359534,160.60074292264778,162.3596649169922,1032100
2017-09-18 00:00:00-04:00,162.25349338789607,164.06549170628776,162.25349338789607,163.6485137939453,796500
2017-09-19 00:00:00-04:00,163.75467859340097,164.1565017220244,162.90553310298557,163.5499725341797,763100
2017-09-20 00:00:00-04:00,163.7319284138168,164.20956044204098,161.21483643084352,162.32933044433594,704900
2017-09-21 00:00:00-04:00,162.2535159855478,164.36119594421461,161.7758839395877,162.90553283691406,672000
2017-09-22 00:00:00-04:00,163.29982428431134,163.95184131830908,161.57880056051758,162.026123046875,500200
2017-09-25 00:00:00-04:00,161.85930668967384,163.3452912785252,161.16180206674187,162.40518188476562,530000
2017-09-26 00:00:00-04:00,162.73116968034,163.64854672296298,162.22320478085157,162.34451293945312,675400
2017-09-27 00:00:00-04:00,161.90476150406326,161.90476150406326,159.0768333371317,160.71444702148438,730200
2017-09-28 00:00:00-04:00,160.5173002740239,161.4877421180734,158.97065063167176,161.29820251464844,548400
2017-09-29 00:00:00-04:00,161.29822157637926,162.57951129792363,160.1685612417781,162.23834228515625,909700
2017-10-02 00:00:00-04:00,162.6629122156506,163.35283924291758,161.798611968591,162.4582061767578,771200
2017-10-03 00:00:00-04:00,162.7917963980865,163.36041528130391,161.08593974843413,161.42710876464844,573800
2017-10-04 00:00:00-04:00,161.1920482462197,162.2762091404606,160.4490562978585,162.14732360839844,527200
2017-10-05 00:00:00-04:00,162.63256881514252,163.41347111174005,161.7758576128888,162.0032958984375,680700
2017-10-06 00:00:00-04:00,161.48781860015086,162.2611437875807,160.44155579178022,161.80624389648438,847100
2017-10-09 00:00:00-04:00,161.64696512524964,163.0419738701288,160.49456106407223,162.1170196533203,635500
2017-10-10 00:00:00-04:00,162.19286046621943,163.66368997145855,160.44910497633657,161.50294494628906,807600
2017-10-11 00:00:00-04:00,161.48778891695005,163.16332458696894,160.46427013440956,162.76148986816406,783400
2017-10-12 00:00:00-04:00,162.7008189644023,164.45974067130217,162.60225465731293,164.3763427734375,541600
2017-10-13 00:00:00-04:00,164.89950918585257,166.43857034610053,164.01246493846207,165.70315551757812,1057600
2017-10-16 00:00:00-04:00,165.983650346655,166.4006398742971,164.14133057259315,164.94497680664062,768100
2017-10-17 00:00:00-04:00,164.32329675655748,165.104199177798,162.48096536949024,163.67127990722656,723300
2017-10-18 00:00:00-04:00,163.67129859647534,164.52043261123183,162.4203298405395,162.75392150878906,516400
2017-10-19 00:00:00-04:00,163.30730941667358,163.83802953426115,162.34445660939284,163.16326904296875,686600
2017-10-20 00:00:00-04:00,162.96620017025455,163.15573983352968,161.80621835649728,163.0723419189453,845000
2017-10-23 00:00:00-04:00,163.27705948778643,164.1944366127901,162.26112959757884,162.8373260498047,752800
2017-10-24 00:00:00-04:00,162.31417520357752,162.8145626662292,159.21330924287835,159.2967071533203,1070800
2017-10-25 00:00:00-04:00,159.91836921601956,160.32778129047668,157.84859971962646,159.21328735351562,1062400
2017-10-26 00:00:00-04:00,152.4429602614189,156.18067672925278,150.1988056415407,154.82357788085938,2974400
2017-10-27 00:00:00-04:00,154.32318227347565,157.4240481093246,153.95168040217706,156.86300659179688,1041400
2017-10-30 00:00:00-04:00,156.59767821192028,158.41725442281026,156.18068862275447,158.265625,796600
2017-10-31 00:00:00-04:00,158.26559474010952,158.26559474010952,156.72653383411136,157.12835693359375,682100
2017-11-01 00:00:00-04:00,157.7500534497929,157.7500534497929,156.10483923264502,156.5749053955078,691400
2017-11-02 00:00:00-04:00,156.90088124289375,159.31940843112466,156.6885978127587,157.9471435546875,811700
2017-11-03 00:00:00-04:00,157.8713468310197,158.8796990601148,157.05253423366625,158.43238830566406,759600
2017-11-06 00:00:00-05:00,158.8266089296994,161.1541492247384,158.46268456477313,158.69772338867188,764300
2017-11-07 00:00:00-05:00,158.47033415268388,160.94950476353466,158.30353831378716,160.34298706054688,882200
2017-11-08 00:00:00-05:00,160.5476479529607,162.19285059332603,160.18373509367234,161.63182067871094,760300
2017-11-09 00:00:00-05:00,161.30580830141753,161.91992644212016,159.98661983347736,160.25196838378906,532500
2017-11-10 00:00:00-05:00,160.05487482986103,160.88126499101733,158.59162260355632,160.36572265625,736600
2017-11-13 00:00:00-05:00,160.47182269312512,162.16251282259967,160.3656809712877,161.6772918701172,609500
2017-11-14 00:00:00-05:00,161.05560692959062,161.70762371175653,160.3050374076353,161.42710876464844,640900
2017-11-15 00:00:00-05:00,161.31339762197805,162.1701089152456,158.84938233907155,159.25120544433594,795700
2017-11-16 00:00:00-05:00,158.7432176669905,162.81452478266027,158.65223078767215,161.99571228027344,938600
2017-11-17 00:00:00-05:00,161.29821323438637,162.04879427852075,160.4718232849914,160.61587524414062,681500
2017-11-20 00:00:00-05:00,160.58556402921533,160.93432205978542,159.79708421067403,160.0548553466797,358400
2017-11-21 00:00:00-05:00,160.38845404924118,160.38845404924118,159.14507440871685,160.21408081054688,683700
2017-11-22 00:00:00-05:00,159.70610890131212,160.4794339340083,158.69017912553588,160.1913299560547,512000
2017-11-24 00:00:00-05:00,160.65380679647333,161.70764681451922,160.3278041431056,161.3285675048828,257000
2017-11-27 00:00:00-05:00,161.813781408451,163.84565243398322,161.28307271212682,162.95101928710938,957800
2017-11-28 00:00:00-05:00,161.64700875001273,162.13980723865717,156.18067986457615,158.78115844726562,1566800
2017-11-29 00:00:00-05:00,158.35660602305316,160.5401068093491,157.492305556575,159.4104461669922,827700
2017-11-30 00:00:00-05:00,159.7515972501996,161.87443198967753,159.03892634398275,161.57875061035156,1257700
2017-12-01 00:00:00-05:00,162.22318089961266,162.4278869410447,160.42634889310096,160.78268432617188,809800
2017-12-04 00:00:00-05:00,160.12308353563006,161.49534866092273,158.63709925520646,159.1905517578125,1133000
2017-12-05 00:00:00-05:00,160.8736845468271,161.2072762012132,159.18299400964236,160.00938415527344,676100
2017-12-06 00:00:00-05:00,160.12305746968565,161.66970713917985,159.7212344288595,160.5779571533203,821300
2017-12-07 00:00:00-05:00,160.31261587891487,160.41875760840134,157.68939389221492,157.95474243164062,815100
2017-12-08 00:00:00-05:00,158.22774503911742,160.42641258076338,157.886575880344,159.85020446777344,691000
2017-12-11 00:00:00-05:00,159.55442220544649,160.50970912890963,158.6294680943419,160.48695373535156,721100
2017-12-12 00:00:00-05:00,160.48702868141729,162.57655255955328,160.45641820887408,162.04843139648438,759700
2017-12-13 00:00:00-05:00,161.7039666257465,163.02808820349725,161.5279184972635,162.69131469726562,730400
2017-12-14 00:00:00-05:00,162.33158033652285,163.0204384204285,161.06102999238817,161.5126190185547,525800
2017-12-15 00:00:00-05:00,162.79082842099874,162.8061394936796,160.86969172251446,161.92593383789062,1158900
2017-12-18 00:00:00-05:00,162.26273694146494,164.90333103232095,162.04842860057352,162.3316192626953,823300
2017-12-19 00:00:00-05:00,162.3392444554337,162.68366766374436,159.10163593210555,159.36187744140625,713500
2017-12-20 00:00:00-05:00,159.2011573325122,159.85174365664386,156.92029786775183,157.01979064941406,801500
2017-12-21 00:00:00-05:00,157.5938534261851,157.5938534261851,155.841114829878,155.92530822753906,645000
2017-12-22 00:00:00-05:00,156.72131824964492,158.1066845438383,156.4457772663544,157.64744567871094,500800
2017-12-26 00:00:00-05:00,158.10664279921806,159.92061364756552,158.09133172670852,159.22410583496094,331700
2017-12-27 00:00:00-05:00,159.6221004316883,160.37982912171654,159.41544184398717,160.1808319091797,379300
2017-12-28 00:00:00-05:00,160.05835277802595,160.71658864401203,159.27766338824034,160.15020751953125,666700
2017-12-29 00:00:00-05:00,160.52526900145384,161.15289451513755,159.68334686420144,159.96653747558594,620100
2018-01-02 00:00:00-05:00,160.7702003990315,160.86204347809294,157.348905556873,157.91529846191406,812300
2018-01-03 00:00:00-05:00,157.9382573967259,158.9409165945864,157.47136895204355,158.2597198486328,580000
2018-01-04 00:00:00-05:00,157.5938535362574,158.44343721182003,155.04511418849827,155.4584197998047,799600
2018-01-05 00:00:00-05:00,155.6267644479361,156.1701848578336,154.3868362708891,154.5475616455078,644600
2018-01-08 00:00:00-05:00,154.67768257826356,156.25438431637141,154.5628787347804,155.77984619140625,768600
2018-01-09 00:00:00-05:00,156.19313995317236,156.29263270962284,153.7745047959529,153.95819091796875,659300
2018-01-10 00:00:00-05:00,152.82546482257553,153.13162791992892,149.48071327661975,150.10067749023438,1133200
2018-01-11 00:00:00-05:00,150.6288088637965,151.06507524868528,149.2587537276353,150.10833740234375,1093600
2018-01-12 00:00:00-05:00,150.03176502045056,150.39914898451204,148.02643509232098,148.14125061035156,957400
2018-01-16 00:00:00-05:00,148.63874997961307,151.8763467213271,148.11829033537137,148.29432678222656,1034200
2018-01-17 00:00:00-05:00,149.09799334379005,150.79716029472513,148.82245244150528,149.77919006347656,737900
2018-01-18 00:00:00-05:00,149.3428966912693,149.7715132330553,147.4141222532323,147.91162109375,1241000
2018-01-19 00:00:00-05:00,148.4168017374128,148.8683791075989,147.49067454870988,148.14891052246094,646100
2018-01-22 00:00:00-05:00,148.5928627346247,148.96024678468987,147.34527288930693,148.31732177734375,909600
2018-01-23 00:00:00-05:00,148.48572156610996,151.96824984584325,148.14894795784676,151.6161651611328,982000
2018-01-24 00:00:00-05:00,151.40948834373387,151.5549026650709,148.722961384791,149.18984985351562,687000
2018-01-25 00:00:00-05:00,148.48572264867911,149.08272616625118,146.0517870276436,147.39122009277344,855500
2018-01-26 00:00:00-05:00,147.92694644616486,148.24074750810314,145.95988830257414,147.60548400878906,1083200
2018-01-29 00:00:00-05:00,147.3375993725304,147.66671152108825,145.53892790342502,147.3682098388672,1121900
2018-01-30 00:00:00-05:00,147.3682419086247,148.70767492167585,145.62315297450667,148.1795654296875,1535500
2018-01-31 00:00:00-05:00,148.09535161351803,149.83277893066406,146.86307294423855,149.83277893066406,2749400
2018-02-01 00:00:00-05:00,150.09303082635716,150.4604148716795,145.96757789741895,146.17422485351562,1125600
2018-02-02 00:00:00-05:00,145.500666826534,146.91663154451578,144.19184457952133,145.66139221191406,974000
2018-02-05 00:00:00-05:00,145.0184849309391,146.74826261195483,140.27306793501478,141.58187866210938,1088800
2018-02-06 00:00:00-05:00,140.05107766617473,143.19683145417608,138.48202562047936,141.9033203125,1566400
2018-02-07 00:00:00-05:00,141.32929929057684,144.36789939483273,140.64810246270923,141.86508178710938,1021700
2018-02-08 00:00:00-05:00,141.8650757032651,142.32430280769185,138.1376175542875,138.14527893066406,1213700
2018-02-09 00:00:00-05:00,139.10967843464198,144.4291383553667,138.31367771052578,143.2504425048828,2002100
2018-02-12 00:00:00-05:00,143.6101739618704,144.329642653561,140.01283050341752,143.75559997558594,1405600
2018-02-13 00:00:00-05:00,143.85507567154903,145.6384361140263,143.51065244147483,144.8118133544922,1054500
2018-02-14 00:00:00-05:00,143.7478997472286,144.00812955463422,141.35988658952974,142.9595489501953,963800
2018-02-15 00:00:00-05:00,143.5259407143495,146.45738591067692,143.12793463137183,145.79148864746094,931900
2018-02-16 00:00:00-05:00,145.40884930614925,146.15894022642556,143.1433005056523,144.46742248535156,1112600
2018-02-20 00:00:00-05:00,143.61017423667997,145.61549292498648,142.2937020916904,142.599853515625,1377200
2018-02-21 00:00:00-05:00,143.1050400248122,148.65412026980397,142.1865739062548,145.9982147216797,2526900
2018-02-22 00:00:00-05:00,146.67174896619966,148.76891094285278,146.0135128318876,147.82748413085938,1466500
2018-02-23 00:00:00-05:00,147.97285533630173,149.81744810449973,147.59781001862095,149.77151489257812,778200
2018-02-26 00:00:00-05:00,150.05473650194872,151.09566754021512,147.95756335280024,149.92462158203125,879900
2018-02-27 00:00:00-05:00,150.4298282397531,151.34830608831246,147.35296715544462,147.65911865234375,979400
2018-02-28 00:00:00-05:00,148.3479106190604,150.5369150317767,147.81212822097592,148.82244873046875,1152600
2018-03-01 00:00:00-05:00,148.66940150675728,151.92230996297104,147.78154604282446,150.10067749023438,1195900
2018-03-02 00:00:00-05:00,150.15420746784656,151.24872126183473,147.59015792612917,149.2510528564453,950600
2018-03-05 00:00:00-05:00,149.31998468848445,152.31266344145797,149.31998468848445,151.04977416992188,1146900
2018-03-06 00:00:00-05:00,150.62880753473905,152.3738964167541,149.57256522444044,151.66973876953125,711800
2018-03-07 00:00:00-05:00,151.03447183378128,152.24378992953675,150.32265276979874,151.554931640625,583900
2018-03-08 00:00:00-05:00,151.65438666576068,153.45305798597508,150.8813469062885,152.93258666992188,756600
2018-03-09 00:00:00-05:00,153.13925213207455,153.38417089026947,151.2946591938826,153.0474090576172,884100
2018-03-12 00:00:00-04:00,153.0474011940154,153.39182438445997,151.9758481050568,152.62643432617188,1004300
2018-03-13 00:00:00-04:00,153.08260477895396,153.85574924753453,152.12390139090462,152.61871337890625,1022200
2018-03-14 00:00:00-04:00,152.9898405325004,153.45372016354267,149.21689152099492,150.46165466308594,1903300
2018-03-15 00:00:00-04:00,150.59306643874248,151.04921880688812,149.7735352560409,150.89459228515625,675900
2018-03-16 00:00:00-04:00,151.16520985403648,153.23723136789246,150.97192373682236,153.09033203125,1136300
2018-03-19 00:00:00-04:00,153.11351630531698,153.14444868868864,151.1883942427232,152.0929718017578,840200
2018-03-20 00:00:00-04:00,152.23214738294223,153.585150258403,151.9383604949714,153.10580444335938,886800
2018-03-21 00:00:00-04:00,153.27591257771687,154.31966247684346,151.6523042451311,153.4846649169922,1108300
2018-03-22 00:00:00-04:00,153.33000442444703,154.55156220565468,151.2347778911592,151.296630859375,1045900
2018-03-23 00:00:00-04:00,151.3121060157755,152.53366386935875,148.95401307579237,149.2555389404297,850400
2018-03-26 00:00:00-04:00,150.2065517751768,152.26311951403437,149.61896604861116,152.0079803466797,703800
2018-03-27 00:00:00-04:00,152.30946371481642,154.49746402547575,150.19104357654498,153.15992736816406,921700
2018-03-28 00:00:00-04:00,153.59290127961197,157.58233004467326,153.09808923259078,156.26797485351562,1249500
2018-03-29 00:00:00-04:00,156.24476316185346,156.8710082951977,154.05676289537095,154.930419921875,986800
2018-04-02 00:00:00-04:00,155.4407012358501,156.09013977260878,153.09807438756087,154.17274475097656,762700
2018-04-03 00:00:00-04:00,154.18047480885141,155.92004993424092,152.52594605037092,155.10824584960938,694600
2018-04-04 00:00:00-04:00,154.89953235376927,158.30136402914604,154.3892540632875,157.75242614746094,896200
2018-04-05 00:00:00-04:00,157.40446761798026,157.40446761798026,154.14953625797864,155.68035888671875,863300
2018-04-06 00:00:00-04:00,155.8659360111631,156.8246276414913,153.70885624842688,154.07223510742188,724200
2018-04-09 00:00:00-04:00,154.31963811088931,155.8659270226327,153.69338119194478,154.48973083496094,806500
2018-04-10 00:00:00-04:00,154.5902191849258,156.32979407102152,154.37373969843586,154.97679138183594,701500
2018-04-11 00:00:00-04:00,154.5515745980832,155.84273624259,153.46917706063547,153.60833740234375,581900
2018-04-12 00:00:00-04:00,153.6161196228267,153.75528000369286,151.0647397983485,151.77603149414062,718200
2018-04-13 00:00:00-04:00,152.10844711882368,152.5645995243163,151.0646973664947,152.52593994140625,654700
2018-04-16 00:00:00-04:00,153.2759093608248,153.70114122922033,151.80693941245832,152.37905883789062,755600
2018-04-17 00:00:00-04:00,153.08264781360626,154.29649063319295,152.2012633435392,153.52334594726562,778300
2018-04-18 00:00:00-04:00,153.98722860525743,154.14959418317682,152.77339755986728,153.0207977294922,596400
2018-04-19 00:00:00-04:00,152.5877832199224,152.69602296684442,148.64474195858838,149.82765197753906,734500
2018-04-20 00:00:00-04:00,150.32248246990116,150.60081496734134,148.60611249914396,149.0236053466797,970000
2018-04-23 00:00:00-04:00,149.47979447175618,149.533920263801,148.45924959546505,149.1318817138672,786500
2018-04-24 00:00:00-04:00,148.77623573977925,150.3998444026867,148.48244876251925,149.8045196533203,998400
2018-04-25 00:00:00-04:00,149.51841146640473,150.8482209242436,148.59064044395282,149.7658233642578,748600
2018-04-26 00:00:00-04:00,151.92288557878777,157.04109810153898,151.27344706719512,154.48973083496094,1829300
2018-04-27 00:00:00-04:00,154.04907179906667,157.1339232053156,153.37643972743578,156.52313232421875,748000
2018-04-30 00:00:00-04:00,157.21895434205828,157.70602740309812,155.84275793973933,156.00511169433594,896500
2018-05-01 00:00:00-04:00,156.0514803199726,158.99715892590518,155.15462988431503,158.10804748535156,1253200
2018-05-02 00:00:00-04:00,157.15708011318029,159.26776121832955,155.487085222464,158.25494384765625,858500
2018-05-03 00:00:00-04:00,158.63382280751716,160.2342379883446,157.64419854200864,159.19822692871094,1156500
2018-05-04 00:00:00-04:00,158.94306320916743,160.86819744871468,158.55649092150935,160.3424530029297,495100
2018-05-07 00:00:00-04:00,160.30377813796036,162.54590427105538,159.3373475109148,162.34487915039062,851000
2018-05-08 00:00:00-04:00,162.36036678633175,163.009805422137,161.7186553495538,162.38356018066406,1118000
2018-05-09 00:00:00-04:00,162.73143316314258,163.58189673852684,161.7418092557396,163.55096435546875,549800
2018-05-10 00:00:00-04:00,164.20817280370125,165.3910830379977,163.52007461644874,163.79067993164062,653900
2018-05-11 00:00:00-04:00,164.43235193698382,164.79573076336587,163.34222725508548,163.5973663330078,698200
2018-05-14 00:00:00-04:00,163.4968349760371,164.4400720172271,160.8217503614457,161.92735290527344,658700
2018-05-15 00:00:00-04:00,160.65946992991118,161.4790014187931,158.73433539295613,159.19822692871094,957300
2018-05-16 00:00:00-04:00,160.0099883274531,160.4042877690776,158.2936066213839,158.95851135253906,598800
2018-05-17 00:00:00-04:00,158.20079947617685,158.95848946362776,157.18798222455547,157.59774780273438,597700
2018-05-18 00:00:00-04:00,157.79879121081981,158.5100827082934,156.05147715655468,157.40447998046875,784100
2018-05-21 00:00:00-04:00,157.79877602516598,159.16723311278486,156.46896671956955,158.4172821044922,563200
2018-05-22 00:00:00-04:00,158.30131523793912,158.695614633281,157.24211118948816,157.80650329589844,616100
2018-05-23 00:00:00-04:00,158.39411931850054,160.66716617064895,158.34000533486582,159.78578186035156,571700
2018-05-24 00:00:00-04:00,159.99452811924814,160.65169387987103,159.2445769945233,160.14915466308594,563900
2018-05-25 00:00:00-04:00,160.90684535491536,161.83462828375917,160.22648615027987,161.1929168701172,439700
2018-05-29 00:00:00-04:00,161.1774566947473,162.31398020750092,160.3965848909661,162.24440002441406,883200
2018-05-30 00:00:00-04:00,162.06653466681323,164.57925411121875,161.64131466017378,164.08444213867188,506800
2018-05-31 00:00:00-04:00,163.1411715174761,164.43232105923371,162.25206030760717,163.7828826904297,1553200
2018-06-01 00:00:00-04:00,163.86796256855246,163.99166851094873,162.3603332619978,163.61282348632812,559800
2018-06-04 00:00:00-04:00,164.29321600164698,165.49159240722656,163.38863829862552,165.49159240722656,582000
2018-06-05 00:00:00-04:00,165.69259659212352,166.53532126926615,164.46329966338348,164.58700561523438,810700
2018-06-06 00:00:00-04:00,164.3396150225495,165.87817703043245,163.92984932649912,165.14369201660156,695700
2018-06-07 00:00:00-04:00,165.61528609783414,166.6435578861184,164.75709524357728,166.3343048095703,834300
2018-06-08 00:00:00-04:00,166.51989120887515,167.58682275707895,165.70035980328,167.42446899414062,769700
2018-06-11 00:00:00-04:00,167.4708404208987,168.03523263570943,166.56626271861316,167.49403381347656,767700
2018-06-12 00:00:00-04:00,167.38479568225452,169.06254061969568,166.81514446685568,168.49288940429688,813300
2018-06-13 00:00:00-04:00,169.04692490557113,169.71802519325055,165.5041355122956,165.68362426757812,701600
2018-06-14 00:00:00-04:00,165.83190238748935,168.24318898446072,165.83190238748935,167.3535919189453,634700
2018-06-15 00:00:00-04:00,167.8139662229109,169.14055644101336,166.7995106771239,167.0102081298828,1313900
2018-06-18 00:00:00-04:00,166.9321469558313,168.25873700265953,166.05816046044765,167.52520751953125,627300
2018-06-19 00:00:00-04:00,166.58887358766097,170.3891806849573,166.54205456056627,169.3903350830078,1145400
2018-06-20 00:00:00-04:00,169.4449481474054,170.97443712655857,168.93772615976837,170.52963256835938,757400
2018-06-21 00:00:00-04:00,170.32671022397443,173.26081698291392,170.06138262253197,173.112548828125,1002000
2018-06-22 00:00:00-04:00,173.08133761322577,176.55388681782068,172.6131236477447,176.3275909423828,1176300
2018-06-25 00:00:00-04:00,175.85155254103705,176.55386148129745,174.34547363037214,176.0856475830078,1137700
2018-06-26 00:00:00-04:00,176.22614052011957,179.26169635196254,175.21948407382672,178.69984436035156,1732200
2018-06-27 00:00:00-04:00,178.6920579295557,179.5504343784515,177.0065018342735,177.29522705078125,1251500
2018-06-28 00:00:00-04:00,176.97525707765158,179.18364508597625,176.97525707765158,178.64520263671875,817700
2018-06-29 00:00:00-04:00,177.9662926096585,179.06658694885832,176.31975665399662,177.02987670898438,1237800
2018-07-02 00:00:00-04:00,177.0299149262136,178.4579545435759,174.54839975118463,176.62413024902344,710700
2018-07-03 00:00:00-04:00,176.8113999982166,180.2137206164508,175.81255467058597,179.04319763183594,578000
2018-07-05 00:00:00-04:00,179.035370606701,181.76659066130375,178.59837730311247,181.5949249267578,717500
2018-07-06 00:00:00-04:00,181.93829070933495,183.3039009048158,180.48684168242255,181.20477294921875,933300
2018-07-09 00:00:00-04:00,181.34520788452477,181.34520788452477,177.029881145566,179.19924926757812,1002000
2018-07-10 00:00:00-04:00,179.7377044279263,181.27499220769678,178.6686305969741,180.03424072265625,882000
2018-07-11 00:00:00-04:00,179.60502559070457,180.5882604796675,178.7934564285861,179.14462280273438,818000
2018-07-12 00:00:00-04:00,179.6830563969528,179.87814353831857,178.660801681344,179.10560607910156,757300
2018-07-13 00:00:00-04:00,179.43336727426683,180.04983745757474,177.66977173624315,177.98191833496094,500600
2018-07-16 00:00:00-04:00,176.3587977773341,176.92844896711898,174.41572532054929,175.9998321533203,842700
2018-07-17 00:00:00-04:00,176.46798025786006,176.71769745218668,171.23183744584668,171.45814514160156,1525100
2018-07-18 00:00:00-04:00,171.33332968649896,172.2073162723712,169.9443101880202,171.00558471679688,972900
2018-07-19 00:00:00-04:00,171.0055660568259,174.32204710896485,170.8885185472666,173.59632873535156,953100
2018-07-20 00:00:00-04:00,173.5963517387031,173.5963517387031,171.8561658181762,173.33102416992188,590900
2018-07-23 00:00:00-04:00,172.97206109702535,173.51050349745927,171.64547095384216,172.16049194335938,561800
2018-07-24 00:00:00-04:00,171.95762581241658,172.64433642202192,170.74808304583448,171.1616668701172,890500
2018-07-25 00:00:00-04:00,171.65332699282638,172.0044815724224,170.75593063306127,171.41921997070312,1085000
2018-07-26 00:00:00-04:00,172.26971991784254,172.9408200626192,170.537345402423,170.958740234375,853200
2018-07-27 00:00:00-04:00,171.6532540950759,171.6532540950759,167.37694780858644,168.05584716796875,1127500
2018-07-30 00:00:00-04:00,168.77380049053042,169.24981363040303,167.0726461951276,167.38478088378906,1116300
2018-07-31 00:00:00-04:00,168.01687067356198,170.1550303215575,167.61889713740067,169.9833526611328,2450300
2018-08-01 00:00:00-04:00,164.66133403090527,170.04574586878138,164.16972256880476,169.71018981933594,2014200
2018-08-02 00:00:00-04:00,156.8890830671882,165.51193718489552,156.8890830671882,164.03707885742188,2055000
2018-08-03 00:00:00-04:00,164.49750086842755,168.16513721037413,164.4506818537027,166.97900390625,1604800
2018-08-06 00:00:00-04:00,166.9789902236743,168.97668073607784,166.58881592337127,168.4148406982422,790100
2018-08-07 00:00:00-04:00,168.43045289910881,169.67901552526175,167.6579153417951,169.21861267089844,680800
2018-08-08 00:00:00-04:00,169.2732324945134,170.7871108232801,168.586521852885,169.50733947753906,857200
2018-08-09 00:00:00-04:00,169.73358823521804,170.24862107346624,167.89977650946392,168.39138793945312,675000
2018-08-10 00:00:00-04:00,167.92322036279015,169.5151262981933,167.17408045325195,167.5642547607422,526700
2018-08-13 00:00:00-04:00,167.56426544842947,168.95328511911598,167.15068160868438,167.9310302734375,499300
2018-08-14 00:00:00-04:00,167.71252356904023,169.00010593317833,167.42379839064637,168.50067138671875,670500
2018-08-15 00:00:00-04:00,168.8362130474099,171.27089671734117,168.28997144289633,171.06021118164062,831900
2018-08-16 00:00:00-04:00,170.99777674345393,172.89401795096765,170.71685079709928,172.35557556152344,710000
2018-08-17 00:00:00-04:00,172.88627755260123,174.66547184891104,172.41806351370806,174.46258544921875,1388100
2018-08-20 00:00:00-04:00,174.38451846503202,175.8047468545539,173.26081447361756,173.61196899414062,695100
2018-08-21 00:00:00-04:00,173.49490698237346,173.79144326291782,172.25415555668746,172.34779357910156,635800
2018-08-22 00:00:00-04:00,168.1807546746665,169.19521036318625,163.84981702067816,164.68478393554688,1547100
2018-08-23 00:00:00-04:00,164.6535898739944,165.39491882137554,164.42729397067154,165.17642211914062,657200
2018-08-24 00:00:00-04:00,165.17640732969795,167.0570505479254,165.04374948001725,166.44837951660156,451800
2018-08-27 00:00:00-04:00,166.93215456798498,167.4940064569731,164.55208919201783,166.20643615722656,769900
2018-08-28 00:00:00-04:00,166.22987224888647,167.54866336850333,164.98910884972582,167.5096435546875,712700
2018-08-29 00:00:00-04:00,167.61105922643145,167.64227983633913,165.80845598741283,165.9645233154297,673000
2018-08-30 00:00:00-04:00,166.058189924178,166.30009609298796,164.6457608168619,165.16078186035156,886200
2018-08-31 00:00:00-04:00,165.4338710803887,166.62000405610542,164.97346835349956,165.886474609375,973000
2018-09-04 00:00:00-04:00,166.1440444640209,167.0882597223731,165.75387011428086,166.2923126220703,1090500
2018-09-05 00:00:00-04:00,165.93334764375865,168.52411105182247,165.13738863310124,168.3212127685547,805000
2018-09-06 00:00:00-04:00,168.56309946692994,169.28882986814548,167.54865579661612,167.57986450195312,715300
2018-09-07 00:00:00-04:00,166.6121935846888,166.76046169561383,162.96016854729774,163.1786651611328,972600
2018-09-10 00:00:00-04:00,164.43504647848246,165.80845563213146,164.1697308307049,165.2075958251953,867700
2018-09-11 00:00:00-04:00,164.58521590334425,165.93234316097713,164.0022465134844,164.1282958984375,699000
2018-09-12 00:00:00-04:00,164.04957897336172,166.15297920348465,163.22239613616537,165.25489807128906,759400
2018-09-13 00:00:00-04:00,165.82996699138357,166.38930376061992,165.00278422932251,165.373046875,843800
2018-09-14 00:00:00-04:00,164.87671211903756,165.0342798773484,161.82009234366987,162.74180603027344,1009100
2018-09-17 00:00:00-04:00,162.9702606898501,164.4434374948913,162.24549467754238,164.03378295898438,997000
2018-09-18 00:00:00-04:00,164.1204340704488,164.78217535773584,161.62313905332618,161.84371948242188,700600
2018-09-19 00:00:00-04:00,162.11159930622605,162.11159930622605,160.0948566640572,160.78811645507812,864900
2018-09-20 00:00:00-04:00,161.07957584192044,161.62315338350632,159.96091441782664,161.5128631591797,660000
2018-09-21 00:00:00-04:00,161.2528919670151,162.2376304132246,160.49660755120368,160.8905029296875,1308200
2018-09-24 00:00:00-04:00,160.9298804258674,161.16622003588932,158.35380151601893,159.0785675048828,893800
2018-09-25 00:00:00-04:00,159.61426027988466,161.00076746343444,159.22823854310536,159.4173126220703,668500
2018-09-26 00:00:00-04:00,159.80336527696082,160.2839181358325,158.31444117664262,158.464111328125,722600
2018-09-27 00:00:00-04:00,158.7319688921036,159.46460854894752,156.88852932763385,157.15638732910156,771800
2018-09-28 00:00:00-04:00,157.3690626274626,158.92889683590752,157.0933431006435,158.8422393798828,937400
2018-10-01 00:00:00-04:00,159.2991909046025,159.2991909046025,156.88854083891826,156.92005920410156,639600
2018-10-02 00:00:00-04:00,157.3139203701821,158.21200125060992,156.94365779467196,157.74720764160156,576500
2018-10-03 00:00:00-04:00,158.0229149784515,158.59012517716894,154.12335387781692,155.7383270263672,1166100
2018-10-04 00:00:00-04:00,154.7299772954858,155.903777768154,153.45374816244976,155.79348754882812,879200
2018-10-05 00:00:00-04:00,156.10071305867572,157.5029794591328,155.48623731109257,156.77821350097656,1307500
2018-10-08 00:00:00-04:00,156.93581353850092,159.53551361130164,156.86490322939622,158.49563598632812,986900
2018-10-09 00:00:00-04:00,158.70044449292925,158.70044449292925,157.36120261946337,158.29867553710938,849700
2018-10-10 00:00:00-04:00,157.99142628545778,159.21250426684693,156.42371847495355,156.51824951171875,675700
2018-10-11 00:00:00-04:00,157.4636228154436,157.55815386112567,153.8791724109564,154.15489196777344,1177800
2018-10-12 00:00:00-04:00,154.5645431785097,155.52564885785864,153.248934064815,155.0766143798828,1154900
2018-10-15 00:00:00-04:00,154.67483951975737,157.74723078729807,154.65120675791528,156.19528198242188,669100
2018-10-16 00:00:00-04:00,156.34498114872432,157.38485884500804,155.7620115782078,156.85704040527344,840700
2018-10-17 00:00:00-04:00,156.841248541324,157.1642456152835,154.96631483790622,156.08497619628906,742500
2018-10-18 00:00:00-04:00,156.06134339238292,157.30604212742915,155.06084583171776,156.0928497314453,807300
2018-10-19 00:00:00-04:00,156.3370549900668,158.07019204808864,155.15536899313398,157.52662658691406,1182600
2018-10-22 00:00:00-04:00,157.94417161927223,159.26765430784826,154.74573108041446,154.8560333251953,819100
2018-10-23 00:00:00-04:00,154.6827114698409,156.880642272319,152.9022967633046,155.68319702148438,1376000
2018-10-24 00:00:00-04:00,156.09286460208898,160.22876619533275,155.2814410606922,158.11749267578125,1066500
2018-10-25 00:00:00-04:00,157.4478708075178,160.15787310071315,156.75461105230957,158.92103576660156,776100
2018-10-26 00:00:00-04:00,159.11797549132802,159.74033692784568,156.39222617359863,158.2041473388672,1003300
2018-10-29 00:00:00-04:00,159.2676597925364,162.84423664833466,158.9682954509257,162.31640625,1333400
2018-10-30 00:00:00-04:00,162.2849067286255,165.59362572380022,161.56014062650027,163.6320343017578,1984500
2018-10-31 00:00:00-04:00,164.0180360435161,166.6177479907813,161.28440110772974,161.86737060546875,1885900
2018-11-01 00:00:00-04:00,162.1509863040015,164.6404081860256,161.36319548215087,162.37156677246094,883800
2018-11-02 00:00:00-04:00,162.2849002779178,162.2849002779178,155.75412001702136,156.95155334472656,1797700
2018-11-05 00:00:00-05:00,157.06182167063199,159.9136320635814,157.06182167063199,158.818603515625,1212200
2018-11-06 00:00:00-05:00,159.070717298382,160.26816268323518,158.96042706693063,159.76397705078125,1051700
2018-11-07 00:00:00-05:00,160.31544189252176,160.84326033243158,158.6374434943826,160.283935546875,1120800
2018-11-08 00:00:00-05:00,159.8270064418347,161.5680174336828,159.43311102928737,161.52862548828125,845700
2018-11-09 00:00:00-05:00,161.67828937059738,163.7895747936902,161.57588474902374,162.5606231689453,839700
2018-11-12 00:00:00-05:00,162.97810293433662,165.54629564392903,162.97810293433662,163.7186279296875,775100
2018-11-13 00:00:00-05:00,163.67136696299215,164.569447745501,162.45030117766936,164.15980529785156,664200
2018-11-14 00:00:00-05:00,164.60887486650313,166.25535464960888,164.19922031055322,164.7427978515625,808000
2018-11-15 00:00:00-05:00,164.1991766187511,164.85304420998224,163.0411355830597,163.34837341308594,901900
2018-11-16 00:00:00-05:00,163.19085699458995,166.55472702657107,162.7733288384329,166.5153350830078,828100
2018-11-19 00:00:00-05:00,166.77530901733695,167.87822334357057,165.41243430681183,167.0589141845703,731200
2018-11-20 00:00:00-05:00,167.681289180391,169.3671611381629,165.74331837773545,166.40505981445312,892900
2018-11-21 00:00:00-05:00,165.70390261201212,166.74379216657937,164.39616708880766,164.41192626953125,677700
2018-11-23 00:00:00-05:00,164.5694889814252,164.5694889814252,163.07269130910356,163.59263610839844,336600
2018-11-26 00:00:00-05:00,163.9943844285501,164.17557291916225,162.5054605240392,162.80482482910156,802500
2018-11-27 00:00:00-05:00,163.11994068561322,164.5300927725308,161.89886269446862,164.3410186767578,671000
2018-11-28 00:00:00-05:00,164.1204058616976,166.30258903953674,163.82892720636258,165.7274932861328,657600
2018-11-29 00:00:00-05:00,165.71965063063348,167.9018342156577,164.42767437517412,166.90133666992188,865100
2018-11-30 00:00:00-05:00,167.64975375574497,168.0278899638598,165.9323756274762,168.00425720214844,1703900
2018-12-03 00:00:00-05:00,167.99639713854242,168.89447821803165,166.1608430332979,167.342529296875,1355900
2018-12-04 00:00:00-05:00,167.4449078948899,170.2415671538569,166.26322189989523,166.8619384765625,1086200
2018-12-06 00:00:00-05:00,166.26324373852256,170.7142567626824,165.42818744902567,170.343994140625,2026100
2018-12-07 00:00:00-05:00,169.91070222460914,169.91858782533336,167.4370397644939,168.697509765625,1486700
2018-12-10 00:00:00-05:00,168.79204956942553,169.1465650398982,166.47595475478684,168.5399627685547,774500
2018-12-11 00:00:00-05:00,169.40673754681816,170.55186319605042,167.56182232740755,167.58567810058594,1623000
2018-12-12 00:00:00-05:00,167.8480861381113,168.8182491253523,162.40079199582533,162.45645141601562,1619400
2018-12-13 00:00:00-05:00,160.8342685490107,163.18018005156864,157.8760303520603,158.28955078125,2154500
2018-12-14 00:00:00-05:00,158.34511991146402,162.28149142465276,158.13836588187985,161.80435180664062,1598700
2018-12-17 00:00:00-05:00,161.8361936885878,162.46442807187418,158.37697311027313,158.70301818847656,1642900
2018-12-18 00:00:00-05:00,159.56183482754187,163.14830607191436,159.56183482754187,162.33717346191406,1515600
2018-12-19 00:00:00-05:00,162.11454322469064,163.50618675355267,160.8342306927708,161.62945556640625,1186900
2018-12-20 00:00:00-05:00,161.15229226225435,163.14831416955198,159.88788780996234,161.3749542236328,1364100
2018-12-21 00:00:00-05:00,162.13839973607708,166.46442500975581,160.85013931787446,161.66921997070312,2540500
2018-12-24 00:00:00-05:00,161.47040414256483,162.23381318415625,156.36506219056358,156.39686584472656,829300
2018-12-26 00:00:00-05:00,156.4604715879664,159.57775119222129,155.64933893489916,159.363037109375,1014400
2018-12-27 00:00:00-05:00,159.36304573,160.5320271616016,155.62549158126845,160.40480041503906,1036100
2018-12-28 00:00:00-05:00,161.31929881079955,163.09264666663765,159.8958517984453,160.55587768554688,1208400
2018-12-31 00:00:00-05:00,160.78649062813128,161.2715782003908,159.13242172819994,160.96144104003906,1215100
2019-01-02 00:00:00-05:00,159.76067223887375,159.99924212776702,154.18615024371644,155.11656188964844,1222700
2019-01-03 00:00:00-05:00,155.16426456521444,159.56981690771798,155.1245130311465,158.0906982421875,1217000
2019-01-04 00:00:00-05:00,157.79648330142197,159.32332590572034,155.96747559712966,156.3412322998047,978500
2019-01-07 00:00:00-05:00,156.1821299649127,157.79643517382152,155.17220330833726,155.90380859375,732700
2019-01-08 00:00:00-05:00,155.52211900795695,158.71891394777865,155.52211900795695,158.70301818847656,1135600
2019-01-09 00:00:00-05:00,159.52209563584267,159.56184716748754,156.15033820215652,157.59764099121094,713100
2019-01-10 00:00:00-05:00,157.95550609660478,160.88988755359517,157.69308045618956,159.7765655517578,964500
2019-01-11 00:00:00-05:00,159.83223025388202,160.6274550207141,159.12448069676813,159.6016082763672,829100
2019-01-14 00:00:00-05:00,159.70502244899,161.5181342993678,158.85412595854086,159.80044555664062,741300
2019-01-15 00:00:00-05:00,160.0787429114063,162.38488980838676,159.92764826903516,162.23379516601562,484500
2019-01-16 00:00:00-05:00,161.7407762109796,162.88590189718678,160.33322487716924,162.47238159179688,556900
2019-01-17 00:00:00-05:00,162.20197400867514,163.2755321476343,161.31132627714268,162.9733428955078,483100
2019-01-18 00:00:00-05:00,163.02107828172504,163.02107828172504,160.96939691359157,161.5340118408203,669700
2019-01-22 00:00:00-05:00,161.72487678978857,161.82825990509428,158.97340555410412,160.24575805664062,919400
2019-01-23 00:00:00-05:00,159.95153701433745,160.61952302278792,157.78852430054337,160.500244140625,918200
2019-01-24 00:00:00-05:00,160.81828589966932,162.71887242622174,160.0469169784919,161.13638305664062,630800
2019-01-25 00:00:00-05:00,161.30338235300684,163.5618176884562,161.30338235300684,163.53001403808594,884500
2019-01-28 00:00:00-05:00,163.77660052840181,165.79647899873234,162.75871341084854,165.56585693359375,919200
2019-01-29 00:00:00-05:00,165.8361737512901,167.40276757139503,165.03300107498873,167.31529235839844,845200
2019-01-30 00:00:00-05:00,166.710942004856,168.56381741631887,166.4803321305618,167.19602966308594,753800
2019-01-31 00:00:00-05:00,167.05293695931752,169.24775379315008,166.32927923047058,169.00123596191406,848300
2019-02-01 00:00:00-05:00,169.00910878854054,169.49419635315792,165.02503730922376,166.59957885742188,652900
2019-02-04 00:00:00-05:00,166.18606550843688,166.84610350962245,165.35107709083263,166.34510803222656,854700
2019-02-05 00:00:00-05:00,166.34513874456,166.5837086413751,164.95349516966908,166.18609619140625,1139300
2019-02-06 00:00:00-05:00,166.6075660305547,166.6075660305547,165.20797456141588,165.83619689941406,868700
2019-02-07 00:00:00-05:00,165.83616996077942,166.9812955832269,165.0250494233517,166.86996459960938,1286300
2019-02-08 00:00:00-05:00,166.7825175982126,168.98529400468814,166.4008130375576,167.4505157470703,1148300
2019-02-11 00:00:00-05:00,167.02901436329552,167.90376651115685,166.5916504235325,167.40277099609375,748400
2019-02-12 00:00:00-05:00,167.1801297293774,167.25170919337342,164.9216938931571,165.2000274658203,1013900
2019-02-13 00:00:00-05:00,164.85010294509374,165.88389760865533,163.97535081419528,165.3749542236328,608600
2019-02-14 00:00:00-05:00,165.65328564042218,166.13837328159013,164.37297315367846,165.5260467529297,454900
2019-02-15 00:00:00-05:00,166.18609859010763,166.2338101433255,164.75469132272536,165.2000274658203,641800
2019-02-19 00:00:00-05:00,165.40677240398398,165.58172284552936,164.58769176137082,165.335205078125,774600
2019-02-20 00:00:00-05:00,165.25567400019673,165.25567400019673,162.47238702750138,163.51412963867188,898000
2019-02-21 00:00:00-05:00,161.51017896811467,161.84417196365436,158.67122030477435,159.4266815185547,1306300
2019-02-22 00:00:00-05:00,159.70502030503653,161.05690022667252,158.89388749838727,159.9515380859375,780200
2019-02-25 00:00:00-05:00,160.12645032636948,160.64334154141895,158.71889917245323,160.1662139892578,945500
2019-02-26 00:00:00-05:00,160.57978149502472,161.5976806779184,159.65732969936198,161.19210815429688,818700
2019-02-27 00:00:00-05:00,161.58967881436314,167.35505868148263,161.17615851598214,166.68707275390625,1908600
2019-02-28 00:00:00-05:00,166.60754453806896,169.4226471430856,165.92365072035787,168.18209838867188,1813900
2019-03-01 00:00:00-05:00,167.82424057736873,169.18408035782147,166.40079348942018,168.58766174316406,1001500
2019-03-04 00:00:00-05:00,169.00914723101448,169.30337656143683,166.57576097553357,168.8660125732422,1048100
2019-03-05 00:00:00-05:00,168.25365493503958,170.12242582674628,168.25365493503958,169.5021514892578,595000
2019-03-06 00:00:00-05:00,169.74074243907887,170.53596729204637,168.82623871183355,169.54989624023438,838400
2019-03-07 00:00:00-05:00,170.0508830529837,171.02901837832977,169.71689006414667,170.3133087158203,1025500
2019-03-08 00:00:00-05:00,170.5995618107234,171.76059526545578,169.35901316281294,170.4325714111328,1057700
2019-03-11 00:00:00-04:00,170.7586333477227,174.05086383206444,170.7586333477227,174.02700805664062,956700
2019-03-12 00:00:00-04:00,174.57274772699185,175.5839682991639,173.85847025423277,175.17466735839844,1415900
2019-03-13 00:00:00-04:00,175.55189060562626,176.7717723755306,174.9018070455306,175.87290954589844,836100
2019-03-14 00:00:00-04:00,176.3624347817163,176.67543246964252,175.19069262537835,175.41542053222656,1518100
2019-03-15 00:00:00-04:00,175.44750755970705,175.5277683966019,173.3448058907726,174.65296936035156,1677900
2019-03-18 00:00:00-04:00,174.4122192245304,175.2147786454139,173.79424504154628,174.7653350830078,833200
2019-03-19 00:00:00-04:00,172.98365166530994,174.64495553963056,172.78301181069642,174.54061889648438,970900
2019-03-20 00:00:00-04:00,174.82153785628546,176.80386080666182,173.81031729197414,175.64015197753906,1213900
2019-03-21 00:00:00-04:00,175.58395288986492,178.26449847408952,175.00610911473942,178.1842498779297,783000
2019-03-22 00:00:00-04:00,178.52135130568882,181.4266130074843,178.18427775847115,178.2645263671875,1197600
2019-03-25 00:00:00-04:00,178.6738211288837,180.53575275637127,178.28056257470163,179.9659423828125,739800
2019-03-26 00:00:00-04:00,177.3736864729553,178.47320141315248,176.29825958630124,176.7396697998047,1109300
2019-03-27 00:00:00-04:00,176.65941966517252,177.18109076591244,174.77341190551013,175.9210662841797,1262100
2019-03-28 00:00:00-04:00,176.2902207676806,176.84398877595606,175.47962784411206,175.76052856445312,959500
2019-03-29 00:00:00-04:00,175.77658075175654,176.10562083155614,174.5807627178755,174.78140258789062,1043700
2019-04-01 00:00:00-04:00,174.4362911638321,175.3913265668188,173.4330919099478,175.2067413330078,777900
2019-04-02 00:00:00-04:00,175.39936212314907,176.26612775853533,173.74609169209344,176.10560607910156,695900
2019-04-03 00:00:00-04:00,175.97723063492526,176.6754535035595,174.14739589595607,175.6883087158203,577200
2019-04-04 00:00:00-04:00,176.15377951652434,176.15377951652434,174.11527163919783,174.73324584960938,734300
2019-04-05 00:00:00-04:00,174.6128611020481,175.54382073403048,174.31590578554423,175.41542053222656,679100
2019-04-08 00:00:00-04:00,175.2950508275193,175.31912663369866,173.88255046528909,174.95797729492188,604900
2019-04-09 00:00:00-04:00,176.63534157644733,177.21318547517276,175.76857572835917,176.08157348632812,791200
2019-04-10 00:00:00-04:00,176.8680757736715,176.8680757736715,175.33518410948633,176.1618194580078,563000
2019-04-11 00:00:00-04:00,176.20999419813987,177.41383366906476,175.4395437945574,176.27420043945312,450700
2019-04-12 00:00:00-04:00,175.84880821320192,177.99966174222143,174.8536300490683,177.9755859375,553400
2019-04-15 00:00:00-04:00,178.1762313627008,178.55343530987793,176.0333989530845,177.00450134277344,513600
2019-04-16 00:00:00-04:00,177.07674843374662,177.55025565542218,173.5053606875781,174.50856018066406,685600
2019-04-17 00:00:00-04:00,174.88575510390902,175.02218875836567,173.1522235306594,173.90663146972656,673100
2019-04-18 00:00:00-04:00,174.17146108921972,175.3110940767793,173.35284699395535,174.5165557861328,866300
2019-04-22 00:00:00-04:00,174.07515775875723,174.22764602935683,170.6642797444969,172.0286407470703,920200
2019-04-23 00:00:00-04:00,172.55028477421513,173.60163571276806,171.72364950591387,173.35284423828125,1026700
2019-04-24 00:00:00-04:00,173.9627944736897,175.45555564779707,173.0960287358771,175.13453674316406,640200
2019-04-25 00:00:00-04:00,174.4202970447914,174.64501277591768,173.23251214511126,173.98690795898438,821100
2019-04-26 00:00:00-04:00,174.61287417996053,176.21799316053543,173.47322892719671,175.72039794921875,699500
2019-04-29 00:00:00-04:00,175.5037283358216,176.50692784088577,173.9467729906757,174.30792236328125,677800
2019-04-30 00:00:00-04:00,174.48447587061113,178.0317876357868,172.77502009893934,177.51011657714844,1018300
2019-05-01 00:00:00-04:00,177.3255582327699,180.28700540108974,176.90020258352988,178.17626953125,859400
2019-05-02 00:00:00-04:00,178.62567441331595,183.53733465162185,178.35279487534305,182.0686492919922,1122700
2019-05-03 00:00:00-04:00,182.58231216649367,183.31264435422074,180.9852141262039,181.9803924560547,462100
2019-05-06 00:00:00-04:00,180.57591095949945,183.07989300605644,179.6850693089224,182.0365753173828,712200
2019-05-07 00:00:00-04:00,182.09272723847977,182.245215505176,177.51814046802477,178.673828125,691400
2019-05-08 00:00:00-04:00,181.24200492501353,181.96430354298516,178.1361037232157,178.4169921875,972700
2019-05-09 00:00:00-04:00,178.81027989985714,179.81347939183786,177.80708040787644,178.88250732421875,978600
2019-05-10 00:00:00-04:00,179.35597383156878,181.3382965574224,179.23559481829213,180.98516845703125,731700
2019-05-13 00:00:00-04:00,180.47155987163157,183.81823168446823,180.38327783237315,183.5453643798828,763500
2019-05-14 00:00:00-04:00,183.07990194986786,184.20349279838032,182.00447496667786,182.74282836914062,622500
2019-05-15 00:00:00-04:00,182.63846728654252,184.35594408902244,182.17298131722367,183.34471130371094,595200
2019-05-16 00:00:00-04:00,183.24037801356826,184.00280703565758,182.65450080264617,183.88241577148438,640600
2019-05-17 00:00:00-04:00,183.44102491155786,184.89365560060924,182.75884445999577,184.6849822998047,671700
2019-05-20 00:00:00-04:00,184.9900129852603,186.12162511438342,184.42822363799365,185.02210998535156,738100
2019-05-21 00:00:00-04:00,184.52450221840124,186.09752442656648,184.41214436396712,185.3350830078125,466900
2019-05-22 00:00:00-04:00,185.69621066112285,186.81978899995778,184.92574819586073,186.0011749267578,431600
2019-05-23 00:00:00-04:00,186.01723473401677,189.03485396113012,185.88080109235833,188.14401245117188,724200
2019-05-24 00:00:00-04:00,188.83423037232203,190.18253677886855,188.83423037232203,189.58863830566406,535700
2019-05-28 00:00:00-04:00,190.6078817364393,190.97706449565936,187.2130584716797,187.2130584716797,781500
2019-05-29 00:00:00-04:00,187.67051754245813,188.11192773314326,184.91774423288038,185.80055236816406,634200
2019-05-30 00:00:00-04:00,185.92898078439143,187.66251245685976,185.92898078439143,187.20504760742188,526400
2019-05-31 00:00:00-04:00,187.24518420772696,191.44256761888033,187.24518420772696,190.9128875732422,1026900
2019-06-03 00:00:00-04:00,191.14559782426892,193.01556295989724,190.60788441985696,192.56613159179688,1073400
2019-06-04 00:00:00-04:00,191.85187773323358,192.46985206349225,189.2676348024295,190.76841735839844,1184700
2019-06-05 00:00:00-04:00,191.66727311429432,196.570900093555,190.78445273156277,196.53880310058594,1297000
2019-06-06 00:00:00-04:00,196.25789193289188,196.97216938782574,194.75710960811855,196.40235900878906,759800
2019-06-07 00:00:00-04:00,197.32531905127033,198.73783174266146,196.57894452364073,196.79563903808594,641200
2019-06-10 00:00:00-04:00,196.9480711305546,196.9480711305546,194.2675256835643,195.5997772216797,736500
2019-06-11 00:00:00-04:00,196.32805726847027,196.57081968505418,193.32593283719123,194.89578247070312,699100
2019-06-12 00:00:00-04:00,195.8344823530167,197.66328220678238,195.17903234601326,195.76974487304688,487800
2019-06-13 00:00:00-04:00,195.59981114542526,196.1986235481164,194.5963987713672,196.03677368164062,427700
2019-06-14 00:00:00-04:00,195.94775397066095,197.33957880864816,195.09810394004072,196.8864288330078,549900
2019-06-17 00:00:00-04:00,197.37196586165146,198.55339089261975,196.49802842026327,197.60662841796875,654000
2019-06-18 00:00:00-04:00,198.19734916324467,199.13602412231376,194.22418656552014,195.41371154785156,735200
2019-06-19 00:00:00-04:00,195.2194621308503,196.90259928604067,192.56528763350653,196.08531188964844,680600
2019-06-20 00:00:00-04:00,196.91881031759962,198.1083352170695,195.99632287999148,196.2147979736328,631400
2019-06-21 00:00:00-04:00,195.65644180205632,195.65644180205632,193.28549198044382,194.61257934570312,1237200
2019-06-24 00:00:00-04:00,195.0171834728472,195.66454588746748,193.61727104876118,194.09469604492188,666400
2019-06-25 00:00:00-04:00,194.8877056832195,195.35704311830122,192.67859335987168,192.929443359375,630000
2019-06-26 00:00:00-04:00,192.63005239098544,192.7838023585271,188.04189011272976,189.44989013671875,772900
2019-06-27 00:00:00-04:00,190.12961916803727,191.8532066062204,190.12961916803727,191.812744140625,555100
2019-06-28 00:00:00-04:00,191.67517997467405,193.81956715853948,191.67517997467405,192.72714233398438,1327300
2019-07-01 00:00:00-04:00,193.69818953853635,193.69818953853635,189.1666771928688,191.3353271484375,686300
2019-07-02 00:00:00-04:00,192.9941723580653,197.56614676427125,192.9941723580653,196.2390594482422,1525900
2019-07-03 00:00:00-04:00,197.12919547458736,200.61684519789236,196.66794558765193,200.3498077392578,941400
2019-07-05 00:00:00-04:00,198.25396661933013,200.00992884198357,196.10959191935035,198.43199157714844,833800
2019-07-08 00:00:00-04:00,198.71521725053043,200.75439202507695,198.1325923585428,199.5810546875,919800
2019-07-09 00:00:00-04:00,200.0018216636099,200.98094648812585,199.3382719136857,200.2850341796875,646900
2019-07-10 00:00:00-04:00,200.87578901105107,202.21096391632574,199.59725167851482,201.9520263671875,706800
2019-07-11 00:00:00-04:00,201.458428461008,202.61557848271707,199.81574117454514,201.19139099121094,944100
2019-07-12 00:00:00-04:00,201.6687863542774,201.79826129285289,200.18794915627063,201.2318115234375,421800
2019-07-15 00:00:00-04:00,202.0410452138709,203.33577012169576,200.8919827231969,202.00059509277344,568800
2019-07-16 00:00:00-04:00,202.05724965654701,202.84217469144556,200.98911201309934,201.47462463378906,603400
2019-07-17 00:00:00-04:00,202.49416256936013,202.49416256936013,199.8723507700621,201.26417541503906,516200
2019-07-18 00:00:00-04:00,200.6087715954511,201.53125908606737,199.2897716664233,200.3174591064453,767900
2019-07-19 00:00:00-04:00,201.49075254749195,201.8225274327355,197.4366659473266,197.50949096679688,922800
2019-07-22 00:00:00-04:00,198.09215725313882,198.09215725313882,196.1177073295459,196.32000732421875,701100
2019-07-23 00:00:00-04:00,196.5870160926515,198.04357831108683,195.81827869463038,197.6713409423828,759800
2019-07-24 00:00:00-04:00,198.08406302977838,198.08406302977838,195.52700040783938,195.996337890625,695900
2019-07-25 00:00:00-04:00,195.01719320727383,196.2876430897801,193.53635577716406,195.90731811523438,722400
2019-07-26 00:00:00-04:00,196.19052188148868,196.6274967611844,192.8242471866188,193.74673461914062,952000
2019-07-29 00:00:00-04:00,194.55592364370133,197.08063569697086,194.19178616265017,196.4332733154297,1138000
2019-07-30 00:00:00-04:00,196.42520972693157,198.24590970173668,194.87963478494038,196.71652221679688,952600
2019-07-31 00:00:00-04:00,197.43671589875854,200.11516597002577,195.89922846341653,196.44139099121094,1166600
2019-08-01 00:00:00-04:00,196.3847295817005,200.53592910178443,195.8263796640973,199.36257934570312,886300
2019-08-02 00:00:00-04:00,200.1798568763502,203.40855627925296,199.37874460366564,201.92771911621094,736200
2019-08-05 00:00:00-04:00,201.95201982737407,202.91495731202954,196.50609574891013,198.86087036132812,740600
2019-08-06 00:00:00-04:00,198.27018094503356,203.9022058454973,197.26676853292258,202.36473083496094,805800
2019-08-07 00:00:00-04:00,202.4051733716267,207.18754770699132,201.36129859415598,205.7147979736328,1256400
2019-08-08 00:00:00-04:00,204.9946648543255,207.47890276538783,203.92651478493917,207.1552276611328,714400
2019-08-09 00:00:00-04:00,207.7216215717947,209.3480965576752,206.30550941735558,208.00482177734375,890400
2019-08-12 00:00:00-04:00,207.63259970681807,209.81744931821058,207.14708717449466,209.33192443847656,637500
2019-08-13 00:00:00-04:00,208.6845926988077,209.71226777343736,206.5240179071599,209.0001678466797,838800
2019-08-14 00:00:00-04:00,209.5503983201865,210.52954797539599,206.53208616298213,206.86386108398438,997400
2019-08-15 00:00:00-04:00,207.05808233585196,210.63473220246942,206.5159198636655,210.35153198242188,695200
2019-08-16 00:00:00-04:00,210.39196419968954,211.24971407814883,209.29953944661176,209.4047393798828,699500
2019-08-19 00:00:00-04:00,209.78504518252214,211.78376964804227,208.44177057014502,211.24969482421875,810200
2019-08-20 00:00:00-04:00,212.34219494217828,212.7953450092282,210.56194489674888,210.82899475097656,611100
2019-08-21 00:00:00-04:00,211.41961986526604,212.69006946005146,209.72839527056712,211.24969482421875,461100
2019-08-22 00:00:00-04:00,211.38728134780368,212.41495624598267,210.83700669308487,211.92135620117188,522400
2019-08-23 00:00:00-04:00,212.13175584826445,214.08193063501605,209.03253099468387,209.9873809814453,768600
2019-08-26 00:00:00-04:00,209.68797727641004,211.65432713701955,209.60705234619607,211.43585205078125,375300
2019-08-27 00:00:00-04:00,211.99420270671587,214.13857754336013,211.60577785722455,212.19650268554688,727800
2019-08-28 00:00:00-04:00,212.24504741203046,213.75824726477953,211.3225476780515,211.96182250976562,615400
2019-08-29 00:00:00-04:00,212.02654961857138,212.86812443194222,210.98269952434364,212.20457458496094,604400
2019-08-30 00:00:00-04:00,212.6415598663858,214.68073483100474,212.30978492663823,214.2275848388672,781300
2019-09-03 00:00:00-04:00,213.7258537685774,215.8621531594982,211.94562897096225,212.13172912597656,1221900
2019-09-04 00:00:00-04:00,212.12369006232154,213.78254010782274,210.95844014052113,213.68544006347656,1153600
2019-09-05 00:00:00-04:00,213.05425286239816,213.05425286239816,208.63600353943505,208.98397827148438,990200
2019-09-06 00:00:00-04:00,209.19436309958618,209.86601289012697,207.422213225743,208.36898803710938,831500
2019-09-09 00:00:00-04:00,208.48226440554777,208.72501448634358,205.71479001037517,206.1922149658203,1579200
2019-09-10 00:00:00-04:00,205.9413409729004,206.13555336230343,200.76246739623883,202.29994201660156,1613700
2019-09-11 00:00:00-04:00,202.4794405376127,203.70302912561039,200.46459700028427,203.67855834960938,972800
2019-09-12 00:00:00-04:00,205.39159902307222,207.10462822621903,202.86285644579388,203.58885192871094,952300
2019-09-13 00:00:00-04:00,202.64258251980112,203.05859815742247,198.55580113038653,198.5884246826172,1225700
2019-09-16 00:00:00-04:00,200.2198738086176,201.89211401001705,198.87393136067877,201.76976013183594,972600
2019-09-17 00:00:00-04:00,202.29998463961962,204.77163264973987,201.3211162355995,204.60848999023438,1091800
2019-09-18 00:00:00-04:00,205.1958505690762,205.47319438500725,202.18582003685424,204.3148651123047,1059500
2019-09-19 00:00:00-04:00,205.09793739065125,206.19917222882304,203.72752398464823,204.2495880126953,707100
2019-09-20 00:00:00-04:00,204.32294898088426,205.50574863567343,202.0797035350139,202.13681030273438,1251300
2019-09-23 00:00:00-04:00,202.27549607213393,202.6670409099067,200.04040324783364,200.21986389160156,922500
2019-09-24 00:00:00-04:00,200.67665623593868,202.60176920604187,200.13012156161506,202.12864685058594,1364600
2019-09-25 00:00:00-04:00,202.46309668479233,202.80569995204516,200.57877249140918,200.6685028076172,619800
2019-09-26 00:00:00-04:00,201.30482920494222,201.95741239034683,199.70601347003935,201.0519561767578,974300
2019-09-27 00:00:00-04:00,201.23138764915274,201.69634485512083,199.3960047080944,199.8609619140625,847600
2019-09-30 00:00:00-04:00,200.06489385842298,201.7126633659453,199.77123208923075,200.07305908203125,893100
2019-10-01 00:00:00-04:00,198.21320764766995,198.8168367462649,193.49831373292298,195.95364379882812,1208200
2019-10-02 00:00:00-04:00,196.8019894551204,198.49870050437087,196.43491535796716,197.634033203125,1350500
2019-10-03 00:00:00-04:00,197.63403682327314,201.05192976105883,197.63403682327314,200.55433654785156,840100
2019-10-04 00:00:00-04:00,200.7582773248972,202.69154348968127,199.68967851740916,201.3374481201172,783900
2019-10-07 00:00:00-04:00,200.52985279561614,202.03078511483426,199.8364809632777,201.1742706298828,707000
2019-10-08 00:00:00-04:00,201.4598020114372,202.53655359601728,199.76309085220117,201.3374481201172,1065400
2019-10-09 00:00:00-04:00,201.3374176130985,203.14016438932703,201.19873329463226,201.75343322753906,505400
2019-10-10 00:00:00-04:00,201.52502617082777,202.4875764721058,200.35853200819304,201.23951721191406,555400
2019-10-11 00:00:00-04:00,201.47610655709948,202.23472552659547,200.44828415070228,200.6359100341797,481100
2019-10-14 00:00:00-04:00,201.06005829511977,201.06005829511977,199.91804734364638,200.12197875976562,523000
2019-10-15 00:00:00-04:00,200.48093184260063,201.26402163439488,197.4056421145846,198.1316375732422,1161200
2019-10-16 00:00:00-04:00,198.21319529381933,198.24581884563412,196.28808211509516,197.4464111328125,1417700
2019-10-17 00:00:00-04:00,197.82983114940632,198.78422887384116,196.2881098334749,196.33705139160156,659800
2019-10-18 00:00:00-04:00,196.19836242657615,197.51983416898966,194.68111202169914,197.03855895996094,1609300
2019-10-21 00:00:00-04:00,197.38932201175555,198.92289047092268,196.58991422743952,198.86578369140625,931700
2019-10-22 00:00:00-04:00,199.15126274960636,200.3340624708623,196.13308028768174,196.2146453857422,774100
2019-10-23 00:00:00-04:00,196.59805069875574,197.3648348647431,194.33849942305372,196.1167755126953,822500
2019-10-24 00:00:00-04:00,196.26362375649364,197.3893168466288,195.43157999222973,196.8917236328125,523800
2019-10-25 00:00:00-04:00,195.8231177344186,196.01073116810323,190.81456222497803,190.87982177734375,1246100
2019-10-28 00:00:00-04:00,191.41818583217344,191.41818583217344,189.73779296875,189.73779296875,837000
2019-10-29 00:00:00-04:00,189.79491386038978,191.9892181783888,189.79491386038978,191.45083618164062,886200
2019-10-30 00:00:00-04:00,184.81900518290982,184.81900518290982,178.02400760238595,182.1189422607422,2101700
2019-10-31 00:00:00-04:00,182.66543776583444,184.89237773919112,181.49895606768285,181.79261779785156,1204500
2019-11-01 00:00:00-04:00,182.53496462660254,183.11412297072127,178.3502873153472,178.8560333251953,1399500
2019-11-04 00:00:00-05:00,178.7092164101431,178.7092164101431,175.69918610457577,176.29466247558594,1194400
2019-11-05 00:00:00-05:00,175.91942039032,175.97651472108706,174.24718009290882,175.60128784179688,1607200
2019-11-06 00:00:00-05:00,176.286498634691,176.77593908098908,173.9616751852564,174.96502685546875,919500
2019-11-07 00:00:00-05:00,174.49192596749597,176.1723192886758,172.99099333566437,174.94873046875,1166900
2019-11-08 00:00:00-05:00,174.1574615295869,174.67952555338857,172.00394587553149,172.40365600585938,999200
2019-11-11 00:00:00-05:00,172.7298975358647,174.0024274931355,172.43623581903412,172.50149536132812,822400
2019-11-12 00:00:00-05:00,172.93384081676868,174.01875744383295,170.21747286124435,170.62533569335938,1347300
2019-11-13 00:00:00-05:00,172.07737514401921,173.8882876275536,171.25349647058718,172.6728515625,961700
2019-11-14 00:00:00-05:00,173.14594849335177,174.22271249073643,172.65652049662128,173.70880126953125,636900
2019-11-15 00:00:00-05:00,173.71696699319529,174.27980732400673,172.66467377026996,173.9208984375,1159500
2019-11-18 00:00:00-05:00,174.36137135316253,175.80520935198004,173.46406808904166,174.1900634765625,758500
2019-11-19 00:00:00-05:00,172.2649271873982,175.11181402807796,172.0528430111383,174.3531951904297,763300
2019-11-20 00:00:00-05:00,174.6387199659681,175.0955243869581,172.4688865192787,174.1492919921875,885600
2019-11-21 00:00:00-05:00,173.8801303841282,173.8801303841282,171.51451788004218,171.98764038085938,943800
2019-11-22 00:00:00-05:00,171.9957702597576,171.9957702597576,169.52412236388113,170.50299072265625,746800
2019-11-25 00:00:00-05:00,171.4410897963979,171.76738758440803,169.88305053199292,170.0054168701172,826900
2019-11-26 00:00:00-05:00,169.71174551990904,173.0562136413591,169.71174551990904,173.02359008789062,1681000
2019-11-27 00:00:00-05:00,172.15075299709002,173.16225738564114,171.51448792191675,173.03173828125,638100
2019-11-29 00:00:00-05:00,173.07252196743866,173.52932637238686,171.73473230423895,171.85708618164062,420000
2019-12-02 00:00:00-05:00,171.62867912127425,172.35467448294355,170.3724670432233,170.51113891601562,725000
2019-12-03 00:00:00-05:00,171.23714870542992,173.3254046431689,169.80962863660193,172.88491821289062,992000
2019-12-04 00:00:00-05:00,171.5716037224034,173.80669682646737,171.5716037224034,173.70880126953125,830200
2019-12-05 00:00:00-05:00,173.28460795543512,174.2961123246579,173.04805297435988,174.12481689453125,1165600
2019-12-06 00:00:00-05:00,174.28797275710872,175.19342886878823,173.3498806439882,174.44296264648438,1068700
2019-12-09 00:00:00-05:00,174.4184674314858,174.53266852655355,172.29757572652915,174.04322814941406,1121000
2019-12-10 00:00:00-05:00,172.33023122278698,174.2961334245199,171.3268919553376,172.40365600585938,829600
2019-12-11 00:00:00-05:00,172.81152470680635,172.9175606023757,170.5601134155068,171.23716735839844,1001400
2019-12-12 00:00:00-05:00,171.50070344752802,172.17602621132423,167.89345268547112,168.2146453857422,1602200
2019-12-13 00:00:00-05:00,168.21463788692913,169.41705894291763,167.20164750303462,169.1864471435547,1394000
2019-12-16 00:00:00-05:00,169.51588017317184,170.32297747114538,167.05339458609816,169.8041229248047,1447500
2019-12-17 00:00:00-05:00,169.91119934756878,170.16650475011247,168.40406052927452,169.0299835205078,964800
2019-12-18 00:00:00-05:00,169.0711406518332,172.04423695904214,168.77465414095556,171.47598266601562,1078000
2019-12-19 00:00:00-05:00,171.30305704457612,173.17256988773386,170.58655308694117,173.0490264892578,693100
2019-12-20 00:00:00-05:00,174.57262687339286,174.72086385998603,173.23844372718892,174.185546875,1658700
2019-12-23 00:00:00-05:00,174.71259798939462,175.42087055156716,172.38188726232354,173.1395721435547,1095000
2019-12-24 00:00:00-05:00,173.74903506640652,173.74903506640652,172.25012756976207,172.83486938476562,401200
2019-12-26 00:00:00-05:00,172.97488357444217,174.07846740477098,171.7560001285076,174.0702362060547,916700
2019-12-27 00:00:00-05:00,174.5314415254275,174.82792805816428,173.60080079858676,174.30084228515625,542700
2019-12-30 00:00:00-05:00,173.93024134341167,174.67145140929324,172.8184136778729,173.94671630859375,621800
2019-12-31 00:00:00-05:00,173.98787181101,175.39618591052903,173.20548067426185,175.38795471191406,764900
2020-01-02 00:00:00-05:00,176.09622511163008,176.376236661548,173.44432145248905,174.11964416503906,862200
2020-01-03 00:00:00-05:00,173.8890628325885,176.14565556129816,173.5761013229973,175.99740600585938,773400
2020-01-06 00:00:00-05:00,175.2232385655034,177.0103889540206,175.0338204545985,176.62332153320312,1134300
2020-01-07 00:00:00-05:00,175.6020708846048,176.77977313476606,174.40789367125734,175.9232635498047,1164300
2020-01-08 00:00:00-05:00,175.42912001009032,176.39269803217655,174.69614121209062,176.2444610595703,1262100
2020-01-09 00:00:00-05:00,176.03034549584484,176.8703801822123,175.51972213152732,176.31858825683594,1063500
2020-01-10 00:00:00-05:00,176.68919359281574,178.2045761573391,176.2032889576572,177.74337768554688,1013200
2020-01-13 00:00:00-05:00,177.94928251356882,179.4728838109103,177.67750213186952,178.5340118408203,812500
2020-01-14 00:00:00-05:00,178.1881080093073,178.49282574695908,176.59860689387986,178.1469268798828,1134900
2020-01-15 00:00:00-05:00,178.6740128910073,180.11526445568865,178.56695703442668,179.74465942382812,827700
2020-01-16 00:00:00-05:00,179.92586806926062,181.27652633889397,179.8435058003599,181.20240783691406,691700
2020-01-17 00:00:00-05:00,181.18590962981315,182.0506630754805,180.362337313314,181.8035888671875,996100
2020-01-21 00:00:00-05:00,182.24830362749506,183.8542796208371,181.49061864074608,183.3683624267578,834600
2020-01-22 00:00:00-05:00,184.06016658590042,184.07662898285733,181.185894910798,182.00123596191406,1199400
2020-01-23 00:00:00-05:00,182.25653736672155,183.99427527806898,181.8035701259978,183.82131958007812,895000
2020-01-24 00:00:00-05:00,184.01901576010326,185.13907470664603,183.59898580095143,184.86729431152344,644600
2020-01-27 00:00:00-05:00,184.43900003702356,185.97908866619952,184.29076306632714,184.69430541992188,636800
2020-01-28 00:00:00-05:00,184.46373845218088,185.3284919659235,183.4013356096175,184.2990264892578,774000
2020-01-29 00:00:00-05:00,184.48019837524953,184.48019837524953,181.39180219709246,182.89894104003906,785600
2020-01-30 00:00:00-05:00,182.53659779109773,184.66964742614496,181.75420647490216,184.56259155273438,609500
2020-01-31 00:00:00-05:00,184.8508139369082,185.0649507934946,183.27778771118358,184.2825469970703,1301500
2020-02-03 00:00:00-05:00,184.8672762332526,185.63319244456636,184.2413658057258,184.62843322753906,838900
2020-02-04 00:00:00-05:00,184.86727282130346,185.50965820174807,182.80011089876675,183.7801513671875,1268400
2020-02-05 00:00:00-05:00,183.63193082727167,183.7801678206229,181.31769449736407,182.9483642578125,960700
2020-02-06 00:00:00-05:00,183.0059879118997,185.18021806262166,182.9565630228277,184.5048828125,482900
2020-02-07 00:00:00-05:00,185.4519829389406,186.08613705495455,184.35664296589087,185.4931640625,426100
2020-02-10 00:00:00-05:00,185.96264050338843,186.53090743971916,185.36966740171434,186.47325134277344,478300
2020-02-11 00:00:00-05:00,186.456765487962,187.97214808525172,185.7814427301543,186.423828125,744800
2020-02-12 00:00:00-05:00,186.32501103443465,188.8368966222246,185.4849637275617,187.1568145751953,883700
2020-02-13 00:00:00-05:00,186.9015192708115,189.059274900566,186.9015192708115,188.23570251464844,521500
2020-02-14 00:00:00-05:00,188.5898266708498,191.8923470903177,188.30980253640863,191.74411010742188,607600
2020-02-18 00:00:00-05:00,191.96647700656803,192.1970762603852,189.9569584518327,190.87112426757812,643100
2020-02-19 00:00:00-05:00,190.533435024586,190.533435024586,179.90111482131326,180.19760131835938,2025300
2020-02-20 00:00:00-05:00,180.1811160343344,183.32716771537224,179.79403611406607,183.14598083496094,1110500
2020-02-21 00:00:00-05:00,182.7012664825029,187.2638638237842,182.65185415775582,185.9379119873047,1379200
2020-02-24 00:00:00-05:00,185.49317020566767,187.5273946230687,184.53783596770947,186.514404296875,1636000
2020-02-25 00:00:00-05:00,186.34143910744191,187.09089281603988,180.6423210630314,181.91062927246094,1644600
2020-02-26 00:00:00-05:00,181.08710611697788,189.38871754459439,180.36235837248762,187.96392822265625,1829700
2020-02-27 00:00:00-05:00,187.32975231042974,188.62275422753711,173.93022808424882,174.029052734375,1764900
2020-02-28 00:00:00-05:00,171.92070039171423,175.1738081372804,168.33815621914113,172.2254180908203,2460300
2020-03-02 00:00:00-05:00,173.23020466776435,181.0212046094451,172.90078075524067,180.5682373046875,1548300
2020-03-03 00:00:00-05:00,179.67872566355797,182.11650463760085,176.2032503553195,179.30812072753906,1764300
2020-03-04 00:00:00-05:00,181.18590108959822,186.3908839165593,180.50233459111794,186.19322204589844,968000
2020-03-05 00:00:00-05:00,184.5543207044041,189.0757373272443,182.53657100606895,188.64747619628906,964300
2020-03-06 00:00:00-05:00,185.2955519322368,189.45458234471278,183.18719611033805,188.5486602783203,1084000
2020-03-09 00:00:00-04:00,181.76241099902578,187.60153581175283,181.18591288047665,184.11782836914062,1697100
2020-03-10 00:00:00-04:00,186.81911123613835,189.38866499604603,179.98345959436645,189.3310089111328,1511500
2020-03-11 00:00:00-04:00,186.16851988845494,187.77448335114124,181.23531731499276,181.54827880859375,1575500
2020-03-12 00:00:00-04:00,173.78200660275976,180.02468686694317,165.69453221586164,165.95806884765625,2334400
2020-03-13 00:00:00-04:00,171.53959751451436,177.55371132400066,168.66979301240696,175.79855346679688,2419500
2020-03-16 00:00:00-04:00,166.10773942100838,171.35657219879172,155.3854767459857,155.52688598632812,2003900
2020-03-17 00:00:00-04:00,159.17865192645732,171.18192729285207,158.45496542199035,165.00144958496094,1744200
2020-03-18 00:00:00-04:00,158.62136082129012,169.1938927569953,155.60181964489013,158.01412963867188,2085800
2020-03-19 00:00:00-04:00,158.0307376050991,161.02532457591545,153.10631556962872,156.05099487304688,1939000
2020-03-20 00:00:00-04:00,154.93628629191687,158.04732773351284,140.70370800778613,142.42559814453125,2396600
2020-03-23 00:00:00-04:00,141.6770035245963,144.05602030071876,129.24116016465334,133.59994506835938,2143000
2020-03-24 00:00:00-04:00,135.58800209470203,141.7768061843338,132.3272369416825,140.28782653808594,1876900
2020-03-25 00:00:00-04:00,139.0983339922148,155.61844509027796,137.25998780296436,146.85096740722656,1549800
2020-03-26 00:00:00-04:00,146.85094309873205,157.49834647078674,144.7381050806151,156.1923828125,1575500
2020-03-27 00:00:00-04:00,153.72185065893535,164.66038618133535,152.67373902570145,159.31173706054688,1750000
2020-03-30 00:00:00-04:00,162.92185992161512,168.85279861832734,158.31353761324527,167.7215118408203,1238600
2020-03-31 00:00:00-04:00,165.89983060166662,167.75480407194553,159.79421420492264,165.20941162109375,1619000
2020-04-01 00:00:00-04:00,159.92729031313948,163.96166229014412,158.16381853400748,163.55406188964844,1563900
2020-04-02 00:00:00-04:00,161.4911176948644,163.17972783609503,153.6636117008171,160.4346923828125,2148500
2020-04-03 00:00:00-04:00,158.98731739681872,163.8701445457338,158.84590813530818,161.4412078857422,991400
2020-04-06 00:00:00-04:00,166.19096314199973,170.4249786486956,163.87016787214822,169.46836853027344,1296300
2020-04-07 00:00:00-04:00,168.37034861690762,176.59712898807874,163.83688747598282,164.08642578125,1234500
2020-04-08 00:00:00-04:00,164.9598434788224,167.7381465391887,160.7923888882729,165.592041015625,1363300
2020-04-09 00:00:00-04:00,166.8314383523578,174.2846235633545,166.60684121591848,173.51101684570312,1613200
2020-04-13 00:00:00-04:00,172.09691706755765,172.91210506091838,166.54862510028929,167.5551300048828,771500
2020-04-14 00:00:00-04:00,171.33997105569497,174.90852118270772,167.80470116497253,170.41664123535156,988700
2020-04-15 00:00:00-04:00,168.71143817865538,170.08394992902177,159.9356462282785,162.45608520507812,1214200
2020-04-16 00:00:00-04:00,164.87665433519675,166.36562105889038,161.18333551685905,161.3413848876953,1097200
2020-04-17 00:00:00-04:00,164.03653946627287,164.81846010503736,161.42459909215953,163.4376220703125,859600
2020-04-20 00:00:00-04:00,161.99852913550896,163.62891786332517,160.05205434772586,160.80902099609375,813500
2020-04-21 00:00:00-04:00,158.7544392461509,160.26836018164732,156.15912626821117,158.7960205078125,891500
2020-04-22 00:00:00-04:00,160.60105254851223,162.2896625255129,159.69435030022944,160.55113220214844,766700
2020-04-23 00:00:00-04:00,159.86908065550526,161.00868134807547,155.69329909699408,155.96780395507812,1055700
2020-04-24 00:00:00-04:00,156.41697340962546,157.87267279933093,155.4354221993445,155.74319458007812,603000
2020-04-27 00:00:00-04:00,157.12403549563163,161.00035813410358,156.0343425337979,160.50958251953125,1131600
2020-04-28 00:00:00-04:00,161.87378532254834,164.64376227331553,158.59637993011864,158.88751220703125,1051100
2020-04-29 00:00:00-04:00,160.93379452670348,161.10847133174136,155.28567423359166,155.31895446777344,1002900
2020-04-30 00:00:00-04:00,154.1627273986644,154.8781001842168,150.1200416929039,154.26254272460938,1572900
2020-05-01 00:00:00-04:00,149.9869434105565,155.3106516019845,146.4017658348629,153.35585021972656,1570100
2020-05-04 00:00:00-04:00,153.27265117282846,153.27265117282846,148.6060947185577,150.63575744628906,979800
2020-05-05 00:00:00-04:00,151.33448859023235,152.5988709267819,148.8473305556838,149.26324462890625,1227200
2020-05-06 00:00:00-04:00,149.57102543013775,150.5775431289742,146.23539894384504,146.47662353515625,720600
2020-05-07 00:00:00-04:00,148.06541963833067,153.2393920590854,147.39995453962018,152.64878845214844,1256500
2020-05-08 00:00:00-04:00,154.52041005540377,159.4198779054691,153.8383174954381,158.33018493652344,1126700
2020-05-11 00:00:00-04:00,157.0658045452097,158.28858030425172,154.97790767007987,155.49363708496094,700500
2020-05-12 00:00:00-04:00,155.5019767491369,156.2506171050679,145.42022231296014,148.45639038085938,1333900
2020-05-13 00:00:00-04:00,147.96563345558388,149.71246540443389,146.51824753279942,146.90089416503906,1081500
2020-05-14 00:00:00-04:00,145.56994944311387,148.8972625732422,143.16596621430386,148.8972625732422,1023400
2020-05-15 00:00:00-04:00,147.01732709197276,147.1254561316901,144.03938048210696,146.37681579589844,1404400
2020-05-18 00:00:00-04:00,149.72079035373056,154.2625660692158,149.46291290152888,152.5240478515625,1083400
2020-05-19 00:00:00-04:00,151.54247922992053,153.43905950163824,150.9934821779767,152.70704650878906,725100
2020-05-20 00:00:00-04:00,153.69688134865646,154.2292508241096,150.83539065833716,152.9898223876953,949500
2020-05-21 00:00:00-04:00,152.33270757138303,153.322585194288,151.19309426712442,152.0332489013672,561000
2020-05-22 00:00:00-04:00,153.07306122639935,155.18589971556264,152.2245927293634,155.1110382080078,622000
2020-05-26 00:00:00-04:00,158.3218649504573,160.7175342602177,157.0907627519154,160.11029052734375,1100600
2020-05-27 00:00:00-04:00,160.75082764424346,164.47741507526328,160.75082764424346,163.84523010253906,885600
2020-05-28 00:00:00-04:00,165.1511772788956,167.45534511476936,163.87016734232384,167.35552978515625,756900
2020-05-29 00:00:00-04:00,166.4238869998821,169.8011077235073,164.826765562196,168.64486694335938,1202900
2020-06-01 00:00:00-04:00,168.23727001066408,171.55626942474308,166.93129351561683,170.33348083496094,1236800
2020-06-02 00:00:00-04:00,172.44633857024658,173.91036463509724,169.36026240368687,172.8040313720703,1193400
2020-06-03 00:00:00-04:00,173.56927671807787,177.68682380417096,172.60435295171638,172.98699951171875,1189600
2020-06-04 00:00:00-04:00,172.0886228134688,172.596038525346,165.47557844104023,166.89801025390625,901200
2020-06-05 00:00:00-04:00,171.34828161639894,172.73743307482155,169.21879093492478,171.66436767578125,1135400
2020-06-08 00:00:00-04:00,171.83906600900622,175.46583736170587,170.6079638632834,171.9222412109375,1161500
2020-06-09 00:00:00-04:00,170.2502854008806,176.08139682964156,168.1291208373449,175.8235321044922,901700
2020-06-10 00:00:00-04:00,174.975097879655,176.1313387743508,170.84922369348757,170.915771484375,879000
2020-06-11 00:00:00-04:00,167.23908745740604,168.52009749448166,161.86547088741406,162.98011779785156,1306500
2020-06-12 00:00:00-04:00,166.66951940407276,167.2493894518475,161.01357116259416,165.11476135253906,916900
2020-06-15 00:00:00-04:00,161.84557473582123,168.44276171191376,161.01356722460872,167.40066528320312,1108300
2020-06-16 00:00:00-04:00,171.87161552759449,172.4935212682704,165.88792232819586,167.12332153320312,875600
2020-06-17 00:00:00-04:00,167.5014857095205,168.3082819206167,165.501313321029,166.1988525390625,698600
2020-06-18 00:00:00-04:00,165.05589944338797,165.62738276699898,161.9884195845819,164.9466552734375,766900
2020-06-19 00:00:00-04:00,167.0812710255533,167.0812710255533,160.06388205859517,160.17312622070312,3654200
2020-06-22 00:00:00-04:00,160.5176833779287,161.45893479994717,157.24010230226517,159.90419006347656,976700
2020-06-23 00:00:00-04:00,161.16483168483688,161.76151339107892,158.04691650379266,158.1981964111328,630900
2020-06-24 00:00:00-04:00,157.15607844684936,160.45047170754603,156.6182185843599,159.21507263183594,1174000
2020-06-25 00:00:00-04:00,159.02178859427548,160.63536824205963,157.09724968527874,160.5429229736328,827700
2020-06-26 00:00:00-04:00,160.22358858788854,162.44226254341447,158.52597568969802,159.07223510742188,1370100
2020-06-29 00:00:00-04:00,160.3159975457681,161.13119317271108,158.94614317331371,160.60174560546875,772300
2020-06-30 00:00:00-04:00,160.76142153429552,162.70277213975777,158.91252901935096,161.2656707763672,1064900
2020-07-01 00:00:00-04:00,161.08079016138697,168.18222595356767,160.70260961834146,167.3754425048828,678500
2020-07-02 00:00:00-04:00,168.93016892008623,169.78738746023288,166.00555680049155,167.5435028076172,895900
2020-07-06 00:00:00-04:00,169.96389000282286,171.0984315831517,164.45922243968462,165.1651611328125,871800
2020-07-07 00:00:00-04:00,163.60198483277824,164.82898436277546,163.10614791475862,163.42550659179688,635000
2020-07-08 00:00:00-04:00,163.21544971488677,163.9382002504985,162.22376278295755,162.5010986328125,869400
2020-07-09 00:00:00-04:00,161.9884153243014,164.98026156593556,161.40013311222566,164.19027709960938,555800
2020-07-10 00:00:00-04:00,164.2154794146337,165.45929067998895,163.01370387651758,163.40028381347656,630400
2020-07-13 00:00:00-04:00,163.61043254297044,164.1651042539844,161.86239722565514,162.10610961914062,525800
2020-07-14 00:00:00-04:00,162.24894838849,165.49291942199417,162.15650311977907,162.9044647216797,588700
2020-07-15 00:00:00-04:00,164.4088251452613,164.4088251452613,160.6437925607082,162.0304718017578,982400
2020-07-16 00:00:00-04:00,161.68585284036115,163.66081381667175,158.23178061224485,158.31582641601562,621300
2020-07-17 00:00:00-04:00,158.58477486922322,162.18171527109038,157.45023328125913,161.61024475097656,837900
2020-07-20 00:00:00-04:00,161.61023505426368,161.79512558169904,157.79478088656037,157.8199920654297,479500
2020-07-21 00:00:00-04:00,158.98818621714278,159.24031087569654,156.91239277560516,157.02163696289062,581400
2020-07-22 00:00:00-04:00,155.85345483011025,159.00498066041817,154.80294622000758,158.25701904296875,698900
2020-07-23 00:00:00-04:00,158.75283813150637,159.67729073361062,155.82822608130647,157.17288208007812,534200
2020-07-24 00:00:00-04:00,157.74436575590866,158.19819264352955,155.52569214862612,155.77781677246094,518700
2020-07-27 00:00:00-04:00,155.69379350702997,156.9039816178455,153.97936889910324,155.95433044433594,472500
2020-07-28 00:00:00-04:00,156.28209306240757,162.96332622036698,156.28209306240757,162.92970275878906,800500
2020-07-29 00:00:00-04:00,163.18178978055832,166.29970470755944,161.92117955766557,165.42567443847656,806500
2020-07-30 00:00:00-04:00,163.64400894955975,166.6694784818573,162.82881334845706,166.15682983398438,1001800
2020-07-31 00:00:00-04:00,165.58538011022515,168.08138977426032,162.66916697175435,167.9805450439453,1761600
2020-08-03 00:00:00-04:00,167.1065020284694,167.24097020780596,164.29114665631192,164.5852813720703,658400
2020-08-04 00:00:00-04:00,165.1903823866552,169.76219808996154,164.7617794733172,169.24114990234375,1018900
2020-08-05 00:00:00-04:00,169.57726636724985,169.74534514596866,164.62727131598697,165.534912109375,905500
2020-08-06 00:00:00-04:00,162.18173578993293,165.09794904325568,156.50898866163652,164.78700256347656,1593700
2020-08-07 00:00:00-04:00,163.5515926911927,169.64454291621865,163.5515926911927,167.45108032226562,966500
2020-08-10 00:00:00-04:00,168.16540893648468,171.2749115895881,167.79562788583416,170.17398071289062,645100
2020-08-11 00:00:00-04:00,171.59424420981372,171.82956989772183,166.08117797676437,167.2325439453125,653500
2020-08-12 00:00:00-04:00,167.68637238508506,168.1569981542405,164.0978316598892,166.71990966796875,509700
2020-08-13 00:00:00-04:00,165.93832701398384,167.89647647845857,165.06430954792185,165.81227111816406,554500
2020-08-14 00:00:00-04:00,166.0307688561532,170.50173928172447,166.0307688561532,168.28306579589844,642000
2020-08-17 00:00:00-04:00,167.2998063240845,168.21584675967893,165.93833843755112,168.0981903076172,816600
2020-08-18 00:00:00-04:00,168.10656465464083,169.97226870412834,166.63585281171268,168.871337890625,594000
2020-08-19 00:00:00-04:00,169.5605029679977,169.5605029679977,165.08113234993715,165.92153930664062,769900
2020-08-20 00:00:00-04:00,165.6945870361738,170.95552832950284,165.61054123725245,170.82106018066406,584400
2020-08-21 00:00:00-04:00,171.7371215404385,173.72048194929576,170.5689566909583,173.5860137939453,752600
2020-08-24 00:00:00-04:00,172.6027627191951,173.6028489210944,171.01439428782297,173.5944366455078,483800
2020-08-25 00:00:00-04:00,173.61965983046872,173.8045503758865,171.9304465639793,173.7625274658203,469900
2020-08-26 00:00:00-04:00,173.0986178716173,175.38452576656513,171.61109400224788,175.23324584960938,645400
2020-08-27 00:00:00-04:00,175.81310138867835,178.5276117835868,175.4853432470243,177.55274963378906,499900
2020-08-28 00:00:00-04:00,178.14106557805653,179.55294312536756,175.6702670466696,179.37646484375,589900
2020-08-31 00:00:00-04:00,178.92264490562778,180.39335715345007,177.7628919673884,178.50244140625,869900
2020-09-01 00:00:00-04:00,177.88891893327343,179.51931029725986,174.9643066442412,179.3428192138672,478800
2020-09-02 00:00:00-04:00,178.3931684070419,180.09078103738702,176.7375658609757,179.98153686523438,1053800
2020-09-03 00:00:00-04:00,180.62024450225377,183.79698147206392,177.96455569273894,178.9478302001953,997200
2020-09-04 00:00:00-04:00,179.40164765595267,181.4270312010265,176.0400203241484,178.28390502929688,557600
2020-09-08 00:00:00-04:00,178.39319141307223,180.8555776839965,176.09047169489912,179.80506896972656,849100
2020-09-09 00:00:00-04:00,181.38503393137006,186.61236619703686,181.14130873415573,182.13299560546875,1033000
2020-09-10 00:00:00-04:00,181.91446244620545,184.47769293967403,179.6537660915469,183.3263397216797,830600
2020-09-11 00:00:00-04:00,183.89781941911863,186.8812532562456,183.09102326063797,185.3853302001953,666500
2020-09-14 00:00:00-04:00,186.51330555971242,191.20327627931695,185.58040755023825,190.60113525390625,703000
2020-09-15 00:00:00-04:00,190.78775015136338,192.17862757162683,187.2257353235146,187.43775939941406,663700
2020-09-16 00:00:00-04:00,188.85407961587035,191.93267335438733,187.89573958785022,190.40609741210938,717300
2020-09-17 00:00:00-04:00,189.1763335898411,191.76302955094818,186.66597612073977,188.45545959472656,749600
2020-09-18 00:00:00-04:00,186.96282753994691,188.45548531646946,185.7670086460526,187.43775939941406,1218700
2020-09-21 00:00:00-04:00,186.70835924562905,189.94809269820652,181.8996557053179,183.43470764160156,970200
2020-09-22 00:00:00-04:00,183.3414307855628,186.7931885402645,183.3414307855628,186.04685974121094,771600
2020-09-23 00:00:00-04:00,185.36840416567046,185.51257897571992,180.27982664943232,180.56817626953125,830100
2020-09-24 00:00:00-04:00,181.2975303119431,184.6220658999731,181.0855062595872,182.03536987304688,595200
2020-09-25 00:00:00-04:00,180.56818649206147,185.3853672685068,180.20349835347227,185.28359985351562,602100
2020-09-28 00:00:00-04:00,187.2851040489402,189.21028623810957,186.4030766661913,187.53953552246094,582800
2020-09-29 00:00:00-04:00,187.55648587343387,189.04065435336673,185.28359407009359,187.3529510498047,557300
2020-09-30 00:00:00-04:00,188.41302299088906,189.532503056031,185.91114221275598,188.88795471191406,863500
2020-10-01 00:00:00-04:00,188.8795273613721,191.94115543600773,188.2858496153105,191.8902587890625,854000
2020-10-02 00:00:00-04:00,190.4569701843826,196.7244005958928,188.9303944334833,195.5625,826500
2020-10-05 00:00:00-04:00,196.58869730843026,197.30109499452044,192.178599756212,196.89401245117188,585600
2020-10-06 00:00:00-04:00,194.43454712126075,195.61340042450053,191.3983609073871,193.6118927001953,1007700
2020-10-07 00:00:00-04:00,194.2903348428034,196.35969142290853,193.42528612758144,195.0960235595703,585500
2020-10-08 00:00:00-04:00,195.77452356887903,197.69122926176343,195.32503361845878,196.77528381347656,596800
2020-10-09 00:00:00-04:00,197.1399845232538,198.66656046829178,195.62189782349992,198.4630126953125,426600
2020-10-12 00:00:00-04:00,198.76829889502656,200.43904941607553,197.41135276250264,199.37045288085938,636600
2020-10-13 00:00:00-04:00,199.5061525641663,200.29487580989573,196.8600836492876,199.63336181640625,606600
2020-10-14 00:00:00-04:00,199.53157501929883,200.5916951546531,197.1653796302731,198.0304412841797,664900
2020-10-15 00:00:00-04:00,197.92021973934652,201.42286142865348,196.7583320060952,198.7428741455078,827600
2020-10-16 00:00:00-04:00,198.19160324404646,199.63336419728444,196.90249339531698,197.60641479492188,1677000
2020-10-19 00:00:00-04:00,198.02195841138052,198.5816919891765,195.8338689717006,196.0713348388672,817600
2020-10-20 00:00:00-04:00,196.9025020798228,199.68425670598407,195.29960070718155,197.70819091796875,501000
2020-10-21 00:00:00-04:00,197.648845039301,199.42983950236965,196.9194817046379,197.6149139404297,670900
2020-10-22 00:00:00-04:00,197.4282848653734,199.97257315816145,196.58018876777737,199.3958740234375,439000
2020-10-23 00:00:00-04:00,200.24398024374764,200.83764495389184,198.3781713229001,199.91322326660156,473100
2020-10-26 00:00:00-04:00,198.7767787961698,201.01575210347283,197.93715895308608,200.3457489013672,980800
2020-10-27 00:00:00-04:00,201.20234465363637,203.03422258783763,198.94640568376863,198.9718475341797,785500
2020-10-28 00:00:00-04:00,196.73286505365917,199.12448946863137,194.29883324298072,196.01197814941406,1037900
2020-10-29 00:00:00-04:00,196.86858978433668,198.5478167625828,195.6049216930091,195.79150390625,908100
2020-10-30 00:00:00-04:00,194.9264470632796,196.96188591209093,192.69596263327415,194.27342224121094,1009300
2020-11-02 00:00:00-05:00,196.19010318073322,198.99729964210164,195.2317502961142,197.44528198242188,804600
2020-11-03 00:00:00-05:00,198.53083309825513,200.40513136354062,196.91096627698374,199.70968627929688,719400
2020-11-04 00:00:00-05:00,199.58247475063217,204.1791544739366,199.11601926541516,199.52310180664062,892200
2020-11-05 00:00:00-05:00,198.8700664242126,200.39662910733261,194.07831551933495,195.62185668945312,945200
2020-11-06 00:00:00-05:00,196.19858555679235,201.5670364320612,194.89252301123537,196.1901092529297,668000
2020-11-09 00:00:00-05:00,204.17066073237558,204.17066073237558,187.36138973972714,188.34518432617188,1464900
2020-11-10 00:00:00-05:00,188.47243402879795,198.6071820590919,187.44624476957563,198.4884490966797,1035700
2020-11-11 00:00:00-05:00,199.59944063613133,200.99879415323494,197.02971025248388,199.998046875,776700
2020-11-12 00:00:00-05:00,200.7019658377903,200.7019658377903,194.0359290126475,196.59718322753906,580100
2020-11-13 00:00:00-05:00,197.35198268097255,199.633363524077,196.28338613025358,198.49691772460938,561900
2020-11-16 00:00:00-05:00,200.84613441916068,200.84613441916068,194.00199234638112,198.19158935546875,581600
2020-11-17 00:00:00-05:00,197.3774235458142,200.7189246196999,195.77452225728112,198.9124755859375,616500
2020-11-18 00:00:00-05:00,198.4714665740825,200.7104399141914,194.88401050727728,195.0281982421875,920600
2020-11-19 00:00:00-05:00,194.8501125384913,195.5964413761428,192.678988219056,194.0359344482422,931700
2020-11-20 00:00:00-05:00,194.22254734577112,194.36672217747562,189.18486571841007,189.66827392578125,1252800
2020-11-23 00:00:00-05:00,190.2958433877051,192.2634199860491,185.1478928662893,185.8433380126953,1560700
2020-11-24 00:00:00-05:00,186.3352082936401,188.88797301192815,184.23192055258704,188.3367156982422,1323700
2020-11-25 00:00:00-05:00,189.00673364510982,190.4484947036844,188.1247192258041,189.37989807128906,596800
2020-11-27 00:00:00-05:00,189.43925147229902,189.43925147229902,185.94509913254515,186.6066131591797,377400
2020-11-30 00:00:00-05:00,186.64055115352002,191.33052246126704,186.42003784254413,190.3636932373047,1465900
2020-12-01 00:00:00-05:00,190.71987824643952,191.61885815095292,188.45546293764036,191.1184844970703,614000
2020-12-02 00:00:00-05:00,190.27886753965777,193.84935830302803,189.40532947245026,190.41456604003906,551300
2020-12-03 00:00:00-05:00,190.34671290426766,192.19555640576723,189.71911705850638,191.7036590576172,652500
2020-12-04 00:00:00-05:00,191.5764361221617,192.7807310853809,189.19328804459332,190.3975830078125,752700
2020-12-07 00:00:00-05:00,189.97354799048236,192.11923033206546,189.94810613986445,190.5502471923828,641300
2020-12-08 00:00:00-05:00,190.63507206772076,190.81317797238393,188.0823070403594,188.17559814453125,559300
2020-12-09 00:00:00-05:00,188.3112278106956,189.5833717949194,184.49479585802425,186.2758026123047,714600
2020-12-10 00:00:00-05:00,185.80941159231384,187.42927859915045,183.35841385134646,183.68069458007812,929800
2020-12-11 00:00:00-05:00,183.65523652762556,187.36988912080196,183.65523652762556,186.63204956054688,1537900
2020-12-14 00:00:00-05:00,193.42766489179417,196.62864068482605,190.39787447113355,191.49339294433594,2271500
2020-12-15 00:00:00-05:00,191.9384908033768,192.72589410496678,187.90732753873604,192.7087860107422,1347800
2020-12-16 00:00:00-05:00,192.70876072681367,195.13944186841152,192.01550427287174,193.39346313476562,699300
2020-12-17 00:00:00-05:00,194.9682770853644,199.6413460609409,194.35204620029305,199.042236328125,932900
2020-12-18 00:00:00-05:00,199.17916680429315,199.36746028833286,194.89123913872342,195.93539428710938,1421900
2020-12-21 00:00:00-05:00,194.77998864411848,197.02237644211255,193.52185164274894,195.74713134765625,707800
2020-12-22 00:00:00-05:00,195.9696678420808,198.8625290494794,195.28496534179777,198.7255859375,783100
2020-12-23 00:00:00-05:00,198.16066536704685,199.2048335306445,194.08670655569978,194.28355407714844,720800
2020-12-24 00:00:00-05:00,194.66015681772217,195.97819819724634,194.34348733671447,195.866943359375,154600
2020-12-28 00:00:00-05:00,196.66293275143764,197.3647564354625,194.4718951050621,196.11517333984375,569900
2020-12-29 00:00:00-05:00,196.92819364793772,197.92956541398112,193.78713527249968,194.96824645996094,677400
2020-12-30 00:00:00-05:00,194.59167776149334,197.61291449229643,194.59167776149334,195.93539428710938,559200
2020-12-31 00:00:00-05:00,196.17504801663765,197.775529545191,193.8727429573018,197.6471405029297,495700
2021-01-04 00:00:00-05:00,197.12506869972123,198.5372567418167,188.24963911142834,188.46360778808594,911800
2021-01-05 00:00:00-05:00,187.71900888943492,189.6704022580832,184.9973204165652,186.04148864746094,1094800
2021-01-06 00:00:00-05:00,185.16850535957684,186.49510075986674,181.63373850169083,183.00314331054688,1506100
2021-01-07 00:00:00-05:00,183.25135143432962,187.02576238481382,182.344126248324,186.10997009277344,1224300
2021-01-08 00:00:00-05:00,187.0000968957491,191.39929301338762,187.0000968957491,190.53485107421875,805500
2021-01-11 00:00:00-05:00,189.95284509884016,190.61187231648125,186.46942857949242,189.36228942871094,738900
2021-01-12 00:00:00-05:00,188.43794297637743,190.7488021997074,187.4622462794331,190.20960998535156,690200
2021-01-13 00:00:00-05:00,190.21815851953832,193.11101928262332,190.21815851953832,192.39207458496094,785400
2021-01-14 00:00:00-05:00,192.37497302427352,192.37497302427352,189.01137843412664,189.3451690673828,773100
2021-01-15 00:00:00-05:00,189.3965265788544,192.89706439611012,188.37804654858195,192.04974365234375,1864200
2021-01-19 00:00:00-05:00,193.28218732614226,193.28218732614226,187.54782938107383,188.8230743408203,1145000
2021-01-20 00:00:00-05:00,187.89872701463852,193.42768335590816,187.07709461111094,192.5546875,1326600
2021-01-21 00:00:00-05:00,191.03982033994808,192.6916524395336,189.49924308410857,189.97853088378906,1284000
2021-01-22 00:00:00-05:00,190.7316765609285,191.58755123598834,189.64471206691138,190.68031311035156,1079100
2021-01-25 00:00:00-05:00,191.23664984815414,193.8556244062235,189.95283776599373,193.2736358642578,830000
2021-01-26 00:00:00-05:00,193.30788919724736,195.73001652792644,192.85427658312298,195.0025177001953,825900
2021-01-27 00:00:00-05:00,194.56600486447033,195.9781929518496,192.47766842378888,195.18223571777344,822000
2021-01-28 00:00:00-05:00,195.19937838864456,196.97958653931911,192.9569774576208,194.72007751464844,791600
2021-01-29 00:00:00-05:00,193.99256133249057,196.9282052651467,192.41775502938154,194.81419372558594,1052400
2021-02-01 00:00:00-05:00,196.10660633486148,199.2219902311347,193.67591186312978,199.1535186767578,763700
2021-02-02 00:00:00-05:00,198.43459511921463,199.12785167886872,196.7057242139195,197.1079864501953,949800
2021-02-03 00:00:00-05:00,196.1151591509784,199.2390970745877,194.11241517157498,197.96385192871094,703300
2021-02-04 00:00:00-05:00,198.6827469029883,201.96930252681648,197.10794063235534,197.57867431640625,1165800
2021-02-05 00:00:00-05:00,198.143577998263,198.143577998263,195.7813681593099,196.2863311767578,777100
2021-02-08 00:00:00-05:00,195.76421487127632,199.17060555230307,194.7628430476295,198.99942016601562,523100
2021-02-09 00:00:00-05:00,200.0093928082796,202.6198136738382,199.37604072724807,202.30313110351562,680300
2021-02-10 00:00:00-05:00,203.390066002284,203.43286234979897,198.00661981095985,200.3602752685547,697100
2021-02-11 00:00:00-05:00,199.36746135426162,200.40306246240513,198.2291463981579,199.47872924804688,853200
2021-02-12 00:00:00-05:00,198.97378398658464,199.37604621593883,196.42328055803495,198.44314575195312,617500
2021-02-16 00:00:00-05:00,198.22061192180016,198.39178427248368,193.88987439778873,196.80841064453125,566300
2021-02-17 00:00:00-05:00,196.80839711749104,200.73685910498452,196.5345239871439,200.33460998535156,879000
2021-02-18 00:00:00-05:00,199.7440413663679,202.0634544865169,199.7440413663679,201.13055419921875,622800
2021-02-19 00:00:00-05:00,201.68685760874217,202.73102573458786,200.06925503011414,200.873779296875,761500
2021-02-22 00:00:00-05:00,200.77967616798816,204.03200318141447,199.63280701334418,203.4927978515625,711500
2021-02-23 00:00:00-05:00,204.9905469553406,210.72491795624506,204.9905469553406,207.4126739501953,794300
2021-02-24 00:00:00-05:00,206.9590659161319,209.68075434253817,206.4369818095968,207.64376831054688,803200
2021-02-25 00:00:00-05:00,208.2001128569246,210.99027324681447,205.63248828784148,208.28570556640625,816500
2021-02-26 00:00:00-05:00,208.60236692407105,209.5438344530854,200.1463325545448,200.22335815429688,1110900
2021-03-01 00:00:00-05:00,201.98645160042642,204.43425403627373,198.39178007369736,198.5372772216797,778500
2021-03-02 00:00:00-05:00,197.92956390366697,202.01208957993094,197.04801407209195,200.64268493652344,917000
2021-03-03 00:00:00-05:00,199.40167849702362,200.25755317362123,197.467406429373,197.57867431640625,1025100
2021-03-04 00:00:00-05:00,198.1692275416872,200.65127207320864,196.11513343111457,198.00662231445312,1003400
2021-03-05 00:00:00-05:00,198.3917622686973,201.58417131053824,196.42324780513312,201.17335510253906,667900
2021-03-08 00:00:00-05:00,202.18330114454895,206.11177641734545,200.72831659073432,204.2545166015625,628400
2021-03-09 00:00:00-05:00,204.27163294139623,207.38701662989337,203.70675245017108,205.4356231689453,584400
2021-03-10 00:00:00-05:00,205.97483386315736,205.97483386315736,203.01350128936247,205.27301025390625,625700
2021-03-11 00:00:00-05:00,204.47705619538553,206.95053390056165,204.09191513865687,204.2202911376953,615400
2021-03-12 00:00:00-05:00,204.05766602353674,208.11451723275627,204.05766602353674,208.02037048339844,599000
2021-03-15 00:00:00-04:00,209.11635889103715,210.2037039534682,206.8035762724456,209.25442504882812,887300
2021-03-16 00:00:00-04:00,209.763622095078,212.2058330466211,208.54682254589758,211.7139434814453,512900
2021-03-17 00:00:00-04:00,211.5240789687388,211.5240789687388,206.9675660726278,208.54681396484375,751800
2021-03-18 00:00:00-04:00,207.47667208697905,209.10769607249264,205.72483199764847,208.8488006591797,570900
2021-03-19 00:00:00-04:00,209.3320945746715,209.70316793392956,201.4703826904297,201.4703826904297,1336400
2021-03-22 00:00:00-04:00,201.47038461865205,205.13803265259864,201.07340986107153,204.26641845703125,647100
2021-03-23 00:00:00-04:00,204.88774731431974,209.95341189852542,204.28366678631727,209.61685180664062,723600
2021-03-24 00:00:00-04:00,208.49499719643063,209.53056571480343,207.26093472632718,208.0980224609375,656200
2021-03-25 00:00:00-04:00,209.17675519550096,209.27168308361848,204.97406622732433,208.23611450195312,594800
2021-03-26 00:00:00-04:00,208.81432425479508,211.28243638359632,206.9675559603753,211.0753173828125,836500
2021-03-29 00:00:00-04:00,210.5143743845251,215.88208633230954,208.80568553605696,214.00942993164062,823200
2021-03-30 00:00:00-04:00,214.2682989671598,214.77746479989543,212.23167514012243,213.1809539794922,652900
2021-03-31 00:00:00-04:00,213.15508652387823,215.71812647195515,211.04942283352833,212.94796752929688,1105400
2021-04-01 00:00:00-04:00,214.25968695356866,217.57351173729867,213.50890202374663,217.41818237304688,844300
2021-04-05 00:00:00-04:00,217.16791837012678,220.56804612425412,216.2445408411867,220.29190063476562,1162300
2021-04-06 00:00:00-04:00,219.46340955662302,220.36953692871165,217.4699372388088,220.32638549804688,744600
2021-04-07 00:00:00-04:00,220.52492477597724,221.20667015664216,219.07513113042438,220.68026733398438,760700
2021-04-08 00:00:00-04:00,220.57668813160888,223.57982799166305,220.57668813160888,221.57774353027344,566800
2021-04-09 00:00:00-04:00,222.46655530327305,223.89046021135772,222.14725844741608,222.54421997070312,539000
2021-04-12 00:00:00-04:00,223.40724528695455,225.49563259150614,222.319887030374,225.1159210205078,524100
2021-04-13 00:00:00-04:00,225.7372565934951,230.6475922730884,225.38345959955754,230.3714599609375,819400
2021-04-14 00:00:00-04:00,229.75871417883963,229.75871417883963,226.79871291780972,227.55813598632812,508500
2021-04-15 00:00:00-04:00,229.1805472163454,231.50195480956862,228.65411815114743,231.06182861328125,871900
2021-04-16 00:00:00-04:00,231.79536175666848,231.91616470348688,230.0780215868232,230.2419891357422,672500
2021-04-19 00:00:00-04:00,230.2419976933386,233.45226962611306,229.1978040555741,233.3314666748047,548500
2021-04-20 00:00:00-04:00,233.43497607891592,238.43161380971281,233.13292925303185,235.91171264648438,846400
2021-04-21 00:00:00-04:00,236.6452967312444,237.93112263588563,234.89345637914647,236.0757293701172,564900
2021-04-22 00:00:00-04:00,236.13610797991657,239.03569446396205,235.10916451616663,238.63873291015625,512000
2021-04-23 00:00:00-04:00,238.89767795180185,239.68298941497608,237.4133579083409,238.8459014892578,489900
2021-04-26 00:00:00-04:00,239.6915823722825,240.58044659280884,236.68841643173917,237.4219512939453,556500
2021-04-27 00:00:00-04:00,237.7498897723619,238.06918668099217,236.23104357353932,237.37017822265625,481100
2021-04-28 00:00:00-04:00,237.68953223491351,238.54389659497647,235.6183945890816,235.79100036621094,526700
2021-04-29 00:00:00-04:00,236.9473245126627,241.56425133838678,236.12748678565043,241.18453979492188,734300
2021-04-30 00:00:00-04:00,241.1758916465754,243.43688443913763,239.45857792042574,242.6343231201172,635200
2021-05-03 00:00:00-04:00,242.91914816313962,243.41105088952315,238.22455579780714,239.93325805664062,611500
2021-05-04 00:00:00-04:00,241.2535747684156,244.2826290352071,240.20938115514426,241.07235717773438,691100
2021-05-05 00:00:00-04:00,240.01956378470442,240.62363129561757,235.98945352649696,236.99050903320312,744500
2021-05-06 00:00:00-04:00,237.56865609544747,238.82859360544666,236.45540974848197,237.49960327148438,653500
2021-05-07 00:00:00-04:00,237.44782371913112,239.56212529844984,236.62801238081602,239.27732849121094,577800
2021-05-10 00:00:00-04:00,239.6052380421186,241.4779072131496,238.7422621973165,239.18238830566406,619200
2021-05-11 00:00:00-04:00,238.89763449317297,238.89763449317297,234.97974241503184,236.73158264160156,693100
2021-05-12 00:00:00-04:00,236.84378980688487,237.7585423220861,232.61518605117664,232.75326538085938,675100
2021-05-13 00:00:00-04:00,233.08117628693793,237.95698524418307,232.71010294092446,236.4122772216797,612100
2021-05-14 00:00:00-04:00,235.78232572273288,237.53416611237657,234.7208556629817,235.98081970214844,463200
2021-05-17 00:00:00-04:00,237.09398180947983,239.80373867924982,236.03253834566135,238.68185424804688,711400
2021-05-18 00:00:00-04:00,237.0422566623296,238.75095873357736,236.25694529131903,237.81031799316406,882500
2021-05-19 00:00:00-04:00,237.11127329356194,238.65598123556927,233.37457279471013,238.64736938476562,652600
2021-05-20 00:00:00-04:00,238.09509778112772,241.5297520976309,237.5169185493979,241.02059936523438,1126800
2021-05-21 00:00:00-04:00,240.4510200709139,242.27188688793626,237.55140685973402,238.81137084960938,719800
2021-05-24 00:00:00-04:00,239.58802293912453,241.40027774463007,238.5697176144086,240.29566955566406,533900
2021-05-25 00:00:00-04:00,240.13169278287475,241.71956534747406,238.31079986016468,240.57179260253906,422700
2021-05-26 00:00:00-04:00,240.7185525032883,243.20392785470872,240.34747910544237,241.27084350585938,707200
2021-05-27 00:00:00-04:00,241.19315255444488,242.39270182943807,239.1306536198903,241.52108764648438,980200
2021-05-28 00:00:00-04:00,243.4455634029669,244.26537489749967,242.18562566934423,243.77349853515625,1507500
2021-06-01 00:00:00-04:00,244.53286924794142,246.53497990927414,243.04857579508945,246.43142700195312,515700
2021-06-02 00:00:00-04:00,247.77768792439392,250.0214310000215,246.1294004509582,248.52847290039062,1002500
2021-06-03 00:00:00-04:00,248.40765385852438,249.72800612224768,247.42384854958556,249.2706298828125,800000
2021-06-04 00:00:00-04:00,250.72040283014144,251.12600258190704,248.25230424326617,249.1497802734375,828200
2021-06-07 00:00:00-04:00,249.9955351422424,252.91239841795385,249.00311794752034,251.31588745117188,783300
2021-06-08 00:00:00-04:00,252.07533090504361,253.8358095707923,251.52301354483177,253.1971893310547,592000
2021-06-09 00:00:00-04:00,253.71489203617284,254.77636177970874,253.05902198300285,253.57681274414062,476500
2021-06-10 00:00:00-04:00,253.18858746457582,255.37191608939236,253.0936463925704,254.9835662841797,483800
2021-06-11 00:00:00-04:00,254.54338167105468,255.53579875741326,253.13672664314856,255.27691650390625,575000
2021-06-14 00:00:00-04:00,255.44203037857417,256.1284296531703,253.73909093364284,255.98941040039062,528500
2021-06-15 00:00:00-04:00,255.52021078887404,256.0415263315788,253.9128322468719,254.73825073242188,451400
2021-06-16 00:00:00-04:00,255.16397565770356,256.78005116775813,253.79120371096027,253.8867645263672,744900
2021-06-17 00:00:00-04:00,253.85206158921267,256.9017088059091,252.32287622833522,256.8669738769531,625000
2021-06-18 00:00:00-04:00,257.6749709578984,260.36841251626686,257.0667650683535,259.2301940917969,2007000
2021-06-21 00:00:00-04:00,260.1251982818271,264.5563152049559,259.2302566940112,263.7395935058594,734200
2021-06-22 00:00:00-04:00,263.6787895688909,265.5120516071382,262.6795901669628,262.78387451171875,495600
2021-06-23 00:00:00-04:00,261.70641271605643,264.9385371554436,261.1503622667559,263.9219970703125,640500
2021-06-24 00:00:00-04:00,263.70477591825073,264.71264549730387,261.1937857013047,262.2537841796875,643300
2021-06-25 00:00:00-04:00,262.34072820424814,265.04284059491016,261.5066391290719,264.7821960449219,718500
2021-06-28 00:00:00-04:00,265.00809415477545,265.12971943441613,262.862032402371,264.5649719238281,475100
2021-06-29 00:00:00-04:00,264.5301979177649,265.54676460071664,263.48759329739534,263.6787414550781,624100
2021-06-30 00:00:00-04:00,263.35724187002484,265.7379100854386,260.8028459924471,261.254638671875,716000
2021-07-01 00:00:00-04:00,261.12431169530754,263.11396005887354,260.1164420299712,260.9505310058594,689700
2021-07-02 00:00:00-04:00,261.67169454498264,263.5744525845095,260.33365746427523,263.0184020996094,945200
2021-07-06 00:00:00-04:00,262.63613585047824,268.0577546460292,261.150408875777,267.5538330078125,735500
2021-07-07 00:00:00-04:00,267.6928642791615,269.11776541731535,264.9994222256285,267.7797546386719,1021000
2021-07-08 00:00:00-04:00,266.5806897138166,269.33493067072226,266.1723289596596,266.8934631347656,684800
2021-07-09 00:00:00-04:00,267.3017875508634,271.1073560796612,266.2678535801551,270.8032531738281,517300
2021-07-12 00:00:00-04:00,270.8033097904532,273.322970865898,270.71641943987674,272.5931396484375,693400
2021-07-13 00:00:00-04:00,272.6625903196924,273.0970154423042,269.1611248920499,269.58685302734375,622700
2021-07-14 00:00:00-04:00,269.3436468533831,273.3751257787485,269.3436468533831,271.9328308105469,630100
2021-07-15 00:00:00-04:00,272.34979352516734,273.2968371213522,270.85537002586517,272.3671875,687900
2021-07-16 00:00:00-04:00,273.0884077092263,274.4959413240837,272.1847957346064,272.7669372558594,689200
2021-07-19 00:00:00-04:00,272.07175780521027,272.4366600319111,265.7117681306771,268.0576477050781,867800
2021-07-20 00:00:00-04:00,270.0474115563354,272.8103496780442,270.0474115563354,271.2464294433594,756400
2021-07-21 00:00:00-04:00,270.5513518291686,271.0552734187751,267.70149692514826,267.85791015625,751000
2021-07-22 00:00:00-04:00,267.59725648882704,269.4566092825071,267.18889569401404,268.6920166015625,741100
2021-07-23 00:00:00-04:00,269.517423228848,273.13181780813306,268.674637222256,272.645263671875,549400
2021-07-26 00:00:00-04:00,271.7242969960269,272.90594746441997,269.9170996219831,272.5236511230469,607200
2021-07-27 00:00:00-04:00,272.75812010784756,273.83551231976907,270.9161620398299,272.7320556640625,698900
2021-07-28 00:00:00-04:00,273.20125012831113,274.46976395481875,270.98569279641345,271.9501037597656,609000
2021-07-29 00:00:00-04:00,272.20216799168406,273.67919786430747,270.7424790675696,270.916259765625,491400
2021-07-30 00:00:00-04:00,272.132656979567,275.3821758715392,271.4462841772889,271.4984130859375,1041500
2021-08-02 00:00:00-04:00,272.8711747164709,273.6965932637,270.1429980462828,270.22119140625,770800
2021-08-03 00:00:00-04:00,271.02044100210264,271.98487852795,266.85866756625865,268.9786376953125,1425800
2021-08-04 00:00:00-04:00,269.9518565058114,272.48888507546815,264.66053371465375,266.3113708496094,1487300
2021-08-05 00:00:00-04:00,267.43213821134157,268.3965759277344,264.5301811038548,268.3965759277344,1163500
2021-08-06 00:00:00-04:00,268.2315366726771,270.23857927568866,264.71270263238773,264.76483154296875,596800
2021-08-09 00:00:00-04:00,264.64313029115476,269.64771689350533,264.24346654630864,269.1524658203125,744300
2021-08-10 00:00:00-04:00,270.9162300529851,273.56621305881686,269.30885157550284,270.21246337890625,835500
2021-08-11 00:00:00-04:00,270.77722639756166,272.5844501083842,269.65640193850805,271.0813293457031,505700
2021-08-12 00:00:00-04:00,272.1673780653212,274.1222913953993,270.6208254692455,273.6878662109375,578500
2021-08-13 00:00:00-04:00,274.0788251892303,274.79995923851385,272.14127956348864,273.401123046875,560600
2021-08-16 00:00:00-04:00,274.30477879055525,276.79837543639377,272.9493741571712,276.3900146484375,688300
2021-08-17 00:00:00-04:00,276.05116507059387,278.1277038509323,274.8087152950834,277.6064147949219,706600
2021-08-18 00:00:00-04:00,276.4334369601961,279.00522663168806,276.1553984780864,278.2232666015625,1087900
2021-08-19 00:00:00-04:00,278.17984680628246,281.25555815976423,277.9626342042745,280.1781921386719,574800
2021-08-20 00:00:00-04:00,279.7959407602466,283.6275748566765,278.3102137482316,281.7508544921875,645700
2021-08-23 00:00:00-04:00,281.7247488021402,282.8542437425256,278.8836174730347,279.100830078125,633100
2021-08-24 00:00:00-04:00,278.95306337602096,279.2658632586735,273.56618113820974,276.14666748046875,749300
2021-08-25 00:00:00-04:00,275.3734254009254,276.7288297929805,274.40031727485587,274.8868713378906,643600
2021-08-26 00:00:00-04:00,275.7991904991958,277.4065691261087,274.74788888459904,274.79132080078125,627300
2021-08-27 00:00:00-04:00,275.8426647870476,276.83314056375644,274.15709270498695,276.0251159667969,473600
2021-08-30 00:00:00-04:00,275.53849559916534,278.6663619335951,275.53849559916534,278.50994873046875,696500
2021-08-31 00:00:00-04:00,277.6150454995213,281.8289748666847,275.3212944360309,281.16864013671875,832500
2021-09-01 00:00:00-04:00,281.299047343615,286.9987045222292,280.05657097273007,286.4513244628906,630300
2021-09-02 00:00:00-04:00,286.60770085953453,287.84148019605175,284.348684330054,287.624267578125,572900
2021-09-03 00:00:00-04:00,286.8943968518051,287.61553097731183,282.92374437930295,287.3809509277344,431100
2021-09-07 00:00:00-04:00,287.60680656608776,288.1802509255864,281.6638739065642,283.8533935546875,520200
2021-09-08 00:00:00-04:00,283.0975143376026,289.2837514621439,283.0975143376026,287.1811218261719,524600
2021-09-09 00:00:00-04:00,287.485159320808,287.485159320808,281.23812424198314,281.6551818847656,573500
2021-09-10 00:00:00-04:00,281.8637686286166,284.0967205771697,280.2129581295906,280.8385314941406,524700
2021-09-13 00:00:00-04:00,282.01136772398945,284.0445003918124,278.9356573089796,279.0746765136719,601700
2021-09-14 00:00:00-04:00,280.0277138905717,280.0277138905717,275.3502342986413,277.51849365234375,543500
2021-09-15 00:00:00-04:00,278.36658928045927,281.6539178739763,277.5709782248367,279.3457946777344,457700
2021-09-16 00:00:00-04:00,279.3370886487576,281.0594498557238,276.22460240896334,277.4923400878906,456200
2021-09-17 00:00:00-04:00,275.4551749109054,278.10428571582696,271.2498212351279,271.9405212402344,1409000
2021-09-20 00:00:00-04:00,271.39840414377386,275.9796969915992,269.7722031363302,272.9021911621094,574200
2021-09-21 00:00:00-04:00,273.1557139680703,275.97094218891516,272.6311321435555,272.71856689453125,510000
2021-09-22 00:00:00-04:00,274.4059985566783,274.4059985566783,268.7842925627349,270.32305908203125,786400
2021-09-23 00:00:00-04:00,270.3930201599937,271.6869854805199,266.5548816086807,267.0270080566406,856500
2021-09-24 00:00:00-04:00,267.36789278632665,269.00281858337274,264.3778217247077,265.6805114746094,650800
2021-09-27 00:00:00-04:00,265.6805538898542,266.895809082203,259.36814803037174,259.4380798339844,622800
2021-09-28 00:00:00-04:00,257.5933665488109,263.24130097236696,255.57374859416853,261.86865234375,983300
2021-09-29 00:00:00-04:00,262.3145090394225,266.0827152126168,261.4227384883592,264.316650390625,581700
2021-09-30 00:00:00-04:00,265.8903744273122,265.8903744273122,259.14082146101975,259.7528381347656,975200
2021-10-01 00:00:00-04:00,260.55717202872086,261.4926733129507,256.8414213343228,259.84027099609375,691500
2021-10-04 00:00:00-04:00,259.2194468565439,261.7549210689769,258.5200222553241,260.5833435058594,1023600
2021-10-05 00:00:00-04:00,261.7812328315045,261.96482717900693,257.81192890839833,258.1441650390625,889800
2021-10-06 00:00:00-04:00,257.9168341866517,264.11557794890155,256.57916489354767,263.5298156738281,929300
2021-10-07 00:00:00-04:00,264.29914301701496,267.0706675493825,262.54182970509845,263.6259460449219,550000
2021-10-08 00:00:00-04:00,263.63470957158364,264.2466995701742,261.5276571157832,262.0434875488281,359300
2021-10-11 00:00:00-04:00,262.2707682524597,264.7624852304241,260.71452573550107,264.124267578125,339900
2021-10-12 00:00:00-04:00,265.72433765822774,273.8115622907787,265.04238897268294,272.1766357421875,582300
2021-10-13 00:00:00-04:00,271.76565427930535,277.999377303436,271.04872650422624,277.43109130859375,505100
2021-10-14 00:00:00-04:00,278.81248492915876,285.1686224324078,277.1688071521499,284.9150695800781,755700
2021-10-15 00:00:00-04:00,285.7717834927646,285.92917672332794,276.74033633340207,279.2670593261719,972800
2021-10-18 00:00:00-04:00,280.2025796209939,283.1227194641048,278.5326742588414,281.7151184082031,655600
2021-10-19 00:00:00-04:00,282.27464259530757,283.2014190926074,279.8616084902463,280.6484680175781,387300
2021-10-20 00:00:00-04:00,281.3217122064159,282.3796276888339,279.7479928877783,281.9075012207031,501000
2021-10-21 00:00:00-04:00,283.03526790940225,283.29754549402827,279.9927145210337,281.9686279296875,425900
2021-10-22 00:00:00-04:00,283.2976052895449,286.0516272347739,283.0265761677782,285.3084716796875,451900
2021-10-25 00:00:00-04:00,285.8242614594269,288.4383924866179,283.4024495353223,287.2143859863281,354000
2021-10-26 00:00:00-04:00,286.5936730067194,287.56415359512533,283.53364282710567,285.7893371582031,411400
2021-10-27 00:00:00-04:00,286.5849818085271,286.5849818085271,281.34793997234823,281.9075012207031,421200
2021-10-28 00:00:00-04:00,282.98287778508944,290.45808416908113,282.98287778508944,289.9335021972656,746700
2021-10-29 00:00:00-04:00,287.91387514510063,293.5093537436936,287.02210449826674,290.423095703125,1358900
2021-11-01 00:00:00-04:00,290.842698171385,291.83937963847376,282.78170495713465,289.950927734375,527000
2021-11-02 00:00:00-04:00,291.59460900630984,297.85455904561906,289.06791249506165,295.2579040527344,838800
2021-11-03 00:00:00-04:00,295.9660783628258,298.09063365707823,288.52585247740035,290.91265869140625,460400
2021-11-04 00:00:00-04:00,291.1399946113599,294.7858134908791,289.38265457432436,290.7465515136719,528600
2021-11-05 00:00:00-04:00,292.416460919221,292.416460919221,279.57307565773544,282.2921447753906,647500
2021-11-08 00:00:00-05:00,282.9478971568988,284.1194484354689,278.8387028593157,282.79925537109375,520200
2021-11-09 00:00:00-05:00,283.0178132314092,285.72813102072826,282.2222021805266,284.1456604003906,499300
2021-11-10 00:00:00-05:00,284.2156252455156,287.7827615076692,284.2156252455156,286.0254211425781,467300
2021-11-11 00:00:00-05:00,287.7739713690103,287.8701576189368,284.2593177922949,287.6603088378906,219300
2021-11-12 00:00:00-05:00,287.3455779692733,289.40889978296417,284.5740532007798,287.8002014160156,425700
2021-11-15 00:00:00-05:00,287.83517581449,290.03838788578383,284.9325122815072,290.0296630859375,356800
2021-11-16 00:00:00-05:00,290.5542194093403,290.98264176913585,285.6581925660641,286.9259033203125,449500
2021-11-17 00:00:00-05:00,285.5183192638631,292.9060906931843,282.95664315925393,291.6121520996094,647100
2021-11-18 00:00:00-05:00,292.36397659834347,295.10052172697334,288.81434426319015,293.6317138671875,593300
2021-11-19 00:00:00-05:00,295.08311749776595,295.08311749776595,290.02094534778826,290.0384216308594,518800
2021-11-22 00:00:00-05:00,290.0383691327333,291.6995495709968,287.2144157503721,287.8089294433594,506700
2021-11-23 00:00:00-05:00,288.00132909435337,290.3007276959562,286.55874863261215,288.8493957519531,325000
2021-11-24 00:00:00-05:00,289.1291228036235,293.684188432947,288.4121951060355,292.9322814941406,242700
2021-11-26 00:00:00-05:00,290.4843124506628,293.2208581733144,285.9117431640625,285.9117431640625,368800
2021-11-29 00:00:00-05:00,289.05918479780473,292.844894157903,285.8942436175976,290.1695556640625,441600
2021-11-30 00:00:00-05:00,288.75313680190567,291.4109986496391,285.00243388183054,286.2264404296875,1471700
2021-12-01 00:00:00-05:00,288.23729180259244,294.3486261144938,284.50406535066764,284.6964111328125,644800
2021-12-02 00:00:00-05:00,287.54664820637953,296.06226564904097,286.7772649986575,292.87982177734375,721200
2021-12-03 00:00:00-05:00,293.75413801860407,294.84700591108833,289.7411303191632,293.18585205078125,623700
2021-12-06 00:00:00-05:00,294.8033191624354,297.78466614979334,292.0230694843761,296.82293701171875,788100
2021-12-07 00:00:00-05:00,298.1080459978521,301.1243711702274,296.49059665442394,297.4873046875,673000
2021-12-08 00:00:00-05:00,297.52232502899415,300.78345221337474,294.38361184765665,300.24139404296875,588800
2021-12-09 00:00:00-05:00,300.31134743388446,301.61406411397803,298.2305226833031,299.27093505859375,1022900
2021-12-10 00:00:00-05:00,300.32010058698984,304.71779997374637,299.40210221843233,304.2544250488281,692400
2021-12-13 00:00:00-05:00,303.8522525227852,312.38534686064577,303.5287678965099,310.5580749511719,811400
2021-12-14 00:00:00-05:00,312.93206892351014,313.292562567774,305.5551910183679,309.74920654296875,968600
2021-12-15 00:00:00-05:00,313.01116867382,319.2713877541087,312.2901814522616,317.8470153808594,833900
2021-12-16 00:00:00-05:00,317.26669104542765,320.24734380294007,314.91912245089776,319.1658630371094,891400
2021-12-17 00:00:00-05:00,319.80776004656315,324.4149947781078,317.5480941932207,318.05804443359375,1369500
2021-12-20 00:00:00-05:00,318.40972588991394,322.7971488712245,314.4706995121596,321.7772216796875,603700
2021-12-21 00:00:00-05:00,322.0058697709244,324.7403085336234,317.14364654141923,318.1020202636719,733700
2021-12-22 00:00:00-05:00,319.51759363004174,322.26083344491417,318.92851456889196,321.3024597167969,481600
2021-12-23 00:00:00-05:00,320.528704762045,320.7397417756664,316.06215265467915,318.68231201171875,530200
2021-12-27 00:00:00-05:00,319.6143468861536,324.2743344833218,318.71749984609056,324.2655334472656,420100
2021-12-28 00:00:00-05:00,323.6412342546614,325.96245354280086,322.9642253784991,325.86572265625,497800
2021-12-29 00:00:00-05:00,326.5515876049218,328.2397498110423,324.27434627501253,327.624267578125,440600
2021-12-30 00:00:00-05:00,327.9583202271178,328.8991186310896,325.02164572701236,327.4835205078125,435600
2021-12-31 00:00:00-05:00,327.9056140453862,331.7918617011404,327.6066739820533,329.3299865722656,437100
2022-01-03 00:00:00-05:00,328.1694067114277,328.3013149319916,316.1940936850469,321.1706237792969,769900
2022-01-04 00:00:00-05:00,320.9508056640625,323.4390572418083,319.6495133865999,320.9508056640625,780900
2022-01-05 00:00:00-05:00,319.98358378801305,321.364004693922,314.4795290672109,318.08441162109375,668800
2022-01-06 00:00:00-05:00,320.0451426939452,322.5070176740056,316.0182128696125,321.22332763671875,642400
2022-01-07 00:00:00-05:00,320.0451561716101,321.41677612289436,312.72105767318106,312.93206787109375,722900
2022-01-10 00:00:00-05:00,312.7562232734922,317.95256430775095,312.62434189342014,316.36993408203125,536600
2022-01-11 00:00:00-05:00,316.99417242937153,319.7550143794664,313.6970039534194,319.0340270996094,570100
2022-01-12 00:00:00-05:00,318.30422552709626,324.239128536628,318.30422552709626,323.0609436035156,521200
2022-01-13 00:00:00-05:00,323.0609279962538,324.2391128724473,319.55274963981077,320.3792419433594,545400
2022-01-14 00:00:00-05:00,319.5088174718356,320.69577662231205,314.94553428879624,318.1020202636719,676300
2022-01-18 00:00:00-05:00,317.4073722010178,317.7590647538697,312.8528905853938,316.2907409667969,892900
2022-01-19 00:00:00-05:00,316.6864438891935,320.6078957380184,313.7761452123413,313.9256286621094,691400
2022-01-20 00:00:00-05:00,313.4596341126213,318.7526791938187,309.10736076049557,309.863525390625,748300
2022-01-21 00:00:00-05:00,311.9912491425548,313.24856287772025,307.7357071549318,310.6811828613281,829000
2022-01-24 00:00:00-05:00,309.95141207655877,310.3119057166015,299.8225201748982,309.6085205078125,935200
2022-01-25 00:00:00-05:00,307.56863659713815,312.05279066604135,303.620835835698,309.9338073730469,837600
2022-01-26 00:00:00-05:00,309.80189950209206,314.558616918871,303.91094882103636,306.13543701171875,742900
2022-01-27 00:00:00-05:00,306.34649873304585,310.93615786775655,301.75683959833515,304.44732666015625,923800
2022-01-28 00:00:00-05:00,305.23867991638565,317.05573418534664,299.7873504960137,317.02935791015625,881800
2022-01-31 00:00:00-05:00,316.5633250554896,319.5263759231671,312.9935930913675,315.23565673828125,947100
2022-02-01 00:00:00-05:00,316.2116468324869,316.2819746178011,308.1753356147801,312.4308776855469,700900
2022-02-02 00:00:00-05:00,314.06627666208135,326.02398536589567,313.01117209060413,325.6371154785156,1021600
2022-02-03 00:00:00-05:00,323.7643337571447,324.9952711539778,321.7596566158957,322.9729919433594,562900
2022-02-04 00:00:00-05:00,320.90682308713826,323.1313116789503,317.4074186183212,319.0340270996094,788800
2022-02-07 00:00:00-05:00,319.0340358186115,320.6606443443539,316.4402524803391,318.94610595703125,618200
2022-02-08 00:00:00-05:00,319.58794515613596,321.47831632018193,316.81830226174367,318.67352294921875,553500
2022-02-09 00:00:00-05:00,322.12015084522875,324.9425463125074,320.22100546102314,324.6084289550781,527400
2022-02-10 00:00:00-05:00,319.68462913588115,323.1840332694829,313.9431613863744,315.72802734375,632500
2022-02-11 00:00:00-05:00,316.0182150650708,317.89978520595486,311.05926092909465,314.9191589355469,553800
2022-02-14 00:00:00-05:00,314.7081231487095,317.61842164452577,311.5604381876567,312.6946716308594,685700
2022-02-15 00:00:00-05:00,314.5938316409896,315.4994528640737,308.31603666553923,309.13372802734375,701200
2022-02-16 00:00:00-05:00,310.0393619941893,310.9010317382646,305.0980094768307,309.248046875,500800
2022-02-17 00:00:00-05:00,308.59738103847724,308.59738103847724,304.0164958439148,304.271484375,693400
2022-02-18 00:00:00-05:00,303.49776731016146,305.51124577140524,301.8711587759451,302.0733947753906,681900
2022-02-22 00:00:00-05:00,301.5106273240051,304.4560758276952,299.01354857304483,301.03582763671875,802300
2022-02-23 00:00:00-05:00,328.1254210364951,328.1254210364951,309.7316051004901,310.7691345214844,1342100
2022-02-24 00:00:00-05:00,306.82128861999,310.6284340113936,301.40513688972624,309.16888427734375,1490500
2022-02-25 00:00:00-05:00,311.1735898622964,318.91973588421854,310.4789788244578,318.90216064453125,839900
2022-02-28 00:00:00-05:00,315.28841625627643,316.59848253261157,309.9865707375288,312.1495056152344,1040600
2022-03-01 00:00:00-05:00,314.32128488435944,318.56805323918184,312.17592494854426,315.6313781738281,670600
2022-03-02 00:00:00-05:00,316.4666456995179,321.9443516968906,315.71928208471076,321.1794128417969,723500
2022-03-03 00:00:00-05:00,322.6828948954325,328.92553937297384,321.80364995021336,327.9231872558594,731000
2022-03-04 00:00:00-05:00,325.980073725477,333.98120834591214,324.85464123338335,331.7918701171875,697400
2022-03-07 00:00:00-05:00,330.763174138767,334.4823900971913,328.758496639688,330.7279968261719,622700
2022-03-08 00:00:00-05:00,328.89034119277034,330.174031218256,321.9970644795473,322.8587341308594,586200
2022-03-09 00:00:00-05:00,325.3206166163971,327.96715238119305,321.4079660349325,324.99530029296875,647000
2022-03-10 00:00:00-05:00,323.1312844410175,326.2877702426993,321.9882500329159,325.03045654296875,605000
2022-03-11 00:00:00-05:00,325.3381553198657,327.9934918219446,321.583789636414,321.7947998046875,455200
2022-03-14 00:00:00-04:00,323.88747493219546,324.6524137856424,315.39396504966277,316.5897521972656,673100
2022-03-15 00:00:00-04:00,320.86023944878957,320.86023944878957,311.1698962639502,313.99920654296875,811900
2022-03-16 00:00:00-04:00,315.27235310443893,318.1105134582063,310.3387742072037,316.2803039550781,891200
2022-03-17 00:00:00-04:00,317.12904267283415,324.85658385328975,317.1113692678515,323.40655517578125,619500
2022-03-18 00:00:00-04:00,328.5258644414611,329.4895912818546,321.8239465852412,323.3446960449219,1344600
2022-03-21 00:00:00-04:00,324.2730022878803,328.41084511493955,322.8848711528535,324.9803161621094,658000
2022-03-22 00:00:00-04:00,326.6602584796619,328.36670001540574,322.831874985852,327.47369384765625,649300
2022-03-23 00:00:00-04:00,327.1642433284995,328.8883583199849,323.75141412284296,325.4136047363281,710300
2022-03-24 00:00:00-04:00,325.4048305069599,329.8963317871094,325.3783069022814,329.8963317871094,646700
2022-03-25 00:00:00-04:00,330.67434546288024,332.8051646701828,328.0218774511459,332.4426574707031,528400
2022-03-28 00:00:00-04:00,332.9907797544012,340.25854209190635,332.49565462532075,338.9499816894531,691000
2022-03-29 00:00:00-04:00,347.03119028560843,352.24770469216844,338.26920209045795,350.5412902832031,921200
2022-03-30 00:00:00-04:00,349.5599319017775,351.39014144776036,347.77394634880454,350.26727294921875,437100
2022-03-31 00:00:00-04:00,351.8587012467536,354.06026795363846,345.05953969856813,345.0683898925781,1062500
2022-04-01 00:00:00-04:00,345.94369506454257,351.23980764825404,345.3159518837964,350.5766906738281,617700
2022-04-04 00:00:00-04:00,350.6739250745584,351.90291478430487,343.45920935663503,348.44586181640625,583900
2022-04-05 00:00:00-04:00,346.87204916457716,356.04074153043155,346.87204916457716,349.878173828125,803400
2022-04-06 00:00:00-04:00,351.2574620059623,362.0088012061736,348.89675383281104,361.2484130859375,839200
2022-04-07 00:00:00-04:00,358.08316502178513,363.069817604703,355.5898387303262,361.796630859375,609200
2022-04-08 00:00:00-04:00,362.4950642205507,364.1749819951346,360.94779141512606,361.5755615234375,526700
2022-04-11 00:00:00-04:00,361.9380619497858,363.9804869909661,352.6190777873892,355.25384521484375,638800
2022-04-12 00:00:00-04:00,355.1920355776091,360.3908507191615,352.7163823374244,359.6481628417969,598200
2022-04-13 00:00:00-04:00,360.231663994735,362.08839694681916,356.1557178836537,358.6578674316406,583300
2022-04-14 00:00:00-04:00,359.46240879134746,363.1228270491578,357.2608693066706,361.17767333984375,510800
2022-04-18 00:00:00-04:00,361.20424206447836,363.93628080960065,360.19631827630377,362.15911865234375,658000
2022-04-19 00:00:00-04:00,364.26337720136416,368.0829371294084,363.40574490708985,365.30670166015625,520100
2022-04-20 00:00:00-04:00,365.4658092831875,372.53905575976626,365.218246735799,371.25701904296875,592000
2022-04-21 00:00:00-04:00,371.8140881718073,372.9016096676589,364.7319906142056,364.7762145996094,548900
2022-04-22 00:00:00-04:00,364.36069065248574,365.4570354510969,355.43955990775237,355.7489929199219,571400
2022-04-25 00:00:00-04:00,356.2441320022484,356.9602961727257,347.2699274040997,352.7782287597656,933700
2022-04-26 00:00:00-04:00,354.27246549375104,357.14597245883454,347.95075556702733,348.5343017578125,799800
2022-04-27 00:00:00-04:00,349.8605455639954,353.95416524404914,345.7668989016414,346.0409851074219,671800
2022-04-28 00:00:00-04:00,349.3653732615476,353.39712198369926,345.51928972228137,352.7516784667969,577900
2022-04-29 00:00:00-04:00,349.36541983337816,349.6483292509131,327.5179053308294,328.4639587402344,1385500
2022-05-02 00:00:00-04:00,330.37367660679746,331.51424520301634,311.9566952271767,318.3403015136719,1118500
2022-05-03 00:00:00-04:00,319.224497494636,319.5958548688021,312.3634656160059,315.65252685546875,903900
2022-05-04 00:00:00-04:00,307.75700606808846,314.93637539397406,305.8649262744984,314.02569580078125,1008400
2022-05-05 00:00:00-04:00,314.78598378607904,315.7850841426187,305.42277723903646,308.80908203125,839900
2022-05-06 00:00:00-04:00,305.7323257712698,306.7402496298468,293.8757899926042,297.8544921875,1153200
2022-05-09 00:00:00-04:00,292.65566114738465,293.25688080329445,276.5021393529689,277.3509216308594,1175800
2022-05-10 00:00:00-04:00,281.25888529327216,283.1598425027236,275.2820083781698,276.183837890625,1269000
2022-05-11 00:00:00-04:00,277.09449801507105,283.20401949983193,275.90088196256244,276.55517578125,1065500
2022-05-12 00:00:00-04:00,278.5445449068722,280.57809314108795,273.7612571747304,277.7488098144531,782800
2022-05-13 00:00:00-04:00,280.10943870569224,282.3286787297227,275.51181706559584,281.63018798828125,783300
2022-05-16 00:00:00-04:00,281.6036790618367,283.91131321347723,279.5524307166235,282.1960754394531,597000
2022-05-17 00:00:00-04:00,284.3799361763491,284.3799361763491,276.42253252934125,279.79998779296875,632200
2022-05-18 00:00:00-04:00,279.51706156056616,280.02100992131716,270.4898103173494,271.3474426269531,623700
2022-05-19 00:00:00-04:00,270.20691736148456,276.1661474836373,268.4120816601236,273.885009765625,1100600
2022-05-20 00:00:00-04:00,276.29871721037875,277.29781768897897,273.2218449818972,276.6612243652344,606400
2022-05-23 00:00:00-04:00,279.29602174239534,283.0978813404381,274.85754183125397,283.018310546875,697800
2022-05-24 00:00:00-04:00,281.895422976376,289.29583076738083,281.1615854275026,288.2259826660156,1069800
2022-05-25 00:00:00-04:00,286.8643874121716,289.2515921100553,282.4966551857836,287.2357177734375,1111700
2022-05-26 00:00:00-04:00,288.62390568370625,290.8608194307791,287.1827269922397,288.1464538574219,574700
2022-05-27 00:00:00-04:00,289.41073841470126,297.5273100703435,289.41073841470126,296.8730163574219,602500
2022-05-31 00:00:00-04:00,295.05164881449525,295.76781291301904,291.5150253226066,292.3373107910156,1388700
2022-06-01 00:00:00-04:00,292.6997605883101,295.97114777183464,287.33295550269446,292.319580078125,738200
2022-06-02 00:00:00-04:00,290.57781715169625,294.5123215102292,284.2649583603574,294.3531799316406,568300
2022-06-03 00:00:00-04:00,292.17816136074754,295.9093004683171,289.24278417680046,292.4080505371094,521900
2022-06-06 00:00:00-04:00,294.1144980369211,294.1144980369211,284.5921473057048,285.149169921875,848200
2022-06-07 00:00:00-04:00,284.3710838946269,292.61142386433716,283.2393653524309,292.3461608886719,716100
2022-06-08 00:00:00-04:00,290.5690158916251,290.5690158916251,279.2694772769144,279.8883972167969,725200
2022-06-09 00:00:00-04:00,278.7566908689385,282.39940911846287,273.7700652696018,273.87615966796875,549600
2022-06-10 00:00:00-04:00,270.5340301820348,275.7859183514112,268.78339179814384,271.8160400390625,906800
2022-06-13 00:00:00-04:00,266.1485379777835,268.9689968074703,261.50672057236227,263.0186462402344,782200
2022-06-14 00:00:00-04:00,263.686393326444,267.55848369802646,261.1583969600216,265.1195068359375,904300
2022-06-15 00:00:00-04:00,265.7158900931107,275.0712497105238,265.59125736483185,270.75408935546875,819100
2022-06-16 00:00:00-04:00,265.3330308372772,272.240528835104,265.3330308372772,267.7453308105469,811200
2022-06-17 00:00:00-04:00,268.0301941612184,272.56991616529837,264.04238208824586,265.7425537109375,1439200
2022-06-21 00:00:00-04:00,268.2883582160504,271.5996821718396,266.5526004303538,268.9025573730469,595300
2022-06-22 00:00:00-04:00,267.4427269781635,276.5132609442794,267.4427269781635,272.5877380371094,736100
2022-06-23 00:00:00-04:00,274.1722409787067,276.2551669210475,271.6798307626615,274.3146667480469,755600
2022-06-24 00:00:00-04:00,276.21061881658824,280.25186476875416,273.74493912055186,279.67327880859375,878100
2022-06-27 00:00:00-04:00,278.6139490754986,281.4891123868664,276.91377762805786,279.2459411621094,539500
2022-06-28 00:00:00-04:00,281.6938047327557,283.23375730220215,276.9137554475316,277.24310302734375,593300
2022-06-29 00:00:00-04:00,277.24313570635314,278.8364947108816,275.12459709847377,276.8870849609375,598200
2022-06-30 00:00:00-04:00,274.8041553733617,282.1300209112883,274.4391945362911,278.3202209472656,1012000
2022-07-01 00:00:00-04:00,278.0353503315296,283.2871730877593,277.82169817032553,282.50384521484375,489200
2022-07-05 00:00:00-04:00,280.39425674892703,280.6612880322389,273.8606287562201,280.1361083984375,669700
2022-07-06 00:00:00-04:00,281.7739241978723,285.0763645403417,279.59309658305136,282.1922912597656,424300
2022-07-07 00:00:00-04:00,282.65522280798496,284.4532968439007,278.44484845121895,280.20733642578125,545400
2022-07-08 00:00:00-04:00,280.20733009755867,282.68191955235733,278.07099837250536,281.133056640625,506300
2022-07-11 00:00:00-04:00,279.8602006355571,282.42380992303265,279.05016942563003,279.32611083984375,502800
2022-07-12 00:00:00-04:00,276.96723888536405,280.0204145866119,271.4038602030896,273.6025085449219,555700
2022-07-13 00:00:00-04:00,270.6205058528576,275.3382668161511,268.57319356261013,272.4541931152344,526000
2022-07-14 00:00:00-04:00,266.85519841599006,273.86059902531434,266.85519841599006,272.7657165527344,445900
2022-07-15 00:00:00-04:00,276.97612744564407,279.49521316451586,273.61139736685215,278.8988342285156,734400
2022-07-18 00:00:00-04:00,280.59898987528794,281.854091196607,273.4600459270024,275.0177917480469,556300
2022-07-19 00:00:00-04:00,276.9849655012586,281.6403818241602,275.5874387288518,281.5335693359375,549800
2022-07-20 00:00:00-04:00,280.9372254821672,283.55424068173204,279.2459639933497,281.2843933105469,422600
2022-07-21 00:00:00-04:00,281.1953614733154,284.2930600049346,279.29047504453837,284.20404052734375,495100
2022-07-22 00:00:00-04:00,284.8894373605573,288.2808702685785,282.68190645177816,284.24853515625,417100
2022-07-25 00:00:00-04:00,292.0817421043808,292.54460528278065,285.0674321671201,288.3342590332031,619500
2022-07-26 00:00:00-04:00,287.1237623571229,291.725801413557,286.91902023076545,290.8178405761719,753100
2022-07-27 00:00:00-04:00,290.1857898340773,291.4319810445503,287.87141920609537,290.4350280761719,815500
2022-07-28 00:00:00-04:00,291.87707205495417,300.52923902500004,291.1204471774273,300.0663757324219,874800
2022-07-29 00:00:00-04:00,300.3442163248519,304.67917001063006,298.99186477692155,302.344970703125,638100
2022-08-01 00:00:00-04:00,300.39983469127185,303.29907602350943,299.8996389561801,300.5017395019531,599700
2022-08-02 00:00:00-04:00,299.64954825540894,303.6603010230484,296.75030699058055,297.2782897949219,860200
2022-08-03 00:00:00-04:00,298.8344023391369,307.2634982612257,297.8896133864795,304.1882629394531,1015000
2022-08-04 00:00:00-04:00,306.2816644633853,308.3102061240157,302.4098471888313,306.19830322265625,787100
2022-08-05 00:00:00-04:00,296.4075836178846,309.93118527397655,296.4075836178846,306.7818603515625,793800
2022-08-08 00:00:00-04:00,309.3754303991302,312.96937704754595,307.2450120956498,310.9593505859375,556100
2022-08-09 00:00:00-04:00,311.84857954163516,318.1657447028689,311.0982718371527,317.64703369140625,867000
2022-08-10 00:00:00-04:00,320.8797033968819,321.7967051879413,316.23906375339726,320.48138427734375,622800
2022-08-11 00:00:00-04:00,320.95382855364966,324.6311361760085,319.4717850193566,320.89825439453125,487700
2022-08-12 00:00:00-04:00,322.62115426828683,326.029863346627,322.11171498370516,325.7705078125,529900
2022-08-15 00:00:00-04:00,326.59483719446024,329.2069357863267,325.64077642379505,329.14208984375,531000
2022-08-16 00:00:00-04:00,326.42815675465255,329.318126518858,325.2239838411447,327.1784362792969,660900
2022-08-17 00:00:00-04:00,324.1958179397529,330.2165974157769,322.74156134362005,329.0772705078125,597600
2022-08-18 00:00:00-04:00,329.0957728077257,330.8001129304932,324.67742940883954,326.8356628417969,500500
2022-08-19 00:00:00-04:00,326.1131800214202,327.55816469513644,323.9827336052073,325.3351135253906,1237800
2022-08-22 00:00:00-04:00,324.19580433752276,324.19580433752276,319.56443570412955,320.8149108886719,567900
2022-08-23 00:00:00-04:00,319.8423231834653,320.1109504931381,314.710786822933,315.9427185058594,613500
2022-08-24 00:00:00-04:00,315.988972835533,320.9445137205205,315.988972835533,317.7210998535156,839000
2022-08-25 00:00:00-04:00,319.22171441684185,324.66820837522215,319.22171441684185,324.4273681640625,578400
2022-08-26 00:00:00-04:00,324.32552508116135,325.0294739540746,318.43440895621734,319.1198425292969,453900
2022-08-29 00:00:00-04:00,317.3320794416917,319.4810410470626,314.84040111611455,315.55364990234375,398600
2022-08-30 00:00:00-04:00,314.93307609844925,316.24839726579484,307.1708975235547,307.98602294921875,561000
2022-08-31 00:00:00-04:00,309.8848567454434,310.6629515332703,305.50360021144405,306.4391174316406,913100
2022-09-01 00:00:00-04:00,304.3179495965287,313.09900561233104,303.46576540998353,312.876708984375,796500
2022-09-02 00:00:00-04:00,314.68301566986065,315.09982192910815,307.42103229875545,308.4399108886719,505600
2022-09-06 00:00:00-04:00,309.17168643792724,317.6378430478483,309.17168643792724,314.35882568359375,716700
2022-09-07 00:00:00-04:00,313.2935608107484,317.7859655998224,311.81151725101944,317.0542297363281,881400
2022-09-08 00:00:00-04:00,315.32210276453316,318.1472262189426,310.9130309436274,314.3680419921875,560800
2022-09-09 00:00:00-04:00,315.13684666268654,317.30432377890327,312.1542441487206,314.1549987792969,649400
2022-09-12 00:00:00-04:00,313.793725264636,315.12756162893334,312.4969477625774,314.47918701171875,577400
2022-09-13 00:00:00-04:00,310.5751006083303,311.1993655943959,304.0713877597418,305.4224548339844,740400
2022-09-14 00:00:00-04:00,304.6584024065337,306.0467195081372,300.3536639709784,302.524658203125,864300
2022-09-15 00:00:00-04:00,301.8817162024716,301.8817162024716,291.9211730360428,292.2566223144531,669800
2022-09-16 00:00:00-04:00,292.6013886885805,293.2536338392747,288.43640900606107,291.78143310546875,2423400
2022-09-19 00:00:00-04:00,290.26267418522536,291.6230680511028,286.0883959462136,291.1758117675781,640000
2022-09-20 00:00:00-04:00,288.68799489135364,288.68799489135364,283.0135640490334,285.3802490234375,769600
2022-09-21 00:00:00-04:00,286.7685728518607,288.6134730859609,280.9730081871116,281.1407470703125,545800
2022-09-22 00:00:00-04:00,280.0599130408982,280.0599130408982,274.8793148613609,278.51318359375,774200
2022-09-23 00:00:00-04:00,275.5408512153983,278.4199943835312,271.97221278746184,274.9352111816406,675700
2022-09-26 00:00:00-04:00,273.2207403467587,273.9195622530527,266.81020951006684,270.9751892089844,859800
2022-09-27 00:00:00-04:00,273.7052486595151,274.11522645572245,266.25114827049003,267.8724060058594,564000
2022-09-28 00:00:00-04:00,271.0683714174459,274.2829351284859,267.31336950799613,272.60577392578125,738600
2022-09-29 00:00:00-04:00,270.2297641164831,270.9938162307909,264.62989053512075,267.8724060058594,671600
2022-09-30 00:00:00-04:00,271.5342411278409,274.1431647621112,268.23579390547883,272.8293762207031,1124100
2022-10-03 00:00:00-04:00,275.68060037737547,276.5564595103722,271.43176512737125,273.8916320800781,868000
2022-10-04 00:00:00-04:00,275.00042521693945,279.2306069138614,274.18046958586484,276.7334899902344,1062500
2022-10-05 00:00:00-04:00,272.81081208316607,275.4756397874421,269.0837612396082,273.86370849609375,654400
2022-10-06 00:00:00-04:00,274.4972813922011,275.6806097168054,267.5183598328449,268.31036376953125,787200
2022-10-07 00:00:00-04:00,266.1766355593046,267.7140381686642,261.6668795336472,264.3131103515625,842900
2022-10-10 00:00:00-04:00,265.38467624935515,270.23915226934173,264.67652745218464,267.9749755859375,920000
2022-10-11 00:00:00-04:00,266.9499750572935,270.9472444257489,265.6361864275176,270.1272888183594,747500
2022-10-12 00:00:00-04:00,270.1831919043358,271.2453864413543,266.8940711898005,267.3320007324219,475600
2022-10-13 00:00:00-04:00,262.8595489602826,271.16155762877355,262.54275306979076,269.5030212402344,851500
2022-10-14 00:00:00-04:00,272.7735119039561,273.8636867003964,262.2539037733873,262.5614013671875,853900
2022-10-17 00:00:00-04:00,266.8940972791084,274.1338828746861,265.8784793969714,271.8324279785156,1030600
2022-10-18 00:00:00-04:00,276.39807604971253,281.1034658862973,274.49727235129836,276.91986083984375,853800
2022-10-19 00:00:00-04:00,273.73322457906255,276.733501388083,270.70499602851953,271.04974365234375,627900
2022-10-20 00:00:00-04:00,272.6057951903522,275.44765979304105,271.4876686779057,273.0903015136719,840200
2022-10-21 00:00:00-04:00,272.78286993145326,273.975525105925,267.90041381880843,272.70831298828125,1558100
2022-10-24 00:00:00-04:00,274.4226842369713,276.1930557542628,270.29498314167625,271.4596862792969,772100
2022-10-25 00:00:00-04:00,272.5964599515619,280.67485408560464,271.3758532384164,279.6312561035156,881000
2022-10-26 00:00:00-04:00,279.7151371612969,282.5197231838966,276.4260163998718,277.7397766113281,681100
2022-10-27 00:00:00-04:00,279.51942751719906,280.48846849374115,276.09987501398615,277.5161437988281,650000
2022-10-28 00:00:00-04:00,276.4166798252951,291.4273607662453,275.0097092840514,290.28131103515625,798000
2022-10-31 00:00:00-04:00,289.51727521175985,291.3994254206245,287.1319652387904,288.61346435546875,1080300
2022-11-01 00:00:00-04:00,289.76884291054716,290.4583665729057,284.9795979156995,286.6474609375,827200
2022-11-02 00:00:00-04:00,286.3026367962016,286.3026367962016,263.2508429612408,263.7073974609375,1534800
2022-11-03 00:00:00-04:00,260.8934975512146,260.9028242753702,256.626037852729,257.7907409667969,1417000
2022-11-04 00:00:00-04:00,258.26592542419536,259.38405180906676,252.3771795427915,258.7784118652344,1050900
2022-11-07 00:00:00-05:00,262.2538999080657,263.9590414318355,252.2561051617521,255.6104278564453,756300
2022-11-08 00:00:00-05:00,256.9894238837922,269.00915496282124,256.2719769646378,267.1456298828125,1327500
2022-11-09 00:00:00-05:00,268.2917077295267,272.6989547752359,265.1982492759016,265.2821044921875,996200
2022-11-10 00:00:00-05:00,276.45394789071855,283.56327195135316,274.6369996234812,282.1470031738281,1076700
2022-11-11 00:00:00-05:00,282.5849722788656,283.84285752970237,272.6058023678206,275.0376892089844,655700
2022-11-14 00:00:00-05:00,275.8017148792774,276.4073548499242,270.7608760701121,270.900634765625,781100
2022-11-15 00:00:00-05:00,274.03137133859127,275.6712540888827,266.77293312029036,269.37255859375,925500
2022-11-16 00:00:00-05:00,269.99685424737885,276.33285736116443,269.67076006630737,271.2361145019531,843100
2022-11-17 00:00:00-05:00,267.70472835046064,272.49400208569404,267.4811144106533,269.63348388671875,511900
2022-11-18 00:00:00-05:00,272.2517254381419,274.73021744892264,268.78556731327063,273.4816589355469,1048500
2022-11-21 00:00:00-05:00,272.2703829952586,277.6746239622718,272.2703829952586,277.2366943359375,713900
2022-11-22 00:00:00-05:00,277.8143569029189,279.23062590327515,275.3265381001368,278.92315673828125,624700
2022-11-23 00:00:00-05:00,278.5969939692039,278.93241482812783,274.82336713063177,276.84527587890625,1057200
2022-11-25 00:00:00-05:00,279.2120410863691,282.0632329491899,276.2676672575119,278.2336730957031,394000
2022-11-28 00:00:00-05:00,276.9198772765017,278.3175212834118,268.24516908175787,268.860107421875,993300
2022-11-29 00:00:00-05:00,269.1955216528749,270.8074811005459,267.6674174224626,270.77020263671875,972600
2022-11-30 00:00:00-05:00,269.48436465343286,277.795699074038,267.95626042934344,277.6279602050781,2217400
2022-12-01 00:00:00-05:00,279.5846595381138,280.572325534721,272.2889715163627,275.31719970703125,652400
2022-12-02 00:00:00-05:00,272.04671831867887,276.6682526975574,271.27336789812404,275.6153564453125,632900
2022-12-05 00:00:00-05:00,273.2393865097234,275.64332154197973,269.6427964691523,269.6986999511719,1049700
2022-12-06 00:00:00-05:00,270.2484177867689,270.70497233672614,266.2231967489736,269.2700500488281,908200
2022-12-07 00:00:00-05:00,270.6677224151663,277.2646178841713,266.7543363561407,276.5657958984375,937400
2022-12-08 00:00:00-05:00,277.2646159759967,285.38026061929304,275.7831167886537,282.0259094238281,1081100
2022-12-09 00:00:00-05:00,281.3084667927132,282.2029509803401,277.21801508535066,277.2925720214844,657700
2022-12-12 00:00:00-05:00,277.29255820156885,281.1779923584884,275.32652430976714,280.8518981933594,983900
2022-12-13 00:00:00-05:00,287.76485812340184,288.4683479293971,281.48972676391827,283.1968688964844,992100
2022-12-14 00:00:00-05:00,284.6132141832687,287.7085865620697,280.0170864239178,281.56475830078125,1254500
2022-12-15 00:00:00-05:00,278.3474137422143,282.99981742782336,275.73981316791344,280.2796630859375,1353900
2022-12-16 00:00:00-05:00,276.72472805310974,277.93473848315944,266.5288208103536,268.7049560546875,2001900
2022-12-19 00:00:00-05:00,267.9358179781624,268.69558469638184,265.1124982891902,266.7914733886719,730900
2022-12-20 00:00:00-05:00,264.9905085288253,268.5829833239139,262.6455428694787,264.7560119628906,594700
2022-12-21 00:00:00-05:00,266.60388337247684,270.14008177682075,265.2906795193366,266.07861328125,574900
2022-12-22 00:00:00-05:00,264.41835797948096,265.7784496968799,259.60648321215444,262.6268005371094,731700
2022-12-23 00:00:00-05:00,261.30421353310703,266.9509094369392,259.8222077589714,265.6470947265625,459800
2022-12-27 00:00:00-05:00,265.2437852815542,266.2943254387862,263.4428388512476,265.4876708984375,314100
2022-12-28 00:00:00-05:00,266.3599928182344,267.5512252128772,259.9160309835011,260.7508239746094,574200
2022-12-29 00:00:00-05:00,262.74874434502067,266.5288283712582,261.59503939940345,265.0561828613281,403500
2022-12-30 00:00:00-05:00,264.0150441042202,264.50278674742515,259.78471610472474,262.8144226074219,432900
2023-01-03 00:00:00-05:00,263.64916238407227,264.47459486354825,253.88475071796202,257.17706298828125,1046300
2023-01-04 00:00:00-05:00,259.2218663474191,263.6116637531055,258.76226224487465,260.86334228515625,694900
2023-01-05 00:00:00-05:00,258.47150963572255,259.65338156619964,253.37825075687653,254.44754028320312,880900
2023-01-06 00:00:00-05:00,254.7102074669424,259.8785219343959,254.23185384546153,259.5971374511719,857900
2023-01-09 00:00:00-05:00,259.2218789055022,266.89462855837166,258.31205967886024,263.7711181640625,947000
2023-01-10 00:00:00-05:00,264.7278837470474,265.8534501319756,261.5199580061011,263.74298095703125,769800
2023-01-11 00:00:00-05:00,266.73520484733893,276.1713463377568,266.73520484733893,275.45849609375,731600
2023-01-12 00:00:00-05:00,275.80552253998843,278.5632047806928,273.15100506080597,277.718994140625,707300
2023-01-13 00:00:00-05:00,274.051461093587,276.3870377458023,271.1155594885546,272.8320617675781,851100
2023-01-17 00:00:00-05:00,274.82995963746873,276.2369389530189,272.3536623020681,273.51678466796875,756400
2023-01-18 00:00:00-05:00,273.0947214017254,274.6611712088527,266.8852563146271,268.0577392578125,1045500
2023-01-19 00:00:00-05:00,267.56056917010227,271.3500415127188,265.4407111535532,269.7179260253906,854400
2023-01-20 00:00:00-05:00,269.2020675315671,271.95974953774976,266.3130823286982,271.1718444824219,2293900
2023-01-23 00:00:00-05:00,271.4532627405854,273.33862459451313,269.5866789350024,272.8133544921875,709500
2023-01-24 00:00:00-05:00,273.6199752445083,276.94984378073553,269.8961684927716,275.5897521972656,686000
2023-01-25 00:00:00-05:00,274.74560950841294,275.8524266292681,272.419392849687,274.1640625,521200
2023-01-26 00:00:00-05:00,275.35528054376243,279.79196644425025,273.6200000086836,278.9477844238281,593600
2023-01-27 00:00:00-05:00,277.7658781553494,282.0055657821805,277.7658781553494,280.758056640625,628500
2023-01-30 00:00:00-05:00,279.14472599740856,282.4652054834103,279.14472599740856,280.354736328125,1063600
2023-01-31 00:00:00-05:00,279.71690537066917,286.7799415409617,279.5199362494062,285.4667663574219,848700
2023-02-01 00:00:00-05:00,284.1535704127127,288.0931243005679,280.86122935822044,286.967529296875,680800
2023-02-02 00:00:00-05:00,289.2843558947227,296.29111464445316,289.2843558947227,292.14520263671875,557600
2023-02-03 00:00:00-05:00,288.4964552559153,289.67829853744945,284.37868162898064,289.34063720703125,709300
2023-02-06 00:00:00-05:00,281.79918684019947,292.38905903984806,280.96439400828837,288.6652526855469,2363600
2023-02-07 00:00:00-05:00,285.25101733842536,286.0483114670328,280.72055582833394,283.3000183105469,1470600
2023-02-08 00:00:00-05:00,282.69969270723743,284.857049655712,280.0545645834052,283.2718505859375,1182700
2023-02-09 00:00:00-05:00,284.9039911646465,285.44803932805326,279.6887888658424,280.01708984375,1270200
2023-02-10 00:00:00-05:00,277.58768592231286,282.418309955717,276.0493745504712,281.3114929199219,1832100
2023-02-13 00:00:00-05:00,281.3396324411712,285.0353010070841,281.217689633782,283.7408752441406,1053700
2023-02-14 00:00:00-05:00,283.27188415004974,284.8008065153745,279.416773903804,282.2213439941406,1029600
2023-02-15 00:00:00-05:00,280.7205891948262,282.7466434021355,278.3099571003582,282.24951171875,690800
2023-02-16 00:00:00-05:00,278.6288602104928,282.2213643013317,276.1807293451289,280.98321533203125,1154700
2023-02-17 00:00:00-05:00,280.354761888629,281.4240514730931,277.1749743313914,280.4673156738281,1971200
2023-02-21 00:00:00-05:00,278.44127502758755,280.523606028921,277.550176476876,280.3641357421875,1545200
2023-02-22 00:00:00-05:00,276.1619560020965,279.34171486935156,271.4532461668563,274.17340087890625,2077700
2023-02-23 00:00:00-05:00,275.43030117767853,277.24060780294406,272.89772680678976,276.0493469238281,883000
2023-02-24 00:00:00-05:00,274.7081253263824,277.1000082823608,272.8696796431201,275.05517578125,1015500
2023-02-27 00:00:00-05:00,277.39070518206876,279.6793940966982,274.876880085215,276.9123229980469,993400
2023-02-28 00:00:00-05:00,276.91231160170577,283.5157430487935,276.1900724688484,280.4110107421875,1456900
2023-03-01 00:00:00-05:00,277.5876563707433,278.6100579602264,274.5298119998568,277.362548828125,1586900
2023-03-02 00:00:00-05:00,275.9462198631174,282.6152893922105,273.8732779449771,282.5496520996094,1052200
2023-03-03 00:00:00-05:00,284.64134630985143,287.22080892236505,284.6319859108558,285.9170227050781,1032200
2023-03-06 00:00:00-05:00,286.9300000956061,287.38963284228845,284.63195086247373,286.76116943359375,530500
2023-03-07 00:00:00-05:00,287.1926335640828,287.82109696939125,282.48395272344465,283.60015869140625,579300
2023-03-08 00:00:00-05:00,283.13118149519084,286.19838651157806,281.2552088215438,282.2119445800781,675600
2023-03-09 00:00:00-05:00,283.5626242733108,284.9977421076401,276.71533601802855,277.362548828125,722100
2023-03-10 00:00:00-05:00,277.6439761068152,277.6627255299041,263.97750730478305,264.0056457519531,1306700
2023-03-13 00:00:00-04:00,261.9983305666913,277.64393460624274,261.9983305666913,271.6314392089844,1505300
2023-03-14 00:00:00-04:00,275.06251564121607,276.48422332051797,269.4420382243079,272.6266784667969,1125700
2023-03-15 00:00:00-04:00,271.9821328229992,274.34218709905235,269.3282902160613,273.4986267089844,1066600
2023-03-16 00:00:00-04:00,272.91099274533013,279.6593601805529,270.60783337918303,279.46978759765625,1032500
2023-03-17 00:00:00-04:00,280.37971380928985,283.545379396998,278.2660980069179,280.237548828125,2241900
2023-03-20 00:00:00-04:00,279.28973886032225,283.9718693985951,277.2329890862094,282.7966003417969,1304400
2023-03-21 00:00:00-04:00,282.81556787237577,283.4885013711359,273.6218471510819,277.6310729980469,1311000
2023-03-22 00:00:00-04:00,274.7307599895261,278.06705230260746,269.97278901539386,270.09600830078125,1101000
2023-03-23 00:00:00-04:00,270.25714162865006,273.5744592519465,267.0156356812975,267.50848388671875,839700
2023-03-24 00:00:00-04:00,267.27153390170656,271.93474742412496,266.9398252775674,271.64093017578125,555100
2023-03-27 00:00:00-04:00,273.01524298784756,274.1336749702084,270.9869551481111,271.40399169921875,566300
2023-03-28 00:00:00-04:00,269.413628598477,271.61254360847806,266.6270789913437,267.28106689453125,639000
2023-03-29 00:00:00-04:00,270.0012635875404,275.327924201173,268.48476947758934,275.0909729003906,751600
2023-03-30 00:00:00-04:00,278.28505495365454,279.86790227389787,276.9581335345773,279.2613220214844,698300
2023-03-31 00:00:00-04:00,280.6166288116422,286.5214353555504,280.17115931176596,286.36981201171875,1175300
2023-04-03 00:00:00-04:00,290.87192860047713,299.3737128012328,290.1895077537105,291.6396484375,3556000
2023-04-04 00:00:00-04:00,290.9761664711757,297.94253975958196,290.4169649316596,292.17041015625,1888500
2023-04-05 00:00:00-04:00,291.8102297305935,293.0707977474712,288.2749064047661,291.22259521484375,1515600
2023-04-06 00:00:00-04:00,292.3884205504707,294.5683898925781,290.3790781292848,294.5683898925781,990100
2023-04-10 00:00:00-04:00,293.26986755722317,295.26972243973523,292.0187578799281,295.203369140625,691300
2023-04-11 00:00:00-04:00,295.63937209189925,298.6628436742055,294.1986898642733,297.6581726074219,1114500
2023-04-12 00:00:00-04:00,298.91876093551343,299.9613522741957,296.6724675976839,296.8051452636719,881900
2023-04-13 00:00:00-04:00,296.4639752356262,296.4734336181353,286.89113762076266,288.61614990234375,1344900
2023-04-14 00:00:00-04:00,288.9099300809397,291.4784735590382,273.3090387910424,275.1951904296875,1778600
2023-04-17 00:00:00-04:00,274.5412222423432,279.1949486442193,273.4133318860476,279.1096496582031,880900
2023-04-18 00:00:00-04:00,277.9438296894733,280.24698900890724,274.5885917283171,275.4131774902344,1223300
2023-04-19 00:00:00-04:00,274.560160603401,276.7116965839008,272.53187283236707,274.03887939453125,1152900
2023-04-20 00:00:00-04:00,273.4417769857326,274.3611491086698,270.494116947844,272.6266784667969,1116300
2023-04-21 00:00:00-04:00,274.52231112798466,275.1762701031374,272.1812311345335,273.43231201171875,663200
2023-04-24 00:00:00-04:00,275.2994894870546,275.2994894870546,271.08177371423477,273.06268310546875,767800
2023-04-25 00:00:00-04:00,273.3754034858197,275.71648311507727,272.1337811849497,274.86346435546875,1055300
2023-04-26 00:00:00-04:00,274.86349085646305,276.9581321188966,272.2001607245554,273.56500244140625,1122600
2023-04-27 00:00:00-04:00,273.89671588356185,277.2519249607575,273.8777412705975,277.1666259765625,842200
2023-04-28 00:00:00-04:00,277.80169135771456,280.27544888069065,277.3751674763034,279.4413757324219,948800
2023-05-01 00:00:00-04:00,278.3893227601571,280.2944203192886,276.3894389034842,277.31829833984375,596200
2023-05-02 00:00:00-04:00,276.65486276114854,277.92491820791014,271.0059231669503,271.8399963378906,991400
2023-05-03 00:00:00-04:00,273.2142804607662,274.1431108554256,266.0014693196274,267.5748291015625,1206800
2023-05-04 00:00:00-04:00,268.69324650306226,276.71169811555455,267.67911707428925,275.1477966308594,1162900
2023-05-05 00:00:00-04:00,277.30878931768257,281.5075876797719,276.79699541552566,280.4649963378906,643400
2023-05-08 00:00:00-04:00,279.77314128180427,282.3796056683321,278.8632563585199,281.8204040527344,922300
2023-05-09 00:00:00-04:00,281.49812774067044,283.99085989710323,278.37038233566113,283.6686096191406,976700
2023-05-10 00:00:00-04:00,285.33670964750473,285.81061219063275,281.5170563068814,284.35101318359375,600200
2023-05-11 00:00:00-04:00,283.7728452603096,283.7728452603096,278.34194047056076,279.6025085449219,716900
2023-05-12 00:00:00-04:00,279.97217257857506,280.77778380316875,276.8823185840327,280.54083251953125,470600
2023-05-15 00:00:00-04:00,280.7777640393461,282.152092957592,277.06238437127587,278.64520263671875,439300
2023-05-16 00:00:00-04:00,278.51255490123344,278.51255490123344,273.54603614319797,273.7735290527344,484700
2023-05-17 00:00:00-04:00,274.4085141458219,274.5507080464529,271.0058974069031,272.03900146484375,495600
2023-05-18 00:00:00-04:00,271.83051638209355,271.92530268584903,268.6648505247487,269.9349060058594,485500
2023-05-19 00:00:00-04:00,272.10532778508724,273.05313276351234,268.4657601389005,270.0296325683594,463300
2023-05-22 00:00:00-04:00,270.5130529718467,271.1575534881701,267.7454493948174,269.6600341796875,496500
2023-05-23 00:00:00-04:00,269.53684051662685,275.1004522705078,268.2667850520462,272.4939880371094,1151000
2023-05-24 00:00:00-04:00,272.29494497893666,273.58394607699597,267.2999934121638,268.5985107421875,918500
2023-05-25 00:00:00-04:00,270.2286789125181,270.2286789125181,265.2621897984886,268.33306884765625,745500
2023-05-26 00:00:00-04:00,269.1861464963388,271.9063426144142,267.12939662002566,271.72625732421875,832800
2023-05-30 00:00:00-04:00,273.0816055002054,276.59795438301273,273.00579381777123,273.8208923339844,932500
2023-05-31 00:00:00-04:00,274.6265382939068,275.34687945353807,267.7170307500763,268.51318359375,3587900
2023-06-01 00:00:00-04:00,268.6932795706917,270.20028632666225,266.8829682170531,268.63641357421875,864100
2023-06-02 00:00:00-04:00,269.60320013759014,273.95362252538905,268.1151390348163,273.3375549316406,766800
2023-06-05 00:00:00-04:00,273.37538076819874,273.37538076819874,267.6316849594999,268.3709716796875,779400
2023-06-06 00:00:00-04:00,270.1149790900619,270.1149790900619,264.57980051274393,265.3949279785156,909000
2023-06-07 00:00:00-04:00,265.9635697939214,277.7542673110334,264.51342917753414,276.6358642578125,1275200
2023-06-08 00:00:00-04:00,275.83022345951093,278.3513884386226,272.456039694917,275.0719909667969,750700
2023-06-09 00:00:00-04:00,275.47008860378776,275.47008860378776,271.78311287482177,271.8778991699219,756100
2023-06-12 00:00:00-04:00,271.4987727221307,272.9394260095349,267.5179798750953,272.6740417480469,1050400
2023-06-13 00:00:00-04:00,270.10717565241055,275.2313441048988,269.04401037117776,272.9901123046875,956400
2023-06-14 00:00:00-04:00,272.9709752177326,274.75245597319474,269.32178662423604,272.12811279296875,691600
2023-06-15 00:00:00-04:00,272.78897217282054,276.6584633704107,270.70099082922917,275.4995422363281,659200
2023-06-16 00:00:00-04:00,276.1221061406928,281.54321712485006,274.66624231640645,274.9823303222656,1799800
2023-06-20 00:00:00-04:00,274.0724229206248,274.4938541202733,269.1781154026653,272.9901123046875,907400
2023-06-21 00:00:00-04:00,273.3636827293739,276.67763807164033,270.83509537260153,275.614501953125,765500
2023-06-22 00:00:00-04:00,275.99760101891076,276.3615669916302,269.43671391622985,271.34271240234375,755000
2023-06-23 00:00:00-04:00,271.54387758956193,275.4516598060073,269.54209391283047,271.61090087890625,2127300
2023-06-26 00:00:00-04:00,271.2086386552262,277.0799137566396,270.6531024096447,276.6488952636719,804200
2023-06-27 00:00:00-04:00,277.4821646957592,279.08169165260074,275.8539343514642,277.2810363769531,813700
2023-06-28 00:00:00-04:00,277.06074683201206,278.00898169678527,274.29274049869446,276.9170837402344,926800
2023-06-29 00:00:00-04:00,274.9823218931331,276.5243542887261,272.492054738547,276.409423828125,691200
2023-06-30 00:00:00-04:00,278.1717964558137,280.2119000940528,274.62798011671487,279.56060791015625,1404000
2023-07-03 00:00:00-04:00,278.6506673256093,282.2902976997228,277.3480830774865,280.62371826171875,363900
2023-07-05 00:00:00-04:00,280.0203142123012,281.37080568954485,274.61837753284584,279.5893249511719,807800
2023-07-06 00:00:00-04:00,276.7255423878851,279.0337975954374,273.81384373649445,278.66986083984375,816200
2023-07-07 00:00:00-04:00,275.3079811485809,277.2810320955974,274.25440315999964,274.9727478027344,740300
2023-07-10 00:00:00-04:00,273.9670841039128,278.68899599626724,272.49207488162386,278.63153076171875,785500
2023-07-11 00:00:00-04:00,278.8805345468916,281.8975759356301,276.91704182473285,281.45697021484375,523900
2023-07-12 00:00:00-04:00,283.5066605016242,287.02177283572246,282.2998322555033,283.77484130859375,689000
2023-07-13 00:00:00-04:00,283.1235477231641,286.2746941103249,281.3420379774976,286.2076416015625,445800
2023-07-14 00:00:00-04:00,286.38966091544347,289.72276146020073,284.8763317832327,288.9086608886719,552200
2023-07-17 00:00:00-04:00,288.7936746852686,289.9430377376798,287.3378401511289,287.8837890625,510500
2023-07-18 00:00:00-04:00,288.3052545888393,288.6021680540157,280.54712613436186,281.94549560546875,720700
2023-07-19 00:00:00-04:00,281.77306637058814,288.63086633100323,280.5183601400579,280.594970703125,697500
2023-07-20 00:00:00-04:00,279.98204916826234,280.4800909921029,275.2984274953406,276.8309020996094,776200
2023-07-21 00:00:00-04:00,277.5204907018833,279.7808678988286,276.13167931545007,279.41693115234375,819600
2023-07-24 00:00:00-04:00,281.0164138604526,283.2193549336937,279.66592244634614,283.17144775390625,1067800
2023-07-25 00:00:00-04:00,283.54499283768007,284.6273033942108,280.04905491252225,281.3229064941406,719500
2023-07-26 00:00:00-04:00,281.1504999470895,286.30342976411316,281.1504999470895,283.0948181152344,539800
2023-07-27 00:00:00-04:00,283.5353857165265,284.95292950466836,275.83472384661866,276.1603698730469,631300
2023-07-28 00:00:00-04:00,277.3959713714278,277.8557224800056,269.5708198499185,269.6474304199219,785000
2023-07-31 00:00:00-04:00,270.3179054195466,272.4058869629966,268.21074931086855,269.858154296875,1185400
2023-08-01 00:00:00-04:00,270.59563531878376,272.00359202876473,266.7165858267541,267.5594482421875,579200
2023-08-02 00:00:00-04:00,266.1418680990067,268.18197134344894,264.7626441937363,267.0038757324219,1031800
2023-08-03 00:00:00-04:00,274.1011493094969,276.0167349990949,268.1532639275601,274.8674011230469,1606600
2023-08-04 00:00:00-04:00,271.17990601071176,272.4058797424864,261.5540699147174,264.0539245605469,2402700
2023-08-07 00:00:00-04:00,264.56155009392165,271.6683861140642,264.56155009392165,271.0649719238281,1018100
2023-08-08 00:00:00-04:00,269.57081667783626,271.65879813270925,267.0230841197954,269.93475341796875,1033600
2023-08-09 00:00:00-04:00,267.32001820726657,275.88268951915234,267.0805699697519,274.2448425292969,828800
2023-08-10 00:00:00-04:00,274.5608899879447,276.59140606521083,271.64919166588453,272.6836242675781,750500
2023-08-11 00:00:00-04:00,271.4768068932363,275.652769676006,271.0266430859636,274.8099365234375,822400
2023-08-14 00:00:00-04:00,274.101133961442,276.17955717926424,270.1837649531058,271.5055236816406,777200
2023-08-15 00:00:00-04:00,269.61870414698194,270.0976006019499,266.81237793595426,267.8851013183594,687200
2023-08-16 00:00:00-04:00,268.50761737253845,270.0305043451255,266.89853255956143,267.0038757324219,516100
2023-08-17 00:00:00-04:00,266.793171128628,268.50762841448505,260.83569877961213,260.88360595703125,831500
2023-08-18 00:00:00-04:00,259.5810235638912,263.98687678931697,259.0829817740507,261.8988952636719,695000
2023-08-21 00:00:00-04:00,261.2092594016115,262.502285556307,258.1155780660975,261.7168884277344,619100
2023-08-22 00:00:00-04:00,262.89499596628895,262.89499596628895,260.24189102477544,262.1479187011719,515100
2023-08-23 00:00:00-04:00,264.35085139066643,266.14191951140884,262.68430102882417,263.6899719238281,702200
2023-08-24 00:00:00-04:00,265.3660819308224,267.4827959231073,261.4391254406409,262.2149353027344,897600
2023-08-25 00:00:00-04:00,263.5366971432728,265.50019002580586,262.23411289590103,264.6381530761719,615200
2023-08-28 00:00:00-04:00,264.6764546703997,267.9137989600681,264.6764546703997,265.5767822265625,371400
2023-08-29 00:00:00-04:00,264.82970555290177,267.54024627858627,264.39868710703087,267.1571350097656,518800
2023-08-30 00:00:00-04:00,267.56900666183475,269.3313712944406,267.1188720656539,269.1398010253906,595700
2023-08-31 00:00:00-04:00,268.96741615688705,268.96741615688705,264.26464938858595,264.7148132324219,899100
2023-09-01 00:00:00-04:00,266.2472819854593,266.9560393809967,263.16318766529525,264.1592712402344,482500
2023-09-05 00:00:00-04:00,263.56541942190006,264.12095562229763,259.64805032195875,259.74383544921875,687700
2023-09-06 00:00:00-04:00,259.6576597979545,260.73038316411703,254.7824974677398,257.3876953125,794800
2023-09-07 00:00:00-04:00,257.2248343165172,262.0329436926381,257.2248343165172,261.6115417480469,834100
2023-09-08 00:00:00-04:00,262.27242757169,264.2742405357685,261.4870595763066,262.109619140625,946200
2023-09-11 00:00:00-04:00,262.25326108630026,265.40440778510884,260.5483909618982,264.9159240722656,651000
2023-09-12 00:00:00-04:00,263.96699027854737,265.12895655861246,262.2143779986364,263.8507995605469,513000
2023-09-13 00:00:00-04:00,263.66680737284076,264.2187428046931,261.76895679404674,263.36663818359375,665600
2023-09-14 00:00:00-04:00,265.05147673524476,268.15969629951627,264.39301348905315,267.3366394042969,735900
2023-09-15 00:00:00-04:00,266.5620446051921,268.8084674386377,264.8578352728961,265.41943359375,1190100
2023-09-18 00:00:00-04:00,265.41941768109575,265.41941768109575,260.50049042600426,261.32354736328125,597800
2023-09-19 00:00:00-04:00,261.9045320029114,264.56734416556105,261.4784796928852,261.7980041503906,723000
2023-09-20 00:00:00-04:00,264.0541658207995,264.5867164676023,261.5946872455002,262.1853332519531,528500
2023-09-21 00:00:00-04:00,260.23906755932234,261.6721257644079,254.41960305345106,254.80691528320312,719300
2023-09-22 00:00:00-04:00,254.6616861059477,258.9415647071559,254.6616861059477,255.61062622070312,726400
2023-09-25 00:00:00-04:00,254.46800839080987,256.10442991065804,252.61859026012226,255.36854553222656,568600
2023-09-26 00:00:00-04:00,253.7708616158656,256.3174834082978,252.95749697399168,255.55255126953125,814400
2023-09-27 00:00:00-04:00,259.63873538030145,263.15362276064286,256.3755551527738,256.57891845703125,1324700
2023-09-28 00:00:00-04:00,257.3342109660231,260.14226189067585,255.46537826975975,255.901123046875,806300
2023-09-29 00:00:00-04:00,258.48646731063445,260.2390796101946,253.7902287385961,255.16519165039062,619000
2023-10-02 00:00:00-04:00,256.3368617848141,256.73386646015797,250.62389506404188,252.4733428955078,607900
2023-10-03 00:00:00-04:00,251.02088039434514,251.73743905683165,246.84752974471138,247.60281372070312,739300
2023-10-04 00:00:00-04:00,249.39414818703406,251.2339034435408,246.7894313293903,250.83689880371094,802700
2023-10-05 00:00:00-04:00,250.5173714457528,251.95045918638507,249.06492843633865,250.67230224609375,729900
2023-10-06 00:00:00-04:00,249.12303832575904,256.38525379648433,248.26127078924878,255.60093688964844,735800
2023-10-09 00:00:00-04:00,254.35182050731356,261.9819927451502,254.061343716545,261.8561096191406,617600
2023-10-10 00:00:00-04:00,261.43972629163244,264.9159028100254,260.02602345310004,262.8824768066406,729400
2023-10-11 00:00:00-04:00,264.8287867364837,267.23983277946445,263.4053913442352,267.0364990234375,653400
2023-10-12 00:00:00-04:00,265.8745113487151,267.1042652957878,263.3763224684893,264.3058776855469,537400
2023-10-13 00:00:00-04:00,265.4291446152366,266.4555354305126,261.3913691277909,263.4925537109375,601100
2023-10-16 00:00:00-04:00,265.1677283954056,267.3560561298181,262.3499849464164,266.9881286621094,712700
2023-10-17 00:00:00-04:00,264.935273859035,266.9686999835446,262.82439710931885,264.3639831542969,733800
2023-10-18 00:00:00-04:00,262.90186039178326,263.9379138812466,257.82797304092935,258.17657470703125,530400
2023-10-19 00:00:00-04:00,256.4723729177574,257.96355596268853,250.20750110726658,250.30433654785156,739800
2023-10-20 00:00:00-04:00,251.52441853224028,252.1634970320101,242.86785543085912,243.2261199951172,1000200
2023-10-23 00:00:00-04:00,242.08351410020933,244.38806175136793,239.9145419814854,240.0694580078125,866700
2023-10-24 00:00:00-04:00,240.08883177089538,240.89251869341314,233.76586424646334,234.9568634033203,1304600
2023-10-25 00:00:00-04:00,233.30109430828654,234.4436757797982,228.64359583286003,230.4446258544922,1083500
2023-10-26 00:00:00-04:00,231.14179121698834,233.83365112798884,230.49302032565492,231.20956420898438,1310300
2023-10-27 00:00:00-04:00,231.18051165454978,233.2526630842434,227.48161637607012,231.0062255859375,964500
2023-10-30 00:00:00-04:00,230.54144001960773,232.66200923399728,226.45523239530792,231.24830627441406,1355600
2023-10-31 00:00:00-04:00,236.86441447440495,238.92688839095175,225.78711280668423,231.1417999267578,1485200
2023-11-01 00:00:00-04:00,233.40760480595912,235.54752932635276,227.15241013670038,234.89877319335938,1244000
2023-11-02 00:00:00-04:00,237.02902139192025,243.43914690382357,237.02902139192025,240.38900756835938,993900
2023-11-03 00:00:00-04:00,244.4945848348263,251.0305786868464,244.4945848348263,245.23048400878906,1182800
2023-11-06 00:00:00-05:00,244.57203691249555,245.76303603474238,239.58530708395705,240.25343322753906,827700
2023-11-07 00:00:00-05:00,240.63106949342736,241.16363488514037,238.43304971083398,240.1178741455078,1183700
2023-11-08 00:00:00-05:00,242.67417085306383,246.52799690410035,241.5025417778854,242.74195861816406,1851400
2023-11-09 00:00:00-05:00,242.99371914322688,244.77537907066724,238.6363899962174,238.79132080078125,1205400
2023-11-10 00:00:00-05:00,240.56331287419007,240.6795035948296,236.65139116248562,237.01934814453125,1430500
2023-11-13 00:00:00-05:00,235.48943337047893,239.58531868930038,233.94016962808342,238.52020263671875,1143100
2023-11-14 00:00:00-05:00,244.68824600505175,253.1995561180493,242.57736911315362,251.75680541992188,1627800
2023-11-15 00:00:00-05:00,251.28234845350278,254.09039920063023,250.9143914738735,252.32809448242188,1004000
2023-11-16 00:00:00-05:00,253.48038394438717,254.42932413172977,251.15648075399125,251.28236389160156,1071600
2023-11-17 00:00:00-05:00,253.4803716570476,253.4803716570476,249.46195160906595,249.5297393798828,868000
2023-11-20 00:00:00-05:00,249.21987026405787,251.53408086210774,247.86424786361306,249.8976593017578,876700
2023-11-21 00:00:00-05:00,248.4065107038704,250.1203829274048,247.17677140632225,249.0552520751953,535300
2023-11-22 00:00:00-05:00,251.35978923710206,251.47597995242714,245.65653015133356,246.64419555664062,587900
2023-11-24 00:00:00-05:00,244.9012626381267,247.15739261798413,243.51660735425244,246.94436645507812,297800
2023-11-27 00:00:00-05:00,247.01216462971868,250.03324157637272,244.94001304643396,248.4839630126953,817100
2023-11-28 00:00:00-05:00,247.66090754279477,249.1036729434149,245.9276505801352,248.52268981933594,985000
2023-11-29 00:00:00-05:00,250.54643039879815,251.38884265416323,248.42586114562332,249.72337341308594,1091300
2023-11-30 00:00:00-05:00,247.67059095758808,251.9020370375042,247.67059095758808,250.55612182617188,1748500
2023-12-01 00:00:00-05:00,250.23655606767764,258.16689721695184,249.61686241994715,257.5665588378906,1301800
2023-12-04 00:00:00-05:00,257.20830489882616,260.96529567758864,256.35620024178354,260.7619323730469,1207400
2023-12-05 00:00:00-05:00,260.0453946261967,261.3913393352938,259.0674068749831,260.30682373046875,883500
2023-12-06 00:00:00-05:00,260.49081144324373,261.34291610222573,258.22500380914863,261.11053466796875,1385200
2023-12-07 00:00:00-05:00,261.43976390531134,265.855188665043,260.51987143452095,264.4317932128906,995100
2023-12-08 00:00:00-05:00,264.0541735501377,266.6976011416867,262.88251481282646,265.12896728515625,749000
2023-12-11 00:00:00-05:00,264.34463390314255,268.3243136581098,263.9282739893681,268.0531921386719,817100
2023-12-12 00:00:00-05:00,266.8785330500358,268.2979255574636,265.3808115136165,267.24072265625,929600
2023-12-13 00:00:00-05:00,267.9357281215811,278.4100098471397,266.8589280577003,276.5892333984375,1515800
2023-12-14 00:00:00-05:00,281.3956386315753,285.96713188273515,281.1215468008566,284.9588623046875,1716800
2023-12-15 00:00:00-05:00,284.4987781595865,285.27212042291035,280.63209671673627,283.9407958984375,2184800
2023-12-18 00:00:00-05:00,283.98973648614896,284.79244468538377,281.42501358623423,282.9031677246094,679400
2023-12-19 00:00:00-05:00,284.3910879569689,289.8631559740628,282.6095059534234,288.6395263671875,770400
2023-12-20 00:00:00-05:00,289.0311210352746,292.1831921989027,286.69152681228127,286.8089904785156,762200
2023-12-21 00:00:00-05:00,289.638031738468,291.0867900962688,287.2593029155084,290.8714599609375,580500
2023-12-22 00:00:00-05:00,291.2923843941448,294.5912851197566,289.68696796901366,291.644775390625,415500
2023-12-26 00:00:00-05:00,292.457269427273,296.65674465410876,292.29084265924547,295.5114440917969,380500
2023-12-27 00:00:00-05:00,295.756180985629,299.08444760578374,295.19819870442467,298.8397216796875,526300
2023-12-28 00:00:00-05:00,299.55433294580854,301.84496403539066,298.84952108180096,301.3065490722656,532500
2023-12-29 00:00:00-05:00,300.425554458055,301.5121531533169,298.213252300476,298.5656433105469,558200
2024-01-02 00:00:00-05:00,298.5362608747623,305.66267857501117,297.5769244996975,305.25152587890625,823000
2024-01-03 00:00:00-05:00,302.59870191386045,302.59870191386045,296.4707552945287,296.61761474609375,675500
2024-01-04 00:00:00-05:00,295.7953286137536,297.45944689195403,293.24037455679127,293.8472900390625,745100
2024-01-05 00:00:00-05:00,292.672644274206,295.57019091395904,289.77506776068225,292.3104248046875,615300
2024-01-08 00:00:00-05:00,291.5860408895925,293.9354037992731,290.58756986826506,293.78857421875,857900
2024-01-09 00:00:00-05:00,290.9497614834298,291.4587806573766,289.27584450627376,290.6365051269531,623200
2024-01-10 00:00:00-05:00,290.6365250505367,290.6365250505367,287.5138196159374,288.9919738769531,1104600
2024-01-11 00:00:00-05:00,287.49423576596763,288.77659724859365,282.87380901503934,284.2247009277344,1108500
2024-01-12 00:00:00-05:00,286.5545025856258,289.5499456403423,283.92124913493234,288.80596923828125,791400
2024-01-16 00:00:00-05:00,286.818782929822,288.71785848997564,284.5966822944451,288.6297607421875,692500
2024-01-17 00:00:00-05:00,284.7141473593257,289.67719629220665,284.47919015696425,288.2871398925781,951500
2024-01-18 00:00:00-05:00,288.07177278387667,288.8157491377737,281.44460564718497,284.83160400390625,939200
2024-01-19 00:00:00-05:00,285.10571802081097,287.28868414424915,283.12834319458926,285.7615966796875,651000
2024-01-22 00:00:00-05:00,286.5055402994455,289.33458645580896,286.05525294237196,287.455078125,627700
2024-01-23 00:00:00-05:00,288.45356983557775,289.9121268062246,283.4219904186495,285.69305419921875,594700
2024-01-24 00:00:00-05:00,288.0815928655608,288.9626002655417,282.18857317311836,282.6192932128906,558900
2024-01-25 00:00:00-05:00,285.4777086071607,287.7194065845613,283.37307149571404,285.5266418457031,634800
2024-01-26 00:00:00-05:00,286.7698595395378,287.0635187089132,282.6290860087187,283.7646179199219,562300
2024-01-29 00:00:00-05:00,283.8820695300813,283.8820695300813,281.08241932171137,283.6960754394531,629600
2024-01-30 00:00:00-05:00,280.69083470001124,283.5590452177078,278.6547281678989,278.75262451171875,666300
2024-01-31 00:00:00-05:00,280.26010479081555,282.3745402728355,275.46348285069826,277.2157287597656,759200
2024-02-01 00:00:00-05:00,276.647962793393,280.416748046875,275.24813765957043,280.416748046875,723600
2024-02-02 00:00:00-05:00,276.5109451100899,277.0884947411892,271.15634037063586,274.6412353515625,730600
2024-02-05 00:00:00-05:00,271.21506607372817,271.68495062047,267.47564664122416,268.3762512207031,782600
2024-02-06 00:00:00-05:00,268.3664481640549,273.7895831233815,268.1510881512652,272.7715148925781,649700
2024-02-07 00:00:00-05:00,272.751968217745,277.82268268823805,272.45827915601797,275.27752685546875,686700
2024-02-08 00:00:00-05:00,275.21875969040997,279.3497343554194,275.1404605415971,278.8896484375,495600
2024-02-09 00:00:00-05:00,278.6253626326944,280.29927958135244,274.670583352374,278.0771789550781,557000
2024-02-12 00:00:00-05:00,278.56665511189493,279.6923884811806,275.0425955384059,275.40478515625,515300
2024-02-13 00:00:00-05:00,270.08934456670147,272.10588395644737,266.2911931339691,270.803955078125,643300
2024-02-14 00:00:00-05:00,271.8317774916369,275.97255099847337,269.80543961336986,274.56292724609375,707300
2024-02-15 00:00:00-05:00,278.05760941718705,280.6810942767297,276.8339796804915,280.22100830078125,619800
2024-02-16 00:00:00-05:00,276.8535558887244,279.36934560636746,275.4439321490052,275.5809631347656,852700
2024-02-20 00:00:00-05:00,275.07195422492094,279.47702110752647,273.3882385770631,278.1261291503906,1201400
2024-02-21 00:00:00-05:00,286.83835938977234,289.80443648823945,278.7820008341246,282.53118896484375,1357800
2024-02-22 00:00:00-05:00,282.6388891729348,285.4581068658089,279.2127260639253,279.3693542480469,706400
2024-02-23 00:00:00-05:00,278.98754628190386,281.07261588128745,277.73455077776396,278.7721862792969,498600
2024-02-26 00:00:00-05:00,278.00863280984726,279.2224637596929,272.67359604057356,272.74212646484375,707300
2024-02-27 00:00:00-05:00,274.99364201956007,276.19767445778825,273.64275012653013,273.681884765625,627900
2024-02-28 00:00:00-05:00,270.62773486002004,275.7572110611036,266.7806501145372,274.376953125,1137100
2024-02-29 00:00:00-05:00,275.9529367618109,279.6629900110763,274.09302577594224,277.8813781738281,1184800
2024-03-01 00:00:00-05:00,276.1781101697482,278.8602967919318,273.6623204499701,277.2646789550781,904500
2024-03-04 00:00:00-05:00,276.2466393384043,279.3595459713099,272.18416503661,279.06585693359375,795500
2024-03-05 00:00:00-05:00,278.31209844246155,280.26010717505903,271.9296573049745,273.6133728027344,646200
2024-03-06 00:00:00-05:00,276.24663279983326,277.91075114575403,273.7993735789764,277.7443542480469,759200
2024-03-07 00:00:00-05:00,278.3806205142138,280.6027210112119,275.688635517837,280.04473876953125,746100
2024-03-08 00:00:00-05:00,281.24881824673963,287.9934790453273,281.16072049903386,286.946044921875,1151600
2024-03-11 00:00:00-04:00,287.3082538604716,288.97240220372083,285.4483426892809,285.5266418457031,689700
2024-03-12 00:00:00-04:00,284.3298651785403,288.13781630979145,282.85615063212424,287.3861083984375,549900
2024-03-13 00:00:00-04:00,288.06857160199166,289.5818576548838,284.666145543268,285.6947937011719,836500
2024-03-14 00:00:00-04:00,286.97069029876667,286.97069029876667,275.26989758104304,277.574462890625,833900
2024-03-15 00:00:00-04:00,274.1819200667432,277.7030304023579,271.94662744151003,274.0137939453125,1651900
2024-03-18 00:00:00-04:00,274.6467957815101,275.91281268085726,273.02472577807646,274.5478820800781,676300
2024-03-19 00:00:00-04:00,274.28082275390625,277.5447633795668,273.50934423233804,274.28082275390625,859500
2024-03-20 00:00:00-04:00,274.0137970775059,279.7801005293712,272.253241889574,278.94927978515625,500100
2024-03-21 00:00:00-04:00,280.4922413873063,281.93628483358236,276.9909016217376,278.7811279296875,629800
2024-03-22 00:00:00-04:00,279.4635852461122,279.8691102800084,274.18191974881444,276.3183288574219,550200
2024-03-25 00:00:00-04:00,275.88313290702877,277.45576110236897,272.74777694144717,272.7675476074219,378900
2024-03-26 00:00:00-04:00,273.1730608271475,274.31049284806875,271.97628662664573,272.28289794921875,497000
2024-03-27 00:00:00-04:00,274.3698407958473,285.11122828905826,274.2511564341912,284.9529724121094,687000
2024-03-28 00:00:00-04:00,287.52459459014517,288.14768752568034,284.75516185612923,286.8915710449219,841300
2024-04-01 00:00:00-04:00,291.63911897213205,291.63911897213205,283.182525907492,283.3704528808594,473300
2024-04-02 00:00:00-04:00,280.51201421002764,282.3517124747714,278.6229043706989,280.2845458984375,590800
2024-04-03 00:00:00-04:00,280.4526632494224,281.02634459161885,274.9336289963491,277.2579650878906,642800
2024-04-04 00:00:00-04:00,279.4141308210559,283.4100086125213,276.4271304481558,277.574462890625,499700
2024-04-05 00:00:00-04:00,277.5744877321684,280.2054050797873,276.199656689405,279.4833984375,437100
2024-04-08 00:00:00-04:00,280.5120035742617,284.7057089364071,279.71085393289866,284.47821044921875,468800
2024-04-09 00:00:00-04:00,286.4267047333989,290.729194217001,286.3179207898395,290.1357421875,607400
2024-04-10 00:00:00-04:00,282.21321904316875,282.3813753498292,270.4926852294422,272.8367919921875,834200
2024-04-11 00:00:00-04:00,273.84564472096713,274.52811001788734,268.8606899995314,272.1741027832031,498500
2024-04-12 00:00:00-04:00,271.3235076844723,272.6290960769111,268.63321805045746,269.1673278808594,516300
2024-04-15 00:00:00-04:00,269.9388177168557,272.5499644265642,261.37341014335635,262.8570251464844,809500
2024-04-16 00:00:00-04:00,261.99653032999737,262.61962326956063,257.82262562739857,259.3556823730469,775600
2024-04-17 00:00:00-04:00,260.14690847500134,262.5701581442577,258.7226358000115,258.95013427734375,420800
2024-04-18 00:00:00-04:00,259.56336780788905,260.07770696356584,256.0719285780598,257.4368591308594,749000
2024-04-19 00:00:00-04:00,258.3171455570234,258.60395603466816,256.25984935250744,257.5357666015625,737600
2024-04-22 00:00:00-04:00,258.27758665578193,258.8413675822266,255.55762590817596,258.5841979980469,769900
2024-04-23 00:00:00-04:00,258.95015732130867,261.0964669494404,258.2577915872728,259.3556823730469,512900
2024-04-24 00:00:00-04:00,257.4566451685395,260.38433384485006,254.24214599052476,259.3062438964844,699000
2024-04-25 00:00:00-04:00,256.4280056645789,258.0995475117378,254.90481926866028,255.8543243408203,598400
2024-04-26 00:00:00-04:00,256.4181195166967,259.2369939841011,254.28171034721834,254.91473388671875,577700
2024-04-29 00:00:00-04:00,256.91263563916533,260.98762622387034,256.65546607543615,260.0578918457031,846300
2024-04-30 00:00:00-04:00,257.61488312133207,259.4743519612395,255.88399906906838,256.6159362792969,934600
2024-05-01 00:00:00-04:00,253.51023779960656,263.86587169803005,253.51023779960656,257.30828857421875,1219900
2024-05-02 00:00:00-04:00,259.5633820721244,262.5701835867018,256.7741786313169,261.0469970703125,927500
2024-05-03 00:00:00-04:00,265.0033046145105,266.843002914186,261.7393636813187,262.8570251464844,662200
2024-05-06 00:00:00-04:00,264.74615661493056,266.526482487223,262.06573719695024,266.2495422363281,592400
2024-05-07 00:00:00-04:00,268.80132633637135,270.9872072706074,267.50563845513994,270.2157287597656,520300
2024-05-08 00:00:00-04:00,268.67279656702385,268.67279656702385,265.18132700432926,266.0813903808594,466500
2024-05-09 00:00:00-04:00,267.3869806930179,272.7181183798569,266.97158539890466,272.3818359375,443600
2024-05-10 00:00:00-04:00,272.75765545691183,273.7467321016637,271.1355854553151,272.9258117675781,383300
2024-05-13 00:00:00-04:00,273.81598077779137,275.06222703674274,272.1543392220059,273.8852233886719,318200
2024-05-14 00:00:00-04:00,276.6447303120076,279.8295580933035,275.3589126529947,276.7732849121094,622200
2024-05-15 00:00:00-04:00,281.0560077750099,284.56721760004996,280.5218979641844,283.518798828125,773100
2024-05-16 00:00:00-04:00,286.6047263780874,286.83222487102967,282.88581874641085,283.884765625,721200
2024-05-17 00:00:00-04:00,285.4573817851665,287.6630334598095,283.86498295457966,285.5167541503906,764100
2024-05-20 00:00:00-04:00,284.3100949739078,286.12009196144345,282.35171234156724,282.7770080566406,538000
2024-05-21 00:00:00-04:00,282.43081670774154,282.79680041181166,277.9305301613799,279.9383544921875,434800
2024-05-22 00:00:00-04:00,278.6624324977263,282.5989682443743,278.1283528646939,279.9185791015625,347700
2024-05-23 00:00:00-04:00,279.424035416696,279.424035416696,271.24435274876544,271.363037109375,756300
2024-05-24 00:00:00-04:00,272.421352337963,272.421352337963,268.9002421647018,269.4145812988281,665200
2024-05-28 00:00:00-04:00,271.39273156613075,272.65874835453235,267.43642532934797,267.5353088378906,589400
2024-05-29 00:00:00-04:00,264.34062277771596,265.0527591397863,260.4634292099501,260.91839599609375,865700
2024-05-30 00:00:00-04:00,263.17349685946095,265.33957709743896,261.63053972887707,265.3099060058594,782200
2024-05-31 00:00:00-04:00,267.5353243922504,271.1751492817161,264.6076660584006,270.8388366699219,1232100
2024-06-03 00:00:00-04:00,271.2542760086182,271.62022954604544,268.67280039537775,271.39276123046875,472100
2024-06-04 00:00:00-04:00,271.3333690843832,278.73167288291444,271.00698708901996,275.9226989746094,608800
2024-06-05 00:00:00-04:00,276.43700726170937,276.62493422907846,273.0247111270952,274.1127014160156,561800
2024-06-06 00:00:00-04:00,272.68843059041143,274.33027118367386,270.6113636943536,273.1236267089844,617400
2024-06-07 00:00:00-04:00,268.8310253121814,272.2631225450433,266.60560281726526,270.8289794921875,890200
2024-06-10 00:00:00-04:00,270.0673583894771,272.44116641933704,267.2979559336044,271.0267639160156,1006500
2024-06-11 00:00:00-04:00,268.9299242118697,272.8466591357375,268.0397612997483,271.6400146484375,782800
2024-06-12 00:00:00-04:00,278.0,281.9200134277344,275.6400146484375,275.739990234375,723400
2024-06-13 00:00:00-04:00,276.9200134277344,282.6400146484375,276.1300048828125,282.6000061035156,747600
2024-06-14 00:00:00-04:00,281.30999755859375,284.1700134277344,281.30999755859375,283.25,617200
2024-06-17 00:00:00-04:00,280.5299987792969,284.1400146484375,278.3599853515625,283.79998779296875,753600
2024-06-18 00:00:00-04:00,284.42999267578125,291.7799987792969,283.1400146484375,291.45001220703125,899100
2024-06-20 00:00:00-04:00,289.75,292.760009765625,287.5899963378906,291.9700012207031,799100
2024-06-21 00:00:00-04:00,292.5899963378906,293.5,290.0299987792969,291.04998779296875,1488600
2024-06-24 00:00:00-04:00,290.2099914550781,296.5,288.95001220703125,292.30999755859375,625300
2024-06-25 00:00:00-04:00,291.989990234375,291.989990234375,285.4700012207031,289.57000732421875,714300
2024-06-26 00:00:00-04:00,287.9800109863281,289.8699951171875,286.4100036621094,288.1199951171875,383200
2024-06-27 00:00:00-04:00,290.20001220703125,290.20001220703125,283.3299865722656,286.54998779296875,905600
2024-06-28 00:00:00-04:00,287.5299987792969,288.8599853515625,284.239990234375,287.6499938964844,1790200
2024-07-01 00:00:00-04:00,284.75,287.4100036621094,280.510009765625,283.1300048828125,618000
2024-07-02 00:00:00-04:00,283.9599914550781,285.8699951171875,282.1700134277344,285.3900146484375,626400
2024-07-03 00:00:00-04:00,285.5199890136719,289.3500061035156,284.8999938964844,287.3399963378906,360200
2024-07-05 00:00:00-04:00,288.3699951171875,290.2300109863281,285.9599914550781,289.6700134277344,514900
2024-07-08 00:00:00-04:00,289.94000244140625,291.6099853515625,288.44000244140625,290.44000244140625,466600
2024-07-09 00:00:00-04:00,290.4200134277344,291.0899963378906,284.4100036621094,288.989990234375,420000
2024-07-10 00:00:00-04:00,289.9599914550781,290.5,285.739990234375,287.3999938964844,569600
2024-07-11 00:00:00-04:00,291.4800109863281,298.1000061035156,289.9200134277344,296.6300048828125,676500
2024-07-12 00:00:00-04:00,300.0,305.6000061035156,297.2699890136719,302.6300048828125,679300
2024-07-15 00:00:00-04:00,303.9200134277344,304.7799987792969,298.8900146484375,302.0400085449219,478400
2024-07-16 00:00:00-04:00,303.5199890136719,306.6300048828125,301.8599853515625,305.6499938964844,701000
2024-07-17 00:00:00-04:00,305.6499938964844,310.5400085449219,304.80999755859375,309.9800109863281,703300
2024-07-18 00:00:00-04:00,308.7099914550781,314.92999267578125,303.05999755859375,303.6199951171875,815500
2024-07-19 00:00:00-04:00,304.8500061035156,305.8299865722656,301.0199890136719,301.6499938964844,494400
2024-07-22 00:00:00-04:00,302.4599914550781,305.6700134277344,297.4700012207031,304.4200134277344,557600
2024-07-23 00:00:00-04:00,303.9700012207031,305.260009765625,301.30999755859375,301.9700012207031,969400
2024-07-24 00:00:00-04:00,302.3399963378906,303.29998779296875,295.4599914550781,295.54998779296875,704400
2024-07-25 00:00:00-04:00,297.5,301.2099914550781,293.44000244140625,294.9200134277344,544900
2024-07-26 00:00:00-04:00,296.25,301.94000244140625,295.44000244140625,300.739990234375,368100
2024-07-29 00:00:00-04:00,300.510009765625,303.44000244140625,297.0299987792969,302.79998779296875,457200
2024-07-30 00:00:00-04:00,303.8900146484375,305.8399963378906,300.8699951171875,304.3699951171875,536400
