Date,Open,High,Low,Close,Volume
2014-01-02 00:00:00-05:00,87.04903254250262,87.55171368611563,86.26645508401134,86.87767028808594,1465346
2014-01-03 00:00:00-05:00,86.90622179065898,88.28288279327481,86.57491218295726,87.94013977050781,1215541
2014-01-06 00:00:00-05:00,87.98583419428108,88.77411895429367,87.84873514993517,88.5342025756836,1563567
2014-01-07 00:00:00-05:00,88.5342255989609,89.11116839901659,87.79734468179139,88.47139739990234,1765324
2014-01-08 00:00:00-05:00,88.41995776593889,88.70557072680768,87.47172570075907,88.16861724853516,1784139
2014-01-09 00:00:00-05:00,88.1286526418808,88.44282139410501,87.28894520277122,88.08294677734375,1376054
2014-01-10 00:00:00-05:00,88.65988490068499,89.19112173688657,88.41425179470374,88.93978118896484,1665721
2014-01-13 00:00:00-05:00,88.34000963498679,89.45961344774919,88.32858548446183,88.63704681396484,1326305
2014-01-14 00:00:00-05:00,88.63130747895958,89.44815719627982,88.25430134255433,89.24822998046875,1502125
2014-01-15 00:00:00-05:00,89.24826361454997,90.19650528471128,88.7570158169287,89.78521728515625,1588228
2014-01-16 00:00:00-05:00,89.43106336845945,90.0822585877514,89.43106336845945,89.91089630126953,889412
2014-01-17 00:00:00-05:00,89.8880131137072,90.08794962228473,89.15684903576633,89.5167236328125,1668272
2014-01-21 00:00:00-05:00,89.7794990081307,90.65346968739517,89.09402218003245,90.20220184326172,1797852
2014-01-22 00:00:00-05:00,90.3792715947257,90.81340780145905,89.81946974491731,89.94514465332031,1297923
2014-01-23 00:00:00-05:00,89.51672677837644,90.19077013412112,88.86553172178728,89.18541717529297,1574835
2014-01-24 00:00:00-05:00,88.93408474665334,88.98548879178689,87.50601959228516,87.50601959228516,2225284
2014-01-27 00:00:00-05:00,87.57454893160107,88.11721915301088,86.37497626819477,86.7862548828125,1999397
2014-01-28 00:00:00-05:00,86.84341135818079,87.57457562152042,86.77485718041194,86.8548355102539,1348947
2014-01-29 00:00:00-05:00,86.30072859250863,86.92907539706093,85.45531366437301,86.0379638671875,1951774
2014-01-30 00:00:00-05:00,86.50065785246767,87.48886994530733,86.37498294292327,87.36891174316406,1932109
2014-01-31 00:00:00-05:00,87.40319003982184,89.10543457156949,86.99761885135126,88.44853210449219,2624866
2014-02-03 00:00:00-05:00,88.02582900464581,88.02582900464581,86.11222362344357,86.35785675048828,2096768
2014-02-04 00:00:00-05:00,86.50636457768178,87.81447137561554,85.91800698664325,87.63167572021484,1903302
2014-02-05 00:00:00-05:00,87.39749685493177,88.11724623336667,87.03191472232827,87.9287338256836,1531677
2014-02-06 00:00:00-05:00,87.91728994343701,88.97977291183146,87.78590759108002,88.72272491455078,1512011
2014-02-07 00:00:00-05:00,89.12258402699081,89.74521410706141,87.77448798502367,89.66524505615234,1690808
2014-02-10 00:00:00-05:00,89.9337037911554,90.82481507243574,89.51099181234703,90.44779968261719,1523385
2014-02-11 00:00:00-05:00,90.30500063816916,91.21325284769983,90.06509352623696,90.9390640258789,1577598
2014-02-12 00:00:00-05:00,90.77209831414805,91.19239368287498,90.39210856714769,90.93331146240234,1133902
2014-02-13 00:00:00-05:00,90.57056874794517,91.88326540320183,90.46693775052488,91.38813018798828,1170044
2014-02-14 00:00:00-05:00,91.23847947723495,92.42451664650346,91.18090667069856,92.228759765625,1069165
2014-02-18 00:00:00-05:00,92.27482604980469,92.39573361115546,91.27302187556315,92.27482604980469,1499999
2014-02-19 00:00:00-05:00,91.88906798364025,93.0981341761274,91.86027691341155,92.2229995727539,1347990
2014-02-20 00:00:00-05:00,92.14236938470012,92.69507745111832,91.5320791954884,92.07327270507812,1126142
2014-02-21 00:00:00-05:00,91.91207080150423,92.52236100327887,91.38814444704656,91.86601257324219,1293246
2014-02-24 00:00:00-05:00,91.97541130868916,93.12114249391328,91.76813992984667,92.0675277709961,1535929
2014-02-25 00:00:00-05:00,92.11360767341358,92.39572841358003,91.58391921322688,91.75088500976562,1285911
2014-02-26 00:00:00-05:00,92.41873475056015,92.97144285682822,92.08479390115507,92.7296371459961,1533484
2014-02-27 00:00:00-05:00,92.83903976360236,93.10964593190828,91.67604118624287,92.33814239501953,1229678
2014-02-28 00:00:00-05:00,92.29785886843798,93.37450306391274,92.23452411027624,92.86209106445312,2377931
2014-03-03 00:00:00-05:00,92.44753453646904,93.3169164948276,92.25177767937562,93.2363052368164,1381794
2014-03-04 00:00:00-05:00,94.24962595961482,94.80234352481011,93.8926652558669,94.6296157836914,1649245
2014-03-05 00:00:00-05:00,94.64112321690938,94.7102105726927,93.455086254683,94.48567199707031,1379349
2014-03-06 00:00:00-05:00,94.95775379229688,94.95775379229688,93.74868814200919,94.17473602294922,1171107
2014-03-07 00:00:00-05:00,94.03082887561399,94.18051814007642,92.17692887612466,93.10387420654297,1573027
2014-03-10 00:00:00-04:00,93.01175700260966,93.36296505136553,92.15965164181594,92.63751983642578,1308978
2014-03-11 00:00:00-04:00,92.90815172260787,93.60480606450602,92.84481696280206,93.31693267822266,871660
2014-03-12 00:00:00-04:00,92.9253799198831,93.87536356389185,92.9253799198831,93.42627716064453,1090851
2014-03-13 00:00:00-04:00,93.71416859750803,93.75447422441329,92.75843215896839,93.12115478515625,928637
2014-03-14 00:00:00-04:00,92.95992060516377,93.74870042477923,92.47053793719721,92.73538208007812,1094040
2014-03-17 00:00:00-04:00,93.1326463817094,94.01353329822803,93.08082620827273,93.68536376953125,1328219
2014-03-18 00:00:00-04:00,93.65661686435477,94.16902887679072,93.17299592599099,94.11721801757812,1005917
2014-03-19 00:00:00-04:00,93.95022880579124,94.23810212020749,91.63572773143068,91.9120864868164,1682729
2014-03-20 00:00:00-04:00,92.06752638210439,92.30934143066406,90.43816511704492,92.30934143066406,1748529
2014-03-21 00:00:00-04:00,92.97145357325752,93.3514526970982,92.36692521851808,92.85630798339844,3037204
2014-03-24 00:00:00-04:00,92.81023869487954,93.06932091053534,91.42269247837974,92.30934143066406,1134965
2014-03-25 00:00:00-04:00,92.971440038674,93.58173025338809,92.22872774557328,93.2190170288086,1286549
2014-03-26 00:00:00-04:00,93.47809494208694,93.69688085956798,91.83721923828124,91.83721923828125,1352030
2014-03-27 00:00:00-04:00,91.7566184796575,92.93689324958906,91.31329403012835,92.91386413574219,1278364
2014-03-28 00:00:00-04:00,93.37449994010373,94.34175109863281,93.20753413307172,94.34175109863281,1568138
2014-03-31 00:00:00-04:00,94.46838336555552,94.90019329176634,93.46658881929933,94.42232513427734,1627134
2014-04-01 00:00:00-04:00,94.34172846220349,95.0729262709303,93.95597674587513,94.95201873779297,1236482
2014-04-02 00:00:00-04:00,94.71022218882693,94.95779925206202,94.0826646221792,94.69295501708984,1093827
2014-04-03 00:00:00-04:00,95.10748046081082,95.10748046081082,94.00204537200366,94.64688873291016,928956
2014-04-04 00:00:00-04:00,94.88294915436566,95.66020534247049,94.42811000211712,95.2226333618164,1466196
2014-04-07 00:00:00-04:00,95.53351663030992,96.73682054025323,95.39533260557278,96.19561767578125,2149918
2014-04-08 00:00:00-04:00,95.99410197243179,96.42591184616191,95.18230239818745,96.32803344726562,1317376
2014-04-09 00:00:00-04:00,96.35108989357771,96.69653602282993,95.58534832778348,96.39714813232422,1267946
2014-04-10 00:00:00-04:00,96.3914068744361,96.75988216645925,95.92505314422215,96.18413543701172,2179363
2014-04-11 00:00:00-04:00,95.6429268037801,96.81169670529374,95.6429268037801,95.7926254272461,2116539
2014-04-14 00:00:00-04:00,96.20710758225478,96.83467413405761,96.06893293157289,96.7713394165039,1169619
2014-04-15 00:00:00-04:00,96.9095625658795,98.22225963239946,96.76562591059819,97.8480224609375,1935510
2014-04-16 00:00:00-04:00,98.34315922955204,98.9707166456247,97.64075251749988,98.792236328125,1356388
2014-04-17 00:00:00-04:00,98.38924038184443,99.0168072827655,97.32411083836362,97.79622650146484,1973885
2014-04-21 00:00:00-04:00,98.05526730665854,98.54464993436291,97.76163212684578,98.2452621459961,1228403
2014-04-22 00:00:00-04:00,98.45253348829627,98.97069783607134,97.38740439537496,98.2452621459961,1286762
2014-04-23 00:00:00-04:00,98.25108954849398,98.53320102184203,97.5947314170499,98.31441497802734,1827403
2014-04-24 00:00:00-04:00,98.45834030075545,98.84985408937777,98.03229216449631,98.52742767333984,1076925
2014-04-25 00:00:00-04:00,98.56194131912999,98.9073873826888,98.10134034195048,98.19921875,1074693
2014-04-28 00:00:00-04:00,98.48709635884988,98.9131443436303,97.60044737662659,98.64830017089844,1841648
2014-04-29 00:00:00-04:00,98.74043479789545,99.51192893037951,98.19923184606161,99.15496826171875,1148253
2014-04-30 00:00:00-04:00,99.17225974843137,99.73072995383806,98.907415512029,99.7192153930664,1193324
2014-05-01 00:00:00-04:00,99.65583171421889,100.13369975961831,98.78645945613495,99.9782485961914,992948
2014-05-02 00:00:00-04:00,99.68466903426608,100.45041065165707,99.01104390057503,99.64436340332031,1376798
2014-05-05 00:00:00-04:00,99.10891452368529,100.20858764648438,99.02831260679956,100.20858764648438,872085
2014-05-06 00:00:00-04:00,99.71921261082814,100.01860052119233,99.29316453550967,99.83435821533203,816065
2014-05-07 00:00:00-04:00,100.53101583046089,101.29675747264943,100.1855696667452,101.17584991455078,1573665
2014-05-08 00:00:00-04:00,101.2967269106946,101.72278421036775,101.0433973100933,101.36006164550781,1323541
2014-05-09 00:00:00-04:00,101.15857469949754,101.87825804112248,100.53676978651816,101.1297836303711,993161
2014-05-12 00:00:00-04:00,101.40611987495323,101.66521142356099,101.0606738154611,101.36006164550781,972220
2014-05-13 00:00:00-04:00,101.59034597495744,102.08548120140328,100.34673662310267,100.51945495605469,1624796
2014-05-14 00:00:00-04:00,100.68772033550226,101.27938715261125,100.50790104300665,101.08796691894531,1505633
2014-05-15 00:00:00-04:00,100.96032701475154,101.5403927749612,100.50788099066534,101.44178009033203,1752249
2014-05-16 00:00:00-04:00,101.21557994871671,102.16688537597656,100.99515265193953,102.16688537597656,1226277
2014-05-19 00:00:00-04:00,101.8826465335355,102.76434621611558,101.28517459061311,101.80723571777344,1038657
2014-05-20 00:00:00-04:00,101.80722827853724,102.14947010297946,101.33737612103909,101.70281982421875,950641
2014-05-21 00:00:00-04:00,102.37568575283831,102.57870688152613,101.14014345984741,101.16334533691406,1046205
2014-05-22 00:00:00-04:00,101.23875312765875,101.65060054639422,100.89651133805096,100.94292449951172,1148678
2014-05-23 00:00:00-04:00,101.27360098887179,101.78406131361277,101.0995868386509,101.66224670410156,798419
2014-05-27 00:00:00-04:00,101.94063980421188,102.44529476010628,101.36057404101109,102.41049194335938,1528488
2014-05-28 00:00:00-04:00,102.22488185541819,102.43951336853722,101.22137697663783,102.0566635131836,1470979
2014-05-29 00:00:00-04:00,102.22142275418499,102.29541281144631,101.35200194654392,101.91928100585938,1190800
2014-05-30 00:00:00-04:00,101.69119409535548,102.75792543944083,101.14857495676398,102.64077758789062,1976700
2014-06-02 00:00:00-04:00,102.5606262252704,102.9305861608633,102.32631167996367,102.85043334960938,1589100
2014-06-03 00:00:00-04:00,102.91207666350078,102.91207666350078,102.12898971612879,102.27696990966797,1072800
2014-06-04 00:00:00-04:00,102.2337899746163,102.97371900790151,101.77133315272452,102.83190155029297,1352900
2014-06-05 00:00:00-04:00,102.72709160052874,104.81739631282133,102.44344724217902,104.72489929199219,1551100
2014-06-06 00:00:00-04:00,104.97770003825488,105.03319259956838,104.20693865765097,104.62622833251953,1529100
2014-06-09 00:00:00-04:00,104.34261284357852,104.82356728194003,102.83192213802197,102.97373962402344,1354600
2014-06-10 00:00:00-04:00,102.79492909150869,103.17106109895614,101.95016804669118,102.1598129272461,1778600
2014-06-11 00:00:00-04:00,102.15364418856632,102.48044630916185,101.18557264511628,101.54936981201172,1272800
2014-06-12 00:00:00-04:00,101.56788579179353,101.62337837132738,100.67996688440664,101.05609893798828,1304600
2014-06-13 00:00:00-04:00,101.10542840178267,101.38290070703857,100.23600702443106,101.21025085449219,1569100
2014-06-16 00:00:00-04:00,101.12391927016867,101.62954338270065,100.58130010719987,100.82177734375,1100300
2014-06-17 00:00:00-04:00,100.69848935965668,101.61106872558594,100.34702686015376,101.61106872558594,1436200
2014-06-18 00:00:00-04:00,101.33974478471822,102.77027350441377,100.80328828220985,102.66545104980469,1378900
2014-06-19 00:00:00-04:00,102.4372638178483,103.17719279127131,101.77132491915539,103.14019775390625,1407000
2014-06-20 00:00:00-04:00,103.5780209471944,103.5780209471944,102.28314714533523,103.23888397216797,2385600
2014-06-23 00:00:00-04:00,103.07855114370507,103.62733291440911,102.56060171244242,102.76408386230469,1182800
2014-06-24 00:00:00-04:00,102.51130651814546,102.9614287183421,102.14133713715148,102.58529663085938,1378300
2014-06-25 00:00:00-04:00,102.21528959599357,102.79490363528237,102.11046718167444,102.38176727294922,1066100
2014-06-26 00:00:00-04:00,102.60995001613267,102.64694506662792,101.81451879564194,102.22764587402344,1143200
2014-06-27 00:00:00-04:00,101.87003578359933,103.15257496364477,101.78987355657945,103.01075744628906,1731200
2014-06-30 00:00:00-04:00,102.94909199863423,102.97375223059308,102.07349852036097,102.52979278564453,1248300
2014-07-01 00:00:00-04:00,102.89354712633065,103.28817653417217,101.93163853276113,102.89971923828125,1093100
2014-07-02 00:00:00-04:00,102.78876114700203,102.91208111652416,102.01799957660053,102.81343078613281,900200
2014-07-03 00:00:00-04:00,102.77640624530252,102.77640624530252,101.70351237051794,102.4372787475586,831400
2014-07-07 00:00:00-04:00,102.4372914809148,102.85658122922382,102.23380931174957,102.6530990600586,1324700
2014-07-08 00:00:00-04:00,102.32632324898144,103.39922694179705,102.2708306636752,102.79495239257812,1183300
2014-07-09 00:00:00-04:00,102.33246541539997,103.51018181886803,101.78368361209509,103.38069915771484,1360000
2014-07-10 00:00:00-04:00,102.6839344487905,104.2871222122978,102.6839344487905,103.72600555419922,1026800
2014-07-11 00:00:00-04:00,103.57187673041206,104.25631350811355,103.31290192381046,104.20082092285156,837700
2014-07-14 00:00:00-04:00,104.26861523442521,104.57074770853876,103.83698128504699,104.45976257324219,982100
2014-07-15 00:00:00-04:00,104.48441961597098,105.06403372807938,104.10828765441397,104.99004364013672,1160400
2014-07-16 00:00:00-04:00,104.97772692134954,105.42784904845291,104.58926007525847,105.3538589477539,1264400
2014-07-17 00:00:00-04:00,104.94072621780354,105.3970110258147,104.4782692959262,104.58309173583984,683600
2014-07-18 00:00:00-04:00,105.00236977464205,105.60665352604681,104.62623781048565,105.45866394042969,866700
2014-07-21 00:00:00-04:00,105.31685508451167,105.31685508451167,104.58925132325146,105.07637786865234,913900
2014-07-22 00:00:00-04:00,104.84205246772888,106.06293594383818,104.84205246772888,105.64364624023438,1491100
2014-07-23 00:00:00-04:00,105.65600155909871,106.50075324326308,104.04665099747713,105.08255004882812,1873000
2014-07-24 00:00:00-04:00,105.36621014838474,105.63134765625,104.37963141170141,105.63134765625,1479500
2014-07-25 00:00:00-04:00,105.24905304256995,105.50802784442622,103.92950939003828,104.18848419189453,1140900
2014-07-28 00:00:00-04:00,104.20692625673541,105.4401443189453,104.08976903543233,105.11334228515625,820500
2014-07-29 00:00:00-04:00,104.95302787061124,105.4463075710976,104.5953935016636,104.88520050048828,979900
2014-07-30 00:00:00-04:00,104.87905879105357,105.44633813802233,104.20695700691003,104.92222595214844,1217400
2014-07-31 00:00:00-04:00,104.3549688541356,104.79892833488881,103.67053210536707,103.70752716064453,1293300
2014-08-01 00:00:00-04:00,102.4372821184949,104.42892705835298,102.24613478548837,103.38685607910156,1428500
2014-08-04 00:00:00-04:00,103.6766792766306,104.16379644597993,103.01691226938198,103.82466888427734,1228000
2014-08-05 00:00:00-04:00,103.71367560106033,103.76916817634346,102.34480229181281,102.57911682128906,1440500
2014-08-06 00:00:00-04:00,102.37565168006444,102.83194599534781,101.83920454559845,101.92552947998047,1569500
2014-08-07 00:00:00-04:00,102.09815265702447,102.82574699821193,101.75285300976874,101.9070053100586,1721300
2014-08-08 00:00:00-04:00,102.49279773335067,102.81343720108266,101.82685856592785,102.52979278564453,1628600
2014-08-11 00:00:00-04:00,102.74560123997227,103.82466741593743,102.54211906060218,103.6150131225586,1097900
2014-08-12 00:00:00-04:00,103.62119636697706,103.75067905312336,103.04774481648064,103.05391693115234,1250900
2014-08-13 00:00:00-04:00,103.43917919495908,104.72557067871094,103.43917919495908,104.72557067871094,1455900
2014-08-14 00:00:00-04:00,105.1046809179523,105.19789359562326,104.01093492677427,104.55780792236328,1189200
2014-08-15 00:00:00-04:00,105.07981960801197,105.27868596693574,104.25951958362621,104.93067932128906,2295400
2014-08-18 00:00:00-04:00,105.07981409798815,105.90633457929407,105.01145497600136,105.79447937011719,1020200
2014-08-19 00:00:00-04:00,105.7695685452726,105.8690016745935,105.21648480181462,105.56449127197266,998300
2014-08-20 00:00:00-04:00,105.52105836269222,106.26678831401571,104.88097261857972,105.96849822998047,794000
2014-08-21 00:00:00-04:00,106.24192733104763,106.5712914488781,105.8255520672158,105.93120574951172,865100
2014-08-22 00:00:00-04:00,105.76337240862694,106.17973802845621,105.19164605830318,105.28485870361328,1112400
2014-08-25 00:00:00-04:00,105.58313788794416,105.81307819371312,104.89333593556825,105.15435028076172,943900
2014-08-26 00:00:00-04:00,104.94307074521392,105.81930760399436,104.74421392676614,105.1792221069336,818700
2014-08-27 00:00:00-04:00,105.17921042582834,105.49614288993773,104.86848897700757,105.34078216552734,639500
2014-08-28 00:00:00-04:00,105.07357692205814,105.44022599304068,104.80635151810223,105.01142883300781,725700
2014-08-29 00:00:00-04:00,105.39673974207705,105.9125291029165,105.01143862248685,105.66395568847656,1641300
2014-09-02 00:00:00-04:00,106.03059299570626,106.10517259771417,105.41537054455894,105.7198715209961,940800
2014-09-03 00:00:00-04:00,105.97468919689477,107.01871851718361,105.44645877831537,106.13626098632812,829900
2014-09-04 00:00:00-04:00,106.1175921434688,106.93169035341094,105.55829729507902,105.83173370361328,1066000
2014-09-05 00:00:00-04:00,106.14867365367583,107.70228110012027,106.01195543979132,107.62149047851562,1410000
2014-09-08 00:00:00-04:00,107.42264080658377,107.6525716895728,106.96276955813775,107.13056182861328,877600
2014-09-09 00:00:00-04:00,106.91925111656415,107.48476642223255,106.65202574299292,107.16161346435547,1089500
2014-09-10 00:00:00-04:00,106.95655819268003,107.36671286029636,105.67638709296963,105.91252899169922,1368900
2014-09-11 00:00:00-04:00,105.831785926616,106.26058328045724,105.22898522374808,105.59563446044922,1193500
2014-09-12 00:00:00-04:00,105.32840032761514,105.35946489837839,102.04096083444392,102.84883880615234,2819600
2014-09-15 00:00:00-04:00,102.86126570938048,103.30248500509755,102.19010601603085,102.87368774414062,1538200
2014-09-16 00:00:00-04:00,103.12223270764834,104.58261778168318,102.81772228369596,103.91767883300781,1390900
2014-09-17 00:00:00-04:00,103.47026162024098,105.135724342784,103.47026162024098,104.09791564941406,1132200
2014-09-18 00:00:00-04:00,104.50806517138417,104.50806517138417,102.76181190871883,103.17196655273438,1636500
2014-09-19 00:00:00-04:00,103.46404518680845,103.73126111670915,102.89852979903635,102.99796295166016,2401700
2014-09-22 00:00:00-04:00,103.00417214323895,103.15953288553644,102.31437006813938,102.62509155273438,1263900
2014-09-23 00:00:00-04:00,102.69346804920548,103.27762605636268,102.12795257568361,102.1279525756836,1314700
2014-09-24 00:00:00-04:00,101.97883531581734,103.12228855496645,101.53139544267708,101.6681137084961,1597200
2014-09-25 00:00:00-04:00,101.6370383994248,102.07825776620281,100.97831011721257,101.11502838134766,1150800
2014-09-26 00:00:00-04:00,101.22683327145506,102.58158371991766,100.94096536610259,102.32678985595703,921000
2014-09-29 00:00:00-04:00,101.84830165071789,102.20252874276957,100.9844961857203,102.17766571044922,856800
2014-09-30 00:00:00-04:00,102.3516690068179,102.63131648437697,101.40086189363598,102.17766571044922,1444900
2014-10-01 00:00:00-04:00,102.09685378533361,103.116019801132,101.84828040878433,102.4821548461914,1405600
2014-10-02 00:00:00-04:00,102.35787910513598,102.90474248852496,101.55000132124825,102.22116088867188,1200600
2014-10-03 00:00:00-04:00,102.32059715539307,103.13469553817285,101.9290944713887,103.04147338867188,983500
2014-10-06 00:00:00-04:00,103.1284651763086,103.88662640389559,102.78045860937708,103.22168731689453,852900
2014-10-07 00:00:00-04:00,102.66860033217269,103.1160305601525,102.12793848394287,102.15280151367188,899000
2014-10-08 00:00:00-04:00,102.40136137317059,104.50805244688016,102.2273581179501,104.45833587646484,1484900
2014-10-09 00:00:00-04:00,104.52672356527323,106.04925720612387,104.31543519506694,104.81259155273438,2010700
2014-10-10 00:00:00-04:00,105.38430472448627,106.31025820506942,104.6572175548207,104.66963958740234,1298600
2014-10-13 00:00:00-04:00,104.65720166981379,105.5085754133464,104.02953826840695,104.07304382324219,1409900
2014-10-14 00:00:00-04:00,104.51426960645773,106.11138252161751,104.07305042709096,105.4464340209961,1674600
2014-10-15 00:00:00-04:00,105.14815089918118,105.14815089918118,102.91096184832811,103.13468170166016,3691000
2014-10-16 00:00:00-04:00,102.38896921290478,103.70643512910992,101.99746647941866,103.32735443115234,1962100
2014-10-17 00:00:00-04:00,103.73129500302149,104.8188205736338,102.67484348806362,104.66345977783203,1872400
2014-10-20 00:00:00-04:00,104.81878671549916,105.90631193482353,104.48321167725042,105.8628158569336,1050300
2014-10-21 00:00:00-04:00,105.87525492944192,106.90685272216797,105.67639807392894,106.90685272216797,1400700
2014-10-22 00:00:00-04:00,107.0994942384679,108.0751643901885,106.4407661148069,106.54019927978516,1182000
2014-10-23 00:00:00-04:00,107.08704335194767,107.43504985313871,106.27916569848794,107.16161346435547,1419600
2014-10-24 00:00:00-04:00,107.38536050319306,108.10001621482205,106.8074135381415,107.42264556884766,1326900
2014-10-27 00:00:00-04:00,107.43505678660249,108.56607798846528,107.43505678660249,108.2491455078125,1093900
2014-10-28 00:00:00-04:00,108.56610575821693,110.00785827636719,108.20566762867936,110.00785827636719,1797400
2014-10-29 00:00:00-04:00,109.74061471974888,110.27505606748386,108.61580443128123,109.36153411865234,1660300
2014-10-30 00:00:00-04:00,109.06945338756616,109.92704772949219,108.67173026192037,109.92704772949219,1007000
2014-10-31 00:00:00-04:00,111.033220399261,111.61737834028148,109.92705261061411,111.36880493164062,1584900
2014-11-03 00:00:00-05:00,111.73543951851782,113.48169261599442,111.46200311504015,113.36361694335938,2472900
2014-11-04 00:00:00-05:00,113.10264355625245,114.03480820094683,112.51227451110648,113.74272918701172,2453100
2014-11-05 00:00:00-05:00,114.19635465844569,114.36414691235817,112.36309982707235,112.87889862060547,1341000
2014-11-06 00:00:00-05:00,112.89754642020199,113.17098285194272,111.72301955292829,111.90945434570312,1209900
2014-11-07 00:00:00-05:00,112.36313095169459,112.36313095169459,111.39989220255545,111.51175689697266,1374500
2014-11-10 00:00:00-05:00,111.30665413873959,113.30149030570902,111.0767232671999,113.27041625976562,1385300
2014-11-11 00:00:00-05:00,112.84780375138354,113.42575052710976,111.791352813215,112.2387924194336,1226400
2014-11-12 00:00:00-05:00,112.98369604188807,113.05880680004222,111.08707298877245,111.61913299560547,1439900
2014-11-13 00:00:00-05:00,111.62541821051349,112.50800805431568,111.55656348047464,112.39533233642578,1179100
2014-11-14 00:00:00-05:00,112.13242535831073,112.48295502591034,111.00571603301401,111.4376220703125,1037800
2014-11-17 00:00:00-05:00,111.4877090129511,112.00724751333703,111.2999225168377,111.71930694580078,794800
2014-11-18 00:00:00-05:00,111.96340344629544,112.42035272126432,111.4250873623834,112.16371154785156,808800
2014-11-19 00:00:00-05:00,112.90861194913985,113.04005580695244,109.76634729097805,110.39855194091797,2069300
2014-11-20 00:00:00-05:00,110.43608597185762,111.98217948477544,109.91655713744535,111.9634017944336,1957700
2014-11-21 00:00:00-05:00,112.67073020468156,112.85851666526592,111.56906428111803,111.70050811767578,2077100
2014-11-24 00:00:00-05:00,111.55025489893298,112.69573192551552,111.55025489893298,111.78185272216797,1711500
2014-11-25 00:00:00-05:00,111.7818797604763,112.47668294945687,111.73180273635333,112.05103302001953,1894800
2014-11-26 00:00:00-05:00,112.35152467609869,113.28418203562451,112.32648138185122,113.1026611328125,1071000
2014-11-28 00:00:00-05:00,113.58459887112367,114.81770841034344,112.8397187600151,113.17147064208984,826700
2014-12-01 00:00:00-05:00,112.90861511230469,114.29195621358144,112.75212795733196,112.90861511230469,1659700
2014-12-02 00:00:00-05:00,113.07760468976367,113.95393841337717,112.29516898183225,113.82875061035156,1506500
2014-12-03 00:00:00-05:00,113.85376205709899,114.0791038789084,113.23406965931927,113.6722412109375,1026100
2014-12-04 00:00:00-05:00,113.79120383799476,114.17303290646589,112.85228083859548,113.9539566040039,927400
2014-12-05 00:00:00-05:00,113.47819278545127,113.47819278545127,112.23256145542439,113.19026184082031,1342800
2014-12-08 00:00:00-05:00,113.42817926981246,114.66128954279995,113.42817926981246,114.46099090576172,1284300
2014-12-09 00:00:00-05:00,113.27786739894493,114.33572158013621,113.08382494937035,114.06655883789062,1069100
2014-12-10 00:00:00-05:00,114.02279181195719,114.66751806369895,113.57836413248404,114.3670654296875,1203100
2014-12-11 00:00:00-05:00,114.71763219026019,115.03686262017429,113.93519623841374,114.46099090576172,1553600
2014-12-12 00:00:00-05:00,113.71605037078616,114.92413580985527,112.94613647460936,112.94613647460938,1595000
2014-12-15 00:00:00-05:00,113.29671138076128,113.77869453998206,112.19504513947555,112.8710708618164,1468700
2014-12-16 00:00:00-05:00,112.75210062125143,113.55956994260858,111.60034818096216,112.13866424560547,1359200
2014-12-17 00:00:00-05:00,112.67073261952754,114.73636462779548,112.33272462420415,114.53605651855469,1356500
2014-12-18 00:00:00-05:00,115.35601861061822,116.11967637092808,114.54854943191101,116.09464263916016,1292600
2014-12-19 00:00:00-05:00,116.21360637206635,116.39512724323102,114.88033294677733,114.88033294677734,2765400
2014-12-22 00:00:00-05:00,115.81924933270479,117.47800902492725,115.34353191466757,117.3403091430664,1245100
2014-12-23 00:00:00-05:00,117.44044973348662,117.79097935102459,116.11969807019591,116.63923645019531,984000
2014-12-24 00:00:00-05:00,116.80196739226882,117.34653940719575,115.69403612456313,115.87555694580078,1013700
2014-12-26 00:00:00-05:00,116.0321199251651,116.69562409023442,115.53762460158973,115.56892395019531,637400
2014-12-29 00:00:00-05:00,115.70031839672376,116.98351473140153,115.60642994225158,116.74565124511719,964500
2014-12-30 00:00:00-05:00,116.4201560908805,116.93969445247625,115.8693183964242,116.14473724365234,702700
2014-12-31 00:00:00-05:00,116.54534890842275,117.11496431697216,113.98522191995224,113.9914779663086,1110600
2015-01-02 00:00:00-05:00,114.642454149922,116.15725779544131,114.52978801414132,116.0132827758789,1229100
2015-01-05 00:00:00-05:00,116.14476292489965,116.8771216299373,115.06813058470304,116.4890365600586,1267300
2015-01-06 00:00:00-05:00,117.17129547758363,120.35737089351555,116.98976507283511,119.7314224243164,2915600
2015-01-07 00:00:00-05:00,120.15079661084513,122.03490745687857,119.43095975251236,121.93475341796875,2138400
2015-01-08 00:00:00-05:00,122.18514662565589,122.48559923460034,121.02088202087788,121.75950622558594,1640900
2015-01-09 00:00:00-05:00,122.0349545177411,123.10532137381355,121.57174907256643,123.04273223876953,1574100
2015-01-12 00:00:00-05:00,123.23677194334894,123.7124894737954,122.74853276569596,123.16165161132812,1133200
2015-01-13 00:00:00-05:00,123.19291919112379,123.95657710311785,122.64208147067802,123.24299621582031,1367900
2015-01-14 00:00:00-05:00,122.5982507360359,124.58250596496491,122.25397721497563,124.3321304321289,1720900
2015-01-15 00:00:00-05:00,124.66391267735925,125.4526043939985,123.97536546751942,125.23352813720703,1468400
2015-01-16 00:00:00-05:00,125.45258910468873,125.83441804702578,124.17565844986548,125.6904525756836,1604600
2015-01-20 00:00:00-05:00,126.00340911146164,126.3539386713582,124.58875967888946,124.95807647705078,1872000
2015-01-21 00:00:00-05:00,124.60751779255654,125.53391849164264,123.9565262895789,125.32735443115234,1199800
2015-01-22 00:00:00-05:00,125.82191300206033,127.98769916014082,125.13963138350142,127.7122802734375,1432500
2015-01-23 00:00:00-05:00,128.08156172562602,128.26309211480475,126.76707578378026,127.13638305664062,1245100
2015-01-26 00:00:00-05:00,126.83598258048775,128.48848669403995,126.54178594027948,128.4196319580078,970200
2015-01-27 00:00:00-05:00,127.9313332339923,128.74505848875862,127.49942732267566,128.11911010742188,992600
2015-01-28 00:00:00-05:00,128.82019181322966,129.13942208154882,127.38676452636717,127.38676452636719,1615500
2015-01-29 00:00:00-05:00,127.17391866070356,128.35070455529078,127.02368762590095,128.16917419433594,1255600
2015-01-30 00:00:00-05:00,126.73579925361088,127.61212337249957,124.15689437412426,124.35093688964844,2183300
2015-02-02 00:00:00-05:00,124.58878897656199,124.92680652538742,122.07248280791946,124.82039642333984,1617000
2015-02-03 00:00:00-05:00,125.27733204999754,125.27733204999754,123.31185414766213,125.24603271484375,2119000
2015-02-04 00:00:00-05:00,125.24604352936042,126.97992369346066,124.24453157647498,126.33519744873047,1716200
2015-02-05 00:00:00-05:00,126.55425422886518,127.38051077523389,125.7593065667499,127.20524597167969,1055400
2015-02-06 00:00:00-05:00,126.28508268983946,126.66065552947703,121.25246203573766,122.1100082397461,2347100
2015-02-09 00:00:00-05:00,122.460546063556,122.98008438793654,121.2962816435355,121.50284576416016,859600
2015-02-10 00:00:00-05:00,122.05995238944409,122.3729266263401,120.26973937235029,121.9034652709961,1894700
2015-02-11 00:00:00-05:00,122.4204494976619,122.85548276659122,120.42812796303896,121.31710815429688,1281400
2015-02-12 00:00:00-05:00,121.6323673211729,122.89963039648616,120.98297279985383,122.7672348022461,1238200
2015-02-13 00:00:00-05:00,122.21870310058635,122.48980521831686,120.92621557698891,121.75214385986328,1016100
2015-02-17 00:00:00-05:00,121.63864289049836,123.35355124952594,121.22253291925993,121.56298828125,1006700
2015-02-18 00:00:00-05:00,121.60716816859721,122.69159616735904,120.27685298525428,122.48983764648438,934700
2015-02-19 00:00:00-05:00,121.87823728165336,122.16826267160694,119.38153879584927,119.67155456542969,1167100
2015-02-20 00:00:00-05:00,119.36892081927799,121.17839748215243,119.2869552437618,120.93251037597656,1335200
2015-02-23 00:00:00-05:00,121.17215428359232,122.20614281859982,120.85691375925616,122.06743621826172,755800
2015-02-24 00:00:00-05:00,121.5882323959265,121.7836799147419,119.52025603495383,119.82918548583984,1367200
2015-02-25 00:00:00-05:00,119.86697495140399,121.36752193751379,119.66522615129558,120.09394836425781,875300
2015-02-26 00:00:00-05:00,119.81024029176035,120.0876533242946,117.98185020696135,117.98815155029297,1431600
2015-02-27 00:00:00-05:00,118.46101486451555,120.71183551529259,117.76748226670342,120.01830291748047,2095100
2015-03-02 00:00:00-05:00,120.1003058172465,121.6386710772181,119.49503994188697,119.81658172607422,1278700
2015-03-03 00:00:00-05:00,119.34370509044469,119.84809164898886,118.6060437169779,119.54546356201172,1088700
2015-03-04 00:00:00-05:00,119.47610202773656,119.70937682652738,118.00077938282706,118.25296783447266,1017400
2015-03-05 00:00:00-05:00,118.60608839821501,119.41310334775464,117.89365137549183,117.98191833496094,1422800
2015-03-06 00:00:00-05:00,115.98323893735461,115.98323893735461,113.56849659505487,113.85221099853516,2256900
2015-03-09 00:00:00-04:00,114.63401303497466,115.51668222490763,113.66936864975646,113.76394653320312,2257900
2015-03-10 00:00:00-04:00,113.50546472733193,114.52684060845826,112.93803582012266,113.43611145019531,2559700
2015-03-11 00:00:00-04:00,113.29112054700579,113.87116185172442,112.755207905063,113.0767593383789,1440400
2015-03-12 00:00:00-04:00,113.58111253044804,115.76888168105896,113.58111253044804,115.75627899169922,1826900
2015-03-13 00:00:00-04:00,115.592349903415,116.63895036149431,114.94926640106395,115.99585723876953,2203100
2015-03-16 00:00:00-04:00,116.73349933542154,118.51145955124322,116.24172515240112,117.94403076171875,1580200
2015-03-17 00:00:00-04:00,117.37663254551566,118.12060503893086,116.82811721978719,117.3514175415039,1600300
2015-03-18 00:00:00-04:00,117.26941651028066,120.86315476958573,116.84069422898963,120.737060546875,1824000
2015-03-19 00:00:00-04:00,120.32093696049668,121.46210551177155,120.09396351900092,121.11534881591797,2209400
2015-03-20 00:00:00-04:00,122.37000497023506,124.55777391575523,121.70169692262327,124.4190673828125,2895000
2015-03-23 00:00:00-04:00,124.40651482353493,125.5224592604569,123.46709467559279,124.54521179199219,2100700
2015-03-24 00:00:00-04:00,124.50737346052028,125.0117601370938,123.77602288088315,124.09756469726562,1971400
2015-03-25 00:00:00-04:00,124.4316766510665,124.78474431888586,121.77104721380607,122.40782928466797,1904400
2015-03-26 00:00:00-04:00,121.4873599370593,122.30067602343209,120.81905175655345,121.4621353149414,1803100
2015-03-27 00:00:00-04:00,121.29188327620629,122.92482602247867,121.05859886933005,122.47718048095703,1465100
2015-03-30 00:00:00-04:00,122.8176716125452,124.4947529839162,122.35742328534351,124.1858139038086,1196900
2015-03-31 00:00:00-04:00,123.88941973704561,124.7783995616046,122.92478533009661,123.34720611572266,1872600
2015-04-01 00:00:00-04:00,123.46077604091049,125.20089988391716,122.31959751614369,124.82891845703125,2409400
2015-04-02 00:00:00-04:00,126.09616481329068,126.71403332717112,125.17565857718915,125.69265747070312,1670400
2015-04-06 00:00:00-04:00,126.02051419779218,127.53366437548928,125.76201474282021,126.60055541992188,1130200
2015-04-07 00:00:00-04:00,126.2600684466648,126.63836073557083,125.01802062988281,125.01802062988281,987200
2015-04-08 00:00:00-04:00,124.91717198517955,125.62330744789769,124.25516517869421,124.4947509765625,1240700
2015-04-09 00:00:00-04:00,124.12276274659725,124.12276274659725,121.36126314574845,121.7647705078125,1753300
2015-04-10 00:00:00-04:00,122.30699564311611,122.79876998509097,120.36511327874415,120.59208679199219,1903900
2015-04-13 00:00:00-04:00,120.83165755962065,121.03341606026248,119.99942779541014,119.99942779541016,1371900
2015-04-14 00:00:00-04:00,120.52901005337583,121.34233565032658,120.30203658682832,120.68663024902344,1508800
2015-04-15 00:00:00-04:00,120.7307866947409,121.1658104190973,119.64004785000577,119.81658172607422,1104200
2015-04-16 00:00:00-04:00,119.19870282102931,120.59206967240195,118.78889413435296,119.85440826416016,921400
2015-04-17 00:00:00-04:00,119.41935639628917,120.08766442533457,118.30970416357468,118.69429779052734,1165200
2015-04-20 00:00:00-04:00,118.81410588379724,119.6589478543586,118.39168489851654,118.90868377685547,1048000
2015-04-21 00:00:00-04:00,118.84562823536143,120.37769192852085,118.84562823536143,119.0536880493164,853800
2015-04-22 00:00:00-04:00,119.05374408149113,120.13186134622829,118.95916614679524,119.23027801513672,755200
2015-04-23 00:00:00-04:00,119.21759834456064,119.87330368796681,118.67538453459387,119.19868469238281,1106800
2015-04-24 00:00:00-04:00,119.26808134319644,120.39664764233069,118.78260831316311,118.97806549072266,890600
2015-04-27 00:00:00-04:00,119.62742369059927,120.18855118605349,119.18607945925773,119.71569061279297,985400
2015-04-28 00:00:00-04:00,119.21763572539854,119.45722155527004,118.21517336416055,118.68803405761719,999900
2015-04-29 00:00:00-04:00,117.20006951852052,118.3097122062964,115.13209337017231,115.44103240966797,1879100
2015-04-30 00:00:00-04:00,114.91142764692167,115.49777979607875,113.83331086161861,114.42596435546875,2136000
2015-05-01 00:00:00-04:00,114.59617781442887,117.13701447079698,114.59617781442887,116.11563873291016,1895100
2015-05-04 00:00:00-04:00,116.58218218469523,117.23787784395415,115.33382354014287,115.61123657226562,1578800
2015-05-05 00:00:00-04:00,115.88239235542963,116.04631392752523,113.54961492914552,113.7765884399414,2488800
2015-05-06 00:00:00-04:00,113.70721509419869,114.8799097563502,113.60633585822634,114.50161743164062,2084200
2015-05-07 00:00:00-04:00,114.50161328344508,116.4497965582611,114.11701962806045,115.47254943847656,1681300
2015-05-08 00:00:00-04:00,117.0613282679008,119.32475124379798,116.99197501920676,118.30967712402344,1612200
2015-05-11 00:00:00-04:00,117.91881406520747,118.5808207776934,115.75626970750925,116.11563873291016,1083200
2015-05-12 00:00:00-04:00,115.19514582912142,116.68308083255016,114.58988005638216,116.2795639038086,1063900
2015-05-13 00:00:00-04:00,117.1440501674303,118.09752611106617,115.00191065115786,115.26888275146484,1146500
2015-05-14 00:00:00-04:00,115.9300133007913,117.6017685586656,115.84102256348721,117.44285583496094,911700
2015-05-15 00:00:00-04:00,117.87506432698841,118.6251274780447,117.22669791387791,117.98312377929688,1262000
2015-05-18 00:00:00-04:00,117.32210039724043,117.9005353898074,116.81993071558034,117.45558166503906,916100
2015-05-19 00:00:00-04:00,116.95341429087473,118.5171100961257,116.46396037493247,116.97883605957031,1117700
2015-05-20 00:00:00-04:00,117.72249458060567,118.09752612398802,116.64824346544361,116.6990966796875,1175000
2015-05-21 00:00:00-04:00,117.09322239495692,117.798795076078,116.35586523825631,116.66732788085938,1605100
2015-05-22 00:00:00-04:00,116.23507156213759,117.63986368552018,115.82190254310316,116.7181625366211,821200
2015-05-26 00:00:00-04:00,116.60375835487694,116.68639604425042,115.44686950068552,115.73927307128906,971500
2015-05-27 00:00:00-04:00,116.31132625563026,117.40464589609616,115.54854759232444,117.0486831665039,1223500
2015-05-28 00:00:00-04:00,116.66731529229645,117.43645684158518,116.27321499556258,116.84530639648438,966800
2015-05-29 00:00:00-04:00,117.0423785562068,117.32206644491077,114.90022888095736,115.30704498291016,2486800
2015-06-01 00:00:00-04:00,115.4595568117711,117.01054558875333,114.41709037631274,116.57194519042969,1136700
2015-06-02 00:00:00-04:00,116.48303338202632,116.73728987532398,115.10367202239634,115.7838134765625,980800
2015-06-03 00:00:00-04:00,115.81551831213484,115.82188102461267,113.43182895458847,113.7369384765625,1113000
2015-06-04 00:00:00-04:00,113.45732044549939,114.44257147525637,113.14584804622211,113.80056762695312,1256100
2015-06-05 00:00:00-04:00,112.66271578921453,113.59712294676937,111.5121800563125,112.26225280761719,1487700
2015-06-08 00:00:00-04:00,112.24953704460651,112.24953704460651,111.44862078092156,111.62660217285156,1607700
2015-06-09 00:00:00-04:00,111.7728173343219,111.9698675004525,110.7367132834965,110.9719009399414,1503100
2015-06-10 00:00:00-04:00,111.2515835626256,113.13946683836691,111.06088642077363,112.09700012207031,1373900
2015-06-11 00:00:00-04:00,112.54196206667777,112.97419990121212,112.00165507424956,112.6690902709961,926400
2015-06-12 00:00:00-04:00,112.42752075195312,113.17123080481818,112.14783293051492,112.42752075195312,1064400
2015-06-15 00:00:00-04:00,112.10969893453533,112.38303375008662,111.24521368648624,111.74738311767578,1486100
2015-06-16 00:00:00-04:00,111.82999105621145,113.16486102467063,111.77914755008135,112.67540740966797,1113100
2015-06-17 00:00:00-04:00,112.71356217712095,114.39803228473968,112.24953028394022,114.1437759399414,1305300
2015-06-18 00:00:00-04:00,114.41714303019636,116.21603594286026,114.16288659205603,115.61852264404297,1039000
2015-06-19 00:00:00-04:00,115.45324083600853,116.57198258684912,114.0802329832087,114.08658599853516,2610000
2015-06-22 00:00:00-04:00,114.35990508707584,114.90656500688411,112.14148093707027,112.2114028930664,1562500
2015-06-23 00:00:00-04:00,112.4275146747201,112.49108361225026,110.92102590798457,111.39141082763672,898100
2015-06-24 00:00:00-04:00,111.58213209887305,112.1860080908683,110.50789044301962,110.53966522216797,1502100
2015-06-25 00:00:00-04:00,110.62865677536018,110.87656019000285,109.54169938010436,109.5607681274414,1390200
2015-06-26 00:00:00-04:00,109.75779496284312,110.87018358403857,109.14121306543977,110.54600524902344,2714700
2015-06-29 00:00:00-04:00,110.41888378311577,111.48677226883285,108.68991315925605,108.6962661743164,1223300
2015-06-30 00:00:00-04:00,109.54167751540791,111.11173539451234,108.9060268663538,109.98027801513672,2167300
2015-07-01 00:00:00-04:00,109.24927372687927,111.11173516843306,109.24927372687927,111.0863037109375,1638600
2015-07-02 00:00:00-04:00,111.887245727203,113.85140418170779,110.87020066571115,111.06089782714844,1046800
2015-07-06 00:00:00-04:00,110.51425462398154,111.77920327808594,110.51425462398154,111.73470306396484,1242100
2015-07-07 00:00:00-04:00,112.16056294654297,113.8513961193515,112.06521922220634,113.6034927368164,1520100
2015-07-08 00:00:00-04:00,112.68811998017122,113.5271832966791,112.44656968616013,113.36190795898438,1201700
2015-07-09 00:00:00-04:00,113.88316611429086,114.36625708827397,112.80891502680369,113.22208404541016,1364100
2015-07-10 00:00:00-04:00,113.90223776440827,114.66501657937,113.34286210711552,113.67975616455078,1044400
2015-07-13 00:00:00-04:00,114.44259150333068,115.29437113834109,113.32384933545121,113.97856903076172,1022700
2015-07-14 00:00:00-04:00,114.11839346778511,114.76039731847915,113.3873988882893,114.41079711914062,856600
2015-07-15 00:00:00-04:00,114.20105683536934,115.45329003577818,113.44463062099138,115.31344604492188,1234600
2015-07-16 00:00:00-04:00,115.8282422401522,116.89613049231167,115.6502608647923,116.59737396240234,1140600
2015-07-17 00:00:00-04:00,116.2096860356883,116.56564893831265,115.72023219494902,116.36223602294922,1020500
2015-07-20 00:00:00-04:00,116.50204550174207,116.61010494382843,115.4913633381766,116.2795639038086,666000
2015-07-21 00:00:00-04:00,116.34316024021929,116.5275043960293,115.44689032220494,115.53588104248047,889700
2015-07-22 00:00:00-04:00,115.68203596731735,116.38760839797074,115.47227014206833,115.92993927001953,1142300
2015-07-23 00:00:00-04:00,115.83463938661858,115.94269885573918,114.00397172839867,115.29434204101562,1143800
2015-07-24 00:00:00-04:00,116.64826048152455,127.27634132739549,115.73293158938766,117.3729019165039,1299400
2015-07-27 00:00:00-04:00,117.44281024631839,118.82853370273328,117.32204477056212,118.08482360839844,1591100
2015-07-28 00:00:00-04:00,118.44081589530765,119.15910441015104,117.849655601865,118.45988464355469,1133500
2015-07-29 00:00:00-04:00,118.54251614629192,118.9048320432794,117.76702142730551,118.52980041503906,890900
2015-07-30 00:00:00-04:00,118.09753334010938,118.86667491606396,117.35382322246011,118.32001495361328,646900
2015-07-31 00:00:00-04:00,119.55953612967235,120.16976506064186,118.63784456767218,119.00652313232422,1467100
2015-08-03 00:00:00-04:00,118.96200340392042,119.9599794805384,118.72681579063821,119.75021362304688,771700
2015-08-04 00:00:00-04:00,119.89007382883253,121.07238446864535,119.35612959130661,119.85193634033203,1283700
2015-08-05 00:00:00-04:00,120.27145363675469,120.64648516088424,119.56588108663816,119.947265625,1377300
2015-08-06 00:00:00-04:00,119.8138227514924,120.95798643177532,118.84127780369502,120.7100830078125,1390500
2015-08-07 00:00:00-04:00,120.76091815916013,122.17842621406193,119.78202034162857,121.84788513183594,1001600
2015-08-10 00:00:00-04:00,122.52166867390672,122.80770954029737,119.76294704818945,120.23968505859375,1619100
2015-08-11 00:00:00-04:00,120.23968352548147,122.24197926394548,119.90278944503208,121.7588882446289,1362500
2015-08-12 00:00:00-04:00,121.51736352797305,122.15301433454252,120.64016231114348,122.05767059326172,1123900
2015-08-13 00:00:00-04:00,121.16053489025629,123.0573674606008,120.91701876882557,122.23711395263672,792400
2015-08-14 00:00:00-04:00,122.19862935130132,123.56999118925617,121.3207043243208,122.83303833007812,683800
2015-08-17 00:00:00-04:00,122.92280143555963,124.11472407821037,122.07690949513149,124.02500915527344,868400
2015-08-18 00:00:00-04:00,123.74300903179896,125.06950845568248,123.53794083936289,124.81958770751953,1215900
2015-08-19 00:00:00-04:00,124.0890506605354,124.54403960581575,123.08296294333952,123.8006820678711,928000
2015-08-20 00:00:00-04:00,123.28802724711821,124.23003853214499,122.3972830131761,123.17268371582031,1337700
2015-08-21 00:00:00-04:00,123.19186172208558,124.0249241016926,121.72437104404123,121.73719024658203,1993800
2015-08-24 00:00:00-04:00,117.76410318383103,119.48791946347181,116.2453452800686,116.6747055053711,2744800
2015-08-25 00:00:00-04:00,122.83943925886402,122.83943925886402,113.34884625791244,113.48341369628906,2181300
2015-08-26 00:00:00-04:00,115.34820343419602,116.94385710185021,114.00888497441973,116.61062622070312,1988100
2015-08-27 00:00:00-04:00,117.58469573427149,119.7827154251453,116.27741044968475,119.02013397216797,1467900
2015-08-28 00:00:00-04:00,118.72537277758676,118.80226846869185,116.62987719125705,118.11659240722656,1447900
2015-08-31 00:00:00-04:00,118.02047155336219,119.32775706586845,114.7138197019538,114.91248321533203,3230500
2015-09-01 00:00:00-04:00,113.19506578769254,114.00891439315338,110.92014034397234,112.15052032470703,1821800
2015-09-02 00:00:00-04:00,113.55388574905064,114.43822502385207,112.51575514171851,113.509033203125,1113600
2015-09-03 00:00:00-04:00,113.92563541586007,114.80356074668411,113.47065606939252,114.01535034179688,1126300
2015-09-04 00:00:00-04:00,112.72726086826995,113.412936908152,111.3687084396361,112.09284210205078,1162600
2015-09-08 00:00:00-04:00,113.54110794846233,114.13067419877578,112.61833028222142,113.77180480957031,1276800
2015-09-09 00:00:00-04:00,114.62408835038781,114.72662245002813,111.65708240074407,111.88777923583984,960400
2015-09-10 00:00:00-04:00,111.79162302958832,113.18862291199761,111.58015016663788,112.18252563476562,1011700
2015-09-11 00:00:00-04:00,112.08003148274301,114.82916990215689,111.59300912010474,114.79712677001953,1213100
2015-09-14 00:00:00-04:00,115.04704409584326,115.61097191429073,113.9832747212958,114.66896057128906,979200
2015-09-15 00:00:00-04:00,114.84197697528454,116.48248347417781,113.70771670917861,116.04031372070312,974700
2015-09-16 00:00:00-04:00,115.9249477530031,117.91790889413566,115.84164736117461,117.53982543945312,952300
2015-09-17 00:00:00-04:00,117.47578066995248,120.66707928686232,116.61066494562671,118.4754638671875,1289900
2015-09-18 00:00:00-04:00,117.07205228107657,119.97498209023868,116.77726915481996,117.91152954101562,2761000
2015-09-21 00:00:00-04:00,118.09734336450649,119.28287059871772,117.96918063658376,119.05857849121094,999900
2015-09-22 00:00:00-04:00,118.18062046320345,118.81503898942493,117.07199899856185,117.42445373535156,1128300
2015-09-23 00:00:00-04:00,117.27067565917969,118.48183142649941,116.82210125983693,117.5910873413086,945900
2015-09-24 00:00:00-04:00,117.41166328053225,118.34085524816976,115.18160060256444,116.13642120361328,1574500
2015-09-25 00:00:00-04:00,117.16175444203525,118.34727197689888,116.11720907252928,117.13611602783203,1057400
2015-09-28 00:00:00-04:00,116.73878069742155,116.85413397737334,114.5407614472899,115.45072937011719,1000600
2015-09-29 00:00:00-04:00,115.69427000551808,117.73849852827755,115.45716844032209,116.90542602539062,1595800
2015-09-30 00:00:00-04:00,117.6744067916781,118.07171417984343,116.46965564280349,117.7320785522461,1431900
2015-10-01 00:00:00-04:00,118.34725355561413,119.3020838831652,117.66798235781059,119.12905883789062,1068000
2015-10-02 00:00:00-04:00,118.77023195557545,120.22490412190491,117.81541114385149,120.14159393310547,1199900
2015-10-05 00:00:00-04:00,120.73113338998434,123.00605858033289,120.73113338998434,122.91634368896484,1587900
2015-10-06 00:00:00-04:00,123.08302269990759,124.25572156087283,122.36529344873016,122.8651351928711,1362200
2015-10-07 00:00:00-04:00,123.31365205261814,124.5248177627601,122.77536270023718,124.46073150634766,1301700
2015-10-08 00:00:00-04:00,124.19795916150315,125.21686583674098,123.25594815135878,124.92849731445312,961800
2015-10-09 00:00:00-04:00,124.8067650042273,125.10795279206089,124.03137414650288,125.01183319091797,876600
2015-10-12 00:00:00-04:00,124.94774356751144,126.30629582221626,124.37741113367332,126.01151275634766,1058200
2015-10-13 00:00:00-04:00,125.72314658115322,126.06918692072449,124.3453703804521,124.9349365234375,1303100
2015-10-14 00:00:00-04:00,125.21687445503291,125.99227498478072,124.06980499962758,124.3838119506836,1118600
2015-10-15 00:00:00-04:00,125.03105337694343,126.67155970871575,124.30691980932947,126.62029266357422,1030500
2015-10-16 00:00:00-04:00,126.87663728578838,127.42133134665266,126.46009617998536,127.26753997802734,1217600
2015-10-19 00:00:00-04:00,127.19060251160107,129.86924892003358,127.15855939180362,129.8243865966797,879900
2015-10-20 00:00:00-04:00,129.4207282320791,130.15126668666264,128.8888435131345,129.53607177734375,1049600
2015-10-21 00:00:00-04:00,130.24093627929688,131.18935206375977,129.80517133301632,130.24093627929688,1158300
2015-10-22 00:00:00-04:00,130.59339537111552,131.86863744737673,130.39474168316593,131.25985717773438,1514300
2015-10-23 00:00:00-04:00,130.77925485293878,131.47134537350857,129.1900153861804,130.11279296875,1193000
2015-10-26 00:00:00-04:00,130.15123399314197,130.54854136461762,129.06824090308592,130.32424926757812,967000
2015-10-27 00:00:00-04:00,129.95258775799385,132.38771891048336,129.60654738505548,132.1313934326172,1010400
2015-10-28 00:00:00-04:00,132.34927694913355,133.38100317741578,129.4335280624064,131.8238067626953,1369600
2015-10-29 00:00:00-04:00,131.83659099555933,131.88785803925103,129.8500443879978,130.97789001464844,1094200
2015-10-30 00:00:00-04:00,131.2342294956238,131.46492632782414,129.1002960205078,129.1002960205078,2021800
2015-11-02 00:00:00-05:00,129.1835666570045,132.15058166403162,128.95286987795419,131.86221313476562,1353200
2015-11-03 00:00:00-05:00,131.46490859576843,132.2339044515069,130.18326187378895,130.66387939453125,969300
2015-11-04 00:00:00-05:00,130.9010064896798,131.33676173422685,130.09997719174208,130.56137084960938,1207900
2015-11-05 00:00:00-05:00,130.24736406298106,131.061212568943,129.56167828926607,130.087158203125,1171600
2015-11-06 00:00:00-05:00,128.48507599957597,128.65168654306868,123.94164099553312,124.8964614868164,1836200
2015-11-09 00:00:00-05:00,124.7490794349516,124.97977623034788,121.61545366809507,122.72407531738281,1805700
2015-11-10 00:00:00-05:00,123.14704129345941,124.99902067404007,122.85226798205342,124.61453247070312,1010300
2015-11-11 00:00:00-05:00,124.93496247869032,125.23614054852607,123.69816795373421,124.03780364990234,858300
2015-11-12 00:00:00-05:00,123.93439373934724,124.48362782875836,122.77129528575452,123.46915435791016,1133300
2015-11-13 00:00:00-05:00,123.46918177618424,123.67594940291059,119.88942295516772,120.40635681152344,2038800
2015-11-16 00:00:00-05:00,119.79245231202673,121.40140568210369,119.27551867082339,121.24632263183594,1373000
2015-11-17 00:00:00-05:00,121.00079988867581,122.06050961731813,120.70356964388705,120.72295379638672,998500
2015-11-18 00:00:00-05:00,120.98786722042524,123.08790223928096,120.85862640843625,122.92636108398438,1174600
2015-11-19 00:00:00-05:00,123.23011074923326,124.52889863116317,122.66148248982812,123.4433364868164,937600
2015-11-20 00:00:00-05:00,124.3285569038174,124.51594033550218,123.4885407907288,124.21224212646484,1228100
2015-11-23 00:00:00-05:00,124.2768949890482,124.61290349394724,123.15903248545537,123.47564697265625,926000
2015-11-24 00:00:00-05:00,122.77130332335014,123.10084379857118,119.98633480972376,120.9878921508789,1892900
2015-11-25 00:00:00-05:00,121.56297356499992,122.1962122384101,121.1817288817029,121.79559326171875,944900
2015-11-27 00:00:00-05:00,121.6081952021341,123.32053758187686,121.54358464761172,122.77129364013672,475800
2015-11-30 00:00:00-05:00,123.41745326361024,123.44329551241734,120.10262531666467,120.34171295166016,2237900
2015-12-01 00:00:00-05:00,120.85862501713568,121.92480254563337,119.54691164000269,121.9054183959961,1520200
2015-12-02 00:00:00-05:00,121.814984083246,121.87313654568628,118.13830499813531,118.26107788085938,1671600
2015-12-03 00:00:00-05:00,118.04780641319805,118.88782232287922,116.66501463314646,117.40164184570312,2135100
2015-12-04 00:00:00-05:00,118.40321911123819,121.38849676761552,117.6859759244824,121.06541442871094,1760700
2015-12-07 00:00:00-05:00,120.59374480462527,121.56299204501688,120.27712048994128,121.369140625,936800
2015-12-08 00:00:00-05:00,121.26575456281066,121.8925352475396,120.470974568862,121.4531478881836,1545300
2015-12-09 00:00:00-05:00,120.93618653310546,122.35774688841092,120.38048450170442,120.99433898925781,1053300
2015-12-10 00:00:00-05:00,121.09772000013548,121.7309585994411,119.49522456151902,119.55984497070312,955800
2015-12-11 00:00:00-05:00,118.8878596644858,119.81187055357641,118.1576903187765,119.28202056884766,1296900
2015-12-14 00:00:00-05:00,118.89431387141002,120.2964901942305,118.55184734305574,120.1672592163086,1026000
2015-12-15 00:00:00-05:00,121.16883424552455,124.15411266817354,121.16883424552455,122.57746887207031,1739900
2015-12-16 00:00:00-05:00,123.10081165768625,125.4076239610137,122.86819201247415,124.92945861816406,1831700
2015-12-17 00:00:00-05:00,124.86484316381843,125.37530882811865,124.25744689967401,125.01345825195312,1053200
2015-12-18 00:00:00-05:00,124.6774598192206,125.31069837778888,123.08790039632825,123.10728454589844,2252300
2015-12-21 00:00:00-05:00,124.23160829853528,124.67746347108792,122.91989488752118,123.96022033691406,1148700
2015-12-22 00:00:00-05:00,124.40608057487245,125.47871627139939,124.19284505498287,124.4513168334961,1500000
2015-12-23 00:00:00-05:00,124.94890264312775,125.47876258990163,124.63874625411275,125.37537384033203,1243500
2015-12-24 00:00:00-05:00,125.10396493974643,126.2282952198225,124.8778033201768,125.5821304321289,379500
2015-12-28 00:00:00-05:00,125.27843807571435,125.53690005905126,124.66457361082703,125.40766906738281,834000
2015-12-29 00:00:00-05:00,126.23475001159305,126.58367464954323,125.65966375999734,126.5125961303711,1083900
2015-12-30 00:00:00-05:00,126.46740346395806,126.83571235451781,125.98277975658841,126.10555267333984,598900
2015-12-31 00:00:00-05:00,126.17659962898941,126.86153271974601,125.07812147251042,125.6402816772461,1013500
2016-01-04 00:00:00-05:00,124.26390290063557,124.64513761840438,122.95218965430735,124.28328704833984,1445500
2016-01-05 00:00:00-05:00,124.7097769270337,127.13935245135693,124.4706991626371,126.75811767578125,1236500
2016-01-06 00:00:00-05:00,125.80181803152946,126.98430071919081,125.78889197568466,126.44798278808594,941800
2016-01-07 00:00:00-05:00,124.65815033193013,125.252620947408,123.66951867296528,123.77936553955078,1285800
2016-01-08 00:00:00-05:00,123.9020934508558,124.61287863486781,119.92818409761252,120.25126647949219,1397800
2016-01-11 00:00:00-05:00,120.97496435965382,121.44020376487522,120.02510139563445,120.64542388916016,1211300
2016-01-12 00:00:00-05:00,121.1300338862347,121.1300338862347,119.26261837646337,119.88938903808594,1380000
2016-01-13 00:00:00-05:00,120.05091152484052,122.3189554833513,118.79736053697317,119.0687484741211,1262200
2016-01-14 00:00:00-05:00,119.35309492431652,121.43373634166342,118.60354145041747,119.96694946289062,1376400
2016-01-15 00:00:00-05:00,117.82167537222159,119.60509635039814,116.87181242332966,119.00415802001953,2418000
2016-01-19 00:00:00-05:00,120.18665977401602,120.98143976342048,119.3660276696837,120.44512176513672,1138600
2016-01-20 00:00:00-05:00,119.42415605838106,119.61799756678585,115.0431506343201,116.72318267822266,2188800
2016-01-21 00:00:00-05:00,118.09308960420809,118.92017985962572,116.38075662065447,118.0543212890625,1456800
2016-01-22 00:00:00-05:00,119.60508727826854,121.56296548734963,119.2303105773642,121.0395736694336,1208900
2016-01-25 00:00:00-05:00,121.07186111625607,122.16388089639268,119.57276433205193,119.63737487792969,1239100
2016-01-26 00:00:00-05:00,119.94108072530535,122.86174774169923,119.55984594321251,122.86174774169922,1420500
2016-01-27 00:00:00-05:00,122.44825173508858,122.44825173508858,119.43712085643736,120.21251678466797,1495300
2016-01-28 00:00:00-05:00,120.90387521120905,121.86019618909272,119.93462817884716,120.69709777832031,1282700
2016-01-29 00:00:00-05:00,122.27375301232324,122.5192987726867,114.72655345691798,120.36756896972656,3488400
2016-02-01 00:00:00-05:00,119.91521976717164,122.44818364947572,119.84414127145722,121.43370056152344,1524900
2016-02-02 00:00:00-05:00,121.53710124848497,121.75033675666707,119.49521867894397,120.25769805908203,1450900
2016-02-03 00:00:00-05:00,120.968534194075,121.98300795103411,119.13988636013485,121.6728515625,1387800
2016-02-04 00:00:00-05:00,121.45308809329798,121.91831747899066,120.21891148792133,121.2075424194336,1191000
2016-02-05 00:00:00-05:00,120.33523329644161,120.90386131182416,118.15120360585689,118.88136291503906,1447700
2016-02-08 00:00:00-05:00,119.24970564721775,119.24970564721775,115.43732773636545,117.91213989257812,1839300
2016-02-09 00:00:00-05:00,116.27732341158271,117.07210314723928,113.79605359411988,115.61823272705078,2102600
2016-02-10 00:00:00-05:00,115.93119897745841,119.28897831671627,115.93119897745841,118.14798736572266,1445700
2016-02-11 00:00:00-05:00,116.40065698745614,118.82607898400967,116.13986298835175,118.33056640625,1943200
2016-02-12 00:00:00-05:00,119.58890180705413,120.4038954214425,118.29795470748564,119.6606216430664,1633200
2016-02-16 00:00:00-05:00,121.04284793520374,121.95564675481558,119.6736646287648,121.49925231933594,1538800
2016-02-17 00:00:00-05:00,122.55547458328897,123.54650955573307,121.94911419042148,121.99475860595703,1302800
2016-02-18 00:00:00-05:00,121.61007831606612,123.86597485363176,121.55139122046869,123.39653778076172,863800
2016-02-19 00:00:00-05:00,122.56202850274757,123.90513673357178,121.54491780168283,123.52046203613281,1341000
2016-02-22 00:00:00-05:00,123.52044319751992,125.46338539293681,123.19444571747967,123.50740051269531,1122500
2016-02-23 00:00:00-05:00,123.46179215697705,124.99398461676105,123.26619163784315,123.67042541503906,832400
2016-02-24 00:00:00-05:00,123.20094676513253,124.11373554256659,121.88391443027636,123.33786010742188,776100
2016-02-25 00:00:00-05:00,124.31587689047366,125.28082663836294,123.82036430613127,125.14391326904297,899100
2016-02-26 00:00:00-05:00,125.20259416442762,125.77635292558931,124.10724738255946,124.13983917236328,979300
2016-02-29 00:00:00-05:00,124.39413135046053,125.71769045619533,123.24662364269989,123.70301818847656,1734300
2016-03-01 00:00:00-05:00,124.38110068672427,126.9173610783953,124.33545625705793,126.85215759277344,1226200
2016-03-02 00:00:00-05:00,126.73477902140972,127.61496621705514,126.27185823879155,127.32808685302734,1099500
2016-03-03 00:00:00-05:00,127.96703812300183,128.80159077507338,126.0632142636728,128.71031188964844,1366100
2016-03-04 00:00:00-05:00,128.61904259259904,129.4796707266711,127.35417083695013,129.4340362548828,1503800
2016-03-07 00:00:00-05:00,129.13412201258834,130.4511546360425,128.60600767930205,130.17079162597656,1193100
2016-03-08 00:00:00-05:00,129.3036279955727,130.05341812010158,128.46906540532837,128.8928680419922,1003800
2016-03-09 00:00:00-05:00,129.18624220344716,130.0533964338243,128.67117071704448,128.94500732421875,1000600
2016-03-10 00:00:00-05:00,129.66223724383715,130.3207585344516,127.78449848455439,129.10804748535156,1022700
2016-03-11 00:00:00-05:00,130.73805631561794,131.2531280517578,129.2123802664083,131.2531280517578,1527700
2016-03-14 00:00:00-04:00,130.56848156383288,131.4226031512026,128.86025828639666,129.80564880371094,1433900
2016-03-15 00:00:00-04:00,129.3427963628515,130.35990716828235,129.14719583519414,130.164306640625,888900
2016-03-16 00:00:00-04:00,129.59051785379697,131.22703161076552,128.55384822958948,130.75106811523438,915000
2016-03-17 00:00:00-04:00,130.91409283683785,134.31099171340583,130.4250965077842,133.74375915527344,1702300
2016-03-18 00:00:00-04:00,133.69156595153336,134.88471789909087,132.6418536882934,133.6328887939453,2486800
2016-03-21 00:00:00-04:00,134.0370977995619,134.16749477530072,131.94419002637562,132.35494995117188,1082600
2016-03-22 00:00:00-04:00,132.06809449855123,132.61576786480356,131.3052616065598,131.9442138671875,1011700
2016-03-23 00:00:00-04:00,131.1031165009101,132.47229962135958,130.99227857796785,131.376953125,1068200
2016-03-24 00:00:00-04:00,130.64020558020587,131.52691897869462,130.25553100441164,131.3378448486328,731600
2016-03-28 00:00:00-04:00,131.6638165068196,132.83088268848022,131.0183381468274,132.40057373046875,625800
2016-03-29 00:00:00-04:00,132.8896222202478,135.0020795981856,132.69402173560252,134.92384338378906,1085100
2016-03-30 00:00:00-04:00,135.21073123023007,135.40632177846237,134.0827726759329,134.1349334716797,929200
2016-03-31 00:00:00-04:00,134.46740558921792,135.6931489975959,134.265278852685,135.4127960205078,1442300
2016-04-01 00:00:00-04:00,135.28895738032796,136.86678402678058,134.89775641567033,136.3321533203125,1256800
2016-04-04 00:00:00-04:00,136.5472937844685,137.18625598062977,135.23678755313333,136.11045837402344,823300
2016-04-05 00:00:00-04:00,135.595378540641,135.94745140505802,134.7086650892119,134.99554443359375,966900
2016-04-06 00:00:00-04:00,134.59130178531166,136.23433171104423,134.23922891840954,136.04525756835938,939400
2016-04-07 00:00:00-04:00,135.9539776128628,136.18216985578297,134.03711103934,134.82601928710938,902300
2016-04-08 00:00:00-04:00,135.17159214470146,135.71926549207322,134.7869075793459,135.0281524658203,1050000
2016-04-11 00:00:00-04:00,135.6084093104267,135.72576360537153,134.7151696214116,134.75428771972656,943100
2016-04-12 00:00:00-04:00,135.1454886009322,136.22780241469277,134.74125498680664,135.6866455078125,885900
2016-04-13 00:00:00-04:00,136.36471183808507,136.36471183808507,134.7673265280162,135.3802032470703,800700
2016-04-14 00:00:00-04:00,135.4324108693789,135.85620366705817,134.18058158304663,135.58236694335938,1033600
2016-04-15 00:00:00-04:00,135.45844679435055,135.75185243650822,134.35005753629997,135.53016662597656,1066700
2016-04-18 00:00:00-04:00,135.530189638998,136.54730018847096,135.24983658054356,136.31259155273438,861100
2016-04-19 00:00:00-04:00,136.5407708176762,136.56032986879165,135.61493925315165,135.78445434570312,1007600
2016-04-20 00:00:00-04:00,134.6369623490206,134.99556157503204,132.58318215705637,132.8244171142578,2636900
2016-04-21 00:00:00-04:00,132.72007123450047,133.3199053079062,129.81869611636603,129.93605041503906,1704600
2016-04-22 00:00:00-04:00,130.26205847289143,132.15284967791004,130.26205847289143,131.79425048828125,1397800
2016-04-25 00:00:00-04:00,131.47480672412098,132.79183959960938,131.16185186462818,132.79183959960938,1245500
2016-04-26 00:00:00-04:00,133.27430257560815,133.40469958806693,131.72255126598193,132.97438049316406,1439000
2016-04-27 00:00:00-04:00,133.4763963294687,133.96539250302374,132.27672810469036,133.37860107421875,1407900
2016-04-28 00:00:00-04:00,132.33543068001217,133.76981774159458,132.30282893911507,132.78530883789062,759700
2016-04-29 00:00:00-04:00,132.35500217424664,132.59623717197968,130.47725314702254,131.16184997558594,1504900
2016-05-02 00:00:00-04:00,132.21156377832116,133.65899367646608,132.14636028974846,133.34603881835938,872800
2016-05-03 00:00:00-04:00,132.53101574107592,133.7176413720214,132.46581226687584,133.6328887939453,758100
2016-05-04 00:00:00-04:00,132.53097063692104,135.49102231326077,132.53097063692104,135.3671417236328,1107800
2016-05-05 00:00:00-04:00,134.71517427635104,135.96048684188276,134.27833891565368,135.9018096923828,1106000
2016-05-06 00:00:00-04:00,135.7779057164364,137.49265508024087,135.43886566323906,137.4535369873047,1091000
2016-05-09 00:00:00-04:00,137.37532007680412,138.93358745170576,136.4625312186137,138.90098571777344,1206100
2016-05-10 00:00:00-04:00,139.32483639106857,140.04855135978184,138.93363534632678,139.47479248046875,1133500
2016-05-11 00:00:00-04:00,139.15527964106406,139.18136501072948,131.898582495945,132.51145935058594,4023100
2016-05-12 00:00:00-04:00,133.01347622717435,133.8741142722079,130.23598152926664,133.0330352783203,3067600
2016-05-13 00:00:00-04:00,131.9553382754087,131.9553382754087,128.2227319157363,129.12303161621094,3369700
2016-05-16 00:00:00-04:00,129.1492651343665,131.58071015463287,128.4526900232541,131.0221405029297,1797400
2016-05-17 00:00:00-04:00,130.21384927083963,130.89071078952622,127.71669533217658,128.45269775390625,1921900
2016-05-18 00:00:00-04:00,127.90728938837462,128.71557864013243,125.39698918232048,127.15157318115234,2428000
2016-05-19 00:00:00-04:00,126.15273420379303,127.65759909162442,125.67958672218552,127.38817596435547,1913900
2016-05-20 00:00:00-04:00,128.0912883297585,129.3727249380379,127.51299487482919,128.2292938232422,2266900
2016-05-23 00:00:00-04:00,128.43955711258806,129.30041927105057,127.60497645854399,128.63670349121094,1280800
2016-05-24 00:00:00-04:00,129.37931606833115,131.04189989401712,128.96530957281877,129.87217712402344,1493400
2016-05-25 00:00:00-04:00,130.07589645232775,130.36504322054643,127.99273817965944,128.86016845703125,1531800
2016-05-26 00:00:00-04:00,128.99159758819428,130.2138934690369,128.14388094166225,129.54360961914062,843100
2016-05-27 00:00:00-04:00,129.58297964974767,130.49641471436507,129.24782784558965,129.96412658691406,886800
2016-05-31 00:00:00-04:00,130.60811175186944,130.70011203327016,128.8469606429757,129.87867736816406,1475100
2016-06-01 00:00:00-04:00,129.18871220552498,130.94329601682074,129.18871220552498,130.28614807128906,1205000
2016-06-02 00:00:00-04:00,129.62900798392099,130.31244750398218,128.8732918116605,129.72100830078125,1115000
2016-06-03 00:00:00-04:00,130.54247037885128,131.31134250533353,129.86560861561014,131.094482421875,1374800
2016-06-06 00:00:00-04:00,131.3835599010458,132.36271377057784,129.80640913121488,130.55555725097656,1370000
2016-06-07 00:00:00-04:00,130.55563340932903,132.00135746290303,130.54248763751596,131.10763549804688,881400
2016-06-08 00:00:00-04:00,131.0090095447759,132.66502510844444,130.7790037621925,132.3824462890625,1211600
2016-06-09 00:00:00-04:00,132.28392018716917,133.23678296742256,131.43619348667164,132.513916015625,824100
2016-06-10 00:00:00-04:00,131.93566168050907,132.62566937315333,131.30479492593196,131.6005096435547,830200
2016-06-13 00:00:00-04:00,131.96843982769357,133.09215706808297,131.42957376217393,132.56643676757812,999200
2016-06-14 00:00:00-04:00,132.35617954436563,134.2553368411458,132.0407412883975,133.2827606201172,1257600
2016-06-15 00:00:00-04:00,133.51278177807296,134.912510476543,133.51278177807296,134.20278930664062,1261300
2016-06-16 00:00:00-04:00,133.88074865717442,135.60248309972758,133.26960587854404,135.51048278808594,843200
2016-06-17 00:00:00-04:00,135.42506114047046,135.42506114047046,133.80847264730582,135.30020141601562,1452700
2016-06-20 00:00:00-04:00,136.6276455393447,137.84994124237917,135.6616371598199,136.00335693359375,1214400
2016-06-21 00:00:00-04:00,136.20704590268318,137.30448167518367,136.03618103390517,136.96932983398438,1190800
2016-06-22 00:00:00-04:00,137.35050964335713,137.67251579609126,136.51593884361677,137.0745086669922,1087900
2016-06-23 00:00:00-04:00,137.85650990699313,138.29023000382637,136.99564761094356,137.403076171875,730200
2016-06-24 00:00:00-04:00,134.43934207826686,137.2256532709901,133.4076148818797,135.70106506347656,1733900
2016-06-27 00:00:00-04:00,135.00450779523678,136.75909202581013,133.9793583596015,136.65394592285156,1760100
2016-06-28 00:00:00-04:00,137.4819196381832,140.11707916615157,136.68676624943984,140.03164672851562,1732000
2016-06-29 00:00:00-04:00,140.56395257412822,142.03596769751002,139.92651821473433,141.24081420898438,1575600
2016-06-30 00:00:00-04:00,141.76653841662923,142.71283316224952,140.5639563463437,142.535400390625,2073000
2016-07-01 00:00:00-04:00,142.9494025513358,143.8825515009695,142.28568668620213,142.693115234375,1047900
2016-07-05 00:00:00-04:00,142.82450650854753,144.7368090942745,142.79164711169668,144.72366333007812,1321800
2016-07-06 00:00:00-04:00,144.3622593713046,144.78941156265503,142.46968006070918,142.95596313476562,1397200
2016-07-07 00:00:00-04:00,142.62740795240623,143.03484656079465,140.54424984313334,141.67454528808594,1235700
2016-07-08 00:00:00-04:00,142.46308380403576,144.4082459314297,141.96365502747287,144.28338623046875,1152800
2016-07-11 00:00:00-04:00,144.44111954829455,146.05112999952587,143.5013927777556,145.7159881591797,998200
2016-07-12 00:00:00-04:00,145.44661098307878,145.78175295220007,144.03373634959004,145.53204345703125,1254200
2016-07-13 00:00:00-04:00,145.73571509414182,147.36543933015386,145.2559898334235,147.35887145996094,1194200
2016-07-14 00:00:00-04:00,147.35228890975114,147.35228890975114,145.558277730018,145.99856567382812,1159700
2016-07-15 00:00:00-04:00,146.30084812224362,146.66227146502513,144.53311857098302,146.5045623779297,1115200
2016-07-18 00:00:00-04:00,146.57685329033734,146.84628635829188,145.44655800615524,146.0708465576172,849000
2016-07-19 00:00:00-04:00,146.2811518703109,146.563720703125,144.99313735136835,146.563720703125,1077100
2016-07-20 00:00:00-04:00,146.83313351175394,146.86599291335853,145.76197918859026,146.7017059326172,751800
2016-07-21 00:00:00-04:00,146.37316525477956,147.43117405242467,145.12457790086137,147.3325958251953,663200
2016-07-22 00:00:00-04:00,147.12886932765915,148.60088449758823,146.8988635104792,148.05545043945312,967300
2016-07-25 00:00:00-04:00,148.4168705674028,148.79143968988737,147.25371587220576,147.51657104492188,800400
2016-07-26 00:00:00-04:00,147.53633776959342,147.9240628256958,146.8594759303759,147.52976989746094,920600
2016-07-27 00:00:00-04:00,147.95687116455085,147.9897305706682,143.94827430030622,145.68971252441406,1587600
2016-07-28 00:00:00-04:00,145.76198581556147,148.35115035412483,145.63712610015634,147.2471466064453,923600
2016-07-29 00:00:00-04:00,147.15512219999638,150.55258561542817,147.15512219999638,149.1988525390625,1260500
2016-08-01 00:00:00-04:00,149.08060138282946,150.13861010438538,148.68630855683625,149.56689453125,921600
2016-08-02 00:00:00-04:00,148.8965849664238,149.50115988223416,146.68199956503042,146.94485473632812,1301900
2016-08-03 00:00:00-04:00,146.01828948786618,146.13658134682748,144.80257165516926,146.090576171875,1510600
2016-08-04 00:00:00-04:00,146.2482943786465,146.59001415790587,144.15855845339777,144.32284545898438,1036300
2016-08-05 00:00:00-04:00,144.6513962918573,145.22312179824038,143.56710623964082,144.38197326660156,1378700
2016-08-08 00:00:00-04:00,144.36887103402657,146.13002316968277,144.09287002891406,144.55287170410156,1147500
2016-08-09 00:00:00-04:00,144.57258101550235,145.4728706976407,143.48829066879978,144.98658752441406,881800
2016-08-10 00:00:00-04:00,144.49369135595092,145.37426718351864,143.48825581619582,143.90225219726562,1218800
2016-08-11 00:00:00-04:00,143.94167662362233,143.94167662362233,140.2945136732611,140.9910888671875,2212900
2016-08-12 00:00:00-04:00,141.18822446262408,142.3119417096807,140.71507719209052,141.43136596679688,1196500
2016-08-15 00:00:00-04:00,141.94792282947665,142.36511767896533,141.30556381617964,141.7691192626953,1148100
2016-08-16 00:00:00-04:00,141.603635409999,141.92150072084766,139.246114987089,140.1070098876953,1273100
2016-08-17 00:00:00-04:00,140.10698322354975,142.0406794957358,139.29243899393137,141.69631958007812,1128900
2016-08-18 00:00:00-04:00,141.3784230905982,142.42473983427323,141.08041374793774,141.94793701171875,890800
2016-08-19 00:00:00-04:00,141.4115492932912,141.9479601346086,139.76923380627082,140.32550048828125,973500
2016-08-22 00:00:00-04:00,140.6235059299511,141.22612309949392,139.74936393583988,140.71621704101562,811700
2016-08-23 00:00:00-04:00,141.29893707788654,141.45125609474994,140.3387129027851,140.371826171875,677700
2016-08-24 00:00:00-04:00,140.57052257683435,142.15324013654177,139.80895766106116,141.87510681152344,1371100
2016-08-25 00:00:00-04:00,141.97443124574474,144.05381754513596,141.92808074567765,142.74261474609375,1052200
2016-08-26 00:00:00-04:00,143.14658204285016,144.49089820626833,140.98772171961946,141.55723571777344,1253500
2016-08-29 00:00:00-04:00,141.5572123849728,143.23264082686114,141.29232642683098,142.83531188964844,883700
2016-08-30 00:00:00-04:00,143.06710686221942,143.17306530388177,141.15990543606247,142.97439575195312,944700
2016-08-31 00:00:00-04:00,142.70286830095566,143.76905095076188,141.93468487897385,142.6896209716797,1817500
2016-09-01 00:00:00-04:00,142.3055459571482,143.4710584513929,141.8883409263932,143.05386352539062,881900
2016-09-02 00:00:00-04:00,143.6498828124655,145.29882712518318,142.78236945562855,143.49757385253906,939100
2016-09-06 00:00:00-04:00,143.78225827061794,144.4842150049744,142.64323070382275,144.47097778320312,1374700
2016-09-07 00:00:00-04:00,144.43790453160372,145.06701630149755,143.63660778349004,144.99417114257812,813600
2016-09-08 00:00:00-04:00,144.3518004912082,144.7491395271097,143.4180709349171,143.76242065429688,2414600
2016-09-09 00:00:00-04:00,142.58367763723234,142.58367763723234,138.92819243605618,139.00103759765625,1693000
2016-09-12 00:00:00-04:00,138.5441376005196,141.41156380493072,138.0673346513659,140.57716369628906,2081200
2016-09-13 00:00:00-04:00,139.76261134322135,139.86194106771825,137.02761840820312,137.02761840820312,1406600
2016-09-14 00:00:00-04:00,137.44476753217947,139.25263851564497,137.12027372294241,137.59707641601562,1212800
2016-09-15 00:00:00-04:00,137.27923938241497,137.9613302985033,136.68985955866626,137.68319702148438,1230100
2016-09-16 00:00:00-04:00,137.31234798435543,138.4248810546119,136.66336025528827,138.22621154785156,2460600
2016-09-19 00:00:00-04:00,139.0010187170581,139.33875992257944,138.2858246336333,138.7957305908203,960100
2016-09-20 00:00:00-04:00,139.53079076193302,139.68972838287954,138.1930935736972,138.19972229003906,974700
2016-09-21 00:00:00-04:00,138.11364866020912,139.8155718131934,136.43160155421182,139.6433868408203,1498100
2016-09-22 00:00:00-04:00,140.40491610925037,142.02736497753642,139.6565987921238,141.37838745117188,1173600
2016-09-23 00:00:00-04:00,141.09362551002,141.82207688994401,139.29237310216178,141.37838745117188,1208900
2016-09-26 00:00:00-04:00,141.1731653777988,142.43139933929766,140.72285708540778,142.219482421875,1073800
2016-09-27 00:00:00-04:00,142.74923883906118,142.74923883906118,140.8155427880808,141.00758361816406,935500
2016-09-28 00:00:00-04:00,141.04731831045646,141.5373583848386,139.51095133030643,140.79566955566406,1149600
2016-09-29 00:00:00-04:00,140.19965300732224,140.3850751907571,137.21301192211916,137.46466064453125,1362700
2016-09-30 00:00:00-04:00,138.63022041981932,138.99444629939606,137.06736854952564,137.0872344970703,1697200
2016-10-03 00:00:00-04:00,136.61041288905446,136.61041288905446,133.04101996619804,133.66351318359375,2024100
2016-10-04 00:00:00-04:00,133.4581758341861,133.98133913462436,130.71656530551138,131.6966552734375,1894600
2016-10-05 00:00:00-04:00,132.02118602737346,133.1072347023468,128.92196754699688,129.61068725585938,1612300
2016-10-06 00:00:00-04:00,129.37227911349592,131.51789179613976,127.5776448798221,130.1139678955078,1364700
2016-10-07 00:00:00-04:00,130.88213692723915,132.64365769533418,129.67689278916143,130.33248901367188,1427000
2016-10-10 00:00:00-04:00,130.4384502929034,131.67018911432052,130.3589865317639,130.7894287109375,699000
2016-10-11 00:00:00-04:00,130.78944471039708,131.24638160234818,129.01468646283575,129.49810791015625,959400
2016-10-12 00:00:00-04:00,129.84911084779935,131.81592038535464,129.52461688103207,131.72982788085938,1206700
2016-10-13 00:00:00-04:00,131.00800728507596,131.92849987204377,130.39876133803114,131.64373779296875,1226300
2016-10-14 00:00:00-04:00,131.8159186478096,132.34570079084776,130.4517364501953,130.4517364501953,1056400
2016-10-17 00:00:00-04:00,130.6238992544449,131.31923762123662,129.94842683201122,130.7828369140625,1014500
2016-10-18 00:00:00-04:00,131.41192626953125,132.2397074921475,131.001350016634,131.41192626953125,855900
2016-10-19 00:00:00-04:00,131.3390936683272,131.61060836043117,129.20010961401897,131.42518615722656,1409700
2016-10-20 00:00:00-04:00,131.7828144228436,131.87552554638808,130.0080557422051,130.6305389404297,1241800
2016-10-21 00:00:00-04:00,129.65707223547406,130.39214263872722,129.16040331718827,130.16036987304688,872100
2016-10-24 00:00:00-04:00,130.90864012258643,131.9086063928908,129.79610691360796,130.46495056152344,1030400
2016-10-25 00:00:00-04:00,130.02124103580715,130.9218673496788,129.67689134576108,130.63711547851562,1035700
2016-10-26 00:00:00-04:00,129.20674164435914,129.84248219618868,124.15396082044043,124.74996948242188,2676100
2016-10-27 00:00:00-04:00,124.59764665790205,124.60427537584481,120.42563667415853,121.3395004272461,3726600
2016-10-28 00:00:00-04:00,122.00171716897728,123.19372427051697,120.54482409142979,121.10771942138672,1694000
2016-10-31 00:00:00-04:00,122.02823016238676,123.39241234280473,121.10773761605351,123.14739227294922,1932800
2016-11-01 00:00:00-04:00,122.50502802679344,122.8295118670687,120.28656984302806,121.35275268554688,1861200
2016-11-02 00:00:00-04:00,121.59112040937366,121.99507802288323,118.96870522737291,118.98857116699219,1662400
2016-11-03 00:00:00-04:00,118.94226581020219,119.60449099480222,117.94892803330212,118.75684356689453,1118900
2016-11-04 00:00:00-04:00,119.27997448769905,119.54487057435962,118.22703906819864,119.38593292236328,1662700
2016-11-07 00:00:00-05:00,121.17391485758058,121.5911197969853,119.72364064417422,120.47857666015625,1082700
2016-11-08 00:00:00-05:00,120.73025945883046,121.77657635622032,119.86274617235462,121.35275268554688,874100
2016-11-09 00:00:00-05:00,119.29322499981161,120.32629450345887,115.82979067546786,119.71704864501953,2099600
2016-11-10 00:00:00-05:00,120.07460831804003,123.48506207373025,117.00187547557515,120.71695709228516,3137400
2016-11-11 00:00:00-05:00,120.6905155086735,122.47852112488856,120.5117119156263,120.92891693115234,1795200
2016-11-14 00:00:00-05:00,121.14274427326046,124.51747525515492,119.75275568321118,124.02295684814453,1786900
2016-11-15 00:00:00-05:00,124.58432829440788,126.46883578824283,122.15853932915743,123.11415100097656,2468600
2016-11-16 00:00:00-05:00,123.36137919139797,123.78237803390192,121.51028744644304,122.25205993652344,1030500
2016-11-17 00:00:00-05:00,122.13177174182935,122.93369569325007,120.37424656072308,120.74178314208984,1090800
2016-11-18 00:00:00-05:00,120.66159947052641,121.45683429493603,119.72603508703688,120.84203338623047,1369300
2016-11-21 00:00:00-05:00,121.07588078957838,122.27207722383432,119.86632643759269,120.073486328125,1006600
2016-11-22 00:00:00-05:00,120.68834371865674,121.61054004447999,120.3809381454572,121.3432388305664,1068300
2016-11-23 00:00:00-05:00,120.42103939748776,120.92223685074886,118.98427744356127,120.7952651977539,1102500
2016-11-25 00:00:00-05:00,121.45015774003984,122.28548674073562,120.52127229914163,121.15612030029297,490900
2016-11-28 00:00:00-05:00,120.7150366964873,122.25872270731897,120.33413206114885,121.17613983154297,1398200
2016-11-29 00:00:00-05:00,121.59048277703964,123.06065972417571,121.18953098975899,121.82437896728516,1346900
2016-11-30 00:00:00-05:00,120.54132154258372,121.36328243889045,119.23152115935731,120.05348205566406,2234500
2016-12-01 00:00:00-05:00,119.56567754651594,119.87308317463105,117.52747228643082,118.1623306274414,2075900
2016-12-02 00:00:00-05:00,118.66350116535003,120.81529928543654,118.56325556734708,119.85968780517578,1273900
2016-12-05 00:00:00-05:00,119.95993610898543,120.82868040068232,118.97090932301225,120.7952651977539,1027300
2016-12-06 00:00:00-05:00,120.80865903033586,121.7174976802221,119.70602847724093,120.36092376708984,1202000
2016-12-07 00:00:00-05:00,120.75514563248448,122.80002918015202,120.62817400619768,122.79335021972656,1278400
2016-12-08 00:00:00-05:00,121.89116690990718,123.72221119761075,120.5880561015434,122.73318481445312,1196100
2016-12-09 00:00:00-05:00,122.79337795314105,123.73563162713674,122.14516175445367,122.57952880859375,974800
2016-12-12 00:00:00-05:00,122.272118852883,124.55089881834449,122.10505305242782,124.37714385986328,1066900
2016-12-13 00:00:00-05:00,124.90509678789743,125.42634135005925,123.00054228984473,125.2525863647461,1566000
2016-12-14 00:00:00-05:00,125.07212089882208,125.37283724640379,120.94893890570232,121.14273071289062,2093400
2016-12-15 00:00:00-05:00,121.21624647043063,121.74416984660395,119.91981439103256,120.28736114501953,1533700
2016-12-16 00:00:00-05:00,121.25637678740821,122.20530947358608,120.16711451496778,121.14945220947266,1975400
2016-12-19 00:00:00-05:00,121.98476280660763,122.82678098370292,121.18284898780672,122.04491424560547,1171300
2016-12-20 00:00:00-05:00,122.00483601878453,122.71319348785599,121.22295898168166,122.27881622314453,1295200
2016-12-21 00:00:00-05:00,122.47926278858976,123.25445044852809,118.85727793225358,119.06443786621094,1617100
2016-12-22 00:00:00-05:00,118.95085118568596,119.51218983391601,116.95942967826754,117.77471160888672,1618000
2016-12-23 00:00:00-05:00,118.21576540954591,118.21576540954591,116.61861664231098,117.58091735839844,973500
2016-12-27 00:00:00-05:00,117.58762359619142,117.85492485753464,117.13987817826279,117.5876235961914,1041200
2016-12-28 00:00:00-05:00,117.88828857512965,117.98852395513184,115.68301844311621,116.41142272949219,1290100
2016-12-29 00:00:00-05:00,116.79903079044088,117.88830297161644,115.876824394261,117.60094451904297,1472900
2016-12-30 00:00:00-05:00,118.02198158520962,119.4854798407895,117.353718286544,118.73033905029297,2285100
2017-01-03 00:00:00-05:00,119.67924000423373,122.03820800781251,118.19569505847952,122.0382080078125,2751200
2017-01-04 00:00:00-05:00,122.23203397495482,123.04731595884208,121.31650638504915,123.01390075683594,1991700
2017-01-05 00:00:00-05:00,120.08023070987291,123.44827316272102,119.06446766664729,123.22774505615234,2186400
2017-01-06 00:00:00-05:00,122.65972090295021,125.7003207131219,122.02487285831585,124.85162353515625,2251400
2017-01-09 00:00:00-05:00,124.6243949871172,125.49312890002014,123.822471072305,124.23680114746094,1954000
2017-01-10 00:00:00-05:00,123.70885923111068,124.23010362249796,122.7265116788303,123.0873794555664,2666100
2017-01-11 00:00:00-05:00,122.75997313270587,123.28121772051611,121.3365791568653,121.61724853515625,2151700
2017-01-12 00:00:00-05:00,121.36327590507165,122.43918002722765,121.02914431678578,122.35230255126953,1243200
2017-01-13 00:00:00-05:00,122.20525969964993,123.6086161720254,121.94463752013846,122.96707916259766,1740400
2017-01-17 00:00:00-05:00,123.20771347572946,124.80486251193683,123.05401575674182,123.84925079345703,1888500
2017-01-18 00:00:00-05:00,123.6286860070604,125.07881585713844,123.44157313588174,124.67786407470703,1330300
2017-01-19 00:00:00-05:00,123.97617375490191,124.06973018147004,122.11171398680648,122.23868560791016,1939700
2017-01-20 00:00:00-05:00,122.17856032854999,123.65541626912669,121.02246786424764,123.31460571289062,2673600
2017-01-23 00:00:00-05:00,123.21437270385591,123.76903238629521,122.83345778341834,123.62869262695312,2150200
2017-01-24 00:00:00-05:00,123.75566399710814,123.87594647894986,122.5728352745618,123.05398559570312,2315200
2017-01-25 00:00:00-05:00,122.8936073362583,123.10745647031212,121.68405248781923,121.8912124633789,2063800
2017-01-26 00:00:00-05:00,122.23203226763194,122.5728428508029,121.53703278440882,121.68405151367188,1891300
2017-01-27 00:00:00-05:00,122.00482449763481,122.078323664948,119.3050353005143,119.95993041992188,2194000
2017-01-30 00:00:00-05:00,120.26066011318241,120.27401803655152,118.02865308708225,118.77711486816406,1716100
2017-01-31 00:00:00-05:00,119.62581508764053,123.00723610438835,119.62581508764053,122.80675506591797,3403200
2017-02-01 00:00:00-05:00,123.8826473616026,124.29696732300839,121.28310366793778,121.30982971191406,2925100
2017-02-02 00:00:00-05:00,121.1628014753328,122.63966766217894,121.1628014753328,122.26544189453125,1535100
2017-02-03 00:00:00-05:00,123.02728970874429,123.9027130863418,122.80676157442825,123.84925079345703,1805300
2017-02-06 00:00:00-05:00,123.12082244437707,123.96283045203963,121.4568433135213,121.67069244384766,1179400
2017-02-07 00:00:00-05:00,121.71079093941424,122.53275189498113,119.29836016031025,119.65921783447266,1812900
2017-02-08 00:00:00-05:00,119.7928599254099,121.04919802920949,119.39190811562885,120.70169830322266,1406100
2017-02-09 00:00:00-05:00,120.96234312225472,122.20531333862282,120.81532437216575,121.61724853515625,1298500
2017-02-10 00:00:00-05:00,121.7049334559184,123.26360788494041,121.48901831435485,122.87226104736328,1193500
2017-02-13 00:00:00-05:00,123.36483713527969,124.01259291015742,121.81290638513431,122.58212280273438,1250600
2017-02-14 00:00:00-05:00,122.18403391397364,123.06795695631918,121.35409224085674,122.08956909179688,1079700
2017-02-15 00:00:00-05:00,121.74543400200227,122.0153408367326,119.32307807469552,120.47015380859375,1954900
2017-02-16 00:00:00-05:00,120.69957554443322,122.03558089645855,120.47690626978019,120.90199279785156,1373100
2017-02-17 00:00:00-05:00,121.02347821593852,122.83856212963451,120.36896817354491,122.1907958984375,1657800
2017-02-21 00:00:00-05:00,122.4876525775898,125.24738404813446,122.1570205993416,124.93700408935547,1521200
2017-02-22 00:00:00-05:00,124.71430025977857,125.29458686520215,123.88435893551907,124.62657928466797,1469200
2017-02-23 00:00:00-05:00,124.62660480492583,125.3620814973222,123.9046260259003,124.8222885131836,1043700
2017-02-24 00:00:00-05:00,124.61985948243587,124.63335739564273,122.73729698188436,124.3499526977539,1213100
2017-02-27 00:00:00-05:00,124.85600528299564,126.41468979983382,124.3566957933459,125.7264404296875,1313800
2017-02-28 00:00:00-05:00,125.28112409236249,125.75344813718317,123.33783625550942,124.42418670654297,1841800
2017-03-01 00:00:00-05:00,124.33648551636374,124.74808442174937,122.95324261820595,123.15567016601562,1845900
2017-03-02 00:00:00-05:00,123.15564767704069,123.18263320707096,121.18537451632231,122.2244873046875,1566500
2017-03-03 00:00:00-05:00,122.47414883570059,122.61585118989078,120.65232172919106,121.05042266845703,1729600
2017-03-06 00:00:00-05:00,120.59833892758866,121.54299725380926,119.78863914503623,120.64557647705078,1104200
2017-03-07 00:00:00-05:00,120.43639611389354,120.84124082685403,118.70227985757984,119.6266860961914,1379700
2017-03-08 00:00:00-05:00,119.12062910828789,119.36354006793056,117.17735172703763,117.87234497070312,3275700
2017-03-09 00:00:00-05:00,117.85211038719991,117.92633347091684,114.14772060224158,114.24893951416016,4031600
2017-03-10 00:00:00-05:00,114.24890880348849,115.92228934596692,113.08158150100637,113.47293853759766,3101200
2017-03-13 00:00:00-04:00,114.03304682437368,114.54585445268309,112.60932020662412,113.8238754272461,2719600
2017-03-14 00:00:00-04:00,113.43249167176934,114.29617289445282,112.44734980745322,112.83870697021484,2718900
2017-03-15 00:00:00-04:00,113.36498929867109,116.71850488477195,113.02086975995232,114.70774841308594,2657100
2017-03-16 00:00:00-04:00,114.70778021722246,115.09913740876486,114.03302856888587,114.30292510986328,1110200
2017-03-17 00:00:00-04:00,113.98576591786356,114.51882536839823,112.6902442737695,113.37174987792969,2846800
2017-03-20 00:00:00-04:00,113.66188526223047,114.1814467870358,113.19630509157678,113.4324722290039,1076000
2017-03-21 00:00:00-04:00,113.74289736251299,114.51885768790919,112.6295508961128,114.00605010986328,2042000
2017-03-22 00:00:00-04:00,113.83734883472492,114.03302227174409,110.35562805056162,111.60391235351562,2554700
2017-03-23 00:00:00-04:00,111.73885600465097,114.43110798428013,111.6578788209187,113.06136322021484,1459700
2017-03-24 00:00:00-04:00,113.29075377966913,113.59440014058595,112.34610595605196,113.32449340820312,1545900
2017-03-27 00:00:00-04:00,112.62955468274491,113.60119879667245,111.71864604785839,112.10999298095703,1598200
2017-03-28 00:00:00-04:00,112.10997173135249,113.43923317749709,111.50269942319872,113.39200592041016,1980600
2017-03-29 00:00:00-04:00,113.2368154410021,114.63354586197362,112.73075175446753,114.6133041381836,1916500
2017-03-30 00:00:00-04:00,114.15445450565696,115.38250718497495,112.91966831371049,114.7347412109375,1548100
2017-03-31 00:00:00-04:00,114.95065806804371,116.38788195915801,114.85619327635813,116.0774917602539,2052000
2017-04-03 00:00:00-04:00,116.24620856205317,118.0005668968189,115.92907447618481,117.447265625,2526500
2017-04-04 00:00:00-04:00,117.44053470776319,118.56062499375415,114.99792656787184,115.08564758300781,2966100
2017-04-05 00:00:00-04:00,115.38252819748884,115.78738329197748,114.74826002087325,114.90345001220703,1725000
2017-04-06 00:00:00-04:00,114.76175983517808,115.13287529528458,114.06001236590528,114.57283020019531,1819800
2017-04-07 00:00:00-04:00,114.45137012574516,115.32180550889808,113.99928776148997,114.57957458496094,1501100
2017-04-10 00:00:00-04:00,114.48509722945832,115.78737310867943,114.14772144568698,115.71315002441406,1379400
2017-04-11 00:00:00-04:00,115.65915068116261,117.38651277816403,115.57817350444112,116.96817016601562,1807600
2017-04-12 00:00:00-04:00,116.61055666683953,117.96680344618208,116.15846411116809,116.92093658447266,1913900
2017-04-13 00:00:00-04:00,116.94794184907549,117.56195792556781,116.59031406067298,117.2988052368164,1043300
2017-04-17 00:00:00-04:00,117.65641566993399,118.87097042817916,117.29205439040585,117.79137420654297,1215700
2017-04-18 00:00:00-04:00,117.28532167085028,117.9668170432391,116.99517314477741,117.89933776855469,1190200
2017-04-19 00:00:00-04:00,117.67666532077988,118.64156538392076,117.24482474384806,117.69690704345703,1367000
2017-04-20 00:00:00-04:00,117.91957949178165,118.06128185026222,116.81974144484641,117.89933776855469,1145900
2017-04-21 00:00:00-04:00,117.81161817053209,118.06801674401021,115.58493612067703,116.04376220703125,2003800
2017-04-24 00:00:00-04:00,116.74549499730502,116.83995978542333,113.04784975749747,113.99250793457031,2407300
2017-04-25 00:00:00-04:00,114.2489454232141,114.40413540777905,112.96691121051305,113.38525390625,1754600
2017-04-26 00:00:00-04:00,113.10186043278418,113.17608352097128,111.25304762940225,111.36100006103516,2025600
2017-04-27 00:00:00-04:00,111.36099772694845,114.7077701388389,111.36099772694845,113.27054595947266,2388200
2017-04-28 00:00:00-04:00,113.12211657455,113.23683342209897,111.2193221648955,111.50946044921875,1838300
2017-05-01 00:00:00-04:00,112.15717343549778,114.86967682309664,111.21926944394963,113.76982879638672,2955500
2017-05-02 00:00:00-04:00,113.86432611321408,114.52557976127372,112.94666357685118,113.89131164550781,1954800
2017-05-03 00:00:00-04:00,114.34339681736657,114.55931194935175,111.46894876013741,111.73210144042969,1520500
2017-05-04 00:00:00-04:00,111.07086160223709,111.81309248269501,110.1869386510778,111.6174087524414,2223200
2017-05-05 00:00:00-04:00,111.63762284015641,111.93451511884183,110.69971875752192,111.0101089477539,1665000
2017-05-08 00:00:00-04:00,111.2260365294174,111.33399924212056,108.26387780990207,109.87653350830078,2399600
2017-05-09 00:00:00-04:00,109.98451668778534,109.98451668778534,108.40560033027559,109.62015533447266,2041000
2017-05-10 00:00:00-04:00,109.62016427908137,111.84009281286598,109.43797843961288,111.77261352539062,2429300
2017-05-11 00:00:00-04:00,110.19366196501977,110.31512258463643,107.73756700272644,109.16129302978516,2684400
2017-05-12 00:00:00-04:00,108.93864476631408,109.08034713381461,106.14517352836633,106.25988006591797,2834800
2017-05-15 00:00:00-04:00,106.25306266287588,107.56996242598359,106.10976792646929,106.55329132080078,2108400
2017-05-16 00:00:00-04:00,106.55330462220219,106.60106259923838,104.5472405316364,105.16816711425781,3241200
2017-05-17 00:00:00-04:00,105.03167208793035,106.47822730931323,103.77617997333397,105.25684356689453,3276400
2017-05-18 00:00:00-04:00,104.86791646372981,105.59800844597903,104.06275691175287,105.08625793457031,2319600
2017-05-19 00:00:00-04:00,105.2363595278353,108.60027123016107,104.60179396797065,107.72005462646484,4364900
2017-05-22 00:00:00-04:00,108.0748821760665,109.25531708445315,107.08549995534042,107.53584289550781,2106100
2017-05-23 00:00:00-04:00,107.53583337332527,107.98616586202557,107.01725291423145,107.29701232910156,1802000
2017-05-24 00:00:00-04:00,107.37890317425733,109.15979541241872,107.01044737845442,109.02333068847656,1619600
2017-05-25 00:00:00-04:00,109.2212063091356,110.70868940340222,108.54569191375586,109.65106964111328,1777800
2017-05-26 00:00:00-04:00,109.67838603994318,109.6920252254797,107.10598358979651,107.3038558959961,1475500
2017-05-30 00:00:00-04:00,107.83607915773402,107.99984309381742,105.72766923717299,105.74813842773438,1767500
2017-05-31 00:00:00-04:00,105.82318096785282,106.61469093211466,105.02485141154406,105.2500228881836,3560300
2017-06-01 00:00:00-04:00,105.07944395841939,105.93918111536084,104.15146923167359,105.64578247070312,2096500
2017-06-02 00:00:00-04:00,106.02107313437178,106.61470045479469,103.78301817535207,104.15147399902344,1903100
2017-06-05 00:00:00-04:00,103.88536180398057,104.33570478743006,102.45245609722005,103.89218139648438,1609000
2017-06-06 00:00:00-04:00,104.0081456165268,105.05894559479367,102.79359217475023,104.45848846435547,1836000
2017-06-07 00:00:00-04:00,104.41077777809438,106.52600746157128,104.27431302619155,105.94602966308594,2070300
2017-06-08 00:00:00-04:00,105.94600789900645,106.81256462195229,104.87473847286991,105.46837615966797,1790400
2017-06-09 00:00:00-04:00,105.42059396599251,106.82620021968474,104.08321485949924,106.1711654663086,1217500
2017-06-12 00:00:00-04:00,106.13019940943651,109.76703997520583,106.03467308963492,108.99600982666016,2386400
2017-06-13 00:00:00-04:00,108.70264777535125,109.73297896740155,107.18786518509866,108.36148071289062,1940400
2017-06-14 00:00:00-04:00,108.93462263160957,109.71248300153941,108.36146455094355,108.92780303955078,1793000
2017-06-15 00:00:00-04:00,108.38875094505788,110.3606956226794,107.84970129992155,109.6715316772461,1647400
2017-06-16 00:00:00-04:00,109.97858370721919,111.14537937086737,107.97935018322259,109.35083770751953,4639200
2017-06-19 00:00:00-04:00,109.01652673429513,109.01652673429513,107.26975302944976,108.47065734863281,2150500
2017-06-20 00:00:00-04:00,109.57602869612282,110.08777926213676,107.55632562607927,108.47747039794922,1829000
2017-06-21 00:00:00-04:00,108.78450874072821,109.11885616155831,107.50172785204714,108.34099578857422,1749600
2017-06-22 00:00:00-04:00,108.21815970666442,109.00965911055766,107.12642131209665,108.57979583740234,1903000
2017-06-23 00:00:00-04:00,108.81862178478839,109.47366699613669,108.08852982968426,108.42286682128906,1967900
2017-06-26 00:00:00-04:00,109.01652469537265,111.3364565265574,108.96193671666812,109.48050689697266,1801400
2017-06-27 00:00:00-04:00,109.13250642477001,111.52749512191295,109.03698007703304,110.79057312011719,1819200
2017-06-28 00:00:00-04:00,111.39104106952372,112.37360383271452,111.03622442468438,111.76632690429688,2014300
2017-06-29 00:00:00-04:00,111.56160679702178,112.84439802339982,110.89974199716421,110.9338607788086,2008500
2017-06-30 00:00:00-04:00,111.62985405855792,112.49641080038629,109.30991205586152,110.37435150146484,1568800
2017-07-03 00:00:00-04:00,110.78376994167313,112.85124152597524,110.74283155966201,112.70794677734375,1057100
2017-07-05 00:00:00-04:00,112.57142059586647,112.82389116646632,107.93154895435676,107.96566772460938,2456900
2017-07-06 00:00:00-04:00,107.74736585974314,108.53204580545518,106.05517002108141,106.29399108886719,1594500
2017-07-07 00:00:00-04:00,106.56692772280721,107.09915786442362,106.05517718150693,106.88080596923828,1343800
2017-07-10 00:00:00-04:00,107.03093256805896,107.2219852924594,106.02108096600053,106.06201934814453,1140400
2017-07-11 00:00:00-04:00,106.25988664339717,106.25988664339717,104.4926438204244,105.03851318359375,1668400
2017-07-12 00:00:00-04:00,105.9255397096899,108.46382316163835,105.87777132951015,106.11659240722656,1861400
2017-07-13 00:00:00-04:00,106.53281541979787,108.12265495885283,106.31446353266658,107.8428955078125,1331000
2017-07-14 00:00:00-04:00,107.33795084297904,109.80799638344615,107.33795084297904,109.6715316772461,1365400
2017-07-17 00:00:00-04:00,109.60330722742913,111.09762026433269,109.18708309574178,110.6268081665039,1246900
2017-07-18 00:00:00-04:00,110.34705252234905,110.86562260106227,108.9277965888499,109.05744171142578,1268700
2017-07-19 00:00:00-04:00,109.0301610401165,109.61696878140806,108.83228873261227,109.3576889038086,1185700
2017-07-20 00:00:00-04:00,109.64424552227487,110.57222012284906,109.21437179645604,109.86258697509766,1241300
2017-07-21 00:00:00-04:00,109.78070520132304,110.05363460774274,108.49109449454953,109.56918334960938,1321500
2017-07-24 00:00:00-04:00,109.59646902756216,110.51762396847113,108.59343734935968,109.20071411132812,1221000
2017-07-25 00:00:00-04:00,109.54872163132201,110.57904218410872,108.62756660158998,110.24470520019531,1362300
2017-07-26 00:00:00-04:00,110.53813052679205,112.10750112893541,110.14237547674944,111.74586486816406,1090500
2017-07-27 00:00:00-04:00,111.17268786080344,113.92250381164759,110.24472349708198,113.49263000488281,1498800
2017-07-28 00:00:00-04:00,111.779963614801,113.05592489433741,109.33037658200733,109.52825927734375,2031700
2017-07-31 00:00:00-04:00,109.58285380558813,109.75343731997317,107.65866676576094,108.14994812011719,3627000
2017-08-01 00:00:00-04:00,112.75571608899197,112.92629962316595,108.61394288168358,112.29855346679688,3144100
2017-08-02 00:00:00-04:00,110.8519825389239,112.82392731695809,109.38495824069979,110.10823059082031,2486400
2017-08-03 00:00:00-04:00,109.81484415736665,111.59573645218775,109.26215524028275,110.50399780273438,1919500
2017-08-04 00:00:00-04:00,110.68139494215961,112.42816819353791,110.38116633740586,112.264404296875,1647200
2017-08-07 00:00:00-04:00,112.21661734444247,114.03161727518783,111.54792274784387,113.51986694335938,1534200
2017-08-08 00:00:00-04:00,113.10368419400807,113.93613253712755,110.74281429887192,111.96418762207031,1387900
2017-08-09 00:00:00-04:00,111.95054895083095,112.16889042572328,110.27882225326715,111.50020599365234,1194800
2017-08-10 00:00:00-04:00,111.32277483402406,111.32277483402406,109.86258066233482,109.9581069946289,1191500
2017-08-11 00:00:00-04:00,109.41227290420116,109.8080175048252,106.44411551837892,107.73372650146484,1839300
2017-08-14 00:00:00-04:00,108.20453708013852,109.82849548359191,107.85655045579487,109.40544128417969,1644600
2017-08-15 00:00:00-04:00,108.99138147397005,109.39162966851806,107.22477601513681,108.68084716796875,2024300
2017-08-16 00:00:00-04:00,109.2052868444698,110.14379715576267,108.58421833499841,108.99826049804688,2043300
2017-08-17 00:00:00-04:00,108.86027479507165,109.5779543824786,108.48072814941406,108.48072814941406,1302700
2017-08-18 00:00:00-04:00,107.4939144908855,107.76304564510336,105.24424381377236,105.98263549804688,2131500
2017-08-21 00:00:00-04:00,106.21725828044704,107.30069042339507,105.27185075097492,106.67271423339844,1145800
2017-08-22 00:00:00-04:00,106.84523018126737,107.4317926457946,105.52717309600156,105.74109649658203,1052100
2017-08-23 00:00:00-04:00,105.65139838602018,108.86716763256446,105.56168449236516,108.7360610961914,1731200
2017-08-24 00:00:00-04:00,109.49514457006173,111.15134519058691,107.91486380606624,108.10808563232422,2289900
2017-08-25 00:00:00-04:00,108.46002497590085,110.40605836891658,107.54912356944665,109.75047302246094,1501200
2017-08-28 00:00:00-04:00,109.86085268394118,110.19899604029011,107.7285057054341,108.2253646850586,1100900
2017-08-29 00:00:00-04:00,107.94246967294738,108.72916159843506,107.42490891855286,107.82515716552734,1068500
2017-08-30 00:00:00-04:00,108.13568301821766,108.42551575433637,106.58300087699622,108.35651397705078,909100
2017-08-31 00:00:00-04:00,108.70845441225244,109.4399385560245,107.98386728745561,108.23920440673828,2279500
2017-09-01 00:00:00-04:00,108.70153413630841,110.08169578166094,108.3426891601734,109.16388702392578,1043200
2017-09-05 00:00:00-04:00,109.16389962197181,109.84707297619231,107.65262076113422,108.25989532470703,1397800
2017-09-06 00:00:00-04:00,108.73602104281787,110.32319823028783,108.4116822711672,109.53650665283203,1676600
2017-09-07 00:00:00-04:00,109.6124483901738,111.5446770295541,109.19149861705809,110.96501159667969,1456800
2017-09-08 00:00:00-04:00,110.75796104093325,111.0063905336188,110.08168485021018,110.10928344726562,915800
2017-09-11 00:00:00-04:00,110.53024772964116,111.31693947210202,110.05409026160993,110.6337661743164,736600
2017-09-12 00:00:00-04:00,110.68896844400182,111.63438640562775,108.34269767443662,108.72224426269531,1302400
2017-09-13 00:00:00-04:00,108.92237907289515,110.70968627929686,108.8257681571383,110.70968627929688,1540600
2017-09-14 00:00:00-04:00,110.73039362274238,113.076664635581,110.53716126975839,113.0007553100586,1770300
2017-09-15 00:00:00-04:00,113.51141380577903,113.9944683416244,112.62811107457632,113.70463562011719,2811600
2017-09-18 00:00:00-04:00,113.51139383217573,113.67700648401036,111.22032053702186,111.46185302734375,1718200
2017-09-19 00:00:00-04:00,111.25485560780626,111.39286969681639,109.58486091224368,110.22663116455078,1733700
2017-09-20 00:00:00-04:00,110.33704371602605,110.84770741457523,109.77807982601668,110.34394073486328,1637000
2017-09-21 00:00:00-04:00,110.24733269004527,111.17204919847845,109.84018744226202,110.12312316894531,1231100
2017-09-22 00:00:00-04:00,110.01961322518903,110.55097856502302,109.3709459039875,109.59176635742188,855100
2017-09-25 00:00:00-04:00,109.73665900478882,111.86210927260211,109.70904987428064,110.74417114257812,933200
2017-09-26 00:00:00-04:00,111.22033441906298,113.29747408186122,110.93739873046762,112.83512115478516,1706500
2017-09-27 00:00:00-04:00,112.55223799818305,112.96628036375803,110.18525421559266,110.4888916015625,1478300
2017-09-28 00:00:00-04:00,110.73729032179853,111.73790558821445,110.01960024078602,111.51017761230469,1168600
2017-09-29 00:00:00-04:00,110.94430401788036,111.79310053657376,110.28182175195974,111.10991668701172,1611000
2017-10-02 00:00:00-04:00,111.22724188619867,111.36526649931803,110.06791095055307,110.19902801513672,1335600
2017-10-03 00:00:00-04:00,110.10242105683186,110.65448793973135,108.97068868529787,109.75047302246094,1168400
2017-10-04 00:00:00-04:00,109.322592083386,110.57854411339521,109.12247329729053,110.30250549316406,1661700
2017-10-05 00:00:00-04:00,110.69587015956476,112.18644730230142,110.35082973929042,111.28243255615234,1371200
2017-10-06 00:00:00-04:00,110.60618137044312,111.18584688084266,109.5641628555725,110.57858276367188,1161900
2017-10-09 00:00:00-04:00,110.55095720168833,111.2824412651484,110.50955403278286,110.9374008178711,551500
2017-10-10 00:00:00-04:00,111.4894756855614,112.93864988063109,111.17894136656062,112.42108917236328,1076700
2017-10-11 00:00:00-04:00,112.59360968987217,113.93926542877192,112.22096008230018,113.91856384277344,1414900
2017-10-12 00:00:00-04:00,113.55972589381116,114.49823646028068,112.27617483275431,113.5459213256836,1385500
2017-10-13 00:00:00-04:00,114.1462882524081,115.809385807659,113.43550574253393,114.7673568725586,1446500
2017-10-16 00:00:00-04:00,114.8639746534823,115.43674311868243,113.88406094560496,114.0910873413086,1092800
2017-10-17 00:00:00-04:00,113.9944884653245,115.75419721993424,113.73916185054696,115.31254577636719,1366200
2017-10-18 00:00:00-04:00,115.0503065329966,115.65758118976728,113.29059785607282,113.51142883300781,1092700
2017-10-19 00:00:00-04:00,113.69772264607337,114.88466260882203,113.28368043359276,114.2221908569336,1518300
2017-10-20 00:00:00-04:00,114.21531015014656,114.4154395502057,112.53841826241542,113.67015075683594,1300000
2017-10-23 00:00:00-04:00,114.0220705572559,114.68455289154406,113.32509259987104,114.1669921875,965400
2017-10-24 00:00:00-04:00,114.06347077292654,114.37401561114498,112.86273670973227,113.08355712890625,1507700
2017-10-25 00:00:00-04:00,112.52457635860956,113.09044768296988,111.15821928900928,112.95242309570312,1220700
2017-10-26 00:00:00-04:00,113.3043925659267,113.74604395156791,111.54468404211578,113.00765228271484,1868200
2017-10-27 00:00:00-04:00,111.2755547089814,111.79311542855807,106.07234890794932,108.10808563232422,3493800
2017-10-30 00:00:00-04:00,108.046022671561,109.21915865047814,107.74928226871151,108.8534164428711,1371900
2017-10-31 00:00:00-04:00,108.61873921556771,108.76366085071123,106.30697431056272,107.19027709960938,2357300
2017-11-01 00:00:00-04:00,107.64570263046052,108.84643642591926,107.16263766974366,108.40478515625,1539800
2017-11-02 00:00:00-04:00,108.32890222301258,110.59927439574665,108.16328953769177,109.97129821777344,1690100
2017-11-03 00:00:00-04:00,107.90797022832858,108.83958385610322,106.75553614044065,106.96256256103516,2114200
2017-11-06 00:00:00-05:00,106.94873515210992,107.23856786712606,106.09304157343337,106.95564270019531,2230300
2017-11-07 00:00:00-05:00,107.12814853978982,110.6751634755303,106.72790040714393,109.75735473632812,2481300
2017-11-08 00:00:00-05:00,109.78496829526036,110.50955534913348,107.4317898896472,108.3634033203125,2289400
2017-11-09 00:00:00-05:00,107.99765154586792,112.82821742970866,107.99075452818971,111.28243255615234,2798300
2017-11-10 00:00:00-05:00,112.58670252906371,113.51831602140237,111.53087952030637,113.0007553100586,2832400
2017-11-13 00:00:00-05:00,113.38032710551303,114.43615034863902,110.48888560487055,110.62689971923828,2945900
2017-11-14 00:00:00-05:00,110.82697733331047,111.67577374324445,110.30941674899512,110.76486206054688,2085100
2017-11-15 00:00:00-05:00,110.30414352030918,112.00757630187108,109.60601602967431,111.26756286621094,1726300
2017-11-16 00:00:00-05:00,110.91148418953124,111.951697733791,110.15052796549769,111.60961151123047,1601700
2017-11-17 00:00:00-05:00,112.04943171727098,114.61155763149993,112.04943171727098,113.06171417236328,2209600
2017-11-20 00:00:00-05:00,112.67077040762406,112.88718817751892,110.95337247276093,111.00922393798828,1440200
2017-11-21 00:00:00-05:00,110.98830660321065,111.27454143389099,109.88526387851924,111.10698699951172,1407900
2017-11-22 00:00:00-05:00,110.9394458763335,111.73531081669225,110.47170171996812,110.53453063964844,1152200
2017-11-24 00:00:00-05:00,111.07905240381606,111.62359093029504,109.94808941075647,110.30413055419922,589500
2017-11-27 00:00:00-05:00,110.30412311234808,110.48563239140229,108.45408986548236,109.18013763427734,1377800
2017-11-28 00:00:00-05:00,109.0335088554169,109.30578870954925,107.881603153275,108.99162292480469,2312400
2017-11-29 00:00:00-05:00,108.94276753640858,111.68640271823821,108.56577282813173,110.8137435913086,2627300
2017-11-30 00:00:00-05:00,111.24661746077597,113.32005691482259,110.90453116291734,112.922119140625,2655100
2017-12-01 00:00:00-05:00,113.23626265716292,113.6481552683907,112.38454637313808,113.34098815917969,1725100
2017-12-04 00:00:00-05:00,113.93438386380467,114.63251122896594,113.29908540488914,114.26250457763672,2498800
2017-12-05 00:00:00-05:00,114.66042216670071,114.66042216670071,113.14548732847342,113.62020874023438,2010500
2017-12-06 00:00:00-05:00,113.69699135548574,114.44398188819893,112.94301273342298,113.6271743774414,1310800
2017-12-07 00:00:00-05:00,113.1454849243164,113.88549808138225,112.88717060627515,113.1454849243164,1137900
2017-12-08 00:00:00-05:00,112.9988946966606,113.6132501810947,112.21699546380127,113.27116394042969,1423800
2017-12-11 00:00:00-05:00,113.306045371965,114.02511552739108,112.85924439526748,113.27811431884766,1122300
2017-12-12 00:00:00-05:00,115.88911983712217,116.7966873639522,114.129836240006,116.13346862792969,4140500
2017-12-13 00:00:00-05:00,116.4267111352658,117.52276562950092,115.33064598845179,115.77046966552734,1878300
2017-12-14 00:00:00-05:00,115.88915549058439,117.1318214864096,115.39348031912226,115.63085174560547,1342800
2017-12-15 00:00:00-05:00,116.16840112501812,118.0603311642936,116.0567088311841,117.15276336669922,3053300
2017-12-18 00:00:00-05:00,117.39011762777326,119.3309109406034,117.21558577839949,118.55599975585938,1689000
2017-12-19 00:00:00-05:00,118.57694098434914,119.009776555615,116.76878295542863,117.57861328125,1569500
2017-12-20 00:00:00-05:00,117.50878511821136,117.9835065401658,114.42305326520119,114.4789047241211,2263500
2017-12-21 00:00:00-05:00,114.83496661117152,115.1351562452976,114.35325705633899,114.9815673828125,1098500
2017-12-22 00:00:00-05:00,114.8349991605722,117.15277697876655,114.49291284215141,116.63616943359375,2015600
2017-12-26 00:00:00-05:00,116.76179889283682,118.67467166029924,116.34990631434776,118.23484802246094,1103000
2017-12-27 00:00:00-05:00,118.55598134019255,119.55429825030114,118.07427180633374,119.21920013427734,1617700
2017-12-28 00:00:00-05:00,119.26809451763387,119.67998716865817,118.62581852300788,119.48451232910156,995000
2017-12-29 00:00:00-05:00,119.6031730079782,120.32224326791062,118.93296611923937,119.8963851928711,1190900
2018-01-02 00:00:00-05:00,120.31524992005866,120.78998199812511,118.91899539439223,120.37110137939453,1442900
2018-01-03 00:00:00-05:00,120.14773089522103,120.50377203753517,118.57694423091583,119.8126220703125,1849300
2018-01-04 00:00:00-05:00,119.7218560302059,119.7218560302059,116.26611732931946,116.30801391601562,2159500
2018-01-05 00:00:00-05:00,116.62216495073899,117.5436874265004,116.14743285816489,117.39009857177734,2126500
2018-01-08 00:00:00-05:00,117.95562114762254,118.80034941464231,117.5227748756634,118.15807342529297,1874900
2018-01-09 00:00:00-05:00,117.92069375958062,118.2697574361035,115.28177321727382,115.56101989746094,1720900
2018-01-10 00:00:00-05:00,114.96760739305063,115.27478513282118,113.63419224461467,115.17704772949219,1339500
2018-01-11 00:00:00-05:00,115.36553120544063,115.53308558493289,114.53475805089538,115.07231903076172,1494600
2018-01-12 00:00:00-05:00,115.19797920496134,115.86818608419443,114.75117816966494,115.54704284667969,1238100
2018-01-16 00:00:00-05:00,115.83330392216965,117.35522728538415,115.12121094846087,115.21894836425781,1448900
2018-01-17 00:00:00-05:00,115.69368236425943,117.25749169392014,114.92573790492169,116.86653137207031,1699300
2018-01-18 00:00:00-05:00,116.60822816860764,117.02710890340161,114.3183709642477,114.66743469238281,1947600
2018-01-19 00:00:00-05:00,115.12820556019615,115.39348675947954,113.81572248581526,114.66046142578125,1805200
2018-01-22 00:00:00-05:00,114.6883796400618,116.46860681474189,114.54177883716355,115.95897674560547,1751600
2018-01-23 00:00:00-05:00,116.53838445154209,118.17898785878532,115.60289643117143,116.11951446533203,2864000
2018-01-24 00:00:00-05:00,116.34293833110647,116.69899015759034,115.03046593445735,115.95897674560547,1802200
2018-01-25 00:00:00-05:00,115.59593415766435,116.04971269873211,113.51551752460861,114.63251495361328,1476900
2018-01-26 00:00:00-05:00,115.08630824478611,115.4423493903352,113.80873380123387,114.29044342041016,1574700
2018-01-29 00:00:00-05:00,114.09494032151242,114.34626657736838,112.9779430252683,113.73889923095703,1678600
2018-01-30 00:00:00-05:00,113.66213771415042,114.1229044254055,112.58003794774729,113.52251434326172,2145000
2018-01-31 00:00:00-05:00,111.67944116649421,114.26251041913072,110.69507897467406,114.05307006835938,3259500
2018-02-01 00:00:00-05:00,114.22062872600159,115.0723450389125,111.21170122087595,111.45603942871094,2652400
2018-02-02 00:00:00-05:00,111.13487239807186,111.70035373444034,108.69840459731208,109.2708740234375,3166200
2018-02-05 00:00:00-05:00,108.68446770305948,111.12791358472084,107.76294508131667,108.29351806640625,2678600
2018-02-06 00:00:00-05:00,107.62332688904695,108.97070771224892,106.2061290619926,108.89391326904297,3469700
2018-02-07 00:00:00-05:00,108.7612681703803,110.65319820217059,108.0421977661309,108.11201477050781,2055700
2018-02-08 00:00:00-05:00,107.78386318811047,109.51521574501767,106.21307691223781,106.24099731445312,2940100
2018-02-09 00:00:00-05:00,106.73670829962386,110.63226085460003,105.60574520877199,109.74563598632812,3211700
2018-02-12 00:00:00-05:00,109.83640688961249,110.19244809925063,106.36671217172132,109.46640014648438,2338500
2018-02-13 00:00:00-05:00,109.26136789097035,110.35002888242875,108.51203568960864,109.91880798339844,1481900
2018-02-14 00:00:00-05:00,109.33204121615812,109.59359766542924,106.96385941923964,108.92909240722656,2092500
2018-02-15 00:00:00-05:00,109.26844611482552,110.75296915025064,108.76652901138236,110.38536834716797,1692400
2018-02-16 00:00:00-05:00,110.28637886624368,111.36796357863228,109.91878892080855,110.34293365478516,1909900
2018-02-20 00:00:00-05:00,110.25812692148646,111.26901563539998,109.94708092129002,109.98949432373047,1516600
2018-02-21 00:00:00-05:00,109.57238379091042,110.06015935430676,106.94264571699082,106.956787109375,1657100
2018-02-22 00:00:00-05:00,107.4799010521426,110.25103150426679,107.4799010521426,108.88667297363281,1602800
2018-02-23 00:00:00-05:00,109.1765423989341,110.74590301513672,108.78066959245506,110.74590301513672,1071000
2018-02-26 00:00:00-05:00,111.09225361044221,112.50609080961664,110.63276083539924,112.44954681396484,1451800
2018-02-27 00:00:00-05:00,113.18478140345186,113.87049357450826,108.8160171508789,108.8160171508789,1944300
2018-02-28 00:00:00-05:00,109.34620541513841,110.15210328058247,108.4272195153583,108.51911163330078,2076100
2018-03-01 00:00:00-05:00,108.37065994665443,110.90849598447842,108.08082063446383,109.5300064086914,1655200
2018-03-02 00:00:00-05:00,109.40980580838648,110.09551778267962,108.24338352837722,109.93999481201172,1565900
2018-03-05 00:00:00-05:00,109.1270671733937,112.16682060163441,109.1270671733937,111.31145477294922,1610300
2018-03-06 00:00:00-05:00,110.8095105460174,111.82039914880981,110.30052819923178,111.43160247802734,1472000
2018-03-07 00:00:00-05:00,110.76003272664508,112.03956481919384,109.75620932214942,110.2227783203125,1461900
2018-03-08 00:00:00-05:00,110.40657583718881,111.02160254393095,109.69259171410326,110.4772720336914,1201700
2018-03-09 00:00:00-05:00,110.37829319315061,110.83778606595939,108.97152099743478,110.6822738647461,1376300
2018-03-12 00:00:00-04:00,110.78832594853634,111.55179962102184,110.35710500722674,110.8024673461914,2259700
2018-03-13 00:00:00-04:00,111.07810885270484,112.59091403160987,110.30755947942,111.3184585571289,1409100
2018-03-14 00:00:00-04:00,111.87696694735523,112.62630994653617,111.00039452677284,112.03956604003906,2498200
2018-03-15 00:00:00-04:00,112.06075087825447,112.52024370025268,110.13085513772702,110.7034683227539,1792800
2018-03-16 00:00:00-04:00,110.63280081653407,111.72852719921868,110.31468948910323,111.07816314697266,2092600
2018-03-19 00:00:00-04:00,111.20538395836944,111.20538395836944,108.97151817737331,109.87637329101562,1269300
2018-03-20 00:00:00-04:00,110.06014691337984,110.84482690781438,108.99976912558836,109.27546691894531,1318200
2018-03-21 00:00:00-04:00,109.47342041318682,110.03188138952386,108.38477045979766,109.10581970214844,1401000
2018-03-22 00:00:00-04:00,108.82306716690407,109.72085694248157,107.74148241125825,107.82630920410156,1797300
2018-03-23 00:00:00-04:00,108.01718090139738,109.31084343338021,107.01335762894192,107.26077270507812,1785000
2018-03-26 00:00:00-04:00,108.01012685591397,108.54031599592021,107.28907739194794,108.38480377197266,1485000
2018-03-27 00:00:00-04:00,107.10523964890852,107.31731739901677,104.11497681122167,106.36298370361328,3576100
2018-03-28 00:00:00-04:00,106.91438177268628,110.3641374904826,106.88609898578741,110.21569061279297,2420800
2018-03-29 00:00:00-04:00,110.52676028884922,111.19125490958454,108.37065576040614,109.11292266845703,1761500
2018-04-02 00:00:00-04:00,109.2684157716199,109.92584490758853,107.43748835627927,108.21510314941406,1680700
2018-04-03 00:00:00-04:00,108.39186119422314,109.81276410288002,107.59303949629108,109.02808380126953,1429700
2018-04-04 00:00:00-04:00,108.15857917317827,110.90849294421687,108.08788297667569,110.4772720336914,2066900
2018-04-05 00:00:00-04:00,110.26520499021291,110.5762510264149,109.02103163213113,109.96123504638672,1477800
2018-04-06 00:00:00-04:00,109.954157122554,111.16299314552647,108.56860216747519,108.93620300292969,1198800
2018-04-09 00:00:00-04:00,108.98567925684277,109.5582818070678,108.15858548577044,108.45549011230469,1310500
2018-04-10 00:00:00-04:00,109.21186829105153,109.86223216756333,108.44131874933656,109.52290344238281,1409200
2018-04-11 00:00:00-04:00,108.99982749098862,110.0743472449316,108.54032373153254,108.58981323242188,1269800
2018-04-12 00:00:00-04:00,108.611008750369,108.95032676892528,105.7833334267075,105.98126983642578,1892600
2018-04-13 00:00:00-04:00,106.0943611498219,107.34561028513703,105.8257285886284,107.26077270507812,1284300
2018-04-16 00:00:00-04:00,108.03840467675192,108.20806907696416,107.01337454394188,107.64959716796875,1357600
2018-04-17 00:00:00-04:00,107.8616628534022,109.53705681870923,107.11939601761367,108.32823181152344,1630400
2018-04-18 00:00:00-04:00,108.56149886350886,108.78770721533981,107.67077448885856,107.84043884277344,995500
2018-04-19 00:00:00-04:00,107.72733954010107,107.72733954010107,105.03398103701372,106.2357406616211,1368500
2018-04-20 00:00:00-04:00,106.5962680161208,107.05577165172997,103.84635465327139,104.09378051757812,2333300
2018-04-23 00:00:00-04:00,104.19273801127034,104.92086334818342,103.18184953279345,103.84634399414062,1494700
2018-04-24 00:00:00-04:00,103.93825169345129,104.72293185244243,103.13236483719469,104.48258209228516,1674900
2018-04-25 00:00:00-04:00,104.19276164373456,104.92088714579731,103.05462194270129,103.73326873779297,1899900
2018-04-26 00:00:00-04:00,104.2068980726148,107.08405184632167,103.83929729334972,106.15092468261719,2048700
2018-04-27 00:00:00-04:00,105.26728350708939,111.33971354931415,105.26728350708939,110.37830352783203,2371100
2018-04-30 00:00:00-04:00,110.64692719423024,110.95089708301455,108.86548890102165,110.5196762084961,2580900
2018-05-01 00:00:00-04:00,111.86989727541692,113.63012892619409,111.44574169143641,112.92321014404297,3064700
2018-05-02 00:00:00-04:00,112.13849774362767,113.09283135413926,110.47016946415509,112.53437042236328,2483800
2018-05-03 00:00:00-04:00,112.15268491987042,112.88788665412767,111.60128901254096,112.42838287353516,1635900
2018-05-04 00:00:00-04:00,112.3293958886711,113.19891380143248,112.15974227582021,112.64044189453125,1710600
2018-05-07 00:00:00-04:00,113.13524960152745,113.25543525754625,112.0536649911338,112.94438934326172,1650800
2018-05-08 00:00:00-04:00,113.4039189513868,113.53116995160886,111.75679676075298,112.2233657836914,2265300
2018-05-09 00:00:00-04:00,112.15266676281664,113.49581899625902,111.84163154207674,113.0645980834961,1212900
2018-05-10 00:00:00-04:00,113.46046190063444,114.24514216207042,113.2130360179371,113.96944427490234,1319200
2018-05-11 00:00:00-04:00,114.18150141256952,114.59858082011232,112.86663231462182,113.02922058105469,1151200
2018-05-14 00:00:00-04:00,112.88077514689765,113.45338836645575,110.84485658423294,111.7072982788086,1764000
2018-05-15 00:00:00-04:00,111.10641222747576,111.39625148705336,108.98565609993457,109.3249740600586,2298300
2018-05-16 00:00:00-04:00,109.9693454266216,111.41554894729568,109.9693454266216,110.4776611328125,1253600
2018-05-17 00:00:00-04:00,110.69247770467864,111.12920546287424,109.72594565678614,110.02664184570312,1064800
2018-05-18 00:00:00-04:00,109.56841184191946,110.87143929097631,109.18180566469458,110.38459014892578,1239400
2018-05-21 00:00:00-04:00,110.92868684716878,112.91901606599498,109.46099520536582,112.43216705322266,1354900
2018-05-22 00:00:00-04:00,112.40353768203353,113.97861691688767,111.95248814327506,113.27699279785156,1624900
2018-05-23 00:00:00-04:00,113.39156594088978,114.33660927157644,113.36292197435458,114.02159118652344,1495300
2018-05-24 00:00:00-04:00,114.00727278637098,114.53706596396079,112.8545990081824,113.67793273925781,1026300
2018-05-25 00:00:00-04:00,114.0717176452838,114.45832381460654,113.64214552428265,114.18627166748047,981700
2018-05-29 00:00:00-04:00,113.8855678312399,115.17426225792542,113.26985365926859,114.37240600585938,1605800
2018-05-30 00:00:00-04:00,114.42251859648533,116.29829400807648,113.59917397175096,115.68973541259766,1676400
2018-05-31 00:00:00-04:00,114.55136855775207,115.7183641207645,113.97145400234362,114.70887756347656,3009100
2018-06-01 00:00:00-04:00,114.95232211342343,115.56088076374382,113.83544777001059,115.12415313720703,1540900
2018-06-04 00:00:00-04:00,115.38905753598968,116.66344100618726,114.47980272597017,116.42717742919922,1397000
2018-06-05 00:00:00-04:00,116.69209009959792,118.22421472794156,116.25536242437283,116.64912414550781,1784100
2018-06-06 00:00:00-04:00,116.52743797424652,118.36027002670966,116.52743797424652,118.32447052001953,1309900
2018-06-07 00:00:00-04:00,118.28863648407837,118.70388660662303,117.39370370044048,117.98077392578125,1621900
2018-06-08 00:00:00-04:00,118.09531283509408,118.53204041461426,117.36504471822225,118.4031753540039,1282900
2018-06-11 00:00:00-04:00,118.05949980368943,118.58214828814722,117.66573821400262,118.20269775390625,1077500
2018-06-12 00:00:00-04:00,118.15260387306405,119.58449631379631,117.68724319961501,118.95446014404297,1268800
2018-06-13 00:00:00-04:00,119.37687877693573,119.43415578649022,116.14795427569547,116.34126281738281,1155400
2018-06-14 00:00:00-04:00,116.95698409114678,117.75168489453196,116.47013494271238,117.45098876953125,1277800
2018-06-15 00:00:00-04:00,117.65857993325255,118.83989755776547,117.41516088013009,117.7588119506836,2510800
2018-06-18 00:00:00-04:00,117.60133752966824,118.63230196908513,117.25053082769567,118.15977478027344,1362000
2018-06-19 00:00:00-04:00,117.78748484753059,119.29096547833306,117.7516853486958,118.41035461425781,1702300
2018-06-20 00:00:00-04:00,118.28145051165087,120.61543067785472,118.13109703592941,120.33621215820312,2165200
2018-06-21 00:00:00-04:00,119.88521467664367,121.36722887174035,119.6704285857562,121.33858489990234,1210900
2018-06-22 00:00:00-04:00,121.63928460067932,123.8587227303777,120.72287411570733,123.75133514404297,1833800
2018-06-25 00:00:00-04:00,123.85871711019585,123.93747164475934,121.8540651686042,122.75616455078125,2346600
2018-06-26 00:00:00-04:00,122.85636709918603,123.90164238931948,122.16905396945687,123.42911529541016,2723100
2018-06-27 00:00:00-04:00,123.69403463460085,124.04484129966185,122.3695297241211,122.3695297241211,1546200
2018-06-28 00:00:00-04:00,122.59144423469415,123.13557024722232,121.38866006389127,122.57713317871094,1091000
2018-06-29 00:00:00-04:00,122.25500760967942,122.67742430306359,120.97346831559915,121.846923828125,2191700
2018-07-02 00:00:00-04:00,121.81822313716589,122.22631765319474,119.68470684267805,121.48172760009766,1131100
2018-07-03 00:00:00-04:00,121.38152105971106,123.49357121315091,120.58682029412657,122.53419494628906,648800
2018-07-05 00:00:00-04:00,122.86353308415325,123.586634844331,121.71085921577786,123.50072479248047,1172100
2018-07-06 00:00:00-04:00,123.71552332513964,124.1808840522319,123.33607265856321,123.85155487060547,1134000
2018-07-09 00:00:00-04:00,123.42913832187195,124.07349654954044,122.51989438228176,123.24299621582031,1484100
2018-07-10 00:00:00-04:00,123.33604852029596,124.30973573865036,122.71316793004013,123.73697662353516,1566800
2018-07-11 00:00:00-04:00,123.12845294665252,123.85156576786363,122.41250658076402,122.51990509033203,968100
2018-07-12 00:00:00-04:00,122.53419302232251,123.207184227139,122.07598787162422,122.89216613769531,845400
2018-07-13 00:00:00-04:00,123.3575421675606,123.62959431636192,122.49124239051378,122.92081451416016,987400
2018-07-16 00:00:00-04:00,122.64875610031072,122.64875610031072,120.65842630578415,122.18339538574219,870200
2018-07-17 00:00:00-04:00,122.59149469318763,123.30028553702184,121.8683927874798,122.05453491210938,1052200
2018-07-18 00:00:00-04:00,121.61777499092118,122.59146223982671,120.89467327663843,122.22633361816406,1501900
2018-07-19 00:00:00-04:00,121.73948654297462,124.85385687001688,121.46743441672906,124.54600524902344,1726300
2018-07-20 00:00:00-04:00,123.91593626034691,124.2381097787535,121.93992921291328,122.06879425048828,1383100
2018-07-23 00:00:00-04:00,122.14044210304162,122.29078470704798,121.01640117792738,121.9829330444336,1138800
2018-07-24 00:00:00-04:00,122.06881758675156,122.57714415590361,121.35287144254775,121.56765747070312,2066200
2018-07-25 00:00:00-04:00,121.83259177231025,123.0998198987858,121.61065014680075,122.51990509033203,1630400
2018-07-26 00:00:00-04:00,123.08547596233228,123.83722169734857,122.05451163139254,122.3695297241211,1265300
2018-07-27 00:00:00-04:00,122.60579669469543,122.97092535350149,120.12146230523048,120.69422149658203,1375400
2018-07-30 00:00:00-04:00,120.70857527934325,123.80145824825561,119.52725708764257,123.04255676269531,1721400
2018-07-31 00:00:00-04:00,123.88732419863835,126.85134099514526,123.07114597712115,126.1568832397461,2379500
2018-08-01 00:00:00-04:00,125.64857367020619,127.5028719361151,124.78227385408775,127.25945281982422,2071300
2018-08-02 00:00:00-04:00,126.97303168038928,127.7176107383142,125.94206765828605,126.19264221191406,1711200
2018-08-03 00:00:00-04:00,126.18550723425103,128.47653269843258,125.99936517057324,127.63172149658203,1190600
2018-08-06 00:00:00-04:00,127.53864903737744,128.1543631745244,126.40745278892271,126.78690338134766,1316000
2018-08-07 00:00:00-04:00,126.82270103277769,126.82270103277769,125.2977322319306,126.35017395019531,831500
2018-08-08 00:00:00-04:00,126.36450213829062,126.75827472644878,125.5483239212318,126.20699310302734,771700
2018-08-09 00:00:00-04:00,126.09241751273326,126.95871705843011,125.16885189535148,126.5076675415039,1188500
2018-08-10 00:00:00-04:00,126.42179749121698,126.52918506517571,124.46726717385387,124.84671783447266,1214700
2018-08-13 00:00:00-04:00,125.06148900371802,125.59129317549746,124.4672632140863,125.14024353027344,948300
2018-08-14 00:00:00-04:00,125.29063740010182,125.94930686863944,125.11880630742723,125.71304321289062,959400
2018-08-15 00:00:00-04:00,125.45524828003899,126.97306163710796,124.42428401470065,126.82270812988281,1964000
2018-08-16 00:00:00-04:00,127.25716753107493,128.2130025496223,126.73579895760484,128.01748657226562,1378500
2018-08-17 00:00:00-04:00,128.25649604426343,129.34992742903478,127.91615779129528,129.24130249023438,1211100
2018-08-20 00:00:00-04:00,129.71195840399264,132.23913674247223,129.51644239883612,131.333984375,1779700
2018-08-21 00:00:00-04:00,130.84883123075423,131.8264002610957,130.2333342165447,130.4940185546875,1175300
2018-08-22 00:00:00-04:00,130.7112096369853,130.82707176571566,128.9733219029132,129.89295959472656,898400
2018-08-23 00:00:00-04:00,129.95818459408278,131.18918986352247,129.73370852750105,130.65333557128906,917700
2018-08-24 00:00:00-04:00,130.2043571829113,131.09502402689347,130.04504948083667,131.0081329345703,1108600
2018-08-27 00:00:00-04:00,131.23986047884395,131.39916818484235,129.5816150980125,130.39263916015625,1165600
2018-08-28 00:00:00-04:00,130.56642713439797,132.15225597396136,129.70472024537682,132.1088104248047,1502100
2018-08-29 00:00:00-04:00,132.22463516135832,132.41290283748782,130.95017381764805,131.47154235839844,1298500
2018-08-30 00:00:00-04:00,131.54399246403852,132.01466729887915,130.66780006702393,131.3919219970703,1070400
2018-08-31 00:00:00-04:00,132.02189045729057,132.57221904164177,131.0660443879619,132.5360107421875,2267000
2018-09-04 00:00:00-04:00,132.51430502019443,133.15877305619256,131.2326061893314,131.66708374023438,1565100
2018-09-05 00:00:00-04:00,131.06605221063805,132.92705063128875,130.37813867683553,132.08706665039062,2039200
2018-09-06 00:00:00-04:00,132.84742270694946,133.91912013868185,132.64465838818705,133.614990234375,1710500
2018-09-07 00:00:00-04:00,132.55051053100325,132.96325425136234,131.26881172715008,131.56570434570312,1114700
2018-09-10 00:00:00-04:00,132.23914568429785,132.92707036947183,131.26882493256946,131.85536193847656,869200
2018-09-11 00:00:00-04:00,132.4201731176392,134.3608256255863,132.05811215451405,133.45567321777344,1740800
2018-09-12 00:00:00-04:00,133.52081345608653,134.67216442484886,133.01393042416802,133.91908264160156,1562300
2018-09-13 00:00:00-04:00,134.68666628278737,134.70838905470163,133.83944503046368,134.12908935546875,1253000
2018-09-14 00:00:00-04:00,133.5498022182449,133.5498022182449,130.6098689509377,132.15225219726562,966400
2018-09-17 00:00:00-04:00,132.18117985609965,133.31081907148555,130.841561243341,132.84738159179688,990600
2018-09-18 00:00:00-04:00,132.3984606294852,132.7822443962751,131.1674554690708,131.37020874023438,1384500
2018-09-19 00:00:00-04:00,131.71053588482866,131.71053588482866,129.6902405851161,130.20436096191406,1290400
2018-09-20 00:00:00-04:00,130.29851618485193,131.29780809392517,129.0457882019351,130.42161560058594,1426600
2018-09-21 00:00:00-04:00,130.39264781009354,131.82640620996764,130.385399518925,130.6895294189453,2263100
2018-09-24 00:00:00-04:00,130.61709210228238,130.80535979008704,127.51060343356502,127.93059539794922,1211600
2018-09-25 00:00:00-04:00,128.58233028211492,129.25575834127423,128.06096163343915,128.16233825683594,1257100
2018-09-26 00:00:00-04:00,128.1623081371517,128.9226271093318,126.86612406131546,126.9457778930664,1130800
2018-09-27 00:00:00-04:00,127.40925145823871,128.0899278407664,126.88064554277045,127.06167602539062,1042700
2018-09-28 00:00:00-04:00,127.27167119300508,128.00304144112687,126.6416886261252,127.98855590820312,1740200
2018-10-01 00:00:00-04:00,128.01748836220128,129.13264212352388,127.6047446811458,127.90887451171875,1155600
2018-10-02 00:00:00-04:00,127.84374282803006,128.31441771392954,127.21374916707579,127.48168182373047,1111000
2018-10-03 00:00:00-04:00,127.6482148585833,128.16234629828352,124.1072590095327,125.34551239013672,1093600
2018-10-04 00:00:00-04:00,124.73000503482277,125.31654204243723,121.94937941764542,122.43453979492188,1950400
2018-10-05 00:00:00-04:00,123.45552131018248,124.49101011052389,122.88345893930796,124.02757263183594,1759200
2018-10-08 00:00:00-04:00,124.59963247962385,127.04715643506094,124.33894821256429,126.65613555908203,1537900
2018-10-09 00:00:00-04:00,126.65614677948024,127.93059717066264,125.6930634588918,126.79373168945312,1198300
2018-10-10 00:00:00-04:00,125.99725506204287,127.27895437111279,124.89658629185519,124.99796295166016,1697500
2018-10-11 00:00:00-04:00,125.58444627765483,125.58444627765483,122.97761426512747,123.3903579711914,3494400
2018-10-12 00:00:00-04:00,124.2810333409328,126.40995329110304,123.64380259415469,123.95516967773438,2415500
2018-10-15 00:00:00-04:00,123.47005376022514,125.40345841731205,123.41937095945215,123.83936309814453,1407500
2018-10-16 00:00:00-04:00,124.35344229116357,126.45340228712315,123.61484595910225,126.06237030029297,1255400
2018-10-17 00:00:00-04:00,126.03342462638825,126.87340872033464,124.2013970201575,125.0920639038086,1140700
2018-10-18 00:00:00-04:00,125.09204549791681,126.43167529630988,124.25930981733013,125.35272979736328,1160600
2018-10-19 00:00:00-04:00,125.39617967089896,127.01821659562403,125.39617967089896,126.55477905273438,1734100
2018-10-22 00:00:00-04:00,126.7068222135067,127.48887503862385,124.38239755619459,124.46205139160156,1210500
2018-10-23 00:00:00-04:00,124.2448766410411,125.8234575839852,123.81039894247706,125.04865264892578,1801500
2018-10-24 00:00:00-04:00,124.99070439996801,127.56133982371085,124.91105053446977,126.00447082519531,2465100
2018-10-25 00:00:00-04:00,128.4157777607019,131.44261311114937,126.64168127870796,130.93572998046875,3018800
2018-10-26 00:00:00-04:00,131.1167454783405,131.4208753220002,129.0819538482284,130.1681365966797,2013200
2018-10-29 00:00:00-04:00,131.01534342162887,132.4491124475152,130.16812229681662,130.96466064453125,1831900
2018-10-30 00:00:00-04:00,132.14499585784986,136.28697358191226,131.75396388467928,135.95387268066406,3125100
2018-10-31 00:00:00-04:00,135.92494201103074,135.92494201103074,132.32605487898462,132.890869140625,2197700
2018-11-01 00:00:00-04:00,133.433954761459,134.4115127639936,131.40641109250802,131.52951049804688,1393800
2018-11-02 00:00:00-04:00,131.51500570613035,132.15223646428467,128.72714323765015,130.63882446289062,1453500
2018-11-05 00:00:00-05:00,131.20363693809,133.2239319943355,131.02984372012023,132.62290954589844,1011400
2018-11-06 00:00:00-05:00,132.51430443921646,133.0573958508526,131.07329791595495,132.9705047607422,1024300
2018-11-07 00:00:00-05:00,133.73805715270748,135.6859465646633,133.05014365181717,135.60629272460938,1014000
2018-11-08 00:00:00-05:00,134.82424592822542,136.02629082347923,134.07115303392712,135.6207733154297,811000
2018-11-09 00:00:00-05:00,135.62080508575485,136.97492074489315,135.2442695996214,136.63458251953125,1262100
2018-11-12 00:00:00-05:00,136.66353286266246,138.42315495104586,135.69321209911232,136.07699584960938,916300
2018-11-13 00:00:00-05:00,136.6417825126062,136.98212064519024,135.25146997170253,136.7576446533203,1021500
2018-11-14 00:00:00-05:00,136.90974814254105,137.38766025221074,134.83151054524924,135.70045471191406,1025500
2018-11-15 00:00:00-05:00,134.71234210401636,135.2759339391338,131.96759190290933,133.519287109375,1731000
2018-11-16 00:00:00-05:00,133.5119928025667,135.4589385986328,132.5531617017334,135.4589385986328,1609700
2018-11-19 00:00:00-05:00,135.5833358532952,136.7910213963146,135.0270593673915,136.7397918701172,1184800
2018-11-20 00:00:00-05:00,135.9566267854437,136.5348492477089,133.79742552509182,134.0682373046875,1223100
2018-11-21 00:00:00-05:00,134.35368942842805,135.9200264146882,133.65103963803273,133.9584503173828,1379300
2018-11-23 00:00:00-05:00,133.60712445279728,134.35369968444778,132.18718296885916,133.526611328125,330700
2018-11-26 00:00:00-05:00,133.86325059061716,134.16334585633524,132.07733195457516,132.2822723388672,1618800
2018-11-27 00:00:00-05:00,132.5896985828051,133.2411187030829,131.5357241255086,133.01422119140625,1721500
2018-11-28 00:00:00-05:00,133.0069352388709,134.90996650184658,132.4945841045058,134.89532470703125,1299900
2018-11-29 00:00:00-05:00,134.66110762503192,135.8175637700494,133.5485768667311,135.1149139404297,1061600
2018-11-30 00:00:00-05:00,135.33448606542913,136.45434331427685,134.44152639180422,135.9127197265625,3131000
2018-12-03 00:00:00-05:00,136.50559310738572,136.86424453081864,134.72700012371752,136.8349609375,1597000
2018-12-04 00:00:00-05:00,136.92279217585468,138.05728005815828,135.07099032213236,135.4296417236328,1337100
2018-12-06 00:00:00-05:00,134.93191901910703,139.6236033560447,133.5558807321284,139.49917602539062,2413500
2018-12-07 00:00:00-05:00,139.0234459391063,139.1625150862139,137.14237154872424,137.91090393066406,1472000
2018-12-10 00:00:00-05:00,138.29884886808904,138.29884886808904,134.3464119702834,136.2128448486328,1269900
2018-12-11 00:00:00-05:00,139.250312725814,140.15791405409166,136.6885461316466,137.20089721679688,1608400
2018-12-12 00:00:00-05:00,137.65469343941913,137.7717942729133,133.06546877638425,133.57781982421875,1688100
2018-12-13 00:00:00-05:00,133.9218304310936,136.21278512513052,133.9218304310936,134.71963500976562,2518100
2018-12-14 00:00:00-05:00,134.39762671766692,135.29058648792784,132.75077633014914,133.69497680664062,1681100
2018-12-17 00:00:00-05:00,133.76812482780437,134.22924637704494,127.63453141691082,128.0736846923828,1691200
2018-12-18 00:00:00-05:00,128.86416532382367,130.0572200870301,126.74887869257479,128.08831787109375,1443500
2018-12-19 00:00:00-05:00,128.0370612977528,128.52013985992292,125.1166551604076,125.85590362548828,1833900
2018-12-20 00:00:00-05:00,125.85593844606315,126.07552068674808,122.77450526878746,123.01604461669922,2304700
2018-12-21 00:00:00-05:00,123.00138707656419,125.98767612971037,120.35910755048927,120.68115997314453,3190500
2018-12-24 00:00:00-05:00,120.68119798013186,121.03983824415276,117.53388172445135,117.59243774414062,1176600
2018-12-26 00:00:00-05:00,117.62901516155283,121.98401641845702,116.9409960164293,121.98401641845703,1542500
2018-12-27 00:00:00-05:00,121.14956058215385,122.49631470282971,119.0123174336695,122.47435760498047,1661600
2018-12-28 00:00:00-05:00,123.60157499452569,124.5384487417084,121.44968926732241,123.03799438476562,1408000
2018-12-31 00:00:00-05:00,123.15511826267792,123.40398412364802,120.75437744041825,122.95750427246094,1225400
2019-01-02 00:00:00-05:00,121.75710523261748,122.44511313229866,119.76624582347556,120.77630615234375,1439900
2019-01-03 00:00:00-05:00,120.2859272209582,122.82573690570442,120.26397011335426,120.6738510131836,1559100
2019-01-04 00:00:00-05:00,121.3765178347983,123.59427515744144,120.16882101606065,122.51101684570312,1056100
2019-01-07 00:00:00-05:00,122.84769398127553,124.90442496136508,122.65008001289164,123.79920959472656,1571100
2019-01-08 00:00:00-05:00,124.28228323507153,127.056305676653,123.44055319390627,126.75621032714844,1616000
2019-01-09 00:00:00-05:00,127.11486046928958,127.30515911504118,125.7461487119007,126.93187713623047,1022700
2019-01-10 00:00:00-05:00,125.3509116968109,127.29785724660161,124.58239055153022,126.88066101074219,1563400
2019-01-11 00:00:00-05:00,126.75622998394947,126.75622998394947,124.8458943939904,126.14873504638672,1470600
2019-01-14 00:00:00-05:00,125.56314763669361,126.19992597186891,124.56771799877022,124.97028350830078,1093900
2019-01-15 00:00:00-05:00,125.04347256835892,126.53662263856633,124.88244636140683,125.32892608642578,1462900
2019-01-16 00:00:00-05:00,125.32163317704307,126.6683879046464,124.79464025434315,126.54396057128906,1359800
2019-01-17 00:00:00-05:00,126.26579088723122,127.26854695444295,125.41675687280225,126.82206726074219,1183100
2019-01-18 00:00:00-05:00,128.4689397441526,128.4689397441526,126.01695864923978,127.3271255493164,1251700
2019-01-22 00:00:00-05:00,127.28321047662982,127.3930071848198,125.77542949885756,126.81477355957031,1192600
2019-01-23 00:00:00-05:00,126.83669206090457,127.56130990809739,126.18527199689176,127.48079681396484,1299800
2019-01-24 00:00:00-05:00,127.3563913099688,128.8348996695742,126.65373044381094,128.28594970703125,1345400
2019-01-25 00:00:00-05:00,128.6812053227478,129.84497671265598,128.48358018364848,129.63272094726562,1228400
2019-01-28 00:00:00-05:00,129.30334604779617,130.86235646172153,128.4908995966568,130.6501007080078,1432800
2019-01-29 00:00:00-05:00,130.36465561810812,131.396684371133,130.05724493669123,131.16246032714844,1817200
2019-01-30 00:00:00-05:00,131.18442470319056,133.6656785684824,130.7745437719262,132.66293334960938,2389700
2019-01-31 00:00:00-05:00,132.47989060456712,133.51923426247077,131.4478622570075,133.29965209960938,2544400
2019-02-01 00:00:00-05:00,135.10026318071402,135.56870009218474,129.2594379977222,131.16978454589844,2204400
2019-02-04 00:00:00-05:00,131.0160693418727,133.1386715845141,130.70865867580568,133.11671447753906,1531600
2019-02-05 00:00:00-05:00,133.4607234405703,134.78552100801102,132.5677638662392,134.6757354736328,1322900
2019-02-06 00:00:00-05:00,134.67573401952095,135.385710249945,133.39485067966137,134.56594848632812,973500
2019-02-07 00:00:00-05:00,133.62904523369116,136.16152776702282,132.75804296775772,136.02978515625,1579900
2019-02-08 00:00:00-05:00,135.31979302415957,136.46160685568185,134.26580758939667,134.74888610839844,1363600
2019-02-11 00:00:00-05:00,134.67572751607588,135.7589856754618,134.2292477552914,135.6272430419922,1124500
2019-02-12 00:00:00-05:00,136.08837556183846,136.16888868485924,134.39029583324282,135.1149139404297,1905100
2019-02-13 00:00:00-05:00,134.85583310022585,136.55818673838738,134.44134935399558,136.1881103515625,1281200
2019-02-14 00:00:00-05:00,136.22514872064397,136.56561274313367,134.83365760132762,136.010498046875,1136100
2019-02-15 00:00:00-05:00,136.46936017096638,136.46936017096638,134.63377332012388,135.7144012451172,1727800
2019-02-19 00:00:00-05:00,135.79581463959906,136.23250201522,134.49314997383988,134.87802124023438,1555700
2019-02-20 00:00:00-05:00,134.53017549616018,134.67080634210862,131.96925300642403,132.6501922607422,1727100
2019-02-21 00:00:00-05:00,132.25792491946856,134.84105133998,132.12469152325147,134.81884765625,1617700
2019-02-22 00:00:00-05:00,135.15931702786844,137.0911164844062,134.85585163843515,135.91427612304688,1259100
2019-02-25 00:00:00-05:00,136.46197106803743,136.5877956914936,135.09269513477753,135.67001342773438,1234600
2019-02-26 00:00:00-05:00,135.86246957734483,136.1511287673428,135.02609315516517,135.6552276611328,907300
2019-02-27 00:00:00-05:00,135.14450904065762,135.3739546220159,133.8122316236006,134.1453094482422,1244200
2019-02-28 00:00:00-05:00,134.08609008789062,135.96607331654118,133.3829471545155,134.08609008789062,2336300
2019-03-01 00:00:00-05:00,134.0860905612329,134.3303423525207,128.7199824969932,129.94863891601562,2587600
2019-03-04 00:00:00-05:00,131.28831689766056,131.28831689766056,128.16487094929556,129.75619506835938,1827500
2019-03-05 00:00:00-05:00,129.85978446418332,131.13284796765282,129.51191180371006,130.56292724609375,1259800
2019-03-06 00:00:00-05:00,130.62219577814005,131.8286487590817,130.33353656541738,130.54818725585938,1572400
2019-03-07 00:00:00-05:00,130.39273277719533,131.46595220482214,129.34171703267663,129.81541442871094,1567700
2019-03-08 00:00:00-05:00,129.52673537413287,130.42972266139077,128.3276914949824,128.9494171142578,1440500
2019-03-11 00:00:00-04:00,129.52674721285055,130.26690005406684,128.12785879470522,130.17808532714844,1351500
2019-03-12 00:00:00-04:00,130.47413810910572,131.93224006692873,130.27429368558026,131.68798828125,1094700
2019-03-13 00:00:00-04:00,132.51694779896133,132.82782190287725,131.78420378014042,131.85081481933594,1111000
2019-03-14 00:00:00-04:00,131.93966463541855,133.21272864992113,131.32533631380548,133.0720977783203,1691700
2019-03-15 00:00:00-04:00,132.76122731595143,133.25712842332732,129.70440339771875,130.33352661132812,2628600
2019-03-18 00:00:00-04:00,130.4445479865941,130.68879979290915,128.46093239008263,129.03085327148438,1345900
2019-03-19 00:00:00-04:00,129.00124969656602,129.47494712183442,127.97243757166257,128.34251403808594,1316200
2019-03-20 00:00:00-04:00,128.45352834257633,129.71178591868366,127.32109539469616,128.7421875,1396300
2019-03-21 00:00:00-04:00,128.50535173816067,131.92486605157887,127.46914212429927,131.8804473876953,1445300
2019-03-22 00:00:00-04:00,131.93223615827694,133.20529987352143,131.39192777835987,131.45114135742188,1480100
2019-03-25 00:00:00-04:00,131.88784369053045,132.31713371682983,130.76280814898155,131.73240661621094,739200
2019-03-26 00:00:00-04:00,132.36893579422068,134.24893039768904,131.66579283055728,134.1453094482422,1106400
2019-03-27 00:00:00-04:00,133.55317125152246,134.4857597012598,132.99805665895218,134.049072265625,1448500
2019-03-28 00:00:00-04:00,134.22669836502777,135.7366049228921,133.7011849720754,135.7144012451172,1249400
2019-03-29 00:00:00-04:00,136.02528479074036,136.12890573411804,134.3673384028618,134.86325073242188,1613400
2019-04-01 00:00:00-04:00,135.21109524042674,135.54417300385893,133.94544039718818,135.39613342285156,1578700
2019-04-02 00:00:00-04:00,135.2999452412267,135.80324376563422,133.19791382663703,135.66261291503906,1253800
2019-04-03 00:00:00-04:00,135.7958118101091,136.34352885387403,134.24889543415833,135.4257354736328,861200
2019-04-04 00:00:00-04:00,135.8476305633644,136.12149476026406,134.98165320241444,136.07708740234375,813600
2019-04-05 00:00:00-04:00,136.08451264569732,137.23914936268292,135.59600902117663,136.78025817871094,762300
2019-04-08 00:00:00-04:00,136.9356677642176,137.36495775069457,135.4553621393325,135.79583740234375,623800
2019-04-09 00:00:00-04:00,135.6552171792397,135.6552171792397,134.73002609126814,135.1297149658203,709500
2019-04-10 00:00:00-04:00,135.9586976693762,136.90609254519205,135.1963410317093,136.87648010253906,707500
2019-04-11 00:00:00-04:00,136.92825205156197,137.96446133333743,135.84762412013828,136.34353637695312,872400
2019-04-12 00:00:00-04:00,136.21775208253416,137.32058410966795,134.9520967870086,137.3131866455078,721000
2019-04-15 00:00:00-04:00,137.66102880304857,137.84606701039473,135.94386881783473,136.55819702148438,651500
2019-04-16 00:00:00-04:00,136.29912786504042,136.42496377431863,130.33349835517348,131.06625366210938,1381500
2019-04-17 00:00:00-04:00,131.49555241905225,132.33932618022084,129.80059614047667,131.3327178955078,1916200
2019-04-18 00:00:00-04:00,131.36971426875678,132.73159260377977,131.20687976197854,131.79159545898438,1018200
2019-04-22 00:00:00-04:00,131.4511702719334,131.4511702719334,127.26929926977284,128.5719757080078,1297000
2019-04-23 00:00:00-04:00,129.21590470606847,131.16990806257556,128.76441095013354,130.71841430664062,982400
2019-04-24 00:00:00-04:00,131.02927814502286,132.67241862649823,130.4519597373518,131.85824584960938,828700
2019-04-25 00:00:00-04:00,131.29567898430724,132.09504520675785,130.34828448966203,131.6361541748047,905500
2019-04-26 00:00:00-04:00,132.06545132301343,132.98324480964598,131.36971721660814,132.1986846923828,834100
2019-04-29 00:00:00-04:00,132.42813104883388,133.15347759456375,129.94121731249655,130.08184814453125,1183000
2019-04-30 00:00:00-04:00,129.45272581749225,129.65257024443446,124.71575220955967,128.56454467773438,2193400
2019-05-01 00:00:00-04:00,128.32029132742,132.4355392168615,127.49872124202172,131.56216430664062,2256300
2019-05-02 00:00:00-04:00,131.76203194096817,132.70942681791686,131.05148013633774,131.5991973876953,1644600
2019-05-03 00:00:00-04:00,131.4807587437909,133.27192737982307,130.70359595161145,132.79083251953125,1069900
2019-05-06 00:00:00-04:00,132.18391405638732,132.55399053538085,131.243927931307,131.82864379882812,851900
2019-05-07 00:00:00-04:00,131.49556599508415,132.27272879335843,127.7651890809025,128.80880737304688,2063200
2019-05-08 00:00:00-04:00,128.65337459157737,129.89682596610896,127.76518213109905,127.92801666259766,1013300
2019-05-09 00:00:00-04:00,127.46912435252528,128.7717892988815,126.44770980852647,128.61636352539062,1421700
2019-05-10 00:00:00-04:00,128.61635286312026,130.11886211610027,127.454307567358,129.6821746826172,1279700
2019-05-13 00:00:00-04:00,128.527507510752,130.4075016300114,128.49050891206466,129.52671813964844,1068100
2019-05-14 00:00:00-04:00,129.37132185795707,130.51856112446083,128.638577706878,130.4519500732422,1408400
2019-05-15 00:00:00-04:00,130.57775956830852,131.69538626431535,129.6969759026674,131.00704956054688,906000
2019-05-16 00:00:00-04:00,131.1492971059685,132.30248334399565,130.82730762677497,131.27659606933594,900800
2019-05-17 00:00:00-04:00,130.07102187369742,131.5836529878276,129.8314035911806,130.64013671875,1799400
2019-05-20 00:00:00-04:00,130.51278122597674,130.69998758642984,127.27786125895508,127.71966552734375,1255400
2019-05-21 00:00:00-04:00,128.14655706774383,129.92875462207925,127.56247388401235,129.3970947265625,1775700
2019-05-22 00:00:00-04:00,129.42700524796356,129.7190467552548,128.27381892911816,128.55836486816406,1540300
2019-05-23 00:00:00-04:00,127.92192862885781,129.12753877322515,126.57403973668062,128.40866088867188,1649700
2019-05-24 00:00:00-04:00,128.8354198820294,129.09001779062297,127.48004765703317,128.2962646484375,1148400
2019-05-28 00:00:00-04:00,128.12405893674813,128.65571869005043,125.79521096901085,125.87008666992188,2642600
2019-05-29 00:00:00-04:00,126.3194003042445,126.3194003042445,122.17839538768685,122.77745819091797,2067200
2019-05-30 00:00:00-04:00,122.77744996602891,123.99054377733135,122.08103621890102,122.09601593017578,1519200
2019-05-31 00:00:00-04:00,121.31724406383532,121.96123460441068,120.33628425315993,121.37715148925781,2379700
2019-06-03 00:00:00-04:00,121.40709449274851,121.7665275704911,119.57995825611876,121.06262969970703,1609700
2019-06-04 00:00:00-04:00,121.0626580900754,122.11102099975224,120.20899718888778,121.39214324951172,1702400
2019-06-05 00:00:00-04:00,122.39553002080046,123.63109899522398,121.82642673408375,123.51876831054688,1169400
2019-06-06 00:00:00-04:00,123.46637414420132,123.60865284279579,121.64672191265102,122.53034210205078,1386700
2019-06-07 00:00:00-04:00,123.47387027348756,123.55624155823999,122.29821985602847,122.35063171386719,872400
2019-06-10 00:00:00-04:00,122.70260523417596,122.94222356650988,120.27640534705625,120.8530044555664,2257800
2019-06-11 00:00:00-04:00,121.38465294528692,122.24579794687817,120.75563066093324,121.81147766113281,1071100
2019-06-12 00:00:00-04:00,122.27573468814961,122.60521980052421,121.32473434472688,121.72161102294922,1069700
2019-06-13 00:00:00-04:00,121.80397461458358,122.67261505126953,121.21989156175002,122.67261505126953,995900
2019-06-14 00:00:00-04:00,122.77744987526255,123.06199583224141,121.7440668953337,121.99866485595703,1175000
2019-06-17 00:00:00-04:00,122.28320900408583,125.03888141741358,122.02861107101828,124.70939636230469,1816500
2019-06-18 00:00:00-04:00,125.59305019190762,126.19211305085004,124.16279032989888,124.40242004394531,1389200
2019-06-19 00:00:00-04:00,124.11036418279613,124.71691111565714,122.08104169547576,123.75841522216797,1212300
2019-06-20 00:00:00-04:00,123.87821749831065,124.4473322853218,121.91629801973365,123.44390869140625,1722700
2019-06-21 00:00:00-04:00,123.41395703305973,123.41395703305973,121.39213000620543,122.87480163574219,2620200
2019-06-24 00:00:00-04:00,123.11443072979948,123.55623513132089,121.02520071892214,121.33222198486328,1353500
2019-06-25 00:00:00-04:00,121.5943184778096,122.90476342754177,120.62084280134535,120.92786407470703,1151000
2019-06-26 00:00:00-04:00,120.93534278719734,121.36966303645926,118.78621682252457,119.26546478271484,1716900
2019-06-27 00:00:00-04:00,119.58747023692204,120.56094599916881,118.81618062692192,119.75969696044922,1199900
2019-06-28 00:00:00-04:00,120.05176785279427,120.78561399927881,119.28796227312823,119.63241577148438,1559200
2019-07-01 00:00:00-04:00,120.32128502194901,120.95030717375965,118.1946231822131,118.79368591308594,1568400
2019-07-02 00:00:00-04:00,119.37779544246213,121.48199389683752,118.76376429094017,121.27232360839844,1557400
2019-07-03 00:00:00-04:00,121.74408414713646,123.67605583173568,121.74408414713646,123.57870483398438,1109700
2019-07-05 00:00:00-04:00,122.64264887433295,122.87478296893472,120.23142966546129,122.02861785888672,959900
2019-07-08 00:00:00-04:00,122.0585711148929,123.71348069556129,122.0585711148929,123.0170669555664,1498500
2019-07-09 00:00:00-04:00,122.79245868615749,123.75845042346857,122.40307747416715,123.20431518554688,2712700
2019-07-10 00:00:00-04:00,123.69851965679919,123.91567408306517,122.27574396596974,122.71755981445312,1555200
2019-07-11 00:00:00-04:00,122.65014751108937,123.45139643674328,121.10008436572852,121.72161102294922,1011400
2019-07-12 00:00:00-04:00,121.91633495782331,122.0810775591167,121.30978784677754,121.50447845458984,844800
2019-07-15 00:00:00-04:00,121.72162777741521,122.74003125303717,121.36219461724691,121.75907135009766,1019700
2019-07-16 00:00:00-04:00,121.53443839143564,122.19339737316699,121.08513830855796,121.32476806640625,1155400
2019-07-17 00:00:00-04:00,121.81891989801595,122.13343664508291,119.49756783629712,119.91690826416016,1109900
2019-07-18 00:00:00-04:00,120.0817086372763,120.0817086372763,118.9659540549798,119.3553466796875,2152500
2019-07-19 00:00:00-04:00,119.41522680639741,119.97684604148381,116.99652316662032,117.14628601074219,1790700
2019-07-22 00:00:00-04:00,117.15377291493067,117.5356813165409,116.09792598580206,116.16532897949219,1602900
2019-07-23 00:00:00-04:00,116.45737231218389,118.60649834558409,116.44987674267436,118.50166320800781,2757700
2019-07-24 00:00:00-04:00,119.00337585513786,119.51258325983541,118.34440559947272,119.19058227539062,1054700
2019-07-25 00:00:00-04:00,119.0033886377838,119.66235896423167,117.72290298436957,118.5541000366211,1149000
2019-07-26 00:00:00-04:00,118.94345853660238,119.37029462384044,117.41585930191135,118.56156158447266,1556600
2019-07-29 00:00:00-04:00,118.89851296453209,120.50848323245064,118.89851296453209,119.5425033569336,1042800
2019-07-30 00:00:00-04:00,119.422724598877,120.3737364783143,119.40026074099984,119.96937561035156,1385600
2019-07-31 00:00:00-04:00,121.68419898740716,123.15190266117251,120.23147502976941,121.45954895019531,2481600
2019-08-01 00:00:00-04:00,120.56841780528426,120.86795493095566,117.83520866229915,117.92506408691406,2441000
2019-08-02 00:00:00-04:00,117.85766453381987,119.87200729107174,117.37841659138678,119.25048065185547,1113600
2019-08-05 00:00:00-04:00,118.31445115294325,118.98838965866192,114.443023964206,115.88076782226562,2052700
2019-08-06 00:00:00-04:00,116.10543273002757,116.77937132241071,114.68265697496747,114.91480255126953,1628300
2019-08-07 00:00:00-04:00,114.57034707084831,116.11292638622861,112.92293260081618,114.9597396850586,1792900
2019-08-08 00:00:00-04:00,115.13193136544284,116.3600048429607,114.13599198639308,116.18028259277344,1235500
2019-08-09 00:00:00-04:00,116.03053283691406,116.67452335659438,115.18436761743736,116.03053283691406,1229100
2019-08-12 00:00:00-04:00,115.73849903161474,116.07546831332435,113.97126991237103,114.60028076171875,1413900
2019-08-13 00:00:00-04:00,114.62275671562325,116.60714027321492,114.44303443211223,116.33756256103516,1549300
2019-08-14 00:00:00-04:00,115.28173725840146,115.67861404458756,113.07270328736035,113.91138458251953,2976000
2019-08-15 00:00:00-04:00,113.91135854526014,114.79974727425909,111.77770549705104,112.29402923583984,2882100
2019-08-16 00:00:00-04:00,112.60533759012006,114.79973644520994,111.7776949530708,112.8407211303711,1899200
2019-08-19 00:00:00-04:00,113.21279380074782,114.36693327586471,113.02296685714235,113.86579895019531,1082600
2019-08-20 00:00:00-04:00,113.90376884220777,114.34416879495558,111.9523536507775,112.01309967041016,1295800
2019-08-21 00:00:00-04:00,113.15203292182456,113.8581834979221,111.04874741890623,111.90676879882812,1525600
2019-08-22 00:00:00-04:00,111.99792849363939,113.1900475989434,111.20065278713854,112.90909576416016,1164100
2019-08-23 00:00:00-04:00,112.55981238861807,112.88630923913693,110.47930447694944,110.8817367553711,1747200
2019-08-26 00:00:00-04:00,111.61825489196397,112.0738442402561,110.91210414684146,111.60306549072266,1022300
2019-08-27 00:00:00-04:00,112.36237872028558,112.52942738357304,110.41855236870671,110.4565200805664,1855300
2019-08-28 00:00:00-04:00,110.55522703177665,111.45120472887977,110.44132390318536,111.26896667480469,1220800
2019-08-29 00:00:00-04:00,111.61826771052075,112.9394677034035,111.25380314170197,112.54462432861328,1280500
2019-08-30 00:00:00-04:00,113.04574435199592,113.6076246859197,112.42310642010331,113.09130096435547,1420500
2019-09-03 00:00:00-04:00,112.68127673647,113.55448768798279,112.45349365757949,113.52410888671875,943600
2019-09-04 00:00:00-04:00,114.05563137237928,114.43528527782661,113.54688494329626,114.01006317138672,1048100
2019-09-05 00:00:00-04:00,113.63800819882982,114.23026735630609,112.6129380337499,113.94172668457031,1055400
2019-09-06 00:00:00-04:00,114.01764851446178,115.11864237674041,113.98726971783667,114.84529113769531,1021900
2019-09-09 00:00:00-04:00,115.11107854510202,120.31993103379143,114.49602943368824,120.1301040649414,2675900
2019-09-10 00:00:00-04:00,119.95541978267038,124.22273667129663,119.76559286941112,122.41558074951172,2190900
2019-09-11 00:00:00-04:00,120.93495558782121,121.83853371641015,118.4520158574653,119.87191772460938,2704700
2019-09-12 00:00:00-04:00,120.16046979222713,120.16805869988431,117.01693569049134,117.89773559570312,2739600
2019-09-13 00:00:00-04:00,118.61149702450291,119.45432929153604,116.72081610490977,116.88026428222656,1481700
2019-09-16 00:00:00-04:00,116.6220969592728,117.30548101730496,116.0450271293488,117.22954559326172,1303600
2019-09-17 00:00:00-04:00,117.44975817535807,117.45735867062388,115.74891563721577,117.06251525878906,989800
2019-09-18 00:00:00-04:00,117.69270022385822,118.8468512379081,116.99413849028288,118.31533813476562,1254000
2019-09-19 00:00:00-04:00,118.50517274337288,118.83166953282958,117.36621105455981,117.40416717529297,982400
2019-09-20 00:00:00-04:00,118.13313153361878,119.87194163066195,117.70032044341079,117.72309875488281,2128200
2019-09-23 00:00:00-04:00,115.73369910882863,118.71018443911326,114.73900769627829,117.65474700927734,1285900
2019-09-24 00:00:00-04:00,117.51808094186708,117.98125920072198,115.96908641653135,116.93341064453125,1110500
2019-09-25 00:00:00-04:00,117.23713916545327,118.0420152995287,116.66006931257076,116.75118255615234,979400
2019-09-26 00:00:00-04:00,117.17640687162054,118.2014656390317,116.7511846928456,118.16349792480469,945000
2019-09-27 00:00:00-04:00,118.42920505684695,119.9705985287769,118.3001241576244,119.94023132324219,1355000
2019-09-30 00:00:00-04:00,119.72762715484284,120.15284917993138,118.08753140253475,118.18623352050781,1255600
2019-10-01 00:00:00-04:00,118.38369377667102,119.13540115910519,115.17941361173952,115.68814849853516,1666000
2019-10-02 00:00:00-04:00,115.62740878085917,115.62740878085917,112.80278240011603,113.26596069335938,2144500
2019-10-03 00:00:00-04:00,113.32670602313543,113.75191660066594,111.96754995666335,111.99791717529297,1993300
2019-10-04 00:00:00-04:00,112.40790779875495,113.13684829505715,111.46637365758825,112.3775405883789,2070300
2019-10-07 00:00:00-04:00,112.38516456256272,113.19762962356181,112.24849469405058,112.54462432861328,1510400
2019-10-08 00:00:00-04:00,112.23329781370131,112.2636766176488,110.4868873425285,110.76023864746094,1605700
2019-10-09 00:00:00-04:00,111.39047554692176,111.64104856435343,110.31225963277704,110.8437728881836,1209400
2019-10-10 00:00:00-04:00,111.01079334583466,112.11178729202734,110.67669607419174,111.76251220703125,1549700
2019-10-11 00:00:00-04:00,112.15733890339767,114.73139139236433,111.8460199839428,112.83312225341797,1295800
2019-10-14 00:00:00-04:00,112.64331069117517,113.0001862648233,111.13987298622982,112.87109375,1103200
2019-10-15 00:00:00-04:00,112.81038746662111,113.31152190716512,112.14219276440268,113.05335998535156,1072200
2019-10-16 00:00:00-04:00,112.98500901808099,113.73671636528961,112.24089057827713,112.92426300048828,911600
2019-10-17 00:00:00-04:00,112.84832152213941,113.4178023721076,112.65090566515276,112.99259185791016,902600
2019-10-18 00:00:00-04:00,113.06093669198634,114.16194236735083,112.0814346420538,113.83543395996094,1271100
2019-10-21 00:00:00-04:00,114.13914906677726,116.37150416883222,114.1087702678797,116.30316925048828,1417800
2019-10-22 00:00:00-04:00,116.30317848572113,117.38899470324752,115.2401521622361,117.32064819335938,1211600
2019-10-23 00:00:00-04:00,117.69271236734255,118.67981485280835,116.95618285338007,117.45732879638672,1227100
2019-10-24 00:00:00-04:00,117.4573440699591,117.56364671537894,115.26294464327032,117.26751708984375,1176700
2019-10-25 00:00:00-04:00,117.24471301031497,118.26218261943858,116.51577246899075,118.11791229248047,1171000
2019-10-28 00:00:00-04:00,117.7914184216962,118.17866121455796,115.96907281654863,116.81190490722656,1068200
2019-10-29 00:00:00-04:00,116.64486692861003,117.84457470877071,115.67295381817169,116.07538604736328,1313500
2019-10-30 00:00:00-04:00,116.93340605095092,117.50288692457568,111.36008934841159,114.79215240478516,1885600
2019-10-31 00:00:00-04:00,115.09589782398211,115.74130261507722,113.7974761612291,114.41251373291016,1559000
2019-11-01 00:00:00-04:00,115.20974845103906,117.03209379372109,114.79212691920888,117.00931549072266,1217400
2019-11-04 00:00:00-05:00,116.85747376035815,120.2743590935396,116.45504152578403,120.01619720458984,1810900
2019-11-05 00:00:00-05:00,119.9706096862139,120.25154981146648,118.08752994284639,118.76331329345703,1824200
2019-11-06 00:00:00-05:00,118.80890889970512,119.59099511547552,117.43456344453809,117.75347137451172,1942300
2019-11-07 00:00:00-05:00,118.1027137733284,119.24167531574082,117.647136108033,118.4292221069336,1585700
2019-11-08 00:00:00-05:00,117.76103576562545,118.3532948817183,116.45502551318562,117.30545806884766,1164600
2019-11-11 00:00:00-05:00,117.0245170882124,118.42924118458645,116.46263671855705,118.0116195678711,1449200
2019-11-12 00:00:00-05:00,117.89772710275857,119.15816926404672,116.45503530964125,116.62968444824219,1514300
2019-11-13 00:00:00-05:00,116.62210078542334,118.0344139816823,116.58413307215606,117.19158172607422,1313100
2019-11-14 00:00:00-05:00,117.01450097268608,118.8465850049129,116.9837148757964,118.21537017822266,1120700
2019-11-15 00:00:00-05:00,118.46171788234406,119.12373068425563,117.79201149115531,118.54639434814453,1034100
2019-11-18 00:00:00-05:00,118.64645754023567,118.89278157709717,117.87667583789651,118.32315063476562,981100
2019-11-19 00:00:00-05:00,118.15380502769176,118.15380502769176,115.75978331552336,116.11387634277344,1124400
2019-11-20 00:00:00-05:00,115.71356577212146,115.99838118086274,112.28802855075591,114.1047134399414,1801400
2019-11-21 00:00:00-05:00,114.00467009595752,114.16631766903338,112.56517038492973,112.78070831298828,1506800
2019-11-22 00:00:00-05:00,113.21948596409459,114.08934298324193,111.24884682862428,113.69674682617188,1224800
2019-11-25 00:00:00-05:00,113.82760100258675,115.33637810108908,113.25797013814062,114.88220977783203,1513100
2019-11-26 00:00:00-05:00,115.27478491525926,116.26010434080345,114.37414192843845,116.03687286376953,2012400
2019-11-27 00:00:00-05:00,116.03691061957069,116.49877264348612,115.08237697664482,116.40640258789062,1088700
2019-11-29 00:00:00-05:00,116.09079999717497,116.69122890607547,115.51346360431378,116.39871978759766,789500
2019-12-02 00:00:00-05:00,116.52186981066012,116.61425161588276,113.82763345277704,114.5897216796875,1820800
2019-12-03 00:00:00-05:00,114.28948596222313,114.77445217504949,112.44201464487647,114.02005767822266,1729200
2019-12-04 00:00:00-05:00,113.26566596243282,115.42105682603034,113.12711091026964,114.80522918701172,1712800
2019-12-05 00:00:00-05:00,114.7667523131687,115.09005922182331,113.45812575548953,114.31258392333984,1379300
2019-12-06 00:00:00-05:00,113.94308910503395,115.29790065163846,113.92769018236332,114.11244201660156,1078400
2019-12-09 00:00:00-05:00,114.29718325272019,115.55962476785172,113.63517052247217,115.30559539794922,1045300
2019-12-10 00:00:00-05:00,115.39029195936195,115.5134598715509,113.90461866112538,114.72827911376953,1896000
2019-12-11 00:00:00-05:00,112.87310191270123,113.49662325168816,111.4336020510317,111.92626190185547,3609200
2019-12-12 00:00:00-05:00,112.06483286828185,112.91929111335796,109.61692070160257,110.85626983642578,3093100
2019-12-13 00:00:00-05:00,111.67223999506963,112.51899284130167,110.30201772430436,111.11799621582031,2403100
2019-12-16 00:00:00-05:00,111.66455237650294,112.0879347397588,110.00182077495562,112.0648422241211,2422300
2019-12-17 00:00:00-05:00,112.39581901032595,112.39581901032595,110.81007062687145,111.35662078857422,2263400
2019-12-18 00:00:00-05:00,110.65612248446689,112.00324049732127,110.65612248446689,111.11799621582031,2007700
2019-12-19 00:00:00-05:00,111.01792969168355,111.95706440668413,110.65613131397328,111.88778686523438,1765100
2019-12-20 00:00:00-05:00,112.59597322352184,113.06554053317706,111.33353169778371,111.99554443359375,2836500
2019-12-23 00:00:00-05:00,112.09559106566951,112.58055722472132,111.07948547757867,111.5952377319336,1429600
2019-12-24 00:00:00-05:00,111.76462285803335,112.55749718255034,111.45670308651232,112.21109771728516,518600
2019-12-26 00:00:00-05:00,112.40353259735262,113.39654587050416,112.38044008490286,112.86539459228516,1043700
2019-12-27 00:00:00-05:00,113.1810075428638,113.91229784183261,113.01935995625931,113.6120834350586,1087200
2019-12-30 00:00:00-05:00,113.61978876980736,114.55121809131316,113.08093215862675,113.6120834350586,1070800
2019-12-31 00:00:00-05:00,113.39654016124472,114.67438060016893,113.16560330243702,114.66668701171875,1473900
2020-01-02 00:00:00-05:00,115.01308459389465,115.28250113659588,111.50288198295996,111.6876220703125,1849300
2020-01-03 00:00:00-05:00,111.07180830860963,112.37274140132048,110.8485767597367,111.88778686523438,1308200
2020-01-06 00:00:00-05:00,111.68762060970697,113.0578310540223,111.2257586514293,112.4728012084961,1026700
2020-01-07 00:00:00-05:00,111.3412219466921,111.99554107436731,110.47136488786334,111.19496154785156,1621600
2020-01-08 00:00:00-05:00,111.5490763612491,112.43432067656236,110.87166466163991,111.92626190185547,1397600
2020-01-09 00:00:00-05:00,111.51058577237423,111.67224510953281,110.35591313704491,111.02561950683594,2236400
2020-01-10 00:00:00-05:00,111.04100337371115,111.57984818127682,110.58683501775835,111.45668029785156,1912800
2020-01-13 00:00:00-05:00,111.28734361672453,112.88847918190977,111.00251640660541,111.8415756225586,2061300
2020-01-14 00:00:00-05:00,112.01093360514825,113.3426644349276,111.73381171671325,113.25798797607422,1584800
2020-01-15 00:00:00-05:00,113.19639473748943,113.73523954690009,112.5343820442318,113.2348861694336,1357000
2020-01-16 00:00:00-05:00,113.42733817401651,114.73596471460586,113.18100239200899,114.34336853027344,1103900
2020-01-17 00:00:00-05:00,114.4280561023783,115.0746817199915,113.61979463575283,113.75065612792969,1436900
2020-01-21 00:00:00-05:00,113.71985531790396,115.3825867268607,113.48891844233708,114.78215789794922,1628800
2020-01-22 00:00:00-05:00,114.92840116071334,115.19781768705705,112.34193438138676,112.39581298828125,1582600
2020-01-23 00:00:00-05:00,112.3111621653171,113.3965573440257,111.17188836741997,113.35037231445312,1561300
2020-01-24 00:00:00-05:00,113.31959076493686,113.77375923524016,111.34124578184458,111.47981262207031,1893300
2020-01-27 00:00:00-05:00,110.65614184553878,110.77930976157482,109.02420806884766,109.02420806884766,2061600
2020-01-28 00:00:00-05:00,109.17812938103296,109.5938062906936,107.73093616603764,107.76173400878906,1422400
2020-01-29 00:00:00-05:00,107.98498694853166,108.82404626807335,107.62318857296087,107.79254150390625,1667500
2020-01-30 00:00:00-05:00,107.02275865404421,107.7232628844933,104.76730370366303,105.0367202758789,2639600
2020-01-31 00:00:00-05:00,104.69031200357364,104.85966491854848,102.27319791685801,102.49642944335938,2920300
2020-02-03 00:00:00-05:00,102.67348743208305,104.53635774613932,102.0191682853475,102.22701263427734,2812300
2020-02-04 00:00:00-05:00,101.28787969640679,107.18441046555787,100.07931676309624,105.6833267211914,5060800
2020-02-05 00:00:00-05:00,105.66793419567111,108.25440110279915,105.65253527325366,108.13123321533203,2811900
2020-02-06 00:00:00-05:00,109.13965531835129,109.80166809163003,107.78484367007869,108.43145751953125,2151300
2020-02-07 00:00:00-05:00,108.01576640205766,108.56999838192905,107.22288049896856,108.55461120605469,1983500
2020-02-10 00:00:00-05:00,109.39368678631072,110.15577496005483,107.63858530672206,110.1249771118164,2893300
2020-02-11 00:00:00-05:00,110.46366345177475,111.07949110243516,107.66935238764026,109.37057495117188,3060400
2020-02-12 00:00:00-05:00,109.30131383328576,109.67849936966667,106.21448152882317,107.13052368164062,4957300
2020-02-13 00:00:00-05:00,107.02108110606926,109.45178033460452,106.69282096944949,108.37321472167969,2557100
2020-02-14 00:00:00-05:00,108.52953866799922,108.84998737968967,107.75577488447904,108.57643127441406,1501100
2020-02-18 00:00:00-05:00,108.60771118924238,109.09228406901269,107.74016211120312,108.77183532714844,1594300
2020-02-19 00:00:00-05:00,108.53736403748368,108.53736403748368,105.84093149002386,107.08363342285156,2267800
2020-02-20 00:00:00-05:00,107.09144533663212,109.84258166190627,106.8022543811707,109.83477020263672,2202300
2020-02-21 00:00:00-05:00,109.30330885597955,111.58550726706065,109.30330885597955,111.17908477783203,3180200
2020-02-24 00:00:00-05:00,109.72535274474959,110.24119529017749,108.92814262235122,110.03016662597656,3097400
2020-02-25 00:00:00-05:00,110.03017846641485,110.23338376713583,105.36417260297908,105.73151397705078,4040700
2020-02-26 00:00:00-05:00,106.55996922699839,107.36499079934545,103.324248092993,103.34769439697266,2228300
2020-02-27 00:00:00-05:00,101.63603778966946,103.58997586712758,97.71253275382969,98.3221664428711,3834700
2020-02-28 00:00:00-05:00,96.7746454378508,98.39250593709814,93.71868936724842,96.19628143310547,5789400
2020-03-02 00:00:00-05:00,96.48544251790446,99.51795768472743,94.0625609304241,99.4319839477539,3437900
2020-03-03 00:00:00-05:00,99.32258290122847,101.839256127363,94.68002406884499,95.71952056884766,4913100
2020-03-04 00:00:00-05:00,96.38384965572156,97.25921599214468,93.85935923476326,96.51671600341797,3673600
2020-03-05 00:00:00-05:00,94.8832316499971,94.90667795221675,91.91324346796424,93.71086883544922,3553600
2020-03-06 00:00:00-05:00,91.41303740091774,93.54674038420661,89.92023182515791,93.0543441772461,3613100
2020-03-09 00:00:00-04:00,87.92723387285287,87.9506801811474,80.50226745692306,80.53353118896484,6489400
2020-03-10 00:00:00-04:00,83.62855125578298,87.91939768330063,80.33030276620318,87.09874725341797,6009900
2020-03-11 00:00:00-04:00,84.94161422753517,85.62158696832975,78.15753955559191,79.32990264892578,5926000
2020-03-12 00:00:00-04:00,72.31133056665674,74.82800351459886,64.68316136302698,65.25370788574219,7611300
2020-03-13 00:00:00-04:00,69.44295481588014,71.3343653548407,63.77653465762013,70.16200256347656,7038700
2020-03-16 00:00:00-04:00,61.65065999177071,61.658477414709445,51.05250040654228,51.41984176635742,5743600
2020-03-17 00:00:00-04:00,52.01384102568951,52.732888904113054,42.17380443909654,46.00352478027344,10561600
2020-03-18 00:00:00-04:00,42.595848306501935,43.40868722827122,34.01415298711553,35.10835647583008,12166900
2020-03-19 00:00:00-04:00,36.19475449326386,46.50373199062929,35.56167740459887,43.56501007080078,10392200
2020-03-20 00:00:00-04:00,46.08949155964619,49.55968445424461,36.07751194371101,37.625030517578125,9258400
2020-03-23 00:00:00-04:00,37.90640063006388,40.73570227526856,35.991540620498,39.20381546020508,10694900
2020-03-24 00:00:00-04:00,42.55676797245678,44.69046779717636,41.07959140007189,42.77560806274414,7401800
2020-03-25 00:00:00-04:00,43.54937632095453,54.350746641846676,42.775615468309255,48.72340393066406,8662200
2020-03-26 00:00:00-04:00,48.99694565580337,51.18535550521907,45.64399048883083,48.53581619262695,8730100
2020-03-27 00:00:00-04:00,47.222777809069704,47.25404153636783,43.53374445061188,45.4642333984375,4837800
2020-03-30 00:00:00-04:00,44.995287663332924,45.331365265022484,42.83814124877653,43.97924041748047,4848900
2020-03-31 00:00:00-04:00,44.244980824321985,44.799898604556645,41.26717768204333,42.87722396850586,6507700
2020-04-01 00:00:00-04:00,39.664952465499454,40.118267639069636,35.952469229812316,36.76530838012695,8728800
2020-04-02 00:00:00-04:00,36.046253486842666,37.890771747900644,33.021557785991575,34.39712905883789,7679000
2020-04-03 00:00:00-04:00,34.55344214661898,36.827826074610044,34.53781028336283,36.51519775390625,6759100
2020-04-06 00:00:00-04:00,39.547708016841945,43.33053249526385,39.04750031415361,42.25196075439453,8207200
2020-04-07 00:00:00-04:00,46.112939787498554,50.28654876367844,46.112939787498554,47.58230209350586,8424900
2020-04-08 00:00:00-04:00,48.45766992760322,51.075946061747324,47.12899128490655,49.16890335083008,6692100
2020-04-09 00:00:00-04:00,51.583966654049874,57.96943503451235,51.51362774355386,53.27998352050781,9095600
2020-04-13 00:00:00-04:00,53.616063939770804,53.866167795164834,48.60616642785731,51.036869049072266,4123200
2020-04-14 00:00:00-04:00,51.669938306760635,54.24132149788204,51.33386072341174,52.95172119140625,5105100
2020-04-15 00:00:00-04:00,49.86450031270251,50.255290918854136,46.73819931527323,47.84803771972656,5168400
2020-04-16 00:00:00-04:00,48.465474962817716,48.72339619993394,40.72788257142087,41.50164031982422,8421600
2020-04-17 00:00:00-04:00,45.612733243416535,47.98090535792183,43.385241934584364,43.862003326416016,9279000
2020-04-20 00:00:00-04:00,42.2363232171217,44.549785022009445,40.829488496931724,42.07219314575195,6498400
2020-04-21 00:00:00-04:00,40.821682642312986,42.96320054271669,40.48560498296343,41.86117935180664,6130100
2020-04-22 00:00:00-04:00,42.90066629439093,43.10387753516853,40.25112659370507,41.00143814086914,5913200
2020-04-23 00:00:00-04:00,41.13430244307145,43.03353036367305,40.180779772069236,41.54072189331055,5861000
2020-04-24 00:00:00-04:00,41.72048569622865,41.92369393971909,38.00800343523713,40.243309020996094,10103600
2020-04-27 00:00:00-04:00,40.83730725989802,45.386075026214755,40.25112581597604,44.69828796386719,7038000
2020-04-28 00:00:00-04:00,47.50414625962751,51.31823757842802,45.90191747474277,49.49716567993164,15427700
2020-04-29 00:00:00-04:00,51.873149008950094,56.72673036383234,51.82625044138922,53.772377014160156,16205700
2020-04-30 00:00:00-04:00,51.9122256174918,53.64732359125433,49.44244799701009,52.18577575683594,8992000
2020-05-01 00:00:00-04:00,49.63002938705119,50.528842135468885,47.35564548243107,49.39555740356445,6430000
2020-05-04 00:00:00-04:00,47.20714250463551,49.63783883265644,46.42556731734997,49.24705123901367,3763600
2020-05-05 00:00:00-04:00,50.75549668698437,51.80280461940622,46.96485508169501,47.324378967285156,5189500
2020-05-06 00:00:00-04:00,47.4338055571115,48.34825024073871,43.182036848441484,43.56501007080078,7686400
2020-05-07 00:00:00-04:00,43.697876025284096,45.9409963590432,43.19766829748155,44.5497932434082,6753600
2020-05-08 00:00:00-04:00,45.831572126968574,47.28530256722812,45.18286622062709,45.34699630737305,8335500
2020-05-11 00:00:00-04:00,45.018730715648715,45.0734407416027,42.916294482847675,43.049163818359375,9361400
2020-05-12 00:00:00-04:00,47.16024903559534,47.31656467635904,42.59584961783784,42.627113342285156,16602200
2020-05-13 00:00:00-04:00,41.57980588495472,42.595853162255175,38.46913659895579,39.99320602416992,13982300
2020-05-14 00:00:00-04:00,39.078762066709025,41.80646097081341,36.92943015304003,40.29020309448242,10654900
2020-05-15 00:00:00-04:00,39.43046970668664,40.75133073041416,38.59418447546968,40.11043930053711,7579200
2020-05-18 00:00:00-04:00,42.86940403370018,45.10470986984596,42.81469400119086,44.47945022583008,9214700
2020-05-19 00:00:00-04:00,44.75300268751343,46.050417633552094,42.330120324426524,44.44818878173828,7025000
2020-05-20 00:00:00-04:00,45.792501327326384,46.394314723679955,42.95538188208056,43.51029968261719,7010000
2020-05-21 00:00:00-04:00,43.42432691823134,44.79208376179823,42.674012326697785,43.768218994140625,6061100
2020-05-22 00:00:00-04:00,43.94798183508504,44.08085119574439,42.11128094420959,42.66619873046875,5301500
2020-05-26 00:00:00-04:00,45.33136900567807,46.5193638615347,44.47163733781486,46.3083381652832,10442100
2020-05-27 00:00:00-04:00,48.88752205630081,49.473703383070536,46.449008571751015,49.38772964477539,9220000
2020-05-28 00:00:00-04:00,49.74726819343403,49.85668825654159,46.00352185440764,46.69912338256836,7862000
2020-05-29 00:00:00-04:00,45.081261447496544,46.40993999204468,44.0495823379587,45.096893310546875,8489700
2020-06-01 00:00:00-04:00,44.792075643851625,48.30134661114262,44.44036620866797,48.1450309753418,6494900
2020-06-02 00:00:00-04:00,49.23142990122728,50.403789880288606,48.80156109718608,49.5909538269043,7797600
2020-06-03 00:00:00-04:00,51.34949031450209,58.454012268203385,51.19317765341045,56.96120071411133,17321700
2020-06-04 00:00:00-04:00,58.711931689359126,60.84562866496006,54.42889693182401,59.97026824951172,17516800
2020-06-05 00:00:00-04:00,65.1755526898133,72.65522679842037,65.15210638887788,69.24755859375,23237100
2020-06-08 00:00:00-04:00,74.15585547717379,74.68732687066851,69.66179791670744,74.64043426513672,15401100
2020-06-09 00:00:00-04:00,68.77863409576102,70.5918887561314,65.44912127559108,67.58282470703125,12537800
2020-06-10 00:00:00-04:00,68.4347428187193,68.4347428187193,60.962883607757774,64.87857818603516,15585400
2020-06-11 00:00:00-04:00,56.03113275162579,61.47089588975677,55.022899942501425,56.21089172363281,13082500
2020-06-12 00:00:00-04:00,60.76747990305307,61.11918640477323,56.91431341473391,59.38409423828125,10647500
2020-06-15 00:00:00-04:00,56.171809688079456,59.29029295083632,55.35115337332723,58.14137649536133,9850000
2020-06-16 00:00:00-04:00,63.26851277819347,63.534251458363784,58.297693815190605,59.024559020996094,11006200
2020-06-17 00:00:00-04:00,58.860428660320174,58.89169238507216,55.890446364230804,56.01549530029297,8312400
2020-06-18 00:00:00-04:00,54.71808481755437,56.625124369106636,53.60043197367246,55.46057891845703,8103300
2020-06-19 00:00:00-04:00,56.664208217898775,56.67202564038136,52.36554414619611,52.45933532714844,13314800
2020-06-22 00:00:00-04:00,51.857519013897445,53.803639805676454,50.87273248428497,53.576988220214844,6269600
2020-06-23 00:00:00-04:00,54.233514103833286,56.359400050842716,54.22569668055767,54.8118782043457,6921700
2020-06-24 00:00:00-04:00,53.09240873909987,53.27998513572167,48.97350667665554,50.88836669921875,10487700
2020-06-25 00:00:00-04:00,49.46589666595937,52.07635505314272,49.26268543799824,50.755496978759766,7432000
2020-06-26 00:00:00-04:00,49.89576781196615,50.56010861304933,48.02780330175922,48.379512786865234,11016500
2020-06-29 00:00:00-04:00,48.957864904963266,53.287791773394595,47.90273968845745,53.24871063232422,9412900
2020-06-30 00:00:00-04:00,55.773211607651085,55.88263166814743,52.8110406260517,53.444114685058594,10456500
2020-07-01 00:00:00-04:00,54.5539446763089,57.00027260660063,54.11625856301024,54.5617561340332,7979600
2020-07-02 00:00:00-04:00,56.12491917845778,57.02373194672716,53.67859068870204,53.78019332885742,6470600
2020-07-06 00:00:00-04:00,54.491438205594626,55.17140499184468,52.37336957301822,53.873992919921875,6075600
2020-07-07 00:00:00-04:00,52.75632778021882,52.88138267865256,51.24006993291137,51.52925491333008,5294900
2020-07-08 00:00:00-04:00,51.58396879692539,52.20923140994539,50.31781468888568,51.3573112487793,6884900
2020-07-09 00:00:00-04:00,51.22973698406486,51.34934069951987,47.7373431675751,48.654296875,9286300
2020-07-10 00:00:00-04:00,48.23967257757928,51.221759724506356,48.088177180180416,51.01445007324219,5824100
2020-07-13 00:00:00-04:00,51.6523299708636,51.93937644610271,49.595168634397865,50.78321838378906,5124300
2020-07-14 00:00:00-04:00,50.29683647473582,50.99850224310285,48.93336574400843,49.3798828125,5240500
2020-07-15 00:00:00-04:00,51.46096767875559,53.19919085280172,50.894849931316834,53.09553146362305,7163100
2020-07-16 00:00:00-04:00,51.82774634847362,52.31413030086923,49.914105266639744,50.15331268310547,5227200
2020-07-17 00:00:00-04:00,50.06560850784539,50.67956838851366,49.49949072339181,49.754642486572266,4932300
2020-07-20 00:00:00-04:00,49.55530238644954,49.74666467798944,47.9366798615769,48.17588424682617,5644400
2020-07-21 00:00:00-04:00,48.622407383012025,49.73869870867815,48.15197071540762,48.598487854003906,5207900
2020-07-22 00:00:00-04:00,48.686186457920435,49.547322776557365,47.9366755980464,49.45961380004883,4059700
2020-07-23 00:00:00-04:00,48.654294059284666,49.9858670088223,48.327380703162056,49.27622604370117,3274200
2020-07-24 00:00:00-04:00,49.116759808709894,49.65895806336082,48.08020539540039,48.29549026489258,3115400
2020-07-27 00:00:00-04:00,48.215754994182376,49.41975214389212,47.067569058937224,49.403804779052734,4299800
2020-07-28 00:00:00-04:00,49.0928322163997,51.88355681618954,48.91741426822827,51.14202117919922,5328400
2020-07-29 00:00:00-04:00,51.50083344327913,52.330078171073154,49.95397858402858,52.29818344116211,3809600
2020-07-30 00:00:00-04:00,50.63171678588545,51.50880042693436,49.93004804805731,50.72739791870117,3311300
2020-07-31 00:00:00-04:00,50.48022570877911,50.95066229422856,49.03702122489045,49.71476745605469,5134400
2020-08-03 00:00:00-04:00,48.80578518391411,49.26824957202277,47.7692309533599,48.662261962890625,4149800
2020-08-04 00:00:00-04:00,48.821737150529074,50.73537825020773,48.69416127999374,50.225074768066406,4097700
2020-08-05 00:00:00-04:00,50.926745987327536,51.49286682498175,49.65098714539339,49.83437728881836,3380800
2020-08-06 00:00:00-04:00,50.00181821736849,50.00181821736849,48.78984584152716,48.797821044921875,4865100
2020-08-07 00:00:00-04:00,48.7818704203298,49.8662668442397,48.247644369588,49.58719253540039,6391300
2020-08-10 00:00:00-04:00,52.00316191287923,55.144722493417035,50.88687082631224,52.20249938964844,18253800
2020-08-11 00:00:00-04:00,54.347374546475244,56.603870241581525,53.28689767182377,53.542049407958984,13635300
2020-08-12 00:00:00-04:00,54.060324251361884,54.969302627125415,52.32210127110768,54.08424377441406,6873000
2020-08-13 00:00:00-04:00,53.5579944573232,54.419133859709966,52.409814670771496,52.64104080200195,5499400
2020-08-14 00:00:00-04:00,52.13074077965112,54.578605034893535,51.96329800974437,54.36332321166992,5334300
2020-08-17 00:00:00-04:00,54.498871251599525,54.53076598157667,52.7686232125987,54.36332321166992,4441600
2020-08-18 00:00:00-04:00,53.71746857549184,53.821121879494925,50.93471589850809,51.931400299072266,8189200
2020-08-19 00:00:00-04:00,51.92343442856175,52.338053753815814,50.823090571844276,50.93471908569336,4962300
2020-08-20 00:00:00-04:00,50.49617099131691,52.18654889820278,50.153310288511314,51.724090576171875,4220400
2020-08-21 00:00:00-04:00,51.66827804461942,52.258315291178334,50.95066188891414,51.44501495361328,3014100
2020-08-24 00:00:00-04:00,51.86762170692953,54.63442119157,50.91877322782844,54.61847686767578,5515800
2020-08-25 00:00:00-04:00,55.30420069886438,55.9261327729057,53.039723363077435,54.73808288574219,5053500
2020-08-26 00:00:00-04:00,54.6025304213692,54.706183730897415,52.42576225489519,52.872276306152344,4363500
2020-08-27 00:00:00-04:00,53.11946534120854,55.09689016354713,53.11946534120854,53.87694549560547,4207400
2020-08-28 00:00:00-04:00,54.29953289211048,55.73476530187279,53.38257919050109,55.686920166015625,3676900
2020-08-31 00:00:00-04:00,55.66300604931004,55.67895645724511,53.773290289986065,54.10020065307617,4089900
2020-09-01 00:00:00-04:00,53.143374181785155,54.124111191449366,52.54536173281525,53.581912994384766,3485200
2020-09-02 00:00:00-04:00,53.1353990061794,54.243714925503795,52.5932008088389,54.09221649169922,3595200
2020-09-03 00:00:00-04:00,54.61847787744858,56.59590865827597,53.318799498965205,54.21980285644531,5310100
2020-09-04 00:00:00-04:00,55.415822109104035,57.79192766179993,54.88956821657439,56.005859375,6858400
2020-09-08 00:00:00-04:00,55.38392666975648,56.412508832888925,54.84970366447525,55.854366302490234,3899300
2020-09-09 00:00:00-04:00,55.76666860039604,55.95005571891842,54.187912707067426,54.9055290222168,4332700
2020-09-10 00:00:00-04:00,54.690235069513136,55.67895347641538,52.62510143325184,52.7765998840332,4586200
2020-09-11 00:00:00-04:00,52.97594157941462,52.99188590445892,50.53604922499521,51.15000915527344,5096600
2020-09-14 00:00:00-04:00,51.8277507848261,54.16398656353556,51.452995305823556,54.060333251953125,3529100
2020-09-15 00:00:00-04:00,54.243718873414615,57.273651270244194,53.97262279666234,56.66766357421875,6836300
2020-09-16 00:00:00-04:00,56.63577538341418,59.96072376725776,55.84640050510778,59.09959030151367,8906800
2020-09-17 00:00:00-04:00,56.98660437906484,59.19526116000298,56.51616472478345,57.313514709472656,4973200
2020-09-18 00:00:00-04:00,56.96268133138265,57.32946157166938,55.48757908426129,55.67894744873047,5821500
2020-09-21 00:00:00-04:00,53.47825793550926,53.59786163803159,51.309465218534086,51.724090576171875,7010300
2020-09-22 00:00:00-04:00,51.84368639746128,53.478256080886574,51.62840460702467,51.91545104980469,6154600
2020-09-23 00:00:00-04:00,52.29021336767005,53.26298132067696,50.00979192864331,50.14533996582031,4440600
2020-09-24 00:00:00-04:00,49.47556103797775,51.15797286723616,47.52205316077692,50.097496032714844,5337500
2020-09-25 00:00:00-04:00,49.435700213522246,50.97458596350089,49.435700213522246,50.69551467895508,2601500
2020-09-28 00:00:00-04:00,52.46563969417317,53.05567707250659,51.668289583825846,52.457664489746094,3771800
2020-09-29 00:00:00-04:00,52.090883490228435,52.09885261125309,50.15332250399927,51.02243423461914,3816800
2020-09-30 00:00:00-04:00,51.150006766489724,52.72078733347549,50.79119863676594,51.572601318359375,4188200
2020-10-01 00:00:00-04:00,51.70016797937531,53.071610870452666,51.22973442757178,53.047691345214844,3426200
2020-10-02 00:00:00-04:00,51.13404715105486,54.61846842135291,51.07026378204367,54.3792610168457,5346800
2020-10-05 00:00:00-04:00,54.78591665806628,55.280275838019925,53.757334448946715,54.82578659057617,3688200
2020-10-06 00:00:00-04:00,55.615160297409,57.91152601647621,55.02512302410029,55.798553466796875,6512200
2020-10-07 00:00:00-04:00,56.06964735017036,57.53677439818408,55.65502805940617,56.635765075683594,4167200
2020-10-08 00:00:00-04:00,57.5292077813794,57.85409512149334,56.367739723251745,56.911922454833984,3721700
2020-10-09 00:00:00-04:00,56.96877908957198,57.13934355430593,54.83265513975824,55.00321960449219,3825400
2020-10-12 00:00:00-04:00,54.93824759464303,55.31998981323809,54.174763157452915,55.24688720703125,3040800
2020-10-13 00:00:00-04:00,54.39405159550212,54.68644955603585,53.17572882551492,53.46000289916992,3705400
2020-10-14 00:00:00-04:00,53.51686310167352,54.04480426116009,53.005169717580145,53.378787994384766,2766800
2020-10-15 00:00:00-04:00,52.55844539412525,54.02855293844256,52.46097733829753,52.891456604003906,2900600
2020-10-16 00:00:00-04:00,53.224464906180124,53.3625400129357,52.10361008009435,52.64779281616211,3939100
2020-10-19 00:00:00-04:00,52.79399476757953,53.078268884678145,51.851825138738484,51.9086799621582,3587400
2020-10-20 00:00:00-04:00,52.70464524931332,53.67118334624754,52.33102699087321,52.35539245605469,2902200
2020-10-21 00:00:00-04:00,52.07924353795767,52.802114607463444,51.44571354243651,52.152339935302734,3137900
2020-10-22 00:00:00-04:00,51.989895670394205,54.04479909473606,51.900551504404554,53.89047622680664,2901400
2020-10-23 00:00:00-04:00,54.215367618078524,55.06819610423813,53.541227477339824,54.320953369140625,3194500
2020-10-26 00:00:00-04:00,53.614332124780894,53.68742852522827,51.87618883084345,52.53408432006836,3852700
2020-10-27 00:00:00-04:00,52.07112595699492,52.45286815837032,50.31674094606224,50.34110641479492,3795000
2020-10-28 00:00:00-04:00,48.95221688802338,50.056830200452815,48.204977194998264,49.35020065307617,6595600
2020-10-29 00:00:00-04:00,49.2933408878743,52.07111856840811,48.870988599088534,51.502567291259766,5851500
2020-10-30 00:00:00-04:00,51.15331864249806,51.67313593287031,49.407057626301,51.01524353027344,3704500
2020-11-02 00:00:00-05:00,51.1370683733339,52.69652007393354,50.8365496161391,52.55844497680664,3666000
2020-11-03 00:00:00-05:00,53.28131756711019,53.60620489673552,52.306661774944615,52.785865783691406,3552600
2020-11-04 00:00:00-05:00,52.71276866628583,52.72089255351062,50.45480826284186,50.58476257324219,4431700
2020-11-05 00:00:00-05:00,51.11271065904076,52.06300110224596,50.73096846475033,51.551307678222656,3283400
2020-11-06 00:00:00-05:00,51.57566571584958,52.655913429864455,50.064944933002835,50.24363327026367,4872900
2020-11-09 00:00:00-05:00,60.810563718576915,67.00776442821255,59.372939120686105,64.24623107910156,24996200
2020-11-10 00:00:00-05:00,62.296909242133246,68.62406699102105,61.16793050329467,64.03504943847656,14440400
2020-11-11 00:00:00-05:00,63.33653263157378,63.75888173306245,58.90183298404276,59.62471008300781,6844600
2020-11-12 00:00:00-05:00,58.20334873871675,58.99119233882958,55.23876178852227,56.15656280517578,8143000
2020-11-13 00:00:00-05:00,58.1789807682981,61.03798214655182,57.50484676651464,60.672481536865234,7732900
2020-11-16 00:00:00-05:00,64.93661403553436,66.94278691931737,64.04317839975917,64.13252258300781,13224900
2020-11-17 00:00:00-05:00,63.312183353502625,66.05747517203149,62.52433967795471,64.13252258300781,6171800
2020-11-18 00:00:00-05:00,63.247208952251775,65.82193001938748,62.21569202972136,62.22381591796875,7493300
2020-11-19 00:00:00-05:00,61.72022897108259,66.05746119680514,61.31412138649145,65.48890686035156,16282200
2020-11-20 00:00:00-05:00,65.36708460268761,66.43108457373799,64.37618102810156,65.88690185546875,9733700
2020-11-23 00:00:00-05:00,68.8352347639899,70.09417073983238,66.84531010200395,69.37129974365234,10874800
2020-11-24 00:00:00-05:00,72.07597916625852,74.21210922828261,71.81607053551045,72.11659240722656,9742200
2020-11-25 00:00:00-05:00,71.8079584166234,72.18969440647533,70.09418361952869,70.81705474853516,5973300
2020-11-27 00:00:00-05:00,71.44244351990189,71.96226071776042,69.46876046666375,69.4850082397461,2305900
2020-11-30 00:00:00-05:00,69.29819740953695,70.58149885336594,66.92653062249013,67.06460571289062,6987300
2020-12-01 00:00:00-05:00,68.75400883947218,70.086041095823,68.13672363391395,69.03015899658203,4869700
2020-12-02 00:00:00-05:00,68.00678861172693,71.46682126786463,67.08898137280862,70.86578369140625,4333200
2020-12-03 00:00:00-05:00,71.38560568704358,74.48014414733632,70.89827772272594,72.79885864257812,5490000
2020-12-04 00:00:00-05:00,74.91873464680569,76.64063324719653,73.67604627721822,76.27513885498047,5268500
2020-12-07 00:00:00-05:00,76.10457222121283,76.18579870974486,72.28716273522792,72.58768463134766,6097000
2020-12-08 00:00:00-05:00,72.88006592750445,74.6831783006269,71.88103859672651,73.18870544433594,4603100
2020-12-09 00:00:00-05:00,73.6029569281347,74.85376930530738,72.44148873481087,73.7816390991211,4596400
2020-12-10 00:00:00-05:00,72.38464011971799,73.87911351104562,72.35215075946584,73.4567642211914,3046000
2020-12-11 00:00:00-05:00,72.4577380271455,73.04253413032147,70.08607045023136,71.39373779296875,4907600
2020-12-14 00:00:00-05:00,73.09937513581012,73.24557413395017,70.467799366,70.92263793945312,4841400
2020-12-15 00:00:00-05:00,71.8323226868582,72.90444662860037,70.8414190352898,72.88819885253906,5295100
2020-12-16 00:00:00-05:00,71.7510853585513,73.34303254963011,71.58052091594499,71.70235443115234,3371600
2020-12-17 00:00:00-05:00,72.44148085321771,72.47397020714713,71.060711196415,72.3115234375,3002000
2020-12-18 00:00:00-05:00,72.07598089887234,72.34401342359929,68.97331883367232,69.3875503540039,6377100
2020-12-21 00:00:00-05:00,68.18547147817493,68.63219236872676,66.80470795654173,67.94181060791016,4629100
2020-12-22 00:00:00-05:00,69.44440707612662,69.49313801042555,66.61789514928238,67.99866485595703,4139900
2020-12-23 00:00:00-05:00,68.75768819167152,70.3334914315927,68.65043703965506,69.0134506225586,2768600
2020-12-24 00:00:00-05:00,69.30220566991407,69.78896814078303,68.518433242618,69.60746765136719,810700
2020-12-28 00:00:00-05:00,69.73946804934833,71.07601284310958,69.7229702938726,70.52324676513672,3105000
2020-12-29 00:00:00-05:00,70.77900395374407,71.42252343264148,68.42768035990701,68.71643829345703,2281200
2020-12-30 00:00:00-05:00,68.65043645157883,70.58100123249503,68.65043645157883,69.27745819091797,2791400
2020-12-31 00:00:00-05:00,68.90618277288225,70.41598217079483,67.9491556912402,70.35823059082031,2488300
2021-01-04 00:00:00-05:00,70.67174907572027,71.15025949987088,67.7016496460928,68.32041931152344,4299400
2021-01-05 00:00:00-05:00,68.60091863007767,69.56619761639467,68.41941188849,68.61741638183594,4647900
2021-01-06 00:00:00-05:00,69.30220447082341,71.34827232475843,69.09594790989834,70.18498229980469,8356300
2021-01-07 00:00:00-05:00,70.82024968881056,71.97528768808054,69.72296956923225,70.23448181152344,4227800
2021-01-08 00:00:00-05:00,70.40774012008112,71.3647736317392,69.05469751663081,71.35652160644531,3692500
2021-01-11 00:00:00-05:00,70.5727382929648,70.62223784820837,68.35341591427706,68.5926742553711,3988200
2021-01-12 00:00:00-05:00,69.17020707145106,70.94401500614642,68.65044273012472,70.48200225830078,4103400
2021-01-13 00:00:00-05:00,70.45724891304683,73.6583487652894,70.45724891304683,73.3200912475586,4295600
2021-01-14 00:00:00-05:00,73.77384117482744,78.99625852310666,73.68308778941719,78.33623504638672,7465800
2021-01-15 00:00:00-05:00,77.55245840421287,77.75046291854358,76.17466623897624,76.72743225097656,4006500
2021-01-19 00:00:00-05:00,76.80994649371092,77.37096462381086,74.86288394186118,76.45518493652344,3094500
2021-01-20 00:00:00-05:00,76.17468305650904,79.21078022249368,75.9189206123136,78.61676025390625,3904100
2021-01-21 00:00:00-05:00,78.36923750839011,79.00451121160158,77.30495294781994,77.97322845458984,3059400
2021-01-22 00:00:00-05:00,76.72743254369485,79.20251101284629,75.94366021291023,78.78174591064453,3692700
2021-01-25 00:00:00-05:00,78.0969799294262,82.64286957409205,77.55245963828938,80.42355346679688,5322700
2021-01-26 00:00:00-05:00,81.26508224571779,82.2221156772574,79.73053298097358,81.7188491821289,3720100
2021-01-27 00:00:00-05:00,81.04232468864136,85.39020990150786,79.27676286693335,79.73052978515625,5775900
2021-01-28 00:00:00-05:00,80.22555784944429,81.70235572227416,79.77179714867225,80.44831848144531,3124700
2021-01-29 00:00:00-05:00,80.18429875407624,80.712315020903,75.99316412849457,76.66968536376953,4517400
2021-02-01 00:00:00-05:00,77.082209131362,77.2224620947334,74.71438133304224,76.67794799804688,3774100
2021-02-02 00:00:00-05:00,77.64321587007764,77.64321587007764,75.37439382929628,76.28192138671875,2987200
2021-02-03 00:00:00-05:00,76.19941543077975,77.34620127140784,75.09387712082645,77.04093933105469,2986900
2021-02-04 00:00:00-05:00,77.04093914159719,79.40051441947033,77.04093914159719,78.50949096679688,2794000
2021-02-05 00:00:00-05:00,79.54079076361623,80.77007822154117,79.13652333363683,79.82129669189453,2547700
2021-02-08 00:00:00-05:00,80.52255910848055,82.06536043070187,79.74703872943108,81.62809753417969,4464400
2021-02-09 00:00:00-05:00,84.56519148180172,86.63600915272914,83.61641002579866,84.6064453125,6002200
2021-02-10 00:00:00-05:00,86.12448549921301,89.6390989138461,85.06020093370967,87.63428497314453,4318300
2021-02-11 00:00:00-05:00,89.22658654371676,91.9244195012171,88.4840616902234,90.1506118774414,4696700
2021-02-12 00:00:00-05:00,89.54010776238293,91.28091384507509,88.86358641468631,90.14237976074219,2264400
2021-02-16 00:00:00-05:00,89.87836111034842,91.92442267227801,89.62259869426919,90.73638916015625,3719700
2021-02-17 00:00:00-05:00,90.34038320946759,91.15715751439447,88.36031875694515,89.2926025390625,2752700
2021-02-18 00:00:00-05:00,88.59955754663369,89.6308402318254,87.22176538988558,87.88178253173828,3314300
2021-02-19 00:00:00-05:00,88.62431875685354,90.69513641830814,88.0302988464402,90.28262329101562,3073300
2021-02-22 00:00:00-05:00,89.87011020991412,95.15027950086221,89.87011020991412,93.0382080078125,4256300
2021-02-23 00:00:00-05:00,95.19152254785405,95.65354150909755,90.80238332996909,94.97702026367188,4174400
2021-02-24 00:00:00-05:00,94.9110202886357,99.93542711568082,94.46550535955349,98.1781234741211,4698100
2021-02-25 00:00:00-05:00,98.87941209037065,100.08394987062191,93.76425096388424,94.72953033447266,4935000
2021-02-26 00:00:00-05:00,93.94572775846342,96.08254241540514,91.79240905401761,93.16194915771484,3964400
2021-03-01 00:00:00-05:00,95.86805078511395,97.22934539985418,93.92098826955416,93.98699188232422,3604600
2021-03-02 00:00:00-05:00,93.92097691317872,94.14373750573,91.85841147189018,92.13892364501953,3371900
2021-03-03 00:00:00-05:00,92.4854321859694,95.480281204648,92.4441846542341,94.04473114013672,4274600
2021-03-04 00:00:00-05:00,94.07774465959825,95.01002837412405,88.07155441481484,90.84364318847656,5024200
2021-03-05 00:00:00-05:00,92.0399222559529,92.64219416066018,85.901731514934,91.7181625366211,4576600
2021-03-08 00:00:00-05:00,92.7246961299889,94.85326528292542,91.71816313699796,92.15542602539062,3387300
2021-03-09 00:00:00-05:00,92.56793262164406,93.02169952736244,89.68859308608126,91.5779037475586,2863400
2021-03-10 00:00:00-05:00,91.528411971215,94.82026486649727,91.3221554137132,94.30874633789062,2989700
2021-03-11 00:00:00-05:00,94.43251087778049,96.54457622141712,93.45072755267537,95.571044921875,5177900
2021-03-12 00:00:00-05:00,95.49678578168279,97.3778445722574,95.37303058873434,97.22933959960938,2619900
2021-03-15 00:00:00-04:00,97.47685026163099,100.58719637688299,96.40431364564031,99.83642578125,3816100
2021-03-16 00:00:00-04:00,99.82816200279058,99.91891538089455,96.32180094070908,96.684814453125,3633300
2021-03-17 00:00:00-04:00,96.37955838670798,97.89760983560377,96.08254845745554,97.55109405517578,2232400
2021-03-18 00:00:00-04:00,97.05606825791352,99.67965146329124,95.39776406253198,96.37954711914062,6079000
2021-03-19 00:00:00-04:00,96.70132686324352,97.73260968487325,94.14374672449192,96.2723159790039,4471200
2021-03-22 00:00:00-04:00,96.12380911828143,96.42906479905673,93.92098427064103,95.08427429199219,2725900
2021-03-23 00:00:00-04:00,94.59751775012369,94.84502186128346,90.35687681440079,91.09115600585938,3682200
2021-03-24 00:00:00-04:00,91.67692744988727,94.28400736234742,90.24962913885892,90.25788116455078,3428000
2021-03-25 00:00:00-04:00,88.94607695363497,94.17674659031697,88.01379956808653,93.7559814453125,3852100
2021-03-26 00:00:00-04:00,94.6305008160132,96.24755767626486,92.57618737966986,94.60575103759766,2674100
2021-03-29 00:00:00-04:00,94.39126104490431,95.07602808316119,91.54491656216507,93.896240234375,3331400
2021-03-30 00:00:00-04:00,94.03649199048459,96.07430148096405,93.80547935991169,95.19977569580078,2087800
2021-03-31 00:00:00-04:00,94.5562454384446,95.41427337057192,93.61571615205405,93.86322021484375,2507100
2021-04-01 00:00:00-04:00,94.869767397368,95.16677735302888,92.92270493001368,95.04302215576172,2858600
2021-04-05 00:00:00-04:00,95.70303811036646,95.70303811036646,93.4507138404523,94.91926574707031,2911900
2021-04-06 00:00:00-04:00,94.65526574593135,96.41256941682153,94.47375896129981,96.10730743408203,2500000
2021-04-07 00:00:00-04:00,96.5693177207878,97.11383173117629,94.97701692785809,96.53631591796875,2541100
2021-04-08 00:00:00-04:00,95.99403426179315,96.47792715961643,94.78430838240423,95.38500213623047,2364300
2021-04-09 00:00:00-04:00,95.68534459540709,96.95347084424883,95.1430512946197,96.70318603515625,1669900
2021-04-12 00:00:00-04:00,97.12031343214157,97.50408848460319,94.64245551293924,95.72703552246094,2994200
2021-04-13 00:00:00-04:00,94.85937384074754,95.193093236514,92.85707019648483,94.59239959716797,3681700
2021-04-14 00:00:00-04:00,94.86772177409892,96.56968502123065,94.74257620082177,94.90943908691406,2657400
2021-04-15 00:00:00-04:00,95.94398291686863,96.41118636204435,94.79265741332725,95.58523559570312,2314100
2021-04-16 00:00:00-04:00,97.20375631195581,98.86400233259351,96.71986346488157,97.71267700195312,3249500
2021-04-19 00:00:00-04:00,97.27883308689053,97.5207794936299,95.90224453517872,97.2454605102539,1753600
2021-04-20 00:00:00-04:00,96.36946071222097,97.12866619487313,94.37549527179686,95.32659149169922,2180100
2021-04-21 00:00:00-04:00,95.08464300406983,98.3634240168022,93.95000080756607,98.1381607055664,2467900
2021-04-22 00:00:00-04:00,98.26332182198753,99.33121903106705,96.41952955237845,96.48627471923828,2591400
2021-04-23 00:00:00-04:00,97.03689382203957,97.71267740962432,96.28603307054104,97.54581451416016,2348000
2021-04-26 00:00:00-04:00,99.1977260665411,101.53374940826248,98.80560620326169,100.25727844238281,3268400
2021-04-27 00:00:00-04:00,100.91637386463955,102.86862846942321,99.66493072688584,102.08438873291016,3301100
2021-04-28 00:00:00-04:00,102.34301967544494,104.637332125991,102.32633656738807,102.70176696777344,2297900
2021-04-29 00:00:00-04:00,103.6778795348003,104.7457829212086,101.59214117607586,102.89364624023438,2281400
2021-04-30 00:00:00-04:00,102.5599215992703,102.70175027278992,100.89133099738852,101.56710815429688,2751900
2021-05-03 00:00:00-04:00,102.35970071291861,103.31079692300348,101.48368803065537,102.78518676757812,2627800
2021-05-04 00:00:00-04:00,102.65170809733054,103.41925834754136,100.44916872227498,101.25009155273438,2730600
2021-05-05 00:00:00-04:00,100.916360552499,102.32632167189726,100.39909516566713,100.88298797607422,2454000
2021-05-06 00:00:00-04:00,101.06653763993214,102.6016443854679,100.3490431336222,102.55158233642578,2044200
2021-05-07 00:00:00-04:00,102.05936576838704,104.28693313245567,101.61719019033251,104.23687744140625,2686000
2021-05-10 00:00:00-04:00,105.11288950185997,106.99839913633448,104.82088734645164,105.74695587158203,5105100
2021-05-11 00:00:00-04:00,101.5921462580623,103.42759992465646,99.75669895663678,102.31798553466797,5664400
2021-05-12 00:00:00-04:00,102.31798165154751,102.91867532453861,97.78775762710278,98.12982177734375,3294000
2021-05-13 00:00:00-04:00,98.12982947813849,101.20837524605592,97.22044416150455,98.43851470947266,3583900
2021-05-14 00:00:00-04:00,99.07258568347679,102.57662406263523,99.07258568347679,101.93421936035156,2477500
2021-05-17 00:00:00-04:00,101.78403145976895,102.76850021538002,101.12493737747977,101.98426055908203,1609700
2021-05-18 00:00:00-04:00,101.79238674704298,103.32748727618304,100.71614488327528,102.25959014892578,2552300
2021-05-19 00:00:00-04:00,100.240597980058,102.05101754983102,98.78892570262808,102.0093002319336,2048800
2021-05-20 00:00:00-04:00,101.80906985489496,102.69342096993569,100.74117272763772,102.25959014892578,1669800
2021-05-21 00:00:00-04:00,102.48484170137422,103.71125693172145,101.7423193203775,102.10106658935547,1854500
2021-05-24 00:00:00-04:00,102.78519246196768,104.27024364567627,102.04267005269782,103.98657989501953,1975800
2021-05-25 00:00:00-04:00,104.28692238998508,105.69688361755162,103.60280043371351,103.78634643554688,1671900
2021-05-26 00:00:00-04:00,104.00325108070044,105.97218205564609,103.2857566415828,105.70520782470703,1765800
2021-05-27 00:00:00-04:00,106.37265817896234,107.39049953447426,106.0389387626221,107.03174591064453,3172100
2021-05-28 00:00:00-04:00,107.48227339664072,107.79095860797155,106.50614934726703,107.19861602783203,1929200
2021-06-01 00:00:00-04:00,108.20810326616781,111.97078340443277,108.20810326616781,111.95409393310547,3726900
2021-06-02 00:00:00-04:00,112.11262149606421,113.05536665463967,110.41900282876877,112.78839874267578,2685700
2021-06-03 00:00:00-04:00,112.11260743988345,112.42129262979759,110.15200837609761,111.84562683105469,2060900
2021-06-04 00:00:00-04:00,112.33787118201188,112.57147287696594,109.80995712349373,110.35225677490234,1952200
2021-06-07 00:00:00-04:00,110.24380317439478,112.00416712974435,109.93511792342527,111.79559326171875,1796900
2021-06-08 00:00:00-04:00,112.30450658253957,114.04818094864808,111.71215123516865,113.22223663330078,2590900
2021-06-09 00:00:00-04:00,113.8062291117879,113.98977510296191,112.88849915591781,113.12210083007812,2075600
2021-06-10 00:00:00-04:00,113.26391972513443,113.93970957808524,110.71097827066039,112.24607849121094,2225700
2021-06-11 00:00:00-04:00,112.37959240656171,112.49639325810074,111.22827336434504,111.98747253417969,1976100
2021-06-14 00:00:00-04:00,111.95410477299492,112.79673856672954,110.20207929375272,111.19489288330078,1474600
2021-06-15 00:00:00-04:00,110.66926428739465,111.47019336107067,108.70867800895914,109.53462219238281,2453700
2021-06-16 00:00:00-04:00,109.27600242837106,110.55247330770776,108.49176275498262,109.06742858886719,1820700
2021-06-17 00:00:00-04:00,108.76708444066769,109.25932838912644,105.16293502468248,107.34044647216797,2784300
2021-06-18 00:00:00-04:00,105.99722192612917,106.96500754324276,104.52051565952792,104.5622329711914,4232300
2021-06-21 00:00:00-04:00,105.88877198830009,109.97682713854265,105.45494117545178,109.70984649658203,2335500
2021-06-22 00:00:00-04:00,109.45120128043953,109.62639616258913,107.81597690847335,108.66696166992188,1971400
2021-06-23 00:00:00-04:00,109.57635466352957,110.95294971025984,109.13417912042947,110.30220031738281,1805300
2021-06-24 00:00:00-04:00,110.79443284253335,110.86117800288258,108.3582917763058,108.97566223144531,2019600
2021-06-25 00:00:00-04:00,109.30102869269253,109.7932726218711,108.33325576642248,109.3510971069336,2322900
2021-06-28 00:00:00-04:00,109.29270594707216,109.31773379260243,106.9983934176489,108.6252670288086,1904200
2021-06-29 00:00:00-04:00,108.96731124181818,110.31052720374959,108.94228340087766,109.28434753417969,2201500
2021-06-30 00:00:00-04:00,108.94229846546297,110.360598146339,108.66697944670983,108.8588638305664,2720200
2021-07-01 00:00:00-04:00,109.12873092162386,112.0720067202546,108.85043866852428,110.93348693847656,2550400
2021-07-02 00:00:00-04:00,110.84915900823329,111.3804699496035,108.94319296124084,109.32270812988281,1529300
2021-07-06 00:00:00-04:00,108.87572773722174,109.08656376082719,106.32882496891312,107.64443969726562,3143700
2021-07-07 00:00:00-04:00,107.20591598194298,107.36614700313119,104.65901291945653,106.08426666259766,2607600
2021-07-08 00:00:00-04:00,104.15301276010021,106.48907345411422,102.89643165469366,105.49392700195312,2630900
2021-07-09 00:00:00-04:00,107.10470095174179,109.44919652577958,106.83483109647568,109.37329864501953,1790100
2021-07-12 00:00:00-04:00,108.4540739448581,110.29255820331231,107.99866085090638,109.86245727539062,1263300
2021-07-13 00:00:00-04:00,109.28052794169716,109.66845901400217,106.62399279043201,106.77579498291016,1742700
2021-07-14 00:00:00-04:00,106.68304037335606,108.49622524024232,106.38787119276101,107.48421478271484,1556800
2021-07-15 00:00:00-04:00,106.9613369257944,107.7878105652001,105.66258620109465,106.71676635742188,1585200
2021-07-16 00:00:00-04:00,107.62758937597847,107.8046908862945,104.84455093568523,104.99635314941406,1741600
2021-07-19 00:00:00-04:00,101.2687689455304,101.68200578508088,96.74844370335326,98.83150482177734,5454200
2021-07-20 00:00:00-04:00,100.35795604125327,106.38786813225369,99.73388315820449,105.94932556152344,3821600
2021-07-21 00:00:00-04:00,106.96133037445232,108.9769221951593,106.85169152701839,107.88900756835938,2247900
2021-07-22 00:00:00-04:00,107.55167635605622,107.55167635605622,104.9204467764422,105.50234985351562,1709600
2021-07-23 00:00:00-04:00,106.31194802226169,106.81795959552342,103.60481441581098,104.70116424560547,1364500
2021-07-26 00:00:00-04:00,104.57468062007645,107.30711402179766,104.43974245988991,107.13001251220703,1905400
2021-07-27 00:00:00-04:00,106.33724842635333,106.96132765744936,105.29150360346935,106.15171813964844,1960700
2021-07-28 00:00:00-04:00,106.53966627795788,107.02880742119801,104.49877501241747,105.60355377197266,1642100
2021-07-29 00:00:00-04:00,106.23606321364396,108.20105662011501,106.02522717692058,106.19389343261719,1793000
2021-07-30 00:00:00-04:00,106.3288231168956,108.04923937744998,105.83968200644158,106.69989013671875,2194700
2021-08-02 00:00:00-04:00,108.11671171328341,110.34313963628172,106.27822130657368,106.5312271118164,2285100
2021-08-03 00:00:00-04:00,108.78295906899044,110.45277676813825,107.13843422892722,109.24678802490234,3366800
2021-08-04 00:00:00-04:00,109.69378136614037,111.59973454029215,108.16731762292711,108.53839111328125,3112900
2021-08-05 00:00:00-04:00,109.74438707843605,113.64063324316724,109.20464729428103,113.0334243774414,3351300
2021-08-06 00:00:00-04:00,113.48039419556312,114.73698169397018,113.02499398684489,114.02013397216797,2285400
2021-08-09 00:00:00-04:00,113.32860161398487,113.3876290184424,111.92021829572609,112.04671478271484,1652300
2021-08-10 00:00:00-04:00,111.90334099636992,112.61174701720924,110.70579380826224,111.41419982910156,1688300
2021-08-11 00:00:00-04:00,112.12259326405491,113.06714738755767,110.62144182574902,112.59486389160156,1415800
2021-08-12 00:00:00-04:00,112.81416086147075,113.24426178466031,111.53227403313316,112.88162994384766,1832800
2021-08-13 00:00:00-04:00,113.32016630064999,113.71653914002634,112.31658455279974,112.72982788085938,1441200
2021-08-16 00:00:00-04:00,111.99611071453795,112.72981604003907,110.09858629197075,110.45278930664062,1797800
2021-08-17 00:00:00-04:00,108.98535857065144,109.06969813121201,106.2023267956908,108.04081726074219,2164200
2021-08-18 00:00:00-04:00,107.52637937664986,109.34800583333163,106.33726103394838,107.94805145263672,1489400
2021-08-19 00:00:00-04:00,106.29510073878618,108.97693547643088,106.26136619963403,108.33599853515625,1979000
2021-08-20 00:00:00-04:00,107.357710465937,109.15402471471502,106.77580095651489,108.59742736816406,1701600
2021-08-23 00:00:00-04:00,109.31426182843236,110.56242040398362,108.73235232076769,109.17933654785156,2111900
2021-08-24 00:00:00-04:00,109.98050884718403,111.91176120354523,109.8287002152951,111.79369354248047,1851600
2021-08-25 00:00:00-04:00,111.82743640826577,113.44665558819631,111.00939157545152,111.77682495117188,1746600
2021-08-26 00:00:00-04:00,111.66719281442262,111.94549790526403,110.17447018842206,110.51180267333984,1268800
2021-08-27 00:00:00-04:00,111.81056869429347,113.97795646323983,111.62503195224696,112.7466812133789,1691700
2021-08-30 00:00:00-04:00,112.83944752023339,113.016542581777,111.26238524168716,112.51054382324219,1428200
2021-08-31 00:00:00-04:00,112.24067800571987,114.02013480649309,111.9623728717512,113.38762664794922,2326600
2021-09-01 00:00:00-04:00,113.38762020951835,115.07430853652764,113.22738275950674,114.5345687866211,1706100
2021-09-02 00:00:00-04:00,114.7707061074906,115.85862730353341,114.18036775651163,115.04901123046875,1859700
2021-09-03 00:00:00-04:00,114.83815834193506,114.84658714985169,113.21893930171734,114.48395538330078,1595800
2021-09-07 00:00:00-04:00,113.81772830203644,114.44179471617659,112.35873370655676,113.49725341796875,1788300
2021-09-08 00:00:00-04:00,113.00260599771799,114.14542168231452,111.52717938959096,112.6955795288086,1695600
2021-09-09 00:00:00-04:00,111.51011191160835,112.69557261904059,110.8363662921354,111.41629791259766,1598800
2021-09-10 00:00:00-04:00,111.95359682846936,111.9877050945304,109.07096034174204,109.0794906616211,1879800
2021-09-13 00:00:00-04:00,110.5890386533024,112.46530572341769,109.46328361661561,111.82566833496094,1843600
2021-09-14 00:00:00-04:00,112.10710194722182,112.56764811993693,109.74470439243686,110.4952163696289,1291700
2021-09-15 00:00:00-04:00,110.42699204421362,112.55059279998036,109.75324640626705,111.85124969482422,1560900
2021-09-16 00:00:00-04:00,112.45678432499021,114.09425451299283,111.85125519165885,113.14759063720703,1297600
2021-09-17 00:00:00-04:00,112.76380273796715,113.68488209290082,111.85124719627586,111.95359802246094,3153700
2021-09-20 00:00:00-04:00,109.30122914427028,111.17749602695926,108.37161951574292,110.46110534667969,2525600
2021-09-21 00:00:00-04:00,111.50159127817614,113.0878924799412,111.16898036555389,111.19456481933594,1616300
2021-09-22 00:00:00-04:00,112.91731501601848,115.04943964255551,112.44825800894512,113.974853515625,1955500
2021-09-23 00:00:00-04:00,114.70829024200856,116.38840527399016,114.5547835349829,115.23705291748047,2364000
2021-09-24 00:00:00-04:00,114.83623834710927,116.20080344617199,114.12838435410524,114.15396881103516,1362200
2021-09-27 00:00:00-04:00,114.83621491884053,117.04510568631618,114.29039159326284,114.4097900390625,1960700
2021-09-28 00:00:00-04:00,114.35009614190884,115.23705415676682,113.59106038428128,114.0345458984375,1641200
2021-09-29 00:00:00-04:00,114.30747555261466,114.71683987695057,113.59960854615339,114.15396881103516,1086100
2021-09-30 00:00:00-04:00,114.70829523625706,114.70829523625706,110.37581679880465,110.84488677978516,3053500
2021-10-01 00:00:00-04:00,112.20092703759686,114.41834190937759,110.99840559528215,113.54843139648438,2160400
2021-10-04 00:00:00-04:00,113.16464657313585,114.28187777369594,112.22650655020831,112.78939056396484,1487600
2021-10-05 00:00:00-04:00,112.78088163959033,112.80646609691544,111.22868849009357,112.05595397949219,1499700
2021-10-06 00:00:00-04:00,111.1007397523261,113.13051329312397,109.67648224200317,113.09640502929688,2199100
2021-10-07 00:00:00-04:00,113.44609223902653,116.15814855258054,113.38638650225283,114.2904052734375,1798500
2021-10-08 00:00:00-04:00,114.2648186811066,115.22001935742381,112.37149098260947,112.6444091796875,1715200
2021-10-11 00:00:00-04:00,112.37149093426557,114.00896107566156,111.74039037734197,113.10494232177734,1081800
2021-10-12 00:00:00-04:00,112.81497497362959,115.34794002108401,112.0047702342133,114.9385757446289,1324400
2021-10-13 00:00:00-04:00,115.13473127507855,117.31802483784557,114.46950942434347,116.96835327148438,2994100
2021-10-14 00:00:00-04:00,117.90649624893128,119.3136933495938,117.27538265107277,118.82757568359375,2281500
2021-10-15 00:00:00-04:00,119.39899611054318,120.81473018765521,118.82758819077195,119.58662414550781,2443400
2021-10-18 00:00:00-04:00,119.63776339480663,123.48411113087708,119.31367632142191,123.26237487792969,3335500
2021-10-19 00:00:00-04:00,123.6632110949474,123.6717349074208,121.6931302968978,121.82105255126953,1709400
2021-10-20 00:00:00-04:00,121.27523099224324,123.64615223945042,121.1643693746739,123.62910461425781,1543800
2021-10-21 00:00:00-04:00,123.23680884848615,123.69734206220667,122.28162113798045,122.77627563476562,1367500
2021-10-22 00:00:00-04:00,123.47558922248308,124.17493228352986,122.81036743992652,123.7826156616211,1217800
2021-10-25 00:00:00-04:00,123.6632288233253,125.28363834045544,122.59716650588284,125.22394561767578,1537200
2021-10-26 00:00:00-04:00,125.36892645549065,126.0256244759299,124.07259105517646,124.83162689208984,1973700
2021-10-27 00:00:00-04:00,124.81457945408333,124.90839345714537,122.55451956702755,122.75067138671875,1178000
2021-10-28 00:00:00-04:00,123.27945031893417,125.56508170567847,122.67392119018722,125.47126770019531,1627900
2021-10-29 00:00:00-04:00,124.8998522889125,126.00003583325987,124.24315429030352,125.01072692871094,2778300
2021-11-01 00:00:00-04:00,125.71858318441743,127.42428266289498,125.53095520070856,127.38163757324219,2605400
2021-11-02 00:00:00-04:00,133.89742857885963,136.4303937147082,131.72265882409138,135.5946044921875,5642000
2021-11-03 00:00:00-04:00,135.55194958141968,142.24681271753457,135.38138222374926,141.7777557373047,4226300
2021-11-04 00:00:00-04:00,141.94833665873708,142.99733837142924,140.31086644441433,141.3257598876953,2282800
2021-11-05 00:00:00-04:00,143.64548336646774,145.76056020774627,142.65618750385264,145.410888671875,2501600
2021-11-08 00:00:00-05:00,145.53881536834064,145.84584182152778,141.79480521018772,142.75852966308594,1642700
2021-11-09 00:00:00-05:00,142.6988586241257,142.92059492432884,141.1807737541102,142.84384155273438,1383600
2021-11-10 00:00:00-05:00,142.1615340945281,143.0143838876313,139.6797380733685,139.84178161621094,1824700
2021-11-11 00:00:00-05:00,140.29379334191455,141.83744941142655,139.79061507868954,141.09547424316406,1175700
2021-11-12 00:00:00-05:00,141.78628172853558,142.0421392756992,139.7820794581185,140.54965209960938,1182600
2021-11-15 00:00:00-05:00,140.86523148568065,141.84601678364106,140.06355041179486,141.82041931152344,1677300
2021-11-16 00:00:00-05:00,141.35987182228098,141.82040504528325,140.15735033241836,140.60935974121094,1221100
2021-11-17 00:00:00-05:00,140.0635424115996,143.1679156817301,138.8780815120748,142.84384155273438,1503100
2021-11-18 00:00:00-05:00,144.25103033504215,145.93966947887066,142.74148238115026,144.45571899414062,2459400
2021-11-19 00:00:00-05:00,143.20201054342598,143.68812815395017,141.45366588123048,142.2041778564453,1816500
2021-11-22 00:00:00-05:00,143.38964686940318,145.5388190831139,142.4344462054094,143.27024841308594,2039300
2021-11-23 00:00:00-05:00,143.18493266865983,145.58997501967127,142.59646430560582,144.1571807861328,1392500
2021-11-24 00:00:00-05:00,143.2958072916855,144.33628494537015,142.11034675359605,144.1571807861328,1358800
2021-11-26 00:00:00-05:00,136.72889509985043,138.84395909802643,134.98907410684524,136.86534118652344,2875400
2021-11-29 00:00:00-05:00,139.7565095487599,140.44731588857292,134.27269091467352,136.40481567382812,2890700
2021-11-30 00:00:00-05:00,134.45178489701001,134.5882440076573,129.41997556636923,130.34957885742188,4264900
2021-12-01 00:00:00-05:00,133.52216824815875,135.45814101973556,125.91474927230296,125.98297882080078,3711400
2021-12-02 00:00:00-05:00,127.8763085368337,131.32181620344952,126.53732802644362,129.51377868652344,4506500
2021-12-03 00:00:00-05:00,129.63316190250984,130.3069074785832,125.67593958602404,127.23665618896484,3639600
2021-12-06 00:00:00-05:00,129.74405697451294,132.62668073233354,129.22381802490594,130.1448974609375,2858400
2021-12-07 00:00:00-05:00,132.8483872961104,135.34723040512205,132.1490443699658,133.25775146484375,2650100
2021-12-08 00:00:00-05:00,133.25780216449004,135.1255456017807,132.51582688634448,134.28121948242188,2681300
2021-12-09 00:00:00-05:00,133.5399999252363,134.09160388224618,131.1784384976724,131.21292114257812,1946600
2021-12-10 00:00:00-05:00,132.28163473239087,132.42815308211456,129.31675879350664,131.3680419921875,1378300
2021-12-13 00:00:00-05:00,130.64406157316427,131.06638844377258,127.16205128999279,130.23036193847656,2416900
2021-12-14 00:00:00-05:00,130.221720775559,131.187037354957,129.15299573764128,130.0838165283203,2000300
2021-12-15 00:00:00-05:00,130.52339086020996,131.1698022546038,126.87763427818521,131.04051208496094,2121800
2021-12-16 00:00:00-05:00,131.65246081421122,133.4537908369673,130.1786369720545,130.7130126953125,2750900
2021-12-17 00:00:00-05:00,130.5837200673558,131.7472658762282,127.92912227516038,129.9114532470703,4124800
2021-12-20 00:00:00-05:00,127.2654897293126,128.15322707061574,123.7921065819752,126.06747436523438,2665000
2021-12-21 00:00:00-05:00,127.73088492411722,133.496876486747,127.61884922877732,133.1348876953125,2011200
2021-12-22 00:00:00-05:00,132.6522630454791,134.46220737203063,132.3247436739373,134.0485076904297,1077500
2021-12-23 00:00:00-05:00,134.88451052376433,135.6429707657879,133.81577228739238,133.9881591796875,2259900
2021-12-27 00:00:00-05:00,133.9795387353871,136.5910398404926,133.14351224021877,136.54794311523438,994400
2021-12-28 00:00:00-05:00,135.79812497112704,137.25470764627116,135.1000026596735,135.9791259765625,966400
2021-12-29 00:00:00-05:00,136.17735661365592,137.29780584896014,135.11724543123592,136.83238220214844,953000
2021-12-30 00:00:00-05:00,136.83239985496152,139.5128537588981,136.64278473754266,137.93560791015625,1085400
2021-12-31 00:00:00-05:00,137.89251121755836,139.3577080436521,137.47879837272927,137.70289611816406,1194700
2022-01-03 00:00:00-05:00,138.3148156704323,140.14201440036274,136.92718516458325,138.15968322753906,2128100
2022-01-04 00:00:00-05:00,139.82311668204113,141.24522990844903,139.45251372536498,140.4695281982422,1834100
2022-01-05 00:00:00-05:00,141.2279608382274,142.92586913929173,138.72850872716765,138.78883361816406,2324400
2022-01-06 00:00:00-05:00,139.4783597171494,141.79682430293224,138.5561397036863,140.62466430664062,1715700
2022-01-07 00:00:00-05:00,140.340230674762,141.26243746462848,138.80608195230172,138.99569702148438,1457100
2022-01-10 00:00:00-05:00,138.15966808833332,138.7543686901421,135.3930214650889,138.65956115722656,1753600
2022-01-11 00:00:00-05:00,138.67680595339377,140.15062993247065,136.23769151200182,139.47836303710938,1267700
2022-01-12 00:00:00-05:00,140.13337462788388,141.0469673354842,139.41801107445036,139.5645294189453,931100
2022-01-13 00:00:00-05:00,139.99549966194382,141.555517270698,139.84036720046683,140.47816467285156,1246800
2022-01-14 00:00:00-05:00,139.70243206219533,139.70243206219533,131.4197465929042,134.19500732421875,2539700
2022-01-18 00:00:00-05:00,132.97975727733345,132.98838451345463,130.02350856817353,132.635009765625,2753000
2022-01-19 00:00:00-05:00,133.4968747030774,133.4968747030774,128.01530579651606,128.0670166015625,2198900
2022-01-20 00:00:00-05:00,129.70460742477889,131.65245571763197,126.86039462190101,127.0672378540039,1976000
2022-01-21 00:00:00-05:00,126.82592456411882,127.16205800090577,124.59365345439839,126.66217803955078,2515300
2022-01-24 00:00:00-05:00,123.14569105127983,126.0329875482786,118.72423266101363,125.92095184326172,3755400
2022-01-25 00:00:00-05:00,122.99056170896273,128.3859515747177,121.38746062460093,126.50704193115234,2614100
2022-01-26 00:00:00-05:00,128.5152206113883,130.8940101055895,123.90414682793173,125.4727783203125,2029400
2022-01-27 00:00:00-05:00,127.30856917511622,128.81686235722964,123.33529346646938,124.01617431640625,1810000
2022-01-28 00:00:00-05:00,123.73178540881108,126.21400992954528,120.3790647491166,126.17952728271484,2631400
2022-01-31 00:00:00-05:00,124.85221046937058,127.21377157028434,123.7748581124111,126.86901092529297,2108000
2022-02-01 00:00:00-05:00,126.8690155977644,128.1273689835976,125.00734750006914,127.00691986083984,1510600
2022-02-02 00:00:00-05:00,127.56713421765285,129.26504259855457,126.61907202634629,128.89443969726562,1871200
2022-02-03 00:00:00-05:00,127.5326668111313,128.58416378961033,125.26591318766478,125.45552825927734,1539100
2022-02-04 00:00:00-05:00,124.3092056605047,126.5328622348758,122.17174252479055,125.12799072265625,1934900
2022-02-07 00:00:00-05:00,125.4382756385075,129.10990064781083,124.87805771002198,128.3514404296875,3230700
2022-02-08 00:00:00-05:00,120.49970656560114,124.62812823922222,118.74147327279404,122.42169952392578,4550300
2022-02-09 00:00:00-05:00,123.46457967254973,124.14546057318864,121.91318965373937,123.32667541503906,2604000
2022-02-10 00:00:00-05:00,122.38724260065815,127.12759354645829,121.74944519349133,124.09376525878906,2722300
2022-02-11 00:00:00-05:00,123.98172793613762,126.17090237617428,121.16337018253061,122.24072265625,2157600
2022-02-14 00:00:00-05:00,122.2062422101091,122.64581044410792,119.85330804754834,120.57728576660156,2070800
2022-02-15 00:00:00-05:00,122.48203599733503,123.16291690433802,121.12887511650231,121.80115509033203,1619900
2022-02-16 00:00:00-05:00,122.42171721561218,124.36095177457368,121.79254701883974,123.99034881591797,1712500
2022-02-17 00:00:00-05:00,123.29220604424292,126.49840770242687,123.26635063984416,123.82656860351562,3546800
2022-02-18 00:00:00-05:00,123.45598649709368,124.20581965348212,121.08581091871302,121.48226928710938,1751100
2022-02-22 00:00:00-05:00,120.65484866042718,120.99959615061691,117.84510532541312,118.98279571533203,2314400
2022-02-23 00:00:00-05:00,119.90501413127376,120.93928300484998,115.00090367203246,115.55252075195312,1978500
2022-02-24 00:00:00-05:00,111.98431521935183,119.09484129215026,111.48443526250725,118.78457641601562,3105900
2022-02-25 00:00:00-05:00,119.49993611002166,120.79275913242193,118.65529541774406,120.40491485595703,1785600
2022-02-28 00:00:00-05:00,118.75870737537615,120.57727880477054,117.6985962657367,118.56047821044922,2381900
2022-03-01 00:00:00-05:00,118.80180458613476,119.23274556024403,115.00952927448321,116.00931549072266,2182100
2022-03-02 00:00:00-05:00,117.15563070030163,120.43078539889433,117.14701661352906,119.60338592529297,2096500
2022-03-03 00:00:00-05:00,120.71516328526052,121.47362348069281,118.56045877666662,120.15494537353516,1890100
2022-03-04 00:00:00-05:00,118.63803482889637,118.86213253320335,115.33703882088813,117.9830093383789,2315100
2022-03-07 00:00:00-05:00,117.07804380916735,117.12114053798153,110.49326607538167,110.55360412597656,3966300
2022-03-08 00:00:00-05:00,111.113811211056,115.39736523835468,110.40707490290528,113.24266052246094,3123900
2022-03-09 00:00:00-05:00,116.4372623722995,118.11313281811769,115.59934046791894,115.71281433105469,1728000
2022-03-10 00:00:00-05:00,113.48706596067642,116.02702931262628,113.0069995819474,115.74772644042969,1565700
2022-03-11 00:00:00-05:00,116.9697036111093,117.03953266006381,113.46960743788806,113.51325225830078,2548200
2022-03-14 00:00:00-04:00,114.45592380958166,115.68662249983983,110.64159693712065,111.88976287841797,2455800
2022-03-15 00:00:00-04:00,112.24762465805158,113.49578386113632,110.87725463880412,112.49201965332031,1883600
2022-03-16 00:00:00-04:00,114.46464321526261,115.61680249627112,111.9770350612398,114.63048553466797,2550300
2022-03-17 00:00:00-04:00,113.89730971628818,115.5731669995843,113.41724331048023,114.90979766845703,2045100
2022-03-18 00:00:00-04:00,113.14664148432519,114.83122206851483,113.00698340894955,114.20277404785156,4175500
2022-03-21 00:00:00-04:00,114.90979227608588,115.05818732789623,111.69773596346623,112.64913177490234,2679100
2022-03-22 00:00:00-04:00,114.4733716716287,117.35375667690401,114.22025302297699,115.94847869873047,2501100
2022-03-23 00:00:00-04:00,115.27640833659748,115.82629049847594,113.36487958901485,113.47834014892578,1206000
2022-03-24 00:00:00-04:00,113.49578683993737,113.93220838844701,112.64040433404648,113.58307647705078,1473800
2022-03-25 00:00:00-04:00,113.91475205405483,114.4995553526871,113.15538279320131,113.61798858642578,2055800
2022-03-28 00:00:00-04:00,114.17661087533753,115.04073039270705,113.17284657537188,114.99708557128906,1631900
2022-03-29 00:00:00-04:00,116.89987173957533,120.82766574835688,116.60310827758101,120.52217864990234,2468200
2022-03-30 00:00:00-04:00,120.32143150578503,121.01969535906967,117.25774357760208,117.65052032470703,1346200
2022-03-31 00:00:00-04:00,117.51087254225118,118.19168910477637,114.82251415651088,114.83123779296875,2331900
2022-04-01 00:00:00-04:00,115.45097060579914,116.31507682608338,114.56939047427858,116.08814239501953,1572800
2022-04-04 00:00:00-04:00,115.74773431104788,117.73781569043796,114.47337741163426,117.42359161376953,1722800
2022-04-05 00:00:00-04:00,117.39739630117516,118.38371326065325,113.74018160142305,113.9758529663086,1719300
2022-04-06 00:00:00-04:00,113.46960647576036,113.62671184567895,110.21389868295635,111.60172271728516,2327100
2022-04-07 00:00:00-04:00,111.21767167902475,111.30495466146881,107.77867422402261,109.55054473876953,2542700
2022-04-08 00:00:00-04:00,110.05678661568089,112.17780233855191,109.53308207167309,111.26131439208984,1804800
2022-04-11 00:00:00-04:00,111.04311074847077,112.68406019357926,110.26628084874962,110.6590576171875,1084200
2022-04-12 00:00:00-04:00,110.30991141977152,112.52693374994396,109.72510812594356,110.13534545898438,1460000
2022-04-13 00:00:00-04:00,109.97822148159514,112.34363194662923,109.76874101955741,111.35731506347656,1661400
2022-04-14 00:00:00-04:00,111.7239223465078,112.98954224063345,111.45334310303956,111.61917877197266,1788800
2022-04-18 00:00:00-04:00,111.21767706616166,112.69278418019671,110.93836751325269,111.62791442871094,1206700
2022-04-19 00:00:00-04:00,112.39601999388073,114.99708894053906,111.62791373371452,114.62177276611328,1470700
2022-04-20 00:00:00-04:00,114.9708935257138,116.52455316915356,114.37735329554688,115.73026275634766,1645700
2022-04-21 00:00:00-04:00,117.17918617599256,117.65925254470237,113.95839300600066,114.2115249633789,1499600
2022-04-22 00:00:00-04:00,114.20277458931136,114.20277458931136,109.73382270431955,109.87347412109375,1988500
2022-04-25 00:00:00-04:00,109.87348489926092,110.58921596100609,108.17144355098408,110.23135375976562,2053600
2022-04-26 00:00:00-04:00,110.0916944475325,110.81615579665767,108.25872532529652,108.34600830078125,1889200
2022-04-27 00:00:00-04:00,108.7562578671649,109.27996243835695,106.53923541182915,106.60033416748047,2032100
2022-04-28 00:00:00-04:00,106.50430728461635,109.14902735102986,105.4568982759926,108.59040832519531,2313100
2022-04-29 00:00:00-04:00,107.80485861753932,108.2150959608444,102.80346447060288,102.99549102783203,3160500
2022-05-02 00:00:00-04:00,103.58902124603084,103.93815982419198,98.98914095599591,101.98298645019531,2818500
2022-05-03 00:00:00-04:00,102.75982247820438,106.22500403813045,101.46801174271538,105.50054931640625,1894500
2022-05-04 00:00:00-04:00,105.37834789591913,109.26249693517046,104.37457702285268,108.7387924194336,1623900
2022-05-05 00:00:00-04:00,107.97068990249235,108.4856707995383,105.71875974267002,106.78362274169922,2037600
2022-05-06 00:00:00-04:00,105.78858714995265,107.32479295903555,103.55411081620642,105.9806137084961,2366500
2022-05-09 00:00:00-04:00,104.38330622555489,105.42199167629698,102.65508056553355,103.16133117675781,2810200
2022-05-10 00:00:00-04:00,105.73621305903774,109.96950078051263,102.94311779065093,103.92942810058594,3139200
2022-05-11 00:00:00-04:00,103.85960536775578,104.74117882075797,98.43925016289333,98.64000701904297,3323500
2022-05-12 00:00:00-04:00,98.4043363943242,101.49420199241213,97.03397289391724,100.91812896728516,2754300
2022-05-13 00:00:00-04:00,102.12264483763461,102.71617842442905,100.5340706287531,101.93061828613281,2662900
2022-05-16 00:00:00-04:00,101.94808703421897,103.10896341335547,100.81338822597813,102.00918579101562,1564700
2022-05-17 00:00:00-04:00,103.76359162613726,105.54419245728036,103.15260408277359,105.404541015625,1752000
2022-05-18 00:00:00-04:00,104.14765287223227,104.47060726136533,98.77094209323164,99.2160873413086,2031800
2022-05-19 00:00:00-04:00,98.21230030465804,100.05399973382018,95.93418599532389,96.04765319824219,2629100
2022-05-20 00:00:00-04:00,96.8855807382596,97.06014668849676,92.27697039565167,95.00023651123047,3296800
2022-05-23 00:00:00-04:00,95.8469001896329,96.41424954542158,93.59497001720572,94.06629943847656,1842900
2022-05-24 00:00:00-04:00,93.42040017842378,94.3805263002595,90.30435043600482,94.1361312866211,2605200
2022-05-25 00:00:00-04:00,93.54259356273238,96.24840584475432,93.2981985598647,95.30574035644531,2324700
2022-05-26 00:00:00-04:00,96.01274407865543,98.47416143321037,96.01274407865543,97.78461456298828,2086600
2022-05-27 00:00:00-04:00,98.56144801755295,100.06273931806132,98.11630280067523,99.2684555053711,1436500
2022-05-31 00:00:00-04:00,98.63127206593553,100.63008359983482,97.854442225768,100.07146453857422,3700300
2022-06-01 00:00:00-04:00,100.35950281182998,100.63008204252256,95.85562920844404,97.03396606445312,2685800
2022-06-02 00:00:00-04:00,96.66737913179908,98.04647291086454,95.89927955499459,98.0377426147461,1531800
2022-06-03 00:00:00-04:00,97.1474368000672,97.41801602204312,95.64614564730243,95.9690933227539,1392500
2022-06-06 00:00:00-04:00,96.66737878175094,96.9728725521428,95.23591654968787,95.68106842041016,1917800
2022-06-07 00:00:00-04:00,95.00024046037872,98.04646769498223,94.75584545618158,98.00282287597656,2546800
2022-06-08 00:00:00-04:00,96.77092421850261,97.74581080701388,95.37949351886107,95.60105895996094,1603500
2022-06-09 00:00:00-04:00,95.0958853584455,95.22881920726995,92.0294138538487,92.0560073852539,2100900
2022-06-10 00:00:00-04:00,90.5936692812643,91.58627802741411,89.70740760840769,89.74285888671875,2792100
2022-06-13 00:00:00-04:00,87.11952113790886,87.51833616768803,84.60253458675514,86.1003189086914,3667000
2022-06-14 00:00:00-04:00,86.1889586592124,87.12839398832811,84.8329792089557,85.53312683105469,2491000
2022-06-15 00:00:00-04:00,86.42823709023293,87.67786931953786,85.0545355268181,86.41051483154297,2597900
2022-06-16 00:00:00-04:00,84.46075155123658,84.84184439257346,82.86547761967735,83.85809326171875,3000200
2022-06-17 00:00:00-04:00,84.76207306291113,86.27757984104343,84.14169254378346,84.80638885498047,3631600
2022-06-21 00:00:00-04:00,86.57892021538358,87.42086624805003,85.49767970243262,85.6040267944336,2221100
2022-06-22 00:00:00-04:00,84.31893441305151,86.60549113550113,84.04419546015095,85.03680419921875,2730400
2022-06-23 00:00:00-04:00,85.16088736593342,86.00284007606523,84.36325720910605,85.70150756835938,2372500
2022-06-24 00:00:00-04:00,86.78275665674937,89.08703605939266,86.40166379988457,88.2894058227539,4455200
2022-06-27 00:00:00-04:00,88.57300130134128,89.9023939239791,87.5183476569903,88.73252868652344,1783300
2022-06-28 00:00:00-04:00,89.89353788042118,90.82411550857614,87.86399747396558,87.96148681640625,1497500
2022-06-29 00:00:00-04:00,87.47403493541498,87.73991617393168,85.45335915993846,86.19782257080078,1866900
2022-06-30 00:00:00-04:00,84.1948725998794,85.46222726842744,82.59959862490948,84.12397003173828,3121400
2022-07-01 00:00:00-04:00,83.61879376230779,85.05454021436492,83.12248935195541,84.79752349853516,1709200
2022-07-05 00:00:00-04:00,84.25690273410208,86.49914383801385,82.87433659355517,86.4725570678711,1907200
2022-07-06 00:00:00-04:00,86.60549682872417,87.27019312231961,85.08999009072342,85.45335388183594,1406000
2022-07-07 00:00:00-04:00,86.00284255671991,87.10180525295146,85.65720100902095,86.74729919433594,1378200
2022-07-08 00:00:00-04:00,86.85365745464225,87.04863613487237,85.24066122952168,86.57891845703125,1423400
2022-07-11 00:00:00-04:00,85.9496602362302,86.41937784222497,84.84183314222746,86.16236114501953,1032400
2022-07-12 00:00:00-04:00,86.14464705336431,87.86399716493476,85.94967513080991,86.49915313720703,1660400
2022-07-13 00:00:00-04:00,85.09884166178762,86.1003216655515,84.23030902105982,84.691162109375,1821400
2022-07-14 00:00:00-04:00,83.31747352002817,84.09738146804739,82.47552075497607,83.30860900878906,1692000
2022-07-15 00:00:00-04:00,85.01021969457067,85.745818520173,83.97329513991103,85.40017700195312,2034700
2022-07-18 00:00:00-04:00,86.24213051580901,87.58925219024158,86.23327276650666,87.42086029052734,1727400
2022-07-19 00:00:00-04:00,88.58185826191435,90.89500194564448,87.86398841580517,90.63798522949219,1990100
2022-07-20 00:00:00-04:00,90.24804463399542,92.45483471852133,89.99102788944273,91.68378448486328,2077800
2022-07-21 00:00:00-04:00,90.78866673640704,92.40166304464385,90.39870935585265,92.3839340209961,1552700
2022-07-22 00:00:00-04:00,93.07520652453394,93.39426129722939,91.53311296426635,91.88761901855469,1627800
2022-07-25 00:00:00-04:00,91.91419622103786,92.72955532787344,91.3824405757816,92.19779968261719,1172100
2022-07-26 00:00:00-04:00,91.28495564940367,91.97623869770176,90.45186748266482,90.91272735595703,1376400
2022-07-27 00:00:00-04:00,91.26724235879999,92.7118466462581,90.77979566831122,92.27758026123047,1275700
2022-07-28 00:00:00-04:00,92.98658796611412,95.3263186157539,92.86251185299996,95.2376937866211,1696300
2022-07-29 00:00:00-04:00,95.45925406979342,96.83296251268983,95.23768862814178,96.28347778320312,2460200
2022-08-01 00:00:00-04:00,95.65423948046967,96.77978902824856,94.90091827810038,96.27462005615234,1650100
2022-08-02 00:00:00-04:00,97.38244129378252,98.33960563250467,93.27905171431723,93.48289489746094,2594000
2022-08-03 00:00:00-04:00,94.5464017912359,96.04418628126474,94.46663471934421,94.7679672241211,2241800
2022-08-04 00:00:00-04:00,94.37801926010567,95.19338527284806,93.0131752467538,93.78422546386719,1416100
2022-08-05 00:00:00-04:00,93.22588574217343,94.49324045238794,92.94228222192606,94.38688659667969,1277500
2022-08-08 00:00:00-04:00,95.3706257307198,97.61286683573739,95.3706257307198,96.46072387695312,1645700
2022-08-09 00:00:00-04:00,96.33665950558492,96.50505141926362,94.91864191093629,95.72514343261719,1495700
2022-08-10 00:00:00-04:00,97.94079432282851,98.83591388077824,97.23178217157312,98.71183776855469,1581500
2022-08-11 00:00:00-04:00,99.94373560946256,101.75171040962022,99.88169755678445,101.09587860107422,1948600
2022-08-12 00:00:00-04:00,101.76058279572912,102.79750751144289,101.15792448237013,102.67343139648438,1491100
2022-08-15 00:00:00-04:00,102.12394182032044,102.4695833530647,100.23620001356596,100.369140625,1989100
2022-08-16 00:00:00-04:00,99.81079807040591,102.20370202724666,99.81079807040591,101.49468994140625,1567600
2022-08-17 00:00:00-04:00,99.9703233042113,100.69705763384884,99.06633257610106,100.00576782226562,1579800
2022-08-18 00:00:00-04:00,100.00577508122359,100.57298883586745,99.50947065275601,100.44004821777344,1146700
2022-08-19 00:00:00-04:00,99.8019362098998,100.02350164740305,97.71922244969726,98.38391876220703,1459700
2022-08-22 00:00:00-04:00,97.02794878597761,97.48880196560197,93.8905810749604,94.5995864868164,1722100
2022-08-23 00:00:00-04:00,94.96294764407376,96.02645903694527,94.5907193327328,94.68820190429688,1313900
2022-08-24 00:00:00-04:00,94.48437155106296,95.44153592304488,93.87284874202324,94.5464096069336,1070000
2022-08-25 00:00:00-04:00,94.97181278166826,95.95555710766526,94.73251832162639,95.92897033691406,1332100
2022-08-26 00:00:00-04:00,96.15940999784688,96.2037257946683,92.91568840578793,92.92455291748047,1538400
2022-08-29 00:00:00-04:00,92.10032592223486,93.14611513133727,91.24065088234036,91.86103820800781,1771700
2022-08-30 00:00:00-04:00,92.21554501758392,93.10180683702579,91.36472772067556,91.98511505126953,1592700
2022-08-31 00:00:00-04:00,92.50798874060996,92.81818572791738,90.19484528948306,90.38096618652344,2294500
2022-09-01 00:00:00-04:00,89.68084026169683,89.89354121598652,87.51835914788707,89.80491638183594,2114600
2022-09-02 00:00:00-04:00,91.21405111952333,91.95851445197285,88.77683148251039,89.09588623046875,1908300
2022-09-06 00:00:00-04:00,89.8226210405941,90.1859915795321,87.58038004397508,89.54788208007812,1839900
2022-09-07 00:00:00-04:00,89.7871780478701,91.71922898323828,89.43267874802625,91.69264221191406,2056900
2022-09-08 00:00:00-04:00,90.78211204790625,92.48596648247715,89.92567975382367,92.4408950805664,1868000
2022-09-09 00:00:00-04:00,93.2612681668741,93.84725142837385,92.49498553782674,93.54975128173828,1441400
2022-09-12 00:00:00-04:00,94.41520495699373,95.39784817618258,93.61285422250823,94.88398742675781,1668300
2022-09-13 00:00:00-04:00,92.08931757945392,92.94574997651094,90.18712948941968,90.52069091796875,2172100
2022-09-14 00:00:00-04:00,90.05188203854195,90.33134808869005,88.65453803184313,90.17809295654297,1961600
2022-09-15 00:00:00-04:00,90.63786146313161,91.25088884421542,89.61014010042919,89.7363510131836,2019200
2022-09-16 00:00:00-04:00,89.44787875896117,89.97075653386418,87.99644620882196,89.88059997558594,2630700
2022-09-19 00:00:00-04:00,88.62750357358821,90.40348052978516,88.34803749267721,90.40348052978516,1288800
2022-09-20 00:00:00-04:00,89.28560910700641,89.97976923070402,88.24887055931939,88.63652038574219,1525400
2022-09-21 00:00:00-04:00,89.70029876277785,90.17809824867571,86.19342331113475,86.22948455810547,1790000
2022-09-22 00:00:00-04:00,86.17538943816385,86.35569567341399,82.70457522585897,83.10124206542969,2789000
2022-09-23 00:00:00-04:00,81.82109551806498,82.03745611384971,79.81974109261306,81.2982177734375,3334500
2022-09-26 00:00:00-04:00,80.5860237885431,80.66716331084122,77.54793089943,78.7559585571289,3618400
2022-09-27 00:00:00-04:00,79.69352549949653,81.0908625762391,79.27883151606447,80.261474609375,2611900
2022-09-28 00:00:00-04:00,81.61374981681509,83.81343778202567,80.59504536108022,83.4167709350586,2864600
2022-09-29 00:00:00-04:00,82.26283596664294,82.41609110622188,79.7476207594012,80.35163116455078,2924900
2022-09-30 00:00:00-04:00,80.82042618283371,81.59572584444103,79.70255497134546,80.91057586669922,3000300
2022-10-03 00:00:00-04:00,82.52428344636398,82.85784485372125,80.33361235226897,82.01943969726562,2247500
2022-10-04 00:00:00-04:00,83.23647749604649,86.48191436417613,83.23647749604649,86.42782592773438,2520100
2022-10-05 00:00:00-04:00,84.08388538393166,86.7072843675084,82.78571487803993,86.33766174316406,2246500
2022-10-06 00:00:00-04:00,85.85085216631597,86.8605395740993,84.8862361589632,85.35501861572266,1596100
2022-10-07 00:00:00-04:00,84.27320330830328,85.02145178486937,82.96600897602916,83.42578125,1811700
2022-10-10 00:00:00-04:00,84.23714884528965,84.75100958886986,83.0201040880915,83.4167709350586,1425700
2022-10-11 00:00:00-04:00,83.58806833473766,86.49093372009717,82.33496908498016,85.48123931884766,2178100
2022-10-12 00:00:00-04:00,85.21077201120279,85.41812245878576,83.65116265069506,84.45350646972656,1912200
2022-10-13 00:00:00-04:00,82.77669506579923,87.11295843432761,81.83010627553142,86.39175415039062,1788200
2022-10-14 00:00:00-04:00,87.46454127535296,88.3390075167553,85.76970409684768,86.41879272460938,2161700
2022-10-17 00:00:00-04:00,88.34804227738692,90.08795807898937,87.98743664759745,89.38478088378906,3178200
2022-10-18 00:00:00-04:00,90.2862878062242,91.11567590604496,87.74402819383094,88.94303894042969,2307700
2022-10-19 00:00:00-04:00,88.24886536978585,89.83552583090709,87.67189917991985,88.37507629394531,2128000
2022-10-20 00:00:00-04:00,89.10529427523021,90.9984718224435,88.5283281070442,88.62749481201172,2096500
2022-10-21 00:00:00-04:00,88.45622140888631,91.11567489344444,87.69894893808925,91.08863067626953,2364600
2022-10-24 00:00:00-04:00,91.55740866016292,92.72937511871447,90.1780986281317,92.3056640625,1470400
2022-10-25 00:00:00-04:00,92.63922347671202,95.80352046738093,92.44990709181572,95.4158706665039,2379000
2022-10-26 00:00:00-04:00,95.32572233238729,96.19117162323829,94.76679020090951,95.13640594482422,1650200
2022-10-27 00:00:00-04:00,96.37146964860177,97.11070795144207,95.73139804670168,95.91169738769531,1463800
2022-10-28 00:00:00-04:00,95.50602557717757,98.36381224157135,95.16344718166151,98.22858428955078,1454000
2022-10-31 00:00:00-04:00,97.23693346372403,98.76949872618793,96.79519519738703,98.24662780761719,2144100
2022-11-01 00:00:00-04:00,99.16615553832136,103.24097999413057,98.67933904032118,102.6279525756836,2451000
2022-11-02 00:00:00-04:00,102.2493314864773,103.98924723465929,100.50040558436294,100.61759948730469,3161100
2022-11-03 00:00:00-04:00,99.33745563677665,102.23130384970737,98.09336660158657,101.4920654296875,1563000
2022-11-04 00:00:00-04:00,102.90743293533217,104.40393690489884,101.5281228637862,104.18757629394531,1588700
2022-11-07 00:00:00-05:00,105.02597385429338,105.61195705826084,103.46635765400886,105.35953521728516,1522100
2022-11-08 00:00:00-05:00,105.35053038400063,105.90045240607367,103.34917573028959,104.05235290527344,1848600
2022-11-09 00:00:00-05:00,103.31310671087326,104.62931127649516,101.47402438031153,101.79856872558594,1740100
2022-11-10 00:00:00-05:00,106.13484369215314,109.34421915849252,105.90946604697808,108.21733093261719,2990900
2022-11-11 00:00:00-05:00,108.28043198870171,109.96625918203294,108.11815981566458,108.36156463623047,1999000
2022-11-14 00:00:00-05:00,107.2346720780768,107.79361106860203,105.93650162476102,105.95452880859375,1551600
2022-11-15 00:00:00-05:00,107.73951731199094,109.01966051817786,106.79292857506204,108.32550048828125,1692200
2022-11-16 00:00:00-05:00,107.27073404443549,107.33383950524302,104.14249146302059,104.20559692382812,1832500
2022-11-17 00:00:00-05:00,102.7541780986105,104.45803253070801,102.28538874915624,104.38591003417969,1817200
2022-11-18 00:00:00-05:00,106.37824324489598,106.81097132847437,105.25135507492887,106.28809356689453,1507700
2022-11-21 00:00:00-05:00,105.60294632064536,106.50445687955677,104.62931326630589,105.63900756835938,1315200
2022-11-22 00:00:00-05:00,106.31512705900462,107.8747431552392,105.90043307964245,107.622314453125,1541600
2022-11-23 00:00:00-05:00,107.27975180006126,108.34353448798777,106.72982983303268,107.82967376708984,1116000
2022-11-25 00:00:00-05:00,108.15421806731507,108.81231689453125,107.91982340653561,108.81231689453125,548200
2022-11-28 00:00:00-05:00,108.00096730014579,108.28043337139742,104.12446916030197,104.3588638305664,1735800
2022-11-29 00:00:00-05:00,104.68341281935203,106.08075011550653,104.15151799148883,105.89143371582031,1765200
2022-11-30 00:00:00-05:00,105.7832444648129,107.90179975627682,104.96287344218658,107.67642211914062,2503100
2022-12-01 00:00:00-05:00,108.34353827679226,108.90247729439461,106.15286736309706,107.28877258300781,1848600
2022-12-02 00:00:00-05:00,106.02664864782503,108.20830236991982,105.92748194427716,107.58625793457031,1738100
2022-12-05 00:00:00-05:00,106.81097192374199,107.60429872374748,105.81930482626062,106.0987777709961,1455800
2022-12-06 00:00:00-05:00,106.51348129166367,107.32484222650186,105.21530379592255,106.6126480102539,2218400
2022-12-07 00:00:00-05:00,106.02665930168881,108.49679635195321,105.7111319759583,107.32483673095703,2318300
2022-12-08 00:00:00-05:00,108.44155498697286,108.60631832613268,106.68408402498062,107.2058334350586,1976400
2022-12-09 00:00:00-05:00,106.9129196622377,107.60858087396804,106.27217025113616,106.86714935302734,1162600
2022-12-12 00:00:00-05:00,106.86714981018811,108.67954651571357,105.76873222012757,108.578857421875,1698000
2022-12-13 00:00:00-05:00,110.26309999187146,111.62697002913822,108.62462206198266,110.06172180175781,2386400
2022-12-14 00:00:00-05:00,110.1898668888564,111.49881810063148,108.90838205235093,109.57658386230469,1779900
2022-12-15 00:00:00-05:00,108.29509351025538,108.75276866765965,106.94037895513723,108.20355987548828,1928300
2022-12-16 00:00:00-05:00,106.2538667678706,107.02275768416841,105.12798280207029,106.47354888916016,3919600
2022-12-19 00:00:00-05:00,106.33624028237915,106.94037481889904,104.5238506399563,105.83280181884766,1368100
2022-12-20 00:00:00-05:00,105.26528834044382,106.1897941325722,104.16687073379715,105.86942291259766,1146300
2022-12-21 00:00:00-05:00,107.09599453851885,108.10287856054323,106.4277856878585,106.68408966064453,1335300
2022-12-22 00:00:00-05:00,105.70465659689347,106.58339205418181,104.39570537765208,106.51016235351562,1081600
2022-12-23 00:00:00-05:00,106.3454035353102,107.96557057583874,105.86026896903806,107.92896270751953,680200
2022-12-27 00:00:00-05:00,108.06625990389288,108.49647568503792,107.22413925937055,108.10287475585938,1234200
2022-12-28 00:00:00-05:00,108.32256147055539,108.82600697694969,105.1096866396111,105.3202133178711,983700
2022-12-29 00:00:00-05:00,106.13486828690762,107.70012350142079,105.5673555500975,107.38890075683594,972800
2022-12-30 00:00:00-05:00,106.69323461372582,107.88319286273857,105.9243436714608,107.53536224365234,1265300
2023-01-03 00:00:00-05:00,108.1303396357621,109.09146034383757,106.38202401295412,107.59028625488281,1313800
2023-01-04 00:00:00-05:00,108.76192338716935,111.95649400874477,108.02049187195445,110.90384674072266,1808700
2023-01-05 00:00:00-05:00,109.47590230839624,109.62236171897777,107.25160064106504,107.48043823242188,1390600
2023-01-06 00:00:00-05:00,107.84658042789766,109.4118287242216,107.80996557503072,108.80770111083984,1501000
2023-01-09 00:00:00-05:00,108.77109091850072,109.47590766157367,107.65436230070226,108.30426025390625,1474900
2023-01-10 00:00:00-05:00,107.6543627279095,107.80997062220203,105.66805400597947,106.95869445800781,1329100
2023-01-11 00:00:00-05:00,107.82827660268951,111.33406321953584,107.23329746424378,111.08692169189453,1660600
2023-01-12 00:00:00-05:00,111.67275074406128,115.72775336599578,111.16930522186928,115.32499694824219,2304200
2023-01-13 00:00:00-05:00,113.78720072240321,115.44398961854277,113.65905223102035,114.94054412841797,1560400
2023-01-17 00:00:00-05:00,114.41879170818682,114.98631142914421,113.9245016899792,114.43709564208984,2021200
2023-01-18 00:00:00-05:00,114.97715855960817,115.20599614817779,111.61782443546262,111.90158081054688,1483900
2023-01-19 00:00:00-05:00,110.83977365670361,111.40729340380086,109.8786599522274,110.69332122802734,1274300
2023-01-20 00:00:00-05:00,111.37983360005813,113.36614223223586,110.21734169980661,113.18307495117188,1651900
2023-01-23 00:00:00-05:00,113.37530264656455,114.68425401573187,112.84439773127836,114.39134216308594,1097900
2023-01-24 00:00:00-05:00,114.35472460489395,115.01377800365778,112.7711653559992,114.83070373535156,1353500
2023-01-25 00:00:00-05:00,114.41878598351236,114.91307597698936,113.96111083957831,114.59270477294922,1016900
2023-01-26 00:00:00-05:00,115.28837759599092,115.7094449164356,114.30895296849226,115.63621520996094,1205800
2023-01-27 00:00:00-05:00,115.64536391771915,117.97036170975653,115.47145209395424,117.72321319580078,1480600
2023-01-30 00:00:00-05:00,116.6705645840162,117.94290810239337,115.23346469301056,115.28838348388672,1429900
2023-01-31 00:00:00-05:00,115.45314708226263,117.81475984843433,115.03208672299994,117.58592224121094,3802900
2023-02-01 00:00:00-05:00,117.07331052680298,118.9497745439852,116.1396492640678,118.01611328125,1467100
2023-02-02 00:00:00-05:00,118.9955469435008,121.81482773175723,118.5470202383902,120.63401794433594,2066900
2023-02-03 00:00:00-05:00,119.00468438828933,119.26098134827096,117.34790262300206,118.82161712646484,1391800
2023-02-06 00:00:00-05:00,117.56760410560442,118.58364357799796,116.9634695075027,117.75067138671875,1379600
2023-02-07 00:00:00-05:00,117.02753745396252,117.02753745396252,112.78031251192735,115.24260711669922,2443100
2023-02-08 00:00:00-05:00,114.5103234758559,115.01376894458245,112.89930495949964,113.7231216430664,1614400
2023-02-09 00:00:00-05:00,114.766630049968,115.14192706415864,113.52175295365993,113.87874603271484,1750000
2023-02-10 00:00:00-05:00,113.13730163099936,114.09842228995362,112.13041764478042,113.82381439208984,1171500
2023-02-13 00:00:00-05:00,113.96111938467944,115.1968409692453,113.65905209097674,115.13276672363281,1338400
2023-02-14 00:00:00-05:00,114.7025496495194,116.27695336238105,113.95196264496546,114.7940902709961,1387900
2023-02-15 00:00:00-05:00,113.62243138987087,114.92223413670969,113.10068199286418,114.89476776123047,859700
2023-02-16 00:00:00-05:00,113.51259862584192,114.8398538371893,112.92677496173022,113.82381439208984,959500
2023-02-17 00:00:00-05:00,113.58582417989437,113.94281724945104,112.02973134269575,113.19223022460938,1292400
2023-02-21 00:00:00-05:00,111.87412804349748,112.45995174624804,109.8969678090373,110.4095687866211,1612400
2023-02-22 00:00:00-05:00,110.98623431351419,111.74597681002619,110.18987696353024,110.84893035888672,1399500
2023-02-23 00:00:00-05:00,111.9290462588596,112.67047785119253,110.72993946462844,111.94735717773438,1053000
2023-02-24 00:00:00-05:00,110.34548828104568,112.15787807630662,110.10749523293146,111.51713562011719,1047600
2023-02-27 00:00:00-05:00,112.97253732175703,113.63159068413232,111.6635860558086,112.13957214355469,1330200
2023-02-28 00:00:00-05:00,112.19449821777457,113.57667927679353,111.68190422865786,111.755126953125,2118700
2023-03-01 00:00:00-05:00,111.8008901883848,111.8008901883848,109.24706189674326,110.9862289428711,1655500
2023-03-02 00:00:00-05:00,110.26311108304826,112.59725745441683,110.01596954168394,112.45079803466797,1277700
2023-03-03 00:00:00-05:00,113.28376357642185,113.89704664734397,112.34095381410921,113.57667541503906,1060900
2023-03-06 00:00:00-05:00,113.90619495860957,114.70254525985662,113.06406736480714,113.36613464355469,779000
2023-03-07 00:00:00-05:00,113.30206480702427,113.57667270448576,109.60404856800588,110.40040588378906,1376100
2023-03-08 00:00:00-05:00,110.64755087372409,112.20365070217856,110.62009147983079,111.83750915527344,1244200
2023-03-09 00:00:00-05:00,111.94898279945568,112.04188510202293,108.87387193013409,108.97606658935547,1054200
2023-03-10 00:00:00-05:00,108.69735902521107,108.69735902521107,103.24390777714098,103.58765411376953,2845600
2023-03-13 00:00:00-04:00,102.09191022039879,105.29708612955227,100.84700361758303,103.51333618164062,2279900
2023-03-14 00:00:00-04:00,105.93811593401973,107.29450946142639,103.15100419847387,104.23797607421875,2467000
2023-03-15 00:00:00-04:00,102.12906436570262,102.38919365956002,100.01086058658764,101.90609741210938,2499900
2023-03-16 00:00:00-04:00,100.55899933597404,102.64933334347012,98.2828606963419,101.45087432861328,2496700
2023-03-17 00:00:00-04:00,100.5775765187992,100.5775765187992,96.83355746654249,96.90787506103516,3489000
2023-03-20 00:00:00-04:00,97.76259096411962,99.93653468303016,97.06581304067525,99.51847076416016,2393000
2023-03-21 00:00:00-04:00,101.06067241167463,102.88158459797604,100.96777010290256,101.37654876708984,2114000
2023-03-22 00:00:00-04:00,100.41963479652168,100.82841346219459,96.83355746654249,96.90787506103516,1648900
2023-03-23 00:00:00-04:00,97.2701961289554,98.23639570848019,94.34373449526964,95.11483001708984,2180300
2023-03-24 00:00:00-04:00,94.16721074866798,96.27612206476138,93.20101121431962,96.13677215576172,2022700
2023-03-27 00:00:00-04:00,97.5489115815978,97.73471619703272,95.62580475108027,95.96955108642578,2225600
2023-03-28 00:00:00-04:00,95.62580498171761,97.11226317275732,94.9568970237518,96.75923156738281,1190500
2023-03-29 00:00:00-04:00,98.41292395220856,99.49060356160672,97.97627527612768,99.02608489990234,1580100
2023-03-30 00:00:00-04:00,100.28957006056287,100.80054339221785,99.25833812794414,99.92724609375,1438800
2023-03-31 00:00:00-04:00,100.53112503056549,104.13578719027143,100.53112503056549,104.02430725097656,3298500
2023-04-03 00:00:00-04:00,104.53526986254455,105.73372878407608,103.16959103790761,104.44236755371094,2154700
2023-04-04 00:00:00-04:00,104.6095994192703,104.7396640752963,102.33346085082303,103.41114044189453,1228000
2023-04-05 00:00:00-04:00,102.68649502527212,103.12314370476747,101.08854968243479,102.14765167236328,1563400
2023-04-06 00:00:00-04:00,102.48210397441387,102.72365566101044,101.014230403231,101.98042297363281,1145100
2023-04-10 00:00:00-04:00,101.71100649971662,102.41706974281428,100.26170349505956,101.78532409667969,1098800
2023-04-11 00:00:00-04:00,102.57500222347508,103.17887074232027,101.58092559979556,102.34274291992188,1106500
2023-04-12 00:00:00-04:00,103.49474850536909,103.63410550701735,101.58092699791538,101.7388687133789,1317700
2023-04-13 00:00:00-04:00,101.58092929717733,101.73887101621584,100.15021817264646,101.20932006835938,1244500
2023-04-14 00:00:00-04:00,101.79461298362604,102.68648790870323,99.08182586718392,99.92724609375,1803800
2023-04-17 00:00:00-04:00,100.35460727410168,103.45759558040949,100.26170496054587,103.44830322265625,1464800
2023-04-18 00:00:00-04:00,103.76417179658948,104.10791103971361,102.89087452120924,103.40184783935547,984800
2023-04-19 00:00:00-04:00,102.48210250727443,104.50740410899229,102.17552558451293,104.10791778564453,1070900
2023-04-20 00:00:00-04:00,103.27178539866898,103.65268699015809,102.08261174994267,102.90945434570312,998100
2023-04-21 00:00:00-04:00,103.29036249015064,103.3646871718095,101.99900127029291,102.80726623535156,770400
2023-04-24 00:00:00-04:00,102.91875743203249,103.0952767982905,101.09784506008232,102.40779113769531,854200
2023-04-25 00:00:00-04:00,101.52519187241683,102.0733275482333,100.80983629224049,101.46945190429688,809300
2023-04-26 00:00:00-04:00,101.48802856956029,102.24055357201007,99.99227800991514,100.65189361572266,966400
2023-04-27 00:00:00-04:00,100.95847607668352,103.28106919754948,100.75408674796866,102.75151824951172,970000
2023-04-28 00:00:00-04:00,102.69578093494422,105.59437977631988,102.69578093494422,105.27850341796875,1430200
2023-05-01 00:00:00-04:00,104.98121322904366,106.79283310001178,104.98121322904366,105.43643951416016,1332500
2023-05-02 00:00:00-04:00,104.52598146132861,104.93475302554678,101.85964204094572,104.09862518310547,1700400
2023-05-03 00:00:00-04:00,104.98121129459604,104.98121129459604,99.74144166958652,99.95511627197266,2092300
2023-05-04 00:00:00-04:00,99.77859898843018,100.5218245126992,98.31071847761096,100.19666290283203,1621200
2023-05-05 00:00:00-04:00,101.590227410606,102.56571941150577,100.87487180780705,101.77603912353516,1340700
2023-05-08 00:00:00-04:00,101.49732568528917,101.93397435320853,100.23383438203018,100.33602905273438,1149600
2023-05-09 00:00:00-04:00,99.68569912080842,99.90866607474062,97.43742360335526,98.93317413330078,1434700
2023-05-10 00:00:00-04:00,99.6764072073136,100.05730879330989,97.59536575603805,98.9703369140625,1364700
2023-05-11 00:00:00-04:00,97.96697246351663,99.05395140277989,97.25161691954908,98.710205078125,1177900
2023-05-12 00:00:00-04:00,98.86814817247499,99.15615455649694,98.10633786685403,98.80311584472656,1010000
2023-05-15 00:00:00-04:00,99.05395780231375,99.89937804525871,98.37575746606807,99.34195709228516,936200
2023-05-16 00:00:00-04:00,99.29550324303648,99.42556789691085,96.34116437019055,96.3690414428711,1472800
2023-05-17 00:00:00-04:00,97.39097459817916,98.88672510668817,96.47122263640597,98.75666046142578,1212600
2023-05-18 00:00:00-04:00,98.46866209711426,99.12827773394122,97.52104716352977,98.05059814453125,1394400
2023-05-19 00:00:00-04:00,98.96105672988585,99.50919245948985,97.00079441606103,97.88337707519531,1615900
2023-05-22 00:00:00-04:00,97.68827083513754,98.4779511008954,96.97290816446878,98.4593734741211,1338400
2023-05-23 00:00:00-04:00,98.5244032704964,99.21188885136671,96.65703641197894,96.74064636230469,1329900
2023-05-24 00:00:00-04:00,96.1553603738702,96.45265202580596,94.70606445668237,94.91045379638672,1107800
2023-05-25 00:00:00-04:00,94.88258328635797,95.07768028193603,93.06167090630366,94.06503295898438,1391100
2023-05-26 00:00:00-04:00,94.20438509951917,95.30064941405135,93.7398664423105,95.09626007080078,1057500
2023-05-30 00:00:00-04:00,95.67226134353302,96.48981159082506,95.36567734280156,96.1646499633789,1135100
2023-05-31 00:00:00-04:00,96.10890295364527,97.95769222828793,95.89522835035973,97.68827056884766,3061900
2023-06-01 00:00:00-04:00,97.76259411271064,97.864781690488,95.41212388801158,96.06245422363281,1413000
2023-06-02 00:00:00-04:00,97.60465860057054,99.60209025677328,97.48388630061122,98.95176696777344,1517300
2023-06-05 00:00:00-04:00,99.13756439383008,100.16879631145765,98.82169513012015,98.98892211914062,1145900
2023-06-06 00:00:00-04:00,99.12826588554331,101.82247516902859,98.91459129993774,101.42298889160156,1295500
2023-06-07 00:00:00-04:00,102.18480174698263,105.1670103698167,101.33938156333393,104.7024917602539,1832400
2023-06-08 00:00:00-04:00,104.0035431170015,104.35302632828336,102.23724659347963,103.62572479248047,1295300
2023-06-09 00:00:00-04:00,103.60683151370503,104.85362687277022,103.2762359937069,104.5608139038086,1093700
2023-06-12 00:00:00-04:00,104.84417925968924,105.50535588602023,103.05899516231082,103.86185455322266,1480200
2023-06-13 00:00:00-04:00,104.01298453447613,105.87372652353459,103.61627135324196,104.806396484375,1530900
2023-06-14 00:00:00-04:00,105.58092752522758,106.21376907908302,103.69184309727565,104.7497329711914,1529800
2023-06-15 00:00:00-04:00,104.35302206830544,104.79695083473871,103.50293267440739,104.76861572265625,1409300
2023-06-16 00:00:00-04:00,106.00597080073071,107.00718319388879,104.71194543490037,106.534912109375,3047300
2023-06-20 00:00:00-04:00,106.24210589329398,106.24210589329398,103.975203255966,104.58915710449219,1793000
2023-06-21 00:00:00-04:00,104.12632625510261,105.21255118614361,103.56904983675187,104.58915710449219,1539700
2023-06-22 00:00:00-04:00,104.62692617004764,104.7686089275555,101.75552450222455,103.03065490722656,1167200
2023-06-23 00:00:00-04:00,102.01055184798258,102.61505824539378,100.74486883036685,101.76496887207031,3287400
2023-06-26 00:00:00-04:00,101.59494870121397,104.98585867864125,101.10378996677503,104.91029357910156,1567600
2023-06-27 00:00:00-04:00,104.89140552581866,107.00717786124227,104.22077427769895,106.79937744140625,1348700
2023-06-28 00:00:00-04:00,106.912730418243,106.99773575443875,105.4864697252516,106.534912109375,1394400
2023-06-29 00:00:00-04:00,106.0909752218314,108.39566040039062,105.78872201860106,108.39566040039062,1304700
2023-06-30 00:00:00-04:00,109.79357620715085,110.37919492752691,107.64002128348058,109.07572937011719,3148100
2023-07-03 00:00:00-04:00,108.7073481535307,111.20094595767266,108.61289538363758,110.54920959472656,1032700
2023-07-05 00:00:00-04:00,109.89747089662109,112.4193965512309,109.1512817796373,111.6543197631836,1748000
2023-07-06 00:00:00-04:00,111.11594151056262,112.60831988489899,110.20918188225679,112.4949722290039,1855200
2023-07-07 00:00:00-04:00,111.5409757787339,112.92945385171141,111.33318256507829,111.97547149658203,1440200
2023-07-10 00:00:00-04:00,112.09826308737317,114.30848826797518,111.66377456143307,114.24237060546875,1456600
2023-07-11 00:00:00-04:00,114.79020767073236,116.44315645244502,114.17625382483925,116.1881332397461,1649600
2023-07-12 00:00:00-04:00,117.49159642011796,117.72773195552399,115.61195957604572,115.64974212646484,1955300
2023-07-13 00:00:00-04:00,115.63085163432584,115.70641673803048,114.30849114463422,115.08301544189453,1601800
2023-07-14 00:00:00-04:00,114.77131738188086,114.92244037692426,113.60952737959666,114.55406951904297,905600
2023-07-17 00:00:00-04:00,113.6378590188796,115.21524982033837,113.1750354024509,114.90354919433594,1188200
2023-07-18 00:00:00-04:00,114.41238324278838,115.28136746116517,113.99678961447016,114.78075408935547,1325200
2023-07-19 00:00:00-04:00,115.23414815750839,117.27436276423194,115.19636560483369,116.56595611572266,1377900
2023-07-20 00:00:00-04:00,116.4998192406363,117.09488537609577,115.15857118715843,116.8870849609375,1186100
2023-07-21 00:00:00-04:00,117.28379944335138,117.9544235188624,116.60372792838672,116.79264068603516,1131200
2023-07-24 00:00:00-04:00,116.82097907312641,117.92609171278279,116.61317863702997,117.510498046875,1021300
2023-07-25 00:00:00-04:00,117.99220426278295,118.3700225660069,116.79263889680304,116.8304214477539,1213600
2023-07-26 00:00:00-04:00,116.61318173504017,117.79385951124091,116.22592317171467,117.28380584716797,989200
2023-07-27 00:00:00-04:00,118.03943729546958,118.59671372221783,116.15980037649652,116.1786880493164,1412400
2023-07-28 00:00:00-04:00,117.36880633023068,117.88830017459017,116.69818228703492,117.57660675048828,1069200
2023-07-31 00:00:00-04:00,117.57660859102762,118.577820951995,117.10433752169817,117.68994903564453,1301400
2023-08-01 00:00:00-04:00,117.53882578333139,118.7100560149439,117.1326723763461,118.48336791992188,1406600
2023-08-02 00:00:00-04:00,117.32157625338377,117.68994710491478,116.61316966101116,117.17989349365234,1107100
2023-08-03 00:00:00-04:00,112.05103384191247,113.04280599238545,107.81948900080661,111.80545806884766,2965500
2023-08-04 00:00:00-04:00,112.20216764051818,114.1762573590529,111.11594268051272,111.72989654541016,1537400
2023-08-07 00:00:00-04:00,111.95657334331804,113.29782138842198,111.79600291671073,113.02391052246094,1048700
2023-08-08 00:00:00-04:00,111.99436689578653,112.96724419601158,111.3237428073429,112.40052032470703,889800
2023-08-09 00:00:00-04:00,112.23994399785569,112.92001549028065,111.55987250543072,112.21160888671875,1002900
2023-08-10 00:00:00-04:00,112.92001867796064,113.75121318867505,111.74878120514988,112.25883483886719,1185300
2023-08-11 00:00:00-04:00,111.30484833901906,112.40052073970017,111.16317277538359,112.2777328491211,884800
2023-08-14 00:00:00-04:00,111.6826537757055,112.91056136501471,111.6354309953685,112.41939544677734,792300
2023-08-15 00:00:00-04:00,111.22929070020348,111.93769734517488,110.53977172833255,111.33319091796875,842300
2023-08-16 00:00:00-04:00,111.38041465421533,111.38041465421533,109.16074192228926,109.19852447509766,1172900
2023-08-17 00:00:00-04:00,109.45354241939854,110.15250880321274,107.76281109576922,107.81948852539062,1193700
2023-08-18 00:00:00-04:00,107.20553457142042,109.51021973517837,106.9977341443557,109.18907165527344,1170300
2023-08-21 00:00:00-04:00,109.1229569984934,109.56689297648992,106.35544812040479,106.46879577636719,1417800
2023-08-22 00:00:00-04:00,107.24331649933197,107.24331649933197,104.6741607001572,104.77806091308594,1753600
2023-08-23 00:00:00-04:00,105.00474873038071,106.13820363031296,104.42857744432919,105.44868469238281,1991700
2023-08-24 00:00:00-04:00,105.42980039669918,106.28933003054746,104.23022779632481,104.52304077148438,1751500
2023-08-25 00:00:00-04:00,104.75917498244891,105.21255118614361,103.81463281741932,104.58915710449219,1080900
2023-08-28 00:00:00-04:00,104.95751881261864,106.49711981299204,104.95751881261864,105.47701263427734,900400
2023-08-29 00:00:00-04:00,105.48646238078472,107.29053405075126,104.84417346231376,107.2338638305664,1085900
2023-08-30 00:00:00-04:00,107.25276362972001,107.980057911842,106.39322681729114,107.21498107910156,774600
2023-08-31 00:00:00-04:00,107.12998065814581,107.54558155568043,106.53492163272756,107.19609832763672,1573400
2023-09-01 00:00:00-04:00,108.01784480221123,108.82070421782598,107.98950968968018,108.53734588623047,1306000
2023-09-05 00:00:00-04:00,108.43343850752409,109.1607327708291,108.04617277841821,108.565673828125,2187400
2023-09-06 00:00:00-04:00,108.02728399085223,109.52910249057119,107.91393634310037,109.33074951171875,1921600
2023-09-07 00:00:00-04:00,109.15789969744635,110.30066532805431,108.65854417425467,109.90693664550781,1581900
2023-09-08 00:00:00-04:00,109.90693296895624,110.19502747467247,109.38837458114322,110.0701904296875,1022500
2023-09-11 00:00:00-04:00,110.1854248046875,110.7712116064487,109.58043512117658,110.1854248046875,1349900
2023-09-12 00:00:00-04:00,109.71487840900569,111.47223883248422,109.63805222811587,110.89605712890625,1314000
2023-09-13 00:00:00-04:00,110.93446235606223,110.93446235606223,109.73408076002103,110.2142333984375,1451900
2023-09-14 00:00:00-04:00,111.116918832972,112.97991334963547,110.9248607149139,112.72062683105469,1627000
2023-09-15 00:00:00-04:00,112.60540448445067,112.69182844697559,111.61629117174182,111.78914642333984,2879600
2023-09-18 00:00:00-04:00,111.71231870432192,111.73152158688092,109.70527679241911,109.71488189697266,1334700
2023-09-19 00:00:00-04:00,109.48441097602205,110.29106392359485,109.03306630588332,109.7244873046875,1130500
2023-09-20 00:00:00-04:00,110.74239752714179,111.38580026529779,109.2155157461554,109.24432373046875,1560600
2023-09-21 00:00:00-04:00,108.57211257370466,109.1386964985081,107.16046264035887,107.20848083496094,2385700
2023-09-22 00:00:00-04:00,107.42935518560627,108.3992582511866,106.93959743738637,107.24689483642578,1585600
2023-09-25 00:00:00-04:00,106.80515735302698,108.18799933877683,106.51706283047976,107.67903137207031,1576500
2023-09-26 00:00:00-04:00,106.62269304896313,107.0452297126274,104.70208250728591,104.81732177734375,2228000
2023-09-27 00:00:00-04:00,105.23025528359031,105.99849511854471,103.78979735068441,103.89543151855469,2376000
2023-09-28 00:00:00-04:00,104.34678250321922,104.74050388561409,103.44409313270415,104.5100326538086,1984000
2023-09-29 00:00:00-04:00,105.77762529060311,106.28658590344314,102.84869133259281,103.74177551269531,2228400
2023-10-02 00:00:00-04:00,103.23281674438859,103.90502750419805,100.14063259616948,100.47673797607422,2077700
2023-10-03 00:00:00-04:00,99.87175148294185,100.3038859385469,98.05677504692376,99.26676177978516,2202500
2023-10-04 00:00:00-04:00,99.746907315419,100.45753113730444,98.70017080032048,100.29428100585938,1295900
2023-10-05 00:00:00-04:00,100.02540643729637,100.71682011885223,99.48763047179975,100.39031982421875,1083500
2023-10-06 00:00:00-04:00,99.6508779081495,101.16816204281756,98.73859080238786,100.2654800415039,1123800
2023-10-09 00:00:00-04:00,99.5740511224028,101.6387014948663,99.25714863978888,101.25458526611328,882100
2023-10-10 00:00:00-04:00,101.25459311319403,102.771869918069,100.8512593192697,101.93640899658203,1019100
2023-10-11 00:00:00-04:00,102.85830305044712,104.29876102539329,102.84869794584733,104.02987670898438,1479000
2023-10-12 00:00:00-04:00,103.76098608205868,103.7993918450258,102.56060450927478,103.0887680053711,1604400
2023-10-13 00:00:00-04:00,103.60733436575603,103.73217141254165,102.16687646949299,102.7814712524414,1499600
2023-10-16 00:00:00-04:00,103.71297419612466,104.60605843365322,102.86790815504689,104.02987670898438,1235800
2023-10-17 00:00:00-04:00,103.41527597308998,106.47864477574565,103.41527597308998,105.77762603759766,1470500
2023-10-18 00:00:00-04:00,105.16303447316132,105.32628461426653,104.0586819231564,104.24114227294922,1294700
2023-10-19 00:00:00-04:00,103.70336718733495,104.67327759075613,102.20529326539379,102.27251434326172,1571600
2023-10-20 00:00:00-04:00,102.67584085343863,103.13679062083159,101.86918791868597,101.93640899658203,1506700
2023-10-23 00:00:00-04:00,101.0721273835513,102.44536418168188,100.66880093763682,101.0337142944336,1560600
2023-10-24 00:00:00-04:00,101.93641268729428,103.0407652868977,101.56189419309244,101.76355743408203,1521500
2023-10-25 00:00:00-04:00,101.53307990810528,101.77315622675756,100.60158261948678,100.81285095214844,1465200
2023-10-26 00:00:00-04:00,100.90888621846742,102.93513105859587,100.90888621846742,102.09966278076172,1388500
2023-10-27 00:00:00-04:00,102.43576753440313,102.43576753440313,99.91977226513889,100.39031982421875,1744800
2023-10-30 00:00:00-04:00,101.37943516000153,102.45497978588358,100.10222729049444,101.14896392822266,1458400
2023-10-31 00:00:00-04:00,102.1860882057304,105.72960970147473,100.76483316981647,105.52794647216797,2384200
2023-11-01 00:00:00-04:00,106.58428416338504,108.36084751920718,105.59517086765125,108.02474212646484,2080800
2023-11-02 00:00:00-04:00,109.71487837359007,111.72191289449088,109.54202312991768,111.24176025390625,2049500
2023-11-03 00:00:00-04:00,113.34483033585113,115.063777655768,113.01833005938258,113.21038818359375,1956400
2023-11-06 00:00:00-05:00,113.16237529037879,113.21999859157975,111.57787737504101,112.43254852294922,1225500
2023-11-07 00:00:00-05:00,112.2404808557998,112.2404808557998,109.90693868312754,110.66558074951172,1661200
2023-11-08 00:00:00-05:00,111.05930635570905,111.3569986460259,110.32947229634914,110.8576431274414,911300
2023-11-09 00:00:00-05:00,111.29938470396105,111.29938470396105,108.91782435834851,109.27313995361328,1204700
2023-11-10 00:00:00-05:00,110.24304591917715,110.95366975460385,108.89861710034862,110.75200653076172,906900
2023-11-13 00:00:00-05:00,110.02217701092243,111.11692445767407,108.95623755068301,110.95367431640625,1321700
2023-11-14 00:00:00-05:00,113.91141667403878,117.66620656582414,113.89220646528142,115.99527740478516,2105700
2023-11-15 00:00:00-05:00,115.71678252852209,116.55225073288267,114.9581405024689,115.75519561767578,1623400
2023-11-16 00:00:00-05:00,115.81280884710795,116.00487428833064,114.96774288537044,115.63995361328125,1271600
2023-11-17 00:00:00-05:00,116.52343746809103,116.94597412965675,115.85122671246171,116.84994506835938,1121300
2023-11-20 00:00:00-05:00,116.78271694332192,118.011906437444,115.6495565047005,117.8774642944336,1283500
2023-11-21 00:00:00-05:00,117.31088868943587,117.31088868943587,116.28335507495187,116.91716003417969,1213700
2023-11-22 00:00:00-05:00,117.83906084765685,117.83906084765685,115.7167870433097,116.29296875,1190200
2023-11-24 00:00:00-05:00,116.3889996794369,116.67709420067506,115.19822315631201,116.04328918457031,767600
2023-11-27 00:00:00-05:00,116.0432854387258,117.3397034159015,115.15980634771768,116.87875366210938,1027500
2023-11-28 00:00:00-05:00,116.67709130860739,117.5317624201351,115.71678603034725,117.2532730102539,1149700
2023-11-29 00:00:00-05:00,118.28079868355667,119.56761155881726,117.71422208938999,117.88707733154297,1151700
2023-11-30 00:00:00-05:00,117.6565994873717,120.12458375982892,117.6373966054845,119.93252563476562,2300500
2023-12-01 00:00:00-05:00,120.07656775844725,123.79295166458036,119.6924441981945,123.70652770996094,1833600
2023-12-04 00:00:00-05:00,123.03430847428852,125.73276398171963,122.5349529495704,125.65595245361328,1920900
2023-12-05 00:00:00-05:00,124.74365647918759,125.81920841266407,124.27311624556957,125.58872985839844,1668700
2023-12-06 00:00:00-05:00,126.18411219798435,127.70139635006649,126.0016664972149,126.50101470947266,1769800
2023-12-07 00:00:00-05:00,126.66665001578735,128.06972913322954,125.77024166131842,127.98204040527344,1983700
2023-12-08 00:00:00-05:00,127.4558939016231,129.50205367624244,127.00769710330246,129.4728240966797,1394100
2023-12-11 00:00:00-05:00,129.10255948697503,131.35332625847022,128.8492315150122,131.3240966796875,1452900
2023-12-12 00:00:00-05:00,130.96358392736053,131.65537042376283,130.7394706746898,131.04153442382812,1330500
2023-12-13 00:00:00-05:00,131.0415279441641,136.0302405311155,129.69690796477576,135.689208984375,2192300
2023-12-14 00:00:00-05:00,137.1020510632772,142.8312714400747,136.91692048847167,142.821533203125,2874700
2023-12-15 00:00:00-05:00,141.82766270627465,142.655873622527,139.7522737316311,140.64869689941406,3723300
2023-12-18 00:00:00-05:00,141.53537174441553,141.53537174441553,139.58665389921757,139.9374237060547,1425900
2023-12-19 00:00:00-05:00,140.21999387116247,142.11025252950236,139.82050315109333,141.4379425048828,1318900
2023-12-20 00:00:00-05:00,141.43793573388626,143.14306373946587,140.3369054641004,140.41485595703125,1215800
2023-12-21 00:00:00-05:00,141.3502627484918,141.46718106714246,137.43333553077633,138.57333374023438,2114000
2023-12-22 00:00:00-05:00,138.74868733556949,139.67434009068248,138.3394584231942,138.65126037597656,1191500
2023-12-26 00:00:00-05:00,138.65126603498146,140.2004930238195,138.3589554092013,139.9763946533203,786300
2023-12-27 00:00:00-05:00,140.17127559415187,140.68768463517924,139.41127682178944,139.98614501953125,1185300
2023-12-28 00:00:00-05:00,139.33331200543512,140.64870236648676,139.16767278925323,140.5804901123047,997500
2023-12-29 00:00:00-05:00,140.005623697893,140.41485262541798,138.72921599995016,138.9825439453125,1227800
2024-01-02 00:00:00-05:00,138.33946903494066,140.33690770400787,137.38460149948568,139.362548828125,1162900
2024-01-03 00:00:00-05:00,137.94974023348735,138.35896920336464,135.7866622016092,136.49794006347656,1248500
2024-01-04 00:00:00-05:00,136.44921407094384,137.78409587637984,135.89383722801838,136.66357421875,1162300
2024-01-05 00:00:00-05:00,135.97179318700907,138.3102486983416,135.2020412978153,137.0435791015625,1187200
2024-01-08 00:00:00-05:00,137.30664047278964,138.84612916269782,136.6635600958276,138.65126037597656,1232800
2024-01-09 00:00:00-05:00,137.3943431429865,138.7292249459728,136.65383573126581,138.50511169433594,897800
2024-01-10 00:00:00-05:00,138.8753795716128,141.57435801858995,138.7292316765304,140.97024536132812,1675700
2024-01-11 00:00:00-05:00,140.09331149380193,141.52562016438654,139.07023174802208,140.6779327392578,1554900
2024-01-12 00:00:00-05:00,141.76921174437666,142.87024199526067,140.73639374896223,142.86048889160156,1641900
2024-01-16 00:00:00-05:00,141.89588849031438,142.763067299047,140.92152961005138,141.79844665527344,1934700
2024-01-17 00:00:00-05:00,139.9471672422476,142.10049198814662,137.277418624545,138.4758758544922,1591800
2024-01-18 00:00:00-05:00,138.80717974107338,139.3040974431729,136.32256149550105,138.19332885742188,1214600
2024-01-19 00:00:00-05:00,138.78767461716092,138.8851015799856,136.59536724187097,137.9886932373047,1550500
2024-01-22 00:00:00-05:00,139.16767677856845,140.2589539364774,138.2225475016165,138.37844848632812,1611800
2024-01-23 00:00:00-05:00,139.05076833298259,139.82050533982692,137.47229676904666,138.94358825683594,1138600
2024-01-24 00:00:00-05:00,140.39536949239957,140.42459906982165,137.23845619052014,137.86204528808594,1364600
2024-01-25 00:00:00-05:00,139.8302357265088,140.21998819404152,138.13486081223488,139.1676788330078,1139000
2024-01-26 00:00:00-05:00,139.52818755196319,139.60613804585836,138.09587882015495,138.3199920654297,1010300
2024-01-29 00:00:00-05:00,138.2225576482877,138.2225576482877,136.61487136959826,138.09588623046875,1305400
2024-01-30 00:00:00-05:00,137.66716262316973,137.89127587509566,135.65024742859487,135.66973876953125,2234500
2024-01-31 00:00:00-05:00,136.11792523940034,136.985104001245,134.06202751850537,135.05587768554688,2292600
2024-02-01 00:00:00-05:00,134.77331290614396,135.8450986382162,133.2338242574058,135.8256072998047,2139500
2024-02-02 00:00:00-05:00,133.85742234090432,135.42614066969443,132.0061316223899,134.40306091308594,2028100
2024-02-05 00:00:00-05:00,132.86357980772092,134.48101914517014,131.6845990004741,133.2825469970703,2333000
2024-02-06 00:00:00-05:00,133.9646064811379,141.04818476630402,133.73075499986325,139.71331787109375,3199700
2024-02-07 00:00:00-05:00,140.30767777488904,140.97998777636622,138.7974185475548,139.7620391845703,1803100
2024-02-08 00:00:00-05:00,139.3917792864627,140.96049768125562,138.15433934335607,140.40512084960938,1226900
2024-02-09 00:00:00-05:00,141.5451273392395,143.59127219217532,140.3661464804351,143.1625518798828,2222400
2024-02-12 00:00:00-05:00,143.2210120470152,143.70819146974702,141.38921265993199,141.96408081054688,1554500
2024-02-13 00:00:00-05:00,138.83640783986166,139.86922591608274,136.70255942661308,139.83999633789062,1567200
2024-02-14 00:00:00-05:00,140.3564041561864,140.716912195781,138.20306442034496,139.19691467285156,1454000
2024-02-15 00:00:00-05:00,140.46357425681717,144.75074721539292,140.46357425681717,144.20510864257812,1474900
2024-02-16 00:00:00-05:00,142.48049873810115,146.79691642512194,142.129728937051,146.1148681640625,1791600
2024-02-20 00:00:00-05:00,145.27691491998232,146.39742168469746,144.14665505124609,145.08203125,1221900
2024-02-21 00:00:00-05:00,145.32562071119074,147.05024008821445,144.3804914100985,146.42665100097656,1038300
2024-02-22 00:00:00-05:00,147.09895956425873,149.18408694811058,146.16356850879916,147.62510681152344,1658300
2024-02-23 00:00:00-05:00,147.54716762202423,147.85896962024444,146.48511994221963,146.494873046875,854900
2024-02-26 00:00:00-05:00,146.53382627758455,147.7322834954372,145.66664749921375,145.6958770751953,1108900
2024-02-27 00:00:00-05:00,146.4266564436255,147.97588354906918,145.36460879530526,145.8615264892578,1250900
2024-02-28 00:00:00-05:00,145.16973805062742,147.24511240038018,144.5169193708895,146.01742553710938,1613300
2024-02-29 00:00:00-05:00,147.2938283996016,147.4886971998374,143.39639292474004,144.34152221679688,3365300
2024-03-01 00:00:00-05:00,144.14665288600537,146.83587800144858,142.57793451844606,146.58255004882812,1240500
2024-03-04 00:00:00-05:00,146.58255644033085,148.81383179705173,146.05639430439828,148.50204467773438,1440800
2024-03-05 00:00:00-05:00,147.8881928434188,149.5640913429842,145.656917501256,146.01742553710938,1696200
2024-03-06 00:00:00-05:00,146.7287008422542,148.82358136435997,146.1733240092325,148.4143524169922,1863300
2024-03-07 00:00:00-05:00,149.02628290805603,149.3618573738804,145.98633849098752,147.7530517578125,1878700
2024-03-08 00:00:00-05:00,148.55251407856696,149.92443562156168,148.1478578412463,148.99667358398438,1044600
2024-03-11 00:00:00-04:00,148.65122390093384,149.69743553215622,146.14426480689178,147.8517608642578,1237500
2024-03-12 00:00:00-04:00,147.85175891765456,149.4506849699553,147.5951307440881,148.641357421875,2038100
2024-03-13 00:00:00-04:00,148.60187800411072,151.2174222627938,147.9603376529215,149.51979064941406,1161800
2024-03-14 00:00:00-04:00,148.6610879596658,148.9374451798693,145.92712438405687,147.41748046875,1549900
2024-03-15 00:00:00-04:00,146.361386223448,149.3026402437277,146.361386223448,148.80914306640625,2984200
2024-03-18 00:00:00-04:00,149.0361589625429,150.2699020003123,148.6709758426719,149.9738006591797,1152900
2024-03-19 00:00:00-04:00,150.51664341706555,152.20441043865202,150.26989482129989,152.09584045410156,1536300
2024-03-20 00:00:00-04:00,151.20753687238562,153.78359282139465,151.0101410073197,153.37892150878906,1995300
2024-03-21 00:00:00-04:00,154.1685270791146,155.76746829804398,152.81634952822537,153.78359985351562,1451700
2024-03-22 00:00:00-04:00,153.78358869599708,154.0402168680037,149.7566499032545,149.8849639892578,1366500
2024-03-25 00:00:00-04:00,150.65482034671425,151.45428337841741,148.99667703063935,149.09536743164062,1084400
2024-03-26 00:00:00-04:00,149.371733680756,150.49690673049366,148.70058469615523,148.71044921875,1475700
2024-03-27 00:00:00-04:00,150.22054259666274,152.35245408574897,149.74678950808996,152.32284545898438,1330000
2024-03-28 00:00:00-04:00,152.7768551772289,154.81994079584106,152.68802929650818,154.4547576904297,1904800
2024-04-01 00:00:00-04:00,154.05007802065887,154.21786525081114,151.0199981752485,151.48388671875,928800
2024-04-02 00:00:00-04:00,150.27976715478286,150.40808125055915,147.45696247008368,148.08863830566406,1595700
2024-04-03 00:00:00-04:00,148.12812390526872,148.9275869733556,147.45695987035626,147.8024139404297,1253000
2024-04-04 00:00:00-04:00,149.03615379085775,149.7763995878322,145.50271204605895,146.02581787109375,1172800
2024-04-05 00:00:00-04:00,146.0949167382487,148.6117554950096,145.7494626707237,148.19720458984375,917700
2024-04-08 00:00:00-04:00,148.34526272556678,148.7005813153181,147.31878010613437,148.40447998046875,1000000
2024-04-09 00:00:00-04:00,148.5525247189321,149.1151187672438,145.93699553030643,148.2366943359375,1008000
2024-04-10 00:00:00-04:00,144.3775451798463,145.08818238000413,142.67991354172926,143.65704345703125,1474600
2024-04-11 00:00:00-04:00,144.57493426013738,146.27256581846328,142.76873271632536,144.9499969482422,1333600
2024-04-12 00:00:00-04:00,144.23935530829414,144.84142247089332,141.94953622224287,142.92665100097656,1128000
2024-04-15 00:00:00-04:00,144.33806616989898,144.33806616989898,139.5215286888624,140.5381317138672,1237700
2024-04-16 00:00:00-04:00,140.09399098192534,140.22230507638128,137.72519532761916,138.52467346191406,1301600
2024-04-17 00:00:00-04:00,139.12673873401178,140.34073764206124,138.30753156603615,139.10699462890625,1019700
2024-04-18 00:00:00-04:00,139.8176343224233,140.21242606959316,138.17921995702275,138.54440307617188,1046100
2024-04-19 00:00:00-04:00,139.50178380203747,139.65970651929686,138.01142769129217,138.61349487304688,1116100
2024-04-22 00:00:00-04:00,139.16621086379467,141.61395276705716,138.31739507455228,140.55787658691406,984400
2024-04-23 00:00:00-04:00,140.65656237058016,142.59107796402924,140.65656237058016,141.91004943847656,877400
2024-04-24 00:00:00-04:00,141.23890404486312,141.86070027310606,139.7781414958236,140.95266723632812,1110000
2024-04-25 00:00:00-04:00,139.40309102200249,141.8508328564294,138.76153564170264,140.8737030029297,1741000
2024-04-26 00:00:00-04:00,141.18954290641588,142.58120853593402,140.4591616753839,140.50851440429688,1026200
2024-04-29 00:00:00-04:00,141.96926602969484,142.95626039596414,140.8440930545614,142.94639587402344,1111000
2024-04-30 00:00:00-04:00,141.46590350580567,142.63054962229975,138.406214963945,138.7023162841797,1835400
2024-05-01 00:00:00-04:00,138.51479528254893,140.96255232283443,137.4389749637416,138.35687255859375,1355900
2024-05-02 00:00:00-04:00,139.7090614985873,140.14334144786767,137.49818860240515,139.5215301513672,1829400
2024-05-03 00:00:00-04:00,141.14020279575448,142.59108580554502,140.0446383814298,141.07110595703125,1257400
2024-05-06 00:00:00-04:00,142.40355493809244,143.55833661218807,141.63370048869535,142.5614776611328,1598800
2024-05-07 00:00:00-04:00,144.85129213023998,149.50990688402638,142.85757429383307,146.02581787109375,2682400
2024-05-08 00:00:00-04:00,144.999355529734,147.10164342755994,144.8216887007074,145.9567413330078,1490800
2024-05-09 00:00:00-04:00,146.60813733873456,148.32551296713217,145.98634112562385,147.1904754638672,1364800
2024-05-10 00:00:00-04:00,147.76293712902535,148.0491588763036,145.68037835841844,145.79881286621094,1305300
2024-05-13 00:00:00-04:00,146.22320935579344,146.7858033735955,144.10117749220137,145.05856323242188,1381700
2024-05-14 00:00:00-04:00,145.6310292978179,147.7728053763113,145.41388932116516,147.5951385498047,1087800
2024-05-15 00:00:00-04:00,150.01328943303,150.2600380415097,147.99981235404547,148.29591369628906,1005600
2024-05-16 00:00:00-04:00,148.2959105194085,149.5099094302264,146.4403562040833,146.72659301757812,1802200
2024-05-17 00:00:00-04:00,147.7037046953,147.7037046953,146.17387543642053,146.85488891601562,1258400
2024-05-20 00:00:00-04:00,146.82528570976953,147.03256116623038,144.20975649930975,144.46636962890625,851700
2024-05-21 00:00:00-04:00,144.29857843719637,146.21334998509673,144.0715739418251,146.04556274414062,1101900
2024-05-22 00:00:00-04:00,145.57180726037535,146.2824444223781,143.7359971019248,144.28871154785156,734400
2024-05-23 00:00:00-04:00,144.3775363013514,144.5749321647364,142.67990476763018,142.7786102294922,1091000
2024-05-24 00:00:00-04:00,144.77233596707,146.33178897590426,144.11105150528064,145.9567413330078,1410900
2024-05-28 00:00:00-04:00,146.96345487633005,147.47669616285717,144.93024889474881,145.2658233642578,1187200
2024-05-29 00:00:00-04:00,144.16039183553164,145.45335201975118,143.68663876612158,145.18687438964844,1131000
2024-05-30 00:00:00-04:00,146.17387072255136,146.93384553621604,145.59153260436398,146.5094451904297,1088100
2024-05-31 00:00:00-04:00,147.48656305485014,149.51978412944348,146.85488725371928,149.3421173095703,2376200
2024-06-03 00:00:00-04:00,149.38160833380903,150.26003274662907,148.0096867214195,149.62835693359375,1770900
2024-06-04 00:00:00-04:00,149.15458163018252,151.02000035273943,149.15458163018252,150.48703002929688,1208100
2024-06-05 00:00:00-04:00,150.89170570248862,151.5135019211415,149.87510269545237,151.45428466796875,1480600
2024-06-06 00:00:00-04:00,150.82261299920245,152.5893414224033,150.81274847684975,151.77999877929688,1686200
2024-06-07 00:00:00-04:00,150.05999755859375,152.58999633789062,149.44000244140625,151.7899932861328,1776400
2024-06-10 00:00:00-04:00,151.1999969482422,152.75,150.52000427246094,152.0399932861328,1962400
2024-06-11 00:00:00-04:00,151.24000549316406,151.38999938964844,150.63999938964844,150.77999877929688,2294100
2024-06-12 00:00:00-04:00,154.14999389648438,154.8800048828125,152.8300018310547,153.16000366210938,1818000
2024-06-13 00:00:00-04:00,153.2100067138672,154.5,151.66000366210938,151.8699951171875,1073400
2024-06-14 00:00:00-04:00,150.75,151.83999633789062,148.2899932861328,148.8300018310547,1299200
2024-06-17 00:00:00-04:00,148.11000061035156,148.22999572753906,147.05999755859375,147.6699981689453,1211000
2024-06-18 00:00:00-04:00,147.8000030517578,148.55999755859375,146.63999938964844,146.9199981689453,1143100
2024-06-20 00:00:00-04:00,146.4600067138672,147.52000427246094,145.5,146.24000549316406,1555000
2024-06-21 00:00:00-04:00,146.4499969482422,146.57000732421875,144.89999389648438,146.16000366210938,2540600
2024-06-24 00:00:00-04:00,146.25,150.6699981689453,146.08999633789062,150.4499969482422,2240800
2024-06-25 00:00:00-04:00,150.32000732421875,150.55999755859375,147.00999450683594,147.8699951171875,1885600
2024-06-26 00:00:00-04:00,147.00999450683594,148.72999572753906,146.27999877929688,147.58999633789062,1674600
2024-06-27 00:00:00-04:00,147.8800048828125,149.97999572753906,147.25999450683594,149.80999755859375,1641300
2024-06-28 00:00:00-04:00,150.77000427246094,152.38999938964844,149.6999969482422,151.8000030517578,3709800
2024-07-01 00:00:00-04:00,150.5800018310547,151.39999389648438,145.8800048828125,146.52000427246094,1452500
2024-07-02 00:00:00-04:00,146.4600067138672,148.41000366210938,146.08999633789062,147.77999877929688,1142300
2024-07-03 00:00:00-04:00,148.52999877929688,149.25,147.39999389648438,148.25999450683594,619500
2024-07-05 00:00:00-04:00,148.0,148.10000610351562,145.44000244140625,146.08999633789062,962800
2024-07-08 00:00:00-04:00,146.77000427246094,147.92999267578125,146.3300018310547,146.8699951171875,784300
2024-07-09 00:00:00-04:00,146.63999938964844,149.17999267578125,146.24000549316406,147.57000732421875,1334100
2024-07-10 00:00:00-04:00,148.08999633789062,148.52999877929688,146.5,148.44000244140625,719800
2024-07-11 00:00:00-04:00,150.6199951171875,151.3000030517578,148.33999633789062,148.8000030517578,1384500
2024-07-12 00:00:00-04:00,149.89999389648438,150.77000427246094,148.2899932861328,149.47999572753906,1140700
2024-07-15 00:00:00-04:00,149.89999389648438,150.1999969482422,148.2100067138672,150.05999755859375,1187400
2024-07-16 00:00:00-04:00,150.8300018310547,151.5500030517578,149.72999572753906,151.50999450683594,1584600
2024-07-17 00:00:00-04:00,150.97000122070312,155.5800018310547,150.97000122070312,154.89999389648438,1794100
2024-07-18 00:00:00-04:00,154.4600067138672,158.19000244140625,152.75999450683594,153.11000061035156,1226600
2024-07-19 00:00:00-04:00,153.94000244140625,154.25,152.6699981689453,153.4499969482422,993100
2024-07-22 00:00:00-04:00,153.7100067138672,157.9499969482422,153.47999572753906,157.74000549316406,1708700
2024-07-23 00:00:00-04:00,157.0,158.5,155.89999389648438,156.82000732421875,1764900
2024-07-24 00:00:00-04:00,156.9600067138672,157.0,149.6699981689453,149.88999938964844,1905900
2024-07-25 00:00:00-04:00,150.57000732421875,152.3800048828125,148.4600067138672,149.30999755859375,1118100
2024-07-26 00:00:00-04:00,150.2899932861328,153.25,149.7899932861328,152.4499969482422,1032400
2024-07-29 00:00:00-04:00,152.6999969482422,153.77999877929688,150.9499969482422,152.8300018310547,784900
2024-07-30 00:00:00-04:00,153.33999633789062,155.72999572753906,152.80999755859375,154.80999755859375,964500
