Date,Open,High,Low,Close,Volume
2014-01-02 00:00:00-05:00,12.79974276092762,13.183164218953502,12.791585453478614,13.134217262268066,148709900
2014-01-03 00:00:00-05:00,13.272902525290913,13.460533835621185,13.240270181235662,13.387112617492676,129921800
2014-01-06 00:00:00-05:00,13.56658352354552,13.648162813747534,13.50947848720277,13.591057777404785,114431300
2014-01-07 00:00:00-05:00,13.680794846566808,13.697111015441779,13.419742368549288,13.460531234741211,110605100
2014-01-08 00:00:00-05:00,13.599214272562389,13.615530439894883,13.476846129559398,13.525793075561523,101036400
2014-01-09 00:00:00-05:00,13.599212974933446,13.811318462030815,13.55026603360181,13.72973918914795,100947200
2014-01-10 00:00:00-05:00,13.664477594625302,13.697109929788759,13.550267533543972,13.680793762207031,87454100
2014-01-13 00:00:00-05:00,13.697110985474033,13.705267513898168,13.37895191709021,13.403426170349121,90025400
2014-01-14 00:00:00-05:00,13.493162503003306,13.68079376220703,13.485004419212443,13.680793762207031,97786600
2014-01-15 00:00:00-05:00,14.056054426523657,14.211054886113674,13.958160545936932,13.990791320800781,329333100
2014-01-16 00:00:00-05:00,13.941847201797277,13.982636067629969,13.860267914136402,13.93368911743164,163613100
2014-01-17 00:00:00-05:00,14.031586472316071,14.047901087259241,13.86026978944931,13.876585960388184,96232200
2014-01-21 00:00:00-05:00,13.933691002678536,13.998954130438326,13.762375875807477,13.876585960388184,118269200
2014-01-22 00:00:00-05:00,13.933686297792663,13.990791320800781,13.86842319206979,13.990791320800781,68114400
2014-01-23 00:00:00-05:00,13.925529370037127,13.941845536819875,13.65631884210302,13.7542142868042,123765900
2014-01-24 00:00:00-05:00,13.59921964246547,13.640008520907589,13.419746398925781,13.419746398925781,112899300
2014-01-27 00:00:00-05:00,13.35447618245763,13.493160474057811,13.101580290954553,13.305527687072754,134872600
2014-01-28 00:00:00-05:00,13.419743633669746,13.672638051090912,13.354480508012811,13.648163795471191,92891300
2014-01-29 00:00:00-05:00,13.5013225377993,13.746060447110324,13.45237557833541,13.607376098632812,130026900
2014-01-30 00:00:00-05:00,13.713429587723049,13.860272038003778,13.680798796547306,13.811325073242188,91028200
2014-01-31 00:00:00-05:00,13.640001193463778,13.85210667061033,13.55026539789822,13.664475440979004,139432100
2014-02-03 00:00:00-05:00,13.680794171674552,13.770529984069094,13.297372002004995,13.338162422180176,159981200
2014-02-04 00:00:00-05:00,13.452372486679826,13.50947751892965,13.264741221860278,13.338162422180176,125337000
2014-02-05 00:00:00-05:00,13.305530821986268,13.41974244879854,13.17500458219697,13.378952026367188,110576200
2014-02-06 00:00:00-05:00,13.419743500039843,13.648163659566748,13.411585414914505,13.615532875061035,110029100
2014-02-07 00:00:00-05:00,13.72158145904541,13.770528401635485,13.566580992182383,13.72158145904541,122571100
2014-02-10 00:00:00-05:00,13.63184797994969,13.648164150787613,13.542112152332505,13.640006065368652,95792500
2014-02-11 00:00:00-05:00,13.648165381380135,13.803165906324695,13.574744161985123,13.770533561706543,92617500
2014-02-12 00:00:00-05:00,13.762370875044775,13.79500164906994,13.582896171923386,13.664475440979004,96948900
2014-02-13 00:00:00-05:00,13.582896171923386,13.721580462519396,13.566580006913235,13.664475440979004,95756900
2014-02-14 00:00:00-05:00,13.656321388818954,13.672637558644443,13.582900180599852,13.623690605163574,100684300
2014-02-18 00:00:00-05:00,13.623690889349481,13.656321673685529,13.436058044433594,13.436058044433594,121778600
2014-02-19 00:00:00-05:00,13.362634446885503,13.41974103226144,13.199477442368874,13.21579360961914,137734500
2014-02-20 00:00:00-05:00,13.232110646697167,13.346322282391942,13.199479862209829,13.29737377166748,107425900
2014-02-21 00:00:00-05:00,13.28921890258789,13.452375957396898,13.25658655802859,13.28921890258789,106236900
2014-02-24 00:00:00-05:00,13.29737255017323,13.566583110445594,13.29737255017323,13.485005378723145,102909600
2014-02-25 00:00:00-05:00,13.46052900208781,13.50947594459855,13.31368661856034,13.330002784729004,81457000
2014-02-26 00:00:00-05:00,13.346323126233383,13.378953912783853,13.15869026858418,13.32184886932373,89831600
2014-02-27 00:00:00-05:00,13.272898428371214,13.452371597290039,13.223949927397177,13.452371597290039,71314500
2014-02-28 00:00:00-05:00,13.45237304123777,13.58289927918828,13.338162972029949,13.485005378723145,126252100
2014-03-03 00:00:00-05:00,13.29737377166748,13.387111152000024,13.207637947330571,13.29737377166748,87526800
2014-03-04 00:00:00-05:00,13.444216333293813,13.656321880677766,13.4034274632566,13.648163795471191,100849900
2014-03-05 00:00:00-05:00,13.705308161061797,14.129771531409368,13.69714519435344,14.080795288085938,207180000
2014-03-06 00:00:00-05:00,14.21955755520529,14.390975124385614,14.129766510248274,14.162418365478516,138078900
2014-03-07 00:00:00-05:00,14.317511540683633,14.358324802728905,14.08079026142783,14.146092414855957,109547100
2014-03-10 00:00:00-04:00,14.097116598343378,14.260371208190918,14.080790670280766,14.260371208190918,81732700
2014-03-11 00:00:00-04:00,14.29302486838568,14.301187833447319,14.08079244756227,14.097118377685547,90183400
2014-03-12 00:00:00-04:00,14.023651837014503,14.146093186757659,13.933860787303948,14.105279922485352,83309200
2014-03-13 00:00:00-04:00,14.154257334520961,14.260372764657657,13.933861952398942,14.00732707977295,100875700
2014-03-14 00:00:00-04:00,13.942023053427043,14.056301433208247,13.680814438540772,13.713464736938477,131297200
2014-03-17 00:00:00-04:00,13.860392862306785,14.015486037635565,13.852229899718331,13.966509819030762,79942200
2014-03-18 00:00:00-04:00,13.991001656454978,14.056303821270905,13.933862456856847,14.031816482543945,67402400
2014-03-19 00:00:00-04:00,14.007326331606464,14.276697931947886,13.974676030587709,14.235884666442871,105006500
2014-03-20 00:00:00-04:00,14.235884982168677,14.693000105053185,14.227722017501378,14.627697944641113,167048700
2014-03-21 00:00:00-04:00,14.717488086422138,14.717488086422138,14.333836555480957,14.333836555480957,155721000
2014-03-24 00:00:00-04:00,14.382813740842778,14.407301075379044,14.121603569355429,14.178744316101074,118500000
2014-03-25 00:00:00-04:00,14.276695968193211,14.35016108153816,14.039976258357541,14.048137664794922,98348600
2014-03-26 00:00:00-04:00,14.186905728750771,14.203231656399007,14.023651123046875,14.023651123046875,97573700
2014-03-27 00:00:00-04:00,14.105278264731897,14.276695822840846,13.737952701746933,13.884882926940918,175139500
2014-03-28 00:00:00-04:00,13.950188399414518,13.999164633837415,13.754281904796507,13.860397338867188,79909500
2014-03-31 00:00:00-04:00,13.999163205384,14.097117221161138,13.974675869134414,14.03997802734375,62115800
2014-04-01 00:00:00-04:00,14.10528058984948,14.203233051507944,14.088954660597635,14.154256820678711,57423800
2014-04-02 00:00:00-04:00,14.162415698386551,14.186903028271585,13.982833642291737,14.064461708068848,65349000
2014-04-03 00:00:00-04:00,14.048137944505648,14.07262683508358,13.90120927181634,13.999161720275879,56534500
2014-04-04 00:00:00-04:00,14.04813971715814,14.056302681714154,13.631839423285456,13.648163795471191,110409600
2014-04-07 00:00:00-04:00,13.623675570900557,13.631838534924608,13.215536711255224,13.370628356933594,129464900
2014-04-08 00:00:00-04:00,13.362467017270756,13.468582436266539,13.264513005414017,13.41960620880127,75769700
2014-04-09 00:00:00-04:00,13.5093933040345,13.574695448050175,13.346138722458273,13.566534042358398,83096400
2014-04-10 00:00:00-04:00,13.566532605980402,13.566532605980402,13.142067936356415,13.158393859863281,98390900
2014-04-11 00:00:00-04:00,12.946163117722016,13.166557676190573,12.75025667053596,12.872698783874512,133757100
2014-04-14 00:00:00-04:00,13.10125809917713,13.24002538779257,12.880863497440544,13.060444831848145,99249400
2014-04-15 00:00:00-04:00,13.133909107130778,13.395117737725782,13.027792906335776,13.378791809082031,134956600
2014-04-16 00:00:00-04:00,13.223699010983905,13.240023381285754,12.880861545364196,13.166558265686035,172948900
2014-04-17 00:00:00-04:00,13.174721252680126,13.264512295667153,13.003303687260656,13.182884216308594,104765500
2014-04-21 00:00:00-04:00,13.182887369371251,13.199213300532996,13.08493489625375,13.1339111328125,51280500
2014-04-22 00:00:00-04:00,13.133907806894968,13.33797722396055,13.093094546252289,13.297163963317871,77888900
2014-04-23 00:00:00-04:00,13.305327963746688,13.386956057871338,13.248188764937353,13.362468719482422,52425600
2014-04-24 00:00:00-04:00,13.411437730446073,13.468576898483063,13.231855708700607,13.337972640991211,73910900
2014-04-25 00:00:00-04:00,13.142069678247683,13.24818508125567,13.003302423898184,13.019627571105957,84617700
2014-04-28 00:00:00-04:00,12.513537606997753,12.57883976347752,12.12988685383179,12.203351974487305,344935200
2014-04-29 00:00:00-04:00,12.276815732872889,12.489048107113787,12.17069954575244,12.440071105957031,155495000
2014-04-30 00:00:00-04:00,12.456400324628921,12.464563290056295,12.350284109462764,12.358447074890137,82359700
2014-05-01 00:00:00-04:00,12.358443852178507,12.423746001642188,12.268652812818676,12.31762981414795,68368300
2014-05-02 00:00:00-04:00,12.391096319194567,12.480886590180354,12.325794162393427,12.448235511779785,73562900
2014-05-05 00:00:00-04:00,12.309467315673828,12.350281355245587,12.260491090958162,12.309467315673828,51669100
2014-05-06 00:00:00-04:00,12.26865477489427,12.26865477489427,12.015609099869707,12.023771286010742,96268300
2014-05-07 00:00:00-04:00,12.129884995956411,12.178861995046223,12.040094739165244,12.08090877532959,91733000
2014-05-08 00:00:00-04:00,12.121721025982946,12.276813406406996,12.080906995830446,12.187023162841797,65232700
2014-05-09 00:00:00-04:00,12.20335117495482,12.236002251055487,11.974793642250143,12.031932830810547,86751600
2014-05-12 00:00:00-04:00,12.07274540489379,12.325791797800864,12.07274540489379,12.301302909851074,70669900
2014-05-13 00:00:00-04:00,12.276813016395394,12.325790006715062,12.195184958683566,12.26865005493164,58469100
2014-05-14 00:00:00-04:00,12.236003941601778,12.260492835908,12.089074468080286,12.11356258392334,52431900
2014-05-15 00:00:00-04:00,12.097237106530558,12.105400071604397,11.746238171450669,11.876842498779297,104193000
2014-05-16 00:00:00-04:00,11.844191551208496,11.868679668244404,11.729912374268922,11.844191551208496,80476100
2014-05-19 00:00:00-04:00,11.77888698094367,11.99928154617723,11.738072941911367,11.974793434143066,51034700
2014-05-20 00:00:00-04:00,11.958467870383132,11.99111894690814,11.819700600536077,11.860514640808105,60108200
2014-05-21 00:00:00-04:00,11.909490434902947,12.007443654526584,11.836025325569471,11.92581558227539,64808600
2014-05-22 00:00:00-04:00,11.901330083238348,12.015609253771242,11.876841967575285,12.0074462890625,51929400
2014-05-23 00:00:00-04:00,12.007443917091772,12.089071991127915,11.958466916977486,12.015606880187988,51648900
2014-05-27 00:00:00-04:00,12.244164807200203,12.497211222406076,12.22783888046168,12.423746109008789,125398900
2014-05-28 00:00:00-04:00,12.464563290056295,12.472725477020438,12.268656012115494,12.358447074890137,72481700
2014-05-29 00:00:00-04:00,12.342118599570915,12.415583716345164,12.32579345054501,12.366606712341309,39423000
2014-05-30 00:00:00-04:00,12.34212114403539,12.431911428346803,12.301307095361757,12.358447074890137,45787100
2014-06-02 00:00:00-04:00,12.37476898064819,12.472722204688054,12.28497871989407,12.45639705657959,46374000
2014-06-03 00:00:00-04:00,12.407422552954344,12.472724715459641,12.333957425520088,12.4155855178833,49025400
2014-06-04 00:00:00-04:00,12.399259588025386,12.456399564064908,12.366608506772737,12.4155855178833,39757300
2014-06-05 00:00:00-04:00,12.472723129707724,12.635978515215072,12.42374690328706,12.595165252685547,60300500
2014-06-06 00:00:00-04:00,12.611489888534877,12.774745267395373,12.595164739880351,12.72576904296875,73930500
2014-06-09 00:00:00-04:00,12.733931730161183,12.96248925560546,12.733931730161183,12.929838180541992,78647900
2014-06-10 00:00:00-04:00,12.880860925972277,13.011465223663485,12.84004688832802,12.995140075683594,49852900
2014-06-11 00:00:00-04:00,12.807396343167472,12.913512534042557,12.69311796719665,12.72576904296875,73729300
2014-06-12 00:00:00-04:00,12.709446029156117,12.782911161099046,12.55435357830356,12.587004661560059,66173200
2014-06-13 00:00:00-04:00,12.619655589166802,12.693120720203618,12.513539375276205,12.6033296585083,61588100
2014-06-16 00:00:00-04:00,12.489047024978856,12.497209987541524,12.391093809615693,12.472721099853516,55425400
2014-06-17 00:00:00-04:00,12.464560436791954,12.75025715518206,12.456397473233167,12.72576904296875,58011600
2014-06-18 00:00:00-04:00,12.758417934279782,12.807394150320834,12.603324767069646,12.77474308013916,70220300
2014-06-19 00:00:00-04:00,12.78291124132398,12.791074206805142,12.652306907478321,12.693120956420898,40953900
2014-06-20 00:00:00-04:00,12.766631770067875,12.766631770067875,12.611438754286082,12.619606971740723,54765300
2014-06-23 00:00:00-04:00,12.635939943089486,12.782963922152701,12.562427564075941,12.774796485900879,58492200
2014-06-24 00:00:00-04:00,12.709455642630752,12.823807569671127,12.611438592361745,12.652278900146484,73262500
2014-06-25 00:00:00-04:00,12.619604120539492,12.652276204012217,12.480747571039435,12.635940551757812,71766400
2014-06-26 00:00:00-04:00,12.611436050458336,12.68494843386123,12.472580278319885,12.586932182312012,68519600
2014-06-27 00:00:00-04:00,12.562430539637257,12.595102629274953,12.505254577512304,12.521590232849121,58149200
2014-06-30 00:00:00-04:00,12.505255366861249,12.619607298329207,12.488918931529192,12.5542631149292,47274500
2014-07-01 00:00:00-04:00,12.562427715404453,12.782964076137821,12.562427715404453,12.742124557495117,74193500
2014-07-02 00:00:00-04:00,12.889148573732195,13.093350062326028,12.872812922023021,12.946325302124023,87685800
2014-07-03 00:00:00-04:00,13.126026495018365,13.256714875616572,13.068850523247699,13.093355178833008,70582300
2014-07-07 00:00:00-04:00,13.060682461996938,13.068850680623736,12.929994079824972,13.019842147827148,62437100
2014-07-08 00:00:00-04:00,12.921821578414708,12.929989794334249,12.676781332540038,12.725789070129395,73343400
2014-07-09 00:00:00-04:00,12.758460209159422,12.815636158430316,12.693116044574433,12.742124557495117,46415800
2014-07-10 00:00:00-04:00,12.521590696133776,12.68495115036641,12.456246514440723,12.611438751220703,61458500
2014-07-11 00:00:00-04:00,12.570598598822698,12.60327068804983,12.49708620332064,12.562430381774902,56849400
2014-07-14 00:00:00-04:00,12.758460193491496,12.799300491047932,12.676780377342508,12.717619895935059,59181700
2014-07-15 00:00:00-04:00,12.86464771024371,12.946328324751521,12.791135312979495,12.913656234741211,99946700
2014-07-16 00:00:00-04:00,12.791133559843084,12.791133559843084,12.603269262773258,12.66861343383789,123711700
2014-07-17 00:00:00-04:00,12.61960311254954,12.64410697845586,12.358226465645187,12.41540241241455,114839900
2014-07-18 00:00:00-04:00,12.47258279223616,12.660447117496249,12.456246357536632,12.652278900146484,74859200
2014-07-21 00:00:00-04:00,12.595104841134752,12.701289345845625,12.546096308589659,12.676785469055176,61802200
2014-07-22 00:00:00-04:00,12.733961441220954,12.758465318011401,12.635945155094964,12.676785469055176,58331100
2014-07-23 00:00:00-04:00,12.676785469055176,12.766633536596284,12.668617250470295,12.676785469055176,47253300
2014-07-24 00:00:00-04:00,12.709452311535145,12.774796475278658,12.701284096326237,12.75846004486084,46549800
2014-07-25 00:00:00-04:00,12.733955383300781,12.766627463133034,12.701283303468529,12.733955383300781,35627200
2014-07-28 00:00:00-04:00,12.733962396539996,12.750298055971085,12.627777883863018,12.660449981689453,39313000
2014-07-29 00:00:00-04:00,12.676784211125122,12.684951649935343,12.529759407043457,12.529759407043457,51480500
2014-07-30 00:00:00-04:00,12.60326894719206,12.799301455477373,12.505252693049403,12.725789070129395,83243100
2014-07-31 00:00:00-04:00,12.611439576649348,12.701288416581042,12.456247329711914,12.456247329711914,70677300
2014-08-01 00:00:00-04:00,12.39906945546765,12.570598112008414,12.121356318309841,12.235708236694336,115978900
2014-08-04 00:00:00-04:00,12.30922048096215,12.35006078516315,12.235708089193153,12.292884826660156,51954700
2014-08-05 00:00:00-04:00,12.260214803091124,12.41540705042462,12.17036596293013,12.252046585083008,65071500
2014-08-06 00:00:00-04:00,12.36639468060191,12.546090735866727,12.36639468060191,12.41540241241455,95977900
2014-08-07 00:00:00-04:00,12.611434235102712,12.611434235102712,12.325553737309601,12.350057601928711,80058300
2014-08-08 00:00:00-04:00,12.317386169825419,12.41540241241455,12.243873793142606,12.41540241241455,54495000
2014-08-11 00:00:00-04:00,12.464411890527561,12.472580106118203,12.374563076958324,12.431739807128906,41545100
2014-08-12 00:00:00-04:00,12.399070574190553,12.497086846919778,12.374565921785177,12.423574447631836,33674400
2014-08-13 00:00:00-04:00,12.456247329711914,12.488919422696855,12.415407018739703,12.456247329711914,34394600
2014-08-14 00:00:00-04:00,12.46441616724645,12.513423919677734,12.46441616724645,12.513423919677734,29934600
2014-08-15 00:00:00-04:00,12.529756057324871,12.586932008531539,12.366395640331596,12.431739807128906,61535500
2014-08-18 00:00:00-04:00,12.48075039086821,12.619606971740723,12.47258295237766,12.619606971740723,54968600
2014-08-19 00:00:00-04:00,12.67678371495911,12.782967426013062,12.611438754286082,12.619606971740723,44825500
2014-08-20 00:00:00-04:00,12.586936622549871,12.766633536596284,12.55426452717454,12.676785469055176,57825000
2014-08-21 00:00:00-04:00,12.815637770425358,13.248543109994207,12.758461813962676,13.199535369873047,177294400
2014-08-22 00:00:00-04:00,13.199537268210408,13.305722537993624,13.109688433459715,13.175032615661621,107641800
2014-08-25 00:00:00-04:00,13.289385801970779,13.395569511420856,13.23220983858011,13.3057222366333,89396500
2014-08-26 00:00:00-04:00,13.346561428489839,13.444576918134711,13.330224994239654,13.338393211364746,73323400
2014-08-27 00:00:00-04:00,13.371063850396435,13.387398723994853,13.183198003699982,13.232207298278809,63061800
2014-08-28 00:00:00-04:00,13.150527310456546,13.150527310456546,13.060678490809309,13.077014923095703,62170400
2014-08-29 00:00:00-04:00,13.109688770026311,13.183201171631772,13.085185674776646,13.142361640930176,50106600
2014-09-02 00:00:00-04:00,13.183201474320224,13.297554967181089,13.117857288940417,13.289386749267578,59400400
2014-09-03 00:00:00-04:00,13.330351356812677,13.338544753302708,13.141907925733774,13.19106674194336,67418900
2014-09-04 00:00:00-04:00,13.191067314824059,13.33035193574243,13.141908496479532,13.199260711669922,56378600
2014-09-05 00:00:00-04:00,13.150100287577605,13.166487081215728,13.027202460752989,13.125521659851074,80974900
2014-09-08 00:00:00-04:00,13.264806638115708,13.412284659375546,13.232033049955433,13.39589786529541,99411200
2014-09-09 00:00:00-04:00,13.31396556526536,13.32215896237167,13.19106773413213,13.22383975982666,82428900
2014-09-10 00:00:00-04:00,13.240227954696575,13.436864817857707,13.215647760777356,13.404092788696289,75656100
2014-09-11 00:00:00-04:00,13.371319672076003,13.625308767345595,13.354932875547401,13.576149940490723,106598100
2014-09-12 00:00:00-04:00,13.617117366211472,13.789174047057765,13.608923967685794,13.756402015686035,116306800
2014-09-15 00:00:00-04:00,13.764590985239826,13.871103581163228,13.617114530680016,13.715432167053223,87306900
2014-09-16 00:00:00-04:00,13.658077286048659,13.797361879331822,13.658077286048659,13.690849304199219,65017200
2014-09-17 00:00:00-04:00,13.69085178864191,13.871103390735989,13.66627316125136,13.740012168884277,82902700
2014-09-18 00:00:00-04:00,13.830133704355196,14.051350684021154,13.82194187197971,13.961226463317871,111923200
2014-09-19 00:00:00-04:00,14.051353519514027,14.067740313032425,13.83013649520758,13.887490272521973,88455000
2014-09-22 00:00:00-04:00,14.002196084642707,14.067741702459392,13.920263671689149,13.95303726196289,109276700
2014-09-23 00:00:00-04:00,13.969419479370117,14.092318853640664,13.953034250500444,13.969419479370117,91921900
2014-09-24 00:00:00-04:00,14.026773689137515,14.084125898803178,13.90387431101909,14.075932502746582,86396100
2014-09-25 00:00:00-04:00,14.059549201902547,14.07593599808491,13.805560111999512,13.805560111999512,104522500
2014-09-26 00:00:00-04:00,13.854718053872464,13.969422494368965,13.838331258735593,13.95303726196289,66785900
2014-09-29 00:00:00-04:00,13.854717864351292,13.969422303278732,13.830137671982223,13.936650276184082,68038300
2014-09-30 00:00:00-04:00,13.99399966677032,14.01857985417052,13.903873875700041,13.969419479370117,82217400
2014-10-01 00:00:00-04:00,13.985805537870505,14.002192328611685,13.764588551055695,13.780975341796875,91235900
2014-10-02 00:00:00-04:00,13.813750116033392,13.920261139587051,13.625305131699204,13.830135345458984,118018800
2014-10-03 00:00:00-04:00,14.018580534249397,14.174250373811253,13.977613553261644,14.166058540344238,110840600
2014-10-06 00:00:00-04:00,14.231604147194107,14.264376169253774,14.108704766961383,14.166058540344238,66212100
2014-10-07 00:00:00-04:00,14.07593253960903,14.092319331765134,13.830135345458984,13.830135345458984,91396300
2014-10-08 00:00:00-04:00,13.830140718005,14.026779174804688,13.69904945529262,14.026779174804688,101266800
2014-10-09 00:00:00-04:00,13.961230080556657,14.0185822984265,13.559761430006283,13.592535018920898,121363100
2014-10-10 00:00:00-04:00,13.535179701710279,13.740009897331571,13.404088501531081,13.502406120300293,129552700
2014-10-13 00:00:00-04:00,13.50240568249804,13.658077063687234,13.436860084533691,13.436860084533691,92674100
2014-10-14 00:00:00-04:00,13.526988602463277,13.625306237921174,13.404090776775588,13.535181999206543,97451900
2014-10-15 00:00:00-04:00,13.297576797225343,13.305770193115464,12.642120753320334,12.912496566772461,216591800
2014-10-16 00:00:00-04:00,12.789597795987216,13.313963405238875,12.715859578089606,13.174678802490234,148199400
2014-10-17 00:00:00-04:00,13.313966369947055,13.445057606109609,13.240227354264269,13.281192779541016,94339200
2014-10-20 00:00:00-04:00,13.272997143653074,13.379508156509305,13.240223562632474,13.322155952453613,76510700
2014-10-21 00:00:00-04:00,13.46144341145111,13.608921431972169,13.363124210193508,13.600728034973145,78287300
2014-10-22 00:00:00-04:00,13.592531465722887,13.682657248947736,13.412281462003515,13.436860084533691,85199800
2014-10-23 00:00:00-04:00,13.584341240975096,13.707239070499082,13.535182421711639,13.600728034973145,68436600
2014-10-24 00:00:00-04:00,13.625308070745216,13.699047088623047,13.567955848558203,13.699047088623047,41951400
2014-10-27 00:00:00-04:00,13.666274031248049,13.674467428476703,13.518796006593746,13.592535018920898,51500000
2014-10-28 00:00:00-04:00,13.617110042715305,13.764586448669434,13.608916648596164,13.764586448669434,71850800
2014-10-29 00:00:00-04:00,13.74000853040212,13.944838705645813,13.690848163177877,13.920258522033691,99875700
2014-10-30 00:00:00-04:00,13.895683478983843,14.026776277348013,13.797365833624212,13.95303726196289,72579100
2014-10-31 00:00:00-04:00,14.067742729831842,14.108708157934942,14.010390505395137,14.059549331665039,82788900
2014-11-03 00:00:00-05:00,14.075936347343315,14.215220992887598,14.010390723718412,14.149675369262695,64050700
2014-11-04 00:00:00-05:00,14.108702084520138,14.174247678908038,13.944838879915505,14.100508689880371,53515400
2014-11-05 00:00:00-05:00,14.190640638897504,14.231607629910577,14.100514821399662,14.207027435302734,58608200
2014-11-06 00:00:00-05:00,14.207023814155784,14.256182628110745,14.157865000200824,14.223410606384277,57339200
2014-11-07 00:00:00-05:00,14.182443625813045,14.239795835882251,14.108704623515344,14.223410606384277,53907800
2014-11-10 00:00:00-05:00,14.22340736716528,14.256179381428295,14.174247001675512,14.231600761413574,54261100
2014-11-11 00:00:00-05:00,14.23160074499793,14.3053381676872,14.174246985326024,14.190633773803711,62236000
2014-11-12 00:00:00-05:00,14.125091559356484,14.174250373811253,13.985806949459194,14.166058540344238,48669100
2014-11-13 00:00:00-05:00,14.16606025462763,14.174252089085968,14.02677562787503,14.1087064743042,50586300
2014-11-14 00:00:00-05:00,14.067738718680793,14.133284322595204,14.010386510596991,14.043158531188965,41144600
2014-11-17 00:00:00-05:00,13.977612310845602,14.043157911869377,13.903873314352557,14.002192497253418,43393300
2014-11-18 00:00:00-05:00,13.985806323105162,14.108704135103375,13.977612927274553,14.043158531188965,39490700
2014-11-19 00:00:00-05:00,14.051353410300008,14.051353410300008,13.936648982024046,13.977614402770996,49441600
2014-11-20 00:00:00-05:00,13.895679863687667,13.936646840871296,13.789168848471009,13.92845344543457,49652100
2014-11-21 00:00:00-05:00,14.05135780985631,14.084131406899964,13.977618779239206,14.026779174804688,63000000
2014-11-24 00:00:00-05:00,14.05954571063339,14.15786490058203,13.994000104911134,14.075932502746582,52785700
2014-11-25 00:00:00-05:00,14.11689844790981,14.141478636998267,13.99400062792866,14.010387420654297,44786300
2014-11-26 00:00:00-05:00,14.026772878615377,14.051351502634406,13.961227276680603,14.018579483032227,27310300
2014-11-28 00:00:00-05:00,13.985805085904982,14.051350684021154,13.953033068212058,13.961226463317871,27834900
2014-12-01 00:00:00-05:00,13.862913071057886,13.879299868109241,13.707241624531967,13.756402015686035,61173100
2014-12-02 00:00:00-05:00,13.821941783002249,14.051350593566895,13.81374838794918,14.051350593566895,62945200
2014-12-03 00:00:00-05:00,14.05135195505935,14.215694308733273,14.018482543944694,14.207478523254395,70104200
2014-12-04 00:00:00-05:00,14.166389993189783,14.248561943431985,14.076000691193402,14.141737937927246,49412800
2014-12-05 00:00:00-05:00,14.306089237673733,14.552603648600632,14.256786668948433,14.527953147888184,131824000
2014-12-08 00:00:00-05:00,14.511513710021973,14.684074995314363,14.388256544698775,14.511513710021973,101035100
2014-12-09 00:00:00-05:00,14.117090668545785,14.453994330780468,14.108873314918116,14.429342269897461,95939400
2014-12-10 00:00:00-05:00,14.36360507482679,14.527949013542868,14.273217319102907,14.28143310546875,103611100
2014-12-11 00:00:00-05:00,14.330738146079854,14.503297882223048,14.330738146079854,14.355388641357422,80173200
2014-12-12 00:00:00-05:00,14.355387785000104,14.355387785000104,14.076004028320312,14.076004028320312,88886700
2014-12-15 00:00:00-05:00,14.215697848095303,14.223915202919889,13.77197165866895,13.845926284790039,101305300
2014-12-16 00:00:00-05:00,13.755536118569081,14.12530922685054,13.632278938241955,13.73910140991211,96112000
2014-12-17 00:00:00-05:00,13.862358061983953,14.191044348935888,13.821271296552558,14.18282699584961,92164100
2014-12-18 00:00:00-05:00,14.355388525085402,14.404692649841307,14.248566056047693,14.404692649841309,79334000
2014-12-19 00:00:00-05:00,14.371826035909677,14.544387371605517,14.371826035909677,14.478650093078613,105588200
2014-12-22 00:00:00-05:00,14.503293549098967,14.569030795699035,14.421121599023985,14.552596092224121,70969300
2014-12-23 00:00:00-05:00,14.651208336258515,14.782682879625598,14.610123129193871,14.733380317687988,94405200
2014-12-24 00:00:00-05:00,14.766249159163904,14.873073212369093,14.725163949346703,14.774466514587402,35091300
2014-12-26 00:00:00-05:00,14.807335936281396,14.8319864352516,14.749816015617197,14.774466514587402,34362500
2014-12-29 00:00:00-05:00,14.76624902818278,14.947027711295602,14.71694646337941,14.881290435791016,58370900
2014-12-30 00:00:00-05:00,14.823767289453977,14.938807104725148,14.799115228767326,14.897720336914062,41433500
2014-12-31 00:00:00-05:00,14.947024985003756,14.963458125407339,14.700509071350098,14.700509071350098,57819600
2015-01-02 00:00:00-05:00,14.782679585663452,14.815548997831163,14.527947910563036,14.708724975585938,48951100
2015-01-05 00:00:00-05:00,14.618338336566707,14.634771476598349,14.207480057076467,14.28143310546875,105605500
2015-01-06 00:00:00-05:00,14.314301069219965,14.330735774885726,13.788403026314,13.854140281677246,144912400
2015-01-07 00:00:00-05:00,14.084220366276123,14.117089778714966,13.862358101513315,13.919878005981445,104603800
2015-01-08 00:00:00-05:00,14.100654504431548,14.248563719847928,14.05135195505935,14.207478523254395,73388500
2015-01-09 00:00:00-05:00,14.281433668050694,14.281433668050694,13.928096850302214,13.952747344970703,84144600
2015-01-12 00:00:00-05:00,13.985615818540216,13.99383317197601,13.689797364051262,13.706232070922852,92762500
2015-01-13 00:00:00-05:00,13.821268978957765,13.87878887361675,13.410410797336905,13.517234802246094,100845400
2015-01-14 00:00:00-05:00,13.147463725893564,13.32824078789667,12.958469310985798,13.180333137512207,164779800
2015-01-15 00:00:00-05:00,12.810559102141616,12.950250956113193,12.449003438809353,12.490089416503906,193241300
2015-01-16 00:00:00-05:00,12.457223569962569,12.654435366509466,12.301097760275448,12.638001441955566,149802000
2015-01-20 00:00:00-05:00,12.810558821037505,12.843427445741938,12.490089142431913,12.539392471313477,123402800
2015-01-21 00:00:00-05:00,12.555829714886476,12.79412750297434,12.449006460412601,12.662652969360352,101054200
2015-01-22 00:00:00-05:00,12.777690588122676,13.303589383168541,12.679084710985922,13.221417427062988,183042100
2015-01-23 00:00:00-05:00,13.1803342654996,13.303591435018372,12.9256010055542,12.9256010055542,103376900
2015-01-26 00:00:00-05:00,12.917383873865774,13.089944373878005,12.900949167364638,13.02420711517334,69969300
2015-01-27 00:00:00-05:00,12.777691356378432,12.974903122509248,12.720170670186185,12.843428611755371,86184200
2015-01-28 00:00:00-05:00,12.917382330687518,12.925598899306554,12.473655495615992,12.490089416503906,105359800
2015-01-29 00:00:00-05:00,12.580481738948045,12.728390196983433,12.490092409629161,12.67908763885498,76095800
2015-01-30 00:00:00-05:00,12.514743345428972,12.711955923483572,12.449006080627441,12.449006080627441,99844600
2015-02-02 00:00:00-05:00,12.547609583118668,12.728386623706303,12.424351655100029,12.7037353515625,101586700
2015-02-03 00:00:00-05:00,12.835211668769228,13.089944129226298,12.826994315672243,13.057075500488281,105159400
2015-02-04 00:00:00-05:00,12.974905014038086,13.147465530471525,12.942036381557907,12.974905014038086,83848100
2015-02-05 00:00:00-05:00,13.131030748803274,13.221420075354617,13.065293484211395,13.122814178466797,92264700
2015-02-06 00:00:00-05:00,13.393979461470408,13.763752544818356,13.328242198575216,13.550106048583984,160832300
2015-02-09 00:00:00-05:00,13.435065269470215,13.558322432670886,13.352893304903144,13.435065269470215,95532900
2015-02-10 00:00:00-05:00,13.60762787768614,13.65693200728913,13.435068125976265,13.49258804321289,100322800
2015-02-11 00:00:00-05:00,13.418631020654004,13.517237694956815,13.320024346351195,13.443283081054688,99924400
2015-02-12 00:00:00-05:00,13.484368717853112,13.747317768111069,13.451500870220851,13.698015213012695,116394100
2015-02-13 00:00:00-05:00,13.747317264789713,13.796621385382917,13.591192251477631,13.648712158203125,93632700
2015-02-17 00:00:00-05:00,13.574753380226111,13.706227860208493,13.451496251155056,13.665141105651855,93350600
2015-02-18 00:00:00-05:00,13.599406272463611,13.607623624829234,13.34467461832814,13.393977165222168,84057400
2015-02-19 00:00:00-05:00,13.320026397705078,13.459718293555726,13.213203920784071,13.320026397705078,83604300
2015-02-20 00:00:00-05:00,13.262502188023776,13.50080069621189,13.155679745687497,13.45971393585205,89763600
2015-02-23 00:00:00-05:00,13.410410811100096,13.410410811100096,13.229633775229233,13.311805725097656,87623700
2015-02-24 00:00:00-05:00,13.369326197659706,13.599405786476202,13.352891493515772,13.45971393585205,74109600
2015-02-25 00:00:00-05:00,13.451500937891183,13.55832340235838,13.410414169019202,13.550106048583984,57201000
2015-02-26 00:00:00-05:00,13.492584711390263,13.509019417199584,13.065291764146767,13.180333137512207,161100700
2015-02-27 00:00:00-05:00,12.96668571777897,13.048857678496223,12.835211207551284,12.991337776184082,130448200
2015-03-02 00:00:00-05:00,12.974902816583995,13.172115361714788,12.917382915397866,13.155680656433105,71402400
2015-03-03 00:00:00-05:00,13.172115784607547,13.270720884863854,13.114595097924827,13.180333137512207,65689800
2015-03-04 00:00:00-05:00,13.155604440598228,13.172089751637001,12.990747399708603,13.056690216064453,78441600
2015-03-05 00:00:00-05:00,13.12263577551164,13.213307756529844,12.982507064938545,13.188578605651855,69510000
2015-03-06 00:00:00-05:00,13.188576462870024,13.699634492574603,13.188576462870024,13.369918823242188,163207200
2015-03-09 00:00:00-04:00,13.444105334119516,13.460591432814178,13.287492113122942,13.328705787658691,72912700
2015-03-10 00:00:00-04:00,13.221551424266991,13.295735735963179,13.01547908782959,13.01547908782959,85633600
2015-03-11 00:00:00-04:00,13.122634396582871,13.320462866215667,13.081419935550922,13.27924919128418,85910100
2015-03-12 00:00:00-04:00,13.229788923235388,13.361674550003789,13.106146344665099,13.262761116027832,126376300
2015-03-13 00:00:00-04:00,13.254518067829721,13.31221783301581,13.1391177513572,13.262761116027832,88581900
2015-03-16 00:00:00-04:00,13.27924892552113,13.369919322995964,13.064934361324536,13.295733451843262,63406500
2015-03-17 00:00:00-04:00,13.24627501963161,13.287490260622164,13.15560384775342,13.262761116027832,67315000
2015-03-18 00:00:00-04:00,13.1968177666368,13.27100362520595,13.114388860204341,13.172088623046875,86387600
2015-03-19 00:00:00-04:00,13.155603977639675,13.16384702591917,12.867103576660156,12.867103576660156,109169200
2015-03-20 00:00:00-04:00,12.941289894391526,13.130876080989879,12.891833175174826,13.056690216064453,99867700
2015-03-23 00:00:00-04:00,13.04020419753262,13.089661703147831,12.957776069641113,12.957776069641113,73773500
2015-03-24 00:00:00-04:00,12.966017797713043,13.023718349569158,12.867103576660156,12.867103576660156,77011000
2015-03-25 00:00:00-04:00,12.88358979937747,12.900075109997536,12.694003617594378,12.70224666595459,88541500
2015-03-26 00:00:00-04:00,12.685760914949453,12.809403491658964,12.578603648287723,12.710489273071289,76741500
2015-03-27 00:00:00-04:00,12.759946580690658,12.768189629146748,12.586847279714972,12.619818687438965,73140800
2015-03-30 00:00:00-04:00,12.710490244098436,12.867104238968476,12.694004146690856,12.792919158935547,70835300
2015-03-31 00:00:00-04:00,12.776432626071374,12.79291872291706,12.677518403298349,12.685761451721191,61381700
2015-04-01 00:00:00-04:00,12.710489714314802,12.743461121655294,12.570361036592626,12.70224666595459,73153900
2015-04-02 00:00:00-04:00,12.71873698411056,12.875351024434071,12.71873698411056,12.809408187866211,50443500
2015-04-06 00:00:00-04:00,12.685763268553817,12.858863379722795,12.644548806637303,12.784677505493164,51189500
2015-04-07 00:00:00-04:00,12.801160419421214,12.900074637822177,12.735217607153906,12.743460655212402,50057800
2015-04-08 00:00:00-04:00,12.784675452166258,12.974260845992537,12.776432403886762,12.867103576660156,71732500
2015-04-09 00:00:00-04:00,12.883587797069014,12.990745050796807,12.801158898478329,12.949530601501465,44935600
2015-04-10 00:00:00-04:00,12.933046923783317,13.015475837775206,12.858861844511075,12.957776069641113,43817700
2015-04-13 00:00:00-04:00,13.007233689218335,13.073176510534743,12.974262278560131,13.023719787597656,49191200
2015-04-14 00:00:00-04:00,13.0896605959141,13.147360359167461,12.94953192564138,13.040203094482422,84385400
2015-04-15 00:00:00-04:00,12.94129002507501,13.064933396566085,12.850618848195195,12.891833305358887,124479100
2015-04-16 00:00:00-04:00,12.891836472067729,13.139121703591451,12.842378954102637,13.01547908782959,105591000
2015-04-17 00:00:00-04:00,12.949534089843574,12.98250550094163,12.776433985053668,12.825891494750977,88994300
2015-04-20 00:00:00-04:00,12.875346649896054,12.933046415763657,12.825889932323923,12.834132194519043,53649400
2015-04-21 00:00:00-04:00,12.858859985755947,12.891831389366592,12.718731323885637,12.7764310836792,64033100
2015-04-22 00:00:00-04:00,12.81764634961774,13.048446189565688,12.768188848007307,12.974260330200195,73092800
2015-04-23 00:00:00-04:00,12.957778352179217,13.023721180548534,12.924806937994559,12.933049201965332,50292200
2015-04-24 00:00:00-04:00,12.949533073727824,12.982504482238701,12.86710415940044,12.891833305358887,40766100
2015-04-27 00:00:00-04:00,12.883591267647462,12.990748550241255,12.825891494750977,12.825891494750977,73523400
2015-04-28 00:00:00-04:00,12.842373294339376,12.949530547621313,12.776430490181298,12.900073051452637,58080100
2015-04-29 00:00:00-04:00,12.85886066524428,13.221546910226724,12.834131521654355,13.172088623046875,134499400
2015-04-30 00:00:00-04:00,13.188576310945955,13.229789983037335,13.023719264279212,13.130876541137695,78313900
2015-05-01 00:00:00-04:00,13.188577219793803,13.312219816789186,13.122634396582871,13.27924919128418,78171400
2015-05-04 00:00:00-04:00,13.303975165439423,13.55950495028941,13.28749064077227,13.551261901855469,76592300
2015-05-05 00:00:00-04:00,13.534775341643815,13.691390112125754,13.460589480478722,13.477075576782227,106148700
2015-05-06 00:00:00-04:00,13.485319703558742,13.59247619370109,13.254519053451094,13.427619934082031,96426500
2015-05-07 00:00:00-04:00,13.378164801414599,13.460593736795948,13.262765235201414,13.386407852172852,73794800
2015-05-08 00:00:00-04:00,13.452345508881685,13.567745030683184,13.369916605223226,13.559503555297852,86333700
2015-05-11 00:00:00-04:00,13.559505268803763,13.674904805188227,13.54301917154862,13.592475891113281,56246000
2015-05-12 00:00:00-04:00,13.56774495781447,13.584231052897735,13.477074579257646,13.543017387390137,59627100
2015-05-13 00:00:00-04:00,13.551261197715032,13.61720400955936,13.485318385870704,13.57598876953125,47330600
2015-05-14 00:00:00-04:00,13.625447714540773,13.674904432758503,13.55950489951689,13.617204666137695,55395700
2015-05-15 00:00:00-04:00,13.617204250960661,13.617204250960661,13.435860336023465,13.477075576782227,54937800
2015-05-18 00:00:00-04:00,13.444107998501565,13.633695026661131,13.444107998501565,13.608965873718262,51059900
2015-05-19 00:00:00-04:00,13.674905732493759,13.831520522636247,13.666662683307221,13.823277473449707,89115500
2015-05-20 00:00:00-04:00,13.831519940108477,13.889219709783292,13.707875779718663,13.798547744750977,67684000
2015-05-21 00:00:00-04:00,13.773818086893241,13.80679028102668,13.650175503294346,13.790304183959961,52056600
2015-05-22 00:00:00-04:00,13.782061206140714,13.848004022545185,13.765576681190165,13.806790351867676,47032900
2015-05-26 00:00:00-04:00,13.79030486087537,13.79030486087537,13.543019681539258,13.600719451904297,100048200
2015-05-27 00:00:00-04:00,13.650176010043847,13.806790793590352,13.633691484565906,13.798547744750977,70026700
2015-05-28 00:00:00-04:00,13.782062214954015,13.79030526413304,13.666662670849414,13.740848541259766,60970000
2015-05-29 00:00:00-04:00,13.732605090510333,13.740848139448312,13.575990305090354,13.600719451904297,74266200
2015-06-01 00:00:00-04:00,13.66666545475948,13.716122187707128,13.575993467521128,13.641936302185059,62941600
2015-06-02 00:00:00-04:00,13.617207202031834,13.815035683944519,13.600721102155521,13.782063484191895,65513200
2015-06-03 00:00:00-04:00,13.78206427560645,14.07143006635784,13.78206427560645,13.997021675109863,89614900
2015-06-04 00:00:00-04:00,13.947413286867627,14.03835562803416,13.823398279694164,13.873004913330078,61025500
2015-06-05 00:00:00-04:00,14.087962617937276,14.344257257205589,14.030088210565138,14.211976051330566,119087400
2015-06-08 00:00:00-04:00,14.278117244659322,14.327722304684505,14.096229396372944,14.12103271484375,69749600
2015-06-09 00:00:00-04:00,14.096230366679785,14.344258837711461,14.054893076632775,14.311187744140625,82104900
2015-06-10 00:00:00-04:00,14.377326539855211,14.567482150055602,14.352524799723756,14.542678833007812,102643100
2015-06-11 00:00:00-04:00,14.567480442849547,14.617085494215429,14.418663711835745,14.460000991821289,77191500
2015-06-12 00:00:00-04:00,14.426931483216084,14.53440935732819,14.352523117709184,14.460000991821289,53149400
2015-06-15 00:00:00-04:00,14.327725265280453,14.468274278491036,14.261584645941163,14.44347095489502,68053400
2015-06-16 00:00:00-04:00,14.435198943034122,14.517875087168548,14.360792147921057,14.509607315063477,47291200
2015-06-17 00:00:00-04:00,14.542676484244193,14.550944255258143,14.3029158555879,14.360790252685547,88712100
2015-06-18 00:00:00-04:00,14.34425877320736,14.385596063068483,14.236779296501993,14.369060516357422,97599900
2015-06-19 00:00:00-04:00,14.286383251585967,14.37732558757162,14.15410205659208,14.195439338684082,83395400
2015-06-22 00:00:00-04:00,14.352528588876469,14.493077602087052,14.344260814344462,14.44347095489502,58477700
2015-06-23 00:00:00-04:00,14.517874143868807,14.650155335122395,14.517874143868807,14.608818054199219,63865700
2015-06-24 00:00:00-04:00,14.493072077342646,14.625353265595768,14.426931483216084,14.460000991821289,59079500
2015-06-25 00:00:00-04:00,14.526140942216294,14.567479797286042,14.344254710657648,14.360790252685547,59772200
2015-06-26 00:00:00-04:00,14.451733641387495,14.484804727872136,14.3442557641448,14.393860816955566,63080800
2015-06-29 00:00:00-04:00,14.162369100529043,14.261580791180439,13.939145556166974,13.963947296142578,98604200
2015-06-30 00:00:00-04:00,14.121032404209851,14.162369690502096,13.9308783641993,14.071427345275879,89039800
2015-07-01 00:00:00-04:00,14.261584443544304,14.3111895131156,14.12930320674303,14.236781120300293,62317400
2015-07-02 00:00:00-04:00,14.187171674655895,14.22850895706192,13.963946565064383,14.079693794250488,64736500
2015-07-06 00:00:00-04:00,13.87300312391971,14.063157130914721,13.815128725476077,14.005284309387207,58726900
2015-07-07 00:00:00-04:00,13.972215832807988,13.997019151056817,13.509231597244755,13.79859733581543,115450500
2015-07-08 00:00:00-04:00,13.575371053536387,13.641511653019831,13.410018766369635,13.434822082519531,83033000
2015-07-09 00:00:00-04:00,13.66631501854126,13.823397957309252,13.600174418818872,13.62497615814209,81534400
2015-07-10 00:00:00-04:00,13.889541228681194,13.922612323361747,13.773795551132437,13.806866645812988,72965300
2015-07-13 00:00:00-04:00,14.030088482067242,14.09622908628467,13.972215650491544,14.071427345275879,67934300
2015-07-14 00:00:00-04:00,13.99701617794469,14.178902409052325,13.939143357906627,14.16236686706543,69999800
2015-07-15 00:00:00-04:00,14.493078659374854,14.757641156032166,14.460007558834254,14.61709213256836,173099900
2015-07-16 00:00:00-04:00,14.807239012320217,14.939520196170042,14.765901733710683,14.840310096740723,117054300
2015-07-17 00:00:00-04:00,14.848579614060458,15.013931919336843,14.790706780288659,14.964326858520508,96894900
2015-07-20 00:00:00-04:00,15.005664359795352,15.071804967463283,14.947791525200472,14.980862617492676,71980100
2015-07-21 00:00:00-04:00,14.972593462804417,15.022198519748876,14.898185088929564,14.947790145874023,63732800
2015-07-22 00:00:00-04:00,14.906452182960798,15.27849245849002,14.906452182960798,15.253690719604492,110327000
2015-07-23 00:00:00-04:00,15.204086494403457,15.237157587373444,14.947791831552086,15.030467987060547,103650100
2015-07-24 00:00:00-04:00,15.030466941101377,15.071804227520722,14.749368978083917,14.79897403717041,86364300
2015-07-27 00:00:00-04:00,14.600550282631348,14.699761964529632,14.46826909137776,14.608818054199219,93231900
2015-07-28 00:00:00-04:00,14.708029581353966,14.790704142330496,14.55094507704945,14.78243637084961,82166800
2015-07-29 00:00:00-04:00,14.840314665848824,15.047004276365291,14.81551134489688,15.013933181762695,96388600
2015-07-30 00:00:00-04:00,15.047000606885168,15.121408974678612,14.922985609285297,14.989126205444336,65667900
2015-07-31 00:00:00-04:00,14.906451366146745,14.931253103673237,14.765902404804004,14.78243637084961,67176900
2015-08-03 00:00:00-04:00,14.807238673352716,14.856843721931817,14.58401358937267,14.691493034362793,62376800
2015-08-04 00:00:00-04:00,14.708031907460485,14.823777572665987,14.641889725152861,14.71629810333252,69741500
2015-08-05 00:00:00-04:00,14.823774972989959,14.922985075219875,14.716295522505382,14.774169921875,65228600
2015-08-06 00:00:00-04:00,14.80724261390033,14.865115448796582,14.691496944107824,14.724566459655762,47594700
2015-08-07 00:00:00-04:00,14.815508150664678,14.939521574853874,14.550945758550062,14.674959182739258,71020700
2015-08-10 00:00:00-04:00,14.774174394826886,14.922989593226273,14.765906620985263,14.91472339630127,65791200
2015-08-11 00:00:00-04:00,14.75763767020931,14.856847794563475,14.650158195756386,14.708032608032227,65868600
2015-08-12 00:00:00-04:00,14.567482207694438,14.592283947924026,14.071426903190241,14.484806060791016,141600100
2015-08-13 00:00:00-04:00,14.51788201404999,14.625361525781067,14.41867185528581,14.567488670349121,67456200
2015-08-14 00:00:00-04:00,14.52614744349773,14.633626937866211,14.50134569627176,14.633626937866211,52710300
2015-08-17 00:00:00-04:00,14.55921185354115,14.724562541110172,14.517872998961849,14.691493034362793,42310000
2015-08-18 00:00:00-04:00,14.650157461907957,14.798974217901243,14.59228462944755,14.62535572052002,50360700
2015-08-19 00:00:00-04:00,14.50961003085397,14.62535728507331,14.418667674508914,14.435201644897461,78540500
2015-08-20 00:00:00-04:00,14.211977972010585,14.220245745609668,13.823400497436523,13.823400497436523,149185400
2015-08-21 00:00:00-04:00,13.393485282000736,13.773793348511003,13.310809135437012,13.310809135437012,148874300
2015-08-24 00:00:00-04:00,12.417908059417686,13.211595143624441,12.070669565848213,12.641132354736328,214649500
2015-08-25 00:00:00-04:00,13.39348531042009,13.39348531042009,12.608064281772634,12.616332054138184,194377000
2015-08-26 00:00:00-04:00,13.071047895841906,13.27773666381836,12.682471308976705,13.27773666381836,174208500
2015-08-27 00:00:00-04:00,13.542302766010428,13.600177182329153,13.30254363464213,13.591909408569336,124185400
2015-08-28 00:00:00-04:00,13.558838752897882,13.591909849008806,13.393488003093227,13.525769233703613,75899300
2015-08-31 00:00:00-04:00,13.50096188847016,13.542299169374068,13.37694846884225,13.50922966003418,66695200
2015-09-01 00:00:00-04:00,13.186795147072193,13.269470506629032,12.781683756406592,12.880894660949707,119064000
2015-09-02 00:00:00-04:00,13.12142667828209,13.15460345304273,12.914071638278914,13.146309852600098,74820400
2015-09-03 00:00:00-04:00,13.245839020840155,13.428311661596572,13.162896695679065,13.220955848693848,77175800
2015-09-04 00:00:00-04:00,13.096543023191716,13.154602175635697,12.856011231785276,12.980423927307129,104539500
2015-09-08 00:00:00-04:00,13.237546107211005,13.403429985046387,13.187780548362028,13.403429985046387,73960200
2015-09-09 00:00:00-04:00,13.577611818031334,13.65225819405558,13.129724069923244,13.187783241271973,70466100
2015-09-10 00:00:00-04:00,13.162896543794822,13.36195796368518,13.113131782069702,13.303898811340332,71110200
2015-09-11 00:00:00-04:00,13.262426858241689,13.320486010586537,13.187778924657383,13.303898811340332,54287700
2015-09-14 00:00:00-04:00,13.245841312927082,13.328782861443909,13.187781358868854,13.237546920776367,50640900
2015-09-15 00:00:00-04:00,13.303901216103178,13.594197030300192,13.279018039746202,13.527843475341797,62327100
2015-09-16 00:00:00-04:00,13.56102046993734,13.594196455015815,13.345371029950108,13.544431686401367,83776400
2015-09-17 00:00:00-04:00,13.511257643806342,13.668846364073849,13.088252303788593,13.154605865478516,119088200
2015-09-18 00:00:00-04:00,13.005308254673015,13.03019063778875,12.856012373985212,12.905777931213379,136531200
2015-09-21 00:00:00-04:00,12.99701302711549,13.063366571819603,12.914070700737025,13.021895408630371,79096200
2015-09-22 00:00:00-04:00,12.847717536400282,12.922365474151587,12.814540763065999,12.914071083068848,92235200
2015-09-23 00:00:00-04:00,12.938955199778338,13.146310245986344,12.922366416403268,13.038485527038574,78117500
2015-09-24 00:00:00-04:00,12.889190387189965,12.955543942539977,12.773071269829055,12.89748477935791,99520100
2015-09-25 00:00:00-04:00,13.171190930427704,13.287310026078877,13.11313177810043,13.179485321044922,88655000
2015-09-28 00:00:00-04:00,13.09654033082172,13.121422706611478,12.75647829470799,12.83112621307373,91324300
2015-09-29 00:00:00-04:00,12.856011552692337,12.880893934218486,12.648656527648912,12.731598854064941,79829400
2015-09-30 00:00:00-04:00,12.897483758734918,12.93895492529611,12.706716708952115,12.92236614227295,71347100
2015-10-01 00:00:00-04:00,12.872602393850848,12.972132726875866,12.739894492154049,12.89748477935791,71516800
2015-10-02 00:00:00-04:00,12.507657788885732,12.756484031677246,12.134418820196869,12.756484031677246,181838400
2015-10-05 00:00:00-04:00,12.814542542797238,13.096545550802603,12.806248150562544,13.013603210449219,75315300
2015-10-06 00:00:00-04:00,13.005309609211306,13.121427936509905,12.914072876623228,13.013603210449219,67473700
2015-10-07 00:00:00-04:00,13.088249272074458,13.212662764672016,12.91407101523521,13.063366889953613,66655600
2015-10-08 00:00:00-04:00,13.038484507832768,13.088249272074458,12.86430625099352,13.063366889953613,79056900
2015-10-09 00:00:00-04:00,13.063367633982978,13.121426792570622,12.856012592173725,12.92236614227295,76667100
2015-10-12 00:00:00-04:00,12.938955059883655,12.95554305208265,12.797953566706965,12.872601509094238,50725800
2015-10-13 00:00:00-04:00,12.81454155890596,12.930660668285798,12.773070391913395,12.872601509094238,73689800
2015-10-14 00:00:00-04:00,13.0799574076269,13.204370125736261,12.897484735535967,12.972132682800293,122272400
2015-10-15 00:00:00-04:00,13.113132558396345,13.502960239639371,13.038484620392715,13.428312301635742,127028800
2015-10-16 00:00:00-04:00,13.511255052222152,13.511255052222152,13.295605622595039,13.370253562927246,66989500
2015-10-19 00:00:00-04:00,13.270724395439002,13.444901893772197,13.254135610266232,13.386842727661133,62953500
2015-10-20 00:00:00-04:00,13.403428843427582,13.511254343582594,13.353664079813976,13.436606407165527,50797800
2015-10-21 00:00:00-04:00,13.486375073344034,13.511258253347961,13.187783241271973,13.187783241271973,64440400
2015-10-22 00:00:00-04:00,13.270722882778081,13.436607551610185,13.270722882778081,13.403429985046387,74116600
2015-10-23 00:00:00-04:00,13.511254398848052,13.726902236053522,13.4780768349744,13.702020645141602,82285800
2015-10-26 00:00:00-04:00,13.702022839257051,13.72690443415328,13.552726941905382,13.69372844696045,67702800
2015-10-27 00:00:00-04:00,13.602487564086914,13.660546710457897,13.519545248417042,13.602487564086914,56159300
2015-10-28 00:00:00-04:00,13.643960748130068,14.35726093068386,13.643960748130068,14.332379341125488,147720100
2015-10-29 00:00:00-04:00,14.232850496905797,14.46508872228419,14.075260216042121,14.17479133605957,95542300
2015-10-30 00:00:00-04:00,14.24943700672529,14.24943700672529,13.90108051524331,13.917669296264648,87645800
2015-11-02 00:00:00-05:00,14.017200961323685,14.216261618032004,13.992319367981064,14.149908065795898,56948200
2015-11-03 00:00:00-05:00,14.108435854238207,14.315790875760827,14.091847072838014,14.24943733215332,66127100
2015-11-04 00:00:00-05:00,14.348969539118487,14.357263931369227,14.06696653056759,14.108438491821289,78728400
2015-11-05 00:00:00-05:00,14.125025977694108,14.407028960318172,14.125025977694108,14.35726261138916,85505500
2015-11-06 00:00:00-05:00,14.796852476529745,15.004207470223275,14.730498941827538,14.888089179992676,158037500
2015-11-09 00:00:00-05:00,14.954450558902238,14.995920946596598,14.564621953802153,14.664153099060059,129920700
2015-11-10 00:00:00-05:00,14.62267846993812,14.87979988926079,14.564619304927708,14.80515193939209,59905800
2015-11-11 00:00:00-05:00,14.921267707538354,14.921267707538354,14.664147914354903,14.722207069396973,59235000
2015-11-12 00:00:00-05:00,14.581202768688144,14.622673133706545,14.39043655841467,14.407025337219238,77850900
2015-11-13 00:00:00-05:00,14.207967660012404,14.35726355259991,14.174791673878248,14.26602840423584,103574900
2015-11-16 00:00:00-05:00,14.207969597214536,14.481678243612912,14.108440043248073,14.456796646118164,70384300
2015-11-17 00:00:00-05:00,14.514852273002248,14.597794602389502,14.38214517877998,14.448498725891113,70488600
2015-11-18 00:00:00-05:00,14.456795647641854,14.821741011632202,14.456795647641854,14.796857833862305,85708300
2015-11-19 00:00:00-05:00,14.74709133246246,14.805150491796049,14.61438423055899,14.672443389892578,51829700
2015-11-20 00:00:00-05:00,14.77197600468967,14.788564791384063,14.589504097032664,14.63926887512207,56288300
2015-11-23 00:00:00-05:00,14.614387387390618,14.705622550910922,14.4816786748275,14.489973068237305,50362900
2015-11-24 00:00:00-05:00,14.315795552612721,14.572915420341586,14.307501159202914,14.489973068237305,58724200
2015-11-25 00:00:00-05:00,14.523150878141644,14.572915657416281,14.440208524688043,14.465091705322266,34939000
2015-11-27 00:00:00-05:00,14.481675529527475,14.514853095960808,14.373851602606022,14.49826431274414,22937500
2015-11-30 00:00:00-05:00,14.498267029938567,14.58120937957311,14.448502252955336,14.456796646118164,61893700
2015-12-01 00:00:00-05:00,14.531442569824508,14.771973609924316,14.49826500181432,14.771973609924316,74351800
2015-12-02 00:00:00-05:00,14.871788841963955,14.880106588008838,14.597309568274198,14.655533790588379,76919000
2015-12-03 00:00:00-05:00,14.705435029010305,14.780293138378934,14.34777997012629,14.38936710357666,95810100
2015-12-04 00:00:00-05:00,14.50581266722446,14.830196721888012,14.455906207701366,14.805243492126465,103021700
2015-12-07 00:00:00-05:00,14.796924221359543,14.805240376415975,14.505809614528115,14.588985443115234,81633300
2015-12-08 00:00:00-05:00,14.464224563462967,14.522447182258116,14.247967989047142,14.297874450683594,84873500
2015-12-09 00:00:00-05:00,14.231332574264151,14.455905281947222,14.031711508297416,14.223014831542969,82418100
2015-12-10 00:00:00-05:00,14.264602728546567,14.480859291626794,14.106568781209614,14.306191444396973,68395000
2015-12-11 00:00:00-05:00,14.114886154826614,14.189744254950131,13.840406983189471,13.915265083312988,91503900
2015-12-14 00:00:00-05:00,13.940217516865665,14.048344996182372,13.72396097178509,13.97348690032959,121121200
2015-12-15 00:00:00-05:00,14.156473098599736,14.547397449769669,14.131519872864486,14.489174842834473,99737200
2015-12-16 00:00:00-05:00,14.680478872086331,14.788607935829239,14.331141626784943,14.763654708862305,171576700
2015-12-17 00:00:00-05:00,14.805244783870176,14.83019801580887,14.38936710357666,14.38936710357666,97265700
2015-12-18 00:00:00-05:00,14.297871021497903,14.364411367940162,13.940216064453125,13.940216064453125,136737800
2015-12-21 00:00:00-05:00,14.123205935375479,14.164794656137145,13.948538067518927,14.114888191223145,65150300
2015-12-22 00:00:00-05:00,14.181426661322224,14.231333119561564,14.015076559866232,14.206379890441895,56173500
2015-12-23 00:00:00-05:00,14.27292455349329,14.422640800476074,14.223019666648277,14.422640800476074,65770700
2015-12-24 00:00:00-05:00,14.40600325781029,14.455908137548317,14.322827400615232,14.364416122436523,29369400
2015-12-28 00:00:00-05:00,14.322822948571027,14.331140690349834,14.12320190522074,14.247964859008789,41777500
2015-12-29 00:00:00-05:00,14.34777702830459,14.430952864598678,14.272918934284622,14.372730255126953,45670400
2015-12-30 00:00:00-05:00,14.306189639971992,14.33945902200879,14.173108938930614,14.181425094604492,35066400
2015-12-31 00:00:00-05:00,14.148155013024784,14.198059876836027,13.998438835144043,13.998438835144043,47153000
2016-01-04 00:00:00-05:00,13.682372635583679,13.715642016104795,13.516020973637028,13.66573715209961,114888000
2016-01-05 00:00:00-05:00,13.7405952413309,13.79881784707812,13.499385490152958,13.66573715209961,66670000
2016-01-06 00:00:00-05:00,13.46611975716597,13.549295610668931,13.324721282145175,13.374626159667969,102760800
2016-01-07 00:00:00-05:00,13.083509516054033,13.224907970005006,12.842300528706538,12.892206192016602,116255900
2016-01-08 00:00:00-05:00,13.258176888218486,13.258176888218486,12.609408086165196,12.642678260803223,124782400
2016-01-11 00:00:00-05:00,12.692585851784171,12.784078647662394,12.426423620933937,12.734173774719238,104611700
2016-01-12 00:00:00-05:00,12.92547710970743,12.958747289410752,12.526234953267558,12.734173774719238,100023500
2016-01-13 00:00:00-05:00,12.867254233327301,12.908842155421365,12.351566061742366,12.393153190612793,119413000
2016-01-14 00:00:00-05:00,12.484646388012399,12.64267953516665,12.185213992864279,12.468010902404785,125920000
2016-01-15 00:00:00-05:00,11.98559085074485,12.193529625513426,11.752699645106622,12.027178764343262,172296100
2016-01-19 00:00:00-05:00,12.218482143489899,12.301657971279688,11.65288921147917,11.844192504882812,185727400
2016-01-20 00:00:00-05:00,11.46990412365101,11.644572746578632,11.037391834111489,11.386728286743164,250537600
2016-01-21 00:00:00-05:00,11.370089936557074,11.51148833786621,11.020752803113718,11.112245559692383,188976000
2016-01-22 00:00:00-05:00,11.353459913332316,11.411683325701974,11.203744493639304,11.278602600097656,169999800
2016-01-25 00:00:00-05:00,11.261964659509802,11.270282401354082,10.76291125398234,10.779546737670898,186419100
2016-01-26 00:00:00-05:00,10.871038766780108,11.103930762979141,10.846086336195736,11.070660591125488,124246900
2016-01-27 00:00:00-05:00,10.97916489804221,11.419994788064232,10.970847158383247,11.112245559692383,124095800
2016-01-28 00:00:00-05:00,11.303555381841122,11.403365929081872,11.029076178623129,11.253649711608887,110996200
2016-01-29 00:00:00-05:00,11.361776767930163,11.769336656507773,11.303554153340112,11.761019706726074,159984100
2016-02-01 00:00:00-05:00,11.6861623887561,11.719432569781919,11.478223559038817,11.61130428314209,105739400
2016-02-02 00:00:00-05:00,11.428318146556647,11.436635890305103,10.920947676256372,11.004122734069824,147101200
2016-02-03 00:00:00-05:00,11.045709270250613,11.054027012952858,10.413575896128531,10.837770462036133,257664600
2016-02-04 00:00:00-05:00,10.721325126322075,11.303553624662081,10.721325126322075,11.020756721496582,179394400
2016-02-05 00:00:00-05:00,11.078977112715034,11.137200506135368,10.721322977361098,10.771227836608887,125842800
2016-02-08 00:00:00-05:00,10.538338750424836,10.563291185039594,10.089190961241219,10.205636978149414,221363600
2016-02-09 00:00:00-05:00,9.972743693271214,10.33871639008719,9.94779126178669,10.147412300109863,247349000
2016-02-10 00:00:00-05:00,10.330400718133843,10.430211257291699,9.906205331795212,9.964427947998047,227530000
2016-02-11 00:00:00-05:00,9.531914447490614,9.606772541022313,9.140989288615943,9.282387733459473,375088700
2016-02-12 00:00:00-05:00,9.548548954501788,10.006014455863134,9.482008604473615,9.939474105834961,245388400
2016-02-16 00:00:00-05:00,10.297131280913089,10.305449024748594,10.072556956696719,10.189002990722656,194306700
2016-02-17 00:00:00-05:00,10.455162003293788,10.554972526313412,10.371986964055864,10.446845054626465,221859400
2016-02-18 00:00:00-05:00,10.571610270326735,10.59656270811064,10.064239804860936,10.180685043334961,161539400
2016-02-19 00:00:00-05:00,10.164047615863216,10.180682305504455,9.964425787603997,10.089189529418945,121045600
2016-02-22 00:00:00-05:00,10.089193377973421,10.43021297454834,10.089193377973421,10.43021297454834,88865500
2016-02-23 00:00:00-05:00,10.371988817381123,10.380305767534567,10.064239451441015,10.114144325256348,104498700
2016-02-24 00:00:00-05:00,9.94779109796276,10.105824219060182,9.689946666123985,10.089189529418945,159552800
2016-02-25 00:00:00-05:00,10.097510336297253,10.25554350537107,10.055922409733494,10.247225761413574,103054600
2016-02-26 00:00:00-05:00,10.388623852807486,10.771231335286101,10.313765746397195,10.563292503356934,160314400
2016-02-29 00:00:00-05:00,10.563293466697754,10.696374204353196,10.405260289037859,10.413578033447266,123661100
2016-03-01 00:00:00-05:00,10.51338803834299,10.987488339818833,10.496752550391832,10.970852851867676,153558200
2016-03-02 00:00:00-05:00,11.020946255490852,11.279771862547088,10.962502097482837,11.196279525756836,139622500
2016-03-03 00:00:00-05:00,11.17123300570529,11.313169511461941,11.062693277994793,11.27142333984375,105082700
2016-03-04 00:00:00-05:00,11.488501768006296,11.597041486011582,11.263072939170257,11.304819107055664,171410900
2016-03-07 00:00:00-05:00,11.229677086483733,11.371613591207216,11.162883530877622,11.296470642089844,97650300
2016-03-08 00:00:00-05:00,11.187929684731564,11.246374636640684,10.89570811015358,10.904057502746582,125894800
2016-03-09 00:00:00-05:00,10.9959002375163,11.07939258466776,10.85396372510404,10.970852851867676,92253800
2016-03-10 00:00:00-05:00,11.04599580856855,11.187932331257336,10.85396451095554,11.07939338684082,123016200
2016-03-11 00:00:00-05:00,11.221326479651882,11.555295017813641,11.162882323876385,11.513548851013184,120400600
2016-03-14 00:00:00-04:00,11.455103976627912,11.471801964555443,11.26307193988926,11.388310432434082,87746800
2016-03-15 00:00:00-04:00,11.279771645186477,11.354914587601318,11.179581320713996,11.329866409301758,80404000
2016-03-16 00:00:00-04:00,11.279771112945697,11.530247310429033,10.929104595717405,11.112787246704102,149645400
2016-03-17 00:00:00-04:00,11.037645015978347,11.25472365789862,10.895708521506284,11.1879301071167,122212300
2016-03-18 00:00:00-04:00,11.4217079210457,11.588691792005628,11.31316820586127,11.513548851013184,146616200
2016-03-21 00:00:00-04:00,11.521897265508358,11.713928501749942,11.455103722794602,11.555294036865234,104695700
2016-03-22 00:00:00-04:00,11.413358607255724,11.555295097612325,11.379961832833107,11.48850154876709,83252100
2016-03-23 00:00:00-04:00,11.496853943823218,11.546948720418381,11.354917416400058,11.371615409851074,95789700
2016-03-24 00:00:00-04:00,11.196279280347248,11.430056703497115,11.079390966893273,11.421708106994629,94836500
2016-03-28 00:00:00-04:00,11.463456364436952,11.47180575928352,11.304821843562777,11.371615409851074,54498500
2016-03-29 00:00:00-04:00,11.304818308828088,11.304818308828088,11.071040899915413,11.204627990722656,101606800
2016-03-30 00:00:00-04:00,11.263072941716514,11.405009434813827,11.238025559476378,11.25472354888916,85897000
2016-03-31 00:00:00-04:00,11.263073044738533,11.446755707410816,11.229676269365568,11.288121223449707,79592100
2016-04-01 00:00:00-04:00,11.246376895737138,11.396662011389942,11.121138370410726,11.32151985168457,73130900
2016-04-04 00:00:00-04:00,11.304818231429657,11.396659156670381,11.196278521831424,11.279770851135254,59709600
2016-04-05 00:00:00-04:00,11.10443977723784,11.13783655626933,10.987550652506613,11.012598037719727,78445900
2016-04-06 00:00:00-04:00,11.020948421106437,11.104440774302933,10.945805462478011,11.07939338684082,62558500
2016-04-07 00:00:00-04:00,10.979198917198257,11.029294473182823,10.645231198107316,10.728723526000977,105704500
2016-04-08 00:00:00-04:00,10.879010452503179,10.970852188061182,10.737073948678981,10.753772735595703,76548100
2016-04-11 00:00:00-04:00,10.787170375296448,10.929106890464194,10.753773595035922,10.828916549682617,79411500
2016-04-12 00:00:00-04:00,10.85396451095554,11.129488161765044,10.795520341463249,11.07939338684082,100791600
2016-04-13 00:00:00-04:00,11.31316820586127,11.563644410422114,11.296469420644327,11.513548851013184,138647200
2016-04-14 00:00:00-04:00,11.446755889544477,11.922660145242025,11.438406496507902,11.805771827697754,179383300
2016-04-15 00:00:00-04:00,11.914311664490274,11.931009654484114,11.64713665841126,11.688882827758789,87958700
2016-04-18 00:00:00-04:00,11.563644924529678,11.889263288317713,11.538596745590645,11.830819129943848,81998200
2016-04-19 00:00:00-04:00,11.905966401459684,12.139743916162718,11.889267609431212,12.064600944519043,107153600
2016-04-20 00:00:00-04:00,12.156437428283274,12.473706376602504,12.131389251119742,12.465357780456543,115628700
2016-04-21 00:00:00-04:00,12.4653586571356,12.640691928401955,12.315072768552454,12.44031047821045,121589000
2016-04-22 00:00:00-04:00,12.415264728327628,12.640693590849747,12.415264728327628,12.615645408630371,83456600
2016-04-25 00:00:00-04:00,12.540500640472269,12.640690959769659,12.365167382641369,12.490405082702637,70489500
2016-04-26 00:00:00-04:00,12.540504307744648,12.640694656341122,12.356821603863391,12.59894847869873,84812400
2016-04-27 00:00:00-04:00,12.540502548217773,12.774279995475476,12.507104973796102,12.540502548217773,115789000
2016-04-28 00:00:00-04:00,12.457008493754756,12.590595588126085,12.323421399383427,12.348468780517578,78639300
2016-04-29 00:00:00-04:00,12.298376462854055,12.398567606276636,12.0479009930239,12.156440734863281,122128100
2016-05-02 00:00:00-04:00,12.173138448031537,12.340122356159403,12.022852532595419,12.33177375793457,68882800
2016-05-03 00:00:00-04:00,12.114694709482935,12.114694709482935,11.814122867936328,11.989456176757812,110549000
2016-05-04 00:00:00-04:00,11.764026584200346,11.914312485713495,11.688883633443773,11.797423362731934,99269700
2016-05-05 00:00:00-04:00,11.814118588602023,11.956055063199374,11.688880897482862,11.730627059936523,73145900
2016-05-06 00:00:00-04:00,11.546948011470178,11.805773662127793,11.521900624710431,11.780725479125977,76595100
2016-05-09 00:00:00-04:00,11.755677314341098,11.847518257209913,11.613740805026191,11.680534362792969,55399600
2016-05-10 00:00:00-04:00,11.755676988035871,11.964407049323784,11.73062960362908,11.939359664916992,59870500
2016-05-11 00:00:00-04:00,11.897611643530775,12.106341672364648,11.847516086264221,11.855865478515625,68088900
2016-05-12 00:00:00-04:00,11.939358931315175,12.08129542796917,11.730628882852468,11.805771827697754,72567100
2016-05-13 00:00:00-04:00,11.814120708819319,11.997803378834881,11.580343271862581,11.588692665100098,86193900
2016-05-16 00:00:00-04:00,11.538598017881379,11.705582710919556,11.521900026322777,11.630439758300781,57848600
2016-05-17 00:00:00-04:00,11.59704286299723,11.797423537149255,11.538597902521374,11.697233200073242,76273800
2016-05-18 00:00:00-04:00,11.705580740425797,12.315072060191719,11.697231347931002,12.264976501464844,150748500
2016-05-19 00:00:00-04:00,12.189833611891267,12.415261621764447,12.047897133131846,12.131388664245605,106156900
2016-05-20 00:00:00-04:00,12.223233400109942,12.273328171892524,12.047900106386818,12.123043060302734,81214000
2016-05-23 00:00:00-04:00,12.139739170194494,12.189834730453088,12.022850060419055,12.081295013427734,66303200
2016-05-24 00:00:00-04:00,12.189836385263366,12.315074108548405,12.131391424320594,12.256629943847656,96183700
2016-05-25 00:00:00-04:00,12.381865422967937,12.649039608880821,12.381865422967937,12.457008361816406,123498700
2016-05-26 00:00:00-04:00,12.507102364924455,12.515451756788263,12.264975574566856,12.273324966430664,65356600
2016-05-27 00:00:00-04:00,12.323421320790644,12.423611640930176,12.264976370194503,12.423611640930176,62411300
2016-05-31 00:00:00-04:00,12.548849422074571,12.565548206991933,12.298373222007385,12.348468780517578,85635900
2016-06-01 00:00:00-04:00,12.231187216066147,12.482512335058724,12.105523857626789,12.449002265930176,62612100
2016-06-02 00:00:00-04:00,12.524398490768593,12.549530839607488,12.373603598792265,12.516020774841309,64327300
2016-06-03 00:00:00-04:00,12.113900041388645,12.147410106275826,11.887706504192954,12.080389976501465,148600900
2016-06-06 00:00:00-04:00,12.097143619916897,12.314959423337532,12.038501210897072,12.164164543151855,80949300
2016-06-07 00:00:00-04:00,12.180919231638256,12.231184724563489,12.013368920125655,12.021746635437012,67447100
2016-06-08 00:00:00-04:00,12.021746925474803,12.113899399294286,11.979859146850337,12.088767051696777,58292900
2016-06-09 00:00:00-04:00,11.996616594345795,11.996616594345795,11.79555616849425,11.88770866394043,74814900
2016-06-10 00:00:00-04:00,11.711778379786931,11.728533811581812,11.519095707803565,11.586115837097168,90725700
2016-06-13 00:00:00-04:00,11.426943636701992,11.653136381387435,11.376678138470233,11.393433570861816,71925000
2016-06-14 00:00:00-04:00,11.359923651955702,11.502340834411294,11.033199906580757,11.108597755432129,85377800
2016-06-15 00:00:00-04:00,11.209127282282308,11.443697732135425,11.125351722149006,11.175617218017578,100659100
2016-06-16 00:00:00-04:00,11.08346505821008,11.167240626779757,10.907537802311221,11.15048599243164,90152000
2016-06-17 00:00:00-04:00,11.209127896633223,11.33479044477755,11.125352331908342,11.225882530212402,89022300
2016-06-20 00:00:00-04:00,11.510716655093686,11.602869921377268,11.318034005487776,11.34316635131836,89874000
2016-06-21 00:00:00-04:00,11.410186767578125,11.43531911405793,11.267768805954418,11.410186767578125,73810800
2016-06-22 00:00:00-04:00,11.393429916793682,11.54422476524049,11.385052203284767,11.401806831359863,77980500
2016-06-23 00:00:00-04:00,11.594491748436658,11.770419760186801,11.57773631924958,11.762042045593262,82494600
2016-06-24 00:00:00-04:00,10.932668225813359,11.259391127957315,10.86564810235086,10.890780448913574,231499200
2016-06-27 00:00:00-04:00,10.69810206506011,10.69810206506011,10.094919914125903,10.203827857971191,250847700
2016-06-28 00:00:00-04:00,10.53054788255194,10.656211227528871,10.346242921561212,10.639455795288086,150136300
2016-06-29 00:00:00-04:00,10.949423271694076,11.075086607150372,10.823760735180704,11.04995346069336,118484000
2016-06-30 00:00:00-04:00,11.200752474591637,11.209130192568708,10.94942652788158,11.11697769165039,125773900
2016-07-01 00:00:00-04:00,11.049956849601319,11.116977795098396,10.907539637381635,10.974559783935547,88888100
2016-07-05 00:00:00-04:00,10.832140383957178,10.840517301995016,10.580814467131548,10.672966957092285,98246500
2016-07-06 00:00:00-04:00,10.48866238358212,10.823763086371958,10.430019161386578,10.773497581481934,94983300
2016-07-07 00:00:00-04:00,10.781872858876655,10.982933235051098,10.756740511590579,10.899158477783203,101100300
2016-07-08 00:00:00-04:00,11.125350826199444,11.158860887765535,10.98293286480784,11.033198356628418,92698900
2016-07-11 00:00:00-04:00,11.133729648227852,11.22588212696056,11.058331802472471,11.066709518432617,67267300
2016-07-12 00:00:00-04:00,11.234258454128678,11.393431841922391,11.225880739204195,11.34316635131836,89070600
2016-07-13 00:00:00-04:00,11.309659195531694,11.376679334256437,11.158863483929489,11.259393692016602,74595600
2016-07-14 00:00:00-04:00,11.502339069099744,11.544226845248815,11.426942030762868,11.435318946838379,97852100
2016-07-15 00:00:00-04:00,11.544229085961407,11.552606802605894,11.326414045805933,11.44369888305664,78652500
2016-07-18 00:00:00-04:00,11.594493602731564,11.921216534703678,11.577738170864807,11.820686340332031,187187100
2016-07-19 00:00:00-04:00,11.778799767880894,12.038502579296948,11.753666619207346,11.94635009765625,96940100
2016-07-20 00:00:00-04:00,12.021747889396423,12.088768020992172,11.946350041615458,12.063634872436523,79277900
2016-07-21 00:00:00-04:00,12.088767429484422,12.122277493642637,11.946349457076272,11.954727172851562,65376300
2016-07-22 00:00:00-04:00,11.946348629189405,12.063633446143795,11.879328505517499,12.046878814697266,46604800
2016-07-25 00:00:00-04:00,11.988237043547262,12.055257170782141,11.96310389662698,12.038501739501953,46420800
2016-07-26 00:00:00-04:00,11.996614529939722,12.189298004097356,11.988237612844761,12.172542572021484,60205600
2016-07-27 00:00:00-04:00,12.20604974594515,12.31495763181203,12.105519574131748,12.256315231323242,100986000
2016-07-28 00:00:00-04:00,12.206053994243502,12.306584201046288,12.113901504410048,12.29820728302002,72049500
2016-07-29 00:00:00-04:00,12.197674618242244,12.314959436406358,12.130653694936163,12.139031410217285,63276500
2016-08-01 00:00:00-04:00,12.164167829803096,12.231187972203406,11.946351967530529,12.00499439239502,61460900
2016-08-02 00:00:00-04:00,11.963105911742394,12.105523905841727,11.803933282483591,11.837443351745605,83776300
2016-08-03 00:00:00-04:00,11.820685114445189,12.130653381347656,11.81230819832352,12.130653381347656,65305400
2016-08-04 00:00:00-04:00,12.130653381347656,12.180918872792084,12.030123197401684,12.130653381347656,46176600
2016-08-05 00:00:00-04:00,12.3568465640699,12.616550131527584,12.3568465640699,12.608172416687012,120947800
2016-08-08 00:00:00-04:00,12.633306007233205,12.708703850342815,12.49926575234632,12.675193786621094,71960300
2016-08-09 00:00:00-04:00,12.65843707082444,12.725457191467285,12.624927010503018,12.725457191467285,49973300
2016-08-10 00:00:00-04:00,12.70032592832155,12.71708135938164,12.381979928666215,12.407113075256348,79080700
2016-08-11 00:00:00-04:00,12.423868634487688,12.541154263831805,12.356848503131904,12.4657564163208,68945400
2016-08-12 00:00:00-04:00,12.373604711498292,12.490889549255371,12.314961493676716,12.490889549255371,63031300
2016-08-15 00:00:00-04:00,12.541152461613104,12.591417153435192,12.524397031710492,12.583040237426758,48592100
2016-08-16 00:00:00-04:00,12.541149909833837,12.725454807604343,12.507639855789861,12.708700180053711,80307500
2016-08-17 00:00:00-04:00,12.700327560967365,12.767347695937401,12.633307425997328,12.691949844360352,93407300
2016-08-18 00:00:00-04:00,12.658437236521234,12.767345133727158,12.616550259778307,12.700325012207031,62804300
2016-08-19 00:00:00-04:00,12.675192489011025,12.775722669884514,12.608172368428699,12.750590324401855,59834800
2016-08-22 00:00:00-04:00,12.733835701682123,12.775723479436069,12.666815576852972,12.717081069946289,60877100
2016-08-23 00:00:00-04:00,12.784101137828472,12.909763671587637,12.784101137828472,12.859498977661133,67817900
2016-08-24 00:00:00-04:00,12.876252961612982,12.985160858232593,12.867875246732352,12.901385307312012,65484900
2016-08-25 00:00:00-04:00,12.91814148835363,13.018671675939142,12.901386057617922,13.010293960571289,67714400
2016-08-26 00:00:00-04:00,13.077315569133685,13.320263749761384,13.052183219121991,13.228111267089844,126886300
2016-08-29 00:00:00-04:00,13.244866201349026,13.41241652669407,13.219733053340041,13.269998550415039,120144900
2016-08-30 00:00:00-04:00,13.269997789296642,13.596720705244106,13.236487726149647,13.563211441040039,121280600
2016-08-31 00:00:00-04:00,13.64316961110861,13.668419733222834,13.365425491804693,13.584254264831543,127664300
2016-09-01 00:00:00-04:00,13.592668611782264,13.592668611782264,13.256008402002262,13.44958782196045,128812600
2016-09-02 00:00:00-04:00,13.415924545214978,13.516922628808175,13.31492646162178,13.466423988342285,100997300
2016-09-06 00:00:00-04:00,13.508502098838655,13.516918804088535,13.213924639043553,13.281256675720215,96542200
2016-09-07 00:00:00-04:00,13.230759727942797,13.340174502087576,13.171843586380964,13.213926315307617,63310300
2016-09-08 00:00:00-04:00,13.272841951167374,13.415921939808504,13.197093202517722,13.348589897155762,69292700
2016-09-09 00:00:00-04:00,13.390670837207646,13.592666938205173,13.247590065002441,13.247590065002441,135182500
2016-09-12 00:00:00-04:00,13.171843664651238,13.41592253068265,13.028762867047174,13.382256507873535,109724000
2016-09-13 00:00:00-04:00,13.188674040158093,13.348587411009513,13.087675994989652,13.230756759643555,89317600
2016-09-14 00:00:00-04:00,13.188676244070628,13.331757032634249,13.096094887860563,13.155010223388672,75528100
2016-09-15 00:00:00-04:00,13.163427518130685,13.25600887848266,13.11292808351788,13.188676834106445,67322600
2016-09-16 00:00:00-04:00,13.180260748602409,13.197094161819853,13.028763240290692,13.037179946899414,90926200
2016-09-19 00:00:00-04:00,13.087675691047961,13.281255072459937,13.087675691047961,13.121341705322266,66186400
2016-09-20 00:00:00-04:00,13.247593336216585,13.26442675012028,13.054013892292211,13.129762649536133,68210400
2016-09-21 00:00:00-04:00,13.222341049109637,13.323339101869887,12.953012908415635,13.171841621398926,95464600
2016-09-22 00:00:00-04:00,13.2055106041187,13.222344018022396,13.045597185340363,13.129762649536133,75611300
2016-09-23 00:00:00-04:00,13.070844377347779,13.188675847522369,13.045595063260803,13.06242847442627,51604400
2016-09-26 00:00:00-04:00,12.96143201558539,12.995098041496206,12.641605170763306,12.700520515441895,94972100
2016-09-27 00:00:00-04:00,12.633188525478177,12.910933441267733,12.464858395099867,12.868850708007812,81992600
2016-09-28 00:00:00-04:00,12.927763832785114,12.953013950001486,12.751017025576708,12.944597244262695,66076400
2016-09-29 00:00:00-04:00,12.944594356961288,13.04559239531537,12.675266254683736,12.759430885314941,78997700
2016-09-30 00:00:00-04:00,12.843598150593404,13.239173656572426,12.767849410357922,13.171841621398926,119428700
2016-10-03 00:00:00-04:00,13.121344202706718,13.239174873762938,13.045595455507005,13.155010223388672,69873100
2016-10-04 00:00:00-04:00,13.213926429844888,13.508503929562249,13.188677113334554,13.298091888427734,98501500
2016-10-05 00:00:00-04:00,13.432756590023075,13.66000205425807,13.432756590023075,13.559004783630371,86056900
2016-10-06 00:00:00-04:00,13.60950174819485,13.660000377309315,13.500087784226434,13.651583671569824,75886700
2016-10-07 00:00:00-04:00,13.626336420751212,13.676835054539177,13.449588794509403,13.575836181640625,99605400
2016-10-10 00:00:00-04:00,13.65158484661639,13.803082352322253,13.617919626083205,13.718916893005371,64158500
2016-10-11 00:00:00-04:00,13.68525217457633,13.744167516662934,13.48325602799826,13.559004783630371,77374000
2016-10-12 00:00:00-04:00,13.542171150363652,13.668418539261253,13.474839102596755,13.49167251586914,67165800
2016-10-13 00:00:00-04:00,13.54216995318227,13.54216995318227,13.129760996403277,13.32334041595459,78637000
2016-10-14 00:00:00-04:00,13.592671392168427,13.660003447897225,13.415924545214978,13.466423988342285,108865700
2016-10-17 00:00:00-04:00,13.609500863516791,13.63475097909389,13.382254639290005,13.508502006530762,101795500
2016-10-18 00:00:00-04:00,13.626331150072442,13.693663170853172,13.55899912929171,13.685246467590332,71433100
2016-10-19 00:00:00-04:00,13.718916806035253,13.912497842833671,13.702084998536673,13.861997604370117,97969000
2016-10-20 00:00:00-04:00,13.845165490153303,13.996661386219998,13.81149866525677,13.937746047973633,88081200
2016-10-21 00:00:00-04:00,13.853578298771296,14.030325889587402,13.803079675104824,14.030325889587402,77954900
2016-10-24 00:00:00-04:00,14.097659957963266,14.139741882872949,13.979829283958127,14.114493370056152,68244800
2016-10-25 00:00:00-04:00,14.063993877004862,14.156576043085812,14.03874536285378,14.072410583496094,49350300
2016-10-26 00:00:00-04:00,14.005079794488964,14.198660850524902,13.988247985317688,14.198660850524902,58730400
2016-10-27 00:00:00-04:00,14.265991425721102,14.39223881070607,14.190242673665603,14.232324600219727,97937300
2016-10-28 00:00:00-04:00,14.265989240460993,14.291237750396869,13.887245538199343,14.038743019104004,115123600
2016-10-31 00:00:00-04:00,14.038743619278346,14.08082554118543,13.887246131896973,13.887246131896973,70387600
2016-11-01 00:00:00-04:00,13.93774530565438,14.097659504750803,13.744165888776989,13.979828834533691,88587100
2016-11-02 00:00:00-04:00,13.85357846300129,13.937743906991368,13.702082590205935,13.87041187286377,119202000
2016-11-03 00:00:00-04:00,13.87041187286377,14.030326055912685,13.845163363392372,13.87041187286377,69690400
2016-11-04 00:00:00-04:00,13.912499016886674,14.063994929094017,13.76100149935659,13.929330825805664,82437400
2016-11-07 00:00:00-05:00,14.190242787343509,14.341740292668154,14.18182608090074,14.316490173339844,91581900
2016-11-08 00:00:00-05:00,14.156574599401639,14.40065424678837,14.063992442762196,14.308072090148926,95842800
2016-11-09 00:00:00-05:00,14.86355742717473,15.191800823249963,14.644727961350581,15.124468803405762,319516900
2016-11-10 00:00:00-05:00,15.368551598988013,15.982956609473801,15.360134894078607,15.789377212524414,304986400
2016-11-11 00:00:00-05:00,15.688378943972051,16.016624026390268,15.679962238748777,16.008207321166992,212952500
2016-11-14 00:00:00-05:00,16.3364591343402,17.001364738361858,16.328042424822094,16.900365829467773,320959900
2016-11-15 00:00:00-05:00,16.656285059546338,16.984528652599266,16.496370814456704,16.967695236206055,190293100
2016-11-16 00:00:00-05:00,16.647858294150335,16.799354134199707,16.563692868352703,16.622608184814453,126734500
2016-11-17 00:00:00-05:00,16.631037546181147,17.018196552074873,16.580538894395705,16.900365829467773,167979200
2016-11-18 00:00:00-05:00,16.883525517153977,16.95085756048502,16.723612917569337,16.833026885986328,120620200
2016-11-21 00:00:00-05:00,16.917189876149358,17.12760268156086,16.84144113777543,17.110769271850586,117479100
2016-11-22 00:00:00-05:00,17.110773726485732,17.22860441448919,16.934027694480545,17.08552360534668,104771800
2016-11-23 00:00:00-05:00,17.186523022299202,17.388519181763346,17.001360277454435,17.304353713989258,110801300
2016-11-25 00:00:00-05:00,17.354848614037106,17.573676515417553,17.25384976274266,17.55684471130371,62610400
2016-11-28 00:00:00-05:00,17.39693534477075,17.548432860959608,17.043441675437652,17.08552360534668,108651200
2016-11-29 00:00:00-05:00,17.15285170379845,17.287517380185815,17.043437748054014,17.077104568481445,114216800
2016-11-30 00:00:00-05:00,17.545954030731437,17.900759127945705,17.503714369587883,17.841625213623047,191699600
2016-12-01 00:00:00-05:00,18.095055867262154,18.534338654410657,18.02747402395302,18.16263771057129,199233900
2016-12-02 00:00:00-05:00,18.15419266753842,18.162640600706123,17.75714947632743,17.934551239013672,128468700
2016-12-05 00:00:00-05:00,18.13729448432593,18.47520532275492,18.128846552237377,18.449861526489258,130377300
2016-12-06 00:00:00-05:00,18.661056131275096,18.720190048217773,18.348489070077296,18.720190048217773,120789200
2016-12-07 00:00:00-05:00,18.7455358837298,19.06654930114746,18.542790313053608,19.06654930114746,168005200
2016-12-08 00:00:00-05:00,19.252394313859636,19.63254153020825,19.167916617578378,19.387557983398438,182693900
2016-12-09 00:00:00-05:00,19.387566718157135,19.573416444685105,19.243955053160462,19.505834579467773,130590400
2016-12-12 00:00:00-05:00,19.429793459709305,19.64098686688006,19.041198363928476,19.100332260131836,136986000
2016-12-13 00:00:00-05:00,19.260838089461572,19.3284199153051,18.830004956757723,19.100332260131836,118204100
2016-12-14 00:00:00-05:00,18.846904753278803,19.683230698535553,18.762427043284745,19.151023864746094,225340900
2016-12-15 00:00:00-05:00,19.345320991047775,19.759259987367688,19.26084328314451,19.56496238708496,162025800
2016-12-16 00:00:00-05:00,19.564965112067572,19.700128819026915,19.134130191905232,19.142578125,147497700
2016-12-19 00:00:00-05:00,19.091895990962197,19.193267986002024,18.86380658520436,18.990522384643555,97508900
2016-12-20 00:00:00-05:00,19.117230705096045,19.28618611243594,19.1003364533846,19.184812545776367,83879500
2016-12-21 00:00:00-05:00,19.19325539903149,19.19325539903149,18.982062001374235,19.117225646972656,61079100
2016-12-22 00:00:00-05:00,19.091888522859286,19.201708409741066,18.982067024699322,19.041202545166016,67123500
2016-12-23 00:00:00-05:00,19.01586435519315,19.13413220842705,18.948282494591112,19.091894149780273,38187800
2016-12-27 00:00:00-05:00,19.184808333977877,19.210152122898382,19.041198363928476,19.100332260131836,39988600
2016-12-28 00:00:00-05:00,19.108787171416733,19.151025223771978,18.80466803836805,18.863801956176758,52652900
2016-12-29 00:00:00-05:00,18.863803045671542,18.91448903368093,18.390730064600742,18.58502769470215,79188400
2016-12-30 00:00:00-05:00,18.601926116623744,18.80467170779255,18.542792187276014,18.66950798034668,72605900
2017-01-03 00:00:00-05:00,19.091892634692776,19.15947448993168,18.753983358498267,19.032758712768555,99298100
2017-01-04 00:00:00-05:00,19.193258798568127,19.396004302876328,19.091886852053047,19.387557983398438,76875100
2017-01-05 00:00:00-05:00,19.277735499061393,19.37066112129853,18.88069244171011,19.159467697143555,86826400
2017-01-06 00:00:00-05:00,19.243945389061135,19.303079290020055,19.058094144586867,19.159467697143555,66281500
2017-01-09 00:00:00-05:00,19.015856267273563,19.184810041279064,18.92293064423986,19.049646377563477,75901500
2017-01-10 00:00:00-05:00,19.083441078878256,19.548066044038805,19.041203031601196,19.379112243652344,100977700
2017-01-11 00:00:00-05:00,19.37911556208845,19.488935470581055,19.193264255176896,19.488935470581055,92385600
2017-01-12 00:00:00-05:00,19.43824864065762,19.531174290086945,19.1003393853852,19.362218856811523,120474200
2017-01-13 00:00:00-05:00,19.607197646463025,19.776153038237283,19.26084054347602,19.438243865966797,161930900
2017-01-17 00:00:00-05:00,19.15947444891139,19.252400103895372,18.59347580826794,18.62726593017578,152495900
2017-01-18 00:00:00-05:00,18.83845042651619,19.134121505491898,18.669496675157035,19.117225646972656,124366000
2017-01-19 00:00:00-05:00,19.201712545226545,19.269294400465448,18.93138512427094,19.032758712768555,75990800
2017-01-20 00:00:00-05:00,19.142574879438182,19.370664200489696,19.024307058720304,19.12567901611328,102564900
2017-01-23 00:00:00-05:00,19.108785431099527,19.227053255945798,18.9398300145092,19.05809783935547,61385600
2017-01-24 00:00:00-05:00,19.100334782808975,19.514273722181308,18.990513294259927,19.387557983398438,98508700
2017-01-25 00:00:00-05:00,19.700123322385892,19.78460101848451,19.51427367999136,19.74236297607422,99753300
2017-01-26 00:00:00-05:00,19.776158428725566,19.894426268437595,19.66633852203275,19.801502227783203,84146400
2017-01-27 00:00:00-05:00,19.793053059843313,19.809948924827577,19.66633729501807,19.733919143676758,54590200
2017-01-30 00:00:00-05:00,19.59875141846257,19.59875141846257,19.1848108678122,19.387557983398438,91561200
2017-01-31 00:00:00-05:00,19.23550051644692,19.455141905835987,19.007411195395406,19.12567901611328,91044300
2017-02-01 00:00:00-05:00,19.40445585556257,19.615649330046928,19.277740093127626,19.33687400817871,103630900
2017-02-02 00:00:00-05:00,19.21015987366571,19.252399538909092,19.015862247381587,19.19326400756836,88679100
2017-02-03 00:00:00-05:00,19.556514272195695,19.725469686421473,19.387560469248157,19.67478370666504,116035100
2017-02-06 00:00:00-05:00,19.556519712040235,19.750817364550976,19.48893784980699,19.531177520751953,92228400
2017-02-07 00:00:00-05:00,19.66633663407231,19.674784566280525,19.311531537718896,19.345321655273438,87982900
2017-02-08 00:00:00-05:00,19.20170984623121,19.20170984623121,18.965174191781806,19.151023864746094,102264500
2017-02-09 00:00:00-05:00,19.227058335063006,19.556519712040235,19.125684736073794,19.531177520751953,102634200
2017-02-10 00:00:00-05:00,19.5903126026465,19.632550664800547,19.396013327413026,19.497386932373047,90548300
2017-02-13 00:00:00-05:00,19.573414002556376,19.885981097237497,19.573414002556376,19.767711639404297,105342500
2017-02-14 00:00:00-05:00,19.767703936276884,20.418180061405387,19.70857003604301,20.325254440307617,139711400
2017-02-15 00:00:00-05:00,20.561803645764535,20.925056800539195,20.367505971301444,20.764549255371094,151233300
2017-02-16 00:00:00-05:00,20.730759126076105,20.798340995944958,20.52801190519067,20.764549255371094,98144500
2017-02-17 00:00:00-05:00,20.511110207332223,20.76454172460763,20.44352836197356,20.713855743408203,85789200
2017-02-21 00:00:00-05:00,20.772988993388683,20.950390727561224,20.764541061578814,20.933496475219727,78571500
2017-02-22 00:00:00-05:00,20.78988268086123,21.077105887219215,20.73074877566013,20.94194221496582,81531900
2017-02-23 00:00:00-05:00,20.941952670826126,21.026428799703037,20.705415320645706,20.764549255371094,85846000
2017-02-24 00:00:00-05:00,20.375942337008375,20.57023990114953,20.291464644818927,20.4688663482666,97074400
2017-02-27 00:00:00-05:00,20.44352854552109,20.832123757002734,20.435080613365624,20.756093978881836,69129100
2017-02-28 00:00:00-05:00,20.680062688724387,20.865913959999407,20.629376710775833,20.849018096923828,90242000
2017-03-01 00:00:00-05:00,21.497238637681328,21.700602145054077,21.370135031407557,21.607393264770508,143947500
2017-03-02 00:00:00-05:00,21.759920172625865,21.861601136316764,21.35319308548271,21.378612518310547,99824600
2017-03-03 00:00:00-05:00,21.43792675536817,21.734499196813456,21.43792675536817,21.556556701660156,92456100
2017-03-06 00:00:00-05:00,21.463341416778402,21.48028877780353,21.251504252532193,21.395553588867188,75660400
2017-03-07 00:00:00-05:00,21.370139408941338,21.488769358018132,21.268458442521027,21.361665725708008,64053700
2017-03-08 00:00:00-05:00,21.692128553545338,21.836177907222304,21.370135120060592,21.404029846191406,105314600
2017-03-09 00:00:00-05:00,21.48029327392578,21.632816322698524,21.37861070268074,21.48029327392578,78984600
2017-03-10 00:00:00-05:00,21.709080935746066,21.709080935746066,21.259985407818963,21.446401596069336,86998800
2017-03-13 00:00:00-04:00,21.437923431396484,21.531132314133103,21.293874074526045,21.437923431396484,56886200
2017-03-14 00:00:00-04:00,21.344721289609144,21.471823313555017,21.226091333228396,21.454875946044922,63182700
2017-03-15 00:00:00-04:00,21.514190914718377,21.649766627451687,21.14983058067636,21.33624839782715,114662700
2017-03-16 00:00:00-04:00,21.387089351540244,21.598926609320383,21.344722546460222,21.370141983032227,70306200
2017-03-17 00:00:00-04:00,21.37014043153689,21.412508849730933,21.039674850572833,21.065095901489258,105222400
2017-03-20 00:00:00-04:00,20.827835863416023,20.98035892375787,20.692260168932112,20.70920753479004,87287500
2017-03-21 00:00:00-04:00,20.76004991254533,20.81089039857349,19.446659646186795,19.50597381591797,259545800
2017-03-22 00:00:00-04:00,19.192452774819127,19.64154828565277,19.02298396000271,19.43818473815918,167984400
2017-03-23 00:00:00-04:00,19.522918504969542,19.904224522154134,19.412762248132665,19.548337936401367,111666800
2017-03-24 00:00:00-04:00,19.658491800115613,19.785593790371074,19.285657894668695,19.5907039642334,113499100
2017-03-27 00:00:00-04:00,18.878930876478375,19.53138819067349,18.77724831457591,19.514442443847656,119513500
2017-03-28 00:00:00-04:00,19.497502286908674,20.056752543591628,19.489028602269226,19.895755767822266,95761700
2017-03-29 00:00:00-04:00,19.921166778992283,20.03979507176097,19.751696404017643,19.78559112548828,67204500
2017-03-30 00:00:00-04:00,19.81101865761357,20.319428374403408,19.768651854626892,20.226221084594727,79189200
2017-03-31 00:00:00-04:00,20.192323803956707,20.31095213031794,19.98896026611328,19.98896026611328,77158300
2017-04-03 00:00:00-04:00,20.039800746526705,20.1245359580089,19.556812142124848,19.98896026611328,88076600
2017-04-04 00:00:00-04:00,19.658496716760126,19.921174444476442,19.658496716760126,19.861860275268555,75244400
2017-04-05 00:00:00-04:00,20.141485419726443,20.234692707486452,19.61612834681318,19.633075714111328,97453300
2017-04-06 00:00:00-04:00,19.633071897971227,19.87880221127141,19.455127808308017,19.709333419799805,82975200
2017-04-07 00:00:00-04:00,19.51444291953271,19.777120587915334,19.429707718580065,19.624597549438477,79519400
2017-04-10 00:00:00-04:00,19.599181104271278,19.726284743626543,19.412764911374747,19.50597381591797,63254700
2017-04-11 00:00:00-04:00,19.344974511110895,19.44665708597028,19.133137294994395,19.421236038208008,94206700
2017-04-12 00:00:00-04:00,19.3873432549137,19.43818535554427,19.158560266835558,19.192453384399414,76556300
2017-04-13 00:00:00-04:00,19.11619142093228,19.45513066991888,18.92977523803711,18.92977523803711,88061800
2017-04-17 00:00:00-04:00,18.94672543393605,19.344978908944608,18.86199020498804,19.328031539916992,85053200
2017-04-18 00:00:00-04:00,19.58223463310657,19.61612775048261,18.96366867504781,19.24329376220703,146488400
2017-04-19 00:00:00-04:00,19.421236051737,19.616125902814414,19.217872518066265,19.268712997436523,101771800
2017-04-20 00:00:00-04:00,19.4551290446455,19.633073145616727,19.336500721457806,19.548337936401367,103802600
2017-04-21 00:00:00-04:00,19.51444678216463,19.556813582932147,19.141612793889053,19.24329376220703,127235400
2017-04-24 00:00:00-04:00,19.692384544846142,20.20926779398293,19.692384544846142,20.022850036621094,138638900
2017-04-25 00:00:00-04:00,20.327899265556937,20.632945376961068,20.260111420377097,20.319425582885742,131531100
2017-04-26 00:00:00-04:00,20.33637678798969,20.497373556761147,20.21774844057389,20.243167877197266,95172200
2017-04-27 00:00:00-04:00,20.25163786344689,20.277058911618308,19.878803904548022,20.0398006439209,80024200
2017-04-28 00:00:00-04:00,19.972014273379454,20.09911629124439,19.760177038207946,19.777124404907227,69384900
2017-05-01 00:00:00-04:00,19.92965123241855,20.141488507551763,19.785601820680355,20.00591278076172,72382900
2017-05-02 00:00:00-04:00,20.005903906935423,20.056744377883334,19.768645682196116,19.9381160736084,60262600
2017-05-03 00:00:00-04:00,19.80254407742605,20.14995698964495,19.777123029145496,20.141483306884766,64272800
2017-05-04 00:00:00-04:00,20.319423199370995,20.378737354921952,20.10758600600927,20.20926856994629,68133400
2017-05-05 00:00:00-04:00,20.319423774397578,20.327897456314588,19.997431942498988,20.116060256958008,56678800
2017-05-08 00:00:00-04:00,20.124538188368994,20.387215918505056,20.124538188368994,20.302480697631836,56016500
2017-05-09 00:00:00-04:00,20.361793996241712,20.59905064627629,20.226218305882036,20.319425582885742,61622000
2017-05-10 00:00:00-04:00,20.260110744922095,20.48042163845902,20.226217631557,20.46347427368164,48495300
2017-05-11 00:00:00-04:00,20.421110061001702,20.531264713608838,20.200799139597567,20.395689010620117,68350800
2017-05-12 00:00:00-04:00,20.268586433208384,20.336374282836914,20.12453705072403,20.336374282836914,62589000
2017-05-15 00:00:00-04:00,20.38721466064453,20.455002509922718,20.319426811366345,20.38721466064453,50688800
2017-05-16 00:00:00-04:00,20.395685866557336,20.480421071910538,20.285531230930903,20.327898025512695,55774800
2017-05-17 00:00:00-04:00,19.80254241757934,19.870330257789114,19.031453512932455,19.124662399291992,190353300
2017-05-18 00:00:00-04:00,19.158558356102677,19.489023896293915,19.065349463765788,19.268712997436523,108444100
2017-05-19 00:00:00-04:00,19.41276092137014,19.743226436915773,19.37886780971423,19.531389236450195,89566700
2017-05-22 00:00:00-04:00,19.650018788411195,19.69238558121066,19.33649902665067,19.522916793823242,74839400
2017-05-23 00:00:00-04:00,19.51444968097925,19.912703162398795,19.353452905005355,19.819494247436523,79020000
2017-05-24 00:00:00-04:00,19.86185713227033,19.887276562942755,19.67543935432781,19.794069290161133,58823200
2017-05-25 00:00:00-04:00,19.836438585829455,19.980487970492906,19.675441834455047,19.700862884521484,60443500
2017-05-26 00:00:00-04:00,19.68391866453306,19.844915441644833,19.63307817246254,19.692392349243164,50399500
2017-05-30 00:00:00-04:00,19.59917592451343,19.66696376003234,19.38733873649314,19.41275978088379,61307900
2017-05-31 00:00:00-04:00,19.36600404062777,19.38300544521383,18.779412612716676,19.051454544067383,138636300
2017-06-01 00:00:00-04:00,19.11096397325632,19.246984942201376,18.957939977818675,19.238483428955078,69725100
2017-06-02 00:00:00-04:00,18.932442346716034,19.20448436057752,18.838927296389283,19.085466384887695,79722300
2017-06-05 00:00:00-04:00,19.07695908319319,19.297993557790097,19.03445151798351,19.051454544067383,51590300
2017-06-06 00:00:00-04:00,18.87293266822157,19.05145962522316,18.762414590698274,18.898435592651367,71735600
2017-06-07 00:00:00-04:00,18.957947268799586,19.229990932812015,18.93244434075045,19.212987899780273,66429700
2017-06-08 00:00:00-04:00,19.22998202277042,19.731558292818058,19.212978997616883,19.52752685546875,93685900
2017-06-09 00:00:00-04:00,19.740063415180284,20.122623443603516,19.731561901048877,20.122623443603516,108254300
2017-06-12 00:00:00-04:00,20.250143275358475,20.437173346604027,20.173631268303122,20.21613883972168,85829900
2017-06-13 00:00:00-04:00,20.360659882677947,20.496680858488492,20.114120850585124,20.2076358795166,68047300
2017-06-14 00:00:00-04:00,20.020604387909017,20.241638863146598,19.723059538067876,20.199132919311523,102352400
2017-06-15 00:00:00-04:00,20.02060583395515,20.36065989518839,19.95259534600809,20.01210594177246,69707500
2017-06-16 00:00:00-04:00,20.029108896400942,20.080117982429,19.86758498847293,19.91859245300293,57745800
2017-06-19 00:00:00-04:00,20.071611735493278,20.403162609010437,20.0631102231598,20.326650619506836,58587800
2017-06-20 00:00:00-04:00,20.326648419976618,20.394658889787387,19.96109153668217,19.969593048095703,59693500
2017-06-21 00:00:00-04:00,19.9781008661738,20.037609843356766,19.612543867480728,19.663551330566406,72432800
2017-06-22 00:00:00-04:00,19.655050064960548,19.72306055148991,19.468020010881375,19.4935245513916,64763300
2017-06-23 00:00:00-04:00,19.64655010927583,19.64655010927583,19.332000570700004,19.40001106262207,85399600
2017-06-26 00:00:00-04:00,19.47652527759783,19.672055261362004,19.32350124804388,19.459522247314453,61307800
2017-06-27 00:00:00-04:00,19.638049289470793,20.063115284387916,19.55303576618775,19.78257179260254,88257800
2017-06-28 00:00:00-04:00,20.003606375338144,20.36916177020229,20.003606375338144,20.301151275634766,119049300
2017-06-29 00:00:00-04:00,20.896241622252713,20.97275362145343,20.437171248546306,20.675207138061523,150501200
2017-06-30 00:00:00-04:00,20.930252705974194,20.930252705974194,20.547692618031597,20.624204635620117,84005200
2017-07-03 00:00:00-04:00,20.79422642090492,21.176786441525813,20.77722501448687,20.98125648498535,58129700
2017-07-05 00:00:00-04:00,21.083272830062526,21.210793926527106,20.93025043300161,21.18528938293457,76172500
2017-07-06 00:00:00-04:00,21.168285167592586,21.346813719739313,20.989758236943864,21.006759643554688,84465400
2017-07-07 00:00:00-04:00,21.185290011427277,21.253300508193572,20.95575397677923,21.10877799987793,54478800
2017-07-10 00:00:00-04:00,21.01525802791327,21.24479400870486,20.947247547104404,21.159780502319336,54632800
2017-07-11 00:00:00-04:00,21.15127820332207,21.176782740739036,20.794222786973094,20.91324234008789,69410600
2017-07-12 00:00:00-04:00,20.76022500353299,20.913249034019437,20.658208442709284,20.700716018676758,68708700
2017-07-13 00:00:00-04:00,20.768724636803107,20.938750060771746,20.717717171762324,20.93025016784668,55533400
2017-07-14 00:00:00-04:00,20.5731899436222,20.67520485026955,20.25013895574428,20.581689834594727,92625400
2017-07-17 00:00:00-04:00,20.590193324211587,20.590193324211587,20.343655924892303,20.420167922973633,81522000
2017-07-18 00:00:00-04:00,20.32665680361624,20.454176284419088,20.071617842010536,20.31815528869629,107981400
2017-07-19 00:00:00-04:00,20.445672527760237,20.57319361607938,20.241641056546804,20.454174041748047,74140100
2017-07-20 00:00:00-04:00,20.420169991807185,20.50518351178809,20.258644465993275,20.35215950012207,62793500
2017-07-21 00:00:00-04:00,20.26714891429797,20.369163855845745,20.11412488047804,20.233142852783203,65922500
2017-07-24 00:00:00-04:00,20.182128152833105,20.428667146010866,20.173626640499627,20.326650619506836,51382700
2017-07-25 00:00:00-04:00,20.61570163628388,20.97275715216398,20.607200121441714,20.81123161315918,86154700
2017-07-26 00:00:00-04:00,20.972751300736782,20.972751300736782,20.52218086880082,20.581689834594727,65704700
2017-07-27 00:00:00-04:00,20.624202596937135,20.785728131601616,20.428672625315883,20.49668312072754,62902100
2017-07-28 00:00:00-04:00,20.445668471586195,20.581689425410232,20.369156482372965,20.428667068481445,50143400
2017-07-31 00:00:00-04:00,20.505186080932617,20.65820849027316,20.479681535293413,20.505186080932617,62272000
2017-08-01 00:00:00-04:00,20.649707461652905,20.819732892075006,20.63270443216125,20.785728454589844,52782500
2017-08-02 00:00:00-04:00,20.777231318907155,20.90475082397461,20.624207264226822,20.90475082397461,55317100
2017-08-03 00:00:00-04:00,20.8707366836753,20.91324424991877,20.675206743448918,20.717714309692383,53210600
2017-08-04 00:00:00-04:00,20.981257219791964,21.3213096825321,20.955752677024687,21.227794647216797,105206600
2017-08-07 00:00:00-04:00,21.261808811241572,21.295813259732256,21.168293740269522,21.219301223754883,41860900
2017-08-08 00:00:00-04:00,21.210791029372587,21.550843456668577,21.100272977065217,21.168283462524414,73399300
2017-08-09 00:00:00-04:00,20.913244856187728,21.057767342609473,20.794225288753534,21.032262802124023,56910400
2017-08-10 00:00:00-04:00,20.896246051744388,20.896246051744388,20.479681535293413,20.505186080932617,78023700
2017-08-11 00:00:00-04:00,20.462679952226395,20.607202478074417,20.233143889732773,20.28415298461914,68157400
2017-08-14 00:00:00-04:00,20.59869785555641,20.819732368899125,20.54769038986135,20.760223388671875,54989500
2017-08-15 00:00:00-04:00,21.04076039998045,21.125773897613225,20.785721528579728,20.802722930908203,45143200
2017-08-16 00:00:00-04:00,20.86223997402512,20.9302504688904,20.471178412426188,20.564693450927734,59188900
2017-08-17 00:00:00-04:00,20.462675368323318,20.547688885924796,20.080116971363637,20.097118377685547,78969300
2017-08-18 00:00:00-04:00,20.02910528778619,20.31815023720949,19.935591889912374,20.080114364624023,60461200
2017-08-21 00:00:00-04:00,20.046106557564105,20.09711400843643,19.67204813433923,19.876079559326172,70124800
2017-08-22 00:00:00-04:00,20.06311225765074,20.309649654330837,20.037607718064034,20.258642196655273,59228600
2017-08-23 00:00:00-04:00,20.071613466308488,20.37765982921621,20.05461044017533,20.199132919311523,39825500
2017-08-24 00:00:00-04:00,20.34365524503613,20.352156758038596,20.13112228446784,20.26714324951172,39178700
2017-08-25 00:00:00-04:00,20.30965080062554,20.46267480378689,20.1906328521658,20.2076358795166,43511900
2017-08-28 00:00:00-04:00,20.26714525249978,20.318152714057817,20.037609243241672,20.165128707885742,37155000
2017-08-29 00:00:00-04:00,19.74006590653126,20.148130528849666,19.65505399748406,20.046113967895508,60897200
2017-08-30 00:00:00-04:00,20.276823561855707,20.541713712357687,20.131561799571262,20.396451950073242,58412900
2017-08-31 00:00:00-04:00,20.533166353608685,20.541711353914035,20.31954623535147,20.413537979125977,62362400
2017-09-01 00:00:00-04:00,20.42208465707176,20.661339795899433,20.336636276790998,20.584436416625977,56233900
2017-09-05 00:00:00-04:00,20.36226844417073,20.36226844417073,19.849579863675288,19.917938232421875,108605400
2017-09-06 00:00:00-04:00,20.071745822824465,20.14864919465764,19.832490707144338,20.003387451171875,64188900
2017-09-07 00:00:00-04:00,19.97774960455425,20.003384601444004,19.439427708204715,19.627412796020508,103501200
2017-09-08 00:00:00-04:00,19.593235325784892,19.849578787235107,19.52487696074537,19.55905532836914,68365000
2017-09-11 00:00:00-04:00,19.841038268316915,20.003390033119498,19.72141150993204,19.96066665649414,73741000
2017-09-12 00:00:00-04:00,20.04610691735154,20.533162054015264,20.037563548627315,20.46480369567871,99658500
2017-09-13 00:00:00-04:00,20.439173848484742,20.806600728265547,20.396450474934884,20.78951072692871,86339800
2017-09-14 00:00:00-04:00,20.832229337780575,20.968947687426255,20.67842425028892,20.712602615356445,70051000
2017-09-15 00:00:00-04:00,20.686973575907746,20.857870339829702,20.635705198648093,20.83223533630371,85937600
2017-09-18 00:00:00-04:00,20.8664082374776,21.165476657633338,20.857863239211234,21.105663299560547,68076400
2017-09-19 00:00:00-04:00,21.10566721884282,21.353465695416066,21.037308849809644,21.24238395690918,56218100
2017-09-20 00:00:00-04:00,21.259475632719216,21.567089156099144,21.08003549727581,21.41328239440918,82289900
2017-09-21 00:00:00-04:00,21.404734428272917,21.601266168649193,21.293652687879458,21.498727798461914,57864000
2017-09-22 00:00:00-04:00,21.370551986493016,21.42182034692281,21.233835272152376,21.37909698486328,61446000
2017-09-25 00:00:00-04:00,21.310743390967122,21.430370135305626,21.003129900048503,21.156936645507812,62361700
2017-09-26 00:00:00-04:00,21.2167493475548,21.327831088104634,21.097122606994656,21.19965934753418,53012700
2017-09-27 00:00:00-04:00,21.62690246359049,21.90888098249906,21.51582070817477,21.712350845336914,92877400
2017-09-28 00:00:00-04:00,21.866157287662073,21.908880663016117,21.65253715130726,21.746530532836914,64991400
2017-09-29 00:00:00-04:00,21.71234785491003,21.772161224956772,21.62689948493235,21.65253448486328,66232600
2017-10-02 00:00:00-04:00,21.7550720152091,21.91742376108456,21.695258642989767,21.89179039001465,54001400
2017-10-03 00:00:00-04:00,22.00286943114693,22.156676157840106,21.891787700641835,22.09686279296875,55946900
2017-10-04 00:00:00-04:00,22.096868076308066,22.173771458042175,21.960151315401276,21.96869468688965,53402800
2017-10-05 00:00:00-04:00,22.01995815574906,22.413018319188797,21.92596479936483,22.32756996154785,62636900
2017-10-06 00:00:00-04:00,22.430113153588945,22.472836526726514,22.250673030660497,22.395933151245117,53900600
2017-10-09 00:00:00-04:00,22.438654692103256,22.4471996913708,22.011414507477813,22.08831787109375,55172500
2017-10-10 00:00:00-04:00,22.07122507932695,22.17376342776874,21.968686730885157,22.156673431396484,46133800
2017-10-11 00:00:00-04:00,22.15667639082648,22.15667639082648,21.917421299033233,22.07122802734375,51652300
2017-10-12 00:00:00-04:00,22.105412427104692,22.156680803488005,21.65253715130726,21.746530532836914,71770000
2017-10-13 00:00:00-04:00,21.686711206567455,22.216489756326794,21.46454774322113,22.07122802734375,104196900
2017-10-16 00:00:00-04:00,22.105416688842194,22.498477033213458,22.105416688842194,22.421573638916016,71927200
2017-10-17 00:00:00-04:00,22.532651889407244,22.583920263946645,22.310486760013532,22.38739013671875,48644400
2017-10-18 00:00:00-04:00,22.507019278636967,22.686459423486692,22.498474277007112,22.626646041870117,55382500
2017-10-19 00:00:00-04:00,22.387391455669203,22.720638354496852,22.344666449542366,22.712093353271484,54542700
2017-10-20 00:00:00-04:00,23.105152464252473,23.224779207344483,22.985524091368326,23.21623420715332,83764700
2017-10-23 00:00:00-04:00,23.25895574524399,23.438397475532074,23.147874011097667,23.207687377929688,69607700
2017-10-24 00:00:00-04:00,23.370046666674366,23.788741999689783,23.36150166439333,23.65202522277832,90346500
2017-10-25 00:00:00-04:00,23.831458085928045,23.857093084923665,23.361494512885958,23.60929298400879,81265300
2017-10-26 00:00:00-04:00,23.660561850793755,23.9083603100694,23.652016851537084,23.703285217285156,55342500
2017-10-27 00:00:00-04:00,23.652018012008114,23.8912714837659,23.600749643744592,23.754554748535156,58856700
2017-10-30 00:00:00-04:00,23.626383495191995,23.720376863753543,23.464031757619885,23.583660125732422,51357600
2017-10-31 00:00:00-04:00,23.617836858433826,23.686195222706598,23.361493399858926,23.404216766357422,50311200
2017-11-01 00:00:00-04:00,23.617837407045812,23.69474077236304,23.378583941429547,23.523845672607422,46527700
2017-11-02 00:00:00-04:00,23.506761387663158,23.87418830464942,23.310231241765706,23.814374923706055,59692000
2017-11-03 00:00:00-04:00,23.69473932431905,23.771642684936523,23.600747595624725,23.771642684936523,37816100
2017-11-06 00:00:00-05:00,23.703287046592653,23.771645416129644,23.600750307183212,23.71183204650879,37261000
2017-11-07 00:00:00-05:00,23.703285782928482,23.72892078131024,23.088060489894318,23.224777221679688,68342100
2017-11-08 00:00:00-05:00,23.03679301530693,23.03679301530693,22.635187775441782,22.89153289794922,83128200
2017-11-09 00:00:00-05:00,22.63518714904785,22.780448892177848,22.319030292101,22.63518714904785,95448600
2017-11-10 00:00:00-05:00,22.720633450706046,22.8488051818386,22.60955008854371,22.65227508544922,61105300
2017-11-13 00:00:00-05:00,22.438652319960447,22.62663739459735,22.336113969381902,22.558279037475586,55902200
2017-11-14 00:00:00-05:00,22.43866364426936,22.515567038566804,22.28485685567448,22.421573638916016,61596800
2017-11-15 00:00:00-05:00,22.20794753438824,23.011159643910712,22.05414078684221,22.89153289794922,98274900
2017-11-16 00:00:00-05:00,22.994069880002264,23.11369662719615,22.84880813135589,22.86589813232422,54565200
2017-11-17 00:00:00-05:00,22.652273959995412,22.840259047663857,22.592460597091446,22.746267318725586,48420700
2017-11-20 00:00:00-05:00,22.848806381225586,22.934254749730002,22.677911274008828,22.848806381225586,46328800
2017-11-21 00:00:00-05:00,22.900078653257278,22.951348660973085,22.806086898696332,22.84026527404785,57749100
2017-11-22 00:00:00-05:00,22.8744403704082,22.98552210370329,22.720633639851922,22.780447006225586,38103200
2017-11-24 00:00:00-05:00,22.83171619775623,22.84880619727794,22.703544460927507,22.72063446044922,14273600
2017-11-27 00:00:00-05:00,22.660821091915288,23.00261293338923,22.65227609215443,22.72063446044922,44828600
2017-11-28 00:00:00-05:00,22.746269130199916,23.66910790370616,22.703544132014606,23.61783790588379,99765000
2017-11-29 00:00:00-05:00,23.94254207612531,24.34414729211031,23.788735337724905,24.16470718383789,119728400
2017-11-30 00:00:00-05:00,24.559443764885927,24.645254625463707,24.09605726142711,24.173288345336914,122131900
2017-12-01 00:00:00-05:00,24.2419381431235,24.465049982619128,23.59834686498748,24.11322021484375,137774800
2017-12-04 00:00:00-05:00,24.75681076649117,25.15154595319721,24.73106652689578,24.937015533447266,145661700
2017-12-05 00:00:00-05:00,24.971339266294592,25.142962606856788,24.75680886303903,24.825458526611328,91349800
2017-12-06 00:00:00-05:00,24.65383592669806,24.85978493727475,24.516536586313602,24.57660484313965,74593800
2017-12-07 00:00:00-05:00,24.79113528509674,24.859784955338853,24.344913246891625,24.69674301147461,80706100
2017-12-08 00:00:00-05:00,24.902695579588123,24.962763845038655,24.67958371024508,24.928438186645508,60991300
2017-12-11 00:00:00-05:00,24.911276503281435,25.031413031815077,24.799719752439525,24.83404541015625,54001900
2017-12-12 00:00:00-05:00,25.160125732421875,25.314587886488553,24.808295997819815,25.160125732421875,76017200
2017-12-13 00:00:00-05:00,25.15154077529735,25.263097487174193,24.73964284699103,24.74822425842285,79980600
2017-12-14 00:00:00-05:00,24.93701924204268,25.039994579001362,24.63667628237877,24.653839111328125,60615800
2017-12-15 00:00:00-05:00,24.808300278300248,25.03999354937715,24.66241951170413,24.919857025146484,129859400
2017-12-18 00:00:00-05:00,25.13438239123575,25.314587141183267,25.117219566458733,25.29742431640625,70548600
2017-12-19 00:00:00-05:00,25.400404490950184,25.434728510338108,25.203036878441864,25.271686553955078,67984100
2017-12-20 00:00:00-05:00,25.53769895307333,25.606348615444343,25.27168171597778,25.29742431640625,81271200
2017-12-21 00:00:00-05:00,25.391825711132462,25.72649270938643,25.38324429621088,25.58919334411621,72953200
2017-12-22 00:00:00-05:00,25.72648899851348,25.769396066932334,25.417566289584276,25.640676498413086,54203000
2017-12-26 00:00:00-05:00,25.520537324910713,25.69216230725398,25.38323799373095,25.55486297607422,42371200
2017-12-27 00:00:00-05:00,25.451888912821747,25.5119571685791,25.400402070277902,25.5119571685791,35111800
2017-12-28 00:00:00-05:00,25.511957043609154,25.589188125415212,25.451888788146043,25.572025299072266,37914900
2017-12-29 00:00:00-05:00,25.614930941726893,25.640673543073813,25.331750869750977,25.331750869750977,40672000
2018-01-02 00:00:00-05:00,25.529118994379445,25.6578369140625,25.40898248757355,25.6578369140625,57121600
2018-01-03 00:00:00-05:00,25.657837794049797,25.69216344673569,25.477633027660463,25.572025299072266,57865700
2018-01-04 00:00:00-05:00,25.717904698502185,26.121222912688346,25.640673620753223,25.906692504882812,76512500
2018-01-05 00:00:00-05:00,26.061156326294686,26.104061755903597,25.786556011891072,26.026830673217773,56445200
2018-01-08 00:00:00-05:00,25.94101855560201,25.975344209179546,25.786556387977594,25.84662628173828,42914800
2018-01-09 00:00:00-05:00,25.91527354543004,26.207035026794504,25.85520365724798,25.975341796875,69479100
2018-01-10 00:00:00-05:00,26.061155701266312,26.37007838786345,26.009667222885803,26.21561622619629,63532800
2018-01-11 00:00:00-05:00,26.310007095336914,26.335751331554675,26.129802352023578,26.310007095336914,59318300
2018-01-12 00:00:00-05:00,26.49879737870011,26.773397697589086,26.404405104671238,26.764816284179688,66371600
2018-01-16 00:00:00-05:00,27.236782947758083,27.279690015408775,26.62751731775372,26.807722091674805,104467900
2018-01-17 00:00:00-05:00,26.6017691606565,26.850625206180286,26.035409044949226,26.7562313079834,124382900
2018-01-18 00:00:00-05:00,26.884946348818048,27.211031796461974,26.78197104934599,27.01366424560547,76463800
2018-01-19 00:00:00-05:00,27.099483236660973,27.236782577803716,26.996507912435288,27.219619750976562,66491000
2018-01-22 00:00:00-05:00,27.176713962403035,27.40840721130371,27.099482879436145,27.40840721130371,53848800
2018-01-23 00:00:00-05:00,27.339761851820377,27.57145513724809,27.279693585984486,27.39124870300293,56531400
2018-01-24 00:00:00-05:00,27.468469523453713,27.64009448907498,27.305427606524184,27.537120819091797,81585000
2018-01-25 00:00:00-05:00,27.665840361676235,27.67442013689402,27.399821501289576,27.537120819091797,62265800
2018-01-26 00:00:00-05:00,27.554282527850805,27.631513595581055,27.416983215605228,27.631513595581055,52699900
2018-01-29 00:00:00-05:00,27.67442600503332,27.846051007046288,27.61435774534998,27.70016860961914,59126500
2018-01-30 00:00:00-05:00,27.41698440411991,27.631514793395535,27.331171921062264,27.356914520263672,60555800
2018-01-31 00:00:00-05:00,27.502797699930852,27.70874833230664,27.416986845967585,27.45989227294922,65734100
2018-02-01 00:00:00-05:00,27.459891451322115,27.888952255249023,27.425565801374166,27.888952255249023,62367400
2018-02-02 00:00:00-05:00,27.837462290301865,28.034829856727068,27.33975348659352,27.41698455810547,96971900
2018-02-05 00:00:00-05:00,26.70474968163328,27.44273327645597,25.01424878019806,25.966764450073242,155908300
2018-02-06 00:00:00-05:00,25.23736062925191,26.850630441749985,25.142966712649272,26.773399353027344,165878400
2018-02-07 00:00:00-05:00,26.704746252390905,27.236780754519277,26.48163442878518,26.816301345825195,101180500
2018-02-08 00:00:00-05:00,26.86778708526469,26.92785533594021,25.51195501024198,25.520536422729492,128981300
2018-02-09 00:00:00-05:00,25.889531334384582,26.267105334544475,24.9970839952316,26.026830673217773,143071100
2018-02-12 00:00:00-05:00,26.27568730160551,26.979346837140408,26.20703763074204,26.704748153686523,95055100
2018-02-13 00:00:00-05:00,26.636094809723378,26.94501746764014,26.395820176466312,26.7562313079834,76727300
2018-02-14 00:00:00-05:00,26.747651382589083,27.48563487444335,26.65325747914494,27.45989227294922,97251500
2018-02-15 00:00:00-05:00,27.794556900289525,27.86320819659327,27.348334931474113,27.640094757080078,68117400
2018-02-16 00:00:00-05:00,27.459889209113726,27.682999368609266,27.39123955156042,27.434144973754883,62137800
2018-02-20 00:00:00-05:00,27.425568653205403,27.59719364731732,27.245363882451414,27.399826049804688,58573900
2018-02-21 00:00:00-05:00,27.28827299374925,27.777402165192424,27.262530386875902,27.348342895507812,72210300
2018-02-22 00:00:00-05:00,27.451308262787936,27.58002616829079,27.108059969201335,27.193872451782227,64749700
2018-02-23 00:00:00-05:00,27.288264380905886,27.511377814971276,27.2539403703291,27.485631942749023,53626300
2018-02-26 00:00:00-05:00,27.60577443845037,27.837467697994832,27.502800747588815,27.82030487060547,61796300
2018-02-27 00:00:00-05:00,27.73449327425771,28.1892967308966,27.73449327425771,27.74307632446289,69235500
2018-02-28 00:00:00-05:00,27.880374083980588,28.120647100495347,27.537124111695785,27.545703887939453,72044000
2018-03-01 00:00:00-05:00,27.62322191005549,27.86439648095237,27.011670227705782,27.11503028869629,90547100
2018-03-02 00:00:00-05:00,26.804953191411865,27.29591767492242,26.382894332131343,27.24423599243164,82739100
2018-03-05 00:00:00-05:00,27.003058755773612,27.864398689520065,26.8480170091205,27.67490577697754,70543100
2018-03-06 00:00:00-05:00,27.821334239760183,27.8385614668046,27.51986598087687,27.65768051147461,50832600
2018-03-07 00:00:00-05:00,27.30452824518882,27.761038222820922,27.201166534607243,27.717971801757812,52763900
2018-03-08 00:00:00-05:00,27.726581812202582,27.795490709639544,27.399272763769712,27.735197067260742,53139800
2018-03-09 00:00:00-05:00,27.967764334912676,28.191711717442406,27.90747068247169,28.1830997467041,73905800
2018-03-12 00:00:00-04:00,28.157258310281257,28.467341840515665,28.114191883472646,28.286460876464844,60322800
2018-03-13 00:00:00-04:00,28.398433347050755,28.415660573186116,27.821332771667162,27.873014450073242,63347500
2018-03-14 00:00:00-04:00,28.03667509404938,28.03667509404938,27.502644094991187,27.68352508544922,58011400
2018-03-15 00:00:00-04:00,27.812722030338325,27.855788454700836,27.502638517716147,27.649065017700195,41964200
2018-03-16 00:00:00-04:00,27.65768172503746,28.053898107171438,27.63184252621586,27.709360122680664,83447600
2018-03-19 00:00:00-04:00,27.674910274430157,27.75243116035464,27.28730584480774,27.54570770263672,57363200
2018-03-20 00:00:00-04:00,27.614616617128657,27.735203931731654,27.459573202400744,27.54570770263672,44784500
2018-03-21 00:00:00-04:00,27.562937685479476,27.950542153833176,27.287308571485337,27.450963973999023,64546300
2018-03-22 00:00:00-04:00,27.08058294618733,27.1236493731423,26.202014036123344,26.313987731933594,110271900
2018-03-23 00:00:00-04:00,26.434575379868978,26.451800964073442,25.021973973738596,25.125335693359375,115740200
2018-03-26 00:00:00-04:00,25.745501297131334,26.3226002662025,25.53877949904479,26.219240188598633,83297000
2018-03-27 00:00:00-04:00,26.40012082230495,26.41734804932074,25.159788406107428,25.42680549621582,85821800
2018-03-28 00:00:00-04:00,25.659368757221106,25.805795261785146,24.987521673151676,25.314830780029297,79396100
2018-03-29 00:00:00-04:00,25.46987098188378,25.960835433582005,25.245921967571153,25.831634521484375,65678300
2018-04-02 00:00:00-04:00,25.66798315817176,25.891932207397243,24.763574989615655,25.245925903320312,86644200
2018-04-03 00:00:00-04:00,25.444036078205627,25.53878255352788,25.065045248279585,25.487102508544922,69698700
2018-04-04 00:00:00-04:00,24.978910774956155,25.814411681854452,24.93584434456473,25.73689079284668,66640800
2018-04-05 00:00:00-04:00,25.99529554836282,26.313991091426598,25.943615500843112,26.115882873535156,55765500
2018-04-06 00:00:00-04:00,25.848865727003147,26.09004200482279,25.29760754099137,25.521554946899414,79687600
2018-04-09 00:00:00-04:00,25.685205327541702,26.382891538502335,25.633525293402048,25.728273391723633,65917500
2018-04-10 00:00:00-04:00,26.253692626953125,26.33982711898441,26.038357218314314,26.253692626953125,60540500
2018-04-11 00:00:00-04:00,25.969449556348607,26.046970433704058,25.745500537641618,25.754114151000977,62211500
2018-04-12 00:00:00-04:00,26.02974262965051,26.529320693261315,25.986676206687694,26.40011978149414,57989100
2018-04-13 00:00:00-04:00,26.813564508650256,26.84801896280422,25.46125839780442,25.667980194091797,99254500
2018-04-16 00:00:00-04:00,25.9091558245062,26.158945682508357,25.383736911383565,25.77995491027832,110588900
2018-04-17 00:00:00-04:00,25.986676138751108,26.158945115909464,25.73688628615936,25.87470245361328,83475900
2018-04-18 00:00:00-04:00,25.866091839948815,26.029745580060258,25.40958014755631,25.435420989990234,79743200
2018-04-19 00:00:00-04:00,25.452648342292996,26.04697461649935,25.444036370429433,25.99529457092285,80902600
2018-04-20 00:00:00-04:00,26.06420135498047,26.29676402001219,25.95222600831527,26.06420135498047,65554600
2018-04-23 00:00:00-04:00,26.07281644108192,26.18479015118779,25.943615500843112,26.115882873535156,50686300
2018-04-24 00:00:00-04:00,26.23646533481587,26.581003302085378,25.84024897248623,26.003904342651367,81486800
2018-04-25 00:00:00-04:00,25.91776998582885,26.133105395054493,25.66798012254528,25.96083641052246,65893500
2018-04-26 00:00:00-04:00,25.87470401477296,26.08142581410839,25.831635946445484,25.900543212890625,45936700
2018-04-27 00:00:00-04:00,25.831637363844614,26.021131946246747,25.814410135568355,25.969451904296875,47411200
2018-04-30 00:00:00-04:00,26.072815078605956,26.210629626709512,25.771345138549805,25.771345138549805,55153900
2018-05-01 00:00:00-04:00,25.77134505406282,25.805797869536256,25.51294318793553,25.79718589782715,52871700
2018-05-02 00:00:00-04:00,25.7971822303582,25.900542304963277,25.461257880694774,25.478485107421875,68234600
2018-05-03 00:00:00-04:00,25.418193827646324,25.426807441813313,24.487944855037494,25.15117835998535,110672700
2018-05-04 00:00:00-04:00,24.97029872475333,25.340675963689065,24.823870552217784,25.237314224243164,58281900
2018-05-07 00:00:00-04:00,25.35789548838973,25.65936535704474,25.263147392929366,25.530162811279297,46765200
2018-05-08 00:00:00-04:00,25.642140382718082,25.95222224828924,25.556005892273244,25.77995491027832,65119800
2018-05-09 00:00:00-04:00,25.926383983690368,26.52071018196983,25.90915675640602,26.46041488647461,72266500
2018-05-10 00:00:00-04:00,26.365674999777212,26.76189146889089,26.202019585505408,26.606849670410156,54773200
2018-05-11 00:00:00-04:00,26.624071093729665,26.727432817794014,26.53793659748919,26.6326847076416,42024800
2018-05-14 00:00:00-04:00,26.73604725826169,26.899700999011262,26.72743364408346,26.804954528808594,41791600
2018-05-15 00:00:00-04:00,26.63268473228745,27.01167553036895,26.572391077726984,26.89108657836914,64433500
2018-05-16 00:00:00-04:00,26.856632823439348,26.916926475884722,26.718818291313124,26.753271102905273,43590100
2018-05-17 00:00:00-04:00,26.736045081167493,26.77049789219602,26.41734795403998,26.537935256958008,45981500
2018-05-18 00:00:00-04:00,26.503485841302943,26.52071307046359,26.038360511239503,26.06420135498047,58641700
2018-05-21 00:00:00-04:00,26.288148532912164,26.425963070622725,26.253694077045086,26.313987731933594,34983300
2018-05-22 00:00:00-04:00,26.357061383986146,26.822185136549127,26.305381332118976,26.606849670410156,61103000
2018-05-23 00:00:00-04:00,26.45180118464674,26.49486925271403,25.909156670029407,26.219240188598633,73893100
2018-05-24 00:00:00-04:00,26.184783056971355,26.193396669704143,25.69381863135293,26.021127700805664,62146200
2018-05-25 00:00:00-04:00,25.84886076882134,26.003902514617668,25.7368854444668,25.97806167602539,44166700
2018-05-29 00:00:00-04:00,25.633526560840487,25.667979371010873,24.72050491246224,24.9444522857666,135895000
2018-05-30 00:00:00-04:00,25.228697394865932,25.495712842949597,25.11672206178392,25.400964736938477,79435300
2018-05-31 00:00:00-04:00,25.253941974977067,25.30583317332805,24.933942677697857,25.115564346313477,97509300
2018-06-01 00:00:00-04:00,25.50475184056033,25.651778283164777,25.349076589615446,25.42691421508789,64796600
2018-06-04 00:00:00-04:00,25.556643041011455,25.591238274373215,25.366374206296328,25.42691421508789,43777000
2018-06-05 00:00:00-04:00,25.34907582269106,25.375022246927383,25.132860569496103,25.18475341796875,47690800
2018-06-06 00:00:00-04:00,25.331773560555092,25.98906631527382,25.32312475462576,25.980419158935547,74995800
2018-06-07 00:00:00-04:00,26.118801615171627,26.21393519891595,25.850693530242204,26.023666381835938,68402700
2018-06-08 00:00:00-04:00,25.954477310180664,25.9890708903968,25.781504460325934,25.954477310180664,49572900
2018-06-11 00:00:00-04:00,26.058258811541815,26.300420463159742,25.997718811035156,25.997718811035156,46732800
2018-06-12 00:00:00-04:00,26.09285158284572,26.179337996677976,25.72960996442316,25.859338760375977,49644600
2018-06-13 00:00:00-04:00,25.928529338729913,26.257177403900616,25.686369342910712,25.807449340820312,68900200
2018-06-14 00:00:00-04:00,25.98042484906934,25.98907200730148,25.40961507985418,25.513399124145508,77863200
2018-06-15 00:00:00-04:00,25.29718132572843,25.435558937765116,24.968534909539123,25.32312774658203,105079500
2018-06-18 00:00:00-04:00,25.029078928976755,25.513400648900774,24.91664607014255,25.42691421508789,52644100
2018-06-19 00:00:00-04:00,25.11556119866225,25.40096522821108,25.037723586095183,25.305830001831055,65466200
2018-06-20 00:00:00-04:00,25.444213238678753,25.513402059636476,25.236646775805585,25.288537979125977,52256500
2018-06-21 00:00:00-04:00,25.26258901637766,25.470157108003193,25.080968998194628,25.33177947998047,68322600
2018-06-22 00:00:00-04:00,25.478805026352923,25.530697875602907,25.07232093811035,25.07232093811035,76079200
2018-06-25 00:00:00-04:00,24.95988894797245,25.00313133806675,24.440972018883617,24.631240844726562,73616400
2018-06-26 00:00:00-04:00,24.665828838786297,24.795557620594355,24.22474966096613,24.68312644958496,56369300
2018-06-27 00:00:00-04:00,24.657188413481112,24.95124129863259,24.423675537109375,24.423675537109375,61764400
2018-06-28 00:00:00-04:00,24.562048009494287,24.942587248469305,24.475561593873895,24.795560836791992,71292100
2018-06-29 00:00:00-04:00,25.158802764960882,25.227991568370136,24.37177950758393,24.380428314208984,102307600
2018-07-02 00:00:00-04:00,24.285292475629163,24.45826530456543,24.069077264254403,24.45826530456543,52534300
2018-07-03 00:00:00-04:00,24.501503955274305,24.58799035657003,23.99123600217953,24.02583122253418,40599000
2018-07-05 00:00:00-04:00,24.17286376501239,24.285294960611633,24.051782112530915,24.14691734313965,44506800
2018-07-06 00:00:00-04:00,24.051781620918682,24.345834464434112,23.896106392046832,24.24205207824707,39424900
2018-07-09 00:00:00-04:00,24.415024630745144,25.158805588048196,24.4063758231496,25.124210357666016,61758900
2018-07-10 00:00:00-04:00,25.27123419375169,25.366369417946558,24.864750176031144,24.93393898010254,58858400
2018-07-11 00:00:00-04:00,24.795559949281575,25.003126349586363,24.752317567814746,24.804208755493164,50218900
2018-07-12 00:00:00-04:00,24.994476924634792,25.055016917026126,24.786910529468326,24.88204574584961,51700700
2018-07-13 00:00:00-04:00,24.75231983200249,24.81285983143032,24.406374150258447,24.6917781829834,75178000
2018-07-16 00:00:00-04:00,24.890695276724717,25.81609610072179,24.847451245477913,25.755556106567383,129172000
2018-07-17 00:00:00-04:00,25.850693270349556,26.118801352583525,25.582586837706934,25.954477310180664,87778900
2018-07-18 00:00:00-04:00,25.876638060382135,26.196637317550124,25.807449254723007,26.058258056640625,59109200
2018-07-19 00:00:00-04:00,25.88528923753742,25.963126857230236,25.634478763062493,25.660425186157227,59260600
2018-07-20 00:00:00-04:00,25.61718045155822,26.084204477359513,25.47880119064872,26.058258056640625,80432700
2018-07-23 00:00:00-04:00,26.066909073605924,26.680961219284864,26.058260265966343,26.59447479248047,74080200
2018-07-24 00:00:00-04:00,26.680957662411664,26.905821682289616,26.507984831862114,26.663660049438477,64761500
2018-07-25 00:00:00-04:00,26.551235316637875,26.905828220803727,26.52528889087273,26.871232986450195,57644100
2018-07-26 00:00:00-04:00,26.975015762285935,26.99231172905193,26.71555646569808,26.758800506591797,46215000
2018-07-27 00:00:00-04:00,26.802039346066216,26.931768152372634,26.637715311629407,26.862579345703125,57198900
2018-07-30 00:00:00-04:00,26.931773750483092,27.199881875449467,26.92312494165273,27.078800201416016,58721000
2018-07-31 00:00:00-04:00,27.122041810973858,27.173933009706435,26.655016073606294,26.706907272338867,64066000
2018-08-01 00:00:00-04:00,27.000960542621673,27.286364614211255,26.957718151310807,27.026906967163086,69070700
2018-08-02 00:00:00-04:00,26.793391452219474,27.078795495657385,26.698257870801054,27.0528507232666,46427200
2018-08-03 00:00:00-04:00,26.966364071162257,27.251768112182617,26.949066456654037,27.251768112182617,50153800
2018-08-06 00:00:00-04:00,27.199876031669636,27.320956030097943,27.087443190622274,27.26041603088379,41261500
2018-08-07 00:00:00-04:00,27.28636169160774,27.502576924186542,27.234470497674398,27.251768112182617,43946200
2018-08-08 00:00:00-04:00,27.25176990683078,27.597713971820525,27.22582348335977,27.502578735351562,43689600
2018-08-09 00:00:00-04:00,27.44203246469674,27.493925299790757,27.286357258596787,27.329601287841797,38219100
2018-08-10 00:00:00-04:00,27.00960349384176,27.09608990730063,26.724199484141273,26.97500991821289,55679800
2018-08-13 00:00:00-04:00,26.8798768799907,26.914472108018412,26.33501523528435,26.360960006713867,63960600
2018-08-14 00:00:00-04:00,26.47339314594084,26.72420195359737,26.309069110143696,26.62906837463379,42521200
2018-08-15 00:00:00-04:00,26.360961651630507,26.482043307691697,26.084206408504418,26.257179260253906,59747900
2018-08-16 00:00:00-04:00,26.430145809778693,26.67230742968076,26.3955522352733,26.568523406982422,44015400
2018-08-17 00:00:00-04:00,26.516638059940625,26.689610919333028,26.42150282231566,26.585826873779297,39843500
2018-08-20 00:00:00-04:00,26.542582216054345,26.75014863983687,26.50798698729494,26.698257446289062,40011000
2018-08-21 00:00:00-04:00,26.732850535795322,27.026903376498932,26.663661729135136,26.827985763549805,53510600
2018-08-22 00:00:00-04:00,26.741499081956743,26.888525500874266,26.706903854168498,26.79339027404785,33062900
2018-08-23 00:00:00-04:00,26.75879820760236,26.79339178775373,26.585825358071467,26.672311782836914,38259100
2018-08-24 00:00:00-04:00,26.758803050742547,26.87988307757393,26.680965419324757,26.715559005737305,43585000
2018-08-27 00:00:00-04:00,26.83664015253234,27.2344754611793,26.802044917210893,27.078800201416016,47729300
2018-08-28 00:00:00-04:00,27.122036597801458,27.165278980168335,26.975010188326472,27.044198989868164,38539000
2018-08-29 00:00:00-04:00,27.01826057936525,27.078800592460425,26.871234126309123,26.931774139404297,46401800
2018-08-30 00:00:00-04:00,26.827988560130258,26.940419764076296,26.767448554190747,26.819339752197266,47358900
2018-08-31 00:00:00-04:00,26.706902832763287,26.7674444790773,26.482040459104585,26.750146865844727,49266000
2018-09-04 00:00:00-04:00,26.732856482208252,26.949071757314815,26.655018851202556,26.931774139404297,44745600
2018-09-05 00:00:00-04:00,26.87122677661645,27.0182531894586,26.78474036031086,26.96636199951172,48516700
2018-09-06 00:00:00-04:00,26.983743867257527,27.03588756221247,26.7056507910931,26.8099365234375,42666000
2018-09-07 00:00:00-04:00,26.9402917069027,27.044577436387243,26.618745560427,26.818626403808594,49103800
2018-09-10 00:00:00-04:00,26.83600510188536,26.940290827967548,26.723030418064585,26.783863067626953,34156200
2018-09-11 00:00:00-04:00,26.696960175267275,26.853387945001135,26.679580601181108,26.8099365234375,53071000
2018-09-12 00:00:00-04:00,26.83600642219428,26.9055296904811,26.40148558101029,26.44493865966797,59482300
2018-09-13 00:00:00-04:00,26.531840403482633,26.65350569595549,26.14077102401231,26.192913055419922,59219500
2018-09-14 00:00:00-04:00,26.18422789324703,26.410178953152908,26.166848317535532,26.392799377441406,33743900
2018-09-17 00:00:00-04:00,26.366724861700952,26.49708078296849,26.20160647739382,26.31458282470703,35026600
2018-09-18 00:00:00-04:00,26.358031754410398,26.418864401413924,26.184222770772912,26.253746032714844,49921700
2018-09-19 00:00:00-04:00,26.184223505836748,27.114099439566594,26.184223505836748,26.940290451049805,92666300
2018-09-20 00:00:00-04:00,27.201004990956783,27.261839303304757,27.061958449292465,27.105411529541016,83357400
2018-09-21 00:00:00-04:00,27.23576443693594,27.261836282195837,26.914218308991927,26.96636199951172,85992100
2018-09-24 00:00:00-04:00,26.92291385221929,27.11410410399118,26.64482074880451,26.714344024658203,45587700
2018-09-25 00:00:00-04:00,26.809936912015743,26.975055299968624,26.592676485917668,26.65350914001465,40949900
2018-09-26 00:00:00-04:00,26.688273078496238,26.71434492941148,26.123396235858188,26.184228897094727,57882400
2018-09-27 00:00:00-04:00,26.2798138747384,26.340646512476248,26.010411482942917,26.019102096557617,45879700
2018-09-28 00:00:00-04:00,25.767083320035436,25.940892304488536,25.567204148210095,25.601964950561523,74707600
2018-10-01 00:00:00-04:00,25.793159786009895,26.019110843253614,25.67149446963467,25.767087936401367,53900900
2018-10-02 00:00:00-04:00,25.70624542236328,25.82791069209168,25.43684304329397,25.70624542236328,42940300
2018-10-03 00:00:00-04:00,25.906136319481448,26.227682523816476,25.827922422685514,26.07125473022461,61080300
2018-10-04 00:00:00-04:00,26.21898762334444,26.75779419574139,26.192915776149835,26.44493865966797,72325700
2018-10-05 00:00:00-04:00,26.592673828628953,26.636125246480457,26.114699944435706,26.271127700805664,51931000
2018-10-08 00:00:00-04:00,26.114698920432144,26.43624503564704,25.993033629166373,26.305889129638672,47471600
2018-10-09 00:00:00-04:00,26.09732232610731,26.236368862722898,25.958275789491722,26.053869247436523,58868600
2018-10-10 00:00:00-04:00,26.053868677833176,26.1842245958647,25.38470619902182,25.410778045654297,88454400
2018-10-11 00:00:00-04:00,25.10661383032673,25.419469368358243,24.55911829633705,24.64602279663086,111417300
2018-10-12 00:00:00-04:00,25.193518102122972,25.236971180658507,24.098525386509394,24.732925415039062,102279200
2018-10-15 00:00:00-04:00,24.758996746806698,24.871973091082047,24.020311002732807,24.263643264770508,114636100
2018-10-16 00:00:00-04:00,24.54173363510952,24.83720790027727,24.246259369941768,24.79375648498535,87887800
2018-10-17 00:00:00-04:00,24.654713904019587,25.367327837020117,24.47221428400709,25.115304946899414,79068700
2018-10-18 00:00:00-04:00,24.915420169122537,25.115299318696113,24.45482757189352,24.55042266845703,77369200
2018-10-19 00:00:00-04:00,24.454827906531172,24.785064613233963,24.30709078144101,24.611255645751953,64305400
2018-10-22 00:00:00-04:00,24.611260779978984,24.63733262780976,23.733528460462317,23.794361114501953,89942900
2018-10-23 00:00:00-04:00,22.934005440949715,23.637930273533062,22.69067487344797,23.481502532958984,102392500
2018-10-24 00:00:00-04:00,23.342460408553105,23.377221214345237,22.664607291168956,22.760202407836914,86386600
2018-10-25 00:00:00-04:00,22.925315202634557,23.4032890463996,22.751507888364255,23.10781478881836,73780400
2018-10-26 00:00:00-04:00,22.88186751498556,23.099127936380246,22.49079809344894,22.934009552001953,91103500
2018-10-29 00:00:00-04:00,23.19471971545133,23.62054988121766,22.847103422740577,23.12519645690918,89367000
2018-10-30 00:00:00-04:00,23.25555654250496,23.342461045705647,22.873177722961245,23.272937774658203,79004800
2018-10-31 00:00:00-04:00,23.551032831346674,24.228884366440816,23.516270364128683,23.898649215698242,92296300
2018-11-01 00:00:00-04:00,24.13328614848084,24.333165322960905,23.99423962209772,24.168046951293945,49827300
2018-11-02 00:00:00-04:00,24.341851699674574,24.663396114361518,23.91602157957575,24.237565994262695,69010200
2018-11-05 00:00:00-05:00,24.289713861273956,24.54173506830212,24.23757017080026,24.38530731201172,41103100
2018-11-06 00:00:00-05:00,24.35054643368114,24.550425607180557,24.107214184921848,24.515663146972656,43514400
2018-11-07 00:00:00-05:00,24.698164449809333,24.915424868383457,24.454832184282747,24.80245018005371,56679200
2018-11-08 00:00:00-05:00,24.767687255614767,25.306493812960436,24.706854604758814,25.0892333984375,49421200
2018-11-09 00:00:00-05:00,24.984947695712894,25.106612997549345,24.66340155256102,24.78506851196289,43270600
2018-11-12 00:00:00-05:00,24.663403221955214,24.785070189592368,24.020312549687947,24.115907669067383,50307500
2018-11-13 00:00:00-05:00,24.115906933617605,24.45483266280425,24.063764896257847,24.124597549438477,57423400
2018-11-14 00:00:00-05:00,24.289723758194203,24.420079722361688,23.272944585582213,23.646631240844727,69213300
2018-11-15 00:00:00-05:00,23.58579160207345,24.30709615883532,23.35984055738635,24.24626350402832,66174800
2018-11-16 00:00:00-05:00,24.063765630117476,24.237572979139003,23.829123968494606,24.115907669067383,52456100
2018-11-19 00:00:00-05:00,24.1419795173251,24.350549330690253,23.93340970395995,24.115907669067383,46000000
2018-11-20 00:00:00-05:00,23.829123578276317,23.959479502299178,23.438054148642234,23.794361114501953,92330600
2018-11-21 00:00:00-05:00,23.97685977720751,24.124596927220978,23.681385477180573,23.698766708374023,40364400
2018-11-23 00:00:00-05:00,23.533648244767353,23.611862127298593,23.35983924857227,23.438053131103516,22974100
2018-11-26 00:00:00-05:00,23.62055150420159,24.098523732325017,23.55102824088245,23.950786590576172,53210700
2018-11-27 00:00:00-05:00,23.837811540006243,24.246260498483384,23.80304908010249,24.107213973999023,43617100
2018-11-28 00:00:00-05:00,24.228881844817597,24.74161657996037,23.950788766278905,24.70685577392578,61388100
2018-11-29 00:00:00-05:00,24.489592846304735,24.637329986375484,24.3070932461866,24.36792755126953,46824600
2018-11-30 00:00:00-05:00,24.281025834609068,24.880663420891267,24.22019318013686,24.680784225463867,64284600
2018-12-03 00:00:00-05:00,25.193517938947867,25.236971017201963,24.64602241346987,24.80245018005371,59908700
2018-12-04 00:00:00-05:00,24.61126016999716,24.61126016999716,23.229483762957596,23.455434799194336,103565700
2018-12-06 00:00:00-05:00,22.922357084261137,23.001008082021762,22.310629138914063,22.966053009033203,133294200
2018-12-07 00:00:00-05:00,22.85244035656792,23.193261829173,22.10962646349114,22.223234176635742,107477600
2018-12-10 00:00:00-05:00,22.004761306185287,22.04845555811834,21.226992287340643,21.637723922729492,110166900
2018-12-11 00:00:00-05:00,22.030978241667977,22.197019407227035,21.436728719615193,21.480422973632812,78545000
2018-12-12 00:00:00-05:00,21.733854744383052,21.838721622833265,21.29690552823954,21.427989959716797,87191800
2018-12-13 00:00:00-05:00,21.55033004043272,21.69015362273139,21.218249449180522,21.323116302490234,64860100
2018-12-14 00:00:00-05:00,21.1308669930419,21.73385745318587,21.07843354728174,21.393035888671875,92762600
2018-12-17 00:00:00-05:00,21.200774744155723,21.786286721157456,21.113384573427474,21.384292602539062,98602800
2018-12-18 00:00:00-05:00,21.55907294399556,21.926110327591104,21.244468996105415,21.384292602539062,89046300
2018-12-19 00:00:00-05:00,21.36682001068579,22.057198991857874,21.03473763142494,21.13086700439453,121887600
2018-12-20 00:00:00-05:00,20.842476923054992,21.349337922294612,20.763825934653248,21.069690704345703,112594000
2018-12-21 00:00:00-05:00,20.894914223275283,21.419253687296624,20.326880498431002,20.423009872436523,160800400
2018-12-24 00:00:00-05:00,19.889927955727128,20.28318123902469,19.80253778160691,19.863710403442383,64859100
2018-12-26 00:00:00-05:00,20.0210119702084,21.130863324918415,19.828754924575748,21.069690704345703,100877800
2018-12-27 00:00:00-05:00,20.781307170612106,21.296907424926758,20.44048561822314,21.296907424926758,91575400
2018-12-28 00:00:00-05:00,21.489160985949155,21.628984591375374,21.20077459140397,21.314380645751953,78693800
2018-12-31 00:00:00-05:00,21.47168336639789,21.82124239213818,21.296904686942206,21.532855987548828,56257300
2019-01-02 00:00:00-05:00,21.04347577678608,21.96980771846541,20.982303148584965,21.8125057220459,71836300
2019-01-03 00:00:00-05:00,21.795028289850276,21.88241847014126,21.366818239936414,21.46294593811035,66599600
2019-01-04 00:00:00-05:00,21.934851574711992,22.41549505868717,21.8736789494965,22.35432243347168,83829100
2019-01-07 00:00:00-05:00,22.33683967590332,22.52909836518446,22.100888405975365,22.33683967590332,57016300
2019-01-08 00:00:00-05:00,22.47666782491796,22.537842117346276,21.9261125276954,22.293149948120117,67339400
2019-01-09 00:00:00-05:00,22.432972391829598,22.59027437330712,22.188280235439127,22.51162338256836,69707200
2019-01-10 00:00:00-05:00,22.336844071398893,22.52910279851315,22.214498820929116,22.48540687561035,65235800
2019-01-11 00:00:00-05:00,22.310626563579024,22.756314943833335,22.249452275959534,22.747575759887695,63476000
2019-01-14 00:00:00-05:00,22.520363134049905,23.14083022458696,22.380539517398486,23.044702529907227,76715400
2019-01-15 00:00:00-05:00,22.904874102992242,23.42921342688993,22.765050505530027,23.20199966430664,80625500
2019-01-16 00:00:00-05:00,24.582760709781713,25.09836088761718,24.346809413839335,24.862409591674805,163131700
2019-01-17 00:00:00-05:00,24.766282585824293,25.343055438315496,24.547807969976745,25.33431625366211,107428800
2019-01-18 00:00:00-05:00,25.36053032529819,25.745044396274277,25.089620638729674,25.605220794677734,97928200
2019-01-22 00:00:00-05:00,25.32557968637588,25.605226956869295,25.246928683195957,25.421709060668945,84861400
2019-01-23 00:00:00-05:00,25.5353145691867,25.587749681355543,25.01097678213166,25.27314567565918,79425900
2019-01-24 00:00:00-05:00,25.1245737079074,25.51782857180607,25.115834525728697,25.412960052490234,59492300
2019-01-25 00:00:00-05:00,25.58774569806602,25.972259793137837,25.465398788880517,25.84991455078125,72182100
2019-01-28 00:00:00-05:00,25.622703838767567,25.92856864815355,25.596487950450758,25.893611907958984,59963800
2019-01-29 00:00:00-05:00,25.814960227221725,25.95478384161891,25.640179875810766,25.683874130249023,51451900
2019-01-30 00:00:00-05:00,25.710093007764105,25.75378726445378,25.299361327662375,25.40422821044922,66475800
2019-01-31 00:00:00-05:00,25.124582629299248,25.203233630006864,24.45168036405815,24.87989044189453,100201200
2019-02-01 00:00:00-05:00,24.993497752900478,25.20323319556239,24.74006638458246,24.801239013671875,64244100
2019-02-04 00:00:00-05:00,24.879889540487632,25.31683878777506,24.83619528249053,25.238187789916992,55195900
2019-02-05 00:00:00-05:00,25.211969512388745,25.238185397970756,24.96727735703998,25.15079689025879,46622600
2019-02-06 00:00:00-05:00,25.05466990481873,25.255666158521407,24.941063833934766,25.10710334777832,35606900
2019-02-07 00:00:00-05:00,24.941062671861012,25.028451183778955,24.381766527977852,24.678892135620117,62289200
2019-02-08 00:00:00-05:00,24.600244466631562,24.748807290533847,24.34681474752134,24.722591400146484,50031300
2019-02-11 00:00:00-05:00,24.766279088825524,24.871145956200884,24.652671371201947,24.827451705932617,47724400
2019-02-12 00:00:00-05:00,25.01097854905928,25.22071401206412,24.97602180514383,25.07215118408203,49178100
2019-02-13 00:00:00-05:00,25.229447729250964,25.334314604607556,25.045928197133527,25.08088493347168,48951200
2019-02-14 00:00:00-05:00,24.78376450157356,25.010978334587747,24.5652898544633,24.809980392456055,47756600
2019-02-15 00:00:00-05:00,25.13331563183898,25.613959036300134,25.054664650479335,25.439180374145508,65867000
2019-02-19 00:00:00-05:00,25.281886322218988,25.57027278849859,25.12458431027934,25.4566650390625,40841300
2019-02-20 00:00:00-05:00,25.430445022525042,25.736309810915095,25.351794029315343,25.701353073120117,42806300
2019-02-21 00:00:00-05:00,25.631442117417425,25.736310667463563,25.439185053633405,25.596487045288086,42754100
2019-02-22 00:00:00-05:00,25.386742505954135,25.579001180228406,25.3080915331744,25.412960052490234,47887800
2019-02-25 00:00:00-05:00,25.4479217703455,25.85865341229816,25.4479217703455,25.57900619506836,61227400
2019-02-26 00:00:00-05:00,25.360534057806067,25.893610992289187,25.30809894936847,25.596487045288086,53153200
2019-02-27 00:00:00-05:00,25.605224996892296,25.928568170417943,25.52657399973279,25.806222915649414,48128600
2019-02-28 00:00:00-05:00,25.91162256141574,25.95553989562156,25.48122631991086,25.54271125793457,62358100
2019-03-01 00:00:00-05:00,25.762301414334548,26.043376375534713,25.656897466215025,25.744733810424805,45771500
2019-03-04 00:00:00-05:00,25.762299991047897,25.946756471231687,25.270418836122502,25.49879264831543,56893200
2019-03-05 00:00:00-05:00,25.490010121819807,25.639331403594063,25.208935162089183,25.54271125793457,39932500
2019-03-06 00:00:00-05:00,25.481224730099484,25.61297839983554,25.296768252197957,25.3319034576416,41672000
2019-03-07 00:00:00-05:00,25.18258481442381,25.22650215047484,24.822457297720607,25.077180862426758,53908600
2019-03-08 00:00:00-05:00,24.64678358861262,25.182583778149496,24.602866254368806,25.165016174316406,40860700
2019-03-11 00:00:00-04:00,25.208936354459517,25.52514486144352,25.208936354459517,25.419742584228516,40709300
2019-03-12 00:00:00-04:00,25.472443722836015,25.57784767539001,25.37582357260644,25.419742584228516,34450000
2019-03-13 00:00:00-04:00,25.516359239442195,25.920405740856125,25.45487430289502,25.7271671295166,54683300
2019-03-14 00:00:00-04:00,25.744735949688913,26.034594736929826,25.683251006234638,25.876489639282227,45219100
2019-03-15 00:00:00-04:00,25.858918191280452,26.00823945437999,25.700813127370505,25.735946655273438,82346200
2019-03-18 00:00:00-04:00,25.80621861766813,26.31566740109004,25.76230128345581,26.192697525024414,58568600
2019-03-19 00:00:00-04:00,26.359583237255375,26.473769297664088,25.946754649207,26.043373107910156,55455100
2019-03-20 00:00:00-04:00,26.01702898136015,26.05216251699573,25.121101205575357,25.156234741210938,81689900
2019-03-21 00:00:00-04:00,24.989345356457267,25.121099035552866,24.629217851771134,24.752187728881836,77444400
2019-03-22 00:00:00-04:00,24.51503012897868,24.65556761021781,23.46099734434626,23.724506378173828,118851600
2019-03-25 00:00:00-04:00,23.63667262848025,24.049501315524598,23.37316524106286,23.57518768310547,65568000
2019-03-26 00:00:00-04:00,23.847475866183373,24.02314855253441,23.61031824221114,23.900177001953125,59878500
2019-03-27 00:00:00-04:00,23.79477610524542,24.040717545279275,23.67180622289799,23.742074966430664,57621700
2019-03-28 00:00:00-04:00,23.891392930654902,24.07584772850366,23.733287860876676,24.005578994750977,45872300
2019-03-29 00:00:00-04:00,24.198822079590506,24.313009840192887,23.97923203648954,24.233957290649414,83446300
2019-04-01 00:00:00-04:00,24.50624779534298,25.244070453726554,24.46233045807642,25.06839942932129,91751100
2019-04-02 00:00:00-04:00,25.006910026002444,25.35825538635254,24.90150775816849,25.35825538635254,66694000
2019-04-03 00:00:00-04:00,25.533925862926147,25.683247135384025,25.208933589266454,25.3319034576416,63110600
2019-04-04 00:00:00-04:00,25.34068918892137,25.744734030262066,25.331905386891492,25.604196548461914,53712100
2019-04-05 00:00:00-04:00,25.753517477732537,25.91162256141574,25.45487491418402,25.54271125793457,46383400
2019-04-08 00:00:00-04:00,25.375818029331388,25.64811081588971,25.35825210385877,25.62175941467285,35272800
2019-04-09 00:00:00-04:00,25.472444126369606,25.53392906827557,25.244070288333887,25.375823974609375,40535300
2019-04-10 00:00:00-04:00,25.384610425396726,25.604200483878255,25.252856725375647,25.533931732177734,42669700
2019-04-11 00:00:00-04:00,25.6920368423387,25.902843097440268,25.463662980477213,25.533931732177734,50440100
2019-04-12 00:00:00-04:00,25.964321917962376,26.544039401508268,25.964321917962376,26.5001220703125,100192000
2019-04-15 00:00:00-04:00,26.43863802154082,26.47377155260578,26.052159127793182,26.210264205932617,57438800
2019-04-16 00:00:00-04:00,25.73595067587617,26.394720761524933,25.472443311752247,26.245399475097656,105168400
2019-04-17 00:00:00-04:00,26.20148450248554,26.456209762737977,25.87649049377365,26.37715721130371,94831600
2019-04-18 00:00:00-04:00,26.306888462844263,26.491343299298144,26.192700699510716,26.37715721130371,61796600
2019-04-22 00:00:00-04:00,26.28931780473213,26.438639087289797,26.15756412608452,26.39472007751465,34763400
2019-04-23 00:00:00-04:00,26.34202182512557,26.535260463275804,26.280536880047727,26.412290573120117,41889700
2019-04-24 00:00:00-04:00,26.306885118484217,26.500123733346747,26.219048775241653,26.368370056152344,40078100
2019-04-25 00:00:00-04:00,26.271750720713005,26.631878231301183,26.26296691858415,26.421072006225586,43243800
2019-04-26 00:00:00-04:00,26.500124739111424,26.693363361307977,26.394720788152146,26.65822982788086,40627500
2019-04-29 00:00:00-04:00,26.7285008794348,27.378487219715883,26.710933273533907,27.027143478393555,68408600
2019-04-30 00:00:00-04:00,27.053492924559762,27.123761672077876,26.71093298982635,26.860254287719727,47764200
2019-05-01 00:00:00-04:00,26.842681373998936,27.132540109610414,26.508905308125225,26.579174041748047,56161000
2019-05-02 00:00:00-04:00,26.579179413266935,26.842686798771343,26.48255925675707,26.78998565673828,40634100
2019-05-03 00:00:00-04:00,26.93051657052155,27.053486430324348,26.78997910922158,26.97443389892578,35256100
2019-05-06 00:00:00-04:00,26.44742520663389,26.886605290833913,26.412289995735136,26.763633728027344,39882000
2019-05-07 00:00:00-04:00,26.491340971114393,26.500124773317253,26.02580950639671,26.280534744262695,58528400
2019-05-08 00:00:00-04:00,26.11364590391549,26.447423686917922,26.060944765934728,26.17513084411621,39903400
2019-05-09 00:00:00-04:00,25.841353415331763,26.15756357772826,25.718383541217076,26.09607696533203,44173500
2019-05-10 00:00:00-04:00,25.876493382002486,26.096083454865397,25.639337376568413,25.981897354125977,59649900
2019-05-13 00:00:00-04:00,25.43730398056157,25.47243918359807,24.637996540206796,24.813669204711914,72547000
2019-05-14 00:00:00-04:00,24.910288551741424,25.463654579396685,24.778533219850452,25.138662338256836,52216100
2019-05-15 00:00:00-04:00,24.68192129330248,25.024481226009332,24.602868743394886,24.84881019592285,51973200
2019-05-16 00:00:00-04:00,24.99813027571944,25.32312428411097,24.97178054216007,25.11231803894043,42791500
2019-05-17 00:00:00-04:00,24.813673258683018,25.156233167561677,24.787321852100444,24.94542694091797,43772500
2019-05-20 00:00:00-04:00,24.94542694091797,25.050830891909307,24.804889456488826,24.94542694091797,41717600
2019-05-21 00:00:00-04:00,25.094753193677047,25.252858313782845,24.989350897166048,25.200157165527344,39258700
2019-05-22 00:00:00-04:00,25.042048425027286,25.147450706300003,24.90151093310429,25.02448081970215,29177600
2019-05-23 00:00:00-04:00,24.708272142187955,24.76975876460095,24.154905943184236,24.38327980041504,59772900
2019-05-24 00:00:00-04:00,24.532597705276196,24.822456469422082,24.471112766720847,24.752187728881836,35524400
2019-05-28 00:00:00-04:00,24.637998329702793,24.81367100696729,24.488677056629616,24.506244659423828,44273400
2019-05-29 00:00:00-04:00,24.18125781186894,24.462332818307914,24.049502436678882,24.374496459960938,49818900
2019-05-30 00:00:00-04:00,24.39206049943478,24.532597982101098,23.698155212848278,23.856260299682617,58649300
2019-05-31 00:00:00-04:00,23.276545434585437,23.601539447613774,23.25897782840247,23.364381790161133,68304200
2019-06-03 00:00:00-04:00,23.35559406722873,23.706937755225294,23.188705187178293,23.434646606445312,50109900
2019-06-04 00:00:00-04:00,23.873826996225137,24.550164652930885,23.838691789224843,24.523813247680664,58426400
2019-06-05 00:00:00-04:00,24.453546871722878,24.602868165223807,24.119769074325962,24.515031814575195,44874400
2019-06-06 00:00:00-04:00,24.515032286701086,24.76230266915128,24.320749497599152,24.621004104614258,38633600
2019-06-07 00:00:00-04:00,24.50619720280021,24.54152225952834,24.214772222358782,24.311914443969727,51317200
2019-06-10 00:00:00-04:00,24.603342049408003,25.142035746855374,24.585679519159473,24.788793563842773,48305800
2019-06-11 00:00:00-04:00,25.062557230885968,25.345152675057772,24.85061191105087,24.938922882080078,38691800
2019-06-12 00:00:00-04:00,24.903595920057032,24.96541308556295,24.60333967240706,24.682819366455078,33528900
2019-06-13 00:00:00-04:00,24.70048426975772,24.868274949698673,24.55918738698377,24.673992156982422,33404200
2019-06-14 00:00:00-04:00,24.647499530578365,24.87710739709039,24.532696439518244,24.762304306030273,37322100
2019-06-17 00:00:00-04:00,24.735805749267644,24.92125724939593,24.54152298469638,24.665157318115234,33410100
2019-06-18 00:00:00-04:00,24.74463397506835,25.433455673119163,24.57684334003927,25.274497985839844,60170700
2019-06-19 00:00:00-04:00,25.3451524251634,25.583589854882177,24.991908544529423,25.009571075439453,61953500
2019-06-20 00:00:00-04:00,25.248009706173406,25.26567223674528,24.594511234538512,24.965415954589844,60887200
2019-06-21 00:00:00-04:00,24.894769677364845,25.212686833293258,24.79762743517995,24.83295249938965,69444000
2019-06-24 00:00:00-04:00,24.797623400729556,25.062554601632204,24.62983274181575,24.709312438964844,40046400
2019-06-25 00:00:00-04:00,24.7446435119131,24.7446435119131,24.179454229877717,24.51503562927246,46901300
2019-06-26 00:00:00-04:00,24.673990973019745,24.88593628701063,24.594511269724208,24.647497177124023,42312300
2019-06-27 00:00:00-04:00,24.797626722969593,25.009572048965193,24.779964191372027,24.912429809570312,35575600
2019-06-28 00:00:00-04:00,25.618917707457076,25.848525581124456,25.371647300955626,25.61008644104004,101856900
2019-07-01 00:00:00-04:00,26.033973455474722,26.360723529310544,25.830859409669767,25.980987548828125,48029900
2019-07-02 00:00:00-04:00,25.910338655440498,25.989818356206207,25.54826521168185,25.7425479888916,32263500
2019-07-03 00:00:00-04:00,25.777875693075828,25.822030338300706,25.548267832244605,25.654239654541016,26642300
2019-07-05 00:00:00-04:00,25.92800021724613,26.11345172251309,25.742547027587662,25.839689254760742,33092000
2019-07-08 00:00:00-04:00,25.61891245102813,25.875012387008784,25.557095283184232,25.78670310974121,30924400
2019-07-09 00:00:00-04:00,25.583592805903287,25.980991375259887,25.55710069087408,25.919174194335938,28750100
2019-07-10 00:00:00-04:00,25.760214114347452,25.963328184923842,25.57476089187941,25.627748489379883,40574800
2019-07-11 00:00:00-04:00,25.698399235969255,26.05164149564194,25.636582051075532,25.928007125854492,37376800
2019-07-12 00:00:00-04:00,25.998651263111327,26.078130968896403,25.928002822901448,26.007482528686523,29632900
2019-07-15 00:00:00-04:00,26.051637451006695,26.078131248015847,25.680732714837035,25.804367065429688,46462100
2019-07-16 00:00:00-04:00,25.760209087522828,25.78670288110309,25.486446624759377,25.60124969482422,54920400
2019-07-17 00:00:00-04:00,25.69839428924375,26.15760998061905,25.61008332022671,25.777873992919922,84958300
2019-07-18 00:00:00-04:00,25.85735533635338,26.122286575813614,25.769044361736054,26.03397560119629,49468800
2019-07-19 00:00:00-04:00,26.0869596143831,26.148776782809076,25.94566106376322,25.96332359313965,44863200
2019-07-22 00:00:00-04:00,25.866182337142384,26.148776061807148,25.85735107269768,26.11345100402832,31224300
2019-07-23 00:00:00-04:00,26.272413206494544,26.740460165797963,26.228258563937768,26.713966369628906,64030300
2019-07-24 00:00:00-04:00,26.55500528556472,27.155517819032976,26.528513175459178,27.084869384765625,53171900
2019-07-25 00:00:00-04:00,27.14668970686719,27.279155325953354,26.678642722744886,26.793447494506836,43251900
2019-07-26 00:00:00-04:00,26.99656149319737,27.36746623640994,26.86409587441968,27.17318344116211,46978800
2019-07-29 00:00:00-04:00,27.1290300268124,27.243834810642024,26.925915943903878,26.952409744262695,39176700
2019-07-30 00:00:00-04:00,26.678639388349715,27.287983181258117,26.62565348421597,27.279151916503906,37598300
2019-07-31 00:00:00-04:00,27.226169844809203,27.429283909572455,27.014224514048625,27.093704223632812,60607600
2019-08-01 00:00:00-04:00,26.978896929173732,27.438112611775466,25.928001639562947,26.042804718017578,76913400
2019-08-02 00:00:00-04:00,25.92800451158811,26.051638868909766,25.530605956780228,25.94566535949707,57492300
2019-08-05 00:00:00-04:00,25.195023092785163,25.292163639424984,24.470874519156265,24.797624588012695,96207700
2019-08-06 00:00:00-04:00,25.08905195861747,25.15970040118441,24.453215975515022,25.097883224487305,65115800
2019-08-07 00:00:00-04:00,24.38256454494905,24.66515828058592,23.94984267670615,24.629833221435547,75388500
2019-08-08 00:00:00-04:00,24.8241216776912,25.159701371731366,24.788796612849183,25.062559127807617,53141900
2019-08-09 00:00:00-04:00,24.96541428847285,25.186190852712492,24.70048140075037,25.018400192260742,53499600
2019-08-12 00:00:00-04:00,24.576850206443417,24.594512738095077,24.250100108454678,24.409059524536133,55674700
2019-08-13 00:00:00-04:00,24.347242100638155,24.94775469555598,24.179451420436592,24.479707717895508,69919200
2019-08-14 00:00:00-04:00,23.790884540713215,23.914518885511598,23.208034508961383,23.331668853759766,106591700
2019-08-15 00:00:00-04:00,23.47296260526664,23.693739154106392,23.146212571851596,23.181537628173828,70192000
2019-08-16 00:00:00-04:00,23.428813841813703,23.94984676242654,23.349334129558063,23.8703670501709,70841700
2019-08-19 00:00:00-04:00,24.409052317981992,24.46203989729285,23.96749926340552,24.082304000854492,44964800
2019-08-20 00:00:00-04:00,23.861536335326804,23.896859716927974,23.57894254495003,23.596603393554688,47665000
2019-08-21 00:00:00-04:00,23.782052993774414,23.91451860225966,23.6584186504404,23.782052993774414,47785400
2019-08-22 00:00:00-04:00,23.923350559864186,24.10880208023304,23.808545793966818,24.011661529541016,49353700
2019-08-23 00:00:00-04:00,23.799714351680425,24.038151761451573,23.190370561395238,23.375822067260742,81880700
2019-08-26 00:00:00-04:00,23.578937292021852,23.667246568547117,23.393484105657546,23.649585723876953,41499100
2019-08-27 00:00:00-04:00,23.720234653626207,23.75555802809946,23.208033090827623,23.375822067260742,52517000
2019-08-28 00:00:00-04:00,23.155046880916327,23.91451884780401,23.14621561567442,23.71140480041504,45897900
2019-08-29 00:00:00-04:00,23.84386707852742,24.241265536926097,23.773218650855586,24.135292053222656,55432900
2019-08-30 00:00:00-04:00,24.28542303792864,24.453213705093063,24.15295743096371,24.294254302978516,41326200
2019-09-03 00:00:00-04:00,24.029320241640896,24.046982770885776,23.499457839426448,23.888023376464844,50743100
2019-09-04 00:00:00-04:00,24.126464114594757,24.35607195727319,23.985167239775972,24.276592254638672,40862500
2019-09-05 00:00:00-04:00,24.75661333434205,25.27219084416113,24.712165974146092,24.996623992919922,63413700
2019-09-06 00:00:00-04:00,24.907728156936155,24.9699527586944,24.507710437785686,24.649938583374023,56054100
2019-09-09 00:00:00-04:00,24.88995091058745,25.645539045186098,24.863282495662787,25.449974060058594,68629300
2019-09-10 00:00:00-04:00,25.68110235789209,26.090009689331055,25.609988260532337,26.090009689331055,71066200
2019-09-11 00:00:00-04:00,26.107784239798267,26.196675574904223,25.689987504628704,26.187786102294922,53982200
2019-09-12 00:00:00-04:00,25.97444057343855,26.490018051361915,25.698873739245023,26.37445831298828,72943900
2019-09-13 00:00:00-04:00,26.667798726862177,26.952254975336498,26.552239011729352,26.81891632080078,79657000
2019-09-16 00:00:00-04:00,26.38334730549099,26.818921227596615,26.34778942017953,26.783363342285156,43391300
2019-09-17 00:00:00-04:00,26.534469781800635,26.6855874310361,26.3033485714703,26.614473342895508,48284900
2019-09-18 00:00:00-04:00,26.463355740882495,26.801147236279697,26.26779072652668,26.667808532714844,66640400
2019-09-19 00:00:00-04:00,26.667804338520998,26.75669735874807,26.44557263569999,26.507797241210938,43035700
2019-09-20 00:00:00-04:00,26.641136171980055,26.78336432747096,26.285565783252796,26.3033447265625,167269000
2019-09-23 00:00:00-04:00,26.05444577001421,26.330014317138403,25.92999655227646,26.241121292114258,52048300
2019-09-24 00:00:00-04:00,26.312239473423467,26.347795671677996,25.547761712773617,25.725547790527344,64806900
2019-09-25 00:00:00-04:00,25.583315072370976,26.14333823570259,25.583315072370976,26.001110076904297,45807700
2019-09-26 00:00:00-04:00,25.965551868436933,26.07222383396353,25.823323711397055,25.894437789916992,33198100
2019-09-27 00:00:00-04:00,26.143344838477415,26.410022279703046,25.965558747331116,26.090009689331055,41336600
2019-09-30 00:00:00-04:00,26.214452813483106,26.241121229574823,25.849992937696797,25.929996490478516,39191000
2019-10-01 00:00:00-04:00,26.17000907591462,26.232233689217253,25.254413735264805,25.281082153320312,49434400
2019-10-02 00:00:00-04:00,25.067736821179423,25.156628146142843,24.72105421094739,24.747722625732422,52293100
2019-10-03 00:00:00-04:00,24.67661031882672,24.78328059463295,24.143253853315183,24.72105598449707,53015800
2019-10-04 00:00:00-04:00,24.7566125458203,25.245521623949593,24.747723074064247,25.218854904174805,42641800
2019-10-07 00:00:00-04:00,25.183298659026708,25.441088270279234,25.049959964979376,25.16551971435547,36742400
2019-10-08 00:00:00-04:00,24.774388599263947,24.818834257366007,24.40992708175571,24.561044692993164,58201100
2019-10-09 00:00:00-04:00,24.73883443408665,24.952176676924875,24.66772035314058,24.79216957092285,37511400
2019-10-10 00:00:00-04:00,24.925512392884222,25.556649711041718,24.925512392884222,25.28997230529785,48239300
2019-10-11 00:00:00-04:00,25.769985683084517,26.0811103774881,25.654425954273968,25.698871612548828,70008600
2019-10-14 00:00:00-04:00,25.54775753995749,25.921106885864734,25.538868067972388,25.90332794189453,36040100
2019-10-15 00:00:00-04:00,26.081114473781792,26.881148316834707,25.87666170081703,26.42779541015625,78656000
2019-10-16 00:00:00-04:00,26.996702323843724,27.307825285929397,26.801137381397893,26.81891632080078,87131700
2019-10-17 00:00:00-04:00,26.934485792139224,27.147829751265363,26.667808386471943,26.898929595947266,55575900
2019-10-18 00:00:00-04:00,26.783362639211898,27.103376816641372,26.756695921421606,26.978927612304688,48872900
2019-10-21 00:00:00-04:00,27.263389617516996,27.690074146492066,27.22783172568894,27.574514389038086,61087400
2019-10-22 00:00:00-04:00,27.53005790976698,27.885629928352493,27.33449465593938,27.734512329101562,58662100
2019-10-23 00:00:00-04:00,27.672288935560783,27.947857448358597,27.636732747276263,27.930078506469727,47771200
2019-10-24 00:00:00-04:00,27.95675068513098,28.018975294630575,27.734518968064734,27.876747131347656,39491000
2019-10-25 00:00:00-04:00,27.87674765199565,28.3123216221214,27.85896870737987,28.196760177612305,43702000
2019-10-28 00:00:00-04:00,28.41898838462821,28.65010954957322,28.214535633309143,28.303428649902344,58790300
2019-10-29 00:00:00-04:00,28.392323330401272,28.570107678513285,28.276761893409763,28.507883071899414,48266600
2019-10-30 00:00:00-04:00,28.4545474335983,28.4545474335983,28.027864641155322,28.107868194580078,45262400
2019-10-31 00:00:00-04:00,27.921190695228912,28.107866205172044,27.396723746784215,27.796741485595703,49430900
2019-11-01 00:00:00-04:00,28.17898623620912,28.303435472140787,27.885640397589,28.26787757873535,41985300
2019-11-04 00:00:00-05:00,28.65900132555319,28.89012079991843,28.53454872598633,28.80122947692871,54228600
2019-11-05 00:00:00-05:00,28.899001623069918,29.414580667130675,28.89011384930388,29.174570083618164,68785600
2019-11-06 00:00:00-05:00,29.121237150254952,29.38791787258872,29.041233611752073,29.147907257080078,47524500
2019-11-07 00:00:00-05:00,29.432365535506445,29.867937748500403,29.343470825007135,29.53903579711914,68310700
2019-11-08 00:00:00-05:00,29.39680567886922,29.57459169695246,29.27235648350683,29.56570053100586,38724000
2019-11-11 00:00:00-05:00,29.361250386210035,29.556815362445672,29.307916949772352,29.494590759277344,27784000
2019-11-12 00:00:00-05:00,29.450148724899165,29.61904361272612,29.32569950323857,29.41459083557129,37282200
2019-11-13 00:00:00-05:00,29.0856826594652,29.236798570533836,28.872338759795433,29.147907257080078,48887800
2019-11-14 00:00:00-05:00,29.059021886626887,29.210141237222498,28.88123920261417,29.067913055419922,35554600
2019-11-15 00:00:00-05:00,29.26347249459252,29.299030385127192,29.067910878625987,29.272363662719727,36398300
2019-11-18 00:00:00-05:00,29.210133264166164,29.36124918252657,29.112350780057003,29.29902458190918,31133700
2019-11-19 00:00:00-05:00,29.44125135523688,29.467921462108176,29.17457402342767,29.2812442779541,33183700
2019-11-20 00:00:00-05:00,29.147911899996362,29.183469787436312,28.819006527656995,29.059017181396484,43612200
2019-11-21 00:00:00-05:00,29.139023088843626,29.37014598490527,29.00568608664227,29.192359924316406,42787600
2019-11-22 00:00:00-05:00,29.299025783041706,29.619039965614004,29.28124684056696,29.494590759277344,38783900
2019-11-25 00:00:00-05:00,29.627936862733055,29.787940593979243,29.565708856542553,29.75238609313965,50238800
2019-11-26 00:00:00-05:00,29.67237819457156,29.69015713788607,29.441255322469672,29.645708084106445,50626600
2019-11-27 00:00:00-05:00,29.770157601850716,29.867936693466362,29.61015051959041,29.707929611206055,32097700
2019-11-29 00:00:00-05:00,29.663483285359906,29.796823647904414,29.547925254873363,29.619037628173828,19503400
2019-12-02 00:00:00-05:00,29.734606338007673,30.00128373747671,29.6368238336387,29.716827392578125,47158800
2019-12-03 00:00:00-05:00,29.219026646559264,29.245696759789183,28.9345703060119,29.192359924316406,58745100
2019-12-04 00:00:00-05:00,29.405699514711102,29.601261100471085,29.201243371210687,29.467924118041992,46637900
2019-12-05 00:00:00-05:00,29.637742468969456,29.69137049241839,29.49473781593884,29.575178146362305,38304500
2019-12-06 00:00:00-05:00,30.102506602642595,30.209759233481083,30.004190270415787,30.09356689453125,50908500
2019-12-09 00:00:00-05:00,29.941630945381295,30.12038763292541,29.888002916267993,29.9505672454834,32974500
2019-12-10 00:00:00-05:00,29.852250169445792,30.057819138308773,29.76287013330987,29.96843910217285,41960100
2019-12-11 00:00:00-05:00,29.923752545436077,30.17400984230772,29.923752545436077,30.066757202148438,43107800
2019-12-12 00:00:00-05:00,30.191879423799175,31.112474901828936,30.102502810941562,30.99628257751465,64942500
2019-12-13 00:00:00-05:00,31.005230993946554,31.246552034385818,30.701345618152736,30.78178596496582,48539600
2019-12-16 00:00:00-05:00,31.23760703032557,31.362735666172714,31.014162063598633,31.014162063598633,50777100
2019-12-17 00:00:00-05:00,31.148218629263518,31.52360784544779,31.04990573429732,31.318038940429688,50840500
2019-12-18 00:00:00-05:00,31.380613327026367,31.523617976890776,31.32698530476479,31.380613327026367,48757900
2019-12-19 00:00:00-05:00,31.416362698247458,31.487863312413143,31.183978030835092,31.237606048583984,45409500
2019-12-20 00:00:00-05:00,31.496802647295052,31.496802647295052,31.201853667416692,31.24654197692871,109395500
2019-12-23 00:00:00-05:00,31.318051398326617,31.452116349972673,31.23761106353896,31.434240341186523,33995400
2019-12-24 00:00:00-05:00,31.45211761534249,31.532557953366393,31.389553286823922,31.478933334350586,13805400
2019-12-26 00:00:00-05:00,31.56830601993319,31.78281469763988,31.541493713782266,31.74706268310547,26992100
2019-12-27 00:00:00-05:00,31.907944500633324,31.925820508551315,31.514679145437356,31.59511947631836,28111300
2019-12-30 00:00:00-05:00,31.791746728823018,31.86325074829319,31.36273284049991,31.41636085510254,30705100
2019-12-31 00:00:00-05:00,31.30911294880002,31.51468194386106,31.255488329784214,31.478933334350586,29630100
2020-01-02 00:00:00-05:00,31.595115925299027,31.872188902637397,31.541491317071895,31.854312896728516,37614200
2020-01-03 00:00:00-05:00,31.26442704089561,31.416371428658778,31.067794330672854,31.19292640686035,50357900
2020-01-06 00:00:00-05:00,30.75497330194196,31.192927053932067,30.719221279432457,31.148235321044922,42185000
2020-01-07 00:00:00-05:00,31.01416340706158,31.21079266783908,30.86221905016558,30.942659378051758,34149000
2020-01-08 00:00:00-05:00,30.897974081064987,31.452116721989906,30.880098072067398,31.2554874420166,45311600
2020-01-09 00:00:00-05:00,31.550427793667303,31.577243507431994,31.2286665044872,31.309106826782227,39861600
2020-01-10 00:00:00-05:00,31.282294666572525,31.344858983145706,30.978409382002983,31.04991340637207,39730400
2020-01-13 00:00:00-05:00,31.139289586479315,31.344858539380787,30.978408943426075,31.335922241210938,37956100
2020-01-14 00:00:00-05:00,31.550426149462645,31.88112371966413,31.380609215467143,31.568302154541016,66719300
2020-01-15 00:00:00-05:00,31.076726682425896,31.094602689077092,30.692401063174323,30.987346649169922,74745500
2020-01-16 00:00:00-05:00,31.192924133762418,31.273364472128,30.924787399543668,31.03204345703125,50368500
2020-01-17 00:00:00-05:00,31.21079478125124,31.237610498695613,30.924785464844586,31.023101806640625,54156100
2020-01-21 00:00:00-05:00,30.763901937998728,30.85328197200347,30.5851486889886,30.62089729309082,50811000
2020-01-22 00:00:00-05:00,30.71921385609069,30.79071788383065,30.594085217045468,30.710277557373047,38879700
2020-01-23 00:00:00-05:00,30.468953383193913,30.620894311960082,30.14719211110162,30.495765686035156,45717100
2020-01-24 00:00:00-05:00,30.49577717873139,30.51365319052879,29.736065429595453,29.977386474609375,47797200
2020-01-27 00:00:00-05:00,29.110414685034453,29.610932718606335,29.021038047735978,29.360671997070312,57096200
2020-01-28 00:00:00-05:00,29.512613010700257,29.932690659061,29.45004868981671,29.709245681762695,38834600
2020-01-29 00:00:00-05:00,29.789688189422115,29.888001122646262,29.476863152617938,29.50367546081543,37414700
2020-01-30 00:00:00-05:00,29.226606435324957,29.959505756381724,29.19979071709111,29.92375373840332,50542800
2020-01-31 00:00:00-05:00,29.55730351783811,29.64668015159056,29.1819175646778,29.342798233032227,54845300
2020-02-03 00:00:00-05:00,29.49473451466686,29.852247811977765,29.42323049140488,29.46792221069336,48485500
2020-02-04 00:00:00-05:00,29.995253106941213,30.299138393471296,29.968437392880034,30.048877716064453,45061600
2020-02-05 00:00:00-05:00,30.47789548177169,31.1124818489552,30.451083173827314,31.023101806640625,54604800
2020-02-06 00:00:00-05:00,31.22866762471158,31.29123194324094,30.924782330640564,30.987346649169922,39511500
2020-02-07 00:00:00-05:00,30.674528347058086,30.97841367372766,30.6030277222829,30.933725357055664,31263000
2020-02-10 00:00:00-05:00,30.781781141288253,31.005226135253906,30.728156524816516,31.005226135253906,24373800
2020-02-11 00:00:00-05:00,31.14823326629987,31.318053657267264,31.06779292571013,31.076732635498047,32476300
2020-02-12 00:00:00-05:00,31.35380059894469,31.684498208027133,31.08566390074297,31.210792541503906,36656700
2020-02-13 00:00:00-05:00,31.067790161619495,31.309111161918466,30.88009718677585,31.201858520507812,31775100
2020-02-14 00:00:00-05:00,31.175051042677314,31.246551678195797,31.014170350885074,31.148235321044922,26447700
2020-02-18 00:00:00-05:00,31.07672504298967,31.130353060114135,30.39745046407762,30.62983512878418,40318000
2020-02-19 00:00:00-05:00,30.790722441934495,31.148232405059154,30.75497042277197,31.03204345703125,29632100
2020-02-20 00:00:00-05:00,30.799661625328575,31.353807745724307,30.799661625328575,31.148235321044922,42604100
2020-02-21 00:00:00-05:00,30.862218502070903,30.960534835463495,30.513644890587866,30.710277557373047,46675500
2020-02-24 00:00:00-05:00,29.65561383587955,29.682426138658133,29.065719308255336,29.2534122467041,79159600
2020-02-25 00:00:00-05:00,29.217663356730544,29.28022767622785,27.564171925159414,27.77867889404297,91586800
2020-02-26 00:00:00-05:00,28.055749184178932,28.24344384074238,27.313911970570576,27.376476287841797,80012800
2020-02-27 00:00:00-05:00,26.41119426648741,27.0815291636546,25.83917569975801,26.03580665588379,121148300
2020-02-28 00:00:00-05:00,25.025838751541944,25.6961737181011,24.757705446818267,25.472728729248047,171198800
2020-03-02 00:00:00-05:00,25.33866070555164,26.259252918763558,24.525321126524663,26.250316619873047,147776300
2020-03-03 00:00:00-05:00,26.250315171872533,26.58995076772329,24.686200420829984,24.802391052246094,138698500
2020-03-04 00:00:00-05:00,25.24928578559654,25.40122845851403,24.4895724210091,25.374414443969727,111239800
2020-03-05 00:00:00-05:00,24.501915169526576,24.600858842290034,23.74634935990715,24.088153839111328,110878700
2020-03-06 00:00:00-05:00,22.90982812827789,23.575445247568236,22.57702042644643,23.125703811645508,119121200
2020-03-09 00:00:00-04:00,19.995504508565197,21.128853171462442,19.347877436464263,19.72566032409668,145196000
2020-03-10 00:00:00-04:00,20.91297722087759,21.299755138602816,19.419835758701687,21.236791610717773,134863600
2020-03-11 00:00:00-04:00,20.544191395771335,21.551611372390425,20.022491336115255,20.391279220581055,127347000
2020-03-12 00:00:00-04:00,18.520349510322074,20.571170748181164,18.12457662955057,18.44839096069336,139552600
2020-03-13 00:00:00-04:00,19.959529186841287,21.812463773401927,19.320895334751338,21.731510162353516,128357400
2020-03-16 00:00:00-04:00,17.85473623180204,19.545763359581446,17.611875432648784,18.38543128967285,121688800
2020-03-17 00:00:00-04:00,18.943111189769223,20.409269416538567,18.016644812925264,19.7706356048584,120065700
2020-03-18 00:00:00-04:00,18.232522817362163,18.862159956901483,17.719817725745276,18.700254440307617,148272500
2020-03-19 00:00:00-04:00,18.22352397476727,19.563753305695972,17.090175301527516,19.06903839111328,122461300
2020-03-20 00:00:00-04:00,19.572748575004958,19.644707140089892,17.593885461727975,17.692829132080078,150910400
2020-03-23 00:00:00-04:00,17.324041584369336,17.692829451541904,16.145719416467422,16.262651443481445,181898500
2020-03-24 00:00:00-04:00,17.46795645301415,19.024061321644282,17.09916863364232,18.91612434387207,147882400
2020-03-25 00:00:00-04:00,19.527769220224254,19.87856865110926,18.358442358946657,18.97908592224121,146991300
2020-03-26 00:00:00-04:00,19.16798173527673,20.643134982319754,19.04205466765667,20.43625259399414,116111400
2020-03-27 00:00:00-04:00,19.500787749860475,19.968519226518193,18.979087784550657,19.428829193115234,91522800
2020-03-30 00:00:00-04:00,19.47380640871527,20.103445188559334,19.13200362706952,19.82460594177246,80449100
2020-03-31 00:00:00-04:00,19.62671670316682,20.229370317852283,18.853160856237803,19.09602165222168,95213700
2020-04-01 00:00:00-04:00,17.92669299379288,18.304475849277125,17.54891013830864,17.78277587890625,83961300
2020-04-02 00:00:00-04:00,17.674835214118954,18.700246687883254,17.620866730960984,18.50235939025879,70007400
2020-04-03 00:00:00-04:00,18.34945124416845,18.65527557454022,17.701824158713393,18.016643524169922,68293500
2020-04-06 00:00:00-04:00,18.916127932927903,19.428832963692436,18.71824057675376,19.239940643310547,97766200
2020-04-07 00:00:00-04:00,20.508207391534444,20.580165947743687,19.653699751003106,19.914548873901367,94560300
2020-04-08 00:00:00-04:00,20.15741149476183,21.227796617801257,20.15741149476183,21.09287452697754,81212300
2020-04-09 00:00:00-04:00,21.650552718487074,22.774906322194358,21.63256264907717,22.36114501953125,125275700
2020-04-13 00:00:00-04:00,22.289184577812637,22.352148099809973,21.389701770702597,21.515628814697266,83164700
2020-04-14 00:00:00-04:00,22.037326765237932,22.172248830879266,20.778051293206907,21.344724655151367,88991100
2020-04-15 00:00:00-04:00,19.93254286211432,20.373289320033614,19.707672115280335,19.95952796936035,99082200
2020-04-16 00:00:00-04:00,19.923544041331194,19.977512529942786,18.970092736265578,19.266921997070312,89213300
2020-04-17 00:00:00-04:00,20.094449816798445,21.04790129077907,20.067464709898264,20.939964294433594,92800300
2020-04-20 00:00:00-04:00,20.30133252816611,20.805042564825918,19.95053468137436,20.23836898803711,74446300
2020-04-21 00:00:00-04:00,19.69867324746373,20.121431267272374,19.338880465646923,19.464807510375977,78871300
2020-04-22 00:00:00-04:00,19.9325408939325,19.99550442232844,19.56375304278988,19.608726501464844,49669500
2020-04-23 00:00:00-04:00,19.752645692831674,20.139423654127324,19.653703730278306,19.671693801879883,50614800
2020-04-24 00:00:00-04:00,19.887565576001162,20.05846607549079,19.491792657277244,19.950529098510742,47633500
2020-04-27 00:00:00-04:00,20.256355018997265,21.272769926030097,20.193391491432504,21.110862731933594,66916700
2020-04-28 00:00:00-04:00,21.9923572039704,22.316169875641446,21.45266713034873,21.488645553588867,65504900
2020-04-29 00:00:00-04:00,22.40611849767628,22.586015760682994,22.046325687290306,22.289186477661133,73493900
2020-04-30 00:00:00-04:00,21.77647976127528,21.929391919921528,21.452667090210102,21.6325626373291,55244100
2020-05-01 00:00:00-04:00,21.029909260084374,21.101867822819276,20.517204286144754,20.76006507873535,51772600
2020-05-04 00:00:00-04:00,20.418264285322216,20.67911345679632,20.17540346952977,20.625144958496094,45886100
2020-05-05 00:00:00-04:00,21.11985597987913,21.155836115802096,20.34630192943579,20.382280349731445,45691900
2020-05-06 00:00:00-04:00,20.6881066872666,20.76006525059721,19.9955044429423,20.103443145751953,53874600
2020-05-07 00:00:00-04:00,20.382284149888264,21.020917956571928,20.33731068722683,20.544191360473633,51884300
2020-05-08 00:00:00-04:00,21.11086275422343,21.245786559864612,20.912977136578466,21.2008113861084,45181000
2020-05-11 00:00:00-04:00,20.787050267531715,20.796045302363538,20.292333645546318,20.31032371520996,68951800
2020-05-12 00:00:00-04:00,20.42725793724195,20.526201615422973,19.653703730278306,19.671693801879883,69588700
2020-05-13 00:00:00-04:00,19.482799777316668,19.56375337681576,18.637285357896975,18.77220916748047,112113400
2020-05-14 00:00:00-04:00,18.250512399728702,19.599737011081146,18.079610135248274,19.52777671813965,88359100
2020-05-15 00:00:00-04:00,19.24893387692328,19.51877977854345,19.096021714026765,19.284914016723633,64484000
2020-05-18 00:00:00-04:00,20.166408433875127,20.742076990751183,19.851589048473173,20.625144958496094,86589400
2020-05-19 00:00:00-04:00,20.382282255817188,20.68810657725286,19.95952591295139,19.977514266967773,62179000
2020-05-20 00:00:00-04:00,20.400272285228837,20.688106536453006,20.364292146012083,20.607152938842773,59789500
2020-05-21 00:00:00-04:00,20.51720618501659,20.93096924575674,20.490222793760847,20.598159790039062,57726000
2020-05-22 00:00:00-04:00,20.62514112032953,20.64313118829101,20.20238310137124,20.382280349731445,48107000
2020-05-26 00:00:00-04:00,21.36272043211029,22.12728129596397,21.317746970083206,21.839447021484375,119485500
2020-05-27 00:00:00-04:00,23.44952202936532,23.539470674385242,22.46009036540156,23.368568420410156,117672700
2020-05-28 00:00:00-04:00,23.45851351912368,23.512482011725943,22.298181492224035,22.36114501953125,84340800
2020-05-29 00:00:00-04:00,21.965374141827276,22.406120590164456,21.641559724425424,21.69552993774414,113811100
2020-06-01 00:00:00-04:00,21.8394431727196,22.370138166127337,21.632560823222114,22.136272430419922,58375500
2020-06-02 00:00:00-04:00,22.451089975661077,22.837867856076496,22.09129719700509,22.34315299987793,71118100
2020-06-03 00:00:00-04:00,22.93681138861073,23.51247983132415,22.837867731659127,23.3775577545166,86744600
2020-06-04 00:00:00-04:00,23.28698513906588,24.301432584718306,23.16017985620648,24.256145477294922,94545300
2020-06-05 00:00:00-04:00,26.221635303028908,26.27598017601184,25.25247499054454,25.460800170898438,118767900
2020-06-08 00:00:00-04:00,25.895564055770375,26.176347930716908,25.48797316666052,25.850276947021484,79598500
2020-06-09 00:00:00-04:00,25.10755633003159,25.850277719903787,24.9535777370522,25.560434341430664,77773400
2020-06-10 00:00:00-04:00,25.333995847033798,25.451745099825835,24.011592856303533,24.093111038208008,90415300
2020-06-11 00:00:00-04:00,22.625784871008236,23.268872540885464,21.448302740935567,21.674741744995117,149875500
2020-06-12 00:00:00-04:00,22.67107632881654,22.689190138264692,21.774377976406754,22.444637298583984,73729700
2020-06-15 00:00:00-04:00,21.520762024359875,22.797877802063205,21.45735938296349,22.779762268066406,76538900
2020-06-16 00:00:00-04:00,23.71268987463694,23.7670347452233,22.517092356183362,23.368501663208008,96796500
2020-06-17 00:00:00-04:00,23.45908194513089,23.45908194513089,22.57144140821503,22.643901824951172,58349500
2020-06-18 00:00:00-04:00,22.372172841127615,23.087719149199476,22.26348136608774,22.680130004882812,53419000
2020-06-19 00:00:00-04:00,23.04243640285498,23.087723518262727,22.181967389366147,22.870342254638672,127563600
2020-06-22 00:00:00-04:00,22.54426208147609,22.671069072582775,22.290651554447013,22.29970932006836,55484300
2020-06-23 00:00:00-04:00,22.65295332685311,23.015255310315762,22.426514371239932,22.45368766784668,46108300
2020-06-24 00:00:00-04:00,22.227250793736854,22.227250793736854,21.448300160652078,21.56604766845703,75437100
2020-06-25 00:00:00-04:00,21.4664194332378,22.43557814644977,21.330554641402962,22.390289306640625,65031900
2020-06-26 00:00:00-04:00,21.81965739712735,21.837772927780104,20.85049896590222,20.968246459960938,118139200
2020-06-29 00:00:00-04:00,21.20374824066854,21.593223604777343,20.922964358847597,21.185632705688477,66269200
2020-06-30 00:00:00-04:00,21.01353655400974,21.656622382640947,20.92296062287504,21.511701583862305,61716200
2020-07-01 00:00:00-04:00,21.765313028169885,21.80154236270793,21.040707333895533,21.067880630493164,57379900
2020-07-02 00:00:00-04:00,21.5932177017346,21.72908072175852,21.031648364019155,21.09505271911621,56000200
2020-07-06 00:00:00-04:00,21.57510612961638,21.810602880402193,21.249033439667972,21.430185317993164,59589000
2020-07-07 00:00:00-04:00,21.1765766159195,21.185634384127138,20.741814107508848,20.841447830200195,60645800
2020-07-08 00:00:00-04:00,20.85956145202792,21.004482274863296,20.56066203898089,20.922964096069336,52922600
2020-07-09 00:00:00-04:00,20.778043994728307,20.97730970114811,20.279877137289986,20.624065399169922,79385900
2020-07-10 00:00:00-04:00,20.569714686774535,21.783427673571307,20.542543116718853,21.756256103515625,81142900
2020-07-13 00:00:00-04:00,22.073274623464616,22.200079911458385,21.611338853154127,21.91023826599121,73598100
2020-07-14 00:00:00-04:00,21.638509283211143,21.874006039595923,21.23997790556833,21.864948272705078,67423100
2020-07-15 00:00:00-04:00,22.426519873742198,22.5261535914873,21.99175738691502,22.281599044799805,57384400
2020-07-16 00:00:00-04:00,21.51170538565744,21.9374100913561,21.321497451491815,21.674741744995117,78067100
2020-07-17 00:00:00-04:00,21.62945123689533,21.720027177041256,21.013538644606232,21.031652450561523,66659100
2020-07-20 00:00:00-04:00,21.00447900142311,21.46641470006775,20.932018601298005,21.357723236083984,61114000
2020-07-21 00:00:00-04:00,21.475469452085022,22.172901841258945,21.457355648832902,22.11855697631836,75499300
2020-07-22 00:00:00-04:00,21.95552588237069,22.037044062990276,21.710971340511932,22.01892852783203,52193700
2020-07-23 00:00:00-04:00,22.20913933146587,22.3178290928077,21.83777947962818,22.22725486755371,61047600
2020-07-24 00:00:00-04:00,22.245364619220457,22.489919129029722,21.982696304219328,22.055156707763672,50217600
2020-07-27 00:00:00-04:00,21.937408680239443,21.982697514693665,21.629451516320298,21.864948272705078,54721300
2020-07-28 00:00:00-04:00,21.855889532394666,22.245364853392534,21.810602427549835,22.0642147064209,48406500
2020-07-29 00:00:00-04:00,22.064214780306564,22.906568062942746,21.91023620468928,22.888452529907227,71393500
2020-07-30 00:00:00-04:00,22.390282392052395,22.5986075356541,22.055153718922448,22.498973846435547,61755900
2020-07-31 00:00:00-04:00,22.58049467223638,22.598610204705153,22.15478829718158,22.535205841064453,61955800
2020-08-03 00:00:00-04:00,22.671072987687495,22.924683558512996,22.36311581374872,22.634841918945312,58284000
2020-08-04 00:00:00-04:00,22.60766527233575,22.69824120319706,22.517091069066634,22.6529541015625,37985300
2020-08-05 00:00:00-04:00,22.93374015228569,23.17829467100537,22.870337512823333,22.997142791748047,51322600
2020-08-06 00:00:00-04:00,23.051487254787595,23.250752921421206,22.897508689973193,23.06960105895996,51999700
2020-08-07 00:00:00-04:00,22.951855688146175,23.721748583682324,22.879395281954086,23.649288177490234,63354500
2020-08-10 00:00:00-04:00,23.83043437381804,24.283312269248366,23.73985844921356,24.056873321533203,64051100
2020-08-11 00:00:00-04:00,24.709024451250247,25.1347291518895,24.2561464485135,24.382951736450195,81441000
2020-08-12 00:00:00-04:00,24.89017438928053,24.9716925672387,23.921015748658355,24.210857391357422,61971300
2020-08-13 00:00:00-04:00,23.993470141452896,24.15650645647757,23.676455276415147,23.86666488647461,55955500
2020-08-14 00:00:00-04:00,23.604001045900013,24.14745499532394,23.47719575781834,23.975360870361328,50931900
2020-08-17 00:00:00-04:00,23.830435684200115,23.92101161378516,23.404731061020215,23.459075927734375,57518700
2020-08-18 00:00:00-04:00,23.431904266382166,23.540593999384715,23.06054278377902,23.123947143554688,45850100
2020-08-19 00:00:00-04:00,23.241699696877998,23.622117300305,22.997145153047956,23.096778869628906,59856000
2020-08-20 00:00:00-04:00,22.78881905418778,22.942797631348196,22.662013776852966,22.734474182128906,49403700
2020-08-21 00:00:00-04:00,22.62578582763672,23.033376743214042,22.553325412377703,22.62578582763672,55010700
2020-08-24 00:00:00-04:00,22.843163024195636,23.27792716627527,22.680128414457073,23.268869400024414,54579500
2020-08-25 00:00:00-04:00,23.585886983419186,23.72175003740631,23.305101380574342,23.54965591430664,57304700
2020-08-26 00:00:00-04:00,23.495311296863107,23.495311296863107,23.133009239711793,23.151123046875,39478000
2020-08-27 00:00:00-04:00,23.087721104810072,23.748922595164263,23.042433994136374,23.59494400024414,52934800
2020-08-28 00:00:00-04:00,23.91195655507327,23.975359194682788,23.540596756566924,23.821380615234375,46466400
2020-08-31 00:00:00-04:00,23.631172407729235,23.67645951329928,23.26887038039187,23.314157485961914,49416200
2020-09-01 00:00:00-04:00,23.16923977788108,23.45908143856694,23.006203411847146,23.2869873046875,46109200
2020-09-02 00:00:00-04:00,23.12394980040258,23.6945752832089,23.087718733510826,23.56777000427246,57300900
2020-09-03 00:00:00-04:00,23.896116899914762,24.279184481168038,23.221186896103884,23.403600692749023,86192500
2020-09-04 00:00:00-04:00,23.95084164556508,24.406874422351255,23.53129058631577,24.206220626831055,99621400
2020-09-08 00:00:00-04:00,23.841388675842186,24.00556072395499,23.157339635123286,23.239425659179688,74978600
2020-09-09 00:00:00-04:00,23.38535813589063,23.45832330403589,23.011411431692828,23.26679039001465,53822700
2020-09-10 00:00:00-04:00,23.440081063967444,23.613372234391196,22.874599760468193,22.929323196411133,56609600
2020-09-11 00:00:00-04:00,23.002290491383796,23.33063461675406,22.88372274590388,23.25766944885254,47708300
2020-09-14 00:00:00-04:00,23.4127220834845,23.704582772983997,23.294154330735427,23.485687255859375,47802400
2020-09-15 00:00:00-04:00,23.503926312792906,23.55864975094837,22.97492843828547,23.05701446533203,63820200
2020-09-16 00:00:00-04:00,23.057014390393505,23.631614838225172,22.847238022163687,23.348875045776367,64598600
2020-09-17 00:00:00-04:00,22.920203636875286,23.23942688733979,22.892842787161626,23.120859146118164,48862000
2020-09-18 00:00:00-04:00,22.93844444034458,23.33063284031332,22.892841866238456,22.993167877197266,94055800
2020-09-21 00:00:00-04:00,22.409449928205984,22.600984595261114,21.916935443657138,22.3182430267334,75218600
2020-09-22 00:00:00-04:00,22.135828013593894,22.436809530605757,21.716277018580154,21.83484649658203,68665300
2020-09-23 00:00:00-04:00,21.980774675701774,22.126704988500293,21.21463966369629,21.21463966369629,59950300
2020-09-24 00:00:00-04:00,21.324088905446082,21.72539818018862,20.931902233350204,21.287607192993164,53570700
2020-09-25 00:00:00-04:00,21.232882693412552,21.479139024136916,21.096071494577547,21.424415588378906,42111300
2020-09-28 00:00:00-04:00,21.78012215047508,22.17231057177356,21.698037860545128,21.971656799316406,47996900
2020-09-29 00:00:00-04:00,21.8713252804372,21.88044614211062,21.46089694289214,21.679792404174805,45695200
2020-09-30 00:00:00-04:00,21.688916997302513,22.181431435016176,21.6797961340599,21.971656799316406,56226100
2020-10-01 00:00:00-04:00,22.135828936899024,22.263517543494693,21.761882240760173,21.980777740478516,44782200
2020-10-02 00:00:00-04:00,21.56122537456415,22.28175787141589,21.49738107527383,22.08110237121582,51682100
2020-10-05 00:00:00-04:00,22.363844532127654,22.53713570952207,22.236154190288882,22.45505142211914,44396800
2020-10-06 00:00:00-04:00,22.728670818254212,22.974928904389863,22.144949493749053,22.227035522460938,67541100
2020-10-07 00:00:00-04:00,22.464170005902048,22.901962719420776,22.436809157300477,22.69218635559082,47648000
2020-10-08 00:00:00-04:00,22.75603452227098,23.0752560499782,22.628344171561242,23.020532608032227,52080600
2020-10-09 00:00:00-04:00,23.111740266836154,23.248549746027972,22.838121308452514,23.129981994628906,44511500
2020-10-12 00:00:00-04:00,23.075258586207717,23.55865397213713,23.020535138247023,23.421844482421875,48362900
2020-10-13 00:00:00-04:00,23.385352911322638,23.421836357057842,22.655701392882946,22.75602912902832,61186900
2020-10-14 00:00:00-04:00,22.20879128677606,22.427686758732335,21.515621422434563,21.542984008789062,127409500
2020-10-15 00:00:00-04:00,21.515624367789773,22.071984855774208,21.415296610382267,22.02638053894043,66832400
2020-10-16 00:00:00-04:00,22.071981578929442,22.208791029866187,21.834844385480018,22.108463287353516,58357700
2020-10-19 00:00:00-04:00,22.16318744230605,22.18142916692603,21.606828758409527,21.63418960571289,51377900
2020-10-20 00:00:00-04:00,21.78924134569988,22.327360058432358,21.78012048315549,22.017257690429688,62476400
2020-10-21 00:00:00-04:00,22.090224228335707,22.19967284606513,21.89869132184267,21.93517303466797,41564900
2020-10-22 00:00:00-04:00,21.93517038610685,22.71954712284903,21.889567815674816,22.68306541442871,55402000
2020-10-23 00:00:00-04:00,23.020530614803477,23.038772340414962,22.537135323859335,22.71042823791504,51007400
2020-10-26 00:00:00-04:00,22.318239760744273,22.41856751164513,22.02637911044363,22.3820858001709,59450200
2020-10-27 00:00:00-04:00,22.154073077868574,22.245278241304277,21.716280291093078,21.752763748168945,55009300
2020-10-28 00:00:00-04:00,21.351452173171165,21.57946853703641,21.086954095693418,21.40617561340332,81942500
2020-10-29 00:00:00-04:00,21.30584445875584,21.661549343933675,21.08694901098283,21.470016479492188,57490400
2020-10-30 00:00:00-04:00,21.424415001391967,21.743638223883124,21.196398662416367,21.615949630737305,66453400
2020-11-02 00:00:00-05:00,21.789244828711926,22.12670983829157,21.406177238747407,21.96253776550293,59756400
2020-11-03 00:00:00-05:00,22.41856834826039,22.746912461915095,22.354724046077923,22.518896102905273,65106200
2020-11-04 00:00:00-05:00,21.789240636733336,22.017256974044074,21.22376109439361,21.597707748413086,88845500
2020-11-05 00:00:00-05:00,21.7983612776162,22.6101006131452,21.76187956862279,22.4459285736084,74722600
2020-11-06 00:00:00-05:00,22.737795113371927,22.76515596732113,22.099348513609275,22.172313690185547,55454500
2020-11-09 00:00:00-05:00,24.260939682764988,25.784088951191492,23.987319022430643,25.31893539428711,178378800
2020-11-10 00:00:00-05:00,25.072682395052862,25.318940517293363,24.789942554495443,25.227733612060547,77694600
2020-11-11 00:00:00-05:00,25.309817843323103,25.32805957099091,24.735217338802414,24.935871124267578,48360900
2020-11-12 00:00:00-05:00,24.479840419270985,24.5345638672278,23.99644503337584,24.34303092956543,67912600
2020-11-13 00:00:00-05:00,24.51631433873101,24.81729581618371,24.406867477635387,24.625762939453125,52421000
2020-11-16 00:00:00-05:00,25.410143118888783,25.537831720812292,24.789938355900208,25.15476417541504,57396700
2020-11-17 00:00:00-05:00,24.853782424754574,25.173005666208876,24.634886935089924,25.12740135192871,46402300
2020-11-18 00:00:00-05:00,25.20036705311019,25.473987725752107,24.589283145724696,24.607524871826172,54416700
2020-11-19 00:00:00-05:00,24.561922296199228,24.63488746097839,24.306543349658796,24.607524871826172,46423000
2020-11-20 00:00:00-05:00,24.388626485261767,24.58016110735985,24.28829874322817,24.452470779418945,40538000
2020-11-23 00:00:00-05:00,24.726092915948975,25.100039581179438,24.680488603343647,24.981470108032227,45421200
2020-11-24 00:00:00-05:00,25.473986034829096,26.44077483888574,25.46486517238379,26.43165397644043,80387800
2020-11-25 00:00:00-05:00,26.18539252589508,26.48637572882052,25.975617935637718,26.47725486755371,57249900
2020-11-27 00:00:00-05:00,26.422531286624874,26.541100750587063,26.276600976845653,26.440773010253906,25971600
2020-11-30 00:00:00-05:00,26.19451578973422,26.322206119554934,25.629036256337358,25.683759689331055,63567900
2020-12-01 00:00:00-05:00,26.212758792597228,26.486379450166044,26.148914494385835,26.167156219482422,50255100
2020-12-02 00:00:00-05:00,26.167158263226717,26.61407012523847,26.02122793030969,26.504621505737305,45257500
2020-12-03 00:00:00-05:00,26.55968721520917,26.70652708470903,26.275183436392542,26.532154083251953,54013700
2020-12-04 00:00:00-05:00,26.79830368742513,27.009385790842085,26.61475296677684,26.880901336669922,66188200
2020-12-07 00:00:00-05:00,26.52297654574444,26.752414062144425,26.330249872193733,26.697349548339844,42197800
2020-12-08 00:00:00-05:00,26.486262472013568,26.752409030738512,26.40366484160641,26.550504684448242,33869100
2020-12-09 00:00:00-05:00,26.844190176174116,26.844190176174116,26.38531513042755,26.431201934814453,54886300
2020-12-10 00:00:00-05:00,26.27518449486709,26.734059543156885,26.128344619451905,26.71570587158203,58859600
2020-12-11 00:00:00-05:00,26.321070630463772,26.385312851243896,25.972324645558473,26.220117568969727,40538400
2020-12-14 00:00:00-05:00,26.541326601962083,26.578035686921456,25.825481065330052,25.898900985717773,40267100
2020-12-15 00:00:00-05:00,26.018214281224722,26.44955617478175,25.92643892608278,26.284360885620117,43672700
2020-12-16 00:00:00-05:00,26.431198476889673,26.449553896430796,26.10080967749523,26.357778549194336,42463200
2020-12-17 00:00:00-05:00,26.34860373345517,26.541332158867217,26.18341019084829,26.4587345123291,43182700
2020-12-18 00:00:00-05:00,26.513799761803856,26.706528192560587,26.220120010621592,26.3118953704834,82817200
2020-12-21 00:00:00-05:00,26.706526714827792,27.523323696416902,26.366958427269015,27.293886184692383,93397400
2020-12-22 00:00:00-05:00,27.330595002073295,27.330595002073295,26.770766954788783,26.807476043701172,39054300
2020-12-23 00:00:00-05:00,26.97267145762927,27.85371235212191,26.9176069487451,27.578386306762695,52537200
2020-12-24 00:00:00-05:00,27.780292328497726,27.780292328497726,27.293884208687462,27.49578857421875,22632300
2020-12-28 00:00:00-05:00,27.743583138630328,28.03726286976258,27.52332334028114,27.65180778503418,32861200
2020-12-29 00:00:00-05:00,27.688515416166947,27.761935340436942,27.468255643356958,27.541675567626953,33291900
2020-12-30 00:00:00-05:00,27.532498409164333,27.734402767329325,27.477433902477355,27.514142990112305,26370100
2020-12-31 00:00:00-05:00,27.5416789380341,27.890423183376814,27.440725873382842,27.81700325012207,28716000
2021-01-04 00:00:00-05:00,27.95466290272952,28.055615958340084,27.303061272255498,27.56003189086914,51483900
2021-01-05 00:00:00-05:00,27.68851671188759,28.02808497157004,27.449901509226525,27.771114349365234,48507000
2021-01-06 00:00:00-05:00,29.276223675259963,29.937003023092785,28.780639602002637,29.50566291809082,107002800
2021-01-07 00:00:00-05:00,30.57025676494833,30.85475705230997,30.13891310225324,30.157268524169922,74358500
2021-01-08 00:00:00-05:00,30.21233215681832,30.28575384659405,29.468956803002794,29.85441017150879,44641400
2021-01-11 00:00:00-05:00,29.450596305591933,30.405057102569266,29.276223323361627,30.349990844726562,51868200
2021-01-12 00:00:00-05:00,30.67121027244866,31.175975687625364,30.469307607317187,30.89147186279297,68166200
2021-01-13 00:00:00-05:00,30.68038868946033,30.909826233652563,30.368353489321333,30.70792007446289,43172800
2021-01-14 00:00:00-05:00,30.726270026085732,31.543066977796887,30.671203764948245,31.194324493408203,48483500
2021-01-15 00:00:00-05:00,30.551898068046086,30.86393320530378,30.010425432832392,30.294925689697266,57684300
2021-01-19 00:00:00-05:00,29.826875956220732,30.836399588209716,29.551551647581785,30.074668884277344,78130200
2021-01-20 00:00:00-05:00,30.065489882592953,30.093024764534306,29.514841256906006,29.680036544799805,53920000
2021-01-21 00:00:00-05:00,29.680032844131933,29.808517274042842,29.120204827287406,29.15691566467285,49626600
2021-01-22 00:00:00-05:00,28.780638234875028,29.138560145807286,28.679685182881187,28.95500946044922,45314500
2021-01-25 00:00:00-05:00,28.698040913197705,28.725572290972085,28.055615257936214,28.597087860107422,48078400
2021-01-26 00:00:00-05:00,28.81734963006517,28.84488276021513,28.367652340431096,28.395185470581055,36373000
2021-01-27 00:00:00-05:00,27.81700158301529,27.927132351531778,27.2296421521785,27.376482009887695,63809200
2021-01-28 00:00:00-05:00,27.91795102649875,28.220808412615373,27.459076092960288,27.826175689697266,51223300
2021-01-29 00:00:00-05:00,27.8996009850888,27.991376339574707,27.15622393964461,27.211288452148438,64019100
2021-02-01 00:00:00-05:00,27.4131926864094,27.569210253105584,27.137866641991277,27.49578857421875,40985300
2021-02-02 00:00:00-05:00,28.0647950018793,28.633800773543463,28.028085912029244,28.477783203125,53527000
2021-02-03 00:00:00-05:00,28.367653263066824,29.120208006949863,28.340120132021372,28.982545852661133,49404900
2021-02-04 00:00:00-05:00,29.184453704202987,29.854410885197396,29.16610003178973,29.826879501342773,51751900
2021-02-05 00:00:00-05:00,30.184795708257973,30.20315112762165,29.66167850967713,29.707565307617188,42008800
2021-02-08 00:00:00-05:00,29.76263605603283,30.54272224152114,29.735104673302757,30.368350982666016,46014100
2021-02-09 00:00:00-05:00,30.258219770175387,30.3041065717315,29.90947377665956,30.239864349365234,35868600
2021-02-10 00:00:00-05:00,30.39587563035681,30.67119989946829,30.157262197376994,30.267391204833984,45031900
2021-02-11 00:00:00-05:00,30.258218672895953,30.57025381347588,29.872761851737966,30.175621032714844,29479900
2021-02-12 00:00:00-05:00,30.285751985225907,30.698740212484896,30.20315433977411,30.62531852722168,37468300
2021-02-16 00:00:00-05:00,31.185149378828182,31.71744614119135,30.928180459584695,31.451297760009766,52802600
2021-02-17 00:00:00-05:00,31.240200816390022,31.717431083376933,31.01076339000808,31.57976722717285,45455300
2021-02-18 00:00:00-05:00,31.258567483049934,31.800040144267747,31.22185664138873,31.377872467041016,37541700
2021-02-19 00:00:00-05:00,31.387051990083272,31.87345838977254,31.36869656921632,31.699087142944336,54514100
2021-02-22 00:00:00-05:00,31.616489226468744,32.3506885501134,31.57977838505188,32.258914947509766,56783400
2021-02-23 00:00:00-05:00,32.50669932063929,32.93804288787655,32.24973047255139,32.59847640991211,67440700
2021-02-24 00:00:00-05:00,32.800389230244804,33.51623316864808,32.67190127891974,33.38774871826172,58139500
2021-02-25 00:00:00-05:00,33.92003953844585,33.98428175908795,32.81873882596364,32.97475814819336,74762000
2021-02-26 00:00:00-05:00,32.79120405821685,33.06652833265836,31.82756734720251,31.855098724365234,70933300
2021-03-01 00:00:00-05:00,32.59848618038855,33.08489264603812,32.34151725528146,32.84627914428711,45901700
2021-03-02 00:00:00-05:00,32.71779474126462,32.98393962806449,32.58013081631304,32.607662200927734,41167400
2021-03-03 00:00:00-05:00,33.01146903096475,33.929219042381604,32.892160549217785,33.42445373535156,66047000
2021-03-04 00:00:00-05:00,33.332221681121354,34.005506323619386,33.129312727539734,33.66425323486328,96512800
2021-03-05 00:00:00-05:00,34.15308149037497,34.67879703637992,33.359895643889594,34.06085205078125,74292300
2021-03-08 00:00:00-05:00,34.475888836117434,34.79869536746615,33.95939486763217,34.24531173706055,65335500
2021-03-09 00:00:00-05:00,33.71037577712914,34.272984538509874,33.027869441078394,33.49824523925781,63946000
2021-03-10 00:00:00-05:00,33.70114923061414,34.61423256145523,33.5443549756418,34.4666633605957,53365600
2021-03-11 00:00:00-05:00,34.37443555252744,34.85403635754859,33.987064183025666,34.34676742553711,45834000
2021-03-12 00:00:00-05:00,34.97393164529372,35.21373379137087,34.66035017759272,34.99237823486328,46069600
2021-03-15 00:00:00-04:00,35.07538387258321,35.11227704934924,34.3283163938696,34.817138671875,50131600
2021-03-16 00:00:00-04:00,34.512777828994366,34.78947315716064,34.09774187339946,34.7156867980957,50300400
2021-03-17 00:00:00-04:00,35.047720705864734,35.379752307063214,34.42977574011115,35.00160598754883,63796000
2021-03-18 00:00:00-04:00,35.51809144121001,36.86466424664565,35.4350835526443,35.9146842956543,95439700
2021-03-19 00:00:00-04:00,35.315185151804656,35.896236839389275,34.61422888345779,35.536537170410156,106252700
2021-03-22 00:00:00-04:00,35.12150603685312,35.39819785693808,34.49433603488593,34.734134674072266,54701300
2021-03-23 00:00:00-04:00,34.45744124232474,34.881702247833076,33.92250069929728,34.033180236816406,49838000
2021-03-24 00:00:00-04:00,34.31909357958944,34.8540341226169,34.02395518285954,34.033180236816406,43896800
2021-03-25 00:00:00-04:00,34.00551018379753,34.81714257193049,33.784158135060515,34.734134674072266,47517900
2021-03-26 00:00:00-04:00,35.37052137286162,35.74866762951782,35.12150123168415,35.67488479614258,66846000
2021-03-29 00:00:00-04:00,35.09383507536567,35.62877565383007,34.918597740176004,35.33363723754883,45680000
2021-03-30 00:00:00-04:00,35.62877997680531,36.394294237440214,35.62877997680531,35.960811614990234,56705900
2021-03-31 00:00:00-04:00,35.61955885459361,35.96081558615087,35.471989612251754,35.684120178222656,49270000
2021-04-01 00:00:00-04:00,35.81323554248058,36.44962704845661,35.711781059282835,36.421958923339844,65587000
2021-04-05 00:00:00-04:00,36.89233668518712,37.15058191611866,36.52341191100429,36.7078742980957,50328500
2021-04-06 00:00:00-04:00,36.458853207766914,37.030687000432884,36.394291895421986,36.606422424316406,42590100
2021-04-07 00:00:00-04:00,36.68020463947338,37.03068280847638,36.51418884985761,36.93844985961914,43136400
2021-04-08 00:00:00-04:00,36.7078719761555,36.753986690429535,36.172934957587735,36.61564254760742,45285900
2021-04-09 00:00:00-04:00,36.809331308558946,37.058355020442775,36.44040650910269,36.88311767578125,45872900
2021-04-12 00:00:00-04:00,36.88312391861588,37.242823723888286,36.75399775412095,36.94768524169922,45544600
2021-04-13 00:00:00-04:00,36.717096053482095,36.72631758876078,36.154487406651256,36.26516342163086,46770400
2021-04-14 00:00:00-04:00,35.95158297460869,37.19670149365268,35.89624320098645,36.78166198730469,52023800
2021-04-15 00:00:00-04:00,36.64331175600951,36.7447662414086,35.09383338596062,35.730228424072266,118128900
2021-04-16 00:00:00-04:00,36.255940923448414,36.357391882127864,35.88701619221173,36.10837173461914,60633400
2021-04-19 00:00:00-04:00,36.329728591601324,36.36662177329825,35.99769699298393,36.1268196105957,42321100
2021-04-20 00:00:00-04:00,35.97003168763081,35.97003168763081,34.94626868435811,35.12150955200195,50834100
2021-04-21 00:00:00-04:00,34.81713288170419,35.76710915632068,34.503547967996845,35.71177291870117,37851800
2021-04-22 00:00:00-04:00,35.73944899602659,35.7578955854496,35.20450845774062,35.3797492980957,48093400
2021-04-23 00:00:00-04:00,35.34285402728208,36.283608922208956,35.25062460395329,36.13603973388672,48674100
2021-04-26 00:00:00-04:00,36.292831467596756,36.753985633733066,36.228270165803835,36.34817123413086,34699800
2021-04-27 00:00:00-04:00,36.587974538790604,36.81855165139199,36.44040532745882,36.78166198730469,34304800
2021-04-28 00:00:00-04:00,36.82777255632565,37.095242821202724,36.78165784266718,36.92000198364258,34084400
2021-04-29 00:00:00-04:00,37.39959804326555,37.93453850575459,37.31659016178714,37.91609191894531,44008700
2021-04-30 00:00:00-04:00,37.66708146898947,37.7224212488024,37.32582828929625,37.38116455078125,39203400
2021-05-03 00:00:00-04:00,37.6947382343284,37.860754005383555,37.279698806690504,37.4088249206543,41940500
2021-05-04 00:00:00-04:00,37.113691033939574,37.88843021960645,36.68942650207091,37.81464385986328,53880000
2021-05-05 00:00:00-04:00,37.99910198715112,38.33113353217213,37.59328409064682,38.174339294433594,37471100
2021-05-06 00:00:00-04:00,38.257351538528866,38.79229209273633,38.03599949551889,38.74617385864258,39044400
2021-05-07 00:00:00-04:00,37.934542505189846,38.967526847130124,37.916095916435744,38.9029655456543,39249200
2021-05-10 00:00:00-04:00,39.19810140563205,39.60391577711623,38.76461539363459,38.78306198120117,41271500
2021-05-11 00:00:00-04:00,38.32191977021948,39.050544373327426,38.12823581799927,38.34036636352539,42964700
2021-05-12 00:00:00-04:00,39.087430247879794,39.25344603824863,37.85153687420469,37.98065948486328,47533000
2021-05-13 00:00:00-04:00,37.685516669862345,38.81995542562504,37.611730319084195,38.589378356933594,42026100
2021-05-14 00:00:00-04:00,38.792296952460006,39.17966483541881,38.66317080647934,39.06898880004883,30932600
2021-05-17 00:00:00-04:00,38.95830989322723,39.52091508391524,38.88452352953391,39.419464111328125,32656400
2021-05-18 00:00:00-04:00,39.3825688581274,39.61314595505048,38.86607489442188,38.884521484375,37880300
2021-05-19 00:00:00-04:00,38.414151107063454,38.73695768040236,38.100566070822325,38.70928955078125,42672800
2021-05-20 00:00:00-04:00,38.64472944911042,38.85685999229555,38.23891143751464,38.61705780029297,36871100
2021-05-21 00:00:00-04:00,38.75540253176281,39.2903396175953,38.635501444911824,39.10588073730469,40243800
2021-05-24 00:00:00-04:00,39.27189370611155,39.45635257307161,38.96753024263818,39.31800842285156,31390800
2021-05-25 00:00:00-04:00,39.373343844382994,39.89905934444079,38.67239101708168,38.74617385864258,52657700
2021-05-26 00:00:00-04:00,38.75539526967214,38.96752575691886,38.42336371804183,38.773841857910156,41332800
2021-05-27 00:00:00-04:00,39.17965942872541,39.52091254304863,38.84762785010725,39.24422073364258,52981100
2021-05-28 00:00:00-04:00,39.34568051681668,39.39179523820687,38.78307176820433,39.096656799316406,38509700
2021-06-01 00:00:00-04:00,39.61314374948623,39.91750367094848,39.447127967478785,39.585472106933594,42890700
2021-06-02 00:00:00-04:00,39.75148918078725,39.81605048496303,39.29033499763043,39.603919982910156,34180500
2021-06-03 00:00:00-04:00,39.613187102118786,40.28004571245788,39.52982977582639,40.05775833129883,46981200
2021-06-04 00:00:00-04:00,40.04849790355316,40.18742442502893,39.66875975849851,40.0762825012207,37192600
2021-06-07 00:00:00-04:00,40.07627744920969,40.18741935900738,39.881778223779335,39.937347412109375,28401900
2021-06-08 00:00:00-04:00,39.69654838713053,40.04850197025657,39.298285958810155,39.71507263183594,41871400
2021-06-09 00:00:00-04:00,39.335333569034134,39.57614167854537,39.001904238066004,39.19640350341797,42366300
2021-06-10 00:00:00-04:00,39.60392382302074,39.78916272131161,38.54806669584235,38.61289978027344,40123600
2021-06-11 00:00:00-04:00,38.72403876167284,38.798132188712536,38.446178694145765,38.770347595214844,31203600
2021-06-14 00:00:00-04:00,38.76107861735867,38.81665133019212,38.02939066397212,38.307247161865234,36050700
2021-06-15 00:00:00-04:00,38.23315567658925,38.49249150707856,37.88120571107975,38.33503723144531,39247900
2021-06-16 00:00:00-04:00,38.23314878012842,38.89074682472672,37.668171920118496,38.54805374145508,63859100
2021-06-17 00:00:00-04:00,38.918537092658816,38.99263051800456,36.788299000191365,36.86239242553711,80728200
2021-06-18 00:00:00-04:00,36.13070613473964,36.39930234875025,35.649089966832435,35.91768264770508,102774200
2021-06-21 00:00:00-04:00,36.23258459813301,36.843870409969355,36.14922728137634,36.81608581542969,48119400
2021-06-22 00:00:00-04:00,36.93649816771989,37.28844820479833,36.38078144635586,37.01985549926758,44113200
2021-06-23 00:00:00-04:00,37.19581971728589,37.4366277534236,37.112462409942594,37.23286819458008,32039900
2021-06-24 00:00:00-04:00,37.45515831750694,37.98308684212542,37.214350240701506,37.816375732421875,37161800
2021-06-25 00:00:00-04:00,38.22388842823804,38.74255646252223,37.82562616735029,38.54805374145508,53178800
2021-06-28 00:00:00-04:00,38.39987147167379,38.51101691660274,38.06644220316227,38.49249267578125,34416500
2021-06-29 00:00:00-04:00,38.55731946416818,38.85370020270301,37.742270666628855,37.8719367980957,38519600
2021-06-30 00:00:00-04:00,37.75154063511105,38.30725731126998,37.714495683210856,38.186851501464844,29159800
2021-07-01 00:00:00-04:00,38.49248893018106,38.622155070176376,38.168320047055445,38.47396469116211,28045100
2021-07-02 00:00:00-04:00,38.31651824096645,38.40913945495188,38.06644626291287,38.11275863647461,28980800
2021-07-06 00:00:00-04:00,37.79785541854475,37.862688504927334,36.927233630313054,37.11247253417969,47578700
2021-07-07 00:00:00-04:00,36.64937118191635,37.04763352496069,36.454871953863346,36.81608581542969,43499900
2021-07-08 00:00:00-04:00,35.769492242240254,36.343733154912165,35.63982607910078,35.91768264770508,52793100
2021-07-09 00:00:00-04:00,36.723457265947125,37.26990983988516,36.49190962500959,37.08467102050781,43887200
2021-07-12 00:00:00-04:00,36.85313733834346,37.79785249517244,36.7142072879041,37.63113784790039,42624500
2021-07-13 00:00:00-04:00,37.49220997581058,37.49220997581058,36.658640224156706,36.917972564697266,54338100
2021-07-14 00:00:00-04:00,36.22332321565075,36.6308459009228,35.000751626697046,35.99177551269531,105651700
2021-07-15 00:00:00-04:00,35.55646305822602,36.427084642333575,35.491629987044064,35.9639892578125,54697300
2021-07-16 00:00:00-04:00,36.325205697778735,36.3900387736107,34.815513646682376,35.12115478515625,60469700
2021-07-19 00:00:00-04:00,34.03750902026634,34.50060438108629,33.81522169249239,34.2042236328125,83251500
2021-07-20 00:00:00-04:00,34.13939783501515,35.30639683821628,33.90785010529653,34.90813446044922,59462900
2021-07-21 00:00:00-04:00,35.24156163114119,35.908420183116974,35.17672855338107,35.621299743652344,49907400
2021-07-22 00:00:00-04:00,35.528684725846574,35.56573321108911,34.89887460927556,35.158206939697266,52715600
2021-07-23 00:00:00-04:00,35.38049198093778,35.44532505926062,34.787730388764466,34.917396545410156,48659400
2021-07-26 00:00:00-04:00,34.880347733443976,35.417540129492586,34.880347733443976,35.31565856933594,32258000
2021-07-27 00:00:00-04:00,34.935915445150115,35.41753504843634,34.69510387693838,35.17672348022461,39121400
2021-07-28 00:00:00-04:00,35.371227759866656,35.65834819911378,34.963705052377804,35.31565856933594,43331100
2021-07-29 00:00:00-04:00,35.704659802084166,36.1029221863888,35.53794515129906,35.82506561279297,43039100
2021-07-30 00:00:00-04:00,35.667609220805296,35.96399355278062,35.241562264118606,35.528682708740234,46210100
2021-08-02 00:00:00-04:00,35.56573321108911,36.0751375171909,35.11189809971311,35.158206939697266,49894000
2021-08-03 00:00:00-04:00,35.2508269456047,35.77875547624833,34.77846760778383,35.70465850830078,39680600
2021-08-04 00:00:00-04:00,35.2230403782257,35.90842322958619,35.06558961406093,35.44532775878906,42289800
2021-08-05 00:00:00-04:00,35.72318226586196,36.177017355541686,35.704658024126275,36.13996887207031,34754500
2021-08-06 00:00:00-04:00,36.55675906560178,37.42737731378599,36.55675906560178,37.18656921386719,58022300
2021-08-09 00:00:00-04:00,37.093945001795596,37.93677858318331,36.86239727577547,37.668182373046875,56340100
2021-08-10 00:00:00-04:00,37.70523080536044,38.5480643855902,37.5848285318547,38.37208938598633,44987300
2021-08-11 00:00:00-04:00,38.52954122955792,39.075994018942566,38.41839930736691,38.85371017456055,58458200
2021-08-12 00:00:00-04:00,39.11303767231314,39.1686103931126,38.68699074559665,39.038944244384766,37400100
2021-08-13 00:00:00-04:00,38.98337422676721,39.113040384486354,38.372088388135694,38.55732727050781,41344900
2021-08-16 00:00:00-04:00,38.12201439942431,38.251680550247286,37.61261014984648,38.2424201965332,38599100
2021-08-17 00:00:00-04:00,38.02013382991831,38.50175349771953,37.621871480258406,38.05718231201172,43526900
2021-08-18 00:00:00-04:00,37.760799337905375,38.464702791286264,37.65891778460896,37.77932357788086,50342500
2021-08-19 00:00:00-04:00,37.158776845839355,37.66818111950379,37.05689528447891,37.223609924316406,51883900
2021-08-20 00:00:00-04:00,37.130995119664334,37.48294866797938,36.96428046694342,37.39032745361328,40415000
2021-08-23 00:00:00-04:00,37.63113628272541,38.066443591929826,37.603348153910545,37.89046859741211,35364500
2021-08-24 00:00:00-04:00,38.06644248416267,38.60363487253841,38.010873294425664,38.41839599609375,35579300
2021-08-25 00:00:00-04:00,38.58510919069976,39.31680078210693,38.473967282238405,39.038944244384766,51219900
2021-08-26 00:00:00-04:00,39.36311207787209,39.67801711582058,38.91854088308678,38.93706512451172,41184500
2021-08-27 00:00:00-04:00,39.01116193671343,39.50204554415654,38.84444728258378,39.35385513305664,46468600
2021-08-30 00:00:00-04:00,39.483515943468745,39.483515943468745,38.557325116487974,38.58510971069336,44855600
2021-08-31 00:00:00-04:00,38.594375317888385,38.96485311236556,38.307258383649774,38.66847229003906,54654600
2021-09-01 00:00:00-04:00,38.66847522127607,38.696259821369715,38.00161655392164,38.14980697631836,52361900
2021-09-02 00:00:00-04:00,38.27082289862923,38.62457997387155,37.83328134638854,38.18703842163086,44538900
2021-09-03 00:00:00-04:00,38.187038844751285,38.34529644125559,37.8705201004996,38.2149658203125,41812400
2021-09-07 00:00:00-04:00,38.401154726042506,38.95971555610587,38.33598941424322,38.4663200378418,43748600
2021-09-08 00:00:00-04:00,38.24289940036244,38.62458348555867,37.870523124015385,37.96361541748047,36064400
2021-09-09 00:00:00-04:00,37.85189899001113,38.49424425364736,37.758806708757035,38.10325241088867,36266400
2021-09-10 00:00:00-04:00,38.37322526411611,38.49424452033628,37.46090740678239,37.488834381103516,40514700
2021-09-13 00:00:00-04:00,37.79604910980047,38.131187071864154,37.56331480850553,38.11256790161133,42036300
2021-09-14 00:00:00-04:00,38.28944111762863,38.45701006747546,36.92096254429379,37.088531494140625,53820400
2021-09-15 00:00:00-04:00,36.98612528114746,37.55399739934506,36.93026778466742,37.3678092956543,52358200
2021-09-16 00:00:00-04:00,37.68432956166174,37.99154047811547,37.423668336483686,37.656402587890625,42922000
2021-09-17 00:00:00-04:00,37.55400354155723,37.86121094433654,37.311961453041505,37.70295333862305,92746000
2021-09-20 00:00:00-04:00,36.660304250583785,36.734777372461906,35.71074797574591,36.40895080566406,67566200
2021-09-21 00:00:00-04:00,36.55789714271169,36.86510451217095,36.250686222009534,36.42756652832031,38271100
2021-09-22 00:00:00-04:00,37.00474444664081,37.72156633754247,37.00474444664081,37.3678092956543,46261400
2021-09-23 00:00:00-04:00,37.944996302265494,38.98764845701621,37.84259619980626,38.810768127441406,49779800
2021-09-24 00:00:00-04:00,38.83869488047521,39.41587485739581,38.77352957104432,39.22968673706055,39042300
2021-09-27 00:00:00-04:00,39.73239717594116,40.43060002666471,39.695158838270835,40.2723388671875,49755400
2021-09-28 00:00:00-04:00,40.430598437648094,40.998470635450154,40.08615270584346,40.17924499511719,60781200
2021-09-29 00:00:00-04:00,40.197862629414665,40.328193249922215,39.78825160049907,40.095458984375,44260200
2021-09-30 00:00:00-04:00,40.356121276339984,40.356121276339984,39.31347273388397,39.518280029296875,47410800
2021-10-01 00:00:00-04:00,39.54621004949782,40.430601059931654,39.46242556322002,40.104774475097656,40987100
2021-10-04 00:00:00-04:00,40.1327018940395,41.02640072331859,40.09546355500867,40.34681701660156,48273400
2021-10-05 00:00:00-04:00,40.74712367175088,41.659441746417016,40.65402781643162,41.166046142578125,54070700
2021-10-06 00:00:00-04:00,40.82158582461812,41.231200375357666,40.5423054362684,41.184654235839844,47031700
2021-10-07 00:00:00-04:00,41.696670484030435,41.77114359988776,40.98915635154969,41.072940826416016,46258800
2021-10-08 00:00:00-04:00,41.026398474790426,41.71529350413071,40.88675648669989,41.27775192260742,39389400
2021-10-11 00:00:00-04:00,41.51978818038342,41.715287646506965,40.72849316229873,40.75642013549805,36283500
2021-10-12 00:00:00-04:00,40.654020208446795,40.96123114664331,40.2816475105868,40.53300094604492,36898300
2021-10-13 00:00:00-04:00,40.54231337321765,40.6260978612493,39.40657243141963,40.16062927246094,43908000
2021-10-14 00:00:00-04:00,41.30567596503266,41.98525958622062,40.47714255771095,41.957332611083984,82201000
2021-10-15 00:00:00-04:00,42.60899210053314,43.4468333717305,42.227308026142026,43.16755294799805,64264900
2021-10-18 00:00:00-04:00,43.09307829675445,43.65163912440309,42.85103266719507,43.08376693725586,49542500
2021-10-19 00:00:00-04:00,43.288581481663556,43.40960431671323,43.00930102106286,43.269962310791016,32515500
2021-10-20 00:00:00-04:00,43.27926496629865,43.977467752979955,42.86965039198342,43.837825775146484,40411000
2021-10-21 00:00:00-04:00,43.847133109036534,44.20089017814514,43.390975948699236,43.59578323364258,36848600
2021-10-22 00:00:00-04:00,43.74473395074632,44.3312217408308,43.74473395074632,44.28467559814453,36225600
2021-10-25 00:00:00-04:00,44.49879341661079,44.66636238152269,43.94023256773329,44.22882080078125,31679500
2021-10-26 00:00:00-04:00,44.3684665914192,45.08528865803782,44.16365927203,44.64774703979492,35674800
2021-10-27 00:00:00-04:00,44.2008975555159,44.84324294108146,43.78197510786724,43.79128646850586,45790800
2021-10-28 00:00:00-04:00,44.303298241726864,44.684982323692005,44.03332562122283,44.48017501831055,37209600
2021-10-29 00:00:00-04:00,44.4522480407561,44.8060051451668,44.23813292660428,44.48017501831055,31756200
2021-11-01 00:00:00-04:00,44.77807578068666,44.84324109750367,44.01470759690732,44.54534149169922,36937200
2021-11-02 00:00:00-04:00,44.28467711385959,45.07597222033867,44.07986981753848,44.57326889038086,36283400
2021-11-03 00:00:00-04:00,44.49878894156663,45.32732232295177,44.32191218583322,45.029422760009766,42553000
2021-11-04 00:00:00-04:00,44.8246206963157,44.8246206963157,43.64233020827059,44.06125259399414,47646300
2021-11-05 00:00:00-04:00,44.31260398924198,44.51741128509657,43.58647419665667,43.72611618041992,38271200
2021-11-08 00:00:00-05:00,44.07987207885564,44.49879450134736,43.986779785521186,44.07056427001953,33815500
2021-11-09 00:00:00-05:00,43.42821886897757,44.08918338406225,43.20479239351227,43.642333984375,36900300
2021-11-10 00:00:00-05:00,43.52131689279295,44.238139008941154,43.42822458731659,43.96816635131836,39385600
2021-11-11 00:00:00-05:00,44.04263991385124,44.58258163956844,43.76335591473715,44.210208892822266,31194800
2021-11-12 00:00:00-05:00,44.22881838675035,44.247437554195784,43.530615588140094,43.670257568359375,44268500
2021-11-15 00:00:00-05:00,43.99608645683049,44.11710927603089,43.660952078745424,43.80059051513672,35335500
2021-11-16 00:00:00-05:00,43.921610198098605,44.014702482378844,43.46544948214219,43.82851791381836,35120800
2021-11-17 00:00:00-05:00,43.828515622008645,43.9402270675521,43.24202431823054,43.29787826538086,32963700
2021-11-18 00:00:00-05:00,43.484067064466856,43.57716289659722,43.01859855754366,43.121002197265625,30639000
2021-11-19 00:00:00-05:00,42.54382585831182,42.60899117071924,41.73391158178869,42.26454544067383,48429500
2021-11-22 00:00:00-05:00,43.49338152535846,43.63301995664905,42.73932121191397,43.08376693725586,53697100
2021-11-23 00:00:00-05:00,43.63302532706293,44.359158753871455,43.446837177849375,44.21951675415039,49362900
2021-11-24 00:00:00-05:00,44.14503472403943,44.66636076840927,43.94953878911691,44.34053421020508,40060000
2021-11-26 00:00:00-05:00,42.376258929919175,42.86034666762286,41.65943690781428,42.59968185424805,55110100
2021-11-29 00:00:00-05:00,43.21410132067813,43.47476614067397,42.05042986911428,42.44142532348633,50231100
2021-11-30 00:00:00-05:00,41.66873840875415,42.096972126170506,41.2963657408287,41.39876937866211,77193600
2021-12-01 00:00:00-05:00,42.09697675322541,42.54382613459673,40.784355585683656,40.81228256225586,60601600
2021-12-02 00:00:00-05:00,41.467074061352875,42.561511208190865,41.1583844650637,41.99090576171875,57821400
2021-12-03 00:00:00-05:00,42.09380059941269,42.1592795593227,40.78421426454113,41.03677749633789,74605300
2021-12-06 00:00:00-05:00,41.68222344115688,41.981556887514444,41.120970552984325,41.298702239990234,48193100
2021-12-07 00:00:00-05:00,41.68222591438945,42.009620775664104,41.560620579486134,41.82253646850586,40740800
2021-12-08 00:00:00-05:00,41.7944659129798,41.906715045343184,41.24256929038441,41.308048248291016,50560300
2021-12-09 00:00:00-05:00,41.074193356641985,41.84123562798425,40.830986311136,41.616737365722656,37316700
2021-12-10 00:00:00-05:00,41.82253019606597,41.934782904527346,41.22386335761526,41.64480209350586,37700200
2021-12-13 00:00:00-05:00,41.41094369915509,41.5325490042575,40.58777509038844,40.765506744384766,38653900
2021-12-14 00:00:00-05:00,40.774864649236704,41.92542818852891,40.71873829305076,41.279991149902344,47099400
2021-12-15 00:00:00-05:00,41.504486713659745,41.579321850328895,40.80292336489717,41.102256774902344,60057100
2021-12-16 00:00:00-05:00,41.81317497412448,42.430550558726665,41.24256956428969,42.09379959106445,69487200
2021-12-17 00:00:00-05:00,41.62609299810943,41.81317727581304,40.80292431721504,41.04613494873047,124242400
2021-12-20 00:00:00-05:00,40.47553524814019,40.5597230066304,39.94234730048101,40.37263870239258,56455200
2021-12-21 00:00:00-05:00,40.72809728097003,41.60738884522282,40.72809728097003,41.336116790771484,47845600
2021-12-22 00:00:00-05:00,41.23322261996186,41.700931568545805,41.04613832686106,41.42030334472656,35715700
2021-12-23 00:00:00-05:00,41.79447255703075,42.15928497145753,41.53255668376766,41.55126190185547,34053500
2021-12-27 00:00:00-05:00,41.672861816741914,41.9254250481568,41.448363545485805,41.757049560546875,33879200
2021-12-28 00:00:00-05:00,41.598033336717116,42.1686388017111,41.5512595890926,41.81317901611328,32492400
2021-12-29 00:00:00-05:00,41.95348923853842,42.206052486800836,41.719634775517946,41.74769973754883,25294900
2021-12-30 00:00:00-05:00,41.85994880013076,42.18734362039518,41.607385552354245,41.65415573120117,23852200
2021-12-31 00:00:00-05:00,41.644798756421466,41.83188302052982,41.42029692582433,41.616737365722656,24253900
2022-01-03 00:00:00-05:00,42.17799560772092,43.487582168144435,42.07509906204441,43.197601318359375,58587900
2022-01-04 00:00:00-05:00,44.02076620490367,45.302287686449894,44.00205741932116,44.89070510864258,74606700
2022-01-05 00:00:00-05:00,45.03101496324434,45.24616064166764,44.11430589365706,44.13301467895508,57791600
2022-01-06 00:00:00-05:00,44.88134955611844,45.04972506036768,44.14236857283968,45.021663665771484,52040900
2022-01-07 00:00:00-05:00,45.04037354414702,46.125458170998265,44.95618578998028,46.00385284423828,59082600
2022-01-10 00:00:00-05:00,46.68670183593514,46.8457247160414,45.218096188592746,45.76999282836914,66839500
2022-01-11 00:00:00-05:00,45.82612804453264,46.06933514732359,45.49872961314374,46.031917572021484,40454400
2022-01-12 00:00:00-05:00,45.99449077944379,46.1909312262451,45.53613806302394,45.70451354980469,41378000
2022-01-13 00:00:00-05:00,45.76064007326572,46.293831537207126,45.489371605357235,45.6109733581543,46337500
2022-01-14 00:00:00-05:00,44.45105220895367,45.11519795954671,44.14236263656404,44.81586456298828,72953300
2022-01-18 00:00:00-05:00,44.759745021455224,44.82522398889148,43.07599351761312,43.272430419921875,65877400
2022-01-19 00:00:00-05:00,45.264876992805235,45.44260869867557,43.356623393481804,43.44081115722656,84451800
2022-01-20 00:00:00-05:00,43.6746636140472,44.01141465325074,42.71118424947646,42.795372009277344,46265300
2022-01-21 00:00:00-05:00,42.62698968388308,43.04792841568075,41.77575961217481,42.01896667480469,71303600
2022-01-24 00:00:00-05:00,41.06484732597824,41.80382475663798,39.83944858973206,41.67286682128906,90672700
2022-01-25 00:00:00-05:00,41.42966438717301,42.626998294286786,40.99937296034607,42.49604034423828,73555300
2022-01-26 00:00:00-05:00,42.82342767912515,43.45951209736343,42.337009972923184,42.9356803894043,63735800
2022-01-27 00:00:00-05:00,43.375321120035586,43.730780872787946,42.17798751287265,42.533447265625,63402400
2022-01-28 00:00:00-05:00,42.402496505743656,42.926328263130195,41.57932772770395,42.90761947631836,51048300
2022-01-31 00:00:00-05:00,42.580221068837965,43.28178445812791,42.29959642678917,43.160179138183594,44793700
2022-02-01 00:00:00-05:00,43.225661275998895,44.05818265481269,42.935684004204,43.90851593017578,40326600
2022-02-02 00:00:00-05:00,43.70272079895633,43.9272190728994,43.309843467052374,43.86174011230469,41125600
2022-02-03 00:00:00-05:00,44.17042694851192,44.235905905028666,43.356610943228596,43.43144607543945,35879900
2022-02-04 00:00:00-05:00,44.039477215617666,45.54549706357498,43.665308621734205,45.1619758605957,60297100
2022-02-07 00:00:00-05:00,45.42389472156786,45.6109754477761,44.89070680153494,45.37712097167969,44824800
2022-02-08 00:00:00-05:00,45.9757837589207,46.789596200854504,45.77934331983141,46.1909294128418,49560500
2022-02-09 00:00:00-05:00,46.04126643549078,46.57445430966157,45.86353476520998,46.097389221191406,33861100
2022-02-10 00:00:00-05:00,46.471558345510125,46.873788300176244,45.61097208145616,45.88224411010742,47082800
2022-02-11 00:00:00-05:00,45.4893714060935,46.2470575868791,44.43234822806032,44.82522201538086,61056000
2022-02-14 00:00:00-05:00,44.91876628751119,45.077785611696235,43.908513280914505,44.357513427734375,44791900
2022-02-15 00:00:00-05:00,44.90005397569034,45.24615755928563,44.4978240400246,44.703617095947266,42397600
2022-02-16 00:00:00-05:00,44.37622520856731,45.12456240544823,44.25462344715994,44.60072708129883,36664600
2022-02-17 00:00:00-05:00,43.964638741459574,44.23591077307345,42.98245071728564,43.09469985961914,49442400
2022-02-18 00:00:00-05:00,43.094698746864935,43.53434626479482,42.767303936705964,42.99180221557617,37856500
2022-02-22 00:00:00-05:00,42.252817901005244,43.01050756034996,42.13121616314915,42.61763381958008,51905600
2022-02-23 00:00:00-05:00,42.98245271816375,43.132119437687535,41.691575032061095,41.88801193237305,45704900
2022-02-24 00:00:00-05:00,40.22296101361759,40.85904533371838,39.334313486858974,40.784210205078125,80484800
2022-02-25 00:00:00-05:00,40.98065968761555,42.42120054885157,40.81228417931043,42.11251449584961,68530700
2022-02-28 00:00:00-05:00,40.89646650730806,41.401589396867436,40.63454710228714,41.34546661376953,69955300
2022-03-01 00:00:00-05:00,40.88710790585197,40.91517286407179,39.222065497117406,39.72719192504883,74895600
2022-03-02 00:00:00-05:00,39.97976487499584,40.728098523610804,39.867512151451365,40.37263870239258,70834600
2022-03-03 00:00:00-05:00,40.504236266269785,40.88963266055866,39.677042693485156,39.940242767333984,48733800
2022-03-04 00:00:00-05:00,38.94384838571351,38.953246723030254,37.90045724018701,38.492652893066406,75572800
2022-03-07 00:00:00-05:00,37.53385885611634,37.70305760384713,35.91707241592564,36.03927230834961,109779000
2022-03-08 00:00:00-05:00,36.725468418236936,37.28006355875065,35.879474615492946,36.27427291870117,76553800
2022-03-09 00:00:00-05:00,37.89106182689156,39.11305016200016,37.7500616557784,38.57725524902344,78207900
2022-03-10 00:00:00-05:00,37.872252280570684,38.99084069407669,37.7030535510276,38.22944641113281,48804400
2022-03-11 00:00:00-05:00,38.57725180428326,38.89684905592257,37.87225818323619,37.90985870361328,43946600
2022-03-14 00:00:00-04:00,38.445652961909595,39.64884090872124,38.445652961909595,38.7276496887207,54262400
2022-03-15 00:00:00-04:00,38.784047830949824,39.27284384273969,38.417451718553174,39.009647369384766,41395300
2022-03-16 00:00:00-04:00,39.70524309487819,40.46663392566071,39.404442511737074,40.23163604736328,59477600
2022-03-17 00:00:00-04:00,39.865040275694255,40.457235938144294,39.31984705793662,40.44783401489258,50260200
2022-03-18 00:00:00-04:00,40.1940321897056,40.35383259828987,39.724036472125505,40.32563400268555,74470600
2022-03-21 00:00:00-04:00,40.74863162360025,40.82383266760505,39.959038590465404,40.26923751831055,47106400
2022-03-22 00:00:00-04:00,41.19042634618266,41.95182073548457,41.07762837265817,41.52882385253906,52360600
2022-03-23 00:00:00-04:00,41.09642996935184,41.36902478208791,40.447833532476494,40.504234313964844,48539300
2022-03-24 00:00:00-04:00,40.776830313010734,40.8238291685939,40.316232922416916,40.48543167114258,30360800
2022-03-25 00:00:00-04:00,40.87082945959101,41.60402167263058,40.72983288788961,41.10582733154297,38968100
2022-03-28 00:00:00-04:00,41.087028749784736,41.12462927142084,40.25983878848914,40.93663024902344,37428600
2022-03-29 00:00:00-04:00,41.59462346328683,41.72622169825896,40.52303373761895,40.833229064941406,46355800
2022-03-30 00:00:00-04:00,40.833230754846184,41.030631701256894,40.18463789030563,40.41963577270508,36601800
2022-03-31 00:00:00-04:00,40.269233653981786,40.31623250908311,38.72764825764862,38.7464485168457,67902500
2022-04-01 00:00:00-04:00,39.188242533552575,39.23524497500738,37.928653838316464,38.44565200805664,61929200
2022-04-04 00:00:00-04:00,38.0508531387789,38.67124734701725,37.750056164225924,38.379852294921875,53761700
2022-04-05 00:00:00-04:00,38.01325128313611,38.31404824710647,37.63725687106447,37.73125457763672,51781700
2022-04-06 00:00:00-04:00,37.35526562253241,37.609060184509055,36.98866590746832,37.317665100097656,54159800
2022-04-07 00:00:00-04:00,37.49626379845432,37.580863184640634,36.518671688253214,37.026268005371094,54585000
2022-04-08 00:00:00-04:00,37.1202602684655,37.69365198422135,36.9604598731566,37.28945541381836,41018900
2022-04-11 00:00:00-04:00,37.11086808058944,37.97566222052642,37.02626869283238,37.21426773071289,34198700
2022-04-12 00:00:00-04:00,37.19546367461836,37.67486135160696,36.518668641591184,36.81946563720703,42855300
2022-04-13 00:00:00-04:00,36.18967010041832,36.66906415257556,36.0580718737784,36.4904670715332,45484200
2022-04-14 00:00:00-04:00,36.180269388380175,36.63146481542857,35.17447532413472,35.31547546386719,79032000
2022-04-18 00:00:00-04:00,35.17448096756033,36.95106795294018,34.986485532131546,36.51866912841797,80080300
2022-04-19 00:00:00-04:00,36.85705999853565,37.48685606808035,36.76306229778327,37.195457458496094,53714200
2022-04-20 00:00:00-04:00,37.740657190971184,37.94745286637404,37.23306096030623,37.280059814453125,47064300
2022-04-21 00:00:00-04:00,37.599656392931664,37.797053728406716,36.302467243356375,36.57506561279297,46245900
2022-04-22 00:00:00-04:00,36.48107310905536,36.51867004561554,35.24968289568418,35.30608367919922,50409800
2022-04-25 00:00:00-04:00,34.67628242892941,35.15568005451592,33.77389153883824,35.05228042602539,64301100
2022-04-26 00:00:00-04:00,34.66688427711097,35.28727846557339,34.23448550241445,34.26268768310547,44809900
2022-04-27 00:00:00-04:00,34.09349203269832,34.6950860171627,33.99949073151139,34.07469177246094,39824900
2022-04-28 00:00:00-04:00,34.525880821221094,34.73268005947822,33.99008605462973,34.60108184814453,39567800
2022-04-29 00:00:00-04:00,34.54468520087781,34.901882949831226,33.407296426280304,33.53889465332031,47385200
2022-05-02 00:00:00-04:00,33.867890954669384,34.102888818269996,33.275698920159485,33.971290588378906,46652200
2022-05-03 00:00:00-04:00,34.15929182824426,35.371881744236944,34.14989349083063,34.901885986328125,48926000
2022-05-04 00:00:00-04:00,35.12747438935558,36.42466340629559,35.04287502769031,36.30246353149414,57860300
2022-05-05 00:00:00-04:00,35.76668284670123,35.91708137265798,34.657492373101284,35.287288665771484,48860600
2022-05-06 00:00:00-04:00,35.1274814537214,35.36247932940872,34.413089489376475,35.20268249511719,50440100
2022-05-09 00:00:00-04:00,34.65748428810407,34.836084961239536,33.8960934968478,34.1874885559082,51242000
2022-05-10 00:00:00-04:00,34.54468692438845,34.901884691163254,33.068900586181975,33.61409378051758,60235300
2022-05-11 00:00:00-04:00,33.745696199330204,34.70448437142661,33.379096503195704,33.43549728393555,54969300
2022-05-12 00:00:00-04:00,32.90909910002513,33.303897373791386,32.204105512240865,32.96549987792969,61231500
2022-05-13 00:00:00-04:00,33.397895331617356,33.58589434024067,32.674101479176436,33.05949783325195,49117900
2022-05-16 00:00:00-04:00,32.89970458836503,33.05950143233257,32.345109424729834,32.721107482910156,39076500
2022-05-17 00:00:00-04:00,33.48249612700845,34.04649317681111,33.303899033418254,33.83029556274414,42635600
2022-05-18 00:00:00-04:00,33.48249895469489,33.54829807819466,32.52370711626253,32.78690719604492,47396900
2022-05-19 00:00:00-04:00,32.23230720214267,32.749301774804,32.19470668411351,32.38270568847656,47002700
2022-05-20 00:00:00-04:00,32.71170625731754,32.88090502853093,30.982121607189868,31.828115463256836,62406500
2022-05-23 00:00:00-04:00,32.67410010249847,34.08408722909123,32.58010239503869,33.717491149902344,69081900
2022-05-24 00:00:00-04:00,33.341501459795666,33.80209531172463,32.86210376077044,33.51070022583008,46146700
2022-05-25 00:00:00-04:00,33.36969945741679,34.09349336889981,33.17230209586228,33.68929672241211,49343400
2022-05-26 00:00:00-04:00,34.30968940435793,34.62928665456957,34.15929090930439,34.469486236572266,60201200
2022-05-27 00:00:00-04:00,34.67628110528977,34.82667958123072,34.38488607515684,34.79848098754883,43365600
2022-05-31 00:00:00-04:00,34.61048791336629,35.277881040343864,34.41309055227993,34.96768569946289,71609200
2022-06-01 00:00:00-04:00,35.21208037467916,35.22148229762292,33.999490491307085,34.469486236572266,35237900
2022-06-02 00:00:00-04:00,34.42221595470017,34.70583689860626,34.10077792322369,34.69638442993164,35341900
2022-06-03 00:00:00-04:00,34.48839424579331,34.67747607825685,34.1575037438091,34.21422576904297,25235200
2022-06-06 00:00:00-04:00,34.696379112225685,35.1785342823254,34.129133704915844,34.17640686035156,40394000
2022-06-07 00:00:00-04:00,33.9400641190502,34.422219411466195,33.78879936001417,34.36549377441406,29152200
2022-06-08 00:00:00-04:00,33.958967856345105,34.138597230767516,33.58080777535789,33.930606842041016,33590600
2022-06-09 00:00:00-04:00,33.78880602129925,33.88334516192104,32.61650120282904,32.625953674316406,49419000
2022-06-10 00:00:00-04:00,31.84125919158407,32.1816057663901,31.217291673251673,31.359100341796875,49318200
2022-06-13 00:00:00-04:00,30.621685877137693,30.980941004030974,30.007172616441103,30.271886825561523,61216600
2022-06-14 00:00:00-04:00,30.177347778278197,30.820222091901453,29.525017388751706,29.742460250854492,49349800
2022-06-15 00:00:00-04:00,30.234070995501526,30.716229876532303,29.704644358444078,30.300249099731445,51540100
2022-06-16 00:00:00-04:00,29.780277482393256,30.2529802995741,29.17521845343158,30.111169815063477,61363400
2022-06-17 00:00:00-04:00,30.28134057427673,30.80131654561317,29.912632962919034,30.17734718322754,80470300
2022-06-21 00:00:00-04:00,31.094390958986857,31.472554658004274,30.839131003115547,31.05657386779785,53537200
2022-06-22 00:00:00-04:00,30.621684742844337,31.14165706650716,30.555506643820117,30.820219039916992,38305600
2022-06-23 00:00:00-04:00,30.612232313862425,30.640593325927757,29.553377318453084,30.328611373901367,44091500
2022-06-24 00:00:00-04:00,29.543925496285482,30.980942465197153,29.52501695119551,30.546056747436523,79504700
2022-06-27 00:00:00-04:00,30.65004612656015,30.820219413667772,30.16789088404585,30.5838680267334,47900300
2022-06-28 00:00:00-04:00,31.037667622242772,31.671087644034095,30.432605007995146,30.498783111572266,49863800
2022-06-29 00:00:00-04:00,30.470423622425564,30.668957943092185,29.93154269122397,30.120624542236328,35149700
2022-06-30 00:00:00-04:00,29.468292324145054,29.827545655071944,28.967226712087335,29.43047523498535,46312300
2022-07-01 00:00:00-04:00,29.288664723527212,29.940995085040495,28.957772406631026,29.836999893188477,40236100
2022-07-05 00:00:00-04:00,29.11848877092522,29.534467697143555,28.78759828745167,29.534467697143555,47411800
2022-07-06 00:00:00-04:00,29.317030498532187,29.543927646470895,28.967229601781945,29.288667678833008,35933700
2022-07-07 00:00:00-04:00,29.780277931701356,30.26243322566834,29.75191511308405,30.120624542236328,40137900
2022-07-08 00:00:00-04:00,30.26243204895725,30.48933098263671,29.837000605548994,30.054445266723633,31153800
2022-07-11 00:00:00-04:00,29.82754690180221,30.054445839808228,29.581743024862277,29.742460250854492,29311900
2022-07-12 00:00:00-04:00,29.326482555758375,30.281340638308002,29.288665465683724,29.647920608520508,39527000
2022-07-13 00:00:00-04:00,29.373750063546797,29.449382435195517,28.740328274782055,29.156307220458984,44153700
2022-07-14 00:00:00-04:00,28.447252084634968,28.57015400814328,28.050181696289616,28.48506736755371,51707800
2022-07-15 00:00:00-04:00,28.976679173677095,30.848583496095166,28.93886389009846,30.489328384399414,77801700
2022-07-18 00:00:00-04:00,31.274019022571384,31.557639981678488,30.3475183596194,30.498783111572266,56382900
2022-07-19 00:00:00-04:00,31.103844369919457,31.78453392081618,30.89585399263757,31.529273986816406,46874900
2022-07-20 00:00:00-04:00,31.368561123101145,31.623821092502165,31.15111824689357,31.538734436035156,35514900
2022-07-21 00:00:00-04:00,31.28347022229492,31.831803573459577,31.15111402051159,31.812898635864258,31244000
2022-07-22 00:00:00-04:00,31.765629036844896,32.08706710857267,31.283473732471446,31.60491180419922,27115400
2022-07-25 00:00:00-04:00,31.935800290323026,32.12488213324663,31.61436223928375,31.888530731201172,30381000
2022-07-26 00:00:00-04:00,31.585995876107173,31.935794882094942,31.1605627031839,31.245649337768555,30645700
2022-07-27 00:00:00-04:00,31.42528168429908,31.926345465608346,31.151113212609285,31.75617218017578,30344800
2022-07-28 00:00:00-04:00,31.671083077512773,31.907434443762867,31.1038412410868,31.50090980529785,40176500
2022-07-29 00:00:00-04:00,31.642722908292075,32.087061036270995,31.529271652844244,31.964160919189453,48152500
2022-08-01 00:00:00-04:00,31.78453463028963,32.039794569987144,31.406374561669523,31.86962127685547,32336700
2022-08-02 00:00:00-04:00,31.765629013487256,31.8790802903217,31.19838705506072,31.236204147338867,37884100
2022-08-03 00:00:00-04:00,31.595453521966594,31.907439102053814,31.35910212121064,31.803443908691406,30065800
2022-08-04 00:00:00-04:00,31.68999336758781,31.83180203129857,31.359099272724354,31.57654571533203,28404500
2022-08-05 00:00:00-04:00,31.46309621395654,32.455774947555405,31.425282732049837,32.10597229003906,35874500
2022-08-08 00:00:00-04:00,32.30450302919494,32.417954281703175,31.623813546323753,31.661630630493164,33454300
2022-08-09 00:00:00-04:00,31.81290084994686,32.10597428673955,31.586001912215366,32.06815719604492,40196900
2022-08-10 00:00:00-04:00,32.61649174026121,33.49571919742661,32.569222183663975,33.155372619628906,61415800
2022-08-11 00:00:00-04:00,33.81716008417425,34.091328584577965,33.70371241748303,33.94951629638672,50420800
2022-08-12 00:00:00-04:00,34.18586584090601,34.32767812136139,33.7415240614862,34.31822204589844,31821700
2022-08-15 00:00:00-04:00,33.883337967533315,34.318223692354316,33.72261713487738,34.27095413208008,24908000
2022-08-16 00:00:00-04:00,34.21422664921343,34.92328083436534,34.129140002737756,34.6396598815918,31870200
2022-08-17 00:00:00-04:00,34.22368780170074,34.59239545564772,34.11024012504859,34.42222213745117,27125600
2022-08-18 00:00:00-04:00,34.270955390331444,34.41276768279704,34.0346039738464,34.29931640625,23138300
2022-08-19 00:00:00-04:00,33.9967820458156,34.062960144503045,33.38227061422708,33.54298782348633,36485400
2022-08-22 00:00:00-04:00,32.85283915865712,32.9190172511813,32.56921824691985,32.82447814941406,31210300
2022-08-23 00:00:00-04:00,32.777210270628984,33.060834834477504,32.48413684409185,32.53140640258789,26588000
2022-08-24 00:00:00-04:00,32.38013894250007,32.900111255326046,32.191057117899035,32.635398864746094,31389400
2022-08-25 00:00:00-04:00,32.71103013235068,33.35390618592188,32.5692214656851,33.22154998779297,40576700
2022-08-26 00:00:00-04:00,33.50517530995395,33.54299240191885,32.16270100312736,32.17215347290039,36152600
2022-08-29 00:00:00-04:00,32.011430656332664,32.28559911558657,31.775079282445308,32.04924774169922,34931000
2022-08-30 00:00:00-04:00,32.31396084729808,32.40849995638782,31.708901893677684,32.22887420654297,48194900
2022-08-31 00:00:00-04:00,32.27614155534177,32.49358437653685,31.765621745699967,31.77507781982422,44917600
2022-09-01 00:00:00-04:00,31.727498032136968,31.870244675669035,31.080386207134694,31.851211547851562,32848900
2022-09-02 00:00:00-04:00,32.28896585133383,32.81236421337271,31.660887090847513,31.813148498535156,44000800
2022-09-06 00:00:00-04:00,32.012994428330515,32.0986417064405,31.032811735670762,31.461048126220703,40762400
2022-09-07 00:00:00-04:00,31.223128564354855,32.041531166968156,31.051834067710864,31.946369171142578,40742600
2022-09-08 00:00:00-04:00,31.841692675914384,33.05026904712975,31.660883409744358,32.97414016723633,44361800
2022-09-09 00:00:00-04:00,33.28818069939827,33.54512249884298,33.15495242491543,33.25011444091797,37295100
2022-09-12 00:00:00-04:00,33.49754144147004,33.906744644034625,33.335761658266314,33.56415557861328,30534000
2022-09-13 00:00:00-04:00,32.907529237486685,33.04075751290999,32.17477009246025,32.3555793762207,40959600
2022-09-14 00:00:00-04:00,32.545909961470514,32.75526714298797,31.91783115652102,32.231868743896484,32004400
2022-09-15 00:00:00-04:00,32.155741085598095,33.21205630501908,32.07009380753156,32.84091567993164,44863300
2022-09-16 00:00:00-04:00,32.53638647209943,32.57445272828871,32.03202128328445,32.46977233886719,54281800
2022-09-19 00:00:00-04:00,32.089127532175304,33.1835054052449,32.00348025252649,33.012210845947266,29782000
2022-09-20 00:00:00-04:00,32.8313980749007,33.097854636743655,32.24138556073484,32.517356872558594,33591100
2022-09-21 00:00:00-04:00,32.65058405795022,32.73623131617467,31.51813657362726,31.546688079833984,51667800
2022-09-22 00:00:00-04:00,31.698950736309946,31.803627495927056,30.823444991654608,30.928125381469727,47527500
2022-09-23 00:00:00-04:00,30.385695474219226,30.537956877066687,29.700517346306558,30.19536781311035,55316100
2022-09-26 00:00:00-04:00,29.805197505566937,30.28101483947471,29.196151898996696,29.529224395751953,40360200
2022-09-27 00:00:00-04:00,29.757613742865225,29.85277756385508,28.834527038892222,29.091468811035156,43396600
2022-09-28 00:00:00-04:00,29.05340756671817,29.795681458849703,28.92017747664142,29.567289352416992,38372900
2022-09-29 00:00:00-04:00,29.205669903618155,29.405512322466087,28.748883861067277,29.177120208740234,35220900
2022-09-30 00:00:00-04:00,29.27228335827776,29.68148656645696,28.710818744510828,28.739368438720703,42294100
2022-10-03 00:00:00-04:00,29.110503560705506,29.767131965523404,28.739366634768835,29.586320877075195,34591700
2022-10-04 00:00:00-04:00,30.185851850675007,30.947160695197557,30.128754277243033,30.813932418823242,39758700
2022-10-05 00:00:00-04:00,30.014558365469494,30.480857320896146,29.928911099954657,30.376178741455078,35791100
2022-10-06 00:00:00-04:00,30.07165706450703,30.338113620451686,29.843264952940544,29.938426971435547,40891900
2022-10-07 00:00:00-04:00,29.66245251542444,29.7290666514121,29.053406911995474,29.262765884399414,52304600
2022-10-10 00:00:00-04:00,29.405512322466087,29.54825716665735,28.882113955398403,29.177120208740234,37669100
2022-10-11 00:00:00-04:00,28.901147054288316,28.996309073580875,28.13983819425365,28.33016586303711,58124000
2022-10-12 00:00:00-04:00,28.20645075175726,28.84404604679154,28.054189351310182,28.41581153869629,36137900
2022-10-13 00:00:00-04:00,27.987576950285952,30.233435468736374,27.89241311533312,30.157304763793945,67671000
2022-10-14 00:00:00-04:00,30.271497194229507,31.051839118661658,30.043105099919735,30.166818618774414,58108500
2022-10-17 00:00:00-04:00,31.746534095421808,32.23186619395114,31.280231496271583,31.99395751953125,88896800
2022-10-18 00:00:00-04:00,33.28818571197277,33.649807961592714,32.622040609051446,33.193023681640625,81937900
2022-10-19 00:00:00-04:00,32.907531892325636,33.14544058340307,32.13670642636329,32.279449462890625,43139900
2022-10-20 00:00:00-04:00,32.33655165768839,32.95511576016972,31.965414648279125,32.07009506225586,39549100
2022-10-21 00:00:00-04:00,31.936853187363933,33.34527172620776,31.936853187363933,33.25962448120117,54870300
2022-10-24 00:00:00-04:00,33.41189132842314,33.55463434005486,33.031236037009414,33.37382507324219,33765600
2022-10-25 00:00:00-04:00,33.05978821784254,33.859161441958534,32.85994218916506,33.678348541259766,37132300
2022-10-26 00:00:00-04:00,33.70689798044247,34.34449509158899,33.640283844528405,33.973358154296875,41104600
2022-10-27 00:00:00-04:00,34.401595834998574,34.61095300032936,34.03997363277516,34.135135650634766,35261900
2022-10-28 00:00:00-04:00,34.29691698059385,34.544340416281834,33.91626163162938,34.430145263671875,31659100
2022-10-31 00:00:00-04:00,34.25884689029147,34.572888062614204,34.078037616352894,34.296913146972656,32565500
2022-11-01 00:00:00-04:00,34.67756324291599,34.98208602209214,34.36352571510215,34.44917297363281,29913200
2022-11-02 00:00:00-04:00,34.325464550368345,35.4769417067711,34.21126939879246,34.34449768066406,57380600
2022-11-03 00:00:00-04:00,33.97335410327432,34.39207199769119,33.697379212996104,34.1541633605957,30046500
2022-11-04 00:00:00-04:00,34.73466427450557,35.21048159333441,34.46820773762479,35.01063919067383,39369400
2022-11-07 00:00:00-05:00,35.219993591308594,35.53403473970021,34.95353707524136,35.219993591308594,37533700
2022-11-08 00:00:00-05:00,35.29612571730969,35.610163232108725,34.97256982406957,35.31515884399414,32664300
2022-11-09 00:00:00-05:00,35.096285482563374,35.1724143637674,34.62998292572116,34.75369644165039,30164400
2022-11-10 00:00:00-05:00,35.49596919097651,36.371474894326965,35.34370780302832,36.28582763671875,45702800
2022-11-11 00:00:00-05:00,36.342927263344144,36.73309733845013,36.133570101466596,36.55228805541992,35688700
2022-11-14 00:00:00-05:00,36.24776078446068,36.40953691827641,35.92420488663146,35.933719635009766,35541400
2022-11-15 00:00:00-05:00,36.3429239810195,36.44760436760314,35.4959697698579,35.876625061035156,46082800
2022-11-16 00:00:00-05:00,35.79098256414755,35.91469609477036,35.4008124723664,35.55307388305664,23813000
2022-11-17 00:00:00-05:00,35.09628973558339,35.40081255769791,34.79176691346887,35.37226104736328,23689700
2022-11-18 00:00:00-05:00,35.962279436474226,36.01937520031074,35.134354558858576,35.39129638671875,32041800
2022-11-21 00:00:00-05:00,35.29613615352565,35.70533942273844,35.26758827015692,35.505496978759766,27935700
2022-11-22 00:00:00-05:00,35.77194652800713,35.97178893264115,35.619685129686246,35.67678451538086,23499300
2022-11-23 00:00:00-05:00,35.67678614631314,35.83856230121287,35.562587369703415,35.79098129272461,18934700
2022-11-25 00:00:00-05:00,35.89565818861381,36.038401200156855,35.74339679818249,35.876625061035156,16118500
2022-11-28 00:00:00-05:00,35.591138852794714,35.838562274870746,35.048707369991114,35.07725524902344,35428300
2022-11-29 00:00:00-05:00,35.19145042159023,35.35323020668993,34.94402699932972,35.21048355102539,27048800
2022-11-30 00:00:00-05:00,35.11532471367092,36.01937484741211,34.44917964391538,36.01937484741211,51747900
2022-12-01 00:00:00-05:00,35.89493478119971,36.07680113624601,34.84201815485315,34.985595703125,46213200
2022-12-02 00:00:00-05:00,34.516576418580904,34.736731617513286,34.27727681303411,34.53572082519531,42295300
2022-12-05 00:00:00-05:00,34.27727090215706,34.35384486398784,32.678747914019134,32.994625091552734,71386600
2022-12-06 00:00:00-05:00,33.09034250872025,33.19563489821501,31.022794478618547,31.587541580200195,84085700
2022-12-07 00:00:00-05:00,31.195091438375794,31.51096496542562,30.965362249358257,31.338672637939453,49234100
2022-12-08 00:00:00-05:00,31.558827411691713,31.57797181482635,30.802639919270558,31.051509857177734,45491100
2022-12-09 00:00:00-05:00,30.735639413461847,31.20466455727738,30.706924631593687,30.994083404541016,36985500
2022-12-12 00:00:00-05:00,30.927078125243035,31.37695883946116,30.687778552272352,31.329099655151367,41060500
2022-12-13 00:00:00-05:00,32.1139996542139,32.22886241858608,31.17594583376128,31.348241806030273,54804800
2022-12-14 00:00:00-05:00,31.396100904221374,31.587541278618502,30.78349462728772,30.898357391357422,48819500
2022-12-15 00:00:00-05:00,30.391048084156278,30.620775472636236,30.142176290208578,30.410192489624023,49027600
2022-12-16 00:00:00-05:00,30.26660963740531,30.56334058536406,30.008165670290857,30.343185424804688,61795200
2022-12-19 00:00:00-05:00,30.400619780152418,30.85050234687952,30.37190317242947,30.687780380249023,38374100
2022-12-20 00:00:00-05:00,31.013224488826875,31.18552046443092,30.764350901211472,30.812210083007812,35561100
2022-12-21 00:00:00-05:00,31.128086984639264,31.463104905720858,31.02279459475034,31.281238555908203,32544000
2022-12-22 00:00:00-05:00,31.128085544904355,31.185518750756863,30.505907087187413,31.00364875793457,30234400
2022-12-23 00:00:00-05:00,31.013225219164926,31.18552119882641,30.81221080861213,31.080228805541992,21378600
2022-12-27 00:00:00-05:00,31.10894619834269,31.27166816423612,30.898361394083512,31.13766098022461,22776100
2022-12-28 00:00:00-05:00,31.175951178581805,31.558831994025617,31.13766236675301,31.36739158630371,30541000
2022-12-29 00:00:00-05:00,31.482256099895697,31.74070011680499,31.348248902555085,31.721555709838867,22252900
2022-12-30 00:00:00-05:00,31.68326152584413,31.874701911635487,31.453535984031824,31.70240592956543,28198900
2023-01-03 00:00:00-05:00,31.807699750059825,32.63089088986596,31.788555345480404,32.075714111328125,35221500
2023-01-04 00:00:00-05:00,32.449019751450024,33.32964032406607,32.38201617098668,32.67874526977539,41998500
2023-01-05 00:00:00-05:00,32.46816652753279,32.6787513345977,32.14272259140986,32.61174774169922,34177000
2023-01-06 00:00:00-05:00,32.630891646687395,33.099920441207104,32.10443328851924,32.93719482421875,34068700
2023-01-09 00:00:00-05:00,33.2626443315331,33.272214708887674,32.26715712124088,32.439453125,43818800
2023-01-10 00:00:00-05:00,32.29587041457614,32.80318431631135,32.200148399159055,32.659603118896484,35096000
2023-01-11 00:00:00-05:00,32.659604186405566,32.965907342908984,32.5447414155722,32.908477783203125,36783700
2023-01-12 00:00:00-05:00,33.11905823595545,33.37750220354978,32.88933269904153,32.994625091552734,44230400
2023-01-13 00:00:00-05:00,32.73618241425827,33.87524707062157,31.673691722743925,33.72209548950195,89667800
2023-01-17 00:00:00-05:00,33.205206234522066,33.33921705775149,32.688321950609144,33.042484283447266,56458400
2023-01-18 00:00:00-05:00,32.86061727872589,32.870187654484944,32.07571136388779,32.27672576904297,54517800
2023-01-19 00:00:00-05:00,31.855554567969456,32.11399851722278,31.482247858410645,31.807695388793945,42707100
2023-01-20 00:00:00-05:00,31.87470285589186,32.43945000242453,31.67369208799594,32.401161193847656,45004400
2023-01-23 00:00:00-05:00,32.36287795751604,33.03291389027088,32.30544474124192,32.85104751586914,33683300
2023-01-24 00:00:00-05:00,32.755329321803885,33.3009320994566,32.496885324270174,33.09034729003906,26716700
2023-01-25 00:00:00-05:00,32.831895970730024,33.4636466066752,32.78403679328683,33.377498626708984,28859700
2023-01-26 00:00:00-05:00,33.54979659098652,33.83695532422239,33.30092666256114,33.82738494873047,30035500
2023-01-27 00:00:00-05:00,33.92310800911378,34.24855559224834,33.76038604325746,33.932682037353516,29964900
2023-01-30 00:00:00-05:00,33.70294504043608,34.037966574397835,33.67423026519575,33.789093017578125,27353500
2023-01-31 00:00:00-05:00,33.664658694637254,33.96139144897461,33.50193675451187,33.96139144897461,38917400
2023-02-01 00:00:00-05:00,33.693380446034155,34.70800829374628,33.60723245411315,34.38256072998047,44438700
2023-02-02 00:00:00-05:00,34.55485776992673,34.82287578155113,33.92310702700501,34.58357620239258,33729100
2023-02-03 00:00:00-05:00,34.47828400242769,35.186608716030975,34.36342122616642,34.87073516845703,37411700
2023-02-06 00:00:00-05:00,34.698434510917934,34.88030085315314,34.43999056052812,34.813297271728516,29463200
2023-02-07 00:00:00-05:00,34.62185732242225,35.41633358526035,34.583572169302215,35.1961784362793,44100200
2023-02-08 00:00:00-05:00,34.851592327012405,35.26318791611654,34.78458873356959,34.937740325927734,28032800
2023-02-09 00:00:00-05:00,34.71758616312971,34.79416013585415,34.03797618022863,34.19112777709961,35257100
2023-02-10 00:00:00-05:00,34.02839903002659,34.06668783858757,33.53065547299911,34.0571174621582,32898900
2023-02-13 00:00:00-05:00,33.96139700147744,34.248555776037875,33.87524900396711,34.124122619628906,29163900
2023-02-14 00:00:00-05:00,34.104979607295384,34.44957161140962,33.9422539824983,34.09540557861328,33625200
2023-02-15 00:00:00-05:00,33.8082460961265,34.08583449943804,33.65509450316531,34.0379753112793,23500100
2023-02-16 00:00:00-05:00,33.90396568831283,34.133694911704204,33.7125289288125,33.76995849609375,22681100
2023-02-17 00:00:00-05:00,33.57851571490655,33.87524482977245,33.253068170128024,33.83695602416992,28562700
2023-02-21 00:00:00-05:00,33.41579101960388,33.54979819141173,32.8031847190985,33.042484283447266,37068900
2023-02-22 00:00:00-05:00,32.889337886002906,33.07120426902694,32.611749471317154,32.82233428955078,38550400
2023-02-23 00:00:00-05:00,32.92762043798693,33.119057162067314,32.4107325195584,32.793609619140625,28488000
2023-02-24 00:00:00-05:00,32.41073628446477,32.82233186160811,32.39159187954858,32.74575424194336,27046600
2023-02-27 00:00:00-05:00,32.975483449515735,33.205209005666234,32.707465432110986,32.74575424194336,30137500
2023-02-28 00:00:00-05:00,32.879756915611544,33.01376773164583,32.71703497327341,32.8318977355957,32620600
2023-03-01 00:00:00-05:00,32.68831929636803,33.013766823513365,32.52559370708472,32.67874526977539,29281600
2023-03-02 00:00:00-05:00,32.428261741916735,32.466798882870904,31.792413616589116,32.26448440551758,44607200
2023-03-03 00:00:00-05:00,32.41862982282386,33.035209387727875,32.41862982282386,32.90996551513672,39109100
2023-03-06 00:00:00-05:00,32.98703791731979,33.29532768219254,32.746186308818956,32.842525482177734,36646700
2023-03-07 00:00:00-05:00,32.61130774619762,32.65948101008623,31.59973168130554,31.79241371154785,52855300
2023-03-08 00:00:00-05:00,31.46485610182937,31.763513439476117,31.252905496073346,31.36851692199707,40045600
2023-03-09 00:00:00-05:00,31.098763049451907,31.204738360665747,29.200852759167542,29.42243766784668,112457900
2023-03-10 00:00:00-05:00,29.21048495891668,29.90413881905641,27.86171621844243,29.162315368652344,165330900
2023-03-13 00:00:00-04:00,27.861715179308415,28.632439620105213,26.85013912106862,27.466718673706055,218403300
2023-03-14 00:00:00-04:00,28.892562566976306,28.988903590663742,27.428184152073367,27.70757293701172,154255800
2023-03-15 00:00:00-04:00,26.8597720917952,27.51488879800641,26.667091896619702,27.447450637817383,131104400
2023-03-16 00:00:00-04:00,27.341477297820187,28.391590592671932,27.0813589237921,27.909887313842773,108348800
2023-03-17 00:00:00-04:00,27.611229200221874,27.611229200221874,26.60928742995984,26.80196762084961,130665500
2023-03-20 00:00:00-04:00,27.20660038522643,27.389648141776767,26.638190381374443,26.73453140258789,81441200
2023-03-21 00:00:00-04:00,27.582326120104124,27.919518748355685,27.466718374021983,27.543790817260742,84854800
2023-03-22 00:00:00-04:00,27.659399967587042,27.688302824350945,26.628555297851562,26.628555297851562,76925900
2023-03-23 00:00:00-04:00,26.975381623554718,27.06208835434888,25.809660656847512,25.98307228088379,105335900
2023-03-24 00:00:00-04:00,25.626613925456436,26.291364942038047,25.356859437011927,26.146852493286133,96872700
2023-03-27 00:00:00-04:00,26.90794351875311,27.601595528978603,26.888674947969946,27.447450637817383,102469800
2023-03-28 00:00:00-04:00,27.341476050394128,27.601596250106688,26.95611381242298,27.090991973876953,63416500
2023-03-29 00:00:00-04:00,27.44745140139538,27.717205887208006,27.206599772561564,27.620864868164062,62666400
2023-03-30 00:00:00-04:00,27.861717159100255,27.996593486435703,27.081358377648932,27.264404296875,67427100
2023-03-31 00:00:00-04:00,27.57269722258089,27.63050110306429,27.225870264576024,27.553428649902344,56482100
2023-04-03 00:00:00-04:00,27.59196040520297,27.919518748355685,27.293304917346784,27.543790817260742,51996800
2023-04-04 00:00:00-04:00,27.505255234169276,27.601596253060396,26.64782402489771,26.956113815307617,56233300
2023-04-05 00:00:00-04:00,26.647823869027498,26.888675496070444,26.455141832372306,26.628555297851562,47799400
2023-04-06 00:00:00-04:00,26.705627973593806,26.985016745380094,26.609288791993666,26.821237564086914,41216600
2023-04-10 00:00:00-04:00,26.657459440116263,27.071724552615546,26.63819086801114,26.917579650878906,40572700
2023-04-11 00:00:00-04:00,26.994651748971403,27.697938083648037,26.93684603341146,27.659400939941406,58761200
2023-04-12 00:00:00-04:00,27.63050057522173,27.948424668135278,27.331845054618626,27.43781852722168,44313300
2023-04-13 00:00:00-04:00,27.514890670776367,27.591963121602827,27.20660086747053,27.514890670776367,52261400
2023-04-14 00:00:00-04:00,28.22780960293783,28.776952849301917,28.17964001314985,28.439760208129883,81110800
2023-04-17 00:00:00-04:00,28.6806112937317,29.29719085169222,28.324150088315758,29.258655548095703,83704400
2023-04-18 00:00:00-04:00,29.672921149002722,29.79816503013983,28.70951459432663,29.44170379638672,114498800
2023-04-19 00:00:00-04:00,29.0274391577412,29.09487916121331,28.69988261435196,28.96000099182129,65594200
2023-04-20 00:00:00-04:00,28.74805092024268,29.123778877854786,28.680612757343287,28.80585479736328,43193800
2023-04-21 00:00:00-04:00,28.661345055577147,28.882928122557324,28.33378667936638,28.776954650878906,44759000
2023-04-24 00:00:00-04:00,28.699879494282715,28.80585295597086,28.507197466128257,28.670976638793945,28020300
2023-04-25 00:00:00-04:00,28.372323664750677,28.449396115336143,27.765376508531997,27.784645080566406,49718800
2023-04-26 00:00:00-04:00,27.70757225359835,27.88098572444802,27.264404290587844,27.399282455444336,45848400
2023-04-27 00:00:00-04:00,27.4763538861239,28.015861012887804,27.4763538861239,27.832813262939453,33060100
2023-04-28 00:00:00-04:00,27.48598888207783,28.35305438903299,27.46672031052164,28.20854377746582,45532800
2023-05-01 00:00:00-04:00,28.42049348178075,28.45903062615397,27.93879020242853,27.977327346801758,34076800
2023-05-02 00:00:00-04:00,27.794279073412305,27.803913359327886,26.695994367213824,27.129528045654297,70797700
2023-05-03 00:00:00-04:00,27.129526814114403,27.457085170166163,26.792334172584404,26.840505599975586,51139500
2023-05-04 00:00:00-04:00,26.57075027915248,26.79233332548991,25.848195429098425,26.00234031677246,82173800
2023-05-05 00:00:00-04:00,26.609288528391144,26.869406888707623,26.46477608231833,26.695993423461914,50050100
2023-05-08 00:00:00-04:00,27.052455253108114,27.119893416110553,26.647824437541345,26.676727294921875,34245500
2023-05-09 00:00:00-04:00,26.41660410613084,26.811600591270295,26.243190656547288,26.6478214263916,32188800
2023-05-10 00:00:00-04:00,26.93684437726413,26.9753815186014,26.031243606462837,26.32026481628418,44446400
2023-05-11 00:00:00-04:00,26.02161116831162,26.484045871873203,25.89636728762692,26.387704849243164,34897300
2023-05-12 00:00:00-04:00,26.512947495295965,26.54184851445262,25.896366081707445,26.098682403564453,38101300
2023-05-15 00:00:00-04:00,26.108318346054734,26.801970413117193,26.040880180339908,26.63819122314453,38722800
2023-05-16 00:00:00-04:00,26.763433604552052,26.879041357134252,26.329899938488555,26.358802795410156,33347500
2023-05-17 00:00:00-04:00,26.724895478165514,27.620863796678698,26.715261192879648,27.52452278137207,61750400
2023-05-18 00:00:00-04:00,27.399281582742397,27.45708545866711,26.975382205006284,27.42818260192871,51146100
2023-05-19 00:00:00-04:00,27.418550700117525,27.620867039771536,27.00428740949692,27.08135986328125,49984200
2023-05-22 00:00:00-04:00,27.264405131267388,27.408917586466153,26.985018182157653,27.302942276000977,36473700
2023-05-23 00:00:00-04:00,27.283672786969017,28.01586197433766,27.264404215249602,27.53415870666504,51400400
2023-05-24 00:00:00-04:00,27.29330699950993,27.466720469414568,26.975382917202133,27.07172393798828,50606900
2023-05-25 00:00:00-04:00,26.965750489095804,27.206602138877887,26.859775175174963,27.139163970947266,40517800
2023-05-26 00:00:00-04:00,27.168062946253027,27.36074313600007,26.77306644408679,27.274036407470703,57879100
2023-05-30 00:00:00-04:00,27.283672101250993,27.447451281645524,26.92721272116131,27.225868225097656,41819600
2023-05-31 00:00:00-04:00,27.071724903000025,27.12952878251137,26.47441202287551,26.773069381713867,61905200
2023-06-01 00:00:00-04:00,26.95757314110167,27.171213181874275,26.549713534379382,26.97699546813965,57426100
2023-06-02 00:00:00-04:00,27.346012532403066,28.11317783970707,27.30716972754278,27.88011360168457,66511100
2023-06-05 00:00:00-04:00,27.986935873630813,27.986935873630813,27.48196642117436,27.715030670166016,34757800
2023-06-06 00:00:00-04:00,27.637339286799104,28.579301820445416,27.627629975014116,28.385082244873047,46297900
2023-06-07 00:00:00-04:00,28.45305995200942,28.792943300012652,28.171443590897187,28.627857208251953,44502600
2023-06-08 00:00:00-04:00,28.433638064873712,28.530746000444754,28.15201986551529,28.385082244873047,41483100
2023-06-09 00:00:00-04:00,28.35595101037155,28.55016873650468,28.239418892919538,28.423927307128906,32671800
2023-06-12 00:00:00-04:00,28.45306141150808,28.70554614434124,28.074335238366007,28.287975311279297,41011300
2023-06-13 00:00:00-04:00,28.287973113645194,28.93860629903402,28.1908651758203,28.550168991088867,42718800
2023-06-14 00:00:00-04:00,28.71525629475646,28.870631224515588,28.15202171132582,28.27826499938965,38322800
2023-06-15 00:00:00-04:00,28.064622586617453,28.618145995644486,27.860693689487594,28.521038055419922,42044900
2023-06-16 00:00:00-04:00,28.676413182585062,28.822076946153803,28.31710750371461,28.346240997314453,53028200
2023-06-20 00:00:00-04:00,28.17144262968724,28.200576122138703,27.75387183229209,28.035490036010742,39040900
2023-06-21 00:00:00-04:00,27.948090434088886,28.16173048128742,27.71502805926818,27.744159698486328,39553400
2023-06-22 00:00:00-04:00,27.676184275260706,27.70531776761107,27.09352739375955,27.151792526245117,50742900
2023-06-23 00:00:00-04:00,26.938151461369728,27.083815213224664,26.79248770951479,26.94786262512207,54998400
2023-06-26 00:00:00-04:00,26.996419799269027,27.46254645368916,26.98671048657816,27.278038024902344,47519300
2023-06-27 00:00:00-04:00,27.287747735630678,27.579075258429867,27.14208397423108,27.4237003326416,39081800
2023-06-28 00:00:00-04:00,27.4334108367845,27.452833165094397,27.093527500222013,27.25861358642578,37803800
2023-06-29 00:00:00-04:00,27.676183311511295,28.161730387151845,27.579073525940167,27.831558227539062,68376400
2023-06-30 00:00:00-04:00,28.103466526696533,28.268552613963198,27.841270649470328,27.860692977905273,50370700
2023-07-03 00:00:00-04:00,27.87040421043153,28.501615068392834,27.82184838922516,28.3559513092041,30995800
2023-07-05 00:00:00-04:00,28.29768507190669,28.56959212120563,28.113178503089962,28.23941993713379,37492000
2023-07-06 00:00:00-04:00,27.967511042623144,27.986933370337766,27.287746242547477,27.462543487548828,52098000
2023-07-07 00:00:00-04:00,27.481965375163206,27.986934808399653,27.47225606302212,27.705318450927734,34231500
2023-07-10 00:00:00-04:00,27.763581933303804,28.0160666349027,27.647049820175425,27.831558227539062,36086000
2023-07-11 00:00:00-04:00,27.831557861181814,28.23941747343967,27.59849549020805,28.18115234375,40978700
2023-07-12 00:00:00-04:00,28.656989593344907,29.02600456830619,28.42392721144065,28.51132583618164,41855500
2023-07-13 00:00:00-04:00,28.666702718467945,29.006586076576237,28.559881758207123,28.812366485595703,39589000
2023-07-14 00:00:00-04:00,29.132824060557105,29.22993384453531,28.210283891086767,28.268550872802734,58660500
2023-07-17 00:00:00-04:00,28.30739544209625,28.70554391426693,28.278263801634854,28.550168991088867,49477200
2023-07-18 00:00:00-04:00,29.132826761430206,29.96796838796675,29.055139297488335,29.812593460083008,98253800
2023-07-19 00:00:00-04:00,29.997099296764127,30.7836869337088,29.80288156775998,30.618600845336914,70619800
2023-07-20 00:00:00-04:00,30.42438087151693,30.880794473613008,30.356404574631895,30.773975372314453,42128800
2023-07-21 00:00:00-04:00,30.94877248243756,31.181834864507824,30.51177935842133,31.055591583251953,70813600
2023-07-24 00:00:00-04:00,31.07501365229264,31.900442220659542,31.05559132422832,31.706226348876953,64548600
2023-07-25 00:00:00-04:00,31.813044591364747,31.842179936587424,31.142990922129822,31.220680236816406,51208800
2023-07-26 00:00:00-04:00,31.308077467684964,31.599404975909355,31.22067884477462,31.473161697387695,41814600
2023-07-27 00:00:00-04:00,31.4925854223069,31.793625960004384,30.900217363460783,31.026460647583008,45529500
2023-07-28 00:00:00-04:00,31.22068068085556,31.230389993114265,30.793396852863086,30.9779052734375,33296500
2023-07-31 00:00:00-04:00,30.97790432482941,31.317787662148476,30.861374059140985,31.075014114379883,29093400
2023-08-01 00:00:00-04:00,30.919639431281976,31.01674922158401,30.51177979378558,30.70599937438965,32712000
2023-08-02 00:00:00-04:00,30.259295766837347,30.375827888288356,29.890280777970407,30.288429260253906,38855100
2023-08-03 00:00:00-04:00,30.045653975293423,30.638020156270997,29.987386991814873,30.50206756591797,27933400
2023-08-04 00:00:00-04:00,30.45351348900623,30.75455216036853,30.26900507975154,30.395246505737305,30755100
2023-08-07 00:00:00-04:00,30.502067249077395,30.97790316258537,30.502067249077395,30.958480834960938,31745200
2023-08-08 00:00:00-04:00,30.395251028519727,30.40496219384289,29.5989539941741,30.366119384765625,45951800
2023-08-09 00:00:00-04:00,30.317560644014556,30.375827630352905,29.93883449389137,29.967967987060547,30732100
2023-08-10 00:00:00-04:00,30.11363059277907,30.41466926844645,29.90969985285171,30.045654296875,26062600
2023-08-11 00:00:00-04:00,29.909700318036798,30.49235720261469,29.861146349411626,30.38553810119629,35709900
2023-08-14 00:00:00-04:00,30.152474252065428,30.210741237820663,29.861146732150043,30.03594398498535,32563700
2023-08-15 00:00:00-04:00,29.618374328693243,29.666928299821386,28.97745227828235,29.074562072753906,43406100
2023-08-16 00:00:00-04:00,28.890050341238922,28.977448961036682,28.365658622452365,28.443347930908203,47220400
2023-08-17 00:00:00-04:00,28.589014453925323,28.686124246702967,28.268553434309766,28.433639526367188,37202200
2023-08-18 00:00:00-04:00,28.20057457968251,28.50161324302138,28.142307597966546,28.268550872802734,31418000
2023-08-21 00:00:00-04:00,28.375374145534746,28.453061613711245,27.967514474554292,28.307397842407227,34959000
2023-08-22 00:00:00-04:00,28.287971641275217,28.39479258998087,27.59849568708623,27.617918014526367,37586400
2023-08-23 00:00:00-04:00,27.62763023376465,27.685895366095995,27.36543435995086,27.62763023376465,44686600
2023-08-24 00:00:00-04:00,27.579075069325096,27.957803069025434,27.549943428574057,27.79271697998047,31934800
2023-08-25 00:00:00-04:00,27.81213820766118,27.95780382421186,27.481966020652752,27.676185607910156,34253200
2023-08-28 00:00:00-04:00,27.86069458195792,28.16173328117084,27.744162456854205,27.92867088317871,33075200
2023-08-29 00:00:00-04:00,28.0549095287998,28.41421518091388,27.889823448457946,28.32681655883789,30428200
2023-08-30 00:00:00-04:00,28.375372184381256,28.42392800627024,28.093755826286014,28.200576782226562,33366400
2023-08-31 00:00:00-04:00,28.327871003206514,28.36703749930019,27.936196704017853,28.07328224182129,37243000
2023-09-01 00:00:00-04:00,28.16140875305992,28.523706773785893,28.16140875305992,28.376829147338867,35192000
2023-09-05 00:00:00-04:00,28.33766261545603,28.5139165140262,27.90681995980121,28.05369758605957,46543600
2023-09-06 00:00:00-04:00,27.808900595905595,27.96557031111011,27.53472952812286,27.799108505249023,45022600
2023-09-07 00:00:00-04:00,27.81869235661972,27.95577788888519,27.47597665830574,27.544519424438477,35023600
2023-09-08 00:00:00-04:00,27.534730753042446,27.789317650837678,27.378059163217863,27.76973533630371,36513900
2023-09-11 00:00:00-04:00,27.91661191364722,28.161408578760593,27.808900783349227,27.887235641479492,34168300
2023-09-12 00:00:00-04:00,27.867653273362663,28.5335005446213,27.808902592854682,28.36703872680664,42284000
2023-09-13 00:00:00-04:00,28.51391612320021,28.58245889000461,28.102657654723515,28.27890968322754,37215700
2023-09-14 00:00:00-04:00,28.562874552226408,28.827255395009292,28.49433178579758,28.59225082397461,44634800
2023-09-15 00:00:00-04:00,28.347453404934537,28.48453893412937,28.151615333813126,28.239742279052734,61166000
2023-09-18 00:00:00-04:00,28.200575874403363,28.200575874403363,27.89702852398944,28.161409378051758,25752300
2023-09-19 00:00:00-04:00,28.161408716885862,28.33766261545603,27.916612050571818,28.05369758605957,34888100
2023-09-20 00:00:00-04:00,28.210366875171086,28.367036589823556,27.936195808354423,27.955778121948242,26641100
2023-09-21 00:00:00-04:00,27.769733820425472,27.994946300300782,27.436810212066188,27.466184616088867,39861300
2023-09-22 00:00:00-04:00,27.48576880226543,27.603272021328706,27.025551751872406,27.06471824645996,41284400
2023-09-25 00:00:00-04:00,26.92763180763643,27.04513502274495,26.780754189488462,27.025550842285156,32749200
2023-09-26 00:00:00-04:00,26.77096353175821,26.927633248519385,26.44783200748199,26.604501724243164,42237400
2023-09-27 00:00:00-04:00,26.663252824716757,27.035344808673756,26.506583105466557,26.702421188354492,38296300
2023-09-28 00:00:00-04:00,26.604501243856763,27.064718295076478,26.604501243856763,26.98638343811035,36734300
2023-09-29 00:00:00-04:00,27.309516515024413,27.4074355587326,26.702421805804416,26.810131072998047,40613400
2023-10-02 00:00:00-04:00,26.702419364847778,26.790546309364128,26.026780079439188,26.144283294677734,50388600
2023-10-03 00:00:00-04:00,25.938655756881193,25.968032030572836,25.28260058563801,25.3707275390625,62144500
2023-10-04 00:00:00-04:00,25.34135007074284,25.468645383088635,25.047594818276213,25.400102615356445,55696400
2023-10-05 00:00:00-04:00,25.243431860871656,25.54697919163169,25.028009608109468,25.517602920532227,49044100
2023-10-06 00:00:00-04:00,25.233640005286354,25.68406496043405,24.93988289450933,25.527395248413086,58120700
2023-10-09 00:00:00-04:00,25.22384964231146,25.811362036451637,25.18468127779859,25.762401580810547,39953700
2023-10-10 00:00:00-04:00,26.05615969326126,26.731797197706353,26.016991327272887,26.447834014892578,51960100
2023-10-11 00:00:00-04:00,26.604502063303997,26.868882914076757,26.340121212531233,26.457624435424805,38508200
2023-10-12 00:00:00-04:00,26.408664994029856,26.51637613017641,26.056159047128254,26.34012222290039,44249800
2023-10-13 00:00:00-04:00,26.859090494246747,27.143053655648686,25.968030779355654,26.203035354614258,55089700
2023-10-16 00:00:00-04:00,26.59471117630269,26.614295358946542,26.21282895299985,26.42824935913086,56817500
2023-10-17 00:00:00-04:00,26.48699941902142,27.289934079758556,26.163867883568216,27.045137405395508,95344200
2023-10-18 00:00:00-04:00,26.966801032382087,27.456394353658595,26.6436676473953,26.741586685180664,68371100
2023-10-19 00:00:00-04:00,26.682837413238982,27.20180703344695,26.320537514669194,26.39887237548828,58611000
2023-10-20 00:00:00-04:00,26.242202840190743,26.37929024833538,25.693858810563437,25.762401580810547,62029800
2023-10-23 00:00:00-04:00,25.586147679611255,25.664482540998243,24.98884506190438,25.037803649902344,59857200
2023-10-24 00:00:00-04:00,25.204265038883772,25.331560353773046,24.871341416689276,24.939884185791016,55975700
2023-10-25 00:00:00-04:00,24.85175718338748,25.116138035933716,24.655920967451674,25.018218994140625,45522400
2023-10-26 00:00:00-04:00,24.959466372563842,25.811359541882446,24.910507789304827,25.57635498046875,60921000
2023-10-27 00:00:00-04:00,25.527395299603363,25.527395299603363,24.44049753608437,24.646127700805664,64709300
2023-10-30 00:00:00-04:00,24.79300409594768,25.243430897362554,24.753837603626934,25.155303955078125,41891900
2023-10-31 00:00:00-04:00,25.204264290232913,25.83094315214909,25.18468010888545,25.791776657104492,50106700
2023-11-01 00:00:00-04:00,25.88969708183227,26.06595098809205,25.605732040046973,25.850528717041016,44046300
2023-11-02 00:00:00-04:00,26.154075792475645,27.084303902115384,26.03657443466561,27.045137405395508,63278300
2023-11-03 00:00:00-04:00,27.57389672826095,28.32787091924591,27.544520455539978,27.8284854888916,62595200
2023-11-06 00:00:00-05:00,27.965570839063044,28.171201011432444,27.436811007178108,27.740358352661133,45548000
2023-11-07 00:00:00-05:00,27.466185277005238,27.67181544836359,27.368268104373055,27.573896408081055,33081900
2023-11-08 00:00:00-05:00,27.573895842433902,27.613064204803564,27.094094609307465,27.30951499938965,31896000
2023-11-09 00:00:00-05:00,27.48577011100092,27.495562202026637,26.82971495348113,26.95701026916504,32267900
2023-11-10 00:00:00-05:00,27.18222241755241,27.192014508454832,26.770963937902504,27.1038875579834,32858500
2023-11-13 00:00:00-05:00,26.966800595537972,27.270347926870055,26.84929737856895,27.123470306396484,28521800
2023-11-14 00:00:00-05:00,27.906821708917835,28.79788148073791,27.87744543476481,28.611835479736328,66676300
2023-11-15 00:00:00-05:00,28.592251051981545,29.111218783452745,28.592251051981545,29.003509521484375,46968900
2023-11-16 00:00:00-05:00,28.817461683086457,29.08184251099464,28.611831527718913,28.925172805786133,36952800
2023-11-17 00:00:00-05:00,29.091635307753837,29.375600340854273,28.93496558868131,29.356016159057617,38493300
2023-11-20 00:00:00-05:00,29.356014963852605,29.62039580439234,29.130802485311477,29.385391235351562,46783400
2023-11-21 00:00:00-05:00,29.36580652841062,29.36580652841062,28.934963892393768,29.042675018310547,41611900
2023-11-22 00:00:00-05:00,29.121011072368592,29.169971526006016,28.905590679314948,29.0132999420166,41422700
2023-11-24 00:00:00-05:00,28.866422737322313,29.267889124751495,28.866422737322313,29.11121940612793,15815600
2023-11-27 00:00:00-05:00,28.98392391491645,29.07205085887998,28.895796970952915,28.94475555419922,42039500
2023-11-28 00:00:00-05:00,28.91538429260254,29.032885652218795,28.709754111798436,28.91538429260254,29705800
2023-11-29 00:00:00-05:00,29.258097149503286,29.972904844654742,29.189554380790906,29.679147720336914,57954900
2023-11-30 00:00:00-05:00,29.817327743554582,30.152908554206853,29.64953922078525,30.09368896484375,52547700
2023-12-01 00:00:00-05:00,30.00485848338205,30.646409365388152,29.955509139595733,30.557579040527344,46088100
2023-12-04 00:00:00-05:00,30.133169679950594,30.597059910551415,30.123299434717797,30.41939926147461,37811300
2023-12-05 00:00:00-05:00,30.281220485398595,30.389791303601037,29.93576942230097,30.182519912719727,45723100
2023-12-06 00:00:00-05:00,30.379919653202478,31.110300845159756,30.04433885114687,30.133169174194336,49803100
2023-12-07 00:00:00-05:00,30.192388591549207,30.52796939170985,30.14303924904895,30.261478424072266,32699600
2023-12-08 00:00:00-05:00,30.271349457964472,30.735239690248957,30.212129868909532,30.557579040527344,34786800
2023-12-11 00:00:00-05:00,30.518098773328177,30.67601892646504,30.310827395738094,30.44900894165039,32254000
2023-12-12 00:00:00-05:00,30.370049578140602,30.458879901685325,30.054209264451256,30.340438842773438,34566700
2023-12-13 00:00:00-05:00,30.350309390512834,31.712373110074964,30.231868330419992,31.62354278564453,60311100
2023-12-14 00:00:00-05:00,32.196001900416576,33.62715545185254,32.14665255694228,33.498844146728516,107190000
2023-12-15 00:00:00-05:00,33.38040303038419,33.577804157928405,32.857293242738365,33.16326141357422,83732200
2023-12-18 00:00:00-05:00,33.27183511254621,33.35079707646924,32.97573527806222,32.99547576904297,40694700
2023-12-19 00:00:00-05:00,32.600671907693844,33.232352528164554,32.37366192003178,33.074432373046875,44534800
2023-12-20 00:00:00-05:00,32.94612521187248,33.2718338882861,32.5217140841869,32.55132293701172,44711400
2023-12-21 00:00:00-05:00,32.80794411355156,33.015213604507665,32.46249119684468,32.768463134765625,32325700
2023-12-22 00:00:00-05:00,32.778334133368325,33.2323541305847,32.76846577043478,32.99547576904297,37258100
2023-12-26 00:00:00-05:00,33.0152131142639,33.51858240841323,32.93625115786453,33.419883728027344,24845400
2023-12-27 00:00:00-05:00,33.360665502339,33.508717302417146,33.2224858303267,33.400146484375,24498600
2023-12-28 00:00:00-05:00,33.380407126010745,33.52845893111253,33.33105777934808,33.43962860107422,21799600
2023-12-29 00:00:00-05:00,33.49884033835293,33.54819344132999,33.1139102318559,33.23234939575195,28037800
2024-01-02 00:00:00-05:00,32.955992768335975,33.62715436011447,32.83755359482019,33.45936584472656,36668600
2024-01-03 00:00:00-05:00,33.212616373603865,33.331055550697684,32.80794573384588,33.094173431396484,45988700
2024-01-04 00:00:00-05:00,33.13365437636039,33.86403745872979,33.10404552339729,33.36066436767578,39834600
2024-01-05 00:00:00-05:00,33.36066303753438,34.23909411480842,33.27183271707333,33.98247528076172,49228900
2024-01-08 00:00:00-05:00,33.85416400638841,33.85416400638841,33.202742910893484,33.71598434448242,40253900
2024-01-09 00:00:00-05:00,33.38040391376471,33.40014440355288,33.074431969718255,33.192874908447266,39268800
2024-01-10 00:00:00-05:00,33.06456273235878,33.19287403002952,32.807943902130646,33.16326141357422,34904000
2024-01-11 00:00:00-05:00,32.92638571720547,33.06456538805078,32.35392277785929,32.7191162109375,48790600
2024-01-12 00:00:00-05:00,31.83081075809783,32.758591173590716,31.544579308118728,32.373661041259766,74320300
2024-01-16 00:00:00-05:00,31.988732763571296,32.08743145164549,31.406401467660867,31.70250129699707,58420800
2024-01-17 00:00:00-05:00,31.307701448157594,31.574192428785455,30.86355169633466,31.386661529541016,48811300
2024-01-18 00:00:00-05:00,31.337312130965906,31.357052621917163,30.991861069546253,31.31757164001465,35484400
2024-01-19 00:00:00-05:00,31.386660013610662,31.81107113650692,31.159650025917184,31.80120277404785,49331400
2024-01-22 00:00:00-05:00,31.939382157354423,32.561194409967214,31.89990117763951,32.12691116333008,43903400
2024-01-23 00:00:00-05:00,32.11704517332232,32.39340452151341,31.968993371012093,32.34405517578125,30003400
2024-01-24 00:00:00-05:00,32.60067228009093,32.9066442313637,32.48223310367812,32.55132293701172,36403900
2024-01-25 00:00:00-05:00,32.77833300474781,33.01521512324691,32.403274984368416,32.95599365234375,46204000
2024-01-26 00:00:00-05:00,32.96586691512867,33.2323541305847,32.88690495120564,32.99547576904297,30839800
2024-01-29 00:00:00-05:00,32.965868149407086,33.212618648234645,32.80794798076201,33.17313766479492,30269300
2024-01-30 00:00:00-05:00,33.459367930789355,34.436497762163356,33.40014645778252,34.337799072265625,60315700
2024-01-31 00:00:00-05:00,34.12065841213304,34.64376826075545,33.558067580377,33.567935943603516,54716000
2024-02-01 00:00:00-05:00,33.488976282942204,33.80481660401884,32.50197433829932,33.113914489746094,57084800
2024-02-02 00:00:00-05:00,32.93625162414837,33.27183241336991,32.73885049546864,33.03495407104492,40401300
2024-02-05 00:00:00-05:00,32.67963455107135,32.85729519993243,32.432884068221355,32.561195373535156,43573000
2024-02-06 00:00:00-05:00,32.49210316434416,32.92638644241013,32.45262594688576,32.61054611206055,27188000
2024-02-07 00:00:00-05:00,32.630286708130285,32.827684091397366,32.20587555690133,32.74872589111328,29660100
2024-02-08 00:00:00-05:00,32.620412882493326,32.84742287352898,32.37366240113541,32.68950271606445,36852200
2024-02-09 00:00:00-05:00,32.66976082919998,32.81781261773134,32.41314199620746,32.64015197753906,36176000
2024-02-12 00:00:00-05:00,32.5710660989931,33.528459246739324,32.551325607119445,33.183006286621094,34160400
2024-02-13 00:00:00-05:00,32.68949992978548,32.877032689305864,31.92950806016714,32.324310302734375,43801500
2024-02-14 00:00:00-05:00,32.551323356329554,32.748724496302806,32.44275254108859,32.69937515258789,27833900
2024-02-15 00:00:00-05:00,32.88690385975569,33.79494758916598,32.88690385975569,33.62715530395508,41683100
2024-02-16 00:00:00-05:00,33.47910407426112,33.70611783428129,32.06769476073147,33.64689636230469,33257400
2024-02-20 00:00:00-05:00,33.340924553469534,33.646896512376244,33.331056190652895,33.518585205078125,30372900
2024-02-21 00:00:00-05:00,32.9263858893236,33.30144768723121,32.738853107812965,33.261966705322266,37878900
2024-02-22 00:00:00-05:00,32.93625552927039,33.62715767901031,32.93625552927039,33.17313766479492,42756900
2024-02-23 00:00:00-05:00,33.29157408031239,33.607414391326266,33.05469572960873,33.479103088378906,30586000
2024-02-26 00:00:00-05:00,33.350798325159865,33.775209484352374,33.094175697915475,33.17313766479492,31129200
2024-02-27 00:00:00-05:00,33.29157654053113,33.982478683848626,33.27183604899478,33.83442687988281,40536300
2024-02-28 00:00:00-05:00,33.77520623841309,34.15026424970438,33.666635426944865,33.864036560058594,39548600
2024-02-29 00:00:00-05:00,34.12246361803593,34.44052879024762,33.943551484712366,34.31131362915039,43863400
2024-03-01 00:00:00-05:00,34.3212537588319,34.44053104996428,33.8242764206889,34.14234161376953,38424200
2024-03-04 00:00:00-05:00,34.082706019689894,35.20587204952403,34.04294692350919,34.93750762939453,49136400
2024-03-05 00:00:00-05:00,34.71883766033095,35.50406277622202,34.65919901388127,35.176055908203125,47591600
2024-03-06 00:00:00-05:00,35.43448448621654,35.573637529365115,34.85798897415982,35.20587158203125,49149700
2024-03-07 00:00:00-05:00,35.38478297008684,35.68297238951984,35.036900369596296,35.41460418701172,35900700
2024-03-08 00:00:00-05:00,35.65315291410312,35.911583251350166,35.285390748244325,35.38478469848633,42749600
2024-03-11 00:00:00-04:00,35.17605354120777,35.712789948229215,35.056780047970555,35.673030853271484,34131500
2024-03-12 00:00:00-04:00,35.68297226632728,35.93146092057292,35.56369498231149,35.74260711669922,29260400
2024-03-13 00:00:00-04:00,35.74260778455627,36.22964722429795,35.74260778455627,35.86188507080078,38289600
2024-03-14 00:00:00-04:00,35.70284845907335,36.00103788112708,35.26550978723643,35.474239349365234,40178100
2024-03-15 00:00:00-04:00,35.0667191284285,35.79230557392761,35.026963823743436,35.1959342956543,69638100
2024-03-18 00:00:00-04:00,35.44442238460517,35.87182318402681,35.17605417624953,35.79230499267578,50617900
2024-03-19 00:00:00-04:00,35.67303034140755,36.170007646340245,35.63327124702031,35.81218338012695,46113800
2024-03-20 00:00:00-04:00,35.623333484998774,36.65704719261045,35.513997870896546,36.52783203125,40519000
2024-03-21 00:00:00-04:00,36.70674572877033,37.37269352793053,36.6570487543255,37.28323745727539,43219500
2024-03-22 00:00:00-04:00,37.183843570326005,37.38263526007259,36.77632231258176,36.826019287109375,28955900
2024-03-25 00:00:00-04:00,36.875715876170794,37.05462801590892,36.61728933634688,36.637168884277344,30480200
2024-03-26 00:00:00-04:00,36.776323802281226,37.014874597967335,36.57753210448219,36.865779876708984,33673400
2024-03-27 00:00:00-04:00,37.02481253149698,37.621183834141746,37.01487465282862,37.58142852783203,36350200
2024-03-28 00:00:00-04:00,37.491969858763895,37.77027594185403,37.19378043644045,37.690757751464844,42262500
2024-04-01 00:00:00-04:00,37.71063768728244,38.11815893813232,37.213660367141806,37.29317855834961,33908000
2024-04-02 00:00:00-04:00,36.96517304593937,37.352818554663756,36.93535561897449,37.07450866699219,34806800
2024-04-03 00:00:00-04:00,37.173905888996636,37.79015671800301,37.04469072123145,37.213661193847656,33338500
2024-04-04 00:00:00-04:00,37.47209125592826,37.730517797936656,36.647107072202644,36.69680404663086,42888200
2024-04-05 00:00:00-04:00,36.58747262266929,37.11426738235769,36.50795442939911,36.885658264160156,30818000
2024-04-08 00:00:00-04:00,36.97511452785848,37.352818364581715,36.9055380042037,37.27330017089844,29470300
2024-04-09 00:00:00-04:00,37.28323611896161,37.541666443415934,36.97511261348234,37.50190734863281,30977700
2024-04-10 00:00:00-04:00,36.95523485464029,37.00493182970642,36.32904235222571,36.42844009399414,37610700
2024-04-11 00:00:00-04:00,36.527832389226326,36.527832389226326,35.83206339491387,36.1302490234375,38604000
2024-04-12 00:00:00-04:00,35.5935184646169,35.87182456176234,35.31520857583526,35.573638916015625,47118300
2024-04-15 00:00:00-04:00,36.11037365268572,36.537770656757715,35.54381602332252,35.732669830322266,44392000
2024-04-16 00:00:00-04:00,35.881762173631714,35.9513386974011,33.943553594861484,34.4703483581543,95566100
2024-04-17 00:00:00-04:00,34.67907645314756,35.533878042080346,34.53992341153264,35.01702117919922,65951400
2024-04-18 00:00:00-04:00,35.32514760946903,35.77242794052452,34.967323344624624,35.55375671386719,44506200
2024-04-19 00:00:00-04:00,35.88176243562352,36.895596664340744,35.8420071300623,36.74650573730469,56240900
2024-04-22 00:00:00-04:00,36.7763209312027,37.68081948352089,36.647105768975536,37.50190734863281,43867100
2024-04-23 00:00:00-04:00,37.7106378349287,38.18773560913534,37.60130600904398,38.138038635253906,39180300
2024-04-24 00:00:00-04:00,37.79015513141502,38.25731501643545,37.770275584006065,38.088340759277344,28670600
2024-04-25 00:00:00-04:00,37.7007000129973,38.0386447441852,37.15402571621467,37.68082046508789,41116000
2024-04-26 00:00:00-04:00,37.70070086544158,38.0784047009885,37.551606148567856,37.6013069152832,28668700
2024-04-29 00:00:00-04:00,37.61124581847912,37.82991706474931,37.22360409400833,37.322998046875,26438800
2024-04-30 00:00:00-04:00,37.1242034188694,37.44226859289776,36.75644127233085,36.786258697509766,30283800
2024-05-01 00:00:00-04:00,36.985050064995455,37.28323568915944,36.54771140233068,36.72662353515625,32272000
2024-05-02 00:00:00-04:00,37.14408290988024,37.263360193686985,36.42843816521951,36.657047271728516,34860300
2024-05-03 00:00:00-04:00,37.024810791015625,37.30311688028226,36.855840320142626,37.024810791015625,34082700
2024-05-06 00:00:00-04:00,37.43233314661464,37.56154831684358,37.13414750054772,37.46215057373047,28422300
2024-05-07 00:00:00-04:00,37.47209115697417,37.91937150891919,37.47209115697417,37.611244201660156,29119500
2024-05-08 00:00:00-04:00,37.4720910829963,37.5913645794008,37.2931789425715,37.48202896118164,32803300
2024-05-09 00:00:00-04:00,37.3031179734483,38.187737033086194,37.23354144909271,38.048583984375,26855400
2024-05-10 00:00:00-04:00,38.247373425112265,38.54555905358425,38.09828250669426,38.21755599975586,27359100
2024-05-13 00:00:00-04:00,38.38652899138821,38.54556158981306,37.94919029362893,37.979007720947266,24060600
2024-05-14 00:00:00-04:00,38.16786051815525,38.55550222947747,38.138039299997764,38.25731658935547,27594800
2024-05-15 00:00:00-04:00,38.56543855489788,39.00278101499385,38.545559007472065,38.674774169921875,34084400
2024-05-16 00:00:00-04:00,38.684713099001485,39.122055570981416,38.47598353281256,38.98290252685547,32554200
2024-05-17 00:00:00-04:00,39.21151138132192,39.25127047699061,38.923263625177974,39.0524787902832,25537300
2024-05-20 00:00:00-04:00,39.022658203560525,39.23139156337756,38.55550209262744,38.58531951904297,28369800
2024-05-21 00:00:00-04:00,38.53562383326903,39.50969897566002,38.53562383326903,39.41030502319336,31799200
2024-05-22 00:00:00-04:00,39.171751644509214,39.569335011416584,39.10217512404582,39.51963424682617,42837600
2024-05-23 00:00:00-04:00,39.52957588608537,39.599152406495406,38.7045917274578,38.93320083618164,39033900
2024-05-24 00:00:00-04:00,38.92326268087503,39.53951348224492,38.83380661360875,39.459999084472656,22162100
2024-05-28 00:00:00-04:00,39.41030514793199,39.499761222089624,38.873568702986205,39.082298278808594,31217900
2024-05-29 00:00:00-04:00,38.60519725880089,38.66483590047439,38.3268911809298,38.485923767089844,26677500
2024-05-30 00:00:00-04:00,38.49586306436249,38.88350477044407,37.36275537223601,38.39646911621094,51008600
2024-05-31 00:00:00-04:00,38.466046615393516,39.83770512621835,38.42628751846847,39.74824905395508,58188400
2024-06-03 00:00:00-04:00,39.79794479204773,39.94703571342744,39.12205533187875,39.638912200927734,31898600
2024-06-04 00:00:00-04:00,39.380482053211395,39.8973389246573,39.1816903654805,39.440120697021484,26974200
2024-06-05 00:00:00-04:00,39.57927271043468,39.748246967679066,39.2810870824201,39.71842575073242,34140300
2024-06-06 00:00:00-04:00,39.66872864421531,39.758184711481576,39.18168921317983,39.459999084472656,38676400
2024-06-07 00:00:00-04:00,39.279998779296875,39.959999084472656,39.279998779296875,39.779998779296875,25928700
2024-06-10 00:00:00-04:00,39.58000183105469,39.84000015258789,39.209999084472656,39.66999816894531,37182700
2024-06-11 00:00:00-04:00,39.33000183105469,39.349998474121094,38.459999084472656,38.86000061035156,44629000
2024-06-12 00:00:00-04:00,39.79999923706055,39.880001068115234,39.099998474121094,39.40999984741211,38964700
2024-06-13 00:00:00-04:00,39.290000915527344,39.349998474121094,38.93000030517578,39.2599983215332,40018700
2024-06-14 00:00:00-04:00,39.099998474121094,39.47999954223633,38.90999984741211,39.2400016784668,32347900
2024-06-17 00:00:00-04:00,39.09000015258789,39.529998779296875,38.97999954223633,39.5099983215332,26135400
2024-06-18 00:00:00-04:00,39.560001373291016,40.02000045776367,39.459999084472656,39.9900016784668,30804500
2024-06-20 00:00:00-04:00,39.779998779296875,40.310001373291016,39.75,39.9900016784668,29383300
2024-06-21 00:00:00-04:00,39.849998474121094,39.90999984741211,39.369998931884766,39.4900016784668,72251500
2024-06-24 00:00:00-04:00,39.77000045776367,40.34000015258789,39.650001525878906,40.02000045776367,31064900
2024-06-25 00:00:00-04:00,39.779998779296875,40.06999969482422,39.349998474121094,39.380001068115234,30928600
2024-06-26 00:00:00-04:00,39.16999816894531,39.349998474121094,38.470001220703125,39.0,44310200
2024-06-27 00:00:00-04:00,38.70000076293945,39.349998474121094,38.34000015258789,39.25,29464200
2024-06-28 00:00:00-04:00,39.7400016784668,40.060001373291016,39.31999969482422,39.77000045776367,52028200
2024-07-01 00:00:00-04:00,39.90999984741211,40.34000015258789,39.66999816894531,40.0099983215332,26770500
2024-07-02 00:00:00-04:00,40.0,40.959999084472656,39.959999084472656,40.93000030517578,35626100
2024-07-03 00:00:00-04:00,41.02000045776367,41.20000076293945,40.75,40.900001525878906,17100700
2024-07-05 00:00:00-04:00,40.93000030517578,40.959999084472656,40.290000915527344,40.40999984741211,23489000
2024-07-08 00:00:00-04:00,40.599998474121094,41.040000915527344,40.43000030517578,40.619998931884766,26728500
2024-07-09 00:00:00-04:00,40.7599983215332,41.83000183105469,40.599998474121094,41.41999816894531,34697200
2024-07-10 00:00:00-04:00,41.279998779296875,41.7599983215332,41.06999969482422,41.7400016784668,25333400
2024-07-11 00:00:00-04:00,41.77000045776367,41.900001525878906,41.38999938964844,41.810001373291016,33824600
2024-07-12 00:00:00-04:00,41.4900016784668,41.91999816894531,41.09000015258789,41.59000015258789,31856600
2024-07-15 00:00:00-04:00,41.849998474121094,42.22999954223633,41.70000076293945,41.88999938964844,36648100
2024-07-16 00:00:00-04:00,42.52000045776367,44.400001525878906,42.220001220703125,44.130001068115234,75953300
2024-07-17 00:00:00-04:00,43.650001525878906,44.439998626708984,43.650001525878906,43.97999954223633,65713600
2024-07-18 00:00:00-04:00,43.619998931884766,44.2400016784668,42.93000030517578,43.0099983215332,48549200
2024-07-19 00:00:00-04:00,42.86000061035156,43.560001373291016,42.689998626708984,42.900001525878906,43903000
2024-07-22 00:00:00-04:00,42.63999938964844,42.869998931884766,41.959999084472656,42.29999923706055,42838300
2024-07-23 00:00:00-04:00,42.220001220703125,42.779998779296875,42.150001525878906,42.40999984741211,36705100
2024-07-24 00:00:00-04:00,42.279998779296875,42.75,42.06999969482422,42.189998626708984,36567200
2024-07-25 00:00:00-04:00,42.02000045776367,42.29999923706055,41.65999984741211,41.68000030517578,41593900
2024-07-26 00:00:00-04:00,41.58000183105469,41.959999084472656,41.40999984741211,41.66999816894531,52049300
2024-07-29 00:00:00-04:00,41.779998779296875,41.880001068115234,40.97999954223633,41.09000015258789,37133100
2024-07-30 00:00:00-04:00,41.04999923706055,41.88999938964844,40.810001373291016,41.279998779296875,44146800
