Date,Bank_of_America,Berkshire_Hathaway,Goldman_Sachs,JPMorgan,Wells_Fargo
2014-01-02 00:00:00-05:00,13.134217262268066,117.5,144.8634490966797,43.55060195922852,33.298789978027344
2014-01-03 00:00:00-05:00,13.387112617492676,117.56999969482422,145.89529418945312,43.88729476928711,33.535484313964844
2014-01-06 00:00:00-05:00,13.591057777404783,116.27999877929688,146.89442443847656,44.14167404174805,33.59465026855469
2014-01-07 00:00:00-05:00,13.460531234741213,116.19000244140624,146.00994873046875,43.632911682128906,33.57986831665039
2014-01-08 00:00:00-05:00,13.525793075561523,115.33999633789062,146.13279724121094,44.04440307617188,33.964473724365234
2014-01-09 00:00:00-05:00,13.72973918914795,115.31999969482422,145.2810516357422,43.96209716796875,34.141990661621094
2014-01-10 00:00:00-05:00,13.680793762207031,114.97000122070312,146.09185791015625,43.76010894775391,33.97926712036133
2014-01-13 00:00:00-05:00,13.40342617034912,114.01000213623048,144.03631591796875,43.1690559387207,33.698211669921875
2014-01-14 00:00:00-05:00,13.680793762207031,114.95999908447266,144.6259002685547,43.198974609375,33.720401763916016
2014-01-15 00:00:00-05:00,13.99079132080078,115.8499984741211,146.38662719726562,44.50827026367188,34.319515228271484
2014-01-16 00:00:00-05:00,13.93368911743164,115.23999786376952,143.4548797607422,44.13418960571289,34.312110900878906
2014-01-17 00:00:00-05:00,13.876585960388184,115.06999969482422,144.36387634277344,43.47579193115234,34.312110900878906
2014-01-21 00:00:00-05:00,13.876585960388184,115.1500015258789,141.84149169921875,43.52069091796875,34.39346694946289
2014-01-22 00:00:00-05:00,13.99079132080078,115.26000213623048,142.23455810546875,43.08674240112305,34.51920318603516
2014-01-23 00:00:00-05:00,13.7542142868042,113.5,139.8350830078125,42.248809814453125,34.28253173828125
2014-01-24 00:00:00-05:00,13.41974639892578,111.80999755859376,137.28814697265625,41.216339111328125,33.6390266418457
2014-01-27 00:00:00-05:00,13.305527687072754,111.5,134.87225341796875,41.216339111328125,33.676021575927734
2014-01-28 00:00:00-05:00,13.648163795471191,112.01000213623048,136.14984130859375,41.70264434814453,33.99405670166016
2014-01-29 00:00:00-05:00,13.607376098632812,111.27999877929688,134.2252655029297,41.545536041259766,33.720401763916016
2014-01-30 00:00:00-05:00,13.811325073242188,113.0,135.81405639648438,41.89717864990234,34.06063461303711
2014-01-31 00:00:00-05:00,13.664475440979004,111.5999984741211,134.40548706054688,41.418338775634766,33.535484313964844
2014-02-03 00:00:00-05:00,13.338162422180176,108.98999786376952,130.884033203125,40.63278198242188,32.8624153137207
2014-02-04 00:00:00-05:00,13.338162422180176,109.12999725341795,132.4727783203125,41.11160659790039,33.113887786865234
2014-02-05 00:00:00-05:00,13.378952026367188,108.77999877929688,131.3753662109375,41.306129455566406,32.935184478759766
2014-02-06 00:00:00-05:00,13.615532875061035,110.16000366210938,132.46453857421875,42.25630187988281,33.34473419189453
2014-02-07 00:00:00-05:00,13.72158145904541,112.61000061035156,132.61196899414062,42.36104583740234,33.7840690612793
2014-02-10 00:00:00-05:00,13.640006065368652,112.61000061035156,131.85035705566406,42.45082092285156,33.8957633972168
2014-02-11 00:00:00-05:00,13.770533561706545,113.61000061035156,134.6265869140625,42.96703720092773,34.2308464050293
2014-02-12 00:00:00-05:00,13.664475440979004,113.3000030517578,133.89768981933594,43.03438186645508,34.245723724365234
2014-02-13 00:00:00-05:00,13.664475440979004,114.6999969482422,134.35638427734375,43.41593933105469,34.2382926940918
2014-02-14 00:00:00-05:00,13.623690605163574,114.9499969482422,134.0779266357422,43.5057258605957,34.3499755859375
2014-02-18 00:00:00-05:00,13.436058044433594,114.7300033569336,134.83949279785156,43.76010894775391,34.3499755859375
2014-02-19 00:00:00-05:00,13.21579360961914,113.36000061035156,133.701171875,42.83984756469727,33.9031982421875
2014-02-20 00:00:00-05:00,13.29737377166748,113.0999984741211,134.71669006347656,43.07926940917969,33.9776725769043
2014-02-21 00:00:00-05:00,13.28921890258789,113.18000030517578,134.71669006347656,43.10171890258789,33.955326080322266
2014-02-24 00:00:00-05:00,13.485005378723145,113.1999969482422,136.38726806640625,43.41593933105469,34.31276321411133
2014-02-25 00:00:00-05:00,13.330002784729004,113.94000244140624,133.88133239746094,42.667781829833984,34.31276321411133
2014-02-26 00:00:00-05:00,13.32184886932373,113.6999969482422,133.77450561523438,42.45830535888672,34.2904167175293
2014-02-27 00:00:00-05:00,13.45237159729004,114.58000183105467,135.89454650878906,42.41341400146485,34.2904167175293
2014-02-28 00:00:00-05:00,13.485005378723145,115.77999877929688,136.77377319335938,42.51067733764648,34.565921783447266
2014-03-03 00:00:00-05:00,13.29737377166748,116.05999755859376,135.36862182617188,42.05426788330078,34.36487579345703
2014-03-04 00:00:00-05:00,13.648163795471191,118.56999969482422,138.64723205566406,42.83984756469727,34.80421829223633
2014-03-05 00:00:00-05:00,14.080795288085938,118.9800033569336,141.2520751953125,43.513214111328125,35.0648307800293
2014-03-06 00:00:00-05:00,14.162418365478516,121.1999969482422,141.8273468017578,44.06685256958008,35.25099563598633
2014-03-07 00:00:00-05:00,14.146092414855955,122.66999816894533,143.19131469726562,44.44091796875,35.705223083496094
2014-03-10 00:00:00-04:00,14.260371208190918,124.0999984741211,142.57501220703125,44.29130172729492,35.85414123535156
2014-03-11 00:00:00-04:00,14.097118377685549,124.69000244140624,139.60043334960938,43.53565216064453,35.6009635925293
2014-03-12 00:00:00-04:00,14.105279922485352,125.16999816894533,139.46080017089844,43.333641052246094,35.831817626953125
2014-03-13 00:00:00-04:00,14.00732707977295,123.61000061035156,136.9792022705078,42.95956039428711,35.62331008911133
2014-03-14 00:00:00-04:00,13.713464736938477,122.51000213623048,135.86988830566406,42.495697021484375,35.29567337036133
2014-03-17 00:00:00-04:00,13.966509819030762,123.36000061035156,137.09423828125,43.07926940917969,35.839263916015625
2014-03-18 00:00:00-04:00,14.031816482543944,123.27999877929688,138.12139892578125,43.43839263916016,36.04029846191406
2014-03-19 00:00:00-04:00,14.235884666442873,122.62000274658205,138.19534301757812,43.617942810058594,35.6009635925293
2014-03-20 00:00:00-04:00,14.627697944641112,124.44000244140624,139.04989624023438,44.97211837768555,36.50943374633789
2014-03-21 00:00:00-04:00,14.333836555480955,125.1999969482422,137.18463134765625,45.01699066162109,36.57643508911133
2014-03-24 00:00:00-04:00,14.178744316101074,124.31999969482422,136.17391967773438,45.69035339355469,36.47218322753906
2014-03-25 00:00:00-04:00,14.048137664794922,124.47000122070312,134.14431762695312,45.58561706542969,36.45730209350586
2014-03-26 00:00:00-04:00,14.023651123046877,123.01000213623048,132.89527893066406,44.81501388549805,36.11476135253906
2014-03-27 00:00:00-04:00,13.884882926940918,123.47000122070312,133.3554229736328,44.829959869384766,36.56153869628906
2014-03-28 00:00:00-04:00,13.860397338867188,123.52999877929688,133.36366271972656,44.91976547241211,36.70302963256836
2014-03-31 00:00:00-04:00,14.03997802734375,124.97000122070312,134.63729858398438,45.42102813720703,37.038116455078125
2014-04-01 00:00:00-04:00,14.154256820678713,124.87999725341795,136.33824157714844,45.39109420776367,37.06044769287109
2014-04-02 00:00:00-04:00,14.064461708068848,124.47000122070312,137.4475555419922,45.53414535522461,37.05300521850586
2014-04-03 00:00:00-04:00,13.99916172027588,124.30999755859376,136.4779510498047,45.669654846191406,37.10513305664063
2014-04-04 00:00:00-04:00,13.648163795471191,123.9000015258789,134.13609313964844,45.02971267700195,36.904083251953125
2014-04-07 00:00:00-04:00,13.370628356933594,123.12000274658205,130.2904510498047,44.41988754272461,36.2339096069336
2014-04-08 00:00:00-04:00,13.41960620880127,123.12999725341795,128.64703369140625,44.30693435668945,36.36050033569336
2014-04-09 00:00:00-04:00,13.566534042358398,124.01000213623048,129.96177673339844,44.62316131591797,36.56153869628906
2014-04-10 00:00:00-04:00,13.15839385986328,122.2699966430664,128.17044067382812,43.21527099609375,35.52650451660156
2014-04-11 00:00:00-04:00,12.872698783874512,121.6999969482422,125.49168395996094,41.63421249389648,35.802024841308594
2014-04-14 00:00:00-04:00,13.060444831848145,122.29000091552734,127.1515884399414,41.37825012207031,35.824363708496094
2014-04-15 00:00:00-04:00,13.378791809082031,123.7699966430664,127.29942321777344,41.25778579711914,36.3232650756836
2014-04-16 00:00:00-04:00,13.166558265686035,126.0,129.18936157226562,41.6041145324707,36.55409622192383
2014-04-17 00:00:00-04:00,13.182884216308594,127.18000030517578,129.3701629638672,41.573997497558594,36.43495941162109
2014-04-21 00:00:00-04:00,13.1339111328125,126.5,129.66598510742188,41.43095397949219,36.57643508911133
2014-04-22 00:00:00-04:00,13.297163963317873,127.1500015258789,131.85169982910156,42.0181884765625,36.65835952758789
2014-04-23 00:00:00-04:00,13.362468719482422,127.1999969482422,131.84349060058594,42.198875427246094,36.92642593383789
2014-04-24 00:00:00-04:00,13.337972640991213,126.9499969482422,132.17222595214844,42.304290771484375,36.72536849975586
2014-04-25 00:00:00-04:00,13.019627571105955,127.26000213623048,130.0275421142578,41.93537521362305,36.52431488037109
2014-04-28 00:00:00-04:00,12.203351974487305,127.6999969482422,128.63063049316406,41.77727127075195,36.44240188598633
2014-04-29 00:00:00-04:00,12.440071105957031,128.49000549316406,130.0275421142578,42.23653030395508,36.83705520629883
2014-04-30 00:00:00-04:00,12.358447074890137,128.85000610351562,131.3258056640625,42.14617919921875,36.963645935058594
2014-05-01 00:00:00-04:00,12.31762981414795,129.05999755859375,131.7777557373047,41.950443267822266,36.963645935058594
2014-05-02 00:00:00-04:00,12.448235511779783,128.08999633789062,130.55340576171875,41.84503173828125,36.91899108886719
2014-05-05 00:00:00-04:00,12.309467315673828,126.61000061035156,128.47447204589844,40.82111358642578,36.904083251953125
2014-05-06 00:00:00-04:00,12.023771286010742,124.66999816894533,126.98719024658205,40.15858459472656,36.55409622192383
2014-05-07 00:00:00-04:00,12.08090877532959,127.4499969482422,127.79248809814452,40.693119049072266,37.04158401489258
2014-05-08 00:00:00-04:00,12.187023162841797,126.66999816894533,129.33726501464844,40.9265251159668,36.9965934753418
2014-05-09 00:00:00-04:00,12.031932830810549,127.33999633789062,129.1729278564453,40.66300964355469,36.8090934753418
2014-05-12 00:00:00-04:00,12.301302909851074,127.29000091552734,131.10397338867188,41.14485168457031,37.319091796875
2014-05-13 00:00:00-04:00,12.26865005493164,127.88999938964844,131.7038116455078,41.12226867675781,37.35657501220703
2014-05-14 00:00:00-04:00,12.11356258392334,127.52999877929688,131.02174377441406,40.9265251159668,36.96659851074219
2014-05-15 00:00:00-04:00,11.876842498779297,126.36000061035156,128.7127227783203,40.286563873291016,36.7715950012207
2014-05-16 00:00:00-04:00,11.844191551208496,126.86000061035156,128.54019165039062,40.13600158691406,36.8090934753418
2014-05-19 00:00:00-04:00,11.974793434143066,127.12999725341795,129.55911254882812,40.52749633789063,37.11659240722656
2014-05-20 00:00:00-04:00,11.860514640808104,126.05999755859376,128.47447204589844,40.44466400146485,36.71908950805664
2014-05-21 00:00:00-04:00,11.92581558227539,126.66000366210938,130.93963623046875,40.745826721191406,37.2515869140625
2014-05-22 00:00:00-04:00,12.0074462890625,126.9800033569336,131.35043334960938,41.0695686340332,37.49158477783203
2014-05-23 00:00:00-04:00,12.015606880187988,126.8000030517578,131.605224609375,41.05450820922852,37.61907196044922
2014-05-27 00:00:00-04:00,12.423746109008787,127.5199966430664,132.9281463623047,41.51375579833984,37.91157531738281
2014-05-28 00:00:00-04:00,12.358447074890137,127.45999908447266,132.90342712402344,41.74716567993164,37.82905578613281
2014-05-29 00:00:00-04:00,12.366606712341309,128.11000061035156,132.53236389160156,41.950443267822266,37.70157623291016
2014-05-30 00:00:00-04:00,12.358447074890137,128.33999633789062,131.7655487060547,41.837493896484375,38.08406448364258
2014-06-02 00:00:00-04:00,12.45639705657959,127.87999725341795,131.94699096679688,41.67185974121094,38.31655883789063
2014-06-03 00:00:00-04:00,12.4155855178833,126.93000030517578,133.40634155273438,41.8600959777832,38.31655883789063
2014-06-04 00:00:00-04:00,12.4155855178833,127.2300033569336,133.8928680419922,41.92032241821289,38.279052734375
2014-06-05 00:00:00-04:00,12.595165252685549,128.1999969482422,134.0495147705078,42.63555908203125,38.721561431884766
2014-06-06 00:00:00-04:00,12.72576904296875,128.64999389648438,137.02598571777344,42.89152908325195,38.98403549194336
2014-06-09 00:00:00-04:00,12.929838180541992,127.98999786376952,136.8693389892578,43.23032760620117,39.38153839111328
2014-06-10 00:00:00-04:00,12.995140075683594,128.25,137.16616821289062,43.59172439575195,39.44152069091797
2014-06-11 00:00:00-04:00,12.72576904296875,128.22000122070312,136.39932250976562,43.11740493774414,39.17904281616211
2014-06-12 00:00:00-04:00,12.58700466156006,127.27999877929688,136.8363800048828,42.94422912597656,38.78153991699219
2014-06-13 00:00:00-04:00,12.6033296585083,126.54000091552734,136.7786407470703,42.94422912597656,38.92404174804688
2014-06-16 00:00:00-04:00,12.472721099853516,126.1500015258789,136.74566650390625,42.81625747680664,38.31655883789063
2014-06-17 00:00:00-04:00,12.72576904296875,126.02999877929688,138.6997528076172,43.23032760620117,38.744049072265625
2014-06-18 00:00:00-04:00,12.77474308013916,127.16999816894533,140.05194091796875,43.50138092041016,39.02904891967773
2014-06-19 00:00:00-04:00,12.693120956420898,127.25,139.94479370117188,43.13998031616211,39.01404571533203
2014-06-20 00:00:00-04:00,12.619606971740724,126.73999786376952,140.03549194335938,43.328216552734375,39.66651916503906
2014-06-23 00:00:00-04:00,12.77479648590088,126.66999816894533,140.3652801513672,43.81004333496094,39.73402786254883
2014-06-24 00:00:00-04:00,12.652278900146484,126.77999877929688,138.7080078125,43.23032760620117,39.36653518676758
2014-06-25 00:00:00-04:00,12.635940551757812,127.12999725341795,138.83169555664062,43.31314849853516,39.44902038574219
2014-06-26 00:00:00-04:00,12.586932182312012,127.0999984741211,138.52659606933594,43.20773315429688,39.27654647827149
2014-06-27 00:00:00-04:00,12.52159023284912,127.31999969482422,137.51248168945312,43.31314849853516,39.67403411865234
2014-06-30 00:00:00-04:00,12.5542631149292,126.55999755859376,138.05665588378906,43.38090133666992,39.41902923583984
2014-07-01 00:00:00-04:00,12.742124557495115,127.23999786376952,137.53724670410156,43.64625930786133,39.539024353027344
2014-07-02 00:00:00-04:00,12.946325302124023,127.7300033569336,137.60317993164062,43.19136428833008,39.4940299987793
2014-07-03 00:00:00-04:00,13.093355178833008,129.3000030517578,139.72219848632812,43.25200653076172,39.74902725219727
2014-07-07 00:00:00-04:00,13.019842147827148,128.6999969482422,138.33700561523438,42.96393203735352,39.37403106689453
2014-07-08 00:00:00-04:00,12.725789070129396,128.22000122070312,135.97061157226562,42.27400970458984,39.18654251098633
2014-07-09 00:00:00-04:00,12.742124557495115,128.75,135.77272033691406,42.47114562988281,39.14153671264648
2014-07-10 00:00:00-04:00,12.611438751220703,128.4499969482422,134.74209594726562,42.12237930297852,38.85655212402344
2014-07-11 00:00:00-04:00,12.562430381774902,128.6300048828125,135.87991333007812,42.30434036254883,38.61655426025391
2014-07-14 00:00:00-04:00,12.71761989593506,128.97999572753906,137.69386291503906,42.67583847045898,38.48155975341797
2014-07-15 00:00:00-04:00,12.913656234741213,128.49000549316406,139.4830780029297,44.17695617675781,38.51155471801758
2014-07-16 00:00:00-04:00,12.66861343383789,128.11000061035156,140.55496215820312,44.51052474975586,38.376556396484375
2014-07-17 00:00:00-04:00,12.41540241241455,126.5199966430664,140.28280639648438,43.86611175537109,38.009063720703125
2014-07-18 00:00:00-04:00,12.652278900146484,128.27999877929688,141.37942504882812,44.14662551879883,38.45904922485352
2014-07-21 00:00:00-04:00,12.676785469055176,128.5800018310547,141.5855712890625,44.15422058105469,38.28655242919922
2014-07-22 00:00:00-04:00,12.676785469055176,128.4199981689453,144.3064727783203,44.4802131652832,38.51155471801758
2014-07-23 00:00:00-04:00,12.676785469055176,128.1300048828125,145.7906036376953,44.73040771484375,38.49654769897461
2014-07-24 00:00:00-04:00,12.75846004486084,128.35000610351562,145.32882690429688,44.85928726196289,38.69154739379883
2014-07-25 00:00:00-04:00,12.73395538330078,127.5500030517578,144.61978149414062,44.73799133300781,38.69904327392578
2014-07-28 00:00:00-04:00,12.660449981689451,128.3699951171875,145.07327270507812,44.87445831298828,38.69904327392578
2014-07-29 00:00:00-04:00,12.529759407043455,127.36000061035156,144.73524475097656,44.457462310791016,38.65404891967773
2014-07-30 00:00:00-04:00,12.725789070129396,127.73999786376952,144.91661071777344,44.66217422485352,39.07403564453125
2014-07-31 00:00:00-04:00,12.456247329711914,125.43000030517578,142.53375244140625,43.72207260131836,38.174072265625
2014-08-01 00:00:00-04:00,12.235708236694336,125.83000183105467,140.37355041503906,42.81988906860352,37.76156234741211
2014-08-04 00:00:00-04:00,12.292884826660156,129.72000122070312,141.56082153320312,42.94876480102539,38.24156188964844
2014-08-05 00:00:00-04:00,12.252046585083008,127.98999786376952,139.68922424316406,42.5014762878418,37.799072265625
2014-08-06 00:00:00-04:00,12.41540241241455,129.11000061035156,139.95306396484375,42.63034439086914,37.80662155151367
2014-08-07 00:00:00-04:00,12.350057601928713,128.9499969482422,139.4253692626953,42.38774108886719,37.53474807739258
2014-08-08 00:00:00-04:00,12.41540241241455,130.89999389648438,142.03079223632812,42.71373748779297,37.76131057739258
2014-08-11 00:00:00-04:00,12.431739807128906,131.9499969482422,142.19573974609375,42.698577880859375,37.6782341003418
2014-08-12 00:00:00-04:00,12.423574447631836,133.05999755859375,142.0885467529297,42.7213249206543,37.595157623291016
2014-08-13 00:00:00-04:00,12.456247329711914,133.0800018310547,142.1214599609375,43.00183868408203,37.75376129150391
2014-08-14 00:00:00-04:00,12.513423919677734,135.3000030517578,142.4183349609375,43.19895553588867,38.048282623291016
2014-08-15 00:00:00-04:00,12.431739807128906,134.33999633789062,141.73397827148438,43.02458953857422,37.919918060302734
2014-08-18 00:00:00-04:00,12.619606971740724,135.02999877929688,143.91893005371094,43.38847351074219,38.28240585327149
2014-08-19 00:00:00-04:00,12.619606971740724,134.89999389648438,143.43247985839844,43.638668060302734,38.41080474853516
2014-08-20 00:00:00-04:00,12.676785469055176,134.91000366210938,143.4901885986328,43.69932556152344,38.40324401855469
2014-08-21 00:00:00-04:00,13.199535369873049,136.80999755859375,144.41366577148438,44.351322174072266,38.73555755615234
2014-08-22 00:00:00-04:00,13.17503261566162,135.75,144.67750549316406,44.34375381469727,38.65248107910156
2014-08-25 00:00:00-04:00,13.3057222366333,136.22999572753906,146.65635681152344,44.9881706237793,38.85639190673828
2014-08-26 00:00:00-04:00,13.338393211364746,136.25,146.68109130859375,45.29142379760742,38.93945693969727
2014-08-27 00:00:00-04:00,13.232207298278809,136.52000427246094,147.06153869628906,45.17770767211914,38.7733154296875
2014-08-28 00:00:00-04:00,13.077014923095703,136.11000061035156,146.92918395996094,44.851707458496094,38.62981414794922
2014-08-29 00:00:00-04:00,13.142361640930176,137.25,148.13668823242188,45.071563720703125,38.84884262084961
2014-09-02 00:00:00-04:00,13.289386749267578,137.9600067138672,148.68258666992188,45.23834228515625,38.94701766967773
2014-09-03 00:00:00-04:00,13.19106674194336,137.72999572753906,148.5419464111328,45.26110076904297,38.931915283203125
2014-09-04 00:00:00-04:00,13.199260711669922,137.9499969482422,148.93896484375,45.2686767578125,38.94701766967773
2014-09-05 00:00:00-04:00,13.125521659851074,138.07000732421875,148.66603088378906,45.42030334472656,39.00742721557617
2014-09-08 00:00:00-04:00,13.39589786529541,138.27999877929688,148.96377563476562,45.40514755249024,38.87149810791016
2014-09-09 00:00:00-04:00,13.22383975982666,136.88999938964844,146.72242736816406,44.77588653564453,38.56940078735352
2014-09-10 00:00:00-04:00,13.404092788696287,137.72000122070312,148.7652587890625,44.897193908691406,38.90925979614258
2014-09-11 00:00:00-04:00,13.576149940490724,137.9199981689453,149.69989013671875,45.306602478027344,38.96211624145508
2014-09-12 00:00:00-04:00,13.756402015686035,137.08999633789062,151.4945831298828,45.51128768920898,39.04518508911133
2014-09-15 00:00:00-04:00,13.715432167053224,138.0399932861328,152.16455078125,45.44305038452149,39.2264518737793
2014-09-16 00:00:00-04:00,13.69084930419922,138.69000244140625,152.2141876220703,45.48096084594727,39.50587463378906
2014-09-17 00:00:00-04:00,13.740012168884276,139.61000061035156,152.85928344726562,45.72356414794922,39.65692901611328
2014-09-18 00:00:00-04:00,13.961226463317873,141.27999877929688,155.3983917236328,46.48929214477539,40.2082405090332
2014-09-19 00:00:00-04:00,13.887490272521973,140.55999755859375,154.0006103515625,46.330078125,40.29887390136719
2014-09-22 00:00:00-04:00,13.95303726196289,139.25999450683594,153.24801635742188,46.1784553527832,39.95146942138672
2014-09-23 00:00:00-04:00,13.969419479370115,138.77999877929688,153.08261108398438,46.2011947631836,39.34727478027344
2014-09-24 00:00:00-04:00,14.075932502746582,139.9499969482422,155.3321990966797,46.72430419921875,39.36994171142578
2014-09-25 00:00:00-04:00,13.805560111999512,137.08999633789062,152.2555389404297,45.602272033691406,38.82617950439453
2014-09-26 00:00:00-04:00,13.95303726196289,138.67999267578125,153.10739135742188,45.91311264038086,39.17358016967773
2014-09-29 00:00:00-04:00,13.936650276184082,138.3300018310547,152.0404510498047,45.73873901367188,39.037635803222656
2014-09-30 00:00:00-04:00,13.969419479370115,138.13999938964844,151.825439453125,45.67048645019531,39.17358016967773
2014-10-01 00:00:00-04:00,13.780975341796877,136.6199951171875,149.45176696777344,45.31417846679688,38.71289443969727
2014-10-02 00:00:00-04:00,13.830135345458984,137.63999938964844,151.2548370361328,44.90964889526367,38.81862258911133
2014-10-03 00:00:00-04:00,14.166058540344238,139.5,155.5472869873047,46.02399826049805,39.34727478027344
2014-10-06 00:00:00-04:00,14.166058540344238,139.16000366210938,155.05929565429688,45.932411193847656,39.2944221496582
2014-10-07 00:00:00-04:00,13.830135345458984,136.72000122070312,152.01564025878906,45.23785018920898,38.57695007324219
2014-10-08 00:00:00-04:00,14.026779174804688,139.94000244140625,154.36456298828125,46.10030746459961,39.38504409790039
2014-10-09 00:00:00-04:00,13.592535018920898,137.08999633789062,149.9231719970703,45.09283447265625,38.607154846191406
2014-10-10 00:00:00-04:00,13.502406120300291,136.75999450683594,149.18711853027344,44.66541290283203,38.24466323852539
2014-10-13 00:00:00-04:00,13.436860084533691,136.3800048828125,147.85549926757812,44.390625,37.9123649597168
2014-10-14 00:00:00-04:00,13.535181999206545,137.38999938964844,147.79763793945312,44.260887145996094,36.87769317626953
2014-10-15 00:00:00-04:00,12.91249656677246,135.63999938964844,146.59005737304688,42.383296966552734,36.137577056884766
2014-10-16 00:00:00-04:00,13.174678802490234,134.6999969482422,142.73593139648438,42.03983688354492,36.34904098510742
2014-10-17 00:00:00-04:00,13.281192779541016,137.08999633789062,146.3171844482422,42.894676208496094,36.77196502685547
2014-10-20 00:00:00-04:00,13.322155952453612,137.22999572753906,147.08633422851562,43.22285461425781,37.14202117919922
2014-10-21 00:00:00-04:00,13.600728034973145,138.97000122070312,149.02171325683594,44.215091705322266,38.10115432739258
2014-10-22 00:00:00-04:00,13.436860084533691,137.64999389648438,146.25100708007812,43.84872817993164,37.88969802856445
2014-10-23 00:00:00-04:00,13.600728034973145,138.67999267578125,148.9224395751953,44.31431579589844,38.21444320678711
2014-10-24 00:00:00-04:00,13.699047088623049,139.39999389648438,151.6434326171875,44.83331298828125,38.667579650878906
2014-10-27 00:00:00-04:00,13.592535018920898,139.52999877929688,152.1066436767578,44.75700378417969,38.75065994262695
2014-10-28 00:00:00-04:00,13.764586448669434,140.4600067138672,154.0999298095703,45.51261520385742,39.105613708496094
2014-10-29 00:00:00-04:00,13.920258522033691,139.99000549316406,153.9014129638672,45.25310134887695,39.40015411376953
2014-10-30 00:00:00-04:00,13.95303726196289,139.5399932861328,154.63746643066406,45.329437255859375,39.619171142578125
2014-10-31 00:00:00-04:00,14.05954933166504,140.16000366210938,157.13523864746094,46.161376953125,40.0949592590332
2014-11-03 00:00:00-05:00,14.149675369262695,140.80999755859375,157.82998657226562,46.46667098999024,40.30643081665039
2014-11-04 00:00:00-05:00,14.100508689880373,142.17999267578125,157.3668670654297,45.9858283996582,40.230899810791016
2014-11-05 00:00:00-05:00,14.207027435302734,142.9199981689453,157.01116943359375,46.672760009765625,40.69462966918945
2014-11-06 00:00:00-05:00,14.223410606384276,143.2899932861328,157.97059631347656,46.73381042480469,41.09754943847656
2014-11-07 00:00:00-05:00,14.223410606384276,143.61000061035156,157.73074340820312,46.91699600219727,40.93029022216797
2014-11-10 00:00:00-05:00,14.231600761413574,145.0500030517578,158.6322479248047,47.2680892944336,40.92269515991211
2014-11-11 00:00:00-05:00,14.190633773803713,144.9499969482422,158.6984405517578,46.84066390991211,40.73265075683594
2014-11-12 00:00:00-05:00,14.166058540344238,145.52000427246094,157.29237365722656,46.22244644165039,40.70222473144531
2014-11-13 00:00:00-05:00,14.1087064743042,146.2899932861328,157.3419952392578,45.97056579589844,40.58821105957031
2014-11-14 00:00:00-05:00,14.043158531188965,145.52000427246094,157.126953125,46.00872039794922,40.55778121948242
2014-11-17 00:00:00-05:00,14.002192497253418,145.3699951171875,157.08558654785156,46.085052490234375,40.62620544433594
2014-11-18 00:00:00-05:00,14.043158531188965,145.80999755859375,156.8457489013672,46.19954299926758,40.49698257446289
2014-11-19 00:00:00-05:00,13.977614402770996,145.64999389648438,156.47360229492188,46.25297546386719,40.56539916992188
2014-11-20 00:00:00-05:00,13.92845344543457,145.72000122070312,156.93675231933594,45.88661193847656,40.65662384033203
2014-11-21 00:00:00-05:00,14.026779174804688,146.6999969482422,156.80441284179688,46.138484954833984,40.907501220703125
2014-11-24 00:00:00-05:00,14.075932502746582,147.27000427246094,157.20143127441406,46.527740478515625,41.127960205078125
2014-11-25 00:00:00-05:00,14.010387420654297,147.80999755859375,156.20068359375,46.02399826049805,40.96071243286133
2014-11-26 00:00:00-05:00,14.018579483032228,148.19000244140625,155.91944885253906,46.05452728271485,41.26479721069336
2014-11-28 00:00:00-05:00,13.961226463317873,148.69000244140625,156.32603454589844,45.91715240478516,41.41684341430664
2014-12-01 00:00:00-05:00,13.756402015686035,148.52000427246094,156.15182495117188,45.79500961303711,40.91509628295898
2014-12-02 00:00:00-05:00,14.051350593566896,149.8699951171875,157.80288696289062,46.619327545166016,41.21919250488281
2014-12-03 00:00:00-05:00,14.207478523254396,149.72999572753906,158.43348693847656,46.97041702270508,41.34842300415039
2014-12-04 00:00:00-05:00,14.141737937927246,150.0500030517578,159.26319885253906,46.84830856323242,41.43205261230469
2014-12-05 00:00:00-05:00,14.527953147888184,150.67999267578125,162.1671600341797,47.85578918457031,41.83496475219727
2014-12-08 00:00:00-05:00,14.511513710021973,151.94000244140625,163.137939453125,47.8328971862793,41.63731002807617
2014-12-09 00:00:00-05:00,14.42934226989746,150.4600067138672,163.3619842529297,47.664981842041016,41.68291091918945
2014-12-10 00:00:00-05:00,14.28143310546875,149.0800018310547,159.3046875,46.31402587890625,41.24959945678711
2014-12-11 00:00:00-05:00,14.355388641357422,150.1300048828125,160.58241271972656,46.665130615234375,41.37882995605469
2014-12-12 00:00:00-05:00,14.076004028320312,146.4600067138672,156.66619873046875,45.8255500793457,40.82388305664063
2014-12-15 00:00:00-05:00,13.84592628479004,146.1199951171875,153.9447021484375,45.15388870239258,40.4361572265625
2014-12-16 00:00:00-05:00,13.73910140991211,145.27999877929688,152.094482421875,44.596710205078125,40.11687088012695
2014-12-17 00:00:00-05:00,14.18282699584961,148.4499969482422,153.52159118652344,45.61946868896485,40.89229583740234
2014-12-18 00:00:00-05:00,14.404692649841309,152.6699981689453,158.98110961914062,46.92462921142578,41.97180938720703
2014-12-19 00:00:00-05:00,14.478650093078612,151.55999755859375,160.36671447753906,47.2680892944336,41.39402770996094
2014-12-22 00:00:00-05:00,14.55259609222412,151.89999389648438,161.32919311523438,47.27572250366211,41.78934860229492
2014-12-23 00:00:00-05:00,14.733380317687988,151.75,162.20864868164062,47.687870025634766,42.16946792602539
2014-12-24 00:00:00-05:00,14.774466514587402,151.5399932861328,162.5322723388672,47.687870025634766,42.07062911987305
2014-12-26 00:00:00-05:00,14.774466514587402,151.35000610351562,162.1671600341797,47.74131774902344,42.02501678466797
2014-12-29 00:00:00-05:00,14.881290435791016,152.0500030517578,162.7811737060547,48.054237365722656,42.35190963745117
2014-12-30 00:00:00-05:00,14.897720336914062,152.08999633789062,162.38290405273438,48.199249267578125,42.131439208984375
2014-12-31 00:00:00-05:00,14.700509071350098,150.14999389648438,160.8230438232422,47.76420593261719,41.6753158569336
2015-01-02 00:00:00-05:00,14.708724975585938,149.1699981689453,161.30429077148438,48.00233840942383,41.58409118652344
2015-01-05 00:00:00-05:00,14.28143310546875,147.0,156.2679443359375,46.51210403442383,40.44377136230469
2015-01-06 00:00:00-05:00,13.854140281677246,146.83999633789062,153.1067352294922,45.30609893798828,39.59990692138672
2015-01-07 00:00:00-05:00,13.919878005981444,148.8800048828125,155.38844299316406,45.37522888183594,39.83559036254883
2015-01-08 00:00:00-05:00,14.207478523254396,151.3699951171875,157.86924743652344,46.389190673828125,40.71743392944336
2015-01-09 00:00:00-05:00,13.952747344970703,149.47000122070312,155.44654846191406,45.58263397216797,40.048439025878906
2015-01-12 00:00:00-05:00,13.706232070922852,148.27999877929688,153.55477905273438,45.190879821777344,39.56951141357422
2015-01-13 00:00:00-05:00,13.517234802246094,148.6300048828125,153.43862915039062,45.19855117797852,39.417457580566406
2015-01-14 00:00:00-05:00,13.180333137512209,147.82000732421875,149.53895568847656,43.63917922973633,38.96132659912109
2015-01-15 00:00:00-05:00,12.490089416503906,147.5800018310547,148.09524536132812,42.24113845825195,38.55841064453125
2015-01-16 00:00:00-05:00,12.638001441955566,149.2100067138672,147.04986572265625,42.96320724487305,39.2578010559082
2015-01-20 00:00:00-05:00,12.539392471313477,148.6300048828125,145.7222900390625,42.79420852661133,39.531497955322266
2015-01-21 00:00:00-05:00,12.662652969360352,147.17999267578125,146.98342895507812,42.932464599609375,39.60750961303711
2015-01-22 00:00:00-05:00,13.221417427062988,150.14999389648438,151.04078674316406,44.23835372924805,40.87709045410156
2015-01-23 00:00:00-05:00,12.9256010055542,149.1199951171875,149.75469970703125,43.53932189941406,40.489376068115234
2015-01-26 00:00:00-05:00,13.02420711517334,149.6999969482422,149.69659423828125,43.60847091674805,40.73265075683594
2015-01-27 00:00:00-05:00,12.843428611755373,147.64999389648438,146.4358673095703,43.17060852050781,40.26890563964844
2015-01-28 00:00:00-05:00,12.490089416503906,144.77999877929688,143.58169555664062,42.05677795410156,39.65312957763672
2015-01-29 00:00:00-05:00,12.67908763885498,146.2899932861328,146.02099609375,42.76348114013672,40.109256744384766
2015-01-30 00:00:00-05:00,12.44900608062744,143.91000366210938,143.0506134033203,41.77255630493164,39.47067260742188
2015-02-02 00:00:00-05:00,12.7037353515625,146.72999572753906,145.60614013671875,42.6098518371582,40.147274017333984
2015-02-03 00:00:00-05:00,13.05707550048828,148.2899932861328,149.54725646972656,43.57004928588867,40.63380432128906
2015-02-04 00:00:00-05:00,12.974905014038086,147.52999877929688,148.3358917236328,43.308876037597656,40.58024597167969
2015-02-05 00:00:00-05:00,13.122814178466797,149.6699981689453,149.9870147705078,43.60847091674805,41.06999588012695
2015-02-06 00:00:00-05:00,13.550106048583984,150.17999267578125,152.19403076171875,44.46879959106445,41.66687774658203
2015-02-09 00:00:00-05:00,13.435065269470217,149.1300048828125,151.1901092529297,44.4150276184082,41.48323059082031
2015-02-10 00:00:00-05:00,13.49258804321289,149.9199981689453,153.13162231445312,44.90665054321289,41.75870132446289
2015-02-11 00:00:00-05:00,13.443283081054688,149.67999267578125,155.6954345703125,44.83751678466797,41.24599838256836
2015-02-12 00:00:00-05:00,13.698015213012695,149.7899932861328,157.4627227783203,45.7593002319336,41.98062133789063
2015-02-13 00:00:00-05:00,13.648712158203123,148.33999633789062,156.8155517578125,45.83612060546875,42.34028244018555
2015-02-17 00:00:00-05:00,13.665141105651855,149.1699981689453,157.66183471679688,46.16643905639648,42.37089538574219
2015-02-18 00:00:00-05:00,13.393977165222168,148.6699981689453,156.54171752929688,45.60567855834961,41.72044372558594
2015-02-19 00:00:00-05:00,13.320026397705078,147.47999572753906,156.90679931640625,45.49813079833984,41.75104522705078
2015-02-20 00:00:00-05:00,13.45971393585205,148.72000122070312,158.89810180664062,45.93598937988281,41.9576530456543
2015-02-23 00:00:00-05:00,13.311805725097656,147.3699951171875,157.90245056152344,45.590309143066406,42.16427230834961
2015-02-24 00:00:00-05:00,13.45971393585205,148.9499969482422,159.48724365234375,46.71950912475586,42.37089538574219
2015-02-25 00:00:00-05:00,13.550106048583984,148.77999877929688,159.07235717773438,46.96531295776367,42.34028244018555
2015-02-26 00:00:00-05:00,13.180333137512209,148.33999633789062,159.9712371826172,47.30330276489258,42.20254135131836
2015-02-27 00:00:00-05:00,12.991337776184082,147.41000366210938,157.96536254882812,47.072872161865234,41.92704772949219
2015-03-02 00:00:00-05:00,13.155680656433104,147.0800018310547,159.6299591064453,47.44926071166992,42.50864410400391
2015-03-03 00:00:00-05:00,13.180333137512209,145.92999267578125,159.19717407226562,47.6029052734375,42.43210983276367
2015-03-04 00:00:00-05:00,13.056690216064451,144.9199981689453,157.86550903320312,47.725807189941406,41.95001220703125
2015-03-05 00:00:00-05:00,13.188578605651855,146.05999755859375,158.20675659179688,47.62594223022461,41.96530532836914
2015-03-06 00:00:00-05:00,13.369918823242188,145.27999877929688,155.5682830810547,46.77328109741211,41.77400970458984
2015-03-09 00:00:00-04:00,13.328705787658691,146.1300048828125,156.4172821044922,47.24185180664063,41.83522415161133
2015-03-10 00:00:00-04:00,13.01547908782959,143.19000244140625,152.07257080078125,46.05888748168945,40.77921295166016
2015-03-11 00:00:00-04:00,13.27924919128418,143.44000244140625,153.29605102539062,46.273963928222656,41.092960357666016
2015-03-12 00:00:00-04:00,13.262761116027832,145.6699981689453,158.09854125976562,47.14198303222656,42.539249420166016
2015-03-13 00:00:00-04:00,13.262761116027832,143.97000122070312,157.59083557128906,46.8577766418457,42.34792709350586
2015-03-16 00:00:00-04:00,13.295733451843262,145.97999572753906,159.7215576171875,47.510704040527344,42.64636993408203
2015-03-17 00:00:00-04:00,13.262761116027832,144.75,158.6145782470703,47.32635498046875,42.784122467041016
2015-03-18 00:00:00-04:00,13.172088623046877,146.0,160.07110595703125,47.43388748168945,42.98308181762695
2015-03-19 00:00:00-04:00,12.867103576660156,144.8800048828125,158.11517333984375,47.01140213012695,42.47802734375
2015-03-20 00:00:00-04:00,13.056690216064451,145.52999877929688,160.74530029296875,47.43388748168945,42.86063766479492
2015-03-23 00:00:00-04:00,12.957776069641112,145.55999755859375,159.771484375,46.96531295776367,42.68463134765625
2015-03-24 00:00:00-04:00,12.867103576660156,144.2899932861328,159.2054901123047,46.44297409057617,42.35558319091797
2015-03-25 00:00:00-04:00,12.70224666595459,143.55999755859375,155.9345245361328,45.79002380371094,41.73574447631836
2015-03-26 00:00:00-04:00,12.710489273071287,143.02999877929688,155.8429718017578,45.73625564575195,41.70514297485352
2015-03-27 00:00:00-04:00,12.619818687438965,143.88999938964844,156.52545166015625,45.743934631347656,41.41435241699219
2015-03-30 00:00:00-04:00,12.792919158935549,145.97999572753906,158.98910522460938,46.8270378112793,41.911746978759766
2015-03-31 00:00:00-04:00,12.685761451721191,144.32000732421875,156.45059204101562,46.53516006469727,41.62860870361328
2015-04-01 00:00:00-04:00,12.70224666595459,143.4499969482422,159.99623107910156,46.35729217529297,41.27660369873047
2015-04-02 00:00:00-04:00,12.809408187866213,143.55999755859375,159.4302520751953,46.79805374145508,41.60566329956055
2015-04-06 00:00:00-04:00,12.784677505493164,143.75999450683594,159.84640502929688,46.75939178466797,41.38374710083008
2015-04-07 00:00:00-04:00,12.743460655212402,143.05999755859375,160.1294403076172,47.0532341003418,41.33782577514648
2015-04-08 00:00:00-04:00,12.867103576660156,143.27999877929688,160.27085876464844,47.207889556884766,41.32252883911133
2015-04-09 00:00:00-04:00,12.949530601501465,143.64999389648438,162.21018981933594,47.532657623291016,41.46791458129883
2015-04-10 00:00:00-04:00,12.957776069641112,143.5,162.83444213867188,47.71051406860352,41.5674057006836
2015-04-13 00:00:00-04:00,13.023719787597656,143.4600067138672,162.7845458984375,47.996620178222656,41.77400970458984
2015-04-14 00:00:00-04:00,13.040203094482422,142.75,164.56565856933594,48.74668502807617,41.46791458129883
2015-04-15 00:00:00-04:00,12.891833305358888,142.7100067138672,167.37889099121094,49.65140914916992,41.94235610961914
2015-04-16 00:00:00-04:00,13.01547908782959,142.10000610351562,166.63807678222656,49.34210205078125,41.94235610961914
2015-04-17 00:00:00-04:00,12.825891494750977,140.6999969482422,164.2576904296875,48.59203338623047,41.36079025268555
2015-04-20 00:00:00-04:00,12.834132194519045,142.08999633789062,164.88192749023438,48.90133666992188,41.59800720214844
2015-04-21 00:00:00-04:00,12.7764310836792,141.13999938964844,163.8331756591797,48.18220520019531,41.53679275512695
2015-04-22 00:00:00-04:00,12.974260330200195,141.99000549316406,165.0650634765625,48.66934967041016,41.83522415161133
2015-04-23 00:00:00-04:00,12.933049201965332,142.42999267578125,165.88905334472656,48.56110000610352,41.98062133789063
2015-04-24 00:00:00-04:00,12.891833305358888,142.08999633789062,164.7903594970703,48.40644454956055,41.858184814453125
2015-04-27 00:00:00-04:00,12.825891494750977,141.08999633789062,163.56683349609375,48.20540618896485,42.06479644775391
2015-04-28 00:00:00-04:00,12.900073051452637,142.52000427246094,164.374267578125,48.53017044067383,42.40150451660156
2015-04-29 00:00:00-04:00,13.172088623046877,142.41000366210938,165.26478576660156,49.179718017578125,42.43976593017578
2015-04-30 00:00:00-04:00,13.130876541137695,141.2100067138672,163.483642578125,48.91680145263672,42.16427230834961
2015-05-01 00:00:00-04:00,13.27924919128418,143.36000061035156,164.4075164794922,49.18743515014648,42.23314666748047
2015-05-04 00:00:00-04:00,13.551261901855469,146.14999389648438,165.88070678710938,50.04577255249024,42.64636993408203
2015-05-05 00:00:00-04:00,13.477075576782228,144.55999755859375,164.207763671875,49.7983283996582,42.63872528076172
2015-05-06 00:00:00-04:00,13.427619934082031,143.77999877929688,163.34217834472656,49.42715835571289,42.31129837036133
2015-05-07 00:00:00-04:00,13.386407852172852,145.30999755859375,164.29100036621094,49.87566757202149,42.22654724121094
2015-05-08 00:00:00-04:00,13.559503555297852,148.30999755859375,166.87945556640625,50.64119338989258,43.1818733215332
2015-05-11 00:00:00-04:00,13.59247589111328,146.1699981689453,167.9032440185547,50.610260009765625,42.76583862304688
2015-05-12 00:00:00-04:00,13.543017387390137,144.7899932861328,166.90443420410156,50.54066467285156,42.73502349853516
2015-05-13 00:00:00-04:00,13.57598876953125,144.25999450683594,167.65353393554688,50.66438293457031,42.83517837524414
2015-05-14 00:00:00-04:00,13.617204666137695,145.77999877929688,168.64395141601562,51.074214935302734,43.17415237426758
2015-05-15 00:00:00-04:00,13.477075576782228,145.25999450683594,168.93531799316406,50.94275665283203,42.77355194091797
2015-05-18 00:00:00-04:00,13.608965873718262,145.8300018310547,170.34193420410156,51.36033248901367,42.95073318481445
2015-05-19 00:00:00-04:00,13.823277473449709,146.5399932861328,170.95782470703125,51.8165397644043,43.45150375366211
2015-05-20 00:00:00-04:00,13.798547744750977,145.94000244140625,170.6914825439453,51.40672302246094,43.204986572265625
2015-05-21 00:00:00-04:00,13.79030418395996,145.27000427246094,170.5832977294922,51.538185119628906,43.15104675292969
2015-05-22 00:00:00-04:00,13.806790351867676,144.60000610351562,172.95538330078125,51.39899063110352,43.14334487915039
2015-05-26 00:00:00-04:00,13.600719451904297,143.6300048828125,171.7735137939453,50.826786041259766,42.88140106201172
2015-05-27 00:00:00-04:00,13.798547744750977,144.75,174.004150390625,51.39899063110352,43.197265625
2015-05-28 00:00:00-04:00,13.740848541259766,144.74000549316406,174.06259155273438,51.19021987915039,43.30514144897461
2015-05-29 00:00:00-04:00,13.600719451904297,143.0,172.150634765625,50.86543273925781,43.11253356933594
2015-06-01 00:00:00-04:00,13.64193630218506,143.35000610351562,173.5031280517578,51.097412109375,43.17415237426758
2015-06-02 00:00:00-04:00,13.782063484191896,143.02999877929688,172.3509979248047,51.05101776123047,43.28203201293945
2015-06-03 00:00:00-04:00,13.997021675109863,143.19000244140625,173.90391540527344,51.576847076416016,43.844425201416016
2015-06-04 00:00:00-04:00,13.873004913330078,141.3699951171875,174.38819885253906,51.29072952270508,43.25121307373047
2015-06-05 00:00:00-04:00,14.211976051330566,140.75999450683594,175.7073211669922,52.13359451293945,43.61330032348633
2015-06-08 00:00:00-04:00,14.12103271484375,139.52000427246094,175.15631103515625,51.7237663269043,43.23579788208008
2015-06-09 00:00:00-04:00,14.311187744140623,139.6300048828125,174.51341247558594,51.9480094909668,43.68263626098633
2015-06-10 00:00:00-04:00,14.542678833007812,140.86000061035156,177.9448699951172,52.78313827514648,44.07555389404297
2015-06-11 00:00:00-04:00,14.460000991821287,141.36000061035156,178.62118530273438,52.98418426513672,44.11406326293945
2015-06-12 00:00:00-04:00,14.460000991821287,140.2899932861328,177.88644409179688,52.77540588378906,43.983097076416016
2015-06-15 00:00:00-04:00,14.44347095489502,139.39999389648438,176.80105590820312,52.57434844970703,43.89836120605469
2015-06-16 00:00:00-04:00,14.509607315063477,139.7100067138672,178.3038787841797,52.868202209472656,44.083251953125
2015-06-17 00:00:00-04:00,14.360790252685549,139.97000122070312,177.7779083251953,52.69034576416016,44.04472351074219
2015-06-18 00:00:00-04:00,14.369060516357422,142.6699981689453,179.17225646972656,53.18524169921875,44.45305633544922
2015-06-19 00:00:00-04:00,14.195439338684082,140.9600067138672,177.99497985839844,52.64395523071289,43.95228958129883
2015-06-22 00:00:00-04:00,14.44347095489502,141.52999877929688,180.7669219970703,53.32441711425781,44.61484146118164
2015-06-23 00:00:00-04:00,14.60881805419922,141.3300018310547,182.34487915039065,53.93531036376953,44.59943771362305
2015-06-24 00:00:00-04:00,14.460000991821287,140.08999633789062,179.0302734375,53.37081146240234,44.32979202270508
2015-06-25 00:00:00-04:00,14.360790252685549,139.4499969482422,177.68609619140625,53.084716796875,44.04472351074219
2015-06-26 00:00:00-04:00,14.393860816955566,139.77999877929688,177.97828674316406,53.31666946411133,44.25275421142578
2015-06-29 00:00:00-04:00,13.963947296142578,136.50999450683594,173.36965942382812,51.96346664428711,43.1895637512207
2015-06-30 00:00:00-04:00,14.07142734527588,136.11000061035156,174.3213653564453,52.3965072631836,43.32823944091797
2015-07-01 00:00:00-04:00,14.236781120300291,137.52000427246094,175.28150939941406,52.98024368286133,43.844425201416016
2015-07-02 00:00:00-04:00,14.079693794250488,137.38999938964844,174.66368103027344,52.55215835571289,43.71345520019531
2015-07-06 00:00:00-04:00,14.005284309387209,136.88999938964844,173.69517517089844,52.40428924560547,43.48233795166016
2015-07-07 00:00:00-04:00,13.79859733581543,138.44000244140625,173.837158203125,51.99177932739258,43.33595657348633
2015-07-08 00:00:00-04:00,13.434822082519531,136.89999389648438,170.3722686767578,50.925479888916016,42.56553268432617
2015-07-09 00:00:00-04:00,13.62497615814209,138.25,170.99842834472656,51.45472717285156,42.75813293457031
2015-07-10 00:00:00-04:00,13.806866645812988,139.72999572753906,172.98550415039062,52.18635177612305,43.204986572265625
2015-07-13 00:00:00-04:00,14.07142734527588,141.38999938964844,175.43179321289062,52.99580383300781,43.71345520019531
2015-07-14 00:00:00-04:00,14.16236686706543,141.1199951171875,177.1350555419922,53.7352294921875,44.10636901855469
2015-07-15 00:00:00-04:00,14.61709213256836,142.61000061035156,177.80294799804688,53.85197830200195,44.51469039916992
2015-07-16 00:00:00-04:00,14.840310096740724,143.9199981689453,176.31678771972656,54.13994216918945,44.81513977050781
2015-07-17 00:00:00-04:00,14.964326858520508,143.8800048828125,177.3855438232422,53.86752700805664,44.63795852661133
2015-07-20 00:00:00-04:00,14.980862617492676,144.50999450683594,177.3271026611328,53.90644454956055,44.72270202636719
2015-07-21 00:00:00-04:00,14.947790145874023,143.60000610351562,176.58396911621094,53.78191375732422,44.64566421508789
2015-07-22 00:00:00-04:00,15.253690719604492,143.52000427246094,178.04505920410156,54.544677734375,45.08480072021485
2015-07-23 00:00:00-04:00,15.030467987060549,142.17999267578125,176.20828247070312,54.20220947265625,44.845970153808594
2015-07-24 00:00:00-04:00,14.79897403717041,141.25,173.11912536621094,53.6340217590332,44.51469039916992
2015-07-27 00:00:00-04:00,14.60881805419922,140.72000122070312,171.17373657226562,52.93354415893555,44.36830139160156
2015-07-28 00:00:00-04:00,14.78243637084961,143.22000122070312,172.19235229492188,52.96467971801758,44.22192001342773
2015-07-29 00:00:00-04:00,15.013933181762695,142.9199981689453,172.6933135986328,53.65737915039063,44.65337371826172
2015-07-30 00:00:00-04:00,14.989126205444336,142.85000610351562,172.993896484375,53.7352294921875,44.79973983764648
2015-07-31 00:00:00-04:00,14.78243637084961,142.74000549316406,171.21551513671875,53.33826446533203,44.584022521972656
2015-08-03 00:00:00-04:00,14.691493034362791,142.3300018310547,170.89822387695312,53.33826446533203,44.61484146118164
2015-08-04 00:00:00-04:00,14.71629810333252,142.67999267578125,171.2989959716797,53.28378677368164,44.54550552368164
2015-08-05 00:00:00-04:00,14.774169921875,143.5,171.74151611328125,53.49394226074219,44.70447540283203
2015-08-06 00:00:00-04:00,14.724566459655762,143.35000610351562,171.23220825195312,53.1203498840332,44.61140823364258
2015-08-07 00:00:00-04:00,14.674959182739258,143.5500030517578,169.85462951660156,52.96467971801758,44.56489181518555
2015-08-10 00:00:00-04:00,14.91472339630127,143.4199981689453,171.96690368652344,53.618465423583984,44.92935562133789
2015-08-11 00:00:00-04:00,14.708032608032228,142.8000030517578,168.40182495117188,53.10477066040039,44.363277435302734
2015-08-12 00:00:00-04:00,14.484806060791016,141.60000610351562,167.92593383789062,52.3342399597168,43.983306884765625
2015-08-13 00:00:00-04:00,14.56748867034912,141.9499969482422,167.6002960205078,52.57552337646485,44.11512756347656
2015-08-14 00:00:00-04:00,14.633626937866213,142.57000732421875,168.6690216064453,52.840145111083984,44.45631790161133
2015-08-17 00:00:00-04:00,14.691493034362791,142.32000732421875,169.1282196044922,52.98024368286133,44.471824645996094
2015-08-18 00:00:00-04:00,14.62535572052002,141.36000061035156,167.96771240234375,53.08921432495117,44.619171142578125
2015-08-19 00:00:00-04:00,14.43520164489746,140.47000122070312,167.7756805419922,52.61442947387695,44.2469482421875
2015-08-20 00:00:00-04:00,13.823400497436523,138.38999938964844,164.26905822753906,51.32241821289063,43.51803588867188
2015-08-21 00:00:00-04:00,13.310809135437012,134.22000122070312,156.74649047851562,49.50114822387695,41.85082626342773
2015-08-24 00:00:00-04:00,12.641132354736328,129.57000732421875,149.83338928222656,46.89377975463867,39.74160385131836
2015-08-25 00:00:00-04:00,12.616332054138184,127.73999786376952,148.798095703125,46.629150390625,38.78782272338867
2015-08-26 00:00:00-04:00,13.27773666381836,132.61000061035156,153.95785522460938,48.96411895751953,40.55583953857422
2015-08-27 00:00:00-04:00,13.591909408569336,136.22999572753906,157.9738311767578,50.18608474731445,41.89736557006836
2015-08-28 00:00:00-04:00,13.525769233703612,135.74000549316406,157.29519653320312,49.91365814208984,41.51737976074219
2015-08-31 00:00:00-04:00,13.50922966003418,134.0399932861328,158.0072784423828,49.89031219482422,41.35455322265625
2015-09-01 00:00:00-04:00,12.880894660949709,130.41000366210938,152.5784149169922,47.82777404785156,39.54000854492188
2015-09-02 00:00:00-04:00,13.146309852600098,132.22000122070312,154.5807647705078,48.69948196411133,40.3154411315918
2015-09-03 00:00:00-04:00,13.220955848693848,132.14999389648438,155.04147338867188,48.785099029541016,40.65663909912109
2015-09-04 00:00:00-04:00,12.980423927307127,129.63999938964844,151.1206512451172,47.86668014526367,39.77263641357422
2015-09-08 00:00:00-04:00,13.403429985046388,132.89999389648438,155.72853088378906,49.158687591552734,41.04436111450195
2015-09-09 00:00:00-04:00,13.187783241271973,130.58999633789062,155.56092834472656,48.39593124389648,40.47053146362305
2015-09-10 00:00:00-04:00,13.303898811340332,130.66000366210938,155.753662109375,48.76953506469727,40.757450103759766
2015-09-11 00:00:00-04:00,13.303898811340332,131.3699951171875,155.21746826171875,48.69170379638672,40.80398178100586
2015-09-14 00:00:00-04:00,13.237546920776367,130.89999389648438,154.10321044921875,48.55161285400391,40.92029571533203
2015-09-15 00:00:00-04:00,13.527843475341797,132.25999450683594,157.04385375976562,49.485595703125,41.46310424804688
2015-09-16 00:00:00-04:00,13.544431686401367,132.5800018310547,158.0408172607422,49.92144012451172,41.6569709777832
2015-09-17 00:00:00-04:00,13.154605865478516,131.47000122070312,156.20602416992188,48.761749267578125,40.48604583740234
2015-09-18 00:00:00-04:00,12.90577793121338,129.10000610351562,151.58982849121094,47.43082427978516,39.57878112792969
2015-09-21 00:00:00-04:00,13.021895408630373,130.97999572753906,153.6089324951172,47.82777404785156,39.97425079345703
2015-09-22 00:00:00-04:00,12.914071083068848,129.3000030517578,150.56773376464844,47.40747833251953,39.3073616027832
2015-09-23 00:00:00-04:00,13.038485527038574,129.16000366210938,150.30799865722656,47.19731903076172,39.37715530395508
2015-09-24 00:00:00-04:00,12.89748477935791,128.8300018310547,148.2135772705078,46.87043380737305,39.19880294799805
2015-09-25 00:00:00-04:00,13.179485321044922,129.63999938964844,150.65988159179688,47.84333419799805,39.91997146606445
2015-09-28 00:00:00-04:00,12.83112621307373,128.6199951171875,144.9545440673828,46.68363952636719,39.05921936035156
2015-09-29 00:00:00-04:00,12.73159885406494,128.80999755859375,143.98268127441406,46.57465744018555,39.46246337890625
2015-09-30 00:00:00-04:00,12.92236614227295,130.39999389648438,145.57449340820312,47.45417785644531,39.81915283203125
2015-10-01 00:00:00-04:00,12.89748477935791,129.8800048828125,147.4679412841797,47.804420471191406,39.888946533203125
2015-10-02 00:00:00-04:00,12.756484031677246,129.8300018310547,148.2973175048828,47.671142578125,39.74936676025391
2015-10-05 00:00:00-04:00,13.01360321044922,132.3800048828125,151.38876342773438,48.61970901489258,40.64113998413086
2015-10-06 00:00:00-04:00,13.01360321044922,131.19000244140625,151.07041931152344,48.64323043823242,40.34646987915039
2015-10-07 00:00:00-04:00,13.063366889953612,132.67999267578125,152.6705780029297,48.70594024658203,40.47053146362305
2015-10-08 00:00:00-04:00,13.063366889953612,133.75,151.69874572753906,48.70594024658203,40.741947174072266
2015-10-09 00:00:00-04:00,12.92236614227295,133.02999877929688,150.1237335205078,48.54914855957031,40.4317741394043
2015-10-12 00:00:00-04:00,12.872601509094238,133.39999389648438,150.99501037597656,48.384525299072266,40.4627799987793
2015-10-13 00:00:00-04:00,12.872601509094238,132.19000244140625,151.61500549316406,48.25126266479492,40.21464538574219
2015-10-14 00:00:00-04:00,12.972132682800291,131.17999267578125,150.391845703125,47.02832412719727,39.93548202514648
2015-10-15 00:00:00-04:00,13.428312301635742,133.8000030517578,154.95777893066406,48.517799377441406,40.85823822021485
2015-10-16 00:00:00-04:00,13.370253562927246,133.80999755859375,155.1420440673828,48.94112014770508,41.00559997558594
2015-10-19 00:00:00-04:00,13.386842727661133,133.6199951171875,155.61122131347656,48.77649688720703,40.757450103759766
2015-10-20 00:00:00-04:00,13.436606407165527,134.16000366210938,155.41854858398438,49.011680603027344,41.16068649291992
2015-10-21 00:00:00-04:00,13.187783241271973,133.22000122070312,150.55096435546875,48.65106964111328,41.19168472290039
2015-10-22 00:00:00-04:00,13.403429985046388,137.2899932861328,153.7848663330078,49.53691482543945,41.92061233520508
2015-10-23 00:00:00-04:00,13.702020645141602,137.77999877929688,155.41012573242188,50.06999206542969,42.4556884765625
2015-10-26 00:00:00-04:00,13.69372844696045,137.0,156.6752166748047,50.09352111816406,42.09897613525391
2015-10-27 00:00:00-04:00,13.602487564086914,135.6300048828125,156.08877563476562,49.88967514038086,41.96714401245117
2015-10-28 00:00:00-04:00,14.332379341125488,138.16000366210938,160.28611755371094,51.34780502319336,42.99848556518555
2015-10-29 00:00:00-04:00,14.17479133605957,137.88999938964844,159.0880584716797,51.12046051025391,42.71932601928711
2015-10-30 00:00:00-04:00,13.917669296264648,136.02000427246094,157.08570861816406,50.36788177490234,41.9826545715332
2015-11-02 00:00:00-05:00,14.149908065795898,138.39999389648438,158.912109375,51.379154205322266,42.53322219848633
2015-11-03 00:00:00-05:00,14.24943733215332,137.94000244140625,159.75830078125,51.56731414794922,42.59525680541992
2015-11-04 00:00:00-05:00,14.108438491821287,137.42999267578125,160.56256103515625,51.62218475341797,42.614776611328125
2015-11-05 00:00:00-05:00,14.35726261138916,136.57000732421875,160.87257385253906,52.084720611572266,42.83339691162109
2015-11-06 00:00:00-05:00,14.888089179992676,136.3300018310547,166.86273193359375,53.668251037597656,43.60637283325195
2015-11-09 00:00:00-05:00,14.66415309906006,134.0,164.8436737060547,52.82945251464844,43.309669494628906
2015-11-10 00:00:00-05:00,14.80515193939209,134.72999572753906,165.72337341308594,53.05678176879883,43.6532096862793
2015-11-11 00:00:00-05:00,14.722207069396973,134.9600067138672,165.37147521972656,52.79808044433594,43.56732177734375
2015-11-12 00:00:00-05:00,14.407025337219238,132.77999877929688,161.5008544921875,51.73976516723633,43.07543563842773
2015-11-13 00:00:00-05:00,14.26602840423584,131.9600067138672,159.50698852539062,51.39483642578125,42.60696029663086
2015-11-16 00:00:00-05:00,14.456796646118164,133.3000030517578,160.98983764648438,52.13958358764648,43.15351486206055
2015-11-17 00:00:00-05:00,14.448498725891112,133.08999633789062,159.65777587890625,51.8416862487793,42.91147613525391
2015-11-18 00:00:00-05:00,14.796857833862305,136.22000122070312,162.2465362548828,52.876495361328125,43.4658317565918
2015-11-19 00:00:00-05:00,14.672443389892578,136.6300048828125,161.71871948242188,53.04111099243164,43.70004653930664
2015-11-20 00:00:00-05:00,14.63926887512207,136.6300048828125,160.41175842285156,52.947025299072266,43.58293151855469
2015-11-23 00:00:00-05:00,14.489973068237305,135.99000549316406,158.5015869140625,52.42963409423828,43.41115951538086
2015-11-24 00:00:00-05:00,14.489973068237305,135.5399932861328,158.0659637451172,52.35124588012695,43.161319732666016
2015-11-25 00:00:00-05:00,14.465091705322266,135.1300048828125,158.4680633544922,52.41395950317383,43.114479064941406
2015-11-27 00:00:00-05:00,14.49826431274414,134.6300048828125,159.573974609375,52.65697860717773,43.24720764160156
2015-11-30 00:00:00-05:00,14.456796646118164,134.08999633789062,159.74209594726562,52.27284240722656,43.02077865600586
2015-12-01 00:00:00-05:00,14.771973609924316,136.42999267578125,162.3061065673828,53.00190734863281,43.497047424316406
2015-12-02 00:00:00-05:00,14.65553379058838,135.27000427246094,159.94381713867188,52.25717544555664,43.00516128540039
2015-12-03 00:00:00-05:00,14.38936710357666,132.66000366210938,155.6901397705078,51.582984924316406,42.31808090209961
2015-12-04 00:00:00-05:00,14.805243492126465,136.47999572753906,159.71690368652344,53.22140502929688,43.4658317565918
2015-12-07 00:00:00-05:00,14.588985443115234,135.60000610351562,155.93389892578125,52.523712158203125,43.2706184387207
2015-12-08 00:00:00-05:00,14.297874450683594,133.36000061035156,153.77342224121094,51.70841217041016,42.4742431640625
2015-12-09 00:00:00-05:00,14.223014831542969,131.7100067138672,151.91555786132812,51.31645584106445,42.255619049072266
2015-12-10 00:00:00-05:00,14.306191444396973,131.7100067138672,153.09251403808594,51.43404006958008,42.42739486694336
2015-12-11 00:00:00-05:00,13.915265083312988,130.30999755859375,148.42686462402344,50.22677230834961,41.62318801879883
2015-12-14 00:00:00-05:00,13.97348690032959,132.02000427246094,148.2923126220703,50.38356018066406,41.53731155395508
2015-12-15 00:00:00-05:00,14.489174842834473,134.8800048828125,153.00848388671875,51.81816482543945,42.87242889404297
2015-12-16 00:00:00-05:00,14.763654708862305,135.8800048828125,156.53916931152344,52.93920516967773,43.60637283325195
2015-12-17 00:00:00-05:00,14.38936710357666,133.97000122070312,153.51278686523438,51.95927429199219,43.309669494628906
2015-12-18 00:00:00-05:00,13.940216064453123,129.52999877929688,147.52731323242188,50.485469818115234,41.99796676635742
2015-12-21 00:00:00-05:00,14.114888191223145,131.19000244140625,149.42721557617188,51.379154205322266,42.17753982543945
2015-12-22 00:00:00-05:00,14.206379890441896,133.13999938964844,151.36073303222656,51.488914489746094,42.42739486694336
2015-12-23 00:00:00-05:00,14.422640800476074,134.14999389648438,153.7986602783203,52.31205368041992,42.97394180297852
2015-12-24 00:00:00-05:00,14.364416122436523,133.88999938964844,153.39517211914062,52.21013641357422,42.80216217041016
2015-12-28 00:00:00-05:00,14.247964859008787,133.1199951171875,152.68057250976562,52.03767776489258,42.6928596496582
2015-12-29 00:00:00-05:00,14.372730255126951,134.13999938964844,154.2862091064453,52.57858657836914,43.16912078857422
2015-12-30 00:00:00-05:00,14.181425094604492,133.25999450683594,153.00848388671875,52.20230102539063,42.85681915283203
2015-12-31 00:00:00-05:00,13.998438835144045,132.0399932861328,151.5120391845703,51.76328659057617,42.44301223754883
2016-01-04 00:00:00-05:00,13.66573715209961,130.75,148.91445922851562,50.20858001708984,41.310882568359375
2016-01-05 00:00:00-05:00,13.66573715209961,131.25,146.35037231445312,50.29538345336914,41.29526138305664
2016-01-06 00:00:00-05:00,13.374626159667969,131.3300018310547,142.77760314941406,49.56932067871094,40.50667572021485
2016-01-07 00:00:00-05:00,12.892206192016602,129.47999572753906,138.3893585205078,47.56477737426758,39.35113143920898
2016-01-08 00:00:00-05:00,12.642678260803224,128.3300018310547,137.8177490234375,46.499359130859375,38.69528579711914
2016-01-11 00:00:00-05:00,12.734173774719238,128.36000061035156,139.32249450683594,46.42833709716797,39.10909271240234
2016-01-12 00:00:00-05:00,12.734173774719238,128.8000030517578,139.30569458007812,46.53093338012695,40.100677490234375
2016-01-13 00:00:00-05:00,12.393153190612791,126.25,133.6564483642578,45.25244140625,38.828006744384766
2016-01-14 00:00:00-05:00,12.468010902404783,128.07000732421875,135.6740264892578,45.931129455566406,39.538516998291016
2016-01-15 00:00:00-05:00,12.027178764343262,126.13999938964844,130.81503295898438,45.01567840576172,38.11751556396485
2016-01-19 00:00:00-05:00,11.844192504882812,127.76000213623048,131.83221435546875,44.992000579833984,37.64122772216797
2016-01-20 00:00:00-05:00,11.386728286743164,124.83000183105467,129.25137329101562,43.80820083618164,37.375770568847656
2016-01-21 00:00:00-05:00,11.112245559692385,125.62000274658205,127.48599243164062,43.60303115844727,37.48507690429688
2016-01-22 00:00:00-05:00,11.278602600097656,127.04000091552734,131.86587524414062,44.94464492797852,38.2736701965332
2016-01-25 00:00:00-05:00,10.779546737670898,124.12999725341795,127.04043579101562,43.92658615112305,37.21181106567383
2016-01-26 00:00:00-05:00,11.070660591125488,125.88999938964844,129.83982849121094,45.04724884033203,37.68026351928711
2016-01-27 00:00:00-05:00,11.112245559692385,125.19000244140624,129.22613525390625,45.01567840576172,37.922306060791016
2016-01-28 00:00:00-05:00,11.253649711608888,126.01000213623048,132.03399658203125,45.20508193969727,38.19557571411133
2016-01-29 00:00:00-05:00,11.761019706726074,129.77000427246094,135.81690979003906,46.95709991455078,39.21840286254883
2016-02-01 00:00:00-05:00,11.61130428314209,128.66000366210938,134.21128845214844,46.45201110839844,38.99197006225586
2016-02-02 00:00:00-05:00,11.004122734069824,125.6999969482422,127.52804565429688,45.00778198242188,38.12530517578125
2016-02-03 00:00:00-05:00,10.837770462036133,126.23999786376952,128.35186767578125,45.30768203735352,37.452579498291016
2016-02-04 00:00:00-05:00,11.020756721496582,127.44000244140624,131.5547637939453,46.088985443115234,37.96402359008789
2016-02-05 00:00:00-05:00,10.771227836608888,126.55999755859376,131.53799438476562,45.57600021362305,37.65715789794922
2016-02-08 00:00:00-05:00,10.205636978149414,126.77999877929688,125.46843719482422,44.621070861816406,36.58708190917969
2016-02-09 00:00:00-05:00,10.147412300109863,127.72000122070312,124.6278076171875,44.35275268554688,36.5477409362793
2016-02-10 00:00:00-05:00,9.964427947998049,126.58000183105467,123.77031707763672,43.81610107421875,36.32742691040039
2016-02-11 00:00:00-05:00,9.282387733459473,125.08999633789062,118.27238464355467,41.882568359375,35.53274154663086
2016-02-12 00:00:00-05:00,9.93947410583496,128.07000732421875,122.84552001953124,45.37081146240234,37.22440719604492
2016-02-16 00:00:00-05:00,10.189002990722656,128.55999755859375,125.27507019042967,46.04951858520508,37.95615005493164
2016-02-17 00:00:00-05:00,10.446845054626465,130.25999450683594,126.88915252685548,46.380985260009766,37.869590759277344
2016-02-18 00:00:00-05:00,10.18068504333496,130.86000061035156,124.19059753417967,45.623348236083984,37.554874420166016
2016-02-19 00:00:00-05:00,10.089189529418944,131.0500030517578,123.5012664794922,45.63124465942383,37.83813095092773
2016-02-22 00:00:00-05:00,10.43021297454834,131.99000549316406,125.08174896240234,46.223140716552734,38.70362091064453
2016-02-23 00:00:00-05:00,10.114144325256348,130.74000549316406,121.81993103027344,44.28961181640625,37.84598922729492
2016-02-24 00:00:00-05:00,10.089189529418944,131.02999877929688,122.36637115478516,44.30539321899414,37.46044921875
2016-02-25 00:00:00-05:00,10.247225761413574,132.30999755859375,124.6278076171875,44.992000579833984,37.57060241699219
2016-02-26 00:00:00-05:00,10.563292503356934,131.9199981689453,126.30904388427734,45.4102668762207,37.8223876953125
2016-02-29 00:00:00-05:00,10.413578033447266,134.1699981689453,126.24998474121094,44.43166732788086,36.91753387451172
2016-03-01 00:00:00-05:00,10.970852851867676,136.94000244140625,130.57284545898438,46.720333099365234,38.33381652832031
2016-03-02 00:00:00-05:00,11.196279525756836,136.72999572753906,130.19290161132812,47.16228103637695,39.00262069702149
2016-03-03 00:00:00-05:00,11.27142333984375,136.83999633789062,131.14694213867188,47.32012176513672,39.15998077392578
2016-03-04 00:00:00-05:00,11.304819107055664,137.97000122070312,132.42190551757812,47.391151428222656,39.42749786376953
2016-03-07 00:00:00-05:00,11.296470642089844,138.72000122070312,131.1638641357422,47.3043327331543,39.396026611328125
2016-03-08 00:00:00-05:00,10.904057502746582,137.8000030517578,127.9976806640625,46.38887786865234,38.59346771240234
2016-03-09 00:00:00-05:00,10.970852851867676,139.1300048828125,126.57083129882812,46.65719985961914,38.388893127441406
2016-03-10 00:00:00-05:00,11.07939338684082,138.6199951171875,127.50800323486328,46.25470733642578,38.168582916259766
2016-03-11 00:00:00-05:00,11.513548851013184,140.64999389648438,129.973388671875,46.830814361572266,39.396026611328125
2016-03-14 00:00:00-04:00,11.388310432434082,139.72000122070312,129.5934600830078,46.65719985961914,39.24652862548828
2016-03-15 00:00:00-04:00,11.329866409301758,140.39999389648438,128.36074829101562,46.720333099365234,39.32521057128906
2016-03-16 00:00:00-04:00,11.112787246704102,139.8300018310547,127.10270690917967,46.499359130859375,38.97901916503906
2016-03-17 00:00:00-04:00,11.1879301071167,142.39999389648438,129.10372924804688,46.36519241333008,39.128509521484375
2016-03-18 00:00:00-04:00,11.513548851013184,142.16000366210938,133.06356811523438,47.73051071166992,39.76583862304688
2016-03-21 00:00:00-04:00,11.555294036865234,142.1300048828125,131.9574737548828,47.71471405029297,39.868125915527344
2016-03-22 00:00:00-04:00,11.48850154876709,142.17999267578125,130.19290161132812,47.54109954833984,39.63206100463867
2016-03-23 00:00:00-04:00,11.371615409851074,140.9600067138672,130.09161376953125,47.3043327331543,39.15211486816406
2016-03-24 00:00:00-04:00,11.421708106994627,140.11000061035156,129.1797332763672,46.94131088256836,38.4754524230957
2016-03-28 00:00:00-04:00,11.371615409851074,141.2899932861328,129.8889617919922,46.87818145751953,38.31808853149414
2016-03-29 00:00:00-04:00,11.204627990722656,141.89999389648438,130.8936309814453,46.5861701965332,37.80664825439453
2016-03-30 00:00:00-04:00,11.25472354888916,142.4600067138672,132.1348419189453,47.12282943725586,38.27874374389648
2016-03-31 00:00:00-04:00,11.288121223449709,141.8800048828125,132.54010009765625,46.73611068725586,38.05056381225586
2016-04-01 00:00:00-04:00,11.32151985168457,143.7899932861328,134.93795776367188,47.24909210205078,38.121368408203125
2016-04-04 00:00:00-04:00,11.279770851135254,143.22000122070312,133.2070770263672,47.066253662109375,38.16071319580078
2016-04-05 00:00:00-04:00,11.012598037719728,141.1999969482422,131.1638641357422,46.39840316772461,37.38176345825195
2016-04-06 00:00:00-04:00,11.07939338684082,141.6999969482422,131.02880859375,46.75617218017578,37.83026885986328
2016-04-07 00:00:00-04:00,10.728723526000977,140.80999755859375,126.99299621582033,45.571563720703125,36.925411224365234
2016-04-08 00:00:00-04:00,10.753772735595703,141.05999755859375,126.88320922851562,45.90548706054688,37.03556823730469
2016-04-11 00:00:00-04:00,10.828916549682615,140.99000549316406,128.50425720214844,46.27119827270508,37.00408554077149
2016-04-12 00:00:00-04:00,11.07939338684082,142.39999389648438,130.2858123779297,47.12984085083008,37.58634567260742
2016-04-13 00:00:00-04:00,11.513548851013184,144.0399932861328,134.96331787109375,49.12539291381836,38.57772445678711
2016-04-14 00:00:00-04:00,11.805771827697754,143.72000122070312,135.85826110839844,49.76142120361328,38.388893127441406
2016-04-15 00:00:00-04:00,11.688882827758787,143.4499969482422,133.84034729003906,49.18898010253906,37.96402359008789
2016-04-18 00:00:00-04:00,11.830819129943848,144.3800048828125,134.2624969482422,49.50700378417969,38.42824172973633
2016-04-19 00:00:00-04:00,12.064600944519045,145.9499969482422,137.32730102539062,50.341793060302734,39.24652862548828
2016-04-20 00:00:00-04:00,12.465357780456545,146.08999633789062,140.98321533203125,51.0732307434082,39.69502639770508
2016-04-21 00:00:00-04:00,12.44031047821045,144.86000061035156,139.5816650390625,50.56439971923828,39.38029479980469
2016-04-22 00:00:00-04:00,12.615645408630373,146.11000061035156,140.7890167236328,50.85857391357422,39.82877349853516
2016-04-25 00:00:00-04:00,12.490405082702637,146.17999267578125,139.38743591308594,50.56439971923828,39.74223709106445
2016-04-26 00:00:00-04:00,12.59894847869873,147.02000427246094,140.020751953125,50.826778411865234,40.064823150634766
2016-04-27 00:00:00-04:00,12.540502548217772,147.60000610351562,140.93263244628906,50.96988296508789,40.07268524169922
2016-04-28 00:00:00-04:00,12.348468780517578,146.07000732421875,138.71202087402344,50.56439971923828,39.66354370117188
2016-04-29 00:00:00-04:00,12.15644073486328,145.47999572753906,138.5600128173828,50.24638366699219,39.32521057128906
2016-05-02 00:00:00-04:00,12.33177375793457,146.88999938964844,140.30770874023438,50.7154655456543,39.805171966552734
2016-05-03 00:00:00-04:00,11.989456176757812,144.8300018310547,137.74105834960938,49.73756408691406,39.34095001220703
2016-05-04 00:00:00-04:00,11.797423362731934,144.24000549316406,135.14903259277344,48.95046615600586,38.80181503295898
2016-05-05 00:00:00-04:00,11.730627059936523,143.8800048828125,134.69309997558594,48.688106536865234,38.81766891479492
2016-05-06 00:00:00-04:00,11.780725479125977,144.6199951171875,134.11895751953125,48.97431564331055,38.8652458190918
2016-05-09 00:00:00-04:00,11.680534362792969,142.91000366210938,132.987548828125,48.66425323486328,38.754241943359375
2016-05-10 00:00:00-04:00,11.939359664916992,144.77999877929688,136.2888641357422,49.32414627075195,39.16651153564453
2016-05-11 00:00:00-04:00,11.855865478515623,142.8699951171875,134.60018920898438,49.14128112792969,38.91281509399414
2016-05-12 00:00:00-04:00,11.805771827697754,143.30999755859375,133.46043395996094,49.10948181152344,39.007957458496094
2016-05-13 00:00:00-04:00,11.588692665100098,141.39999389648438,131.15542602539062,48.65631866455078,38.24681854248047
2016-05-16 00:00:00-04:00,11.63043975830078,141.85000610351562,131.18919372558594,49.02203369140625,38.27061080932617
2016-05-17 00:00:00-04:00,11.697233200073242,140.33999633789062,130.57284545898438,49.02203369140625,37.755252838134766
2016-05-18 00:00:00-04:00,12.264976501464844,141.47000122070312,135.03932189941406,50.91422653198242,38.57188415527344
2016-05-19 00:00:00-04:00,12.131388664245604,140.7899932861328,130.6150665283203,50.3974494934082,38.35781097412109
2016-05-20 00:00:00-04:00,12.123043060302734,141.8300018310547,130.45465087890625,50.49285125732422,38.65117263793945
2016-05-23 00:00:00-04:00,12.081295013427734,141.47999572753906,131.248291015625,50.45309066772461,38.61153030395508
2016-05-24 00:00:00-04:00,12.256629943847656,143.7100067138672,133.05511474609375,51.31173324584961,39.007957458496094
2016-05-25 00:00:00-04:00,12.457008361816406,144.0800018310547,136.14527893066406,52.09087753295898,40.03864669799805
2016-05-26 00:00:00-04:00,12.273324966430664,143.0500030517578,134.4313507080078,51.70130920410156,40.07829666137695
2016-05-27 00:00:00-04:00,12.423611640930176,143.35000610351562,135.2452392578125,52.01931381225586,40.316139221191406
2016-05-31 00:00:00-04:00,12.348468780517578,140.5399932861328,135.20277404785156,51.892120361328125,40.21306991577149
2016-06-01 00:00:00-04:00,12.449002265930176,141.99000549316406,135.61817932128906,52.226036071777344,40.435089111328125
2016-06-02 00:00:00-04:00,12.516020774841309,142.11000061035156,135.03326416015625,52.32142639160156,40.52229309082031
2016-06-03 00:00:00-04:00,12.080389976501465,141.13999938964844,131.97279357910156,51.3912467956543,39.7928581237793
2016-06-06 00:00:00-04:00,12.164164543151855,141.82000732421875,133.15121459960938,51.90007019042969,40.03072738647461
2016-06-07 00:00:00-04:00,12.021746635437012,141.41000366210938,131.5489044189453,51.72516250610352,39.85630035400391
2016-06-08 00:00:00-04:00,12.088767051696776,142.52999877929688,131.09959411621094,51.876220703125,39.64223098754883
2016-06-09 00:00:00-04:00,11.88770866394043,142.22999572753906,129.8533935546875,51.47868728637695,38.96038055419922
2016-06-10 00:00:00-04:00,11.586115837097168,141.75999450683594,127.07267761230467,50.75521469116211,38.32610321044922
2016-06-13 00:00:00-04:00,11.393433570861816,140.94000244140625,126.00448608398438,50.30204772949219,38.032752990722656
2016-06-14 00:00:00-04:00,11.108597755432127,141.3000030517578,123.93590545654295,49.3559455871582,37.168548583984375
2016-06-15 00:00:00-04:00,11.175617218017578,140.4499969482422,123.91051483154295,49.26848983764648,37.089263916015625
2016-06-16 00:00:00-04:00,11.15048599243164,141.99000549316406,124.30891418457033,49.46723937988281,37.14477157592773
2016-06-17 00:00:00-04:00,11.225882530212402,140.72999572753906,123.46965026855467,49.51496505737305,36.946556091308594
2016-06-20 00:00:00-04:00,11.34316635131836,141.6699981689453,125.25841522216795,49.58649826049805,37.208194732666016
2016-06-21 00:00:00-04:00,11.410186767578123,143.52999877929688,125.76715850830078,50.047630310058594,37.4460563659668
2016-06-22 00:00:00-04:00,11.401806831359863,143.94000244140625,125.58907318115234,49.8568229675293,37.23990249633789
2016-06-23 00:00:00-04:00,11.762042045593262,145.97999572753906,129.42103576660156,50.92216873168945,37.98518753051758
2016-06-24 00:00:00-04:00,10.890780448913574,139.7100067138672,120.26506042480467,47.384254455566406,36.24091720581055
2016-06-27 00:00:00-04:00,10.203827857971191,138.5,118.2728042602539,45.8021240234375,35.685935974121094
2016-06-28 00:00:00-04:00,10.639455795288086,140.27999877929688,120.73133087158205,47.32064437866211,36.55012512207031
2016-06-29 00:00:00-04:00,11.04995346069336,142.1199951171875,123.35094451904295,48.65631866455078,37.23990249633789
2016-06-30 00:00:00-04:00,11.11697769165039,144.7899932861328,125.9620590209961,49.40364456176758,37.52533721923828
2016-07-01 00:00:00-04:00,10.974559783935549,143.9600067138672,125.68236541748048,49.0831413269043,37.287479400634766
2016-07-05 00:00:00-04:00,10.672966957092283,142.22999572753906,122.4608383178711,47.71306610107422,36.63734817504883
2016-07-06 00:00:00-04:00,10.773497581481934,142.50999450683594,123.4187469482422,48.225830078125,36.98620223999024
2016-07-07 00:00:00-04:00,10.899158477783203,141.91000366210938,124.6226043701172,48.53832244873047,37.105125427246094
2016-07-08 00:00:00-04:00,11.033198356628418,143.64999389648438,127.48812866210938,49.539852142333984,37.89004898071289
2016-07-11 00:00:00-04:00,11.066709518432615,143.92999267578125,129.02255249023438,49.89239501953125,38.11996841430664
2016-07-12 00:00:00-04:00,11.34316635131836,144.6699981689453,133.03250122070312,50.63753128051758,38.33404159545898
2016-07-13 00:00:00-04:00,11.259393692016602,145.92999267578125,133.8802947998047,50.6054916381836,38.27061080932617
2016-07-14 00:00:00-04:00,11.43531894683838,145.72999572753906,137.7969970703125,51.37466049194336,38.80181503295898
2016-07-15 00:00:00-04:00,11.44369888305664,145.97000122070312,137.03399658203125,51.4227294921875,37.82661819458008
2016-07-18 00:00:00-04:00,11.820686340332031,146.57000732421875,138.46678161621094,51.24647521972656,38.27853775024414
2016-07-19 00:00:00-04:00,11.94635009765625,146.9199981689453,136.83901977539062,51.16635894775391,38.34988784790039
2016-07-20 00:00:00-04:00,12.063634872436523,146.1699981689453,137.1442108154297,51.22243881225586,38.54018783569336
2016-07-21 00:00:00-04:00,11.954727172851562,144.35000610351562,135.68603515625,51.0301399230957,38.29438781738281
2016-07-22 00:00:00-04:00,12.046878814697266,144.60000610351562,135.9912567138672,51.3105697631836,38.31024932861328
2016-07-25 00:00:00-04:00,12.038501739501951,144.13999938964844,136.07603454589844,51.17436218261719,38.15167999267578
2016-07-26 00:00:00-04:00,12.172542572021484,144.33999633789062,136.6271209716797,51.38267135620117,38.032752990722656
2016-07-27 00:00:00-04:00,12.256315231323242,144.19000244140625,136.48294067382812,51.542930603027344,38.0565299987793
2016-07-28 00:00:00-04:00,12.29820728302002,144.4199981689453,136.093017578125,51.35863876342773,38.159610748291016
2016-07-29 00:00:00-04:00,12.139031410217283,144.27000427246094,134.63482666015625,51.25448989868164,38.032752990722656
2016-08-01 00:00:00-04:00,12.00499439239502,143.92999267578125,134.1007080078125,51.11827850341797,37.90589904785156
2016-08-02 00:00:00-04:00,11.837443351745604,143.30999755859375,132.30345153808594,50.998085021972656,37.81868362426758
2016-08-03 00:00:00-04:00,12.130653381347656,143.6300048828125,134.2363739013672,51.80733108520508,38.01848983764648
2016-08-04 00:00:00-04:00,12.130653381347656,143.1199951171875,133.990478515625,51.72720718383789,38.23426818847656
2016-08-05 00:00:00-04:00,12.608172416687012,145.64999389648438,137.41549682617188,53.12135314941406,38.90561676025391
2016-08-08 00:00:00-04:00,12.675193786621094,145.55999755859375,138.04287719726562,52.96109771728516,39.08943939208984
2016-08-09 00:00:00-04:00,12.725457191467283,147.22000122070312,138.5599822998047,52.776817321777344,39.105411529541016
2016-08-10 00:00:00-04:00,12.407113075256348,146.69000244140625,137.5002899169922,52.3040885925293,38.50600814819336
2016-08-11 00:00:00-04:00,12.4657564163208,147.74000549316406,138.9160614013672,52.44831466674805,38.553958892822266
2016-08-12 00:00:00-04:00,12.490889549255373,147.72000122070312,138.39894104003906,52.33613967895508,38.28223419189453
2016-08-15 00:00:00-04:00,12.583040237426758,147.77999877929688,140.34881591796875,52.65663528442383,38.57794189453125
2016-08-16 00:00:00-04:00,12.708700180053713,147.24000549316406,140.43356323242188,52.64861679077149,38.71379470825195
2016-08-17 00:00:00-04:00,12.691949844360352,149.0800018310547,140.4505157470703,52.79283142089844,38.84967803955078
2016-08-18 00:00:00-04:00,12.700325012207031,148.80999755859375,140.78115844726562,52.84090042114258,38.78572845458984
2016-08-19 00:00:00-04:00,12.750590324401855,148.75,140.92529296875,52.76879501342773,38.88163757324219
2016-08-22 00:00:00-04:00,12.717081069946287,148.4499969482422,140.9507293701172,52.7207260131836,38.86565399169922
2016-08-23 00:00:00-04:00,12.859498977661133,148.77000427246094,140.7981414794922,52.696685791015625,38.6898193359375
2016-08-24 00:00:00-04:00,12.901385307312012,148.41000366210938,140.13685607910156,52.84090042114258,38.86565399169922
2016-08-25 00:00:00-04:00,13.010293960571287,148.63999938964844,140.64552307128906,52.93705368041992,38.66584777832031
2016-08-26 00:00:00-04:00,13.228111267089844,147.91000366210938,140.70486450195312,53.05723571777344,38.76974868774414
2016-08-29 00:00:00-04:00,13.26999855041504,149.3000030517578,141.4678497314453,53.64213562011719,39.608917236328125
2016-08-30 00:00:00-04:00,13.56321144104004,150.22999572753906,144.1488037109375,54.08280563354492,40.456085205078125
2016-08-31 00:00:00-04:00,13.584254264831545,150.49000549316406,144.22535705566406,54.08280563354492,40.59994888305664
2016-09-01 00:00:00-04:00,13.44958782196045,150.35000610351562,143.4168243408203,53.85045623779297,40.30422592163086
2016-09-02 00:00:00-04:00,13.466423988342283,150.72000122070312,143.98707580566406,54.07480239868164,40.40013885498047
2016-09-06 00:00:00-04:00,13.281256675720217,150.42999267578125,144.11477661132812,54.03474426269531,39.95259094238281
2016-09-07 00:00:00-04:00,13.213926315307615,149.5800018310547,144.40414428710938,53.81038284301758,39.7767448425293
2016-09-08 00:00:00-04:00,13.348589897155762,149.77999877929688,146.09779357910156,53.88251495361328,39.88064956665039
2016-09-09 00:00:00-04:00,13.24759006500244,146.6199951171875,143.46792602539062,53.40177536010742,38.93758392333984
2016-09-12 00:00:00-04:00,13.382256507873535,148.97000122070312,145.5871124267578,53.73027038574219,38.793731689453125
2016-09-13 00:00:00-04:00,13.230756759643556,146.22999572753906,142.1317138671875,53.305625915527344,37.53096008300781
2016-09-14 00:00:00-04:00,13.155010223388672,145.77999877929688,141.4167938232422,53.20146560668945,37.179317474365234
2016-09-15 00:00:00-04:00,13.188676834106444,146.66000366210938,143.0509033203125,53.39375305175781,36.88360595703125
2016-09-16 00:00:00-04:00,13.037179946899414,145.00999450683594,141.28062438964844,52.73675155639648,36.30817794799805
2016-09-19 00:00:00-04:00,13.121341705322266,145.24000549316406,141.45933532714844,53.033203125,36.77172088623047
2016-09-20 00:00:00-04:00,13.129762649536133,144.9199981689453,141.6806640625,53.24952697753906,37.21128463745117
2016-09-21 00:00:00-04:00,13.171841621398926,146.4600067138672,142.15725708007812,53.55399703979492,36.627872467041016
2016-09-22 00:00:00-04:00,13.129762649536133,146.52999877929688,142.99981689453125,53.99468231201172,36.53994369506836
2016-09-23 00:00:00-04:00,13.06242847442627,145.0,140.54017639160156,53.88251495361328,36.55592727661133
2016-09-26 00:00:00-04:00,12.700520515441896,144.17999267578125,137.4337158203125,52.70469284057617,35.86861801147461
2016-09-27 00:00:00-04:00,12.868850708007812,145.33999633789062,138.63375854492188,53.169429779052734,36.03643798828125
2016-09-28 00:00:00-04:00,12.944597244262695,145.27999877929688,139.11036682128906,53.449851989746094,36.21227264404297
2016-09-29 00:00:00-04:00,12.75943088531494,143.58999633789062,135.2804718017578,52.600528717041016,35.46101760864258
2016-09-30 00:00:00-04:00,13.171841621398926,144.47000122070312,137.25494384765625,53.353702545166016,35.38907623291016
2016-10-03 00:00:00-04:00,13.155010223388672,143.75999450683594,137.0847625732422,53.28959655761719,35.02943420410156
2016-10-04 00:00:00-04:00,13.298091888427734,143.1699981689453,138.1060791015625,53.74960708618164,34.965511322021484
2016-10-05 00:00:00-04:00,13.559004783630373,144.14999389648438,141.62109375,54.62930679321289,35.95653533935547
2016-10-06 00:00:00-04:00,13.651583671569824,143.8699951171875,142.25941467285156,54.77457046508789,36.10836791992188
2016-10-07 00:00:00-04:00,13.575836181640623,144.52000427246094,144.54029846191406,54.96825408935547,36.2282600402832
2016-10-10 00:00:00-04:00,13.718916893005373,145.1999969482422,145.5701141357422,55.39598846435547,36.4840087890625
2016-10-11 00:00:00-04:00,13.559004783630373,143.9499969482422,143.867919921875,55.129676818847656,36.324161529541016
2016-10-12 00:00:00-04:00,13.49167251586914,144.91000366210938,144.0892333984375,54.98440170288086,36.22026443481445
2016-10-13 00:00:00-04:00,13.32334041595459,143.22000122070312,142.4891815185547,54.66964721679688,35.764705657958984
2016-10-14 00:00:00-04:00,13.466423988342283,144.17999267578125,145.12753295898438,54.49210739135742,35.73273468017578
2016-10-17 00:00:00-04:00,13.508502006530762,143.8000030517578,143.83387756347656,54.20963668823242,35.564910888671875
2016-10-18 00:00:00-04:00,13.685246467590332,144.3000030517578,146.92332458496094,54.63735580444336,35.924556732177734
2016-10-19 00:00:00-04:00,13.861997604370115,144.86000061035156,148.5233917236328,55.161956787109375,36.17230987548828
2016-10-20 00:00:00-04:00,13.937746047973633,144.49000549316406,148.5233917236328,55.08930969238281,35.90856170654297
2016-10-21 00:00:00-04:00,14.030325889587402,143.60000610351562,148.6595458984375,55.27494430541992,36.03643798828125
2016-10-24 00:00:00-04:00,14.114493370056152,143.8300018310547,149.04251098632812,55.58161163330078,36.380104064941406
2016-10-25 00:00:00-04:00,14.072410583496094,143.4199981689453,149.4085235595703,55.5251350402832,36.53994369506836
2016-10-26 00:00:00-04:00,14.198660850524902,143.94000244140625,150.70216369628906,55.791465759277344,36.88360595703125
2016-10-27 00:00:00-04:00,14.232324600219728,144.4499969482422,151.28091430664062,55.87217330932617,37.09140396118164
2016-10-28 00:00:00-04:00,14.038743019104004,144.0,150.76174926757812,55.77531433105469,36.94754409790039
2016-10-31 00:00:00-04:00,13.887246131896973,144.3000030517578,151.6979217529297,55.896392822265625,36.77172088623047
2016-11-01 00:00:00-04:00,13.979828834533691,143.6300048828125,151.5447235107422,55.66231155395508,36.7557373046875
2016-11-02 00:00:00-04:00,13.87041187286377,143.19000244140625,150.28512573242188,55.42827224731445,36.45756530761719
2016-11-03 00:00:00-04:00,13.87041187286377,143.63999938964844,149.9702606201172,55.18617248535156,36.53815460205078
2016-11-04 00:00:00-04:00,13.929330825805664,142.9499969482422,149.72344970703125,54.68578720092773,35.94180679321289
2016-11-07 00:00:00-05:00,14.316490173339844,146.91000366210938,154.4554901123047,56.39672470092773,36.58650207519531
2016-11-08 00:00:00-05:00,14.308072090148926,147.7899932861328,154.82994079589844,56.517799377441406,36.6993293762207
2016-11-09 00:00:00-05:00,15.124468803405762,151.27999877929688,163.94508361816406,59.116485595703125,38.67371368408203
2016-11-10 00:00:00-05:00,15.789377212524414,156.05999755859375,170.95806884765625,61.86048889160156,41.60708618164063
2016-11-11 00:00:00-05:00,16.008207321166992,156.9199981689453,173.5708770751953,61.89276123046875,41.68766403198242
2016-11-14 00:00:00-05:00,16.900365829467773,157.92999267578125,178.0305938720703,64.16866302490234,42.88841247558594
2016-11-15 00:00:00-05:00,16.967695236206055,157.4600067138672,179.74130249023438,64.04759979248047,42.38070297241211
2016-11-16 00:00:00-05:00,16.622608184814453,157.0800018310547,175.54541015625,62.46575927734375,41.64736175537109
2016-11-17 00:00:00-05:00,16.900365829467773,158.38999938964844,178.41358947753906,62.96612548828125,42.30012130737305
2016-11-18 00:00:00-05:00,16.833026885986328,157.75,179.0264129638672,62.71596908569336,42.56605911254883
2016-11-21 00:00:00-05:00,17.110769271850586,158.7100067138672,179.64767456054688,62.99034881591797,42.001949310302734
2016-11-22 00:00:00-05:00,17.08552360534668,158.66000366210938,179.67324829101562,63.37773895263672,42.0825424194336
2016-11-23 00:00:00-05:00,17.304353713989258,158.11000061035156,180.6945343017578,63.64405822753906,42.03418350219727
2016-11-25 00:00:00-05:00,17.55684471130371,158.17999267578125,179.90298461914062,63.61983871459961,42.40487289428711
2016-11-28 00:00:00-05:00,17.08552360534668,156.97000122070312,179.0264129638672,63.20824432373047,41.5667839050293
2016-11-29 00:00:00-05:00,17.077104568481445,157.67999267578125,180.7765045166016,63.6924934387207,41.79242706298828
2016-11-30 00:00:00-05:00,17.841625213623047,157.44000244140625,187.21360778808597,64.70130920410156,42.64665222167969
2016-12-01 00:00:00-05:00,18.16263771057129,160.1199951171875,193.47999572753903,66.00872039794922,43.79098892211914
2016-12-02 00:00:00-05:00,17.934551239013672,159.38999938964844,190.68826293945312,65.85538482666016,43.17853164672852
2016-12-05 00:00:00-05:00,18.449861526489254,160.2100067138672,195.119140625,67.19509887695312,43.79903411865234
2016-12-06 00:00:00-05:00,18.720190048217773,161.33999633789062,197.5352020263672,67.54212951660156,44.76609802246094
2016-12-07 00:00:00-05:00,19.06654930114746,164.69000244140625,201.1037139892578,67.84880828857422,46.16024017333984
2016-12-08 00:00:00-05:00,19.38755798339844,164.11000061035156,206.13217163085935,68.69622039794922,46.16829299926758
2016-12-09 00:00:00-05:00,19.505834579467773,164.86000061035156,206.4736785888672,68.99480438232422,46.04742050170898
2016-12-12 00:00:00-05:00,19.10033226013184,166.1199951171875,202.47824096679688,68.38145446777344,44.9514274597168
2016-12-13 00:00:00-05:00,19.10033226013184,166.6199951171875,203.6563720703125,68.40568542480469,44.999794006347656
2016-12-14 00:00:00-05:00,19.151023864746094,165.05999755859375,204.83450317382807,68.38145446777344,44.08108901977539
2016-12-15 00:00:00-05:00,19.56496238708496,165.72999572753906,207.4554748535156,69.40640258789062,44.47597122192383
2016-12-16 00:00:00-05:00,19.142578125,164.75999450683594,203.9551239013672,68.55093383789062,44.59684371948242
2016-12-19 00:00:00-05:00,18.990522384643555,165.35000610351562,204.10032653808597,68.94637298583984,44.50015640258789
2016-12-20 00:00:00-05:00,19.184812545776367,166.36000061035156,207.5323028564453,69.83412170410156,45.20930480957031
2016-12-21 00:00:00-05:00,19.117225646972656,165.9499969482422,206.1236572265625,70.0116958618164,44.89502334594727
2016-12-22 00:00:00-05:00,19.041202545166016,166.02999877929688,204.99673461914065,70.12467193603516,44.92724990844727
2016-12-23 00:00:00-05:00,19.091894149780277,165.32000732421875,205.722412109375,70.25381469726562,45.09648513793945
2016-12-27 00:00:00-05:00,19.10033226013184,164.9499969482422,206.22613525390625,70.3183822631836,45.08842468261719
2016-12-28 00:00:00-05:00,18.86380195617676,163.75,205.4492034912109,69.80992889404297,44.58072662353516
2016-12-29 00:00:00-05:00,18.58502769470215,163.0500030517578,203.3404998779297,69.31764221191406,44.19391632080078
2016-12-30 00:00:00-05:00,18.66950798034668,162.97999572753906,204.4247589111328,69.64044189453125,44.4115104675293
2017-01-03 00:00:00-05:00,19.032758712768555,163.8300018310547,206.2346343994141,70.39908599853516,45.128719329833984
2017-01-04 00:00:00-05:00,19.38755798339844,164.0800018310547,207.56643676757807,70.5289306640625,45.169036865234375
2017-01-05 00:00:00-05:00,19.159467697143555,163.3000030517578,206.021240234375,69.87969970703125,44.467918395996094
2017-01-06 00:00:00-05:00,19.159467697143555,163.41000366210938,209.07752990722656,69.8878402709961,44.3550910949707
2017-01-09 00:00:00-05:00,19.04964637756348,162.02000427246094,207.361572265625,69.93653106689453,43.71040344238281
2017-01-10 00:00:00-05:00,19.379112243652344,161.47000122070312,207.08839416503903,70.13939666748047,44.01662063598633
2017-01-11 00:00:00-05:00,19.48893547058105,162.22999572753906,209.81175231933597,70.6668701171875,44.16168594360352
2017-01-12 00:00:00-05:00,19.362218856811523,161.41000366210938,208.17259216308597,69.98519134521484,43.919921875
2017-01-13 00:00:00-05:00,19.4382438659668,161.89999389648438,208.5653533935547,70.35850524902344,44.57267379760742
2017-01-17 00:00:00-05:00,18.62726593017578,159.63999938964844,201.25738525390625,67.80223083496094,43.33968734741211
2017-01-18 00:00:00-05:00,19.117225646972656,160.49000549316406,200.0195159912109,68.11872100830078,43.73457336425781
2017-01-19 00:00:00-05:00,19.032758712768555,159.41000366210938,197.56077575683597,67.599365234375,43.98439025878906
2017-01-20 00:00:00-05:00,19.12567901611328,160.2100067138672,198.2352294921875,67.89962005615234,44.3792724609375
2017-01-23 00:00:00-05:00,19.05809783935547,158.80999755859375,198.63644409179688,67.93206024169922,43.71846389770508
2017-01-24 00:00:00-05:00,19.38755798339844,160.72000122070312,199.49876403808597,68.75167083740234,44.08108901977539
2017-01-25 00:00:00-05:00,19.74236297607422,164.25,202.54649353027344,69.81478118896484,45.62836456298828
2017-01-26 00:00:00-05:00,19.801502227783203,164.9199981689453,204.5357360839844,70.39909362792969,46.07966232299805
2017-01-27 00:00:00-05:00,19.73391914367676,164.39999389648438,202.29042053222656,70.54515075683594,45.60418701171875
2017-01-30 00:00:00-05:00,19.38755798339844,164.8000030517578,199.68655395507807,69.81478118896484,45.19319915771485
2017-01-31 00:00:00-05:00,19.12567901611328,164.13999938964844,195.7765045166016,68.67867279052734,45.39467239379883
2017-02-01 00:00:00-05:00,19.33687400817871,163.61000061035156,196.92901611328125,68.93836212158203,45.36220550537109
2017-02-02 00:00:00-05:00,19.19326400756836,163.0,196.7070770263672,68.64620971679688,45.23238754272461
2017-02-03 00:00:00-05:00,19.67478370666504,163.94000244140625,205.7053680419922,70.74803924560547,46.465633392333984
2017-02-06 00:00:00-05:00,19.531177520751957,163.4199981689453,204.87718200683597,70.4153060913086,45.881465911865234
2017-02-07 00:00:00-05:00,19.34532165527344,162.92999267578125,204.5698699951172,70.37474060058594,45.71107864379883
2017-02-08 00:00:00-05:00,19.151023864746094,162.8699951171875,202.9563446044922,69.75798034667969,45.13503646850586
2017-02-09 00:00:00-05:00,19.531177520751957,164.0399932861328,206.21755981445312,70.7642822265625,46.02750778198242
2017-02-10 00:00:00-05:00,19.497386932373047,164.00999450683594,207.21641540527344,70.60194396972656,46.13298416137695
2017-02-13 00:00:00-05:00,19.767711639404297,165.85000610351562,210.2471618652344,71.53520965576172,46.31148147583008
2017-02-14 00:00:00-05:00,20.325254440307617,166.9499969482422,212.97056579589844,72.67943572998047,47.04168701171875
2017-02-15 00:00:00-05:00,20.764549255371094,167.27999877929688,213.8925323486328,73.51530456542969,47.50414657592773
2017-02-16 00:00:00-05:00,20.764549255371094,167.74000549316406,212.95347595214844,73.46661376953125,47.15526580810547
2017-02-17 00:00:00-05:00,20.713855743408203,168.57000732421875,213.7559967041016,73.2231674194336,47.13093566894531
2017-02-21 00:00:00-05:00,20.933496475219727,168.9199981689453,214.93409729003903,73.85615539550781,47.26074981689453
2017-02-22 00:00:00-05:00,20.94194221496582,169.61000061035156,214.90850830078125,73.89671325683594,47.35000228881836
2017-02-23 00:00:00-05:00,20.764549255371094,170.14999389648438,214.44747924804688,73.95352935791016,47.455474853515625
2017-02-24 00:00:00-05:00,20.4688663482666,170.22000122070312,211.169189453125,73.30431365966797,46.90376663208008
2017-02-27 00:00:00-05:00,20.75609397888184,170.6300048828125,212.85958862304688,73.38548278808594,47.10660171508789
2017-02-28 00:00:00-05:00,20.849018096923828,171.4199981689453,212.328857421875,73.53968048095703,46.96055221557617
2017-03-01 00:00:00-05:00,21.607393264770508,177.27999877929688,216.30908203125,75.95799255371094,48.461544036865234
2017-03-02 00:00:00-05:00,21.378612518310547,175.88999938964844,214.89675903320312,74.77316284179688,47.633975982666016
2017-03-03 00:00:00-05:00,21.55655670166016,175.67999267578125,216.463134765625,75.30875396728516,47.78001022338867
2017-03-06 00:00:00-05:00,21.395553588867188,175.39999389648438,215.7099151611328,74.5946273803711,47.5528450012207
2017-03-07 00:00:00-05:00,21.361665725708008,175.3000030517578,214.7597503662109,74.18074798583984,47.30131530761719
2017-03-08 00:00:00-05:00,21.404029846191406,174.97000122070312,214.19488525390625,74.0184555053711,47.22829818725586
2017-03-09 00:00:00-05:00,21.48029327392578,175.3699951171875,214.14349365234372,74.31058502197266,47.625858306884766
2017-03-10 00:00:00-05:00,21.446401596069336,174.97999572753906,212.6027984619141,74.07524108886719,47.74755096435547
2017-03-13 00:00:00-04:00,21.437923431396484,175.38999938964844,212.4144592285156,74.1401596069336,47.625858306884766
2017-03-14 00:00:00-04:00,21.45487594604492,174.72999572753906,212.03782653808597,74.26191711425781,47.67452239990234
2017-03-15 00:00:00-04:00,21.33624839782715,174.6699981689453,211.2332000732422,74.44042205810547,47.633975982666016
2017-03-16 00:00:00-04:00,21.370141983032227,174.0800018310547,212.46583557128903,74.36739349365234,48.1288948059082
2017-03-17 00:00:00-04:00,21.065095901489254,172.82000732421875,208.8023223876953,73.58833312988281,47.60151290893555
2017-03-20 00:00:00-04:00,20.70920753479004,172.07000732421875,207.26158142089844,73.06085205078125,46.75771331787109
2017-03-21 00:00:00-04:00,19.50597381591797,169.47000122070312,199.4381256103516,70.91845703125,45.31352615356445
2017-03-22 00:00:00-04:00,19.43818473815918,169.3000030517578,197.78614807128903,71.03205871582031,44.89163589477539
2017-03-23 00:00:00-04:00,19.548337936401367,169.88999938964844,198.49661254882807,70.91845703125,44.82672119140625
2017-03-24 00:00:00-04:00,19.5907039642334,168.66000366210938,195.50927734375,70.83729553222656,45.29729461669922
2017-03-27 00:00:00-04:00,19.514442443847656,167.44000244140625,193.00135803222656,70.79671478271484,44.94031524658203
2017-03-28 00:00:00-04:00,19.895755767822266,168.30999755859375,196.29673767089844,71.90039825439453,45.40277862548828
2017-03-29 00:00:00-04:00,19.78559112548828,166.58999633789062,195.5435485839844,71.6325912475586,45.1674919128418
2017-03-30 00:00:00-04:00,20.226221084594727,167.36000061035156,197.9145355224609,72.24932861328125,45.62995910644531
2017-03-31 00:00:00-04:00,19.98896026611328,166.67999267578125,196.63058471679688,71.28363037109375,45.159366607666016
2017-04-03 00:00:00-04:00,19.98896026611328,166.8699951171875,195.98013305664065,71.02396392822266,45.02144241333008
2017-04-04 00:00:00-04:00,19.861860275268555,166.86000061035156,196.23681640625,71.26062774658203,44.78615188598633
2017-04-05 00:00:00-04:00,19.633075714111328,165.8300018310547,194.86729431152344,70.34654235839844,44.6076545715332
2017-04-06 00:00:00-04:00,19.709333419799805,166.47000122070312,195.7061920166016,70.58321380615234,44.92408752441406
2017-04-07 00:00:00-04:00,19.62459754943848,166.1699981689453,195.05563354492188,70.3383560180664,44.49406814575195
2017-04-10 00:00:00-04:00,19.50597381591797,166.35000610351562,195.92015075683597,70.09351348876953,44.25067138671875
2017-04-11 00:00:00-04:00,19.421236038208008,165.6999969482422,194.93582153320312,69.9710693359375,43.942359924316406
2017-04-12 00:00:00-04:00,19.19245338439941,165.11000061035156,193.2324676513672,69.70172882080078,43.09856033325195
2017-04-13 00:00:00-04:00,18.92977523803711,162.89999389648438,191.1524810791016,68.88555908203125,41.662479400634766
2017-04-17 00:00:00-04:00,19.328031539916992,164.35000610351562,193.66897583007807,70.0771713256836,42.77401351928711
2017-04-18 00:00:00-04:00,19.24329376220703,163.69000244140625,184.53591918945312,69.50585174560547,42.554962158203125
2017-04-19 00:00:00-04:00,19.268712997436523,162.75999450683594,183.25192260742188,68.93453979492188,42.31155776977539
2017-04-20 00:00:00-04:00,19.548337936401367,164.97999572753906,186.650146484375,69.82418060302734,43.4068717956543
2017-04-21 00:00:00-04:00,19.24329376220703,163.41000366210938,185.6229553222656,68.98348999023438,43.00119400024414
2017-04-24 00:00:00-04:00,20.022850036621094,165.77999877929688,191.0668792724609,71.41571044921875,43.52857971191406
2017-04-25 00:00:00-04:00,20.319425582885746,167.52999877929688,193.9856719970703,72.03601837158203,44.26688766479492
2017-04-26 00:00:00-04:00,20.243167877197266,167.6300048828125,193.6176605224609,72.1747817993164,44.25067138671875
2017-04-27 00:00:00-04:00,20.0398006439209,166.5500030517578,193.2837677001953,71.5054931640625,44.16952896118164
2017-04-28 00:00:00-04:00,19.777124404907227,165.2100067138672,191.56333923339844,71.00762939453125,43.68273162841797
2017-05-01 00:00:00-04:00,20.00591278076172,165.44000244140625,192.4620819091797,71.0566177368164,44.18576049804688
2017-05-02 00:00:00-04:00,19.9381160736084,166.0500030517578,192.6931610107422,70.59954071044922,44.25067138671875
2017-05-03 00:00:00-04:00,20.14148330688477,166.72999572753906,193.71176147460935,71.00762939453125,44.81442260742188
2017-05-04 00:00:00-04:00,20.20926856994629,166.33999633789062,193.95144653320312,71.08924865722656,45.08405685424805
2017-05-05 00:00:00-04:00,20.116060256958008,166.5500030517578,194.19110107421875,71.00762939453125,45.02685928344727
2017-05-08 00:00:00-04:00,20.30248069763184,165.02000427246094,192.61618041992188,71.08924865722656,44.96965789794922
2017-05-09 00:00:00-04:00,20.319425582885746,163.4600067138672,191.52908325195312,70.80357360839844,44.67552947998047
2017-05-10 00:00:00-04:00,20.46347427368164,163.72000122070312,192.48776245117188,71.35858154296875,44.70820617675781
2017-05-11 00:00:00-04:00,20.39568901062012,163.27000427246094,192.38504028320312,71.1382064819336,43.90751647949219
2017-05-12 00:00:00-04:00,20.336374282836918,163.32000732421875,190.7245178222656,70.94233703613281,43.31925201416016
2017-05-15 00:00:00-04:00,20.38721466064453,163.8000030517578,192.6931610107422,71.28512573242188,43.56436920166016
2017-05-16 00:00:00-04:00,20.32789802551269,163.61000061035156,193.10403442382807,71.5054931640625,43.51533126831055
2017-05-17 00:00:00-04:00,19.124662399291992,161.25999450683594,182.9353179931641,68.7794418334961,42.68196105957031
2017-05-18 00:00:00-04:00,19.268712997436523,161.6199951171875,184.16786193847656,68.52645111083984,42.79634475708008
2017-05-19 00:00:00-04:00,19.531389236450195,163.24000549316406,184.3647308349609,69.19569396972656,43.351932525634766
2017-05-22 00:00:00-04:00,19.52291679382324,165.1300048828125,184.9039306640625,69.13040161132812,43.31108093261719
2017-05-23 00:00:00-04:00,19.819494247436523,165.47999572753906,188.00254821777344,69.99556732177734,43.621543884277344
2017-05-24 00:00:00-04:00,19.794069290161133,164.92999267578125,191.58897399902344,69.95475006103516,43.376441955566406
2017-05-25 00:00:00-04:00,19.700862884521484,165.3000030517578,190.42491149902344,69.6609115600586,43.12315368652344
2017-05-26 00:00:00-04:00,19.692392349243164,165.69000244140625,191.3321990966797,69.6690902709961,42.82085800170898
2017-05-30 00:00:00-04:00,19.41275978088379,165.11000061035156,187.5876617431641,68.47747039794922,42.6165885925293
2017-05-31 00:00:00-04:00,19.051454544067383,165.27999877929688,181.4383850097656,67.04915618896484,41.7832145690918
2017-06-01 00:00:00-04:00,19.23848342895508,166.66000366210938,184.6590118408203,67.7918701171875,42.55123901367188
2017-06-02 00:00:00-04:00,19.08546638488769,166.2899932861328,183.1990509033203,67.44908142089844,42.33064270019531
2017-06-05 00:00:00-04:00,19.051454544067383,166.52000427246094,183.78306579589844,67.57151794433594,42.25709533691406
2017-06-06 00:00:00-04:00,18.898435592651367,166.1300048828125,184.24679565429688,67.71026611328125,42.33064270019531
2017-06-07 00:00:00-04:00,19.212987899780277,166.5,185.32032775878903,68.48564147949219,42.55940628051758
2017-06-08 00:00:00-04:00,19.52752685546875,166.94000244140625,187.87966918945312,69.3344497680664,42.94340515136719
2017-06-09 00:00:00-04:00,20.12262344360352,170.0,191.0402374267578,70.9749755859375,43.956539154052734
2017-06-12 00:00:00-04:00,20.21613883972168,170.5,190.5850524902344,70.99130249023438,44.1934700012207
2017-06-13 00:00:00-04:00,20.2076358795166,171.47000122070312,192.55178833007807,71.2280044555664,44.487606048583984
2017-06-14 00:00:00-04:00,20.199132919311523,171.4499969482422,194.53570556640625,71.08108520507812,44.5529670715332
2017-06-15 00:00:00-04:00,20.01210594177246,170.5500030517578,191.7187042236328,70.65666961669922,44.03824615478516
2017-06-16 00:00:00-04:00,19.91859245300293,170.47999572753906,190.4991455078125,70.3383560180664,44.030059814453125
2017-06-19 00:00:00-04:00,20.32665061950684,171.5500030517578,194.20932006835935,71.88093566894531,44.31603240966797
2017-06-20 00:00:00-04:00,19.969593048095703,170.5500030517578,193.3247528076172,71.43202209472656,43.67873764038086
2017-06-21 00:00:00-04:00,19.663551330566406,169.6199951171875,191.0831451416016,71.1055679321289,43.28656768798828
2017-06-22 00:00:00-04:00,19.4935245513916,168.32000732421875,188.7470703125,71.02396392822266,42.88621520996094
2017-06-23 00:00:00-04:00,19.40001106262207,167.22000122070312,186.53128051757807,70.89335632324219,42.8535385131836
2017-06-26 00:00:00-04:00,19.459522247314453,167.49000549316406,189.3225555419922,71.20349884033203,43.2212142944336
2017-06-27 00:00:00-04:00,19.78257179260254,167.35000610351562,189.18507385253903,71.86461639404297,43.433631896972656
2017-06-28 00:00:00-04:00,20.30115127563477,169.88999938964844,191.71011352539065,73.30925750732422,44.38956832885742
2017-06-29 00:00:00-04:00,20.675207138061523,169.3000030517578,192.73214721679688,74.394775390625,45.574256896972656
2017-06-30 00:00:00-04:00,20.62420463562012,169.3699951171875,190.576416015625,74.59882354736328,45.2719612121582
2017-07-03 00:00:00-04:00,20.98125648498535,171.8000030517578,195.1970367431641,76.11705780029297,45.574256896972656
2017-07-05 00:00:00-04:00,21.18528938293457,171.85000610351562,195.84971618652344,76.8802719116211,45.574256896972656
2017-07-06 00:00:00-04:00,21.006759643554688,170.1999969482422,194.6902618408203,76.6340560913086,45.39451599121094
2017-07-07 00:00:00-04:00,21.10877799987793,171.13999938964844,193.4793243408203,77.01979064941406,45.541595458984375
2017-07-10 00:00:00-04:00,21.159780502319336,170.25,193.9602203369141,76.47816467285156,45.41902923583984
2017-07-11 00:00:00-04:00,20.91324234008789,169.24000549316406,194.9136199951172,76.18270111083984,44.96965789794922
2017-07-12 00:00:00-04:00,20.70071601867676,169.9199981689453,195.2914886474609,75.92009735107422,45.07587814331055
2017-07-13 00:00:00-04:00,20.93025016784668,169.69000244140625,197.8766021728516,76.40428924560547,45.42719650268555
2017-07-14 00:00:00-04:00,20.581689834594727,169.47000122070312,196.3306579589844,75.70673370361328,44.928810119628906
2017-07-17 00:00:00-04:00,20.420167922973636,170.16000366210938,196.8974609375,75.0009536743164,44.70003509521485
2017-07-18 00:00:00-04:00,20.31815528869629,170.30999755859375,191.78738403320312,74.73833465576172,44.773563385009766
2017-07-19 00:00:00-04:00,20.454174041748047,171.1999969482422,191.40948486328125,74.84501647949219,44.88795852661133
2017-07-20 00:00:00-04:00,20.35215950012207,171.3300018310547,190.91993713378903,74.84501647949219,44.83893585205078
2017-07-21 00:00:00-04:00,20.233142852783203,171.33999633789062,189.0992126464844,74.59059143066406,44.25883102416992
2017-07-24 00:00:00-04:00,20.32665061950684,171.3699951171875,187.38153076171875,74.91068267822266,44.34054946899414
2017-07-25 00:00:00-04:00,20.81123161315918,172.94000244140625,190.30160522460935,76.1581039428711,44.98600006103516
2017-07-26 00:00:00-04:00,20.581689834594727,173.02000427246094,190.87705993652344,75.44410705566406,44.86344909667969
2017-07-27 00:00:00-04:00,20.49668312072754,173.0500030517578,190.2157287597656,75.13225555419922,44.70003509521485
2017-07-28 00:00:00-04:00,20.428667068481445,174.0,192.0450439453125,74.91068267822266,43.54801559448242
2017-07-31 00:00:00-04:00,20.505186080932617,174.97000122070312,193.5222625732422,75.33743286132812,44.070919036865234
2017-08-01 00:00:00-04:00,20.785728454589844,176.2899932861328,194.9565277099609,76.34684753417969,44.18531036376953
2017-08-02 00:00:00-04:00,20.90475082397461,177.85000610351562,194.32952880859372,76.41249084472656,44.1276969909668
2017-08-03 00:00:00-04:00,20.717714309692383,178.99000549316406,192.37142944335935,75.91188049316406,43.94664001464844
2017-08-04 00:00:00-04:00,21.2277946472168,179.9199981689453,197.35264587402344,76.86386108398438,43.48577880859375
2017-08-07 00:00:00-04:00,21.219301223754883,178.0399932861328,200.04083251953125,77.1593017578125,43.238895416259766
2017-08-08 00:00:00-04:00,21.16828346252441,176.42999267578125,199.29367065429688,76.8802719116211,43.3787956237793
2017-08-09 00:00:00-04:00,21.032262802124023,178.05999755859375,198.4004669189453,76.75716400146484,43.44463348388672
2017-08-10 00:00:00-04:00,20.505186080932617,176.36000061035156,193.6682891845703,75.657470703125,42.75333404541016
2017-08-11 00:00:00-04:00,20.28415298461914,175.33999633789062,192.50880432128903,75.02558135986328,42.74510192871094
2017-08-14 00:00:00-04:00,20.760223388671875,177.2899932861328,195.2657012939453,75.90367889404297,43.48577880859375
2017-08-15 00:00:00-04:00,20.802722930908203,177.47000122070312,195.46327209472656,76.10063934326172,43.49399948120117
2017-08-16 00:00:00-04:00,20.56469345092773,178.5399932861328,193.7627410888672,75.57542419433594,43.3623275756836
2017-08-17 00:00:00-04:00,20.097118377685547,177.16000366210938,190.16421508789065,74.39366149902344,42.6298942565918
2017-08-18 00:00:00-04:00,20.080114364624023,177.55999755859375,190.79116821289065,74.46752166748047,42.531131744384766
2017-08-21 00:00:00-04:00,19.87607955932617,178.33999633789062,189.6230926513672,74.37722778320312,42.64634704589844
2017-08-22 00:00:00-04:00,20.258642196655277,180.4499969482422,192.0193023681641,75.14047241210938,42.97554016113281
2017-08-23 00:00:00-04:00,20.199132919311523,179.97999572753906,191.2978515625,75.23072814941406,42.81917953491211
2017-08-24 00:00:00-04:00,20.26714324951172,178.42999267578125,191.51255798339844,75.10763549804688,42.92615509033203
2017-08-25 00:00:00-04:00,20.2076358795166,179.60000610351562,191.06597900390625,75.41129302978516,42.60520935058594
2017-08-28 00:00:00-04:00,20.165128707885746,178.6999969482422,189.2452392578125,75.17327880859375,42.48998260498047
2017-08-29 00:00:00-04:00,20.046113967895508,178.6199951171875,189.55545043945312,74.7629623413086,42.31716537475586
2017-08-30 00:00:00-04:00,20.39645195007324,180.3500061035156,191.67539978027344,74.93527221679688,42.26778030395508
2017-08-31 00:00:00-04:00,20.413537979125977,181.16000366210935,192.8129730224609,74.59059143066406,42.02911376953125
2017-09-01 00:00:00-04:00,20.584436416625977,180.72999572753903,194.6571807861328,75.25535583496094,41.94683074951172
2017-09-05 00:00:00-04:00,19.917938232421875,176.97999572753906,187.67678833007807,73.45809936523438,41.230838775634766
2017-09-06 00:00:00-04:00,20.003387451171875,176.7899932861328,188.5817108154297,73.95050048828125,41.04978561401367
2017-09-07 00:00:00-04:00,19.627412796020508,173.99000549316406,186.0049743652344,72.6538314819336,40.88519287109375
2017-09-08 00:00:00-04:00,19.55905532836914,175.5,187.1856231689453,72.56355285644531,40.80289840698242
2017-09-11 00:00:00-04:00,19.96066665649414,177.8699951171875,190.50344848632807,73.6878890991211,41.691707611083984
2017-09-12 00:00:00-04:00,20.46480369567871,178.6300048828125,194.71751403808597,74.59059143066406,42.44060516357422
2017-09-13 00:00:00-04:00,20.78951072692871,178.9199981689453,195.24317932128903,74.80398559570312,42.35008239746094
2017-09-14 00:00:00-04:00,20.712602615356445,178.57000732421875,195.49310302734372,74.65626525878906,42.21017456054688
2017-09-15 00:00:00-04:00,20.83223533630371,179.88999938964844,194.08837890625,75.189697265625,42.51466751098633
2017-09-18 00:00:00-04:00,21.105663299560547,181.47000122070312,196.07907104492188,76.25656127929688,43.3787956237793
2017-09-19 00:00:00-04:00,21.24238395690918,183.00999450683597,197.26840209960935,77.09365844726562,43.91372299194336
2017-09-20 00:00:00-04:00,21.41328239440918,183.82000732421875,198.0266571044922,77.63528442382812,44.23468780517578
2017-09-21 00:00:00-04:00,21.498727798461918,183.16000366210935,199.31935119628903,77.98816680908203,44.48981094360352
2017-09-22 00:00:00-04:00,21.37909698486328,181.8600006103516,199.09527587890625,77.82404327392578,44.64616394042969
2017-09-25 00:00:00-04:00,21.15693664550781,182.5200042724609,198.4317169189453,77.24137878417969,44.465118408203125
2017-09-26 00:00:00-04:00,21.19965934753418,181.8600006103516,198.15594482421875,76.89669036865234,44.27583312988281
2017-09-27 00:00:00-04:00,21.712350845336918,183.2700042724609,202.3097076416016,78.11127471923828,44.613258361816406
2017-09-28 00:00:00-04:00,21.746530532836918,183.2100067138672,202.9215240478516,78.27542877197266,44.64616394042969
2017-09-29 00:00:00-04:00,21.65253448486328,183.32000732421875,204.40380859375,78.3821029663086,45.386844635009766
2017-10-02 00:00:00-04:00,21.89179039001465,185.41000366210935,207.3855438232422,79.4736099243164,45.65019226074219
2017-10-03 00:00:00-04:00,22.09686279296875,185.6699981689453,208.2214508056641,79.89213562011719,45.74072265625
2017-10-04 00:00:00-04:00,21.96869468688965,185.8300018310547,207.0925750732422,79.07966613769531,45.23048400878906
2017-10-05 00:00:00-04:00,22.32756996154785,187.1199951171875,212.0477600097656,80.14451599121094,45.58435821533203
2017-10-06 00:00:00-04:00,22.39593315124512,187.42999267578125,212.01329040527344,80.00418853759766,45.74072265625
2017-10-09 00:00:00-04:00,22.08831787109375,187.5,209.2383728027344,79.58321380615234,45.37861633300781
2017-10-10 00:00:00-04:00,22.156673431396484,188.0,209.06597900390625,80.17754364013672,45.765411376953125
2017-10-11 00:00:00-04:00,22.07122802734375,187.4600067138672,208.89366149902344,79.93814849853516,45.80655670166016
2017-10-12 00:00:00-04:00,21.746530532836918,186.3000030517578,206.65306091308597,79.23650360107422,45.436222076416016
2017-10-13 00:00:00-04:00,22.07122802734375,187.3699951171875,205.55856323242188,79.12921905517578,44.185306549072266
2017-10-16 00:00:00-04:00,22.421573638916016,187.9600067138672,208.90220642089844,80.76361083984375,44.27583312988281
2017-10-17 00:00:00-04:00,22.38739013671875,187.38999938964844,203.45584106445312,80.5820083618164,43.77382659912109
2017-10-18 00:00:00-04:00,22.62664604187012,187.8500061035156,208.5747985839844,80.88743591308594,43.95487594604492
2017-10-19 00:00:00-04:00,22.712093353271484,187.2100067138672,206.8167724609375,80.98651123046875,44.23468780517578
2017-10-20 00:00:00-04:00,23.21623420715332,189.0399932861328,210.90159606933597,82.14217376708984,45.19755935668945
2017-10-23 00:00:00-04:00,23.207687377929688,189.38999938964844,208.66099548339844,82.0018081665039,45.189334869384766
2017-10-24 00:00:00-04:00,23.65202522277832,189.77999877929688,210.99636840820312,83.30603790283203,45.60903549194336
2017-10-25 00:00:00-04:00,23.60929298400879,188.7100067138672,208.29905700683597,83.38860321044922,45.46914291381836
2017-10-26 00:00:00-04:00,23.70328521728516,188.6100006103516,208.3076171875,83.9829330444336,45.77363586425781
2017-10-27 00:00:00-04:00,23.75455474853516,188.58999633789065,208.29905700683597,84.0076904296875,45.9793815612793
2017-10-30 00:00:00-04:00,23.583660125732425,187.8500061035156,207.5923614501953,83.71056365966797,45.96293258666992
2017-10-31 00:00:00-04:00,23.404216766357425,186.94000244140625,208.9625701904297,83.0501708984375,46.20158767700195
2017-11-01 00:00:00-04:00,23.523845672607425,187.1699981689453,210.49655151367188,83.30603790283203,46.25919342041016
2017-11-02 00:00:00-04:00,23.81437492370605,188.6100006103516,212.75442504882807,83.85909271240234,46.806148529052734
2017-11-03 00:00:00-04:00,23.771642684936523,187.2700042724609,210.61720275878903,83.71056365966797,46.69841003417969
2017-11-06 00:00:00-05:00,23.71183204650879,186.67999267578125,209.83294677734372,83.19049072265625,46.55752944946289
2017-11-07 00:00:00-05:00,23.224777221679688,186.3000030517578,206.6616668701172,81.51478576660156,45.62106704711914
2017-11-08 00:00:00-05:00,22.89153289794922,184.6000061035156,207.90261840820312,80.59852600097656,44.96638870239258
2017-11-09 00:00:00-05:00,22.63518714904785,184.4900054931641,207.5061798095703,80.59027099609375,44.75092697143555
2017-11-10 00:00:00-05:00,22.65227508544922,183.67999267578125,206.9546813964844,80.49122619628906,44.59346771240234
2017-11-13 00:00:00-05:00,22.558279037475582,184.3999938964844,207.05804443359372,80.7801284790039,44.51888656616211
2017-11-14 00:00:00-05:00,22.421573638916016,183.33999633789065,204.4468536376953,80.29309844970703,44.7840690612793
2017-11-15 00:00:00-05:00,22.89153289794922,181.80999755859372,204.7657928466797,81.05254364013672,44.54374313354492
2017-11-16 00:00:00-05:00,22.86589813232422,182.0500030517578,206.28244018554688,81.28366088867188,45.248146057128906
2017-11-17 00:00:00-05:00,22.746267318725582,181.05999755859372,205.1190948486328,81.01126098632812,44.8752326965332
2017-11-20 00:00:00-05:00,22.848806381225582,181.6300048828125,205.21388244628903,81.72943115234375,44.7923698425293
2017-11-21 00:00:00-05:00,22.84026527404785,183.17999267578125,205.1190948486328,81.66337585449219,45.181861877441406
2017-11-22 00:00:00-05:00,22.780447006225582,182.55999755859372,203.7489013671875,81.42398071289062,44.80065155029297
2017-11-24 00:00:00-05:00,22.72063446044922,182.3600006103516,203.33518981933597,81.15984344482422,44.82550048828125
2017-11-27 00:00:00-05:00,22.72063446044922,183.4900054931641,202.61134338378903,80.83792114257812,44.70948028564453
2017-11-28 00:00:00-05:00,23.61783790588379,187.5399932861328,206.31690979003903,83.66926574707031,46.05201721191406
2017-11-29 00:00:00-05:00,24.16470718383789,189.8500061035156,208.6510162353516,85.6256103515625,46.971900939941406
2017-11-30 00:00:00-05:00,24.173288345336918,193.00999450683597,214.0800018310547,86.2777328491211,46.79786682128906
2017-12-01 00:00:00-05:00,24.11322021484375,194.55999755859372,215.2124481201172,86.50060272216797,46.5740966796875
2017-12-04 00:00:00-05:00,24.937015533447266,196.9600067138672,216.68206787109372,88.28361511230469,47.56027603149414
2017-12-05 00:00:00-05:00,24.825458526611328,196.07000732421875,214.676513671875,87.268310546875,48.5215950012207
2017-12-06 00:00:00-05:00,24.57660484313965,196.00999450683597,212.6189727783203,86.61617279052734,48.53816986083984
2017-12-07 00:00:00-05:00,24.69674301147461,196.33999633789065,214.87530517578125,86.36027526855469,49.192867279052734
2017-12-08 00:00:00-05:00,24.928438186645508,196.44000244140625,216.42269897460935,87.44163513183594,49.15143585205078
2017-12-11 00:00:00-05:00,24.83404541015625,196.6999969482422,216.2325897216797,87.18576049804688,48.78678894042969
2017-12-12 00:00:00-05:00,25.160125732421875,199.07000732421875,222.7593688964844,88.20106506347656,49.99672317504883
2017-12-13 00:00:00-05:00,24.74822425842285,197.3999938964844,220.9266662597656,87.0949478149414,49.22601318359375
2017-12-14 00:00:00-05:00,24.653839111328125,196.66000366210935,220.8575134277344,86.39330291748047,49.076847076416016
2017-12-15 00:00:00-05:00,24.919857025146484,197.77999877929688,222.3184967041016,87.61498260498047,49.61551284790039
2017-12-18 00:00:00-05:00,25.29742431640625,199.33999633789065,224.7822265625,88.29187774658203,50.48566055297852
2017-12-19 00:00:00-05:00,25.27168655395508,197.91000366210935,221.72203063964844,87.92041778564453,50.0215950012207
2017-12-20 00:00:00-05:00,25.29742431640625,197.7899932861328,220.59815979003903,87.61498260498047,49.83926010131836
2017-12-21 00:00:00-05:00,25.58919334411621,198.88999938964844,225.6380920410156,89.01002502441406,51.0574836730957
2017-12-22 00:00:00-05:00,25.64067649841309,197.9199981689453,223.87452697753903,88.69634246826172,51.00776672363281
2017-12-26 00:00:00-05:00,25.55486297607422,197.57000732421875,222.79397583007807,88.34138488769531,50.65970230102539
2017-12-27 00:00:00-05:00,25.5119571685791,198.69000244140625,221.2637939453125,88.50650024414062,50.510528564453125
2017-12-28 00:00:00-05:00,25.572025299072266,199.55999755859372,221.73928833007807,88.97702026367188,50.80057907104492
2017-12-29 00:00:00-05:00,25.331750869750977,198.22000122070312,220.23507690429688,88.27536010742188,50.27848052978516
2018-01-02 00:00:00-05:00,25.6578369140625,197.22000122070312,221.02178955078125,89.10908508300781,50.62654876708984
2018-01-03 00:00:00-05:00,25.572025299072266,199.7899932861328,218.96435546875,89.19986724853516,51.016056060791016
2018-01-04 00:00:00-05:00,25.90669250488281,200.69000244140625,222.0245056152344,90.47771453857422,51.65416717529297
2018-01-05 00:00:00-05:00,26.026830673217773,201.4199981689453,220.89208984375,89.8968734741211,52.002235412597656
2018-01-08 00:00:00-05:00,25.84662628173828,202.7400054931641,217.68487548828125,90.0296630859375,51.41384506225586
2018-01-09 00:00:00-05:00,25.975341796875,203.0200042724609,219.52622985839844,90.48602294921876,51.59615707397461
2018-01-10 00:00:00-05:00,26.21561622619629,205.6100006103516,219.8633575439453,91.48172760009766,52.308860778808594
2018-01-11 00:00:00-05:00,26.310007095336918,206.69000244140625,220.5549468994141,91.9712905883789,52.21768951416016
2018-01-12 00:00:00-05:00,26.764816284179688,210.16000366210935,222.19747924804688,93.48977661132812,51.83647918701172
2018-01-16 00:00:00-05:00,26.807722091674805,210.2899932861328,223.4336395263672,93.15787506103516,51.7950439453125
2018-01-17 00:00:00-05:00,26.7562313079834,214.16000366210935,219.2755126953125,93.75529479980467,52.93867874145508
2018-01-18 00:00:00-05:00,27.01366424560547,213.19000244140625,216.95872497558597,93.97933197021484,52.99669647216797
2018-01-19 00:00:00-05:00,27.21961975097656,213.25,221.41075134277344,93.77190399169922,53.2204475402832
2018-01-22 00:00:00-05:00,27.40840721130371,215.97000122070312,226.0789337158203,94.86719512939452,53.64310073852539
2018-01-23 00:00:00-05:00,27.39124870300293,215.55999755859372,224.84278869628903,94.76760864257812,53.44419097900391
2018-01-24 00:00:00-05:00,27.5371208190918,215.6100006103516,229.67523193359372,95.97907257080078,54.26465225219727
2018-01-25 00:00:00-05:00,27.5371208190918,215.1000061035156,232.57122802734372,96.00397491455078,54.40551376342773
2018-01-26 00:00:00-05:00,27.63151359558105,217.19000244140625,231.8018798828125,96.5184326171875,54.63755035400391
2018-01-29 00:00:00-05:00,27.70016860961914,215.4600067138672,235.55372619628903,96.4188461303711,54.5463981628418
2018-01-30 00:00:00-05:00,27.356914520263672,214.41000366210935,232.4934539794922,95.51441955566406,54.0988883972168
2018-01-31 00:00:00-05:00,27.45989227294922,214.3800048828125,231.58575439453125,95.97907257080078,54.51325988769531
2018-02-01 00:00:00-05:00,27.888952255249023,217.25,235.33758544921875,96.97479248046876,54.61328125
2018-02-02 00:00:00-05:00,27.41698455810547,209.1199951171875,224.7995758056641,94.82569122314452,53.41282272338867
2018-02-05 00:00:00-05:00,25.96676445007324,196.8000030517578,215.35081481933597,90.2786102294922,48.4858627319336
2018-02-06 00:00:00-05:00,26.773399353027344,201.2400054931641,223.64117431640625,93.02510833740234,47.75224304199219
2018-02-07 00:00:00-05:00,26.816301345825195,200.3699951171875,222.2579345703125,93.6557388305664,47.96897888183594
2018-02-08 00:00:00-05:00,25.52053642272949,191.4199981689453,212.9647674560547,89.51519775390625,46.1849479675293
2018-02-09 00:00:00-05:00,26.026830673217773,196.0200042724609,215.5150451660156,91.30748748779295,46.79353332519531
2018-02-12 00:00:00-05:00,26.704748153686523,198.88999938964844,218.85191345214844,92.71810150146484,47.10198211669922
2018-02-13 00:00:00-05:00,26.7562313079834,197.9900054931641,220.90069580078125,93.29063415527344,48.35248565673828
2018-02-14 00:00:00-05:00,27.45989227294922,200.5399932861328,226.99530029296875,95.44801330566406,49.6446533203125
2018-02-15 00:00:00-05:00,27.64009475708008,203.8999938964844,231.40419006347656,95.8463134765625,50.03647613525391
2018-02-16 00:00:00-05:00,27.434144973754883,203.7899932861328,231.35227966308597,95.1576156616211,49.978126525878906
2018-02-20 00:00:00-05:00,27.399826049804688,203.0500030517578,228.99229431152344,95.1825180053711,49.978126525878906
2018-02-21 00:00:00-05:00,27.34834289550781,201.0200042724609,227.7041778564453,95.580810546875,49.79471206665039
2018-02-22 00:00:00-05:00,27.193872451782227,200.72999572753903,226.00115966796875,95.40653228759766,49.02774429321289
2018-02-23 00:00:00-05:00,27.485631942749023,202.75999450683597,230.6175079345703,97.33989715576172,49.32786178588867
2018-02-26 00:00:00-05:00,27.82030487060547,210.6199951171875,234.4990081787109,98.5513687133789,49.99479675292969
2018-02-27 00:00:00-05:00,27.74307632446289,209.66000366210935,231.62026977539065,97.3813934326172,49.36121368408203
2018-02-28 00:00:00-05:00,27.545703887939453,207.1999969482422,227.93592834472656,95.8380126953125,48.69428253173828
2018-03-01 00:00:00-05:00,27.11503028869629,201.52999877929688,222.6044158935547,94.12039184570312,47.777252197265625
2018-03-02 00:00:00-05:00,27.24423599243164,201.33999633789065,223.76614379882807,94.02911376953124,47.86062240600586
2018-03-05 00:00:00-05:00,27.67490577697754,203.2400054931641,228.10064697265625,95.47290802001952,48.01068878173828
2018-03-06 00:00:00-05:00,27.65768051147461,204.5500030517578,231.4035186767578,95.55590057373048,47.57717514038086
2018-03-07 00:00:00-05:00,27.71797180175781,204.3000030517578,230.0338592529297,95.19910430908205,47.18534469604492
2018-03-08 00:00:00-05:00,27.735197067260746,205.2899932861328,230.8920745849609,95.20738983154295,47.28539276123047
2018-03-09 00:00:00-05:00,28.1830997467041,212.94000244140625,234.73248291015625,97.94561767578124,48.544227600097656
2018-03-12 00:00:00-04:00,28.286460876464844,211.82000732421875,236.99514770507807,97.63031005859376,48.3691635131836
2018-03-13 00:00:00-04:00,27.87301445007324,209.1300048828125,232.7906188964844,96.46035766601562,47.98567962646485
2018-03-14 00:00:00-04:00,27.68352508544922,206.9900054931641,229.2362518310547,95.38166046142578,47.21036148071289
2018-03-15 00:00:00-04:00,27.649065017700195,207.82000732421875,231.1261444091797,95.62228393554688,47.37710571289063
2018-03-16 00:00:00-04:00,27.709360122680664,206.9600067138672,231.98443603515625,95.78823852539062,46.60179901123047
2018-03-19 00:00:00-04:00,27.54570770263672,203.9900054931641,227.5891876220703,95.03314208984376,46.25164794921875
2018-03-20 00:00:00-04:00,27.54570770263672,204.75,228.1613311767578,95.12442779541016,45.76811981201172
2018-03-21 00:00:00-04:00,27.450963973999023,204.8300018310547,226.99966430664065,95.20738983154295,45.67642593383789
2018-03-22 00:00:00-04:00,26.313987731933597,197.6300048828125,218.98081970214844,91.2328109741211,43.79233932495117
2018-03-23 00:00:00-04:00,25.12533569335937,192.4600067138672,212.61767578125,88.7933120727539,42.50016784667969
2018-03-26 00:00:00-04:00,26.219240188598636,199.33999633789065,220.9573516845703,91.53150939941406,43.59226989746094
2018-03-27 00:00:00-04:00,25.42680549621582,196.1499938964844,214.3515167236328,89.7558364868164,42.60020065307617
2018-03-28 00:00:00-04:00,25.314830780029297,196.6699981689453,216.1806640625,89.6147689819336,42.916988372802734
2018-03-29 00:00:00-04:00,25.83163452148437,199.47999572753903,218.33929443359372,91.24939727783205,43.69230270385742
2018-04-02 00:00:00-04:00,25.245925903320312,195.0,214.4295196533203,89.49031829833984,42.80861282348633
2018-04-03 00:00:00-04:00,25.48710250854492,197.9600067138672,217.2296295166016,90.71836853027344,43.41720199584961
2018-04-04 00:00:00-04:00,25.73689079284668,200.1100006103516,218.9981231689453,92.09577178955078,44.109134674072266
2018-04-05 00:00:00-04:00,26.11588287353516,200.8500061035156,221.76356506347656,93.30504608154295,44.40090560913086
2018-04-06 00:00:00-04:00,25.52155494689941,195.4900054931641,216.7008056640625,90.9782485961914,43.542240142822266
2018-04-09 00:00:00-04:00,25.728273391723636,195.3300018310547,218.6253662109375,92.07074737548828,43.55891418457031
2018-04-10 00:00:00-04:00,26.253692626953125,197.8000030517578,222.42242431640625,93.83045196533205,43.86736679077149
2018-04-11 00:00:00-04:00,25.754114151000977,195.22000122070312,219.2755584716797,92.25420379638672,43.29215240478516
2018-04-12 00:00:00-04:00,26.40011978149414,198.1300048828125,225.0404357910156,94.54764556884766,43.9340705871582
2018-04-13 00:00:00-04:00,25.6679801940918,197.0,221.85894775390625,91.98737335205078,42.42512512207031
2018-04-16 00:00:00-04:00,25.77995491027832,198.22000122070312,223.55804443359372,91.91228485107422,42.3501091003418
2018-04-17 00:00:00-04:00,25.87470245361328,199.2700042724609,219.87368774414065,91.91228485107422,42.15835571289063
2018-04-18 00:00:00-04:00,25.435420989990234,199.50999450683597,220.19444274902344,91.17007446289062,42.0083122253418
2018-04-19 00:00:00-04:00,25.99529457092285,200.3800048828125,220.34182739257807,93.17159271240234,42.967018127441406
2018-04-20 00:00:00-04:00,26.06420135498047,200.1300048828125,218.42596435546875,92.96310424804688,43.81735610961914
2018-04-23 00:00:00-04:00,26.11588287353516,199.4199981689453,213.83999633789065,92.51275634765624,43.85903549194336
2018-04-24 00:00:00-04:00,26.003904342651367,196.8000030517578,210.21632385253903,92.0791015625,43.77566146850586
2018-04-25 00:00:00-04:00,25.96083641052246,196.8000030517578,207.39024353027344,91.72882080078124,44.2758674621582
2018-04-26 00:00:00-04:00,25.900543212890625,197.02999877929688,208.13575744628903,91.820556640625,43.71731185913086
2018-04-27 00:00:00-04:00,25.969451904296875,197.22999572753903,207.8843688964844,91.23678588867188,43.65061950683594
2018-04-30 00:00:00-04:00,25.771345138549805,193.72999572753903,206.6099853515625,90.71971130371094,43.31715393066406
2018-05-01 00:00:00-04:00,25.79718589782715,195.1100006103516,205.17100524902344,90.71971130371094,43.81735610961914
2018-05-02 00:00:00-04:00,25.478485107421875,193.30999755859372,202.89968872070312,90.00249481201172,43.50889205932617
2018-05-03 00:00:00-04:00,25.15117835998535,191.6100006103516,202.34483337402344,89.43538665771484,43.29051208496094
2018-05-04 00:00:00-04:00,25.237314224243164,195.63999938964844,203.67120361328125,90.42781829833984,44.02125930786133
2018-05-07 00:00:00-04:00,25.530162811279297,197.05999755859372,205.63038635253903,91.2117691040039,44.23124313354492
2018-05-08 00:00:00-04:00,25.77995491027832,196.2400054931641,205.45703125,92.5627899169922,44.67641830444336
2018-05-09 00:00:00-04:00,26.46041488647461,199.8699951171875,209.5574951171875,94.58101654052734,45.155181884765625
2018-05-10 00:00:00-04:00,26.60684967041016,201.1999969482422,211.03993225097656,95.31490325927734,45.9027214050293
2018-05-11 00:00:00-04:00,26.6326847076416,199.3000030517578,210.589111328125,94.9562759399414,45.7347297668457
2018-05-14 00:00:00-04:00,26.804954528808597,199.17999267578125,211.4473419189453,94.98967742919922,45.75993347167969
2018-05-15 00:00:00-04:00,26.89108657836914,197.3600006103516,209.41015625,94.26409912109376,45.98671340942383
2018-05-16 00:00:00-04:00,26.753271102905277,197.8300018310547,208.88995361328125,94.52263641357422,46.23030090332031
2018-05-17 00:00:00-04:00,26.537935256958008,197.4900054931641,207.2775421142578,94.20575714111328,45.54155349731445
2018-05-18 00:00:00-04:00,26.06420135498047,196.05999755859372,205.45703125,92.67955017089844,45.10478210449219
2018-05-21 00:00:00-04:00,26.313987731933597,197.91000366210935,206.06390380859372,93.53020477294922,45.810333251953125
2018-05-22 00:00:00-04:00,26.60684967041016,198.1300048828125,206.3239288330078,94.24742126464844,46.41508865356445
2018-05-23 00:00:00-04:00,26.219240188598636,195.9499969482422,206.15924072265625,93.8137664794922,47.18783950805664
2018-05-24 00:00:00-04:00,26.021127700805664,194.8300018310547,204.67681884765625,92.76295471191406,45.91952896118164
2018-05-25 00:00:00-04:00,25.97806167602539,194.1499938964844,203.73187255859372,92.28758239746094,46.11270904541016
2018-05-29 00:00:00-04:00,24.9444522857666,189.8699951171875,196.81398010253903,88.3428955078125,44.47483444213867
2018-05-30 00:00:00-04:00,25.40096473693848,194.1000061035156,199.36297607421875,90.36109161376952,45.54994201660156
2018-05-31 00:00:00-04:00,25.11556434631348,191.52999877929688,196.50946044921875,89.24359130859375,45.34836959838867
2018-06-01 00:00:00-04:00,25.42691421508789,192.22999572753903,198.65830993652344,90.4028091430664,45.936317443847656
2018-06-04 00:00:00-04:00,25.42691421508789,191.3000030517578,199.99806213378903,90.44448852539062,46.05392074584961
2018-06-05 00:00:00-04:00,25.18475341796875,190.7700042724609,198.64962768554688,89.93576049804688,45.77672958374024
2018-06-06 00:00:00-04:00,25.980419158935547,193.9900054931641,202.03379821777344,92.0373764038086,46.683876037597656
2018-06-07 00:00:00-04:00,26.023666381835938,195.57000732421875,203.0951690673828,92.40435028076172,46.72587203979492
2018-06-08 00:00:00-04:00,25.954477310180664,196.00999450683597,203.04299926757807,92.66287231445312,46.76786422729492
2018-06-11 00:00:00-04:00,25.99771881103516,195.3300018310547,203.65191650390625,92.42937469482422,46.62507247924805
2018-06-12 00:00:00-04:00,25.859338760375977,195.2700042724609,202.38180541992188,91.89561462402344,46.5158805847168
2018-06-13 00:00:00-04:00,25.807449340820312,194.5500030517578,203.42578125,91.7121353149414,46.331092834472656
2018-06-14 00:00:00-04:00,25.513399124145508,192.5,203.2691345214844,90.09423828125,45.97832489013672
2018-06-15 00:00:00-04:00,25.32312774658203,191.75999450683597,201.7641143798828,89.98582458496094,46.179908752441406
2018-06-18 00:00:00-04:00,25.42691421508789,191.1100006103516,201.30303955078125,90.21934509277344,46.2639045715332
2018-06-19 00:00:00-04:00,25.30583000183105,190.3500061035156,198.63218688964844,89.69393157958984,46.2639045715332
2018-06-20 00:00:00-04:00,25.288537979125977,189.5,198.19723510742188,89.6855697631836,45.75993347167969
2018-06-21 00:00:00-04:00,25.33177947998047,188.8600006103516,197.4664306640625,89.66056060791016,45.66754531860352
2018-06-22 00:00:00-04:00,25.07232093811035,188.91000366210935,196.6312713623047,88.19276428222656,45.30636978149414
2018-06-25 00:00:00-04:00,24.63124084472656,186.72999572753903,192.73377990722656,87.39215087890625,45.32316207885742
2018-06-26 00:00:00-04:00,24.68312644958496,186.44000244140625,192.7686004638672,87.45052337646484,44.87800216674805
2018-06-27 00:00:00-04:00,24.42367553710937,184.91000366210935,191.5506134033203,86.0994873046875,44.75200653076172
2018-06-28 00:00:00-04:00,24.795560836791992,187.08999633789065,194.3693084716797,87.50889587402344,45.04598617553711
2018-06-29 00:00:00-04:00,24.380428314208984,186.6499938964844,191.889892578125,86.90011596679688,46.56627655029297
2018-07-02 00:00:00-04:00,24.45826530456543,187.8300018310547,194.23016357421875,87.63402557373047,47.305423736572266
2018-07-03 00:00:00-04:00,24.02583122253418,186.0200042724609,191.72462463378903,86.40805053710938,46.66706466674805
2018-07-05 00:00:00-04:00,24.14691734313965,187.5,192.03782653808597,86.9698715209961,46.39829254150391
2018-07-06 00:00:00-04:00,24.24205207824707,187.55999755859372,192.9513092041016,87.25494384765625,46.94425201416016
2018-07-09 00:00:00-04:00,25.124210357666016,189.63999938964844,198.3451232910156,89.9549331665039,47.68339157104492
2018-07-10 00:00:00-04:00,24.93393898010254,189.8999938964844,197.3533477783203,89.40155029296875,47.55740737915039
2018-07-11 00:00:00-04:00,24.804208755493164,189.91000366210935,196.318115234375,89.20867919921875,47.0954475402832
2018-07-12 00:00:00-04:00,24.88204574584961,189.9600067138672,197.67523193359372,89.59437561035156,47.06184387207031
2018-07-13 00:00:00-04:00,24.6917781829834,190.9600067138672,196.9705810546875,89.18354034423828,46.49909210205078
2018-07-16 00:00:00-04:00,25.755556106567383,192.0,201.34654235839844,92.72200012207033,47.8681869506836
2018-07-17 00:00:00-04:00,25.954477310180664,190.41000366210935,200.9811248779297,92.65495300292967,47.50701141357422
2018-07-18 00:00:00-04:00,26.058258056640625,200.44000244140625,201.1725006103516,93.51860809326172,47.51540756225586
2018-07-19 00:00:00-04:00,25.660425186157227,197.4900054931641,199.77186584472656,92.14344787597656,47.31381988525391
2018-07-20 00:00:00-04:00,26.058258056640625,196.77999877929688,201.56402587890625,93.3089828491211,47.38102722167969
2018-07-23 00:00:00-04:00,26.59447479248047,197.8500061035156,203.3648681640625,95.044677734375,48.716529846191406
2018-07-24 00:00:00-04:00,26.66366004943848,198.4600067138672,205.209228515625,95.7154769897461,49.010498046875
2018-07-25 00:00:00-04:00,26.871232986450195,197.6100006103516,205.9138946533203,96.57913970947266,48.90971374511719
2018-07-26 00:00:00-04:00,26.7588005065918,197.4600067138672,206.27931213378903,96.30243682861328,48.97691345214844
2018-07-27 00:00:00-04:00,26.862579345703125,197.9499969482422,206.74034118652344,97.29187774658205,49.24568176269531
2018-07-30 00:00:00-04:00,27.078800201416016,199.08999633789065,207.8800201416016,97.87885284423828,49.12809371948242
2018-07-31 00:00:00-04:00,26.706907272338867,197.8699951171875,206.55767822265625,96.38629150390624,48.12017059326172
2018-08-01 00:00:00-04:00,27.02690696716309,197.8500061035156,205.348388671875,96.98163604736328,48.42254638671875
2018-08-02 00:00:00-04:00,27.0528507232666,198.05999755859372,203.5649871826172,97.3924789428711,48.96010208129883
2018-08-03 00:00:00-04:00,27.251768112182617,200.2400054931641,203.65191650390625,98.1807098388672,49.41367721557617
2018-08-06 00:00:00-04:00,27.26041603088379,206.05999755859372,205.252685546875,98.20586395263672,49.46407318115234
2018-08-07 00:00:00-04:00,27.251768112182617,208.72000122070312,206.9056396484375,98.56642150878906,49.4052848815918
2018-08-08 00:00:00-04:00,27.50257873535156,208.94000244140625,205.63548278808597,98.76764678955078,49.7160530090332
2018-08-09 00:00:00-04:00,27.3296012878418,209.1000061035156,203.38232421875,98.00462341308594,49.445308685302734
2018-08-10 00:00:00-04:00,26.97500991821289,206.6300048828125,199.7544860839844,97.04031372070312,49.11532974243164
2018-08-13 00:00:00-04:00,26.360960006713867,205.1699981689453,197.36203002929688,95.49746704101562,48.7430534362793
2018-08-14 00:00:00-04:00,26.62906837463379,205.8300018310547,199.71096801757807,96.1347427368164,49.13225173950195
2018-08-15 00:00:00-04:00,26.257179260253903,204.5,199.44125366210935,95.33815002441406,49.0645637512207
2018-08-16 00:00:00-04:00,26.568523406982425,207.55999755859372,202.70367431640625,96.2353515625,49.63143539428711
2018-08-17 00:00:00-04:00,26.585826873779297,208.13999938964844,203.0342712402344,96.2353515625,49.8006591796875
2018-08-20 00:00:00-04:00,26.698257446289062,208.4600067138672,205.1222076416016,96.10958862304688,49.94449615478516
2018-08-21 00:00:00-04:00,26.827985763549805,208.4900054931641,207.6190185546875,96.696533203125,49.88527297973633
2018-08-22 00:00:00-04:00,26.79339027404785,207.3300018310547,208.21934509277344,96.40306091308594,50.06294631958008
2018-08-23 00:00:00-04:00,26.672311782836918,207.2400054931641,205.60939025878903,96.20182800292967,49.597599029541016
2018-08-24 00:00:00-04:00,26.715559005737305,207.97999572753903,204.539306640625,96.15989685058594,49.65683364868164
2018-08-27 00:00:00-04:00,27.078800201416016,210.50999450683597,211.05540466308597,97.86206817626952,50.00373077392578
2018-08-28 00:00:00-04:00,27.044198989868164,210.7700042724609,210.85536193847656,97.38411712646484,49.97834777832031
2018-08-29 00:00:00-04:00,26.931774139404297,211.2700042724609,210.70692443847656,97.06546783447266,49.88527297973633
2018-08-30 00:00:00-04:00,26.819339752197266,209.75,208.9611968994141,96.58753204345705,49.46222305297852
2018-08-31 00:00:00-04:00,26.750146865844727,208.72000122070312,207.5734100341797,96.07604217529295,49.47916030883789
2018-09-04 00:00:00-04:00,26.931774139404297,210.0500030517578,207.4424743652344,96.5540008544922,49.74989700317383
2018-09-05 00:00:00-04:00,26.96636199951172,212.25999450683597,207.35520935058597,96.0844268798828,49.87681198120117
2018-09-06 00:00:00-04:00,26.8099365234375,212.8800048828125,204.70169067382807,95.67354583740234,49.01380157470703
2018-09-07 00:00:00-04:00,26.818626403808597,214.0399932861328,204.1692657470703,95.8580322265625,48.56537628173828
2018-09-10 00:00:00-04:00,26.783863067626957,215.1100006103516,202.42355346679688,95.34654235839844,48.61613082885742
2018-09-11 00:00:00-04:00,26.8099365234375,215.1000061035156,200.93972778320312,95.95027160644533,48.5484619140625
2018-09-12 00:00:00-04:00,26.44493865966797,214.58999633789065,199.1416015625,94.81828308105467,47.330078125
2018-09-13 00:00:00-04:00,26.19291305541992,214.88999938964844,199.2987823486328,95.18722534179688,46.53476333618164
2018-09-14 00:00:00-04:00,26.392799377441406,216.3699951171875,200.0930328369141,95.1704559326172,46.30631637573242
2018-09-17 00:00:00-04:00,26.31458282470703,216.2899932861328,198.9147186279297,95.4555435180664,45.950965881347656
2018-09-18 00:00:00-04:00,26.253746032714844,218.3000030517578,199.78753662109372,95.84125518798828,46.11172103881836
2018-09-19 00:00:00-04:00,26.940290451049805,220.9499969482422,205.626953125,98.62511444091795,46.72090530395508
2018-09-20 00:00:00-04:00,27.105411529541016,221.67999267578125,207.21554565429688,99.47199249267578,47.000118255615234
2018-09-21 00:00:00-04:00,26.96636199951172,220.5200042724609,205.4174652099609,98.81796264648438,46.526309967041016
2018-09-24 00:00:00-04:00,26.714344024658203,218.1300048828125,203.2876892089844,97.87044525146484,45.90866470336914
2018-09-25 00:00:00-04:00,26.65350914001465,218.0500030517578,202.93853759765625,97.59373474121094,45.88327026367188
2018-09-26 00:00:00-04:00,26.184228897094727,216.1100006103516,199.7787933349609,96.44497680664062,44.97796630859375
2018-09-27 00:00:00-04:00,26.019102096557617,216.6999969482422,198.7837829589844,96.0257339477539,44.6902961730957
2018-09-28 00:00:00-04:00,25.601964950561523,214.1100006103516,195.72879028320312,94.61702728271484,44.47031784057617
2018-10-01 00:00:00-04:00,25.767087936401367,214.77999877929688,196.68020629882807,95.1704559326172,44.20802688598633
2018-10-02 00:00:00-04:00,25.70624542236328,215.2899932861328,197.3260955810547,95.5645523071289,44.10649871826172
2018-10-03 00:00:00-04:00,26.07125473022461,216.3999938964844,198.81869506835935,96.46176147460938,44.54646682739258
2018-10-04 00:00:00-04:00,26.44493865966797,218.97000122070312,198.55679321289065,97.33145141601562,45.27409362792969
2018-10-05 00:00:00-04:00,26.271127700805664,219.4600067138672,197.0118865966797,96.78262329101562,45.00335311889648
2018-10-08 00:00:00-04:00,26.305889129638672,222.05999755859372,196.6976318359375,97.3736801147461,45.40945816040039
2018-10-09 00:00:00-04:00,26.053869247436523,223.75999450683597,194.56787109375,96.69818115234376,45.29100799560547
2018-10-10 00:00:00-04:00,25.410778045654297,213.1000061035156,187.56756591796875,94.12281036376952,44.36032104492188
2018-10-11 00:00:00-04:00,24.64602279663086,205.19000244140625,185.8917236328125,91.3026123046875,43.522705078125
2018-10-12 00:00:00-04:00,24.732925415039062,206.8000030517578,186.6772918701172,90.30624389648438,44.08957290649414
2018-10-15 00:00:00-04:00,24.263643264770508,205.02999877929688,187.85562133789065,89.79115295410156,45.045658111572266
2018-10-16 00:00:00-04:00,24.79375648498535,209.8300018310547,193.5117034912109,91.71636199951172,45.46023178100586
2018-10-17 00:00:00-04:00,25.11530494689941,210.5200042724609,199.25511169433597,92.73804473876952,46.07787704467773
2018-10-18 00:00:00-04:00,24.55042266845703,208.6999969482422,196.34848022460935,91.2688217163086,44.92721176147461
2018-10-19 00:00:00-04:00,24.611255645751957,209.8300018310547,198.10296630859372,91.11682891845705,44.74953079223633
2018-10-22 00:00:00-04:00,23.794361114501957,206.19000244140625,193.42446899414065,89.80804443359375,43.70037460327149
2018-10-23 00:00:00-04:00,23.481502532958984,204.0,190.77096557617188,88.87077331542969,43.62422943115234
2018-10-24 00:00:00-04:00,22.760202407836918,199.80999755859372,182.58355712890625,87.2157974243164,42.46508026123047
2018-10-25 00:00:00-04:00,23.10781478881836,201.97999572753903,186.7994537353516,88.54148864746094,43.8780517578125
2018-10-26 00:00:00-04:00,22.934009552001957,198.4900054931641,185.3592529296875,87.32557678222656,43.3619499206543
2018-10-29 00:00:00-04:00,23.12519645690918,200.0399932861328,187.2184295654297,88.53304290771484,44.19110870361328
2018-10-30 00:00:00-04:00,23.272937774658203,203.3500061035156,191.3993988037109,90.09514617919922,44.58030700683594
2018-10-31 00:00:00-04:00,23.89864921569824,205.27999877929688,196.7151031494141,92.05406951904295,45.03718948364258
2018-11-01 00:00:00-04:00,24.168046951293945,205.8600006103516,198.11163330078125,92.02032470703124,45.316402435302734
2018-11-02 00:00:00-04:00,24.23756599426269,206.57000732421875,200.4858245849609,91.5136947631836,45.35870742797852
2018-11-05 00:00:00-05:00,24.38530731201172,216.2400054931641,199.6391448974609,92.11318969726562,45.40102005004883
2018-11-06 00:00:00-05:00,24.515663146972656,218.50999450683597,199.18524169921875,92.54383087158205,45.30793762207031
2018-11-07 00:00:00-05:00,24.80245018005371,221.2400054931641,201.87364196777344,94.13127136230467,45.33333587646485
2018-11-08 00:00:00-05:00,25.0892333984375,222.4199981689453,202.19662475585935,94.89122009277344,45.34185791015625
2018-11-09 00:00:00-05:00,24.78506851196289,219.6300048828125,194.3409423828125,93.97083282470705,45.2395133972168
2018-11-12 00:00:00-05:00,24.115907669067383,215.4199981689453,179.85157775878906,91.99497985839844,44.65098190307617
2018-11-13 00:00:00-05:00,24.12459754943848,217.9199981689453,178.9786834716797,92.53539276123048,44.98362350463867
2018-11-14 00:00:00-05:00,23.646631240844727,216.02999877929688,176.74420166015625,90.6270980834961,44.48040008544922
2018-11-15 00:00:00-05:00,24.24626350402832,217.3800048828125,177.8352813720703,92.9406967163086,45.051856994628906
2018-11-16 00:00:00-05:00,24.115907669067383,218.41000366210935,176.4212188720703,92.8731460571289,45.15421295166016
2018-11-19 00:00:00-05:00,24.115907669067383,217.94000244140625,173.01710510253906,93.58243560791016,45.47832489013672
2018-11-20 00:00:00-05:00,23.794361114501957,210.7100067138672,167.01185607910156,91.5727996826172,44.81304550170898
2018-11-21 00:00:00-05:00,23.698766708374023,210.8600006103516,168.1116943359375,90.8888702392578,44.719215393066406
2018-11-23 00:00:00-05:00,23.43805313110352,207.07000732421875,165.0567169189453,90.05291748046875,44.207462310791016
2018-11-26 00:00:00-05:00,23.95078659057617,210.6300048828125,169.63043212890625,92.25675201416016,45.1030387878418
2018-11-27 00:00:00-05:00,24.107213973999023,212.52999877929688,169.02816772460938,92.6451644897461,45.36743927001953
2018-11-28 00:00:00-05:00,24.70685577392578,217.5,173.1305389404297,93.67530822753906,46.356842041015625
2018-11-29 00:00:00-05:00,24.36792755126953,217.6999969482422,170.76429748535156,92.93224334716795,46.09243392944336
2018-11-30 00:00:00-05:00,24.680784225463867,218.2400054931641,167.11856079101562,93.88641357421876,46.2971305847168
2018-12-03 00:00:00-05:00,24.80245018005371,220.80999755859372,167.9423828125,94.77300262451172,46.26301193237305
2018-12-04 00:00:00-05:00,23.455434799194336,210.1199951171875,161.52716064453125,90.54264831542967,44.16481018066406
2018-12-06 00:00:00-05:00,22.966053009033203,207.9600067138672,161.3343963623047,88.82013702392578,43.5762825012207
2018-12-07 00:00:00-05:00,22.223234176635746,204.8800048828125,157.46075439453125,87.2157974243164,42.86833572387695
2018-12-10 00:00:00-05:00,21.63772392272949,203.25999450683597,156.724609375,85.5861587524414,41.62307357788086
2018-12-11 00:00:00-05:00,21.48042297363281,202.27999877929688,154.94554138183594,84.75022888183594,40.73602294921875
2018-12-12 00:00:00-05:00,21.4279899597168,202.47999572753903,154.85784912109375,85.29907989501953,40.71895980834961
2018-12-13 00:00:00-05:00,21.323116302490234,202.4199981689453,154.17425537109375,85.38349914550781,40.113372802734375
2018-12-14 00:00:00-05:00,21.393035888671875,200.0,151.41366577148438,84.68269348144531,39.6954460144043
2018-12-17 00:00:00-05:00,21.384292602539062,197.9199981689453,147.2420654296875,83.60187530517578,39.755157470703125
2018-12-18 00:00:00-05:00,21.384292602539062,196.5200042724609,150.30067443847656,83.20500946044922,39.67838287353516
2018-12-19 00:00:00-05:00,21.13086700439453,195.1699981689453,148.32876586914062,82.14955139160156,38.953392028808594
2018-12-20 00:00:00-05:00,21.069690704345703,193.5800018310547,147.5926055908203,81.44026184082031,39.26897430419922
2018-12-21 00:00:00-05:00,20.423009872436523,192.1000061035156,140.26597595214844,79.51508331298828,38.48428726196289
2018-12-24 00:00:00-05:00,19.863710403442383,187.75999450683597,137.0233612060547,77.80099487304688,37.18782424926758
2018-12-26 00:00:00-05:00,21.069690704345703,197.57000732421875,142.79000854492188,81.02655029296875,38.88515472412109
2018-12-27 00:00:00-05:00,21.29690742492676,200.1199951171875,144.9634246826172,81.93844604492188,38.83397674560547
2018-12-28 00:00:00-05:00,21.314380645751957,202.0800018310547,142.87765502929688,81.7611312866211,39.04721450805664
2018-12-31 00:00:00-05:00,21.532855987548828,204.17999267578125,146.40069580078125,82.42819213867188,39.30309295654297
2019-01-02 00:00:00-05:00,21.8125057220459,202.8000030517578,150.76512145996094,83.85517883300781,40.03661346435547
2019-01-03 00:00:00-05:00,21.46294593811035,191.66000366210935,148.556640625,82.6634521484375,39.72103118896485
2019-01-04 00:00:00-05:00,22.35432243347168,195.1999969482422,153.41184997558594,85.71089935302734,40.8980827331543
2019-01-07 00:00:00-05:00,22.33683967590332,196.91000366210935,154.2619171142578,85.77047729492188,40.63367462158203
2019-01-08 00:00:00-05:00,22.29314994812012,196.30999755859372,153.69224548339844,85.60873413085938,40.54837417602539
2019-01-09 00:00:00-05:00,22.51162338256836,196.3699951171875,154.65631103515625,85.46403503417969,40.770145416259766
2019-01-10 00:00:00-05:00,22.48540687561035,196.5800018310547,154.24441528320312,85.45550537109375,40.72749328613281
2019-01-11 00:00:00-05:00,22.74757575988769,196.2899932861328,155.05941772460938,85.04690551757812,40.82985305786133
2019-01-14 00:00:00-05:00,23.044702529907227,195.77999877929688,156.628173828125,85.92369079589844,41.2989616394043
2019-01-15 00:00:00-05:00,23.20199966430664,196.94000244140625,157.6710662841797,86.55360412597656,40.65925979614258
2019-01-16 00:00:00-05:00,24.862409591674805,198.41000366210935,172.7186737060547,87.25161743164062,41.74248504638672
2019-01-17 00:00:00-05:00,25.33431625366211,198.77999877929688,174.48020935058594,87.60912322998047,41.989837646484375
2019-01-18 00:00:00-05:00,25.60522079467773,204.47999572753903,177.5037078857422,89.03069305419922,42.65511703491211
2019-01-22 00:00:00-05:00,25.421709060668945,200.72000122070312,173.24449157714844,87.62615203857422,42.52717971801758
2019-01-23 00:00:00-05:00,25.27314567565918,201.1499938964844,172.56092834472656,87.40483856201172,42.74893951416016
2019-01-24 00:00:00-05:00,25.412960052490234,201.0200042724609,173.3496856689453,87.45590209960938,42.6295280456543
2019-01-25 00:00:00-05:00,25.84991455078125,202.75,175.9263153076172,88.00921630859375,42.75747680664063
2019-01-28 00:00:00-05:00,25.893611907958984,200.9499969482422,175.03231811523438,88.42630767822266,42.49305725097656
2019-01-29 00:00:00-05:00,25.683874130249023,202.0500030517578,175.71588134765625,88.67316436767578,42.518646240234375
2019-01-30 00:00:00-05:00,25.40422821044922,205.9600067138672,177.451171875,88.87747192382812,42.72335052490234
2019-01-31 00:00:00-05:00,24.87989044189453,205.5399932861328,173.53369140625,88.10285949707031,42.095062255859375
2019-02-01 00:00:00-05:00,24.801239013671875,209.19000244140625,172.24537658691406,88.42630767822266,42.095062255859375
2019-02-04 00:00:00-05:00,25.238187789916992,208.5200042724609,173.27955627441406,88.74127197265625,42.22416687011719
2019-02-05 00:00:00-05:00,25.15079689025879,207.82000732421875,173.53369140625,88.34969329833984,42.4049072265625
2019-02-06 00:00:00-05:00,25.10710334777832,206.00999450683597,172.3155517578125,88.30715942382812,42.36187744140625
2019-02-07 00:00:00-05:00,24.67889213562012,201.72999572753903,169.204345703125,87.14945983886719,41.3807258605957
2019-02-08 00:00:00-05:00,24.722591400146484,200.9199981689453,167.97743225097656,86.28121185302734,41.01063919067383
2019-02-11 00:00:00-05:00,24.827451705932617,203.0500030517578,167.67941284179688,85.87261962890625,41.01063919067383
2019-02-12 00:00:00-05:00,25.07215118408203,206.1499938964844,170.44883728027344,87.33674621582031,42.21556091308594
2019-02-13 00:00:00-05:00,25.08088493347168,205.8000030517578,170.62411499023438,87.75384521484375,42.18974304199219
2019-02-14 00:00:00-05:00,24.80998039245605,202.77999877929688,168.7311248779297,87.18350982666016,41.75940704345703
2019-02-15 00:00:00-05:00,25.439180374145508,205.2899932861328,173.963134765625,89.84789276123047,42.36187744140625
2019-02-19 00:00:00-05:00,25.4566650390625,205.69000244140625,174.1121368408203,89.53292083740234,42.49958419799805
2019-02-20 00:00:00-05:00,25.70135307312012,206.16000366210935,174.05078125,89.9670639038086,42.86967086791992
2019-02-21 00:00:00-05:00,25.59648704528809,205.3300018310547,172.0876922607422,89.77976989746094,42.65450668334961
2019-02-22 00:00:00-05:00,25.412960052490234,201.91000366210935,171.7721710205078,89.37969207763672,42.18974304199219
2019-02-25 00:00:00-05:00,25.57900619506836,202.30999755859372,174.09457397460938,90.3160629272461,42.740570068359375
2019-02-26 00:00:00-05:00,25.59648704528809,201.8999938964844,174.3136749267578,89.62655639648438,42.68031692504883
2019-02-27 00:00:00-05:00,25.80622291564941,202.2899932861328,174.31369018554688,89.51589965820312,42.94712066650391
2019-02-28 00:00:00-05:00,25.54271125793457,201.3000030517578,173.08180236816406,88.83491516113281,42.93851852416992
2019-03-01 00:00:00-05:00,25.744733810424805,203.1300048828125,174.4016876220703,88.89450073242188,43.05900955200195
2019-03-04 00:00:00-05:00,25.49879264831543,201.80999755859372,172.4482421875,88.69020080566406,43.12786865234375
2019-03-05 00:00:00-05:00,25.54271125793457,201.47000122070312,172.46588134765625,88.62210083007812,42.93851852416992
2019-03-06 00:00:00-05:00,25.3319034576416,200.6699981689453,171.35716247558594,88.29011535644531,42.87827301025391
2019-03-07 00:00:00-05:00,25.07718086242676,199.3000030517578,169.6237030029297,87.65171813964844,42.757789611816406
2019-03-08 00:00:00-05:00,25.165016174316406,198.6999969482422,171.797119140625,87.68576049804688,42.86105346679688
2019-03-11 00:00:00-04:00,25.41974258422852,202.08999633789065,172.43946838378906,88.82640075683594,42.82662963867188
2019-03-12 00:00:00-04:00,25.41974258422852,202.5,173.02023315429688,88.56253051757812,42.731964111328125
2019-03-13 00:00:00-04:00,25.7271671295166,204.05999755859372,173.5657501220703,88.86045837402344,42.96434783935547
2019-03-14 00:00:00-04:00,25.876489639282227,203.3800048828125,173.75930786132812,89.66912841796875,43.33442687988281
2019-03-15 00:00:00-04:00,25.73594665527344,204.30999755859372,174.4544677734375,90.6991195678711,43.60122680664063
2019-03-18 00:00:00-04:00,26.19269752502441,206.67999267578125,178.1589813232422,91.24390411376952,44.52214431762695
2019-03-19 00:00:00-04:00,26.04337310791016,205.1499938964844,176.9710693359375,90.91191864013672,44.24673080444336
2019-03-20 00:00:00-04:00,25.156234741210938,203.2700042724609,170.9875946044922,88.97110748291016,43.3774642944336
2019-03-21 00:00:00-04:00,24.75218772888184,204.42999267578125,171.21633911132812,87.56657409667969,42.91269302368164
2019-03-22 00:00:00-04:00,23.724506378173828,200.5500030517578,166.2711639404297,84.91923522949219,41.57867050170898
2019-03-25 00:00:00-04:00,23.57518768310547,199.44000244140625,165.8751678466797,84.21272277832031,41.3807258605957
2019-03-26 00:00:00-04:00,23.900177001953125,200.6199951171875,167.79342651367188,85.05542755126953,42.18113708496094
2019-03-27 00:00:00-04:00,23.742074966430664,199.2100067138672,167.21267700195312,84.7660140991211,41.97457504272461
2019-03-28 00:00:00-04:00,24.005578994750977,200.66000366210935,168.2245635986328,85.7279052734375,42.2499885559082
2019-03-29 00:00:00-04:00,24.23395729064941,200.88999938964844,168.9373779296875,86.17054748535156,41.58727264404297
2019-04-01 00:00:00-04:00,25.06839942932129,205.0,173.1170196533203,89.0732421875,42.00900268554688
2019-04-02 00:00:00-04:00,25.35825538635254,203.8800048828125,173.78575134277344,89.4988784790039,41.49261474609375
2019-04-03 00:00:00-04:00,25.3319034576416,203.6699981689453,176.7423095703125,89.67761993408203,42.052032470703125
2019-04-04 00:00:00-04:00,25.604196548461918,204.1000061035156,177.94781494140625,90.54395294189452,42.31884765625
2019-04-05 00:00:00-04:00,25.54271125793457,205.3300018310547,178.07980346679688,90.32952117919922,41.983177185058594
2019-04-08 00:00:00-04:00,25.62175941467285,205.25,178.22056579589844,90.62115478515624,42.06925964355469
2019-04-09 00:00:00-04:00,25.37582397460937,204.9199981689453,176.53109741210938,89.9521255493164,41.4323616027832
2019-04-10 00:00:00-04:00,25.53393173217773,204.5200042724609,178.60775756835938,90.35526275634766,41.13113784790039
2019-04-11 00:00:00-04:00,25.53393173217773,206.6699981689453,178.4757537841797,91.11865234375,41.08809661865234
2019-04-12 00:00:00-04:00,26.5001220703125,210.55999755859372,182.8842010498047,95.3902359008789,40.01227188110352
2019-04-15 00:00:00-04:00,26.210264205932617,209.7400054931641,175.9063720703125,94.3009033203125,40.25325393676758
2019-04-16 00:00:00-04:00,26.245399475097656,211.8000030517578,177.60464477539062,95.2958984375,41.01063919067383
2019-04-17 00:00:00-04:00,26.37715721130371,210.3699951171875,182.9369964599609,98.04069519042967,40.924564361572266
2019-04-18 00:00:00-04:00,26.37715721130371,209.9900054931641,181.18592834472656,97.32018280029295,40.95038986206055
2019-04-22 00:00:00-04:00,26.39472007751465,209.4900054931641,180.03326416015625,97.44025421142578,40.67497253417969
2019-04-23 00:00:00-04:00,26.41229057312012,211.6100006103516,179.6284637451172,97.56035614013672,40.75243377685547
2019-04-24 00:00:00-04:00,26.368370056152344,210.57000732421875,176.46070861816406,97.39736938476562,40.86432266235352
2019-04-25 00:00:00-04:00,26.421072006225582,211.9499969482422,177.21746826171875,97.44883728027344,40.89014434814453
2019-04-26 00:00:00-04:00,26.65822982788086,214.22000122070312,178.6957244873047,98.18650817871094,41.277435302734375
2019-04-29 00:00:00-04:00,27.027143478393555,216.5800018310547,182.07467651367188,99.60179901123048,41.54425048828125
2019-04-30 00:00:00-04:00,26.860254287719727,216.7100067138672,181.19476318359372,99.54176330566406,41.66473388671875
2019-05-01 00:00:00-04:00,26.579174041748047,216.7100067138672,180.1475830078125,98.7783432006836,41.50981903076172
2019-05-02 00:00:00-04:00,26.78998565673828,215.92999267578125,180.37640380859372,98.99281311035156,41.57005310058594
2019-05-03 00:00:00-04:00,26.97443389892578,218.6000061035156,182.6026306152344,99.60179901123048,41.87130737304688
2019-05-06 00:00:00-04:00,26.763633728027344,213.16000366210935,181.64344787597656,98.71829986572266,41.68194580078125
2019-05-07 00:00:00-04:00,26.28053474426269,209.42999267578125,178.29981994628906,97.10572814941406,40.59751892089844
2019-05-08 00:00:00-04:00,26.17513084411621,209.2899932861328,176.82151794433594,96.59110260009766,40.45119857788086
2019-05-09 00:00:00-04:00,26.09607696533203,208.55999755859372,177.41989135742188,96.51388549804688,40.61631774902344
2019-05-10 00:00:00-04:00,25.981897354125977,209.0200042724609,177.7894287109375,96.50531768798828,40.97259521484375
2019-05-13 00:00:00-04:00,24.813669204711918,205.00999450683597,171.5595245361328,93.88059997558594,40.26002502441406
2019-05-14 00:00:00-04:00,25.13866233825684,203.69000244140625,172.7122039794922,94.6268539428711,40.399070739746094
2019-05-15 00:00:00-04:00,24.84881019592285,202.97999572753903,172.81781005859375,94.2666015625,39.83422470092773
2019-05-16 00:00:00-04:00,25.11231803894043,204.6300048828125,175.2288360595703,95.4760284423828,39.886356353759766
2019-05-17 00:00:00-04:00,24.94542694091797,203.2700042724609,173.72412109375,95.01283264160156,39.71256256103516
2019-05-20 00:00:00-04:00,24.94542694091797,202.72999572753903,173.55697631835938,95.51031494140624,39.49532318115234
2019-05-21 00:00:00-04:00,25.200157165527344,203.3600006103516,175.20242309570312,95.83626556396484,40.26002502441406
2019-05-22 00:00:00-04:00,25.02448081970215,202.6000061035156,172.04348754882812,95.05574798583984,40.06015396118164
2019-05-23 00:00:00-04:00,24.38327980041504,201.3000030517578,168.91970825195312,93.18582916259766,39.590911865234375
2019-05-24 00:00:00-04:00,24.75218772888184,201.69000244140625,169.82606506347656,94.1036148071289,40.12099456787109
2019-05-28 00:00:00-04:00,24.506244659423828,199.6999969482422,166.6935272216797,93.08289337158205,39.616973876953125
2019-05-29 00:00:00-04:00,24.374496459960938,198.5200042724609,166.21621704101562,92.82557678222656,39.52139663696289
2019-05-30 00:00:00-04:00,23.856260299682617,199.7400054931641,165.6151885986328,91.83058166503906,39.14772033691406
2019-05-31 00:00:00-04:00,23.364381790161133,197.4199981689453,161.30178833007812,90.8870849609375,38.55680465698242
2019-06-03 00:00:00-04:00,23.434646606445312,198.55999755859372,161.92051696777344,91.31593322753906,38.687156677246094
2019-06-04 00:00:00-04:00,24.523813247680664,201.58999633789065,167.83377075195312,94.1293487548828,39.69518280029297
2019-06-05 00:00:00-04:00,24.515031814575195,203.3000030517578,166.56097412109375,94.46385192871094,39.85160446166992
2019-06-06 00:00:00-04:00,24.621004104614254,204.7700042724609,167.7718505859375,94.66973114013672,39.90373992919922
2019-06-07 00:00:00-04:00,24.311914443969727,205.80999755859372,167.7718505859375,93.6318588256836,39.6517448425293
2019-06-10 00:00:00-04:00,24.788793563842773,207.16000366210935,171.58145141601562,94.64398956298828,40.2078857421875
2019-06-11 00:00:00-04:00,24.93892288208008,206.6300048828125,172.12062072753906,94.9356460571289,40.199195861816406
2019-06-12 00:00:00-04:00,24.68281936645508,204.57000732421875,168.13430786132812,93.7261962890625,39.02606964111328
2019-06-13 00:00:00-04:00,24.673992156982425,204.9900054931641,169.22146606445312,93.95781707763672,39.35628509521485
2019-06-14 00:00:00-04:00,24.762304306030277,205.16000366210935,169.40708923339844,94.19798278808594,39.616973876953125
2019-06-17 00:00:00-04:00,24.665157318115234,203.47999572753903,168.67344665527344,93.6833267211914,39.338905334472656
2019-06-18 00:00:00-04:00,25.274497985839844,206.00999450683597,172.34161376953125,94.9613800048828,40.06015396118164
2019-06-19 00:00:00-04:00,25.009571075439453,206.75,172.9249725341797,94.27518463134766,39.66912460327149
2019-06-20 00:00:00-04:00,24.965415954589844,208.0399932861328,172.97802734375,94.5153350830078,39.85160446166992
2019-06-21 00:00:00-04:00,24.83295249938965,206.2100067138672,173.19017028808594,93.8720245361328,40.74665451049805
2019-06-24 00:00:00-04:00,24.709312438964844,206.8500061035156,174.56021118164062,93.20298767089844,40.2078857421875
2019-06-25 00:00:00-04:00,24.51503562927246,208.07000732421875,173.29620361328125,92.4310073852539,40.094913482666016
2019-06-26 00:00:00-04:00,24.647497177124023,208.50999450683597,174.1359100341797,93.04859161376952,39.79945755004883
2019-06-27 00:00:00-04:00,24.912429809570312,212.0200042724609,176.17771911621094,93.35739135742188,40.22526550292969
2019-06-28 00:00:00-04:00,25.61008644104004,213.1699981689453,180.8446807861328,95.89631652832033,41.12031936645508
2019-07-01 00:00:00-04:00,25.980987548828125,214.6199951171875,182.84225463867188,97.50888061523438,41.44184494018555
2019-07-02 00:00:00-04:00,25.7425479888916,214.5399932861328,182.06446838378903,97.61181640625,41.0421142578125
2019-07-03 00:00:00-04:00,25.654239654541016,215.16000366210935,182.11749267578125,97.4563217163086,41.415775299072266
2019-07-05 00:00:00-04:00,25.839689254760746,215.25,183.7614898681641,98.03510284423828,41.51136016845703
2019-07-08 00:00:00-04:00,25.78670310974121,215.1300048828125,181.86114501953125,97.49950408935548,41.30280303955078
2019-07-09 00:00:00-04:00,25.919174194335938,214.75,183.6466522216797,97.91415405273438,41.56350326538086
2019-07-10 00:00:00-04:00,25.627748489379883,214.02999877929688,182.0555725097656,97.62908172607422,40.97259521484375
2019-07-11 00:00:00-04:00,25.92800712585449,213.1699981689453,186.81097412109372,98.56202697753906,40.963897705078125
2019-07-12 00:00:00-04:00,26.007482528686523,214.1000061035156,189.1002349853516,99.59861755371094,41.15507507324219
2019-07-15 00:00:00-04:00,25.804367065429688,213.5399932861328,187.0142517089844,98.38924407958984,40.59023666381836
2019-07-16 00:00:00-04:00,25.60124969482422,212.8800048828125,190.4967803955078,99.44310760498048,39.364967346191406
2019-07-17 00:00:00-04:00,25.77787399291992,207.4499969482422,188.5345458984375,98.46700286865234,39.286766052246094
2019-07-18 00:00:00-04:00,26.03397560119629,207.97999572753903,189.61289978027344,99.05438995361328,39.816837310791016
2019-07-19 00:00:00-04:00,25.96332359313965,205.97000122070312,188.72897338867188,98.07827758789062,39.999324798583984
2019-07-22 00:00:00-04:00,26.11345100402832,204.83999633789065,189.1532440185547,98.70886993408205,40.39037322998047
2019-07-23 00:00:00-04:00,26.713966369628903,206.4600067138672,193.9528350830078,100.51424407958984,41.01604461669922
2019-07-24 00:00:00-04:00,27.084869384765625,207.97000122070312,196.2509307861328,100.92025756835938,42.10226058959961
2019-07-25 00:00:00-04:00,26.79344749450684,207.8999938964844,194.4389495849609,99.95278930664062,41.7894401550293
2019-07-26 00:00:00-04:00,27.17318344116211,209.8999938964844,196.34817504882807,100.39332580566406,42.84090423583984
2019-07-29 00:00:00-04:00,26.95240974426269,208.6100006103516,194.73947143554688,100.0737075805664,41.95454406738281
2019-07-30 00:00:00-04:00,27.279151916503903,207.80999755859372,195.69406127929688,99.84909057617188,42.18917083740234
2019-07-31 00:00:00-04:00,27.09370422363281,205.42999267578125,194.571533203125,100.20329284667967,42.067508697509766
2019-08-01 00:00:00-04:00,26.042804718017575,201.7100067138672,187.03195190429688,97.55999755859376,40.89438629150391
2019-08-02 00:00:00-04:00,25.94566535949707,202.6699981689453,185.060791015625,97.55134582519533,41.22460174560547
2019-08-05 00:00:00-04:00,24.79762458801269,197.72999572753903,178.26368713378906,94.64889526367188,40.094913482666016
2019-08-06 00:00:00-04:00,25.097883224487305,200.5500030517578,182.0909118652344,95.39179229736328,40.78141403198242
2019-08-07 00:00:00-04:00,24.629833221435547,198.2100067138672,181.85227966308597,93.318603515625,39.80815124511719
2019-08-08 00:00:00-04:00,25.062559127807617,200.5200042724609,182.9660186767578,94.89942169189452,40.7747917175293
2019-08-09 00:00:00-04:00,25.018400192260746,199.0500030517578,182.8776092529297,94.7957534790039,40.686920166015625
2019-08-12 00:00:00-04:00,24.409059524536133,197.17999267578125,178.1222686767578,93.01628875732422,39.922393798828125
2019-08-13 00:00:00-04:00,24.479707717895508,198.77999877929688,180.41156005859372,94.45023345947266,40.38814163208008
2019-08-14 00:00:00-04:00,23.33166885375977,195.80999755859372,172.854248046875,90.52848815917967,38.6393928527832
2019-08-15 00:00:00-04:00,23.181537628173828,198.30999755859372,173.4022979736328,90.87400817871094,38.12093353271485
2019-08-16 00:00:00-04:00,23.8703670501709,199.72000122070312,176.26605224609375,93.05084228515624,39.00848388671875
2019-08-19 00:00:00-04:00,24.08230400085449,200.94000244140625,178.7233123779297,93.88874816894533,39.76422119140625
2019-08-20 00:00:00-04:00,23.596603393554688,198.1499938964844,176.7610626220703,92.6966552734375,39.26332092285156
2019-08-21 00:00:00-04:00,23.78205299377441,199.2400054931641,177.3798065185547,92.95580291748048,39.54452896118164
2019-08-22 00:00:00-04:00,24.011661529541016,201.00999450683597,178.91778564453125,93.91465759277344,40.08935546875
2019-08-23 00:00:00-04:00,23.375822067260746,197.16000366210935,173.41993713378906,91.58235168457033,39.03484344482422
2019-08-26 00:00:00-04:00,23.649585723876957,200.1999969482422,176.4693603515625,92.31658935546876,39.526954650878906
2019-08-27 00:00:00-04:00,23.375822067260746,198.3500061035156,175.07286071777344,91.34046936035156,39.32483673095703
2019-08-28 00:00:00-04:00,23.71140480041504,200.4499969482422,177.15000915527344,92.25611877441406,39.9575424194336
2019-08-29 00:00:00-04:00,24.135292053222656,203.1999969482422,180.9479217529297,94.34657287597656,40.59026336669922
2019-08-30 00:00:00-04:00,24.29425430297852,203.41000366210935,181.36595153808597,94.89942169189452,40.92418670654297
2019-09-03 00:00:00-04:00,23.888023376464844,200.8999938964844,176.97210693359375,93.77645111083984,40.50238037109375
2019-09-04 00:00:00-04:00,24.276592254638672,202.19000244140625,179.4269561767578,94.90806579589844,40.8626708984375
2019-09-05 00:00:00-04:00,24.99662399291992,204.2400054931641,184.15879821777344,97.06763458251952,41.84688949584961
2019-09-06 00:00:00-04:00,24.649938583374023,204.72999572753903,184.3011474609375,97.27491760253906,41.433876037597656
2019-09-09 00:00:00-04:00,25.449974060058597,206.6199951171875,188.5437164306641,99.68498992919922,42.54112243652344
2019-09-10 00:00:00-04:00,26.09000968933105,208.30999755859372,191.7902069091797,100.9547882080078,42.453243255615234
2019-09-11 00:00:00-04:00,26.18778610229492,210.91000366210935,192.8308563232422,101.23120880126952,42.92776870727539
2019-09-12 00:00:00-04:00,26.37445831298828,211.3699951171875,194.5563507080078,101.8531723022461,42.75202560424805
2019-09-13 00:00:00-04:00,26.81891632080078,213.6100006103516,195.5880584716797,103.85723876953124,42.989295959472656
2019-09-16 00:00:00-04:00,26.78336334228516,210.3300018310547,193.20440673828125,102.9329605102539,43.04201889038086
2019-09-17 00:00:00-04:00,26.614473342895508,210.1499938964844,192.03927612304688,102.4232940673828,42.84869384765625
2019-09-18 00:00:00-04:00,26.667808532714844,210.8999938964844,193.0798797607422,103.45126342773438,42.9980697631836
2019-09-19 00:00:00-04:00,26.507797241210938,209.22000122070312,191.4344024658203,103.1230010986328,42.98049545288086
2019-09-20 00:00:00-04:00,26.3033447265625,208.1199951171875,190.10916137695312,102.70836639404295,42.73445510864258
2019-09-23 00:00:00-04:00,26.241121292114254,207.9600067138672,189.86009216308597,102.69108581542967,43.02444076538086
2019-09-24 00:00:00-04:00,25.725547790527344,206.3999938964844,184.78140258789065,101.35216522216795,42.75202560424805
2019-09-25 00:00:00-04:00,26.001110076904297,208.1100006103516,186.809326171875,101.93092346191406,43.2880744934082
2019-09-26 00:00:00-04:00,25.894437789916992,206.8999938964844,185.19944763183597,101.09300994873048,42.94535446166992
2019-09-27 00:00:00-04:00,26.09000968933105,207.4499969482422,185.8665313720703,101.68904113769533,44.56229019165039
2019-09-30 00:00:00-04:00,25.92999649047852,208.0200042724609,184.3188934326172,101.66314697265624,44.32501983642578
2019-10-01 00:00:00-04:00,25.281082153320312,206.7100067138672,180.2808380126953,99.81456756591795,43.1123275756836
2019-10-02 00:00:00-04:00,24.747722625732425,203.1000061035156,176.33172607421875,97.8277816772461,42.593841552734375
2019-10-03 00:00:00-04:00,24.72105598449707,204.97999572753903,175.43336486816406,97.6884536743164,42.60263442993164
2019-10-04 00:00:00-04:00,25.218854904174805,208.0800018310547,178.59979248046875,99.80436706542967,43.244140625
2019-10-07 00:00:00-04:00,25.16551971435547,207.2400054931641,178.24400329589844,99.586669921875,42.89262008666992
2019-10-08 00:00:00-04:00,24.561044692993164,204.08999633789065,175.54898071289062,97.36627960205078,42.02263641357422
2019-10-09 00:00:00-04:00,24.79216957092285,206.69000244140625,175.08648681640625,98.0715789794922,42.31265258789063
2019-10-10 00:00:00-04:00,25.28997230529785,206.8600006103516,177.77261352539062,99.44734954833984,42.75202560424805
2019-10-11 00:00:00-04:00,25.698871612548828,208.0800018310547,182.05078125,101.12787628173828,43.244140625
2019-10-14 00:00:00-04:00,25.90332794189453,207.91000366210935,183.06478881835935,101.39781188964844,43.296852111816406
2019-10-15 00:00:00-04:00,26.42779541015625,209.3800048828125,183.634033203125,104.4541244506836,44.0350227355957
2019-10-16 00:00:00-04:00,26.81891632080078,209.2899932861328,184.4878692626953,104.21031188964844,43.57806396484375
2019-10-17 00:00:00-04:00,26.898929595947266,208.6199951171875,183.634033203125,104.79370880126952,43.59563446044922
2019-10-18 00:00:00-04:00,26.978927612304688,208.75999450683597,183.6874084472656,104.97657012939452,43.91199493408203
2019-10-21 00:00:00-04:00,27.57451438903809,211.4900054931641,186.1155242919922,107.580078125,44.34259033203125
2019-10-22 00:00:00-04:00,27.73451232910156,210.6199951171875,186.42686462402344,108.65978240966795,44.48320007324219
2019-10-23 00:00:00-04:00,27.930078506469727,210.9600067138672,187.9566802978516,108.94713592529295,44.75561141967773
2019-10-24 00:00:00-04:00,27.876747131347656,210.25999450683597,187.7165679931641,108.86875915527344,44.905006408691406
2019-10-25 00:00:00-04:00,28.196760177612305,211.8000030517578,190.54498291015625,109.73950958251952,45.31802368164063
2019-10-28 00:00:00-04:00,28.303428649902344,212.8600006103516,193.67579650878903,110.15747833251952,45.38833618164063
2019-10-29 00:00:00-04:00,28.50788307189941,213.00999450683597,193.57797241210935,110.08781433105467,45.84528732299805
2019-10-30 00:00:00-04:00,28.10786819458008,213.25,191.9503173828125,109.4782943725586,45.722259521484375
2019-10-31 00:00:00-04:00,27.796741485595703,212.5800018310547,189.7889709472656,108.7729949951172,45.37075805664063
2019-11-01 00:00:00-04:00,28.26787757873535,215.8300018310547,193.35557556152344,111.2807388305664,45.85406875610352
2019-11-04 00:00:00-05:00,28.80122947692871,217.97999572753903,195.5614318847656,112.16888427734376,46.32860565185547
2019-11-05 00:00:00-05:00,29.174570083618164,220.8800048828125,194.4674224853516,112.41268920898438,46.83829498291016
2019-11-06 00:00:00-05:00,29.14790725708008,222.0,194.27171325683597,112.58685302734376,47.27767181396485
2019-11-07 00:00:00-05:00,29.53903579711914,222.7400054931641,198.6033172607422,113.19635772705078,47.90756607055664
2019-11-08 00:00:00-05:00,29.56570053100586,221.30999755859372,198.26531982421875,113.52723693847656,47.99629211425781
2019-11-11 00:00:00-05:00,29.494590759277344,220.8500061035156,194.8143310546875,113.1266860961914,47.95193099975586
2019-11-12 00:00:00-05:00,29.41459083557129,220.88999938964844,196.041748046875,112.4649429321289,48.10274887084961
2019-11-13 00:00:00-05:00,29.14790725708008,219.7700042724609,195.0722198486328,111.8728256225586,47.277679443359375
2019-11-14 00:00:00-05:00,29.06791305541992,219.3600006103516,195.1700897216797,111.97731018066406,47.45512008666992
2019-11-15 00:00:00-05:00,29.272363662719727,219.7400054931641,195.8994140625,112.78711700439452,47.73013687133789
2019-11-18 00:00:00-05:00,29.29902458190918,219.3500061035156,195.4368896484375,113.73621368408205,47.90756607055664
2019-11-19 00:00:00-05:00,29.2812442779541,219.02999877929688,195.7125701904297,113.7013931274414,47.93418502807617
2019-11-20 00:00:00-05:00,29.059017181396484,217.47999572753903,193.8181304931641,112.87417602539062,47.49946594238281
2019-11-21 00:00:00-05:00,29.192359924316406,216.6300048828125,194.10272216796875,113.1353759765625,47.517215728759766
2019-11-22 00:00:00-05:00,29.494590759277344,217.9600067138672,195.92608642578125,113.88422393798828,48.15597534179688
2019-11-25 00:00:00-05:00,29.75238609313965,219.05999755859372,198.12301635742188,114.4937515258789,48.09387969970703
2019-11-26 00:00:00-05:00,29.645708084106445,218.8999938964844,197.856201171875,114.6504898071289,47.73900985717773
2019-11-27 00:00:00-05:00,29.70792961120605,220.5,198.30088806152344,114.99006652832033,48.209205627441406
2019-11-29 00:00:00-05:00,29.619037628173828,220.3000030517578,197.98785400390625,114.72885131835938,48.315673828125
2019-12-02 00:00:00-05:00,29.716827392578125,220.3300018310547,194.66940307617188,114.4763412475586,47.57044982910156
2019-12-03 00:00:00-05:00,29.192359924316406,218.0800018310547,189.8393402099609,113.00479888916016,46.64778900146485
2019-12-04 00:00:00-05:00,29.467924118041992,218.3999938964844,193.1488342285156,115.23388671875,47.23332214355469
2019-12-05 00:00:00-05:00,29.575178146362305,219.6000061035156,194.22219848632807,115.8608169555664,47.22444534301758
2019-12-06 00:00:00-05:00,30.09356689453125,222.6100006103516,200.90377807617188,117.58488464355467,48.23583221435547
2019-12-09 00:00:00-05:00,29.9505672454834,221.3800048828125,198.39927673339844,117.03632354736328,47.83660125732422
2019-12-10 00:00:00-05:00,29.96843910217285,221.25999450683597,198.4619140625,117.11466979980467,47.63255310058594
2019-12-11 00:00:00-05:00,30.06675720214844,222.57000732421875,197.84474182128903,116.8360595703125,47.17122268676758
2019-12-12 00:00:00-05:00,30.99628257751465,225.9199981689453,202.19178771972656,120.17967987060548,48.22695541381836
2019-12-13 00:00:00-05:00,30.78178596496582,225.3699951171875,201.25262451171875,119.12609100341795,47.72126388549805
2019-12-16 00:00:00-05:00,31.014162063598636,226.8500061035156,203.97174072265625,119.58757781982422,48.10274887084961
2019-12-17 00:00:00-05:00,31.318038940429688,227.0500030517578,206.7535400390625,120.31900787353516,48.209205627441406
2019-12-18 00:00:00-05:00,31.380613327026367,225.00999450683597,206.1273498535156,120.19711303710938,47.61480331420898
2019-12-19 00:00:00-05:00,31.237606048583984,225.2100067138672,205.67123413085935,119.59629821777344,47.579322814941406
2019-12-20 00:00:00-05:00,31.24654197692871,226.30999755859372,204.7678375244141,119.5005111694336,47.31316757202149
2019-12-23 00:00:00-05:00,31.434240341186523,225.47999572753903,204.91094970703125,119.46570587158205,47.73900985717773
2019-12-24 00:00:00-05:00,31.478933334350582,225.47000122070312,205.64437866210935,119.79656982421876,47.74787521362305
2019-12-26 00:00:00-05:00,31.74706268310547,226.4499969482422,206.80718994140625,121.0678253173828,48.0406494140625
2019-12-27 00:00:00-05:00,31.59511947631836,226.13999938964844,206.3152313232422,121.15492248535156,47.83660125732422
2019-12-30 00:00:00-05:00,31.41636085510254,225.75999450683597,205.54600524902344,120.71086883544922,47.55270004272461
2019-12-31 00:00:00-05:00,31.478933334350582,226.5,205.6622467041016,121.3813018798828,47.73013687133789
2020-01-02 00:00:00-05:00,31.85431289672852,228.38999938964844,209.5889434814453,122.85287475585938,47.68577575683594
2020-01-03 00:00:00-05:00,31.19292640686035,226.17999267578125,207.1381378173828,121.2316436767578,47.39301300048828
2020-01-06 00:00:00-05:00,31.14823532104492,226.9900054931641,209.25796508789065,121.13525390625,47.1091194152832
2020-01-07 00:00:00-05:00,30.94265937805176,225.9199981689453,210.63546752929688,119.07585906982422,46.71875381469727
2020-01-08 00:00:00-05:00,31.2554874420166,225.9900054931641,212.66587829589844,120.00479888916016,46.8607063293457
2020-01-09 00:00:00-05:00,31.309106826782227,228.6499938964844,216.99501037597656,120.44293975830078,46.78086471557617
2020-01-10 00:00:00-05:00,31.04991340637207,226.6199951171875,216.55674743652344,119.24239349365234,46.57680130004883
2020-01-13 00:00:00-05:00,31.335922241210938,228.4499969482422,219.32955932617188,120.232666015625,46.23080825805664
2020-01-14 00:00:00-05:00,31.568302154541016,227.1699981689453,219.73208618164065,121.63475036621094,43.73784255981445
2020-01-15 00:00:00-05:00,30.98734664916992,228.3500061035156,219.32955932617188,119.81200408935548,42.86840438842773
2020-01-16 00:00:00-05:00,31.03204345703125,229.72999572753903,223.363525390625,120.27645111083984,43.693485260009766
2020-01-17 00:00:00-05:00,31.023101806640625,230.1999969482422,223.1310272216797,121.1089859008789,43.63138198852539
2020-01-21 00:00:00-05:00,30.62089729309082,228.6300048828125,219.7678375244141,119.9171371459961,43.418453216552734
2020-01-22 00:00:00-05:00,30.710277557373047,229.5399932861328,220.97537231445312,119.77693939208984,43.081329345703125
2020-01-23 00:00:00-05:00,30.49576568603516,229.3800048828125,219.66050720214844,119.6542510986328,42.77968978881836
2020-01-24 00:00:00-05:00,29.97738647460937,226.8600006103516,216.3868103027344,116.68350219726562,42.20302581787109
2020-01-27 00:00:00-05:00,29.360671997070312,222.4499969482422,213.00579833984372,115.70201110839844,41.78604888916016
2020-01-28 00:00:00-05:00,29.70924568176269,224.02999877929688,216.9771728515625,117.80519104003906,42.02558135986328
2020-01-29 00:00:00-05:00,29.50367546081543,224.5,214.7767791748047,117.62995910644533,41.9368782043457
2020-01-30 00:00:00-05:00,29.92375373840332,227.8800048828125,218.36355590820312,119.08464813232422,42.50467300415039
2020-01-31 00:00:00-05:00,29.342798233032227,224.42999267578125,212.6569366455078,115.9911880493164,41.64410400390625
2020-02-03 00:00:00-05:00,29.46792221069336,223.47000122070312,213.78392028808597,116.87628173828124,41.80378341674805
2020-02-04 00:00:00-05:00,30.048877716064453,225.0800018310547,216.4046936035156,118.55883026123048,41.92799377441406
2020-02-05 00:00:00-05:00,31.023101806640625,228.6499938964844,218.515625,120.57442474365234,42.85953521728516
2020-02-06 00:00:00-05:00,30.98734664916992,229.6100006103516,216.29737854003903,120.59192657470705,43.02093505859375
2020-02-07 00:00:00-05:00,30.933725357055664,227.3800048828125,212.8805389404297,120.20635223388672,42.89539337158203
2020-02-10 00:00:00-05:00,31.005226135253903,227.1100006103516,212.3080902099609,120.70584106445312,42.832637786865234
2020-02-11 00:00:00-05:00,31.076732635498047,227.3300018310547,211.5030670166016,120.93367004394533,43.029903411865234
2020-02-12 00:00:00-05:00,31.210792541503903,227.44000244140625,213.4619598388672,120.93367004394533,42.85057830810547
2020-02-13 00:00:00-05:00,31.20185852050781,226.47000122070312,213.19358825683597,120.82855224609376,43.14645767211914
2020-02-14 00:00:00-05:00,31.14823532104492,226.8000030517578,212.05764770507807,120.46050262451172,43.236114501953125
2020-02-18 00:00:00-05:00,30.62983512878418,226.7700042724609,208.5960693359375,118.86555480957033,42.13325500488281
2020-02-19 00:00:00-05:00,31.03204345703125,229.2400054931641,212.28126525878903,120.48678588867188,42.22291564941406
2020-02-20 00:00:00-05:00,31.14823532104492,228.1699981689453,208.1667633056641,120.48678588867188,42.44707489013672
2020-02-21 00:00:00-05:00,30.710277557373047,229.3300018310547,206.2794189453125,119.01454162597656,42.76987075805664
2020-02-24 00:00:00-05:00,29.2534122467041,221.69000244140625,200.84115600585935,115.81594848632812,41.59527206420898
2020-02-25 00:00:00-05:00,27.77867889404297,218.0500030517578,194.642578125,110.64558410644533,40.456539154052734
2020-02-26 00:00:00-05:00,27.3764762878418,216.05999755859372,193.00570678710935,110.97858428955078,39.57781600952149
2020-02-27 00:00:00-05:00,26.03580665588379,207.6699981689453,183.98065185546875,106.36032104492188,38.08042907714844
2020-02-28 00:00:00-05:00,25.472728729248047,206.33999633789065,180.67796325683597,101.75081634521484,36.62786102294922
2020-03-02 00:00:00-05:00,26.250316619873047,217.6300048828125,188.5073089599609,106.49176025390624,37.89213180541992
2020-03-03 00:00:00-05:00,24.802391052246094,208.80999755859372,183.0717315673828,102.49568939208984,36.340938568115234
2020-03-04 00:00:00-05:00,25.374414443969727,217.8600006103516,187.8503875732422,105.02828979492188,37.12102508544922
2020-03-05 00:00:00-05:00,24.088153839111328,208.9600067138672,178.8960723876953,99.87548065185548,34.87942123413086
2020-03-06 00:00:00-05:00,23.125703811645508,205.97999572753903,173.55055236816406,94.71387481689452,33.256492614746094
2020-03-09 00:00:00-04:00,19.72566032409668,193.1300048828125,155.51602172851562,81.88438415527344,29.12296867370605
2020-03-10 00:00:00-04:00,21.236791610717773,202.72999572753903,165.9011688232422,88.24654388427734,31.45423889160156
2020-03-11 00:00:00-04:00,20.39127922058105,194.63999938964844,154.68809509277344,84.0927505493164,28.98847198486328
2020-03-12 00:00:00-04:00,18.44839096069336,175.97000122070312,135.60064697265625,77.16094970703125,24.388690948486328
2020-03-13 00:00:00-04:00,21.73151016235352,196.3999938964844,159.439697265625,91.05958557128906,27.697301864624023
2020-03-16 00:00:00-04:00,18.38543128967285,177.77000427246094,139.182373046875,77.4326400756836,23.76103973388672
2020-03-17 00:00:00-04:00,19.7706356048584,187.6000061035156,142.7910919189453,82.16481018066406,26.567529678344727
2020-03-18 00:00:00-04:00,18.700254440307617,172.44000244140625,126.00751495361328,73.51541900634766,25.213600158691406
2020-03-19 00:00:00-04:00,19.06903839111328,174.67999267578125,134.52981567382812,74.75106048583984,25.36603164672852
2020-03-20 00:00:00-04:00,17.692829132080078,170.05999755859375,124.5586166381836,73.17365264892578,23.76103973388672
2020-03-23 00:00:00-04:00,16.262651443481445,162.1300048828125,121.46286010742188,69.25645446777344,22.64023208618164
2020-03-24 00:00:00-04:00,18.91612434387207,178.1999969482422,138.2284698486328,77.49396514892578,25.9309139251709
2020-03-25 00:00:00-04:00,18.97908592224121,180.47000122070312,139.6053466796875,80.3858642578125,25.975744247436523
2020-03-26 00:00:00-04:00,20.43625259399414,183.8999938964844,149.1985321044922,85.98562622070312,27.70626449584961
2020-03-27 00:00:00-04:00,19.428829193115234,179.66000366210938,142.494140625,79.86006164550781,27.150352478027344
2020-03-30 00:00:00-04:00,19.82460594177246,183.17999267578125,143.64601135253906,81.93697357177734,26.82755851745605
2020-03-31 00:00:00-04:00,19.09602165222168,182.8300018310547,139.11941528320312,78.8960952758789,25.733657836914062
2020-04-01 00:00:00-04:00,17.78277587890625,175.9499969482422,130.7501220703125,73.92731475830078,23.823802947998047
2020-04-02 00:00:00-04:00,18.50235939025879,179.72999572753906,134.92575073242188,76.68772888183594,24.4066219329834
2020-04-03 00:00:00-04:00,18.01664352416992,178.33999633789062,132.22598266601562,74.42103576660156,23.518945693969727
2020-04-06 00:00:00-04:00,19.239940643310547,185.2400054931641,142.39512634277344,79.21124267578125,25.670886993408203
2020-04-07 00:00:00-04:00,19.914548873901367,185.25,149.4055633544922,80.25605010986328,25.79641532897949
2020-04-08 00:00:00-04:00,21.09287452697754,191.00999450683597,159.25074768066406,83.49674987792969,27.150352478027344
2020-04-09 00:00:00-04:00,22.36114501953125,193.83999633789065,165.82020568847656,90.987548828125,29.7685489654541
2020-04-13 00:00:00-04:00,21.515628814697266,188.7700042724609,161.24855041503906,86.94110870361328,28.181486129760746
2020-04-14 00:00:00-04:00,21.344724655151367,192.94000244140625,160.3936309814453,84.55928039550781,27.06068420410156
2020-04-15 00:00:00-04:00,19.95952796936035,188.57000732421875,160.65460205078125,80.38887786865234,25.500526428222656
2020-04-16 00:00:00-04:00,19.266921997070312,187.9600067138672,159.32272338867188,77.32524871826172,24.11072540283203
2020-04-17 00:00:00-04:00,20.939964294433597,191.1999969482422,165.12722778320312,84.27593994140625,25.44672393798828
2020-04-20 00:00:00-04:00,20.23836898803711,188.75,162.34649658203125,81.20347595214844,24.81907844543457
2020-04-21 00:00:00-04:00,19.464807510375977,183.47999572753903,156.4159393310547,78.84822845458984,24.06589698791504
2020-04-22 00:00:00-04:00,19.608726501464844,186.5800018310547,158.36880493164062,79.10498809814453,24.030031204223636
2020-04-23 00:00:00-04:00,19.671693801879883,185.6300048828125,157.53189086914062,79.14926147460938,23.787939071655277
2020-04-24 00:00:00-04:00,19.950529098510746,186.5200042724609,159.28671264648438,80.31803894042969,24.13762855529785
2020-04-27 00:00:00-04:00,21.110862731933597,187.4600067138672,165.17222595214844,83.78011322021484,25.4736270904541
2020-04-28 00:00:00-04:00,21.488645553588867,187.1199951171875,168.29493713378906,84.37333679199219,25.88608169555664
2020-04-29 00:00:00-04:00,22.289186477661133,189.6100006103516,171.01278686523438,86.64891815185547,26.899288177490234
2020-04-30 00:00:00-04:00,21.6325626373291,187.3600006103516,165.064208984375,84.78949737548828,26.047473907470703
2020-05-01 00:00:00-04:00,20.76006507873535,182.6699981689453,159.37672424316406,82.5670394897461,24.73838424682617
2020-05-04 00:00:00-04:00,20.625144958496094,177.9499969482422,158.41380310058594,81.5842056274414,24.523181915283203
2020-05-05 00:00:00-04:00,20.382280349731445,176.02999877929688,160.45663452148438,81.46024322509766,23.599645614624023
2020-05-06 00:00:00-04:00,20.103443145751957,172.3800048828125,159.2147216796875,79.9284439086914,22.96302604675293
2020-05-07 00:00:00-04:00,20.544191360473636,173.47999572753906,164.0743408203125,80.76077270507812,23.081958770751957
2020-05-08 00:00:00-04:00,21.2008113861084,176.8300018310547,166.8370819091797,82.08004760742188,23.264930725097656
2020-05-11 00:00:00-04:00,20.31032371520996,174.63999938964844,164.8302764892578,79.66280364990234,22.670270919799805
2020-05-12 00:00:00-04:00,19.671693801879883,172.80999755859375,159.47572326660156,77.05961608886719,21.99327850341797
2020-05-13 00:00:00-04:00,18.77220916748047,170.57000732421875,154.60711669921875,74.40332794189453,20.61183357238769
2020-05-14 00:00:00-04:00,19.52777671813965,170.92999267578125,156.99191284179688,77.49349212646484,22.01156997680664
2020-05-15 00:00:00-04:00,19.284914016723636,169.25,154.67007446289062,76.05908203125,21.37116813659668
2020-05-18 00:00:00-04:00,20.625144958496094,175.4600067138672,163.67835998535156,80.08781433105469,23.24663543701172
2020-05-19 00:00:00-04:00,19.977514266967773,172.49000549316406,160.03366088867188,78.5117416381836,21.910938262939453
2020-05-20 00:00:00-04:00,20.607152938842773,176.02000427246094,163.28240966796875,80.86699676513672,22.43240737915039
2020-05-21 00:00:00-04:00,20.598159790039062,174.94000244140625,162.0764617919922,79.83989715576172,22.37751579284668
2020-05-22 00:00:00-04:00,20.382280349731445,174.92999267578125,161.92347717285156,79.2200927734375,22.11220359802246
2020-05-26 00:00:00-04:00,21.83944702148437,180.33999633789065,176.4392852783203,84.8426284790039,24.02426528930664
2020-05-27 00:00:00-04:00,23.36856842041016,185.7700042724609,188.67828369140625,89.75679779052734,25.57038688659668
2020-05-28 00:00:00-04:00,22.36114501953125,185.1000061035156,181.0829162597656,88.41979217529297,24.90253257751465
2020-05-29 00:00:00-04:00,21.69552993774414,185.5800018310547,177.93157958984375,86.16189575195312,24.216388702392575
2020-06-01 00:00:00-04:00,22.13627243041992,183.83999633789065,181.0466766357422,87.30414581298828,24.783599853515625
2020-06-02 00:00:00-04:00,22.34315299987793,185.94000244140625,184.8590545654297,87.59632110595703,25.067211151123047
2020-06-03 00:00:00-04:00,23.3775577545166,190.82000732421875,190.6817626953125,92.32456970214844,26.375459671020508
2020-06-04 00:00:00-04:00,24.25614547729492,192.0500030517578,194.5303192138672,94.2459716796875,27.64712142944336
2020-06-05 00:00:00-04:00,25.46080017089844,200.66000366210935,197.3375396728516,98.48722076416016,28.973663330078125
2020-06-08 00:00:00-04:00,25.850276947021484,201.55999755859372,199.95455932617188,100.45288848876952,30.48318862915039
2020-06-09 00:00:00-04:00,25.560434341430664,196.07000732421875,197.5005645751953,97.8762664794922,29.851938247680664
2020-06-10 00:00:00-04:00,24.093111038208008,191.50999450683597,193.3531036376953,93.90950012207033,27.180540084838867
2020-06-11 00:00:00-04:00,21.67474174499512,178.02000427246094,175.7945098876953,86.07337951660156,24.509143829345703
2020-06-12 00:00:00-04:00,22.444637298583984,181.2100067138672,182.7219696044922,88.42865753173828,25.588682174682617
2020-06-15 00:00:00-04:00,22.779762268066406,181.5500030517578,186.8240966796875,89.65055847167969,25.808244705200195
2020-06-16 00:00:00-04:00,23.368501663208008,182.3000030517578,189.79429626464844,90.36775207519533,26.091856002807617
2020-06-17 00:00:00-04:00,22.64390182495117,180.8600006103516,186.7154083251953,88.08333587646484,25.11295509338379
2020-06-18 00:00:00-04:00,22.68013000488281,180.72999572753903,184.5873870849609,87.60519409179688,25.204435348510746
2020-06-19 00:00:00-04:00,22.870342254638672,179.72000122070312,182.58616638183597,86.6046371459961,25.25018119812012
2020-06-22 00:00:00-04:00,22.29970932006836,180.1699981689453,184.2070159912109,85.66609191894531,25.02146339416504
2020-06-23 00:00:00-04:00,22.45368766784668,181.00999450683597,185.4385986328125,86.71088409423828,24.91168212890625
2020-06-24 00:00:00-04:00,21.56604766845703,177.52999877929688,179.31710815429688,83.81551361083984,23.896183013916016
2020-06-25 00:00:00-04:00,22.390289306640625,178.85000610351562,187.53948974609372,86.73745727539062,25.039766311645508
2020-06-26 00:00:00-04:00,20.968246459960938,175.3699951171875,171.3210906982422,81.98265075683594,23.182598114013672
2020-06-29 00:00:00-04:00,21.18563270568848,177.19000244140625,175.19680786132812,82.34568786621094,23.51194190979004
2020-06-30 00:00:00-04:00,21.511701583862305,178.50999450683594,178.95486450195312,83.28423309326172,23.42045783996582
2020-07-01 00:00:00-04:00,21.067880630493164,177.99000549316406,178.9096221923828,82.57588958740234,22.953876495361328
2020-07-02 00:00:00-04:00,21.09505271911621,178.8300018310547,178.75564575195312,82.84413146972656,23.182598114013672
2020-07-06 00:00:00-04:00,21.430185317993164,182.72000122070312,187.77491760253903,84.93624877929688,23.319826126098636
2020-07-07 00:00:00-04:00,20.841447830200195,181.1499938964844,180.530517578125,82.5401382446289,22.37751579284668
2020-07-08 00:00:00-04:00,20.922964096069336,181.1999969482422,183.14756774902344,83.41632080078125,22.45985412597656
2020-07-09 00:00:00-04:00,20.62406539916992,178.8000030517578,178.23948669433594,81.61031341552734,21.99327850341797
2020-07-10 00:00:00-04:00,21.756256103515625,182.8999938964844,186.1449432373047,86.07169342041016,23.3015251159668
2020-07-13 00:00:00-04:00,21.91023826599121,184.1300048828125,189.15133666992188,87.30552673339844,23.24663543701172
2020-07-14 00:00:00-04:00,21.86494827270508,189.7100067138672,193.7968292236328,87.80619049072266,22.18539428710937
2020-07-15 00:00:00-04:00,22.281599044799805,190.55999755859372,196.4138641357422,89.16516876220703,23.191743850708008
2020-07-16 00:00:00-04:00,21.67474174499512,191.00999450683597,194.3944854736328,89.41551208496094,23.292377471923828
2020-07-17 00:00:00-04:00,21.031652450561523,190.75999450683597,191.4424285888672,87.76148986816406,22.825796127319336
2020-07-20 00:00:00-04:00,21.357723236083984,190.47999572753903,191.71405029296875,86.99259948730469,22.478151321411133
2020-07-21 00:00:00-04:00,22.11855697631836,192.2700042724609,191.99478149414065,88.87908172607422,23.96937370300293
2020-07-22 00:00:00-04:00,22.01892852783203,192.1000061035156,186.54335021972656,88.23534393310547,24.02426528930664
2020-07-23 00:00:00-04:00,22.22725486755371,193.25,183.8448486328125,88.49463653564453,24.106603622436523
2020-07-24 00:00:00-04:00,22.055156707763672,194.5200042724609,182.4412384033203,87.8687744140625,24.02426528930664
2020-07-27 00:00:00-04:00,21.86494827270508,192.13999938964844,183.8448486328125,86.63497924804688,23.319826126098636
2020-07-28 00:00:00-04:00,22.0642147064209,194.1199951171875,182.5770568847656,87.0104751586914,23.356420516967773
2020-07-29 00:00:00-04:00,22.888452529907227,196.41000366210935,183.44639587402344,89.12045288085938,23.585134506225582
2020-07-30 00:00:00-04:00,22.498973846435547,194.3000030517578,180.6844787597656,86.74224853515625,22.55133819580078
2020-07-31 00:00:00-04:00,22.535205841064453,195.77999877929688,179.26275634765625,86.40251159667969,22.19454002380371
2020-08-03 00:00:00-04:00,22.634841918945312,199.25999450683597,180.55767822265625,85.91971588134766,22.221986770629883
2020-08-04 00:00:00-04:00,22.6529541015625,200.2400054931641,182.59515380859372,85.42796325683594,22.15794944763184
2020-08-05 00:00:00-04:00,22.997142791748047,203.6199951171875,185.2031707763672,86.91212463378906,22.32262420654297
2020-08-06 00:00:00-04:00,23.06960105895996,205.0200042724609,184.9586334228516,86.9389419555664,22.267507553100582
2020-08-07 00:00:00-04:00,23.649288177490234,209.47999572753903,188.5989990234375,88.85223388671875,23.02996635437012
2020-08-10 00:00:00-04:00,24.056873321533203,212.5800018310547,189.6041412353516,89.97877502441406,22.690074920654297
2020-08-11 00:00:00-04:00,24.382951736450195,212.66000366210935,191.1254425048828,92.8218994140625,23.25962257385254
2020-08-12 00:00:00-04:00,24.210857391357425,213.2400054931641,192.09442138671875,92.03512573242188,23.140199661254883
2020-08-13 00:00:00-04:00,23.86666488647461,211.97999572753903,188.70762634277344,91.52550506591795,22.98403549194336
2020-08-14 00:00:00-04:00,23.975360870361328,210.9600067138672,188.3273162841797,91.5612564086914,23.241247177124023
2020-08-17 00:00:00-04:00,23.45907592773437,206.77999877929688,183.8901214599609,89.14729309082031,22.47879219055176
2020-08-18 00:00:00-04:00,23.123947143554688,208.3300018310547,182.29632568359372,87.90452575683594,22.08378219604492
2020-08-19 00:00:00-04:00,23.096778869628903,207.2100067138672,183.8448486328125,88.11017608642578,22.1113395690918
2020-08-20 00:00:00-04:00,22.734474182128903,206.1199951171875,182.78536987304688,87.05517578125,21.81737899780273
2020-08-21 00:00:00-04:00,22.62578582763672,207.42999267578125,183.3105316162109,87.0104751586914,21.71632957458496
2020-08-24 00:00:00-04:00,23.26886940002441,212.6100006103516,187.7567901611328,89.46019744873047,22.497163772583008
2020-08-25 00:00:00-04:00,23.54965591430664,213.3500061035156,186.54335021972656,89.85359954833984,22.607398986816406
2020-08-26 00:00:00-04:00,23.151123046875,214.66000366210935,187.6481475830078,88.59296417236328,22.08378219604492
2020-08-27 00:00:00-04:00,23.59494400024414,216.8699951171875,190.3014068603516,91.50762939453124,22.58902740478516
2020-08-28 00:00:00-04:00,23.82138061523437,218.5500030517578,188.0918731689453,91.88313293457033,22.680892944335938
2020-08-31 00:00:00-04:00,23.314157485961918,218.0399932861328,186.64329528808597,89.5764389038086,22.184823989868164
2020-09-01 00:00:00-04:00,23.2869873046875,218.5500030517578,187.1808013916016,89.53173828125,22.092967987060547
2020-09-02 00:00:00-04:00,23.56777000427246,221.67999267578125,191.35336303710935,90.88176727294922,22.570653915405277
2020-09-03 00:00:00-04:00,23.403600692749023,218.1499938964844,189.0940093994141,90.5956802368164,22.52472496032715
2020-09-04 00:00:00-04:00,24.20622062683105,218.32000732421875,192.17327880859372,92.55368041992188,22.77275657653809
2020-09-08 00:00:00-04:00,23.239425659179688,217.8000030517578,184.4659576416016,89.33504486083984,22.01947784423828
2020-09-09 00:00:00-04:00,23.26679039001465,219.6300048828125,184.22906494140625,90.18441009521484,21.90005874633789
2020-09-10 00:00:00-04:00,22.929323196411133,217.8000030517578,182.21568298339844,89.25457000732422,22.0011043548584
2020-09-11 00:00:00-04:00,23.25766944885254,217.92999267578125,183.04470825195312,90.36320495605467,22.295068740844727
2020-09-14 00:00:00-04:00,23.48568725585937,219.94000244140625,183.4273834228516,91.61490631103516,22.79112434387207
2020-09-15 00:00:00-04:00,23.05701446533203,218.94000244140625,180.38450622558597,88.7628402709961,22.85542678833008
2020-09-16 00:00:00-04:00,23.348875045776367,219.58999633789065,182.8260803222656,89.13833618164062,23.61788558959961
2020-09-17 00:00:00-04:00,23.120859146118164,218.0500030517578,177.49658203125,88.11911010742188,23.06671142578125
2020-09-18 00:00:00-04:00,22.993167877197266,218.2100067138672,177.5238800048828,87.93134307861328,23.085079193115234
2020-09-21 00:00:00-04:00,22.3182430267334,213.0200042724609,176.74038696289062,85.21339416503906,22.08378219604492
2020-09-22 00:00:00-04:00,21.83484649658203,214.16000366210935,174.57212829589844,84.28357696533203,21.725515365600582
2020-09-23 00:00:00-04:00,21.21463966369629,209.6100006103516,169.56146240234375,82.9156494140625,20.97224235534668
2020-09-24 00:00:00-04:00,21.287607192993164,208.72000122070312,177.7516632080078,82.84413146972656,21.4223690032959
2020-09-25 00:00:00-04:00,21.424415588378903,210.4499969482422,177.60585021972656,83.56831359863281,21.71632957458496
2020-09-28 00:00:00-04:00,21.971656799316406,213.5399932861328,181.35934448242188,85.97335815429688,21.881681442260746
2020-09-29 00:00:00-04:00,21.679792404174805,210.44000244140625,179.2821807861328,85.24916076660156,21.367250442504883
2020-09-30 00:00:00-04:00,21.971656799316406,212.94000244140625,183.0902862548828,86.07169342041016,21.59691047668457
2020-10-01 00:00:00-04:00,21.98077774047852,212.0200042724609,180.88558959960935,86.69754791259766,21.642837524414062
2020-10-02 00:00:00-04:00,22.08110237121582,211.17999267578125,182.11546325683597,87.52008819580078,22.0378475189209
2020-10-05 00:00:00-04:00,22.45505142211914,212.3600006103516,183.8464508056641,89.36993408203125,22.46042251586914
2020-10-06 00:00:00-04:00,22.227035522460938,210.25999450683597,183.19960021972656,88.44950866699219,22.212385177612305
2020-10-07 00:00:00-04:00,22.69218635559082,213.2899932861328,185.4863128662109,89.99256134033203,22.79112434387207
2020-10-08 00:00:00-04:00,23.020532608032227,215.1499938964844,189.4766387939453,91.84239959716795,23.241247177124023
2020-10-09 00:00:00-04:00,23.129981994628903,215.67999267578125,189.0757751464844,91.31901550292967,23.241247177124023
2020-10-12 00:00:00-04:00,23.421844482421875,216.41000366210935,195.07037353515625,92.43797302246094,23.59032821655273
2020-10-13 00:00:00-04:00,22.75602912902832,212.30999755859372,192.0548553466797,90.94003295898438,22.7268180847168
2020-10-14 00:00:00-04:00,21.542984008789062,210.91000366210935,192.43751525878903,90.4347152709961,21.358064651489254
2020-10-15 00:00:00-04:00,22.02638053894043,211.6499938964844,190.0414886474609,91.78827667236328,21.08247756958008
2020-10-16 00:00:00-04:00,22.10846328735352,211.91000366210935,187.86410522460935,91.59876251220705,20.99980354309082
2020-10-19 00:00:00-04:00,21.63418960571289,208.9900054931641,187.390380859375,90.05573272705078,20.70584487915039
2020-10-20 00:00:00-04:00,22.017257690429688,210.05999755859372,189.52218627929688,90.57007598876952,20.9538688659668
2020-10-21 00:00:00-04:00,21.93517303466797,210.17999267578125,184.85769653320312,89.667724609375,20.852819442749023
2020-10-22 00:00:00-04:00,22.68306541442871,211.6100006103516,187.1261749267578,92.83499908447266,21.358064651489254
2020-10-23 00:00:00-04:00,22.71042823791504,212.7100067138672,186.79818725585935,93.67418670654295,21.385622024536133
2020-10-26 00:00:00-04:00,22.3820858001709,208.4900054931641,183.2451629638672,91.35513305664062,20.852819442749023
2020-10-27 00:00:00-04:00,21.752763748168945,206.8800048828125,178.27093505859375,89.63162231445312,20.044431686401367
2020-10-28 00:00:00-04:00,21.40617561340332,200.6999969482422,172.88671875,87.11402130126953,19.45651054382324
2020-10-29 00:00:00-04:00,21.470016479492188,201.50999450683597,173.04161071777344,87.6825180053711,19.41976356506348
2020-10-30 00:00:00-04:00,21.615949630737305,201.8999938964844,172.22169494628906,88.46756744384766,19.704538345336918
2020-11-02 00:00:00-05:00,21.96253776550293,204.30999755859372,173.2784423828125,90.46178436279295,20.117921829223636
2020-11-03 00:00:00-05:00,22.518896102905277,206.6300048828125,180.32073974609372,93.31324768066406,20.292457580566406
2020-11-04 00:00:00-05:00,21.59770774841309,206.1699981689453,180.26608276367188,90.46178436279295,20.09954643249512
2020-11-05 00:00:00-05:00,22.4459285736084,207.4499969482422,184.9032440185547,94.1614761352539,20.60710906982422
2020-11-06 00:00:00-05:00,22.172313690185547,208.8500061035156,183.3544921875,92.9071807861328,20.21951675415039
2020-11-09 00:00:00-05:00,25.31893539428711,221.5,195.8083038330078,105.48611450195312,22.35128593444824
2020-11-10 00:00:00-05:00,25.227733612060547,228.47999572753903,198.122314453125,105.14321899414062,22.3236026763916
2020-11-11 00:00:00-05:00,24.935871124267575,227.3699951171875,198.65074157714844,103.57311248779295,22.3236026763916
2020-11-12 00:00:00-05:00,24.34303092956543,224.72000122070312,195.4256591796875,102.3007583618164,21.97291755676269
2020-11-13 00:00:00-05:00,24.625762939453125,227.4199981689453,199.589111328125,102.9414520263672,22.212862014770508
2020-11-16 00:00:00-05:00,25.15476417541504,233.1000061035156,202.59552001953125,105.84706115722656,22.97882080078125
2020-11-17 00:00:00-05:00,25.12740135192871,233.16000366210935,204.6635284423828,104.77326202392578,23.108020782470703
2020-11-18 00:00:00-05:00,24.60752487182617,230.07000732421875,204.34469604492188,103.99723052978516,23.12647819519043
2020-11-19 00:00:00-05:00,24.60752487182617,229.52999877929688,204.59068298339844,104.27693939208984,24.1416015625
2020-11-20 00:00:00-05:00,24.452470779418945,227.00999450683597,203.4792022705078,103.38362121582033,23.514074325561523
2020-11-23 00:00:00-05:00,24.981470108032227,229.5399932861328,208.4716644287109,106.36141967773438,24.270801544189453
2020-11-24 00:00:00-05:00,26.43165397644043,233.9199981689453,216.37033081054688,111.2792739868164,26.402572631835938
2020-11-25 00:00:00-05:00,26.47725486755371,233.1300048828125,215.4957427978516,110.115234375,26.38411521911621
2020-11-27 00:00:00-05:00,26.440773010253903,231.5500030517578,214.45713806152344,109.3843231201172,26.264142990112305
2020-11-30 00:00:00-05:00,25.68375968933105,228.91000366210935,210.06597900390625,106.37042236328124,25.23978614807129
2020-12-01 00:00:00-05:00,26.167156219482425,229.67999267578125,212.5849609375,108.04881286621094,25.89500617980957
2020-12-02 00:00:00-05:00,26.504621505737305,230.4199981689453,217.68707275390625,110.124267578125,26.642513275146484
2020-12-03 00:00:00-05:00,26.532154083251957,231.0200042724609,215.6902008056641,109.40235900878906,26.91013526916504
2020-12-04 00:00:00-05:00,26.88090133666992,231.3500061035156,219.45497131347656,110.39495849609376,27.270044326782227
2020-12-07 00:00:00-05:00,26.697349548339844,229.2400054931641,218.41986083984372,109.97988891601562,27.076250076293945
2020-12-08 00:00:00-05:00,26.55050468444824,228.19000244140625,218.777099609375,110.0881576538086,26.707111358642575
2020-12-09 00:00:00-05:00,26.431201934814453,227.50999450683597,222.4228057861328,109.23092651367188,26.80862045288086
2020-12-10 00:00:00-05:00,26.71570587158203,227.3500061035156,223.87008666992188,108.52706909179688,27.21467399597168
2020-12-11 00:00:00-05:00,26.220117568969727,226.38999938964844,219.8305206298828,107.88640594482422,26.8363094329834
2020-12-14 00:00:00-05:00,25.898900985717773,222.8500061035156,217.81527709960935,106.74944305419922,26.430255889892575
2020-12-15 00:00:00-05:00,26.28436088562012,224.3800048828125,222.0655517578125,108.57218170166016,27.436155319213867
2020-12-16 00:00:00-05:00,26.357778549194336,221.91000366210935,223.29298400878903,108.88801574707033,27.36233139038086
2020-12-17 00:00:00-05:00,26.4587345123291,224.67999267578125,223.8975372314453,107.98567199707033,27.19622039794922
2020-12-18 00:00:00-05:00,26.3118953704834,223.42999267578125,221.79080200195312,107.45327758789062,26.771709442138672
2020-12-21 00:00:00-05:00,27.293886184692383,223.4900054931641,235.3933868408203,111.48682403564452,27.270044326782227
2020-12-22 00:00:00-05:00,26.80747604370117,221.8800048828125,229.0821075439453,109.79039001464844,26.725566864013672
2020-12-23 00:00:00-05:00,27.57838630676269,224.2400054931641,234.90786743164065,112.85842895507812,28.008319854736328
2020-12-24 00:00:00-05:00,27.49578857421875,226.52999877929688,234.64224243164065,112.36211395263672,27.53767204284668
2020-12-28 00:00:00-05:00,27.65180778503418,228.41000366210935,237.7841033935547,113.10205078125,27.6207275390625
2020-12-29 00:00:00-05:00,27.541675567626957,229.57000732421875,236.3368377685547,112.80427551269533,27.4822998046875
2020-12-30 00:00:00-05:00,27.514142990112305,229.6499938964844,237.6558837890625,113.12010192871094,27.454612731933597
2020-12-31 00:00:00-05:00,27.81700325012207,231.8699951171875,241.5580139160156,114.6631317138672,27.851436614990234
2021-01-04 00:00:00-05:00,27.56003189086914,228.4499969482422,242.7396697998047,113.58030700683594,27.408477783203125
2021-01-05 00:00:00-05:00,27.771114349365234,227.47000122070312,248.1715240478516,114.19832611083984,28.174434661865234
2021-01-06 00:00:00-05:00,29.50566291809082,230.2700042724609,261.5634460449219,119.56061553955078,30.16777229309082
2021-01-07 00:00:00-05:00,30.15726852416992,232.8800048828125,267.1509704589844,123.48689270019533,30.85068130493164
2021-01-08 00:00:00-05:00,29.85441017150879,234.02999877929688,265.7128601074219,123.62321472167967,30.62919807434082
2021-01-11 00:00:00-05:00,30.34999084472656,233.42999267578125,269.1479187011719,125.46818542480467,30.67534828186035
2021-01-12 00:00:00-05:00,30.89147186279297,233.02999877929688,276.82403564453125,127.4404067993164,31.321334838867188
2021-01-13 00:00:00-05:00,30.70792007446289,234.50999450683597,277.4926147460937,127.5585708618164,31.19213104248047
2021-01-14 00:00:00-05:00,31.194324493408203,235.0200042724609,282.0085144042969,128.3038787841797,32.0688362121582
2021-01-15 00:00:00-05:00,30.294925689697266,233.4900054931641,275.7247314453125,126.00440979003906,29.567928314208984
2021-01-19 00:00:00-05:00,30.074668884277344,234.5500030517578,269.48687744140625,125.45909881591795,30.11241149902344
2021-01-20 00:00:00-05:00,29.680036544799805,234.75999450683597,266.07012939453125,123.5777816772461,29.955522537231445
2021-01-21 00:00:00-05:00,29.15691566467285,234.16000366210935,265.0625,122.54166412353516,29.531015396118164
2021-01-22 00:00:00-05:00,28.95500946044922,232.9199981689453,265.0808410644531,121.59646606445312,29.43872833251953
2021-01-25 00:00:00-05:00,28.597087860107425,233.00999450683597,259.2643127441406,120.07865142822266,29.752498626708984
2021-01-26 00:00:00-05:00,28.39518547058105,231.57000732421875,258.091796875,119.587890625,28.958852767944336
2021-01-27 00:00:00-05:00,27.37648200988769,227.3600006103516,250.3698883056641,116.20691680908205,27.842212677001957
2021-01-28 00:00:00-05:00,27.826175689697266,230.9499969482422,251.91796875,118.2518539428711,28.432832717895508
2021-01-29 00:00:00-05:00,27.21128845214844,227.8699951171875,248.3913726806641,116.94308471679688,27.574581146240234
2021-02-01 00:00:00-05:00,27.49578857421875,229.32000732421875,251.6522979736328,117.8064956665039,27.676097869873047
2021-02-02 00:00:00-05:00,28.477783203125,232.2400054931641,262.8641662597656,121.43287658691406,28.377456665039062
2021-02-03 00:00:00-05:00,28.982545852661133,232.67999267578125,264.3114013671875,122.82341003417967,29.254159927368164
2021-02-04 00:00:00-05:00,29.826879501342773,235.7700042724609,269.0746154785156,125.64997100830078,30.23547744750977
2021-02-05 00:00:00-05:00,29.707565307617188,235.16000366210935,268.8456115722656,125.40460968017578,30.14289665222168
2021-02-08 00:00:00-05:00,30.368350982666016,237.4199981689453,274.9369812011719,127.3677215576172,30.920543670654297
2021-02-09 00:00:00-05:00,30.239864349365234,239.91000366210935,275.220947265625,126.85877227783205,30.790935516357425
2021-02-10 00:00:00-05:00,30.267391204833984,239.9199981689453,278.7200927734375,126.93148040771484,30.73538589477539
2021-02-11 00:00:00-05:00,30.175621032714844,239.75999450683597,276.9246520996094,126.5770034790039,30.291015625
2021-02-12 00:00:00-05:00,30.62531852722168,242.4600067138672,280.58868408203125,128.37655639648438,31.04088592529297
2021-02-16 00:00:00-05:00,31.45129776000977,245.27999877929688,285.75494384765625,131.46665954589844,32.20735168457031
2021-02-17 00:00:00-05:00,31.57976722717285,245.25,286.46942138671875,131.8756561279297,33.87372970581055
2021-02-18 00:00:00-05:00,31.377872467041016,243.5,283.8679504394531,132.32098388671875,34.21626281738281
2021-02-19 00:00:00-05:00,31.699087142944336,241.8500061035156,289.10748291015625,134.529541015625,35.02167510986328
2021-02-22 00:00:00-05:00,32.258914947509766,244.97000122070312,290.2524719238281,135.7928466796875,34.493995666503906
2021-02-23 00:00:00-05:00,32.59847640991211,245.52999877929688,292.3959350585937,136.88351440429688,34.38290023803711
2021-02-24 00:00:00-05:00,33.38774871826172,248.4499969482422,302.8658142089844,139.29196166992188,35.44752883911133
2021-02-25 00:00:00-05:00,32.97475814819336,243.69000244140625,300.2276916503906,137.4015350341797,34.77171325683594
2021-02-26 00:00:00-05:00,31.855098724365234,240.50999450683597,292.643310546875,133.75698852539062,33.484901428222656
2021-03-01 00:00:00-05:00,32.84627914428711,249.2100067138672,303.3933410644531,136.7834930419922,34.336605072021484
2021-03-02 00:00:00-05:00,32.607662200927734,249.22000122070312,304.3313293457031,136.3381805419922,34.38290023803711
2021-03-03 00:00:00-05:00,33.42445373535156,251.5500030517578,307.5406799316406,138.97389221191406,34.89207077026367
2021-03-04 00:00:00-05:00,33.66425323486328,245.47999572753903,302.8140869140625,136.83802795410156,34.40140914916992
2021-03-05 00:00:00-05:00,34.06085205078125,253.1499938964844,301.04833984375,137.15615844726562,34.65135955810547
2021-03-08 00:00:00-05:00,34.24531173706055,257.6099853515625,307.320068359375,138.97389221191406,35.79930877685547
2021-03-09 00:00:00-05:00,33.49824523925781,259.0199890136719,304.00946044921875,137.9923095703125,35.299400329589844
2021-03-10 00:00:00-05:00,34.4666633605957,263.989990234375,314.5204162597656,140.99156188964844,36.64176940917969
2021-03-11 00:00:00-05:00,34.34676742553711,260.9100036621094,314.5940856933594,140.25538635253906,35.99372100830078
2021-03-12 00:00:00-05:00,34.99237823486328,260.0199890136719,320.7645568847656,141.91856384277344,37.002811431884766
2021-03-15 00:00:00-04:00,34.817138671875,254.6100006103516,318.2264099121094,141.2096405029297,36.75285720825195
2021-03-16 00:00:00-04:00,34.7156867980957,251.5,314.23541259765625,139.5191650390625,36.428836822509766
2021-03-17 00:00:00-04:00,35.00160598754883,252.0,317.21490478515625,140.95518493652344,36.8824577331543
2021-03-18 00:00:00-04:00,35.9146842956543,252.4600067138672,320.0196838378906,143.2818603515625,37.78045654296875
2021-03-19 00:00:00-04:00,35.53653717041016,250.9900054931641,316.5252380371094,141.00062561035156,36.68806076049805
2021-03-22 00:00:00-04:00,34.734134674072266,250.3600006103516,312.0467834472656,137.210693359375,36.07704925537109
2021-03-23 00:00:00-04:00,34.033180236816406,248.30999755859372,305.0946044921875,135.8383026123047,35.40123748779297
2021-03-24 00:00:00-04:00,34.033180236816406,249.6300048828125,302.2254638671875,136.89256286621094,35.2901496887207
2021-03-25 00:00:00-04:00,34.734134674072266,250.75,303.97265625,138.6466827392578,36.38254928588867
2021-03-26 00:00:00-04:00,35.67488479614258,256.7699890136719,301.0667419433594,140.95518493652344,36.80839920043945
2021-03-29 00:00:00-04:00,35.33363723754883,258.82000732421875,299.54022216796875,138.7648162841797,35.586395263671875
2021-03-30 00:00:00-04:00,35.960811614990234,258.19000244140625,305.3153076171875,140.4007568359375,36.46586608886719
2021-03-31 00:00:00-04:00,35.684120178222656,255.47000122070312,300.7080993652344,138.35581970214844,36.16962432861328
2021-04-01 00:00:00-04:00,36.42195892333984,258.20001220703125,301.2967224121094,139.7009735107422,36.68806076049805
2021-04-05 00:00:00-04:00,36.7078742980957,262.6600036621094,297.5263061523437,140.44146728515625,36.5491828918457
2021-04-06 00:00:00-04:00,36.606422424316406,263.0599975585937,300.7633056640625,139.45411682128906,36.891719818115234
2021-04-07 00:00:00-04:00,36.93844985961914,263.6199951171875,300.2943420410156,141.63906860351562,37.02133560180664
2021-04-08 00:00:00-04:00,36.61564254760742,263.510009765625,304.5152587890625,141.8127899169922,37.05835723876953
2021-04-09 00:00:00-04:00,36.88311767578125,266.010009765625,304.2118225097656,142.8732452392578,37.49346923828125
2021-04-12 00:00:00-04:00,36.94768524169922,267.92999267578125,305.158935546875,142.57159423828125,37.74342727661133
2021-04-13 00:00:00-04:00,36.26516342163086,267.1000061035156,301.3334655761719,140.87115478515625,36.83617401123047
2021-04-14 00:00:00-04:00,36.78166198730469,267.5299987792969,308.3867492675781,138.2382354736328,38.87285232543945
2021-04-15 00:00:00-04:00,35.730228424072266,269.1400146484375,311.3294372558594,139.11585998535156,39.10430145263672
2021-04-16 00:00:00-04:00,36.10837173461914,272.1099853515625,314.787109375,140.14892578125,40.58551788330078
2021-04-19 00:00:00-04:00,36.1268196105957,270.2799987792969,315.50445556640625,139.55467224121094,40.62255096435547
2021-04-20 00:00:00-04:00,35.12150955200195,267.8900146484375,305.1957702636719,136.4646453857422,39.38202667236328
2021-04-21 00:00:00-04:00,35.71177291870117,272.2099914550781,308.31317138671875,137.6256866455078,40.030059814453125
2021-04-22 00:00:00-04:00,35.3797492980957,269.510009765625,304.2485656738281,134.72764587402344,39.53014755249024
2021-04-23 00:00:00-04:00,36.13603973388672,271.9800109863281,312.06512451171875,137.3057403564453,40.60403060913086
2021-04-26 00:00:00-04:00,36.34817123413086,270.8599853515625,315.8998107910156,137.6439666748047,40.86325454711914
2021-04-27 00:00:00-04:00,36.78166198730469,273.6499938964844,318.759765625,138.27479553222656,41.74272537231445
2021-04-28 00:00:00-04:00,36.92000198364258,272.95001220703125,320.12078857421875,139.1707000732422,41.73347473144531
2021-04-29 00:00:00-04:00,37.91609191894531,277.6000061035156,324.5899963378906,141.87680053710938,42.80735397338867
2021-04-30 00:00:00-04:00,37.38116455078125,274.95001220703125,320.4334411621094,140.6151580810547,41.70569610595703
2021-05-03 00:00:00-04:00,37.4088249206543,279.17999267578125,322.00604248046875,140.2037811279297,42.10377502441406
2021-05-04 00:00:00-04:00,37.81464385986328,280.260009765625,321.7117004394531,142.1418914794922,42.34447479248047
2021-05-05 00:00:00-04:00,38.1743392944336,282.760009765625,328.8662109375,144.00692749023438,42.52962875366211
2021-05-06 00:00:00-04:00,38.74617385864258,289.7099914550781,336.5447692871094,146.9049530029297,43.26258087158203
2021-05-07 00:00:00-04:00,38.9029655456543,290.92999267578125,341.0692138671875,147.40777587890625,43.17908477783203
2021-05-10 00:00:00-04:00,38.78306198120117,292.3299865722656,339.03692626953125,147.38946533203125,43.2347297668457
2021-05-11 00:00:00-04:00,38.34036636352539,285.6300048828125,330.98126220703125,144.9394073486328,42.41829299926758
2021-05-12 00:00:00-04:00,37.98065948486328,282.9100036621094,325.9051208496094,143.9429168701172,42.34407806396485
2021-05-13 00:00:00-04:00,38.5893783569336,286.8999938964844,329.9604797363281,147.6454620361328,43.04918670654297
2021-05-14 00:00:00-04:00,39.06898880004883,290.67999267578125,339.11962890625,149.94012451171875,43.56874465942383
2021-05-17 00:00:00-04:00,39.419464111328125,289.2200012207031,339.5610656738281,150.54354858398438,44.44086456298828
2021-05-18 00:00:00-04:00,38.884521484375,287.5899963378906,335.2481689453125,148.42254638671875,43.47597122192383
2021-05-19 00:00:00-04:00,38.70928955078125,286.2200012207031,329.5651550292969,147.2889404296875,42.83579635620117
2021-05-20 00:00:00-04:00,38.61705780029297,286.7300109863281,330.8525085449219,147.032958984375,42.42757034301758
2021-05-21 00:00:00-04:00,39.10588073730469,287.739990234375,336.8114624023437,148.7059783935547,42.56673431396485
2021-05-24 00:00:00-04:00,39.31800842285156,289.7300109863281,338.6782531738281,149.51046752929688,42.9007453918457
2021-05-25 00:00:00-04:00,38.74617385864258,287.20001220703125,335.2022399902344,147.9654541015625,42.76157760620117
2021-05-26 00:00:00-04:00,38.77384185791016,287.3299865722656,337.85986328125,147.94720458984375,43.04918670654297
2021-05-27 00:00:00-04:00,39.24422073364258,289.29998779296875,341.5105895996094,150.2509765625,43.38318634033203
2021-05-28 00:00:00-04:00,39.096656799316406,289.44000244140625,343.26373291015625,150.15045166015625,43.34608459472656
2021-06-01 00:00:00-04:00,39.5854721069336,289.8399963378906,352.8782958984375,151.80514526367188,43.84708023071289
2021-06-02 00:00:00-04:00,39.60391998291016,290.0199890136719,353.801025390625,151.8142547607422,43.42958068847656
2021-06-03 00:00:00-04:00,40.05775833129883,291.9700012207031,358.67291259765625,151.9148406982422,43.10484313964844
2021-06-04 00:00:00-04:00,40.0762825012207,292.5199890136719,361.1919250488281,152.1616973876953,43.56874465942383
2021-06-07 00:00:00-04:00,39.937347412109375,289.4599914550781,358.1562194824219,151.44862365722656,43.70792388916016
2021-06-08 00:00:00-04:00,39.71507263183594,289.19000244140625,354.9636535644531,150.84523010253906,43.244022369384766
2021-06-09 00:00:00-04:00,39.19640350341797,288.5799865722656,353.1920166015625,148.9619598388672,42.60384750366211
2021-06-10 00:00:00-04:00,38.61289978027344,284.9100036621094,345.0353698730469,146.6398162841797,41.83378982543945
2021-06-11 00:00:00-04:00,38.77034759521485,286.82000732421875,348.8276672363281,146.539306640625,42.38117599487305
2021-06-14 00:00:00-04:00,38.307247161865234,283.5299987792969,344.09423828125,144.05262756347656,41.88945770263672
2021-06-15 00:00:00-04:00,38.33503723144531,283.94000244140625,342.59942626953125,141.86764526367188,42.17706298828125
2021-06-16 00:00:00-04:00,38.54805374145508,283.1099853515625,342.3225402832031,142.86415100097656,42.27912902832031
2021-06-17 00:00:00-04:00,36.86239242553711,278.69000244140625,333.55694580078125,138.74105834960938,39.69989013671875
2021-06-18 00:00:00-04:00,35.91768264770508,274.0400085449219,321.8663024902344,135.23046875,38.7349853515625
2021-06-21 00:00:00-04:00,36.81608581542969,277.1000061035156,329.903076171875,137.52511596679688,40.15449905395508
2021-06-22 00:00:00-04:00,37.01985549926758,276.9200134277344,329.8938293457031,137.32400512695312,40.39572143554688
2021-06-23 00:00:00-04:00,37.23286819458008,274.6600036621094,333.14178466796875,138.15594482421875,40.78539276123047
2021-06-24 00:00:00-04:00,37.81637573242188,275.489990234375,340.2464904785156,139.42666625976562,41.91728210449219
2021-06-25 00:00:00-04:00,38.54805374145508,278.3800048828125,340.26495361328125,140.8345947265625,43.03063201904297
2021-06-28 00:00:00-04:00,38.49249267578125,276.6099853515625,340.2095947265625,141.09056091308594,42.48323822021485
2021-06-29 00:00:00-04:00,37.8719367980957,276.2099914550781,343.8174133300781,140.91683959960938,41.555458068847656
2021-06-30 00:00:00-04:00,38.18685150146485,277.9200134277344,350.1932373046875,142.19676208496094,42.01934814453125
2021-07-01 00:00:00-04:00,38.47396469116211,280.1700134277344,346.00421142578125,143.6046600341797,42.13067626953125
2021-07-02 00:00:00-04:00,38.11275863647461,279.1199951171875,345.23834228515625,143.46673583984375,41.81523132324219
2021-07-06 00:00:00-04:00,37.11247253417969,277.32000732421875,341.2707214355469,141.05767822265625,40.349342346191406
2021-07-07 00:00:00-04:00,36.81608581542969,279.239990234375,339.2500305175781,141.2231903076172,40.26583480834961
2021-07-08 00:00:00-04:00,35.91768264770508,274.1000061035156,331.19482421875,138.78656005859375,39.26382827758789
2021-07-09 00:00:00-04:00,37.08467102050781,280.489990234375,343.0238647460937,143.2276611328125,40.73899459838867
2021-07-12 00:00:00-04:00,37.63113784790039,280.1099853515625,351.0882873535156,145.2781219482422,40.970947265625
2021-07-13 00:00:00-04:00,36.91797256469727,279.2099914550781,346.917724609375,143.11734008789062,40.10811233520508
2021-07-14 00:00:00-04:00,35.99177551269531,278.3099975585937,345.4598083496094,142.62998962402344,41.70390319824219
2021-07-15 00:00:00-04:00,35.9639892578125,279.7200012207031,344.490966796875,142.94261169433594,41.750282287597656
2021-07-16 00:00:00-04:00,35.12115478515625,277.8999938964844,336.6018371582031,139.67848205566406,41.08228302001953
2021-07-19 00:00:00-04:00,34.2042236328125,272.6600036621094,327.3009948730469,135.13621520996094,39.94110107421875
2021-07-20 00:00:00-04:00,34.90813446044922,276.8900146484375,336.5649719238281,137.65562438964844,41.601844787597656
2021-07-21 00:00:00-04:00,35.621299743652344,279.8800048828125,344.6293029785156,140.55197143554688,42.49251556396485
2021-07-22 00:00:00-04:00,35.158206939697266,277.70001220703125,343.9004821777344,138.77735900878906,41.77812194824219
2021-07-23 00:00:00-04:00,34.91739654541016,278.489990234375,345.1368408203125,138.5106964111328,41.36989974975586
2021-07-26 00:00:00-04:00,35.31565856933594,278.79998779296875,346.8438720703125,139.4394073486328,41.75956344604492
2021-07-27 00:00:00-04:00,35.17672348022461,280.7799987792969,345.8658142089844,139.25550842285156,41.88018035888672
2021-07-28 00:00:00-04:00,35.31565856933594,278.1000061035156,345.3029479980469,139.4853973388672,42.22345352172852
2021-07-29 00:00:00-04:00,35.82506561279297,279.760009765625,348.3663024902344,140.6807098388672,43.14196395874024
2021-07-30 00:00:00-04:00,35.528682708740234,278.2900085449219,345.9027099609375,139.55892944335938,42.622406005859375
2021-08-02 00:00:00-04:00,35.158206939697266,278.1400146484375,348.95684814453125,138.998046875,42.48323822021485
2021-08-03 00:00:00-04:00,35.70465850830078,281.79998779296875,350.9590759277344,140.5795440673828,43.44812774658203
2021-08-04 00:00:00-04:00,35.44532775878906,278.7799987792969,348.65234375,139.06240844726562,42.81724548339844
2021-08-05 00:00:00-04:00,36.13996887207031,280.2099914550781,354.5945739746094,140.81863403320312,43.78633117675781
2021-08-06 00:00:00-04:00,37.18656921386719,285.6300048828125,367.1340942382813,144.818359375,45.44497680664063
2021-08-09 00:00:00-04:00,37.66818237304688,287.2300109863281,368.97021484375,144.6620330810547,45.33315658569336
2021-08-10 00:00:00-04:00,38.37208938598633,288.94000244140625,376.4349365234375,146.4366455078125,46.24634552001953
2021-08-11 00:00:00-04:00,38.85371017456055,291.2799987792969,381.8973388671875,148.1836700439453,47.20612335205078
2021-08-12 00:00:00-04:00,39.038944244384766,290.239990234375,382.9215393066406,148.762939453125,47.662715911865234
2021-08-13 00:00:00-04:00,38.55732727050781,287.8900146484375,379.0277404785156,147.09866333007812,46.93589019775391
2021-08-16 00:00:00-04:00,38.2424201965332,289.45001220703125,376.78558349609375,146.13320922851562,46.04134368896485
2021-08-17 00:00:00-04:00,38.05718231201172,289.1000061035156,373.6668090820313,144.3678436279297,45.38907241821289
2021-08-18 00:00:00-04:00,37.77932357788086,286.3599853515625,367.9737548828125,143.05294799804688,44.699520111083984
2021-08-19 00:00:00-04:00,37.223609924316406,285.1300048828125,363.1480102539063,141.85763549804688,44.02860641479492
2021-08-20 00:00:00-04:00,37.39032745361328,285.2699890136719,365.2702331542969,142.26222229003906,44.18701553344727
2021-08-23 00:00:00-04:00,37.89046859741211,285.6199951171875,370.4189147949219,144.0828094482422,44.36406707763672
2021-08-24 00:00:00-04:00,38.41839599609375,286.0199890136719,376.9793090820313,144.97467041015625,45.062931060791016
2021-08-25 00:00:00-04:00,39.038944244384766,287.29998779296875,381.1867980957031,147.96298217773438,45.92952346801758
2021-08-26 00:00:00-04:00,38.93706512451172,285.2699890136719,380.53173828125,148.7261505126953,45.70589065551758
2021-08-27 00:00:00-04:00,39.35385513305664,286.6000061035156,387.24896240234375,149.92149353027344,46.4140739440918
2021-08-30 00:00:00-04:00,38.58510971069336,285.6600036621094,381.6297607421875,147.5216522216797,45.10952377319336
2021-08-31 00:00:00-04:00,38.66847229003906,285.7699890136719,383.400634765625,147.0710906982422,42.58427810668945
2021-09-01 00:00:00-04:00,38.14980697631836,285.260009765625,383.539794921875,146.859619140625,40.4876823425293
2021-09-02 00:00:00-04:00,38.18703842163086,285.04998779296875,384.3185729980469,147.5400390625,41.53132629394531
2021-09-03 00:00:00-04:00,38.2149658203125,281.8900146484375,381.3608703613281,146.64810180664062,41.15859222412109
2021-09-07 00:00:00-04:00,38.4663200378418,278.8999938964844,380.4429626464844,146.39068603515625,41.2890510559082
2021-09-08 00:00:00-04:00,37.96361541748047,279.3399963378906,375.5103149414063,145.7378387451172,40.83245468139648
2021-09-09 00:00:00-04:00,38.10325241088867,278.6099853515625,375.120849609375,146.3722686767578,41.33564376831055
2021-09-10 00:00:00-04:00,37.48883438110352,277.6000061035156,374.1009826660156,144.68963623046875,41.30768585205078
2021-09-13 00:00:00-04:00,38.11256790161133,279.9200134277344,379.4601440429688,146.98834228515625,42.64019393920898
2021-09-14 00:00:00-04:00,37.08853149414063,277.20001220703125,374.2956848144531,144.42298889160156,42.910423278808594
2021-09-15 00:00:00-04:00,37.3678092956543,278.17999267578125,372.6824645996094,145.42523193359375,43.46020126342773
2021-09-16 00:00:00-04:00,37.65640258789063,277.510009765625,367.796142578125,145.36083984375,43.12473678588867
2021-09-17 00:00:00-04:00,37.70295333862305,276.760009765625,362.9562683105469,144.98387145996094,43.30178451538086
2021-09-20 00:00:00-04:00,36.40895080566406,274.20001220703125,350.5968322753906,140.64393615722656,42.68678283691406
2021-09-21 00:00:00-04:00,36.42756652832031,273.17999267578125,348.4735717773437,140.66229248046875,42.72405242919922
2021-09-22 00:00:00-04:00,37.3678092956543,274.07000732421875,357.40240478515625,143.35643005371094,43.87019729614258
2021-09-23 00:00:00-04:00,38.810768127441406,278.1199951171875,363.3270568847656,148.2020263671875,44.54110336303711
2021-09-24 00:00:00-04:00,39.22968673706055,277.8699951171875,362.390625,149.9123077392578,44.652931213378906
2021-09-27 00:00:00-04:00,40.2723388671875,279.7200012207031,370.6982421875,153.53504943847656,44.31747817993164
2021-09-28 00:00:00-04:00,40.17924499511719,276.7900085449219,361.138916015625,152.70750427246094,42.78927993774414
2021-09-29 00:00:00-04:00,40.095458984375,277.2900085449219,356.8646545410156,152.5879669189453,43.8236083984375
2021-09-30 00:00:00-04:00,39.51828002929688,272.94000244140625,350.5041198730469,150.5099639892578,43.24587631225586
2021-10-01 00:00:00-04:00,40.104774475097656,275.7099914550781,352.3306884765625,153.67298889160156,43.81429290771485
2021-10-04 00:00:00-04:00,40.34681701660156,273.6400146484375,346.9066162109375,153.5074462890625,43.81429290771485
2021-10-05 00:00:00-04:00,41.166046142578125,278.04998779296875,357.71759033203125,156.0142822265625,44.6901969909668
2021-10-06 00:00:00-04:00,41.18465423583984,280.2200012207031,359.79449462890625,156.34730529785156,44.6063346862793
2021-10-07 00:00:00-04:00,41.072940826416016,282.95001220703125,362.1773681640625,157.33705139160156,44.50383377075195
2021-10-08 00:00:00-04:00,41.27775192260742,284.1400146484375,364.2078857421875,157.45733642578125,44.72747421264648
2021-10-11 00:00:00-04:00,40.75642013549805,280.92999267578125,357.1891174316406,154.1457061767578,44.05656051635742
2021-10-12 00:00:00-04:00,40.53300094604492,278.6199951171875,358.3852233886719,152.9617156982422,43.46951675415039
2021-10-13 00:00:00-04:00,40.16062927246094,277.8999938964844,358.18121337890625,148.92857360839844,42.910423278808594
2021-10-14 00:00:00-04:00,41.957332611083984,281.6400146484375,362.7151794433594,151.21337890625,42.22087478637695
2021-10-15 00:00:00-04:00,43.16755294799805,284.2099914550781,376.50238037109375,154.11795043945312,45.0815658569336
2021-10-18 00:00:00-04:00,43.08376693725586,282.5899963378906,383.5675964355469,154.06248474121094,46.05998229980469
2021-10-19 00:00:00-04:00,43.269962310791016,284.8299865722656,382.1489562988281,155.93101501464844,46.90794372558594
2021-10-20 00:00:00-04:00,43.83782577514648,287.489990234375,378.1899108886719,158.03082275390625,46.74020385742188
2021-10-21 00:00:00-04:00,43.59578323364258,286.82000732421875,377.9116516113281,156.7913055419922,46.89862060546875
2021-10-22 00:00:00-04:00,44.28467559814453,289.239990234375,384.1517028808594,158.90032958984375,47.20612335205078
2021-10-25 00:00:00-04:00,44.22882080078125,290.260009765625,384.5503540039063,158.12332153320312,47.16884994506836
2021-10-26 00:00:00-04:00,44.64774703979492,290.8500061035156,387.2021484375,158.54881286621094,47.17817306518555
2021-10-27 00:00:00-04:00,43.79128646850586,287.7799987792969,381.0641174316406,155.2465057373047,46.63771057128906
2021-10-28 00:00:00-04:00,44.48017501831055,289.7200012207031,384.61529541015625,157.58680725097656,47.85840225219727
2021-10-29 00:00:00-04:00,44.48017501831055,287.010009765625,383.2523193359375,157.15203857421875,47.67202758789063
2021-11-01 00:00:00-04:00,44.54534149169922,286.239990234375,386.3583679199219,157.0688018798828,48.18453598022461
2021-11-02 00:00:00-04:00,44.57326889038086,287.92999267578125,392.9877624511719,157.68853759765625,47.80248641967773
2021-11-03 00:00:00-04:00,45.029422760009766,288.7200012207031,387.4710083007813,157.7440643310547,48.45476150512695
2021-11-04 00:00:00-04:00,44.06125259399414,287.69000244140625,378.3567810058594,155.6719970703125,47.35096740722656
2021-11-05 00:00:00-04:00,43.72611618041992,287.8800048828125,377.4388427734375,155.4499969482422,47.18259048461914
2021-11-08 00:00:00-05:00,44.07056427001953,288.79998779296875,378.6071166992188,156.38429260253906,47.58481979370117
2021-11-09 00:00:00-05:00,43.642333984375,286.3500061035156,375.8348388671875,155.2002410888672,46.66810989379883
2021-11-10 00:00:00-05:00,43.96816635131836,285.32000732421875,370.0584716796875,155.05224609375,47.10776138305664
2021-11-11 00:00:00-05:00,44.210208892822266,284.6499938964844,373.04400634765625,155.04299926757812,47.32290267944336
2021-11-12 00:00:00-05:00,43.670257568359375,285.989990234375,375.4269104003906,154.34925842285156,47.66900634765625
2021-11-15 00:00:00-05:00,43.80059051513672,284.6700134277344,375.3341369628906,154.07171630859375,47.78126907348633
2021-11-16 00:00:00-05:00,43.82851791381836,283.3599853515625,373.7393798828125,152.9617156982422,47.11710739135742
2021-11-17 00:00:00-05:00,43.29787826538086,281.5899963378906,363.0396728515625,152.138427734375,46.621341705322266
2021-11-18 00:00:00-05:00,43.121002197265625,280.6300048828125,362.8727722167969,150.82489013671875,46.67747116088867
2021-11-19 00:00:00-05:00,42.26454544067383,279.989990234375,359.1826171875,148.85458374023438,45.667213439941406
2021-11-22 00:00:00-05:00,43.08376693725586,284.9700012207031,367.31396484375,152.02743530273438,47.08905029296875
2021-11-23 00:00:00-05:00,44.21951675415039,288.5599975585937,376.7527465820313,155.6627960205078,48.080596923828125
2021-11-24 00:00:00-05:00,44.34053421020508,287.2799987792969,370.1233520507813,154.44174194335938,47.99641036987305
2021-11-26 00:00:00-05:00,42.59968185424805,283.0899963378906,361.0369567871094,149.7888641357422,45.30239486694336
2021-11-29 00:00:00-05:00,42.44142532348633,282.1199951171875,358.3944702148437,149.141357421875,45.985260009765625
2021-11-30 00:00:00-05:00,41.39876937866211,276.69000244140625,353.24859619140625,146.9213104248047,44.694374084472656
2021-12-01 00:00:00-05:00,40.81228256225586,275.0,350.9091186523437,146.05178833007812,44.16118240356445
2021-12-02 00:00:00-05:00,41.99090576171875,279.0899963378906,361.2178649902344,149.12286376953125,45.75139999389648
2021-12-03 00:00:00-05:00,41.03677749633789,277.42999267578125,356.734619140625,146.42176818847656,44.666316986083984
2021-12-06 00:00:00-05:00,41.29870223999024,281.3800048828125,362.8583068847656,148.15158081054688,45.65786361694336
2021-12-07 00:00:00-05:00,41.82253646850586,284.9700012207031,372.9341125488281,150.38087463378906,47.00486373901367
2021-12-08 00:00:00-05:00,41.308048248291016,283.7200012207031,370.3335876464844,148.66033935546875,46.21911239624024
2021-12-09 00:00:00-05:00,41.616737365722656,284.5199890136719,369.55999755859375,148.42910766601562,46.48102951049805
2021-12-10 00:00:00-05:00,41.64480209350586,288.2300109863281,364.498779296875,147.8370819091797,46.95809173583984
2021-12-13 00:00:00-05:00,40.765506744384766,290.010009765625,358.51483154296875,146.07952880859375,45.42400741577149
2021-12-14 00:00:00-05:00,41.27999114990234,295.0299987792969,362.4109191894531,147.1988067626953,45.732688903808594
2021-12-15 00:00:00-05:00,41.10225677490234,294.5799865722656,363.4268798828125,146.09805297851562,45.77946090698242
2021-12-16 00:00:00-05:00,42.09379959106445,300.1700134277344,370.3801879882813,148.3828582763672,47.05162811279297
2021-12-17 00:00:00-05:00,41.04613494873047,293.6600036621094,355.8677062988281,145.0065155029297,44.853397369384766
2021-12-20 00:00:00-05:00,40.37263870239258,289.6099853515625,346.3698425292969,142.39794921875,43.82442855834961
2021-12-21 00:00:00-05:00,41.33611679077149,293.239990234375,354.48828125,144.38673400878906,44.722442626953125
2021-12-22 00:00:00-05:00,41.42030334472656,294.4100036621094,356.3617248535156,144.95101928710938,44.92822647094727
2021-12-23 00:00:00-05:00,41.55126190185547,294.489990234375,358.8876647949219,145.46902465820312,45.23691940307617
2021-12-27 00:00:00-05:00,41.75704956054688,296.6700134277344,361.6838684082031,146.3015594482422,45.62043762207031
2021-12-28 00:00:00-05:00,41.81317901611328,298.2900085449219,361.28314208984375,146.7455596923828,45.29304504394531
2021-12-29 00:00:00-05:00,41.74769973754883,299.4599914550781,359.96893310546875,146.67153930664062,45.32110595703125
2021-12-30 00:00:00-05:00,41.65415573120117,299.9800109863281,359.3350524902344,146.59754943847656,44.99370956420898
2021-12-31 00:00:00-05:00,41.616737365722656,299.0,356.5667724609375,146.47727966308594,44.88145065307617
2022-01-03 00:00:00-05:00,43.197601318359375,300.7900085449219,368.4787292480469,149.5761260986328,47.45386505126953
2022-01-04 00:00:00-05:00,44.89070510864258,308.5299987792969,379.8034973144531,155.2465057373047,49.34341812133789
2022-01-05 00:00:00-05:00,44.13301467895508,309.9200134277344,371.55462646484375,152.40829467773438,48.913116455078125
2022-01-06 00:00:00-05:00,45.02166366577149,313.2200012207031,369.9700622558594,154.0274658203125,50.16658020019531
2022-01-07 00:00:00-05:00,46.00385284423828,319.7799987792969,370.51068115234375,155.5535888671875,51.23296356201172
2022-01-10 00:00:00-05:00,45.76999282836914,318.92999267578125,372.0579528808594,155.70249938964844,51.77550506591797
2022-01-11 00:00:00-05:00,46.03191757202149,319.79998779296875,375.6744384765625,155.86070251464844,52.43965530395508
2022-01-12 00:00:00-05:00,45.70451354980469,320.3900146484375,363.79974365234375,156.74473571777344,52.75769805908203
2022-01-13 00:00:00-05:00,45.6109733581543,321.260009765625,364.2564086914063,156.54930114746094,52.38352584838867
2022-01-14 00:00:00-05:00,44.81586456298828,324.1300048828125,355.06610107421875,146.92724609375,54.310489654541016
2022-01-18 00:00:00-05:00,43.27243041992188,320.2900085449219,330.3287658691406,140.76687622070312,53.02896499633789
2022-01-19 00:00:00-05:00,43.44081115722656,314.75,323.7296142578125,138.58935546875,51.98129653930664
2022-01-20 00:00:00-05:00,42.795372009277344,311.010009765625,324.4566650390625,137.4075469970703,51.44810485839844
2022-01-21 00:00:00-05:00,42.01896667480469,305.2200012207031,320.55126953125,135.0066680908203,50.20399475097656
2022-01-24 00:00:00-05:00,41.67286682128906,303.7300109863281,320.0666198730469,134.88571166992188,49.87660217285156
2022-01-25 00:00:00-05:00,42.49604034423828,307.19000244140625,318.3515014648437,136.35598754882812,50.129173278808594
2022-01-26 00:00:00-05:00,42.9356803894043,309.260009765625,319.40478515625,137.6494903564453,50.643646240234375
2022-01-27 00:00:00-05:00,42.533447265625,307.6700134277344,317.8668518066406,135.22068786621094,50.28818893432617
2022-01-28 00:00:00-05:00,42.90761947631836,312.8999938964844,323.44073486328125,136.43045043945312,50.69042205810547
2022-01-31 00:00:00-05:00,43.1601791381836,313.0199890136719,330.5897216796875,138.2822723388672,50.32560729980469
2022-02-01 00:00:00-05:00,43.90851593017578,313.9599914550781,339.3326416015625,140.6551971435547,52.00936126708984
2022-02-02 00:00:00-05:00,43.86174011230469,319.6000061035156,338.40057373046875,139.5292205810547,52.31805038452149
2022-02-03 00:00:00-05:00,43.43144607543945,315.2300109863281,334.5045471191406,138.37530517578125,51.83884811401367
2022-02-04 00:00:00-05:00,45.1619758605957,314.989990234375,342.6322326660156,141.96731567382812,52.92879867553711
2022-02-07 00:00:00-05:00,45.37712097167969,316.510009765625,343.1448669433594,142.44190979003906,53.86842727661133
2022-02-08 00:00:00-05:00,46.1909294128418,321.44000244140625,344.96240234375,145.1219482421875,55.20268630981445
2022-02-09 00:00:00-05:00,46.097389221191406,322.3800048828125,349.09149169921875,145.72679138183594,55.49396896362305
2022-02-10 00:00:00-05:00,45.88224411010742,319.8500061035156,345.4004821777344,145.1219482421875,55.48457717895508
2022-02-11 00:00:00-05:00,44.82522201538086,319.1400146484375,338.40057373046875,143.23287963867188,54.789249420166016
2022-02-14 00:00:00-05:00,44.357513427734375,314.2799987792969,335.7721252441406,141.9021759033203,54.357025146484375
2022-02-15 00:00:00-05:00,44.70361709594727,316.20001220703125,339.2207946777344,143.97735595703125,54.85503005981445
2022-02-16 00:00:00-05:00,44.60072708129883,315.6499938964844,335.5950012207031,144.2379150390625,54.6295166015625
2022-02-17 00:00:00-05:00,43.09469985961914,313.54998779296875,325.3514404296875,140.91575622558594,52.759674072265625
2022-02-18 00:00:00-05:00,42.99180221557617,314.79998779296875,322.5365600585937,141.57650756835938,52.27106857299805
2022-02-22 00:00:00-05:00,42.61763381958008,314.1600036621094,320.88677978515625,141.32522583007812,51.94220352172852
2022-02-23 00:00:00-05:00,41.88801193237305,309.989990234375,318.0160522460937,138.3660125732422,50.692508697509766
2022-02-24 00:00:00-05:00,40.784210205078125,308.2799987792969,317.0839538574219,134.5134735107422,49.527381896972656
2022-02-25 00:00:00-05:00,42.11251449584961,319.239990234375,326.3395080566406,137.69598388671875,50.84284591674805
2022-02-28 00:00:00-05:00,41.34546661376953,321.45001220703125,318.1092224121094,131.95443725585938,50.14752578735352
2022-03-01 00:00:00-05:00,39.72719192504883,316.8399963378906,307.7115783691406,126.9758758544922,47.25350570678711
2022-03-02 00:00:00-05:00,40.37263870239258,323.6400146484375,315.380859375,129.609375,49.06696319580078
2022-03-03 00:00:00-05:00,39.940242767333984,327.739990234375,312.6057434082031,128.68812561035156,48.14614486694336
2022-03-04 00:00:00-05:00,38.492652893066406,325.3399963378906,309.0897521972656,125.0682144165039,45.84407043457031
2022-03-07 00:00:00-05:00,36.03927230834961,322.7200012207031,301.7955017089844,120.23858642578124,43.04400253295898
2022-03-08 00:00:00-05:00,36.27427291870117,318.5199890136719,301.30792236328125,119.39176940917967,43.65475463867188
2022-03-09 00:00:00-05:00,38.57725524902344,325.3999938964844,312.7650756835937,124.17487335205078,46.19172668457031
2022-03-10 00:00:00-05:00,38.22944641113281,325.29998779296875,309.3053894042969,122.70458984375,46.05078506469727
2022-03-11 00:00:00-05:00,37.90985870361328,326.6000061035156,306.5864562988281,119.94080352783205,45.54338836669922
2022-03-14 00:00:00-04:00,38.7276496887207,329.9800109863281,304.6925354003906,121.13192749023438,46.84946441650391
2022-03-15 00:00:00-04:00,39.009647369384766,332.54998779296875,308.611572265625,123.2815399169922,47.08436584472656
2022-03-16 00:00:00-04:00,40.23163604736328,336.1099853515625,319.4874572753906,128.79049682617188,48.4843978881836
2022-03-17 00:00:00-04:00,40.44783401489258,344.9700012207031,321.8407592773437,130.41896057128906,48.37164688110352
2022-03-18 00:00:00-04:00,40.32563400268555,342.4100036621094,323.81903076171875,130.3724365234375,48.31526184082031
2022-03-21 00:00:00-04:00,40.26923751831055,349.6600036621094,317.8373107910156,129.95367431640625,48.05217361450195
2022-03-22 00:00:00-04:00,41.52882385253906,349.92999267578125,321.59698486328125,132.7174835205078,50.166316986083984
2022-03-23 00:00:00-04:00,40.50423431396485,348.1600036621094,314.658935546875,130.07467651367188,48.03337860107422
2022-03-24 00:00:00-04:00,40.48543167114258,352.3699951171875,315.24029541015625,130.92149353027344,48.23069763183594
2022-03-25 00:00:00-04:00,41.10582733154297,358.760009765625,316.42156982421875,132.0660858154297,49.38643646240234
2022-03-28 00:00:00-04:00,40.93663024902344,359.57000732421875,314.3682861328125,131.0889892578125,48.68171310424805
2022-03-29 00:00:00-04:00,40.833229064941406,355.1199951171875,318.4561462402344,131.37747192382812,48.4843978881836
2022-03-30 00:00:00-04:00,40.41963577270508,357.6099853515625,314.6402282714844,130.78192138671875,47.08436584472656
2022-03-31 00:00:00-04:00,38.7464485168457,352.9100036621094,309.492919921875,126.85490417480467,45.533992767333984
2022-04-01 00:00:00-04:00,38.44565200805664,351.8800048828125,309.60546875,125.91502380371094,45.76890182495117
2022-04-04 00:00:00-04:00,38.37985229492188,345.42999267578125,307.72088623046875,126.47337341308594,45.533992767333984
2022-04-05 00:00:00-04:00,37.73125457763672,344.79998779296875,303.7361755371094,125.00155639648438,45.21451568603516
2022-04-06 00:00:00-04:00,37.317665100097656,344.7099914550781,296.5168762207031,123.26725006103516,44.9984130859375
2022-04-07 00:00:00-04:00,37.02626800537109,346.510009765625,294.5386047363281,122.89226531982422,44.85746765136719
2022-04-08 00:00:00-04:00,37.28945541381836,353.1000061035156,301.32666015625,125.1421890258789,45.787689208984375
2022-04-11 00:00:00-04:00,37.21426773071289,352.0199890136719,300.7359924316406,124.6828155517578,46.35146713256836
2022-04-12 00:00:00-04:00,36.81946563720703,349.739990234375,299.8171081542969,123.31411743164062,45.49640655517578
2022-04-13 00:00:00-04:00,36.4904670715332,346.2200012207031,301.8704528808594,119.33926391601562,45.60915756225586
2022-04-14 00:00:00-04:00,35.31547546386719,344.3299865722656,301.56103515625,118.23307037353516,43.5513916015625
2022-04-18 00:00:00-04:00,36.51866912841797,346.6499938964844,309.2865905761719,120.4267349243164,44.32188034057617
2022-04-19 00:00:00-04:00,37.195457458496094,348.5,314.97772216796875,122.92037200927734,44.94203567504883
2022-04-20 00:00:00-04:00,37.280059814453125,348.82000732421875,319.7687683105469,123.35163116455078,45.71251678466797
2022-04-21 00:00:00-04:00,36.57506561279297,343.6000061035156,313.43072509765625,122.39539337158205,44.89505386352539
2022-04-22 00:00:00-04:00,35.30608367919922,335.5599975585937,299.8077697753906,118.87991333007812,43.54199600219727
2022-04-25 00:00:00-04:00,35.05228042602539,336.95001220703125,301.3547668457031,118.84242248535156,43.06279373168945
2022-04-26 00:00:00-04:00,34.26268768310547,330.6499938964844,293.5728759765625,115.32691955566406,41.88827133178711
2022-04-27 00:00:00-04:00,34.07469177246094,329.5799865722656,293.6760559082031,113.82698059082033,41.88827133178711
2022-04-28 00:00:00-04:00,34.60108184814453,331.2699890136719,298.5326538085937,115.62689971923828,42.4426383972168
2022-04-29 00:00:00-04:00,33.53889465332031,322.8299865722656,286.41925048828125,111.8957977294922,40.9956283569336
2022-05-02 00:00:00-04:00,33.971290588378906,318.19000244140625,291.04150390625,112.91763305664062,41.03321075439453
2022-05-03 00:00:00-04:00,34.901885986328125,318.989990234375,295.0168151855469,115.33629608154295,41.49362564086914
2022-05-04 00:00:00-04:00,36.30246353149414,326.79998779296875,303.8768615722656,119.15177154541016,43.203731536865234
2022-05-05 00:00:00-04:00,35.287288665771484,318.67999267578125,293.526123046875,116.17064666748048,42.28732299804688
2022-05-06 00:00:00-04:00,35.20268249511719,318.8800048828125,293.42291259765625,115.9831314086914,42.08892059326172
2022-05-09 00:00:00-04:00,34.1874885559082,312.9599914550781,289.60699462890625,114.23947143554688,41.53152084350586
2022-05-10 00:00:00-04:00,33.61409378051758,312.5299987792969,286.0160522460937,111.4552001953125,40.70013427734375
2022-05-11 00:00:00-04:00,33.43549728393555,311.5400085449219,282.7251892089844,110.7520980834961,40.21830368041992
2022-05-12 00:00:00-04:00,32.96549987792969,308.0599975585937,280.7187805175781,110.65835571289062,39.50028991699219
2022-05-13 00:00:00-04:00,33.05949783325195,310.3599853515625,287.8255920410156,111.6426773071289,40.2844352722168
2022-05-16 00:00:00-04:00,32.72110748291016,309.2900085449219,284.4971923828125,110.86459350585938,39.8781852722168
2022-05-17 00:00:00-04:00,33.83029556274414,314.6000061035156,293.4322509765625,114.53944396972656,41.29533004760742
2022-05-18 00:00:00-04:00,32.78690719604492,306.6400146484375,287.5818176269531,112.58015441894533,39.7837142944336
2022-05-19 00:00:00-04:00,32.38270568847656,304.1499938964844,288.9600830078125,110.91145324707033,39.67979049682617
2022-05-20 00:00:00-04:00,31.82811546325684,304.04998779296875,287.6474609375,110.00211334228516,39.36801910400391
2022-05-23 00:00:00-04:00,33.717491149902344,310.20001220703125,296.8450012207031,116.80811309814452,41.39925765991211
2022-05-24 00:00:00-04:00,33.51070022583008,309.1700134277344,294.3511657714844,118.4580535888672,40.89853286743164
2022-05-25 00:00:00-04:00,33.68929672241211,308.6400146484375,295.2418212890625,119.28302001953124,41.68267440795898
2022-05-26 00:00:00-04:00,34.469486236572266,312.5,303.4267883300781,121.34545135498048,43.08090591430664
2022-05-27 00:00:00-04:00,34.79848098754883,319.1099853515625,308.0678100585937,123.06101989746094,43.35490036010742
2022-05-31 00:00:00-04:00,34.96768569946289,315.9800109863281,308.3224792480469,123.96097564697266,43.24152374267578
2022-06-01 00:00:00-04:00,34.469486236572266,312.2099914550781,303.60595703125,121.78606414794922,42.66522216796875
2022-06-02 00:00:00-04:00,34.69638442993164,314.95001220703125,305.8698425292969,123.74535369873048,42.82583236694336
2022-06-03 00:00:00-04:00,34.21422576904297,310.94000244140625,300.6156005859375,122.02041625976562,42.3440055847168
2022-06-06 00:00:00-04:00,34.17640686035156,312.1499938964844,302.3418884277344,121.6173095703125,42.6274299621582
2022-06-07 00:00:00-04:00,34.36549377441406,313.6499938964844,303.28521728515625,121.9360580444336,42.958099365234375
2022-06-08 00:00:00-04:00,33.930606842041016,308.739990234375,296.84234619140625,119.99549102783205,42.16450881958008
2022-06-09 00:00:00-04:00,32.625953674316406,300.79998779296875,286.9753112792969,117.47371673583984,40.31277084350586
2022-06-10 00:00:00-04:00,31.359100341796875,291.7099914550781,270.750244140625,112.07392120361328,37.86586380004883
2022-06-13 00:00:00-04:00,30.271886825561523,281.5599975585937,267.260009765625,108.7365493774414,36.83607482910156
2022-06-14 00:00:00-04:00,29.74246025085449,277.6400146484375,266.524169921875,106.92723846435548,35.36225128173828
2022-06-15 00:00:00-04:00,30.300249099731445,278.92999267578125,273.6273803710937,108.1928253173828,36.06136703491211
2022-06-16 00:00:00-04:00,30.11116981506348,268.5599975585937,268.8258972167969,106.33663940429688,35.570098876953125
2022-06-17 00:00:00-04:00,30.17734718322754,268.0799865722656,263.9301147460937,105.9616470336914,36.354248046875
2022-06-21 00:00:00-04:00,31.05657386779785,271.7699890136719,268.66552734375,108.58654022216795,36.83607482910156
2022-06-22 00:00:00-04:00,30.820219039916992,269.7900085449219,268.4108581542969,107.9771957397461,36.46761703491211
2022-06-23 00:00:00-04:00,30.328611373901367,267.5199890136719,269.9484558105469,106.7959976196289,35.80628967285156
2022-06-24 00:00:00-04:00,30.546056747436523,278.2799987792969,285.588623046875,109.98336791992188,38.5082893371582
2022-06-27 00:00:00-04:00,30.5838680267334,278.3999938964844,283.73028564453125,109.1021499633789,38.01701736450195
2022-06-28 00:00:00-04:00,30.498783111572266,273.8599853515625,282.51336669921875,108.57716369628906,37.9603271484375
2022-06-29 00:00:00-04:00,30.120624542236328,273.489990234375,286.08856201171875,108.08970642089844,37.516300201416016
2022-06-30 00:00:00-04:00,29.43047523498535,273.0199890136719,280.1833801269531,105.5679168701172,37.00613021850586
2022-07-01 00:00:00-04:00,29.83699989318848,277.5,282.26812744140625,106.9178695678711,37.71469497680664
2022-07-05 00:00:00-04:00,29.534467697143555,275.69000244140625,280.3532409667969,106.51119232177734,37.88475036621094
2022-07-06 00:00:00-04:00,29.288667678833008,275.6499938964844,277.1081848144531,105.8207778930664,37.31789016723633
2022-07-07 00:00:00-04:00,30.120624542236328,279.2799987792969,281.673828125,108.49727630615234,37.90364456176758
2022-07-08 00:00:00-04:00,30.054445266723636,280.8299865722656,279.6645812988281,108.15680694580078,37.9603271484375
2022-07-11 00:00:00-04:00,29.74246025085449,278.510009765625,276.56109619140625,106.73816680908205,37.59188079833984
2022-07-12 00:00:00-04:00,29.647920608520508,277.2799987792969,275.9478759765625,106.84219360351562,37.412376403808594
2022-07-13 00:00:00-04:00,29.156307220458984,277.4700012207031,273.7028503417969,105.83970642089844,36.91165542602539
2022-07-14 00:00:00-04:00,28.48506736755371,274.4100036621094,265.6280517578125,102.14179229736328,36.59988784790039
2022-07-15 00:00:00-04:00,30.48932838439941,278.4800109863281,277.2120056152344,106.82329559326172,38.85784912109375
2022-07-18 00:00:00-04:00,30.498783111572266,276.260009765625,284.18310546875,105.72621154785156,38.91453552246094
2022-07-19 00:00:00-04:00,31.529273986816406,283.54998779296875,300.0213317871094,108.34595489501952,40.53007507324219
2022-07-20 00:00:00-04:00,31.53873443603516,286.0400085449219,303.2286071777344,108.32704162597656,40.36001968383789
2022-07-21 00:00:00-04:00,31.812898635864254,286.8500061035156,308.0300598144531,109.0647430419922,40.88908004760742
2022-07-22 00:00:00-04:00,31.60491180419922,285.92999267578125,305.5679931640625,108.5351104736328,40.78515625
2022-07-25 00:00:00-04:00,31.88853073120117,287.989990234375,305.7472839355469,108.97016143798828,41.096923828125
2022-07-26 00:00:00-04:00,31.245649337768555,285.3099975585937,300.4930114746094,107.26778411865234,40.53007507324219
2022-07-27 00:00:00-04:00,31.75617218017578,290.29998779296875,306.1434631347656,108.98906707763672,41.29533004760742
2022-07-28 00:00:00-04:00,31.50090980529785,293.8999938964844,310.454345703125,108.5823974609375,40.926876068115234
2022-07-29 00:00:00-04:00,31.964160919189453,300.6000061035156,314.4917907714844,109.10256958007812,41.44648361206055
2022-08-01 00:00:00-04:00,31.86962127685547,295.8599853515625,313.2560119628906,108.01494598388672,41.13471984863281
2022-08-02 00:00:00-04:00,31.236204147338867,292.1700134277344,309.29412841796875,106.33148193359376,40.51117706298828
2022-08-03 00:00:00-04:00,31.803443908691406,294.9599914550781,314.2842712402344,107.4474868774414,41.46537780761719
2022-08-04 00:00:00-04:00,31.57654571533203,292.9100036621094,313.05792236328125,106.26528930664062,40.68534851074219
2022-08-05 00:00:00-04:00,32.10597229003906,292.07000732421875,315.69921875,109.48086547851562,41.62709426879883
2022-08-08 00:00:00-04:00,31.661630630493164,292.3399963378906,315.7086486816406,108.14734649658205,41.08488082885742
2022-08-09 00:00:00-04:00,32.06815719604492,292.7699890136719,317.5386962890625,109.12147521972656,41.28464126586914
2022-08-10 00:00:00-04:00,33.155372619628906,295.1099853515625,328.188720703125,111.96819305419922,42.169315338134766
2022-08-11 00:00:00-04:00,33.94951629638672,296.4700012207031,331.7450256347656,113.62327575683594,43.044471740722656
2022-08-12 00:00:00-04:00,34.31822204589844,301.54998779296875,333.7637023925781,115.50533294677734,43.70083618164063
2022-08-15 00:00:00-04:00,34.27095413208008,302.82000732421875,335.6786193847656,115.81743621826172,43.52009963989258
2022-08-16 00:00:00-04:00,34.6396598815918,306.6499938964844,334.8484802246094,116.92396545410156,43.81499099731445
2022-08-17 00:00:00-04:00,34.42222213745117,304.260009765625,333.6882629394531,115.9403839111328,43.891090393066406
2022-08-18 00:00:00-04:00,34.29931640625,304.2699890136719,334.4239807128906,115.04191589355467,43.891090393066406
2022-08-19 00:00:00-04:00,33.54298782348633,297.2799987792969,329.4716186523437,112.1951904296875,43.139591217041016
2022-08-22 00:00:00-04:00,32.82447814941406,288.69000244140625,323.00994873046875,110.34149169921876,42.245418548583984
2022-08-23 00:00:00-04:00,32.53140640258789,289.6499938964844,320.8968811035156,109.25389099121094,42.207366943359375
2022-08-24 00:00:00-04:00,32.635398864746094,293.5199890136719,322.55712890625,109.5186996459961,42.46420669555664
2022-08-25 00:00:00-04:00,33.22154998779297,298.1300048828125,326.8492126464844,112.11953735351562,43.17764663696289
2022-08-26 00:00:00-04:00,32.17215347290039,289.9599914550781,317.3311462402344,108.44998168945312,41.82686233520508
2022-08-29 00:00:00-04:00,32.04924774169922,287.45001220703125,314.99176025390625,108.18516540527344,41.779296875
2022-08-30 00:00:00-04:00,32.22887420654297,285.4200134277344,314.7182312011719,108.2041015625,41.98857116699219
2022-08-31 00:00:00-04:00,31.77507781982422,280.79998779296875,316.1818542480469,107.5609893798828,41.579532623291016
2022-09-01 00:00:00-04:00,31.85121154785156,282.42999267578125,316.9706726074219,108.29866790771484,41.57002258300781
2022-09-02 00:00:00-04:00,31.81314849853516,277.6700134277344,315.0508117675781,107.54206848144533,41.26561737060547
2022-09-06 00:00:00-04:00,31.461048126220703,276.5899963378906,310.30816650390625,107.57042694091795,40.78998565673828
2022-09-07 00:00:00-04:00,31.946369171142575,281.0400085449219,314.1764221191406,109.61327362060548,41.70319747924805
2022-09-08 00:00:00-04:00,32.97414016723633,283.3399963378906,318.757568359375,112.16681671142578,43.02544403076172
2022-09-09 00:00:00-04:00,33.25011444091797,285.7699890136719,323.2435913085937,112.70589447021484,43.12057495117188
2022-09-12 00:00:00-04:00,33.56415557861328,288.510009765625,325.6006774902344,114.03941345214844,43.310821533203125
2022-09-13 00:00:00-04:00,32.3555793762207,278.2900085449219,312.1139831542969,110.07669067382812,41.11341857910156
2022-09-14 00:00:00-04:00,32.231868743896484,278.4200134277344,311.0400085449219,109.8213348388672,41.17049026489258
2022-09-15 00:00:00-04:00,32.84091567993164,276.70001220703125,315.1838684082031,111.4764175415039,41.98857116699219
2022-09-16 00:00:00-04:00,32.46977233886719,274.8099975585937,310.04205322265625,110.72926330566406,41.79832458496094
2022-09-19 00:00:00-04:00,33.012210845947266,278.95001220703125,312.37060546875,111.7506866455078,42.1598014831543
2022-09-20 00:00:00-04:00,32.517356872558594,277.1300048828125,307.2382202148437,109.54706573486328,41.29415512084961
2022-09-21 00:00:00-04:00,31.546688079833984,270.739990234375,304.81463623046875,106.38823699951172,40.209720611572266
2022-09-22 00:00:00-04:00,30.928125381469727,268.510009765625,297.4107360839844,105.17767333984376,39.49627304077149
2022-09-23 00:00:00-04:00,30.19536781311035,267.7699890136719,287.0034484863281,103.2199478149414,38.440372467041016
2022-09-26 00:00:00-04:00,29.529224395751957,264.32000732421875,280.0177307128906,100.99742126464844,38.05987548828125
2022-09-27 00:00:00-04:00,29.09146881103516,265.4700012207031,276.9383239746094,100.1083984375,38.07889938354492
2022-09-28 00:00:00-04:00,29.567289352416992,271.7799987792969,285.8819580078125,102.13232421875,38.82088088989258
2022-09-29 00:00:00-04:00,29.177120208740234,269.5799865722656,281.43389892578125,100.40159606933594,38.5259895324707
2022-09-30 00:00:00-04:00,28.739368438720703,267.0199890136719,278.5255126953125,98.8316421508789,38.25963592529297
2022-10-03 00:00:00-04:00,29.586320877075195,272.79998779296875,284.3232116699219,101.8864517211914,39.55335235595703
2022-10-04 00:00:00-04:00,30.81393241882324,280.489990234375,299.2640991210937,106.65303802490234,41.41782379150391
2022-10-05 00:00:00-04:00,30.37617874145508,279.3599853515625,293.6849975585937,105.33623504638672,41.199031829833984
2022-10-06 00:00:00-04:00,29.938426971435547,276.3099975585937,289.5696105957031,103.18922424316406,40.181182861328125
2022-10-07 00:00:00-04:00,29.26276588439941,269.0400085449219,286.15753173828125,101.12812042236328,39.75312042236328
2022-10-10 00:00:00-04:00,29.177120208740234,266.92999267578125,285.6443176269531,100.1834487915039,39.4296875
2022-10-11 00:00:00-04:00,28.33016586303711,267.3099975585937,279.6280517578125,97.29216766357422,38.26915740966797
2022-10-12 00:00:00-04:00,28.41581153869629,264.0,280.67352294921875,98.86663055419922,38.53550720214844
2022-10-13 00:00:00-04:00,30.157304763793945,275.7799987792969,291.85064697265625,104.36293029785156,40.314361572265625
2022-10-14 00:00:00-04:00,30.16681861877441,272.6700134277344,285.1215515136719,106.099609375,41.06585311889648
2022-10-17 00:00:00-04:00,31.99395751953125,277.0199890136719,291.5085144042969,110.55581665039062,41.81734848022461
2022-10-18 00:00:00-04:00,33.193023681640625,281.6700134277344,298.29461669921875,113.3993682861328,42.49274063110352
2022-10-19 00:00:00-04:00,32.279449462890625,278.3399963378906,296.3082275390625,111.17605590820312,41.493919372558594
2022-10-20 00:00:00-04:00,32.07009506225586,273.5299987792969,295.4053039550781,110.81343841552734,41.5224609375
2022-10-21 00:00:00-04:00,33.25962448120117,282.510009765625,308.9870300292969,116.6341781616211,42.64494323730469
2022-10-24 00:00:00-04:00,33.37382507324219,287.4800109863281,312.4085998535156,116.77730560302734,42.99691390991211
2022-10-25 00:00:00-04:00,33.678348541259766,289.239990234375,315.9252319335937,117.08265686035156,43.15861892700195
2022-10-26 00:00:00-04:00,33.973358154296875,288.5199890136719,319.0522155761719,118.42811584472656,43.4725341796875
2022-10-27 00:00:00-04:00,34.135135650634766,289.8800048828125,320.4682922363281,118.89568328857422,43.42498016357422
2022-10-28 00:00:00-04:00,34.430145263671875,299.6300048828125,324.8783569335937,120.30793762207033,44.09085464477539
2022-10-31 00:00:00-04:00,34.296913146972656,295.0899963378906,327.43505859375,120.11708068847656,43.74840545654297
2022-11-01 00:00:00-04:00,34.44917297363281,294.1300048828125,331.3033142089844,122.2831573486328,44.661617279052734
2022-11-02 00:00:00-04:00,34.34449768066406,289.4599914550781,332.453369140625,121.15717315673828,44.59502410888672
2022-11-03 00:00:00-04:00,34.1541633605957,283.8500061035156,331.57891845703125,121.37665557861328,43.599342346191406
2022-11-04 00:00:00-04:00,35.01063919067383,287.4700012207031,340.1708984375,124.69731903076172,44.74820709228516
2022-11-07 00:00:00-05:00,35.219993591308594,290.19000244140625,344.5904235839844,125.3557357788086,45.06414413452149
2022-11-08 00:00:00-05:00,35.31515884399414,292.6099853515625,345.9780578613281,125.43209075927734,45.16945266723633
2022-11-09 00:00:00-05:00,34.75369644165039,288.6499938964844,344.05816650390625,123.80036926269533,44.011016845703125
2022-11-10 00:00:00-05:00,36.28582763671875,303.20001220703125,359.55975341796875,128.89588928222656,45.906646728515625
2022-11-11 00:00:00-05:00,36.55228805541992,309.7200012207031,366.0798034667969,129.10581970214844,45.52368927001953
2022-11-14 00:00:00-05:00,35.933719635009766,308.9100036621094,363.4089965820313,127.77946472167967,44.87266540527344
2022-11-15 00:00:00-05:00,35.87662506103516,309.9800109863281,363.9033203125,126.85387420654295,44.719482421875
2022-11-16 00:00:00-05:00,35.55307388305664,308.760009765625,363.3805236816406,127.025634765625,44.24079132080078
2022-11-17 00:00:00-05:00,35.37226104736328,307.44000244140625,360.9569091796875,126.47218322753906,44.03016662597656
2022-11-18 00:00:00-05:00,35.39129638671875,310.760009765625,360.4057312011719,127.712646484375,44.5184326171875
2022-11-21 00:00:00-05:00,35.505496978759766,311.20001220703125,361.3656005859375,126.95882415771484,44.84394836425781
2022-11-22 00:00:00-05:00,35.67678451538086,315.760009765625,364.8442077636719,128.85769653320312,45.10243988037109
2022-11-23 00:00:00-05:00,35.79098129272461,316.17999267578125,367.1062622070313,130.23179626464844,45.31306457519531
2022-11-25 00:00:00-05:00,35.87662506103516,317.42999267578125,369.5869140625,130.4799041748047,45.41837692260742
2022-11-28 00:00:00-05:00,35.07725524902344,313.2699890136719,363.4089965820313,128.19932556152344,44.97797775268555
2022-11-29 00:00:00-05:00,35.21048355102539,315.1300048828125,364.692138671875,130.3081512451172,45.5428352355957
2022-11-30 00:00:00-05:00,36.01937484741211,318.6000061035156,369.4180603027344,131.8539581298828,45.906646728515625
2022-12-01 00:00:00-05:00,34.985595703125,315.8399963378906,367.1794738769531,130.00279235839844,44.87266540527344
2022-12-02 00:00:00-05:00,34.53572082519531,316.1499938964844,364.0893859863281,128.9722442626953,43.98229598999024
2022-12-05 00:00:00-05:00,32.994625091552734,310.57000732421875,355.4411315917969,125.3557357788086,41.79945755004883
2022-12-06 00:00:00-05:00,31.587541580200195,307.7799987792969,347.18505859375,125.56565856933594,41.550537109375
2022-12-07 00:00:00-05:00,31.338672637939453,305.82000732421875,344.3246154785156,125.47978973388672,40.641021728515625
2022-12-08 00:00:00-05:00,31.05150985717773,305.989990234375,342.5643310546875,126.79660034179688,40.76548767089844
2022-12-09 00:00:00-05:00,30.994083404541016,306.3900146484375,343.57843017578125,126.10958099365234,40.68889236450195
2022-12-12 00:00:00-05:00,31.329099655151367,311.45001220703125,347.44342041015625,128.06573486328125,41.03355026245117
2022-12-13 00:00:00-05:00,31.348241806030277,312.3299865722656,352.7146911621094,127.9416732788086,40.80377578735352
2022-12-14 00:00:00-05:00,30.898357391357425,309.2900085449219,344.76470947265625,127.3023452758789,40.38252639770508
2022-12-15 00:00:00-05:00,30.410192489624023,301.9100036621094,334.6718444824219,124.1438980102539,39.60704040527344
2022-12-16 00:00:00-05:00,30.343185424804688,300.0,331.3426513671875,123.37096405029295,39.434715270996094
2022-12-19 00:00:00-05:00,30.687780380249023,300.0299987792969,329.6780090332031,124.105712890625,40.03786849975586
2022-12-20 00:00:00-05:00,30.81221008300781,302.0,329.563232421875,124.70687103271484,39.233665466308594
2022-12-21 00:00:00-05:00,31.281238555908203,307.82000732421875,334.987548828125,126.10958099365234,39.3676986694336
2022-12-22 00:00:00-05:00,31.00364875793457,302.69000244140625,330.6059875488281,124.67825317382812,38.94645309448242
2022-12-23 00:00:00-05:00,31.080228805541992,306.489990234375,330.5390625,125.26986694335938,39.233665466308594
2022-12-27 00:00:00-05:00,31.13766098022461,305.54998779296875,327.1524353027344,125.70880889892578,39.29111099243164
2022-12-28 00:00:00-05:00,31.36739158630371,303.42999267578125,326.1000366210937,126.39582061767578,39.3676986694336
2022-12-29 00:00:00-05:00,31.721555709838867,309.0599975585937,328.5491638183594,127.1210479736328,39.56875228881836
2022-12-30 00:00:00-05:00,31.70240592956543,308.8999938964844,328.50128173828125,127.96076965332033,39.53044891357422
2023-01-03 00:00:00-05:00,32.075714111328125,309.9100036621094,331.21826171875,128.9340362548828,40.00915145874024
2023-01-04 00:00:00-05:00,32.67874526977539,314.54998779296875,332.6341552734375,130.13636779785156,40.83250045776367
2023-01-05 00:00:00-05:00,32.61174774169922,312.8999938964844,328.8648376464844,130.10755920410156,40.61229705810547
2023-01-06 00:00:00-05:00,32.93719482421875,318.69000244140625,332.9976501464844,132.59722900390625,40.97610855102539
2023-01-09 00:00:00-05:00,32.439453125,315.5299987792969,337.7044677734375,132.04931640625,40.58358001708984
2023-01-10 00:00:00-05:00,32.659603118896484,316.3500061035156,341.87554931640625,133.23165893554688,40.55485534667969
2023-01-11 00:00:00-05:00,32.908477783203125,320.3699951171875,348.6870422363281,134.2217559814453,40.91866302490234
2023-01-12 00:00:00-05:00,32.994625091552734,318.92999267578125,353.91046142578125,134.08718872070312,41.00483322143555
2023-01-13 00:00:00-05:00,33.72209548950195,317.6400146484375,357.7945556640625,137.47084045410156,42.33559799194336
2023-01-17 00:00:00-05:00,33.042484283447266,314.8599853515625,334.7579345703125,135.346435546875,42.23985290527344
2023-01-18 00:00:00-05:00,32.27672576904297,308.29998779296875,333.9638977050781,131.28030395507812,41.53139114379883
2023-01-19 00:00:00-05:00,31.807695388793945,305.2300109863281,335.5519714355469,129.53079223632812,41.11971282958984
2023-01-20 00:00:00-05:00,32.401161193847656,309.8699951171875,327.02801513671875,129.8479766845703,42.048377990722656
2023-01-23 00:00:00-05:00,32.85104751586914,310.4200134277344,334.0117492675781,131.9531707763672,43.11107635498047
2023-01-24 00:00:00-05:00,33.09034729003906,311.29998779296875,333.2368469238281,133.0874786376953,42.5557975769043
2023-01-25 00:00:00-05:00,33.377498626708984,311.8999938964844,334.4804992675781,133.73150634765625,43.40786361694336
2023-01-26 00:00:00-05:00,33.82738494873047,310.95001220703125,339.5890808105469,134.55821228027344,43.85783767700195
2023-01-27 00:00:00-05:00,33.93268203735352,309.1700134277344,338.3741760253906,134.88504028320312,44.15462493896485
2023-01-30 00:00:00-05:00,33.789093017578125,307.3299865722656,341.9712219238281,133.74114990234375,44.3173828125
2023-01-31 00:00:00-05:00,33.96139144897461,311.5199890136719,349.9594116210937,134.53900146484375,44.87266540527344
2023-02-01 00:00:00-05:00,34.38256072998047,310.57000732421875,349.8637390136719,134.1833038330078,45.31306457519531
2023-02-02 00:00:00-05:00,34.58357620239258,311.8599853515625,353.4608459472656,133.55848693847656,45.50576400756836
2023-02-03 00:00:00-05:00,34.87073516845703,308.510009765625,353.9200439453125,135.6251983642578,45.84298324584961
2023-02-06 00:00:00-05:00,34.81329727172852,308.42999267578125,354.7331848144531,136.423095703125,45.939334869384766
2023-02-07 00:00:00-05:00,35.1961784362793,312.9700012207031,358.1772155761719,138.0860595703125,46.37290954589844
2023-02-08 00:00:00-05:00,34.937740325927734,308.4800109863281,358.846923828125,137.1151580810547,46.488529205322266
2023-02-09 00:00:00-05:00,34.19112777709961,307.2099914550781,352.04498291015625,134.9811553955078,45.83334732055664
2023-02-10 00:00:00-05:00,34.0571174621582,309.8900146484375,355.1923828125,135.5771484375,45.77554321289063
2023-02-13 00:00:00-05:00,34.124122619628906,313.739990234375,357.81365966796875,137.0478973388672,46.37290954589844
2023-02-14 00:00:00-05:00,34.09540557861328,310.7900085449219,355.67071533203125,137.6534881591797,46.72940444946289
2023-02-15 00:00:00-05:00,34.0379753112793,309.6300048828125,358.11981201171875,138.23023986816406,46.21875
2023-02-16 00:00:00-05:00,33.76995849609375,308.17999267578125,354.1592102050781,136.3269500732422,45.49612808227539
2023-02-17 00:00:00-05:00,33.83695602416992,308.239990234375,352.5328674316406,136.73068237304688,45.75627136230469
2023-02-21 00:00:00-05:00,33.042484283447266,302.7200012207031,345.4726257324219,134.2217559814453,44.55190658569336
2023-02-22 00:00:00-05:00,32.82233428955078,303.1600036621094,345.2525939941406,133.19320678710938,44.33029556274414
2023-02-23 00:00:00-05:00,32.793609619140625,303.07000732421875,347.78778076171875,134.26022338867188,44.5615348815918
2023-02-24 00:00:00-05:00,32.74575424194336,304.0199890136719,348.0843505859375,135.47140502929688,44.91802978515625
2023-02-27 00:00:00-05:00,32.74575424194336,304.6600036621094,349.6915283203125,136.6537628173828,45.07218551635742
2023-02-28 00:00:00-05:00,32.8318977355957,305.17999267578125,336.4129638671875,137.7976837158203,45.06255722045898
2023-03-01 00:00:00-05:00,32.67874526977539,304.6199951171875,333.5995178222656,137.02867126464844,44.9758415222168
2023-03-02 00:00:00-05:00,32.26448440551758,307.75,336.3648376464844,135.6060028076172,44.12796401977539
2023-03-03 00:00:00-05:00,32.90996551513672,312.45001220703125,344.0633239746094,138.09568786621094,45.13963317871094
2023-03-06 00:00:00-05:00,32.842525482177734,316.9700012207031,344.0247802734375,137.2882080078125,44.92766952514648
2023-03-07 00:00:00-05:00,31.79241371154785,311.1199951171875,333.4549560546875,133.25088500976562,42.8272590637207
2023-03-08 00:00:00-05:00,31.36851692199707,311.3699951171875,336.5478515625,132.462646484375,42.23952102661133
2023-03-09 00:00:00-05:00,29.42243766784668,304.82000732421875,329.61053466796875,125.29158782958984,39.628456115722656
2023-03-10 00:00:00-05:00,29.162315368652344,303.6300048828125,315.7165832519531,128.473388671875,39.850059509277344
2023-03-13 00:00:00-04:00,27.46671867370605,302.8800048828125,304.00018310546875,126.16634368896484,37.007755279541016
2023-03-14 00:00:00-04:00,27.70757293701172,305.3299865722656,310.3979187011719,129.4058074951172,38.70349884033203
2023-03-15 00:00:00-04:00,27.447450637817383,297.8800048828125,300.80126953125,123.2921371459961,37.43169403076172
2023-03-16 00:00:00-04:00,27.909887313842773,302.010009765625,303.59552001953125,125.68571472167967,37.865264892578125
2023-03-17 00:00:00-04:00,26.80196762084961,293.510009765625,292.46685791015625,120.93704986572266,36.38148880004883
2023-03-20 00:00:00-04:00,26.73453140258789,301.0599975585937,298.23828125,122.21553802490234,36.1117057800293
2023-03-21 00:00:00-04:00,27.543790817260746,303.8500061035156,305.7055969238281,125.49346160888672,37.07520294189453
2023-03-22 00:00:00-04:00,26.62855529785156,299.7300109863281,302.227294921875,122.25398254394533,35.8419303894043
2023-03-23 00:00:00-04:00,25.98307228088379,298.3699951171875,303.3642883300781,121.92715454101562,35.27347183227539
2023-03-24 00:00:00-04:00,26.146852493286133,298.9200134277344,301.1674194335937,120.07191467285156,34.90734100341797
2023-03-27 00:00:00-04:00,27.447450637817383,302.1400146484375,306.90997314453125,123.51324462890624,36.1020736694336
2023-03-28 00:00:00-04:00,27.090991973876957,302.32000732421875,306.8232727050781,123.88814544677734,35.822662353515625
2023-03-29 00:00:00-04:00,27.620864868164062,305.29998779296875,309.02008056640625,124.13806915283205,36.58382415771485
2023-03-30 00:00:00-04:00,27.264404296875,305.0799865722656,309.4248046875,123.76318359375,36.01536178588867
2023-03-31 00:00:00-04:00,27.553428649902344,308.7699890136719,315.177001953125,125.26275634765624,36.01536178588867
2023-04-03 00:00:00-04:00,27.543790817260746,310.3099975585937,314.6085205078125,125.11856842041016,36.34295272827149
2023-04-04 00:00:00-04:00,26.956113815307617,309.07000732421875,310.87969970703125,123.44596862792967,35.46617126464844
2023-04-05 00:00:00-04:00,26.62855529785156,310.3900146484375,309.8005676269531,123.63003540039062,35.543251037597656
2023-04-06 00:00:00-04:00,26.821237564086918,312.510009765625,310.6388244628906,123.49440002441406,36.51637649536133
2023-04-10 00:00:00-04:00,26.917579650878903,312.6199951171875,313.1054077148437,123.90129852294922,37.2197265625
2023-04-11 00:00:00-04:00,27.659400939941406,313.70001220703125,315.427490234375,124.51165008544922,37.93271255493164
2023-04-12 00:00:00-04:00,27.43781852722168,314.54998779296875,318.1927795410156,124.49227142333984,37.75927734375
2023-04-13 00:00:00-04:00,27.514890670776367,318.04998779296875,320.0138854980469,124.96698760986328,38.21212387084961
2023-04-14 00:00:00-04:00,28.439760208129883,319.739990234375,324.6291198730469,134.40321350097656,38.19285202026367
2023-04-17 00:00:00-04:00,29.258655548095703,323.7900085449219,327.2884521484375,135.46890258789062,39.7922477722168
2023-04-18 00:00:00-04:00,29.44170379638672,324.6300048828125,321.7289428710937,136.98992919921875,40.34143829345703
2023-04-19 00:00:00-04:00,28.96000099182129,323.0899963378906,324.60028076171875,136.81556701660156,40.69793319702149
2023-04-20 00:00:00-04:00,28.80585479736328,323.82000732421875,326.35382080078125,136.41831970214844,40.14874267578125
2023-04-21 00:00:00-04:00,28.776954650878903,324.3299865722656,329.1961975097656,136.15676879882812,39.73444366455078
2023-04-24 00:00:00-04:00,28.670976638793945,326.04998779296875,331.4123229980469,136.34085083007812,39.93677520751953
2023-04-25 00:00:00-04:00,27.784645080566406,324.3399963378906,327.0957336425781,133.3762664794922,39.06962585449219
2023-04-26 00:00:00-04:00,27.399282455444336,320.5299987792969,324.28228759765625,131.01235961914062,38.01942443847656
2023-04-27 00:00:00-04:00,27.832813262939453,326.2300109863281,329.1383972167969,132.775634765625,38.21212387084961
2023-04-28 00:00:00-04:00,28.20854377746582,328.54998779296875,330.9112548828125,133.9285125732422,38.2988395690918
2023-05-01 00:00:00-04:00,27.97732734680176,330.1700134277344,328.1460266113281,136.79615783691406,38.915470123291016
2023-05-02 00:00:00-04:00,27.129528045654297,325.8599853515625,321.2086181640625,134.58729553222656,37.422061920166016
2023-05-03 00:00:00-04:00,26.840505599975582,323.2200012207031,316.6608581542969,131.73898315429688,37.23899459838867
2023-05-04 00:00:00-04:00,26.00234031677246,320.0,309.5404357910156,129.93698120117188,35.65621566772461
2023-05-05 00:00:00-04:00,26.695993423461918,323.8800048828125,315.0903015136719,132.4752960205078,36.84087371826172
2023-05-08 00:00:00-04:00,26.676727294921875,326.1400146484375,314.5989074707031,132.7949981689453,37.26812744140625
2023-05-09 00:00:00-04:00,26.6478214263916,324.8699951171875,312.9223327636719,132.15557861328125,37.42349243164063
2023-05-10 00:00:00-04:00,26.32026481628418,322.989990234375,310.78338623046875,132.223388671875,37.171024322509766
2023-05-11 00:00:00-04:00,26.387704849243164,322.6400146484375,309.02008056640625,131.80679321289062,37.21957778930664
2023-05-12 00:00:00-04:00,26.098682403564453,322.489990234375,307.8446350097656,129.91761779785156,36.40391159057617
2023-05-15 00:00:00-04:00,26.63819122314453,323.5299987792969,310.3208923339844,131.01235961914062,37.64682769775391
2023-05-16 00:00:00-04:00,26.35880279541016,323.75,309.1068420410156,130.13075256347656,37.27783584594727
2023-05-17 00:00:00-04:00,27.52452278137207,327.3900146484375,318.135009765625,134.13194274902344,39.287864685058594
2023-05-18 00:00:00-04:00,27.42818260192871,329.760009765625,317.556884765625,135.14920043945312,39.04510498046875
2023-05-19 00:00:00-04:00,27.08135986328125,330.3900146484375,314.25201416015625,134.83917236328125,38.87032318115234
2023-05-22 00:00:00-04:00,27.302942276000977,329.1300048828125,313.0669250488281,133.72506713867188,39.79280090332031
2023-05-23 00:00:00-04:00,27.53415870666504,323.1099853515625,311.76611328125,132.32994079589844,40.0161361694336
2023-05-24 00:00:00-04:00,27.07172393798828,320.20001220703125,308.143310546875,131.1189422607422,39.68598556518555
2023-05-25 00:00:00-04:00,27.139163970947266,319.0199890136719,312.0648498535156,131.4386444091797,39.71512222290039
2023-05-26 00:00:00-04:00,27.274036407470703,320.6000061035156,319.89825439453125,132.66903686523438,40.03556060791016
2023-05-30 00:00:00-04:00,27.225868225097656,322.19000244140625,318.76129150390625,133.17283630371094,39.79280090332031
2023-05-31 00:00:00-04:00,26.773069381713867,321.0799865722656,314.4603576660156,131.47743225097656,38.65670394897461
2023-06-01 00:00:00-04:00,26.97699546813965,323.1199951171875,307.178955078125,133.28907775878906,38.899452209472656
2023-06-02 00:00:00-04:00,27.88011360168457,329.4800109863281,314.2176818847656,136.0889434814453,40.04527282714844
2023-06-05 00:00:00-04:00,27.715030670166016,328.5799865722656,312.4313049316406,134.7519989013672,39.27815628051758
2023-06-06 00:00:00-04:00,28.385082244873047,333.4100036621094,317.2758483886719,134.99417114257812,40.06468963623047
2023-06-07 00:00:00-04:00,28.627857208251957,335.4200134277344,325.9650573730469,136.3020782470703,40.85122299194336
2023-06-08 00:00:00-04:00,28.385082244873047,335.95001220703125,325.6932067871094,136.34085083007812,41.14253234863281
2023-06-09 00:00:00-04:00,28.423927307128903,335.2900085449219,326.2271728515625,136.61209106445312,40.90948867797852
2023-06-12 00:00:00-04:00,28.287975311279297,333.6000061035156,329.5960693359375,136.6024169921875,40.61817932128906
2023-06-13 00:00:00-04:00,28.550168991088867,336.3900146484375,332.518310546875,137.59060668945312,41.41442489624024
2023-06-14 00:00:00-04:00,28.27826499938965,335.8999938964844,328.5572204589844,137.0771484375,40.86093521118164
2023-06-15 00:00:00-04:00,28.52103805541992,339.82000732421875,329.8387451171875,138.62722778320312,41.1328239440918
2023-06-16 00:00:00-04:00,28.346240997314453,338.3099975585937,328.450439453125,138.79193115234375,40.958038330078125
2023-06-20 00:00:00-04:00,28.035490036010746,338.6700134277344,321.08160400390625,138.08468627929688,40.67643737792969
2023-06-21 00:00:00-04:00,27.744159698486328,338.6099853515625,315.5962829589844,137.88125610351562,40.443389892578125
2023-06-22 00:00:00-04:00,27.15179252624512,336.9599914550781,310.2662658691406,135.22669982910156,39.870487213134766
2023-06-23 00:00:00-04:00,26.94786262512207,335.25,305.5382385253906,134.51947021484375,39.43352127075195
2023-06-26 00:00:00-04:00,27.278038024902344,334.1199951171875,303.2566833496094,134.84886169433594,39.414100646972656
2023-06-27 00:00:00-04:00,27.4237003326416,335.3399963378906,304.31494140625,134.85855102539062,39.724830627441406
2023-06-28 00:00:00-04:00,27.25861358642578,334.1499938964844,304.5188293457031,134.26756286621094,39.44322967529297
2023-06-29 00:00:00-04:00,27.831558227539062,336.9100036621094,313.6739807128906,138.9566192626953,41.22021484375
2023-06-30 00:00:00-04:00,27.860692977905277,341.0,313.1400146484375,140.9039306640625,41.44355392456055
2023-07-03 00:00:00-04:00,28.3559513092041,342.0,317.0914001464844,142.03744506835938,42.14269256591797
2023-07-05 00:00:00-04:00,28.23941993713379,341.5599975585937,310.7226257324219,141.09124755859375,42.22037506103516
2023-07-06 00:00:00-04:00,27.462543487548828,341.4599914550781,303.8780517578125,139.6963348388672,41.6474723815918
2023-07-07 00:00:00-04:00,27.70531845092773,340.8999938964844,305.9848327636719,140.79859924316406,41.530948638916016
2023-07-10 00:00:00-04:00,27.831558227539062,341.1300048828125,307.2469177246094,141.58872985839844,41.0939826965332
2023-07-11 00:00:00-04:00,28.18115234375,343.3699951171875,311.5284118652344,143.80303955078125,41.50181579589844
2023-07-12 00:00:00-04:00,28.51132583618164,345.3500061035156,316.88751220703125,144.51512145996094,42.00674819946289
2023-07-13 00:00:00-04:00,28.812366485595703,343.5400085449219,319.1011047363281,145.2174530029297,42.4437141418457
2023-07-14 00:00:00-04:00,28.26855087280273,341.0899963378906,316.68365478515625,146.0953826904297,42.29806137084961
2023-07-17 00:00:00-04:00,28.550168991088867,344.25,317.66424560546875,149.6168212890625,43.443878173828125
2023-07-18 00:00:00-04:00,29.812593460083008,345.3399963378906,327.4407043457031,149.88995361328125,44.27895736694336
2023-07-19 00:00:00-04:00,30.618600845336918,342.42999267578125,330.6251525878906,150.4654541015625,44.91983413696289
2023-07-20 00:00:00-04:00,30.773975372314453,346.6099853515625,340.6346435546875,152.31884765625,45.76463317871094
2023-07-21 00:00:00-04:00,31.055591583251957,345.760009765625,341.70263671875,151.14828491210938,44.62853240966797
2023-07-24 00:00:00-04:00,31.706226348876957,349.6300048828125,348.469482421875,154.12344360351562,45.07520294189453
2023-07-25 00:00:00-04:00,31.220680236816406,347.5799865722656,344.36279296875,152.972412109375,44.16243362426758
2023-07-26 00:00:00-04:00,31.47316169738769,349.79998779296875,347.139404296875,153.88934326171875,45.09462356567383
2023-07-27 00:00:00-04:00,31.026460647583008,349.3099975585937,344.1783142089844,152.19203186035156,44.444034576416016
2023-07-28 00:00:00-04:00,30.9779052734375,349.8099975585937,342.9356384277344,153.06019592285156,44.803314208984375
2023-07-31 00:00:00-04:00,31.075014114379883,351.9599914550781,345.4986572265625,154.08444213867188,44.82273864746094
2023-08-01 00:00:00-04:00,30.70599937438965,352.260009765625,347.29473876953125,153.3235626220703,44.38576889038086
2023-08-02 00:00:00-04:00,30.288429260253903,351.19000244140625,340.86767578125,151.5872344970703,43.7934455871582
2023-08-03 00:00:00-04:00,30.50206756591797,353.8099975585937,342.8676452636719,152.51394653320312,44.18489837646485
2023-08-04 00:00:00-04:00,30.395246505737305,349.989990234375,342.9259338378906,152.19203186035156,43.89130783081055
2023-08-07 00:00:00-04:00,30.958480834960938,362.5799865722656,345.1976928710937,152.9138641357422,44.09682083129883
2023-08-08 00:00:00-04:00,30.366119384765625,363.7300109863281,338.1104736328125,152.0554656982422,43.52922058105469
2023-08-09 00:00:00-04:00,29.967967987060547,358.0199890136719,332.70281982421875,150.01673889160156,42.78546142578125
2023-08-10 00:00:00-04:00,30.045654296875,356.9800109863281,330.4795227050781,149.7924041748047,42.73653030395508
2023-08-11 00:00:00-04:00,30.38553810119629,358.3500061035156,330.7999267578125,150.66053771972656,42.79524993896485
2023-08-14 00:00:00-04:00,30.03594398498535,358.4800109863281,327.8970642089844,150.97271728515625,42.80503845214844
2023-08-15 00:00:00-04:00,29.074562072753903,354.5,322.5282592773437,147.12937927246094,41.816627502441406
2023-08-16 00:00:00-04:00,28.443347930908203,354.1099853515625,319.5185241699219,146.5050506591797,41.317527770996094
2023-08-17 00:00:00-04:00,28.433639526367188,353.19000244140625,317.9748840332031,144.98333740234375,41.56218338012695
2023-08-18 00:00:00-04:00,28.26855087280273,352.5599975585937,315.4603271484375,145.3150177001953,41.5915412902832
2023-08-21 00:00:00-04:00,28.307397842407227,352.0899963378906,312.67401123046875,145.81248474121094,41.58175277709961
2023-08-22 00:00:00-04:00,27.617918014526367,350.57000732421875,309.49932861328125,142.78855895996094,40.6129150390625
2023-08-23 00:00:00-04:00,27.62763023376465,354.260009765625,312.9361267089844,143.75425720214844,40.72056198120117
2023-08-24 00:00:00-04:00,27.79271697998047,354.29998779296875,310.6352233886719,143.61769104003906,40.544410705566406
2023-08-25 00:00:00-04:00,27.67618560791016,355.92999267578125,310.8196716308594,143.44212341308594,40.34868621826172
2023-08-28 00:00:00-04:00,27.92867088317871,355.54998779296875,316.4700927734375,143.93960571289062,40.98479461669922
2023-08-29 00:00:00-04:00,28.32681655883789,358.2900085449219,322.8583068847656,145.1101531982422,41.10222625732422
2023-08-30 00:00:00-04:00,28.20057678222656,361.05999755859375,321.6639709472656,144.52488708496094,40.65206146240234
2023-08-31 00:00:00-04:00,28.07328224182129,360.20001220703125,320.8122863769531,142.73977661132812,40.40740203857422
2023-09-01 00:00:00-04:00,28.376829147338867,362.4599914550781,320.5088195800781,143.21775817871094,40.759708404541016
2023-09-05 00:00:00-04:00,28.05369758605957,360.4700012207031,316.9356384277344,141.6374969482422,40.65206146240234
2023-09-06 00:00:00-04:00,27.799108505249023,361.6700134277344,314.3708190917969,141.40341186523438,40.1431770324707
2023-09-07 00:00:00-04:00,27.54451942443848,361.7999877929688,315.1833190917969,140.1938018798828,39.56578826904297
2023-09-08 00:00:00-04:00,27.76973533630371,363.1499938964844,318.6683959960937,140.30113220214844,40.12360382080078
2023-09-11 00:00:00-04:00,27.88723564147949,365.5199890136719,317.8166809082031,140.9156494140625,40.44654846191406
2023-09-12 00:00:00-04:00,28.36703872680664,367.7799987792969,323.9351501464844,142.74954223632812,41.63068771362305
2023-09-13 00:00:00-04:00,28.27890968322754,367.8200073242188,327.9292907714844,142.8178253173828,41.34688186645508
2023-09-14 00:00:00-04:00,28.59225082397461,369.5,337.31744384765625,145.58815002441406,42.12978363037109
2023-09-15 00:00:00-04:00,28.23974227905273,367.8599853515625,335.3301696777344,145.15892028808594,42.03192138671875
2023-09-18 00:00:00-04:00,28.16140937805176,370.4299926757813,336.09375,145.46131896972656,42.50166320800781
2023-09-19 00:00:00-04:00,28.05369758605957,370.4800109863281,334.69384765625,145.27598571777344,42.2961540222168
2023-09-20 00:00:00-04:00,27.95577812194824,366.8200073242188,329.61309814453125,144.6614532470703,41.95363235473633
2023-09-21 00:00:00-04:00,27.466184616088867,363.2799987792969,323.2890319824219,143.5299072265625,41.41538619995117
2023-09-22 00:00:00-04:00,27.06471824645996,360.1600036621094,320.988525390625,142.15447998046875,40.34868621826172
2023-09-25 00:00:00-04:00,27.02555084228516,361.7099914550781,321.9184875488281,142.85684204101562,40.671634674072266
2023-09-26 00:00:00-04:00,26.604501724243164,359.4200134277344,317.0041809082031,141.37413024902344,39.78108596801758
2023-09-27 00:00:00-04:00,26.70242118835449,357.7799987792969,315.1735534667969,142.20326232910156,39.986595153808594
2023-09-28 00:00:00-04:00,26.98638343811035,357.0599975585937,318.3551330566406,143.9688720703125,40.035526275634766
2023-09-29 00:00:00-04:00,26.810131072998047,350.29998779296875,316.7594299316406,141.4619140625,39.986595153808594
2023-10-02 00:00:00-04:00,26.14428329467773,348.0799865722656,311.796142578125,140.24258422851562,38.7633171081543
2023-10-03 00:00:00-04:00,25.3707275390625,343.0400085449219,299.6766967773437,139.20860290527344,37.843406677246094
2023-10-04 00:00:00-04:00,25.400102615356445,343.69000244140625,302.10455322265625,139.83290100097656,38.13699722290039
2023-10-05 00:00:00-04:00,25.517602920532227,345.0599975585937,303.96453857421875,140.4224853515625,38.45994186401367
2023-10-06 00:00:00-04:00,25.52739524841309,346.3399963378906,305.9028625488281,142.58436584472656,38.84160614013672
2023-10-09 00:00:00-04:00,25.762401580810547,345.45001220703125,306.03009033203125,142.26007080078125,38.85139465332031
2023-10-10 00:00:00-04:00,26.447834014892575,348.5599975585937,308.1446533203125,143.1248016357422,38.96882629394531
2023-10-11 00:00:00-04:00,26.457624435424805,348.42999267578125,306.4314880371094,143.61614990234375,38.84160614013672
2023-10-12 00:00:00-04:00,26.34012222290039,345.6600036621094,303.3282165527344,143.2820281982422,38.89054107666016
2023-10-13 00:00:00-04:00,26.203035354614254,345.0899963378906,302.789794921875,145.43408203125,40.08445739746094
2023-10-16 00:00:00-04:00,26.42824935913086,346.2300109863281,307.7726745605469,145.28668212890625,40.759708404541016
2023-10-17 00:00:00-04:00,27.045137405395508,345.3900146484375,302.8485107421875,144.97222900390625,41.08265686035156
2023-10-18 00:00:00-04:00,26.741586685180664,340.8900146484375,295.60430908203125,143.38031005859375,40.64227294921875
2023-10-19 00:00:00-04:00,26.39887237548828,338.6600036621094,292.892578125,142.77105712890625,40.29975891113281
2023-10-20 00:00:00-04:00,25.762401580810547,335.8599853515625,293.7344665527344,140.47161865234375,39.40920639038086
2023-10-23 00:00:00-04:00,25.037803649902344,336.8399963378906,292.9219665527344,138.55543518066406,38.6360969543457
2023-10-24 00:00:00-04:00,24.939884185791016,338.6300048828125,292.8827819824219,138.7224884033203,38.440372467041016
2023-10-25 00:00:00-04:00,25.018218994140625,336.8999938964844,290.51373291015625,137.96583557128906,38.19571304321289
2023-10-26 00:00:00-04:00,25.57635498046875,336.1600036621094,290.7388610839844,138.319580078125,38.80246353149414
2023-10-27 00:00:00-04:00,24.646127700805664,331.7099914550781,283.8079528808594,133.33749389648438,37.93148422241211
2023-10-30 00:00:00-04:00,25.155303955078125,337.4100036621094,294.498046875,135.03750610351562,38.58716583251953
2023-10-31 00:00:00-04:00,25.79177665710449,341.3299865722656,297.2195129394531,136.64907836914062,38.919898986816406
2023-11-01 00:00:00-04:00,25.850528717041016,343.75,300.69482421875,136.53115844726562,38.7633171081543
2023-11-02 00:00:00-04:00,27.045137405395508,349.0199890136719,307.1559143066406,138.96815490722656,39.997501373291016
2023-11-03 00:00:00-04:00,27.8284854888916,351.8099975585937,320.7241516113281,140.520751953125,41.09345626831055
2023-11-06 00:00:00-05:00,27.740358352661133,346.6300048828125,317.0923156738281,141.58204650878906,40.81700134277344
2023-11-07 00:00:00-05:00,27.57389640808105,346.1700134277344,317.1314697265625,141.51324462890625,40.52079772949219
2023-11-08 00:00:00-05:00,27.30951499938965,346.29998779296875,317.72857666015625,142.2109375,40.46155548095703
2023-11-09 00:00:00-05:00,26.95701026916504,348.17999267578125,314.0281677246094,141.78839111328125,39.88889694213867
2023-11-10 00:00:00-05:00,27.1038875579834,350.5599975585937,318.6586303710937,143.8912811279297,40.37269592285156
2023-11-13 00:00:00-05:00,27.123470306396484,350.010009765625,320.0291442871094,143.25254821777344,40.25421142578125
2023-11-14 00:00:00-05:00,28.611835479736328,354.25,331.590576171875,145.866455078125,41.54764175415039
2023-11-15 00:00:00-05:00,29.00350952148437,356.7900085449219,330.494140625,147.14390563964844,42.29802322387695
2023-11-16 00:00:00-05:00,28.925172805786133,359.8599853515625,329.5837097167969,148.8242645263672,41.991943359375
2023-11-17 00:00:00-05:00,29.356016159057617,358.92999267578125,332.0506591796875,150.17051696777344,42.41650390625
2023-11-20 00:00:00-05:00,29.38539123535156,361.3299865722656,332.3052062988281,150.63235473632812,42.2486572265625
2023-11-21 00:00:00-05:00,29.042675018310547,361.0,327.9194641113281,150.31790161132812,42.0610580444336
2023-11-22 00:00:00-05:00,29.0132999420166,361.7999877929688,331.5122375488281,150.6716766357422,42.2387809753418
2023-11-24 00:00:00-05:00,29.11121940612793,362.6799926757813,332.011474609375,150.87802124023438,42.37701034545898
2023-11-27 00:00:00-05:00,28.94475555419922,361.3399963378906,330.6018371582031,150.53408813476562,42.47574615478516
2023-11-28 00:00:00-05:00,28.91538429260254,360.04998779296875,330.5430603027344,150.87802124023438,42.82131576538086
2023-11-29 00:00:00-05:00,29.679147720336918,358.69000244140625,335.8333435058594,151.64451599121094,43.22613143920898
2023-11-30 00:00:00-05:00,30.09368896484375,360.0,337.0967102050781,153.37399291992188,44.02588653564453
2023-12-01 00:00:00-05:00,30.557579040527344,357.07000732421875,343.8970642089844,154.1208038330078,44.450443267822266
2023-12-04 00:00:00-05:00,30.41939926147461,356.6600036621094,344.8445739746094,155.25088500976562,44.54917907714844
2023-12-05 00:00:00-05:00,30.182519912719727,355.0299987792969,337.3039855957031,155.23123168945312,43.927154541015625
2023-12-06 00:00:00-05:00,30.133169174194336,352.3800048828125,337.5210876464844,153.59999084472656,43.9370231628418
2023-12-07 00:00:00-05:00,30.261478424072266,352.70001220703125,340.1366271972656,154.07167053222656,44.82564163208008
2023-12-08 00:00:00-05:00,30.557579040527344,353.0799865722656,346.26580810546875,155.7716827392578,45.51678085327149
2023-12-11 00:00:00-05:00,30.44900894165039,357.0599975585937,347.1837463378906,156.34164428710938,45.41804885864258
2023-12-12 00:00:00-05:00,30.34043884277344,360.0199890136719,348.0226745605469,157.7370147705078,45.882102966308594
2023-12-13 00:00:00-05:00,31.62354278564453,362.0299987792969,358.0110168457031,158.26763916015625,47.15578079223633
2023-12-14 00:00:00-05:00,33.49884414672852,358.1199951171875,378.481201171875,161.14686584472656,49.87098693847656
2023-12-15 00:00:00-05:00,33.16326141357422,356.5,375.5597229003906,162.36534118652344,49.67352294921875
2023-12-18 00:00:00-05:00,32.99547576904297,359.6499938964844,371.503173828125,163.34800720214844,49.03174591064453
2023-12-19 00:00:00-05:00,33.074432373046875,361.7999877929688,377.4744873046875,165.52951049804688,49.456302642822266
2023-12-20 00:00:00-05:00,32.55132293701172,355.3500061035156,372.6086120605469,163.6624755859375,48.71579360961914
2023-12-21 00:00:00-05:00,32.768463134765625,356.1400146484375,375.6189575195313,164.5959930419922,48.82440185546875
2023-12-22 00:00:00-05:00,32.99547576904297,356.4700012207031,375.6978759765625,164.4977264404297,48.55781555175781
2023-12-26 00:00:00-05:00,33.419883728027344,356.8299865722656,376.6453857421875,165.47056579589844,49.01199722290039
2023-12-27 00:00:00-05:00,33.400146484375,356.95001220703125,379.4780578613281,166.46304321289062,48.7059211730957
2023-12-28 00:00:00-05:00,33.43962860107422,357.57000732421875,381.3829650878906,167.34744262695312,48.85402297973633
2023-12-29 00:00:00-05:00,33.23234939575195,356.6600036621094,380.7512817382813,167.1509246826172,48.597312927246094
2024-01-02 00:00:00-05:00,33.45936584472656,362.4599914550781,383.2483825683594,169.09658813476562,48.7059211730957
2024-01-03 00:00:00-05:00,33.094173431396484,366.75,376.8230895996094,168.35960388183594,48.06414031982422
2024-01-04 00:00:00-05:00,33.36066436767578,363.6799926757813,377.9679870605469,169.4768524169922,48.65654754638672
2024-01-05 00:00:00-05:00,33.98247528076172,365.5899963378906,381.4125671386719,170.32716369628906,49.2884521484375
2024-01-08 00:00:00-05:00,33.71598434448242,368.1799926757813,383.8010559082031,170.07998657226562,49.2884521484375
2024-01-09 00:00:00-05:00,33.192874908447266,366.8999938964844,378.7476806640625,168.73532104492188,48.66642379760742
2024-01-10 00:00:00-05:00,33.16326141357422,367.9200134277344,376.9908447265625,169.0912628173828,48.459083557128906
2024-01-11 00:00:00-05:00,32.7191162109375,363.3399963378906,374.8096008300781,168.37936401367188,48.41958618164063
2024-01-12 00:00:00-05:00,32.373661041259766,363.6199951171875,372.8356323242188,167.14346313476562,46.80033874511719
2024-01-16 00:00:00-05:00,31.70250129699707,361.1000061035156,375.5005187988281,166.09542846679688,46.2276725769043
2024-01-17 00:00:00-05:00,31.386661529541016,359.2900085449219,372.2730407714844,165.20556640625,46.07957077026367
2024-01-18 00:00:00-05:00,31.31757164001465,362.3800048828125,372.0065612792969,165.53184509277344,45.85247802734375
2024-01-19 00:00:00-05:00,31.80120277404785,366.989990234375,377.2277526855469,168.38926696777344,47.51122283935547
2024-01-22 00:00:00-05:00,32.12691116333008,368.05999755859375,380.9388122558594,168.1915283203125,47.9160385131836
2024-01-23 00:00:00-05:00,32.34405517578125,372.1400146484375,375.81634521484375,167.0841522216797,48.498573303222656
2024-01-24 00:00:00-05:00,32.55132293701172,376.5899963378906,374.4641723632813,168.57711791992188,48.863895416259766
2024-01-25 00:00:00-05:00,32.95599365234375,380.8500061035156,377.7212524414063,170.98960876464844,49.24895858764648
2024-01-26 00:00:00-05:00,32.99547576904297,385.3999938964844,372.8751220703125,170.33705139160156,49.68339538574219
2024-01-29 00:00:00-05:00,33.17313766479492,383.1799926757813,375.6090698242188,170.78196716308594,49.7130126953125
2024-01-30 00:00:00-05:00,34.337799072265625,387.1499938964844,381.83697509765625,174.28204345703125,50.54238510131836
2024-01-31 00:00:00-05:00,33.56793594360352,383.739990234375,379.0141906738281,172.39358520507812,49.545166015625
2024-02-01 00:00:00-05:00,33.113914489746094,386.4400024414063,378.8562927246094,171.77069091796875,48.45145034790039
2024-02-02 00:00:00-05:00,33.03495407104492,390.75,382.8140869140625,172.75941467285156,48.87899398803711
2024-02-05 00:00:00-05:00,32.56119537353516,390.760009765625,378.03704833984375,172.53199768066406,48.42162322998047
2024-02-06 00:00:00-05:00,32.61054611206055,393.739990234375,379.9814453125,173.125244140625,48.01396942138672
2024-02-07 00:00:00-05:00,32.74872589111328,397.6600036621094,381.6297302246094,173.45152282714844,48.202880859375
2024-02-08 00:00:00-05:00,32.68950271606445,397.489990234375,380.0307922363281,172.82862854003906,48.07362365722656
2024-02-09 00:00:00-05:00,32.64015197753906,398.3599853515625,379.2609252929688,173.03623962402344,47.785282135009766
2024-02-12 00:00:00-05:00,33.183006286621094,397.7099914550781,387.5319213867188,173.8074493408203,48.64036560058594
2024-02-13 00:00:00-05:00,32.324310302734375,394.7999877929688,373.8226318359375,172.29470825195312,47.96425628662109
2024-02-14 00:00:00-05:00,32.69937515258789,398.6799926757813,373.1218566894531,174.0447540283203,48.25259399414063
2024-02-15 00:00:00-05:00,33.62715530395508,403.4500122070313,380.4058532714844,177.8414306640625,51.74253082275391
2024-02-16 00:00:00-05:00,33.64689636230469,405.989990234375,379.4385986328125,177.0109100341797,51.61327362060547
2024-02-20 00:00:00-05:00,33.518585205078125,407.1499938964844,379.5175476074219,177.70301818847656,51.47407531738281
2024-02-21 00:00:00-05:00,33.261966705322266,409.25,383.21875,178.85983276367188,52.358985900878906
2024-02-22 00:00:00-05:00,33.17313766479492,415.1600036621094,385.39013671875,181.0053558349609,53.0649299621582
2024-02-23 00:00:00-05:00,33.479103088378906,417.2200012207031,385.9625854492188,181.91497802734372,53.552127838134766
2024-02-26 00:00:00-05:00,33.17313766479492,409.1400146484375,385.1434020996094,181.2920837402344,53.820587158203125
2024-02-27 00:00:00-05:00,33.83442687988281,408.9100036621094,385.7257080078125,181.38107299804688,54.496700286865234
2024-02-28 00:00:00-05:00,33.864036560058594,412.1400146484375,390.8149108886719,182.3005828857422,54.4072151184082
2024-02-29 00:00:00-05:00,34.31131362915039,409.3999938964844,386.7097473144531,183.96163940429688,55.272239685058594
2024-03-01 00:00:00-05:00,34.14234161376953,407.1099853515625,385.7655029296875,183.20030212402344,54.74526977539063
2024-03-04 00:00:00-05:00,34.93750762939453,403.3900146484375,389.8905334472656,184.5746307373047,55.49098205566406
2024-03-05 00:00:00-05:00,35.176055908203125,400.739990234375,388.55859375,186.42355346679688,56.276466369628906
2024-03-06 00:00:00-05:00,35.20587158203125,403.9599914550781,387.2266540527344,187.3925018310547,56.78355026245117
2024-03-07 00:00:00-05:00,35.41460418701172,402.3900146484375,386.093505859375,185.751220703125,56.67417907714844
2024-03-08 00:00:00-05:00,35.38478469848633,403.1499938964844,384.6621398925781,186.09727478027344,56.743778228759766
2024-03-11 00:00:00-04:00,35.673030853271484,404.760009765625,383.837158203125,186.16647338867188,56.76366424560547
2024-03-12 00:00:00-04:00,35.74260711669922,404.9800109863281,385.8450012207031,187.69900512695312,57.28069305419922
2024-03-13 00:00:00-04:00,35.86188507080078,408.1300048828125,389.9501647949219,189.22164916992188,57.4894905090332
2024-03-14 00:00:00-04:00,35.474239349365234,406.7300109863281,386.27239990234375,185.85009765625,57.04206466674805
2024-03-15 00:00:00-04:00,35.1959342956543,408.1300048828125,384.8808288574219,188.15380859375,57.1812629699707
2024-03-18 00:00:00-04:00,35.79230499267578,408.4100036621094,382.0579223632813,190.48719787597656,57.43977737426758
2024-03-19 00:00:00-04:00,35.81218338012695,411.760009765625,386.3221130371094,191.6044464111328,56.684120178222656
2024-03-20 00:00:00-04:00,36.52783203125,416.1099853515625,394.0851440429688,194.1157989501953,56.97246551513672
2024-03-21 00:00:00-04:00,37.28323745727539,413.7799987792969,411.221435546875,196.8150177001953,57.519317626953125
2024-03-22 00:00:00-04:00,36.826019287109375,411.6000061035156,404.3728942871094,194.40252685546875,56.80343627929688
2024-03-25 00:00:00-04:00,36.637168884277344,409.9200134277344,402.5041809082031,192.6228485107422,56.405723571777344
2024-03-26 00:00:00-04:00,36.86577987670898,411.5700073242188,403.7367248535156,193.52256774902344,56.35601043701172
2024-03-27 00:00:00-04:00,37.58142852783203,416.9299926757813,412.7521667480469,197.26983642578125,57.28069305419922
2024-03-28 00:00:00-04:00,37.69075775146485,420.5199890136719,415.177490234375,198.04103088378903,57.628692626953125
2024-04-01 00:00:00-04:00,37.29317855834961,420.2000122070313,411.0226440429688,196.6963653564453,57.28069305419922
2024-04-02 00:00:00-04:00,37.07450866699219,418.9200134277344,407.6828308105469,196.6172790527344,57.02217864990234
2024-04-03 00:00:00-04:00,37.213661193847656,420.239990234375,411.50970458984375,196.0635986328125,56.80343627929688
2024-04-04 00:00:00-04:00,36.69680404663086,415.3200073242188,403.8063049316406,194.5718536376953,56.35601043701172
2024-04-05 00:00:00-04:00,36.88565826416016,418.6199951171875,405.6153564453125,196.3619384765625,57.071895599365234
2024-04-08 00:00:00-04:00,37.27330017089844,415.9700012207031,408.0705261230469,197.38626098632807,57.45966339111328
2024-04-09 00:00:00-04:00,37.50190734863281,414.6900024414063,408.2394714355469,196.06358337402344,57.2508659362793
2024-04-10 00:00:00-04:00,36.42844009399414,409.1099853515625,398.3493347167969,194.39285278320312,56.61452102661133
2024-04-11 00:00:00-04:00,36.1302490234375,407.6099853515625,395.0890808105469,194.35305786132807,56.36595153808594
2024-04-12 00:00:00-04:00,35.573638916015625,403.260009765625,387.1471252441406,181.78271484375,56.14720916748047
2024-04-15 00:00:00-04:00,35.732669830322266,400.260009765625,398.4686279296875,181.88217163085935,56.64435195922852
2024-04-16 00:00:00-04:00,34.4703483581543,396.9200134277344,394.4727783203125,179.80369567871094,56.08755111694336
2024-04-17 00:00:00-04:00,35.01702117919922,397.739990234375,401.4803771972656,179.08766174316406,56.8531494140625
2024-04-18 00:00:00-04:00,35.55375671386719,399.8900146484375,400.6851806640625,180.25120544433597,58.40423583984375
2024-04-19 00:00:00-04:00,36.74650573730469,405.0799865722656,401.5698547363281,184.7761383056641,60.005027770996094
2024-04-22 00:00:00-04:00,37.50190734863281,408.7799987792969,414.8395385742188,188.36624145507807,60.7507438659668
2024-04-23 00:00:00-04:00,38.13803863525391,408.739990234375,421.4495239257813,191.0811920166016,60.59165573120117
2024-04-24 00:00:00-04:00,38.088340759277344,405.9500122070313,420.4953308105469,192.0160217285156,60.25360107421875
2024-04-25 00:00:00-04:00,37.68082046508789,404.9100036621094,417.5232849121094,192.30441284179688,59.587432861328125
2024-04-26 00:00:00-04:00,37.6013069152832,402.1000061035156,424.9980773925781,192.42376708984372,59.56754684448242
2024-04-29 00:00:00-04:00,37.322998046875,400.9599914550781,428.2185668945313,192.2149200439453,59.45817565917969
2024-04-30 00:00:00-04:00,36.786258697509766,396.7300109863281,424.1432189941406,190.68341064453125,58.980918884277344
2024-05-01 00:00:00-04:00,36.72662353515625,398.5799865722656,424.3818054199219,190.80274963378903,59.17977523803711
2024-05-02 00:00:00-04:00,36.65704727172852,400.6000061035156,429.9679870605469,190.60385131835935,59.48800659179688
2024-05-03 00:00:00-04:00,37.024810791015625,400.8699951171875,435.5442199707031,189.46017456054688,59.59737396240234
2024-05-06 00:00:00-04:00,37.46215057373047,404.9200134277344,441.001220703125,190.9419708251953,59.84594345092773
2024-05-07 00:00:00-04:00,37.61124420166016,406.1400146484375,441.1304321289063,190.6933441162109,59.91554260253906
2024-05-08 00:00:00-04:00,37.48202896118164,406.3699951171875,444.2615051269531,194.5718536376953,60.880001068115234
2024-05-09 00:00:00-04:00,38.048583984375,408.8200073242188,452.8197021484375,196.4116668701172,61.27999877929688
2024-05-10 00:00:00-04:00,38.21755599975586,412.0499877929688,451.9946899414063,197.67466735839844,61.88999938964844
2024-05-13 00:00:00-04:00,37.97900772094727,411.2200012207031,450.8317260742188,197.6348876953125,61.2599983215332
2024-05-14 00:00:00-04:00,38.25731658935547,410.239990234375,455.7121887207031,200.39956665039065,61.88999938964844
2024-05-15 00:00:00-04:00,38.67477416992188,412.760009765625,463.2863464355469,200.9962615966797,62.34000015258789
2024-05-16 00:00:00-04:00,38.98290252685547,413.1199951171875,461.7257995605469,201.35427856445312,61.060001373291016
2024-05-17 00:00:00-04:00,39.0524787902832,416.9400024414063,464.9065551757813,203.66148376464844,61.08000183105469
2024-05-20 00:00:00-04:00,38.58531951904297,413.0,460.1553039550781,194.5022430419922,60.70000076293945
2024-05-21 00:00:00-04:00,39.41030502319336,414.3699951171875,467.5803833007813,198.4205322265625,61.459999084472656
2024-05-22 00:00:00-04:00,39.51963424682617,413.989990234375,459.5986633300781,197.2171936035156,60.93000030517578
2024-05-23 00:00:00-04:00,38.93320083618164,405.8800048828125,455.3941040039063,195.83485412597656,59.68000030517578
2024-05-24 00:00:00-04:00,39.459999084472656,407.4100036621094,458.4058837890625,199.60397338867188,60.209999084472656
2024-05-28 00:00:00-04:00,39.082298278808594,403.8999938964844,457.0441284179688,198.400634765625,59.47999954223633
2024-05-29 00:00:00-04:00,38.48592376708984,404.0899963378906,454.4200134277344,197.01829528808597,58.75
2024-05-30 00:00:00-04:00,38.39646911621094,408.6099853515625,450.2300109863281,198.2315826416016,59.209999084472656
2024-05-31 00:00:00-04:00,39.74824905395508,414.3999938964844,456.5199890136719,201.51339721679688,59.91999816894531
2024-06-03 00:00:00-04:00,39.63891220092773,414.7900085449219,454.9800109863281,200.70787048339844,59.34000015258789
2024-06-04 00:00:00-04:00,39.44012069702149,409.5299987792969,455.2999877929688,198.06251525878903,58.70000076293945
2024-06-05 00:00:00-04:00,39.71842575073242,409.8500061035156,461.6799926757813,196.1729736328125,58.68000030517578
2024-06-06 00:00:00-04:00,39.459999084472656,411.0799865722656,458.1000061035156,195.82492065429688,57.72999954223633
2024-06-07 00:00:00-04:00,39.77999877929688,413.7200012207031,454.9100036621094,198.84815979003903,58.36000061035156
2024-06-10 00:00:00-04:00,39.66999816894531,410.80999755859375,453.5499877929688,198.51004028320312,57.93000030517578
2024-06-11 00:00:00-04:00,38.86000061035156,408.5,444.2699890136719,193.2889709472656,57.130001068115234
2024-06-12 00:00:00-04:00,39.40999984741211,408.7699890136719,448.7000122070313,190.4745635986328,57.29999923706055
2024-06-13 00:00:00-04:00,39.2599983215332,405.9200134277344,446.3500061035156,192.59283447265625,57.27000045776367
2024-06-14 00:00:00-04:00,39.2400016784668,405.5400085449219,446.4599914550781,192.712158203125,57.400001525878906
2024-06-17 00:00:00-04:00,39.5099983215332,407.3200073242188,450.1799926757813,193.90554809570312,58.2400016784668
2024-06-18 00:00:00-04:00,39.9900016784668,407.9500122070313,457.4299926757813,195.91441345214844,59.04999923706055
2024-06-20 00:00:00-04:00,39.9900016784668,409.1499938964844,458.0499877929688,197.57521057128903,58.959999084472656
2024-06-21 00:00:00-04:00,39.4900016784668,409.6199951171875,450.1799926757813,195.21827697753903,58.09999847412109
2024-06-24 00:00:00-04:00,40.02000045776367,413.9800109863281,462.0899963378906,197.7840576171875,59.0099983215332
2024-06-25 00:00:00-04:00,39.380001068115234,410.9700012207031,457.3800048828125,196.97853088378903,57.20000076293945
2024-06-26 00:00:00-04:00,39.0,410.260009765625,455.8599853515625,196.342041015625,57.0099983215332
2024-06-27 00:00:00-04:00,39.25,407.9500122070313,445.9599914550781,198.0724639892578,57.41999816894531
2024-06-28 00:00:00-04:00,39.77000045776367,406.7999877929688,452.3200073242188,201.1454315185547,59.38999938964844
2024-07-01 00:00:00-04:00,40.0099983215332,405.1900024414063,463.6600036621094,204.3178558349609,60.59000015258789
2024-07-02 00:00:00-04:00,40.93000030517578,407.1000061035156,465.6099853515625,207.67922973632807,60.970001220703125
2024-07-03 00:00:00-04:00,40.900001525878906,405.7699890136719,467.9200134277344,207.54000854492188,60.65999984741211
2024-07-05 00:00:00-04:00,40.40999984741211,411.1700134277344,464.75,204.7899932861328,59.619998931884766
2024-07-08 00:00:00-04:00,40.619998931884766,409.0799865722656,464.8200073242188,205.1699981689453,59.0099983215332
2024-07-09 00:00:00-04:00,41.41999816894531,410.5199890136719,472.8299865722656,207.6300048828125,59.880001068115234
2024-07-10 00:00:00-04:00,41.7400016784668,413.7900085449219,478.8900146484375,207.8000030517578,59.720001220703125
2024-07-11 00:00:00-04:00,41.810001373291016,418.7799987792969,479.2300109863281,207.4499969482422,60.15999984741211
2024-07-12 00:00:00-04:00,41.59000015258789,424.4400024414063,479.8800048828125,204.94000244140625,56.540000915527344
2024-07-15 00:00:00-04:00,41.88999938964844,434.4200134277344,492.2300109863281,210.0500030517578,57.72999954223633
2024-07-16 00:00:00-04:00,44.130001068115234,438.8999938964844,503.0199890136719,213.6199951171875,60.2400016784668
2024-07-17 00:00:00-04:00,43.97999954223633,445.6099853515625,502.1799926757813,216.8699951171875,60.90999984741211
2024-07-18 00:00:00-04:00,43.0099983215332,441.8200073242188,486.2099914550781,209.97999572753903,59.2400016784668
2024-07-19 00:00:00-04:00,42.900001525878906,434.4700012207031,484.9299926757813,209.77999877929688,59.22999954223633
2024-07-22 00:00:00-04:00,42.29999923706055,435.9800109863281,487.0400085449219,210.27999877929688,59.13999938964844
2024-07-23 00:00:00-04:00,42.40999984741211,434.010009765625,492.1499938964844,210.3300018310547,59.66999816894531
2024-07-24 00:00:00-04:00,42.18999862670898,432.7999877929688,486.7000122070313,208.58999633789065,59.43999862670898
2024-07-25 00:00:00-04:00,41.68000030517578,433.2900085449219,491.7099914550781,208.6699981689453,59.70000076293945
2024-07-26 00:00:00-04:00,41.66999816894531,437.6600036621094,499.0299987792969,212.2400054931641,60.38999938964844
2024-07-29 00:00:00-04:00,41.09000015258789,438.30999755859375,492.7200012207031,210.8500061035156,59.59000015258789
2024-07-30 00:00:00-04:00,41.27999877929688,441.260009765625,505.6700134277344,215.19000244140625,60.0099983215332
