Date,Open,High,Low,Close,Volume
2014-01-02 00:00:00-05:00,33.39494453644743,33.50588949937581,33.21742864563491,33.298789978027344,17333100
2014-01-03 00:00:00-05:00,33.276609847725354,33.639034100460634,33.26921182210704,33.535484313964844,14693800
2014-01-06 00:00:00-05:00,33.67601161120254,33.883113980175175,33.55027340639747,33.59465026855469,18438900
2014-01-07 00:00:00-05:00,33.87572448442573,33.87572448442573,33.44673205361934,33.57986831665039,16897000
2014-01-08 00:00:00-05:00,33.57986107139411,33.986664977762665,33.54287658957166,33.964473724365234,20850700
2014-01-09 00:00:00-05:00,34.00145921967434,34.17157711935301,33.87571818507363,34.141990661621094,14229900
2014-01-10 00:00:00-05:00,34.068026491349144,34.068026491349144,33.74997913244239,33.97926712036133,15386700
2014-01-13 00:00:00-05:00,33.99406784052299,34.10501566794869,33.616850306012424,33.698211669921875,20950900
2014-01-14 00:00:00-05:00,33.639040396008234,33.905312937698945,33.224838350987056,33.720401763916016,28487500
2014-01-15 00:00:00-05:00,33.979276521720884,34.5709945392764,33.846140249922954,34.319515228271484,27394500
2014-01-16 00:00:00-05:00,34.24554277720308,34.363885794680094,34.07542486592487,34.312110900878906,12892600
2014-01-17 00:00:00-05:00,34.378679024554735,34.43785194405329,34.12719975972606,34.312110900878906,15168200
2014-01-21 00:00:00-05:00,34.4008621524995,34.64494617550255,34.20116063379476,34.39346694946289,15533900
2014-01-22 00:00:00-05:00,34.5709808904216,34.63754900003903,34.39346499093529,34.519203186035156,11817300
2014-01-23 00:00:00-05:00,34.319516231600176,34.35649790339839,34.023657214173,34.28253173828125,19825200
2014-01-24 00:00:00-05:00,34.05322851751002,34.14198505460972,33.6390266418457,33.6390266418457,20115400
2014-01-27 00:00:00-05:00,33.676021575927734,33.93489890836533,33.45412873492448,33.676021575927734,21323600
2014-01-28 00:00:00-05:00,33.868318505197536,34.201159056892024,33.76476873834137,33.994056701660156,16117300
2014-01-29 00:00:00-05:00,33.74998822888623,34.17898068487192,33.646438423011084,33.720401763916016,20428800
2014-01-30 00:00:00-05:00,33.91270512288139,34.17158243603398,33.85353501973132,34.06063461303711,12623600
2014-01-31 00:00:00-05:00,33.58725920721274,33.809152009920886,33.454122961283836,33.535484313964844,27251200
2014-02-03 00:00:00-05:00,33.513303460879946,33.74259151955143,32.78105394263571,32.8624153137207,29540200
2014-02-04 00:00:00-05:00,32.9659583083406,33.150869451116364,32.71447904130477,33.113887786865234,20744800
2014-02-05 00:00:00-05:00,33.21069845580451,33.23303942298211,32.89050538495983,32.935184478759766,21998800
2014-02-06 00:00:00-05:00,33.039434140457395,33.352182128094796,32.964971821787024,33.34473419189453,21043100
2014-02-07 00:00:00-05:00,33.54578623024462,33.80641002957064,33.389413654982256,33.7840690612793,16773000
2014-02-10 00:00:00-05:00,33.7989601151011,33.97022571234872,33.67237361126578,33.8957633972168,12501500
2014-02-11 00:00:00-05:00,33.91065336587926,34.320201743228964,33.85108124670949,34.2308464050293,13561100
2014-02-12 00:00:00-05:00,34.22338276964814,34.43932734174005,34.11168935827741,34.245723724365234,12175700
2014-02-13 00:00:00-05:00,33.92554757920499,34.30530991021827,33.836189397332966,34.2382926940918,14597400
2014-02-14 00:00:00-05:00,34.275510463459476,34.46166900882357,34.11169287511578,34.3499755859375,11165300
2014-02-18 00:00:00-05:00,34.46911694134836,34.498902990339566,34.30529651245069,34.3499755859375,12120400
2014-02-19 00:00:00-05:00,34.290408413025595,34.43933583881785,33.865967095878034,33.9031982421875,16187900
2014-02-20 00:00:00-05:00,33.798959049445045,34.14149023314053,33.694710675325126,33.9776725769043,13388500
2014-02-21 00:00:00-05:00,33.97021910856451,34.29786004878441,33.86597075142352,33.955326080322266,15411100
2014-02-24 00:00:00-05:00,34.05213940370758,34.57338418395955,34.029801275022166,34.31276321411133,14106700
2014-02-25 00:00:00-05:00,34.4021185694085,34.44679482677932,34.21595992221533,34.31276321411133,13751600
2014-02-26 00:00:00-05:00,34.51380649004135,34.573378611007264,34.11170603574169,34.2904167175293,13910700
2014-02-27 00:00:00-05:00,34.215954406876975,34.31275768316905,33.96277857388196,34.2904167175293,13799700
2014-02-28 00:00:00-05:00,34.32763904199251,34.737190166887565,34.26062184342372,34.565921783447266,16347300
2014-03-03 00:00:00-05:00,34.33508973823987,34.43189299741835,34.223393451452814,34.36487579345703,16067600
2014-03-04 00:00:00-05:00,34.789325261150445,34.84889454493873,34.57338057123803,34.80421829223633,14881900
2014-03-05 00:00:00-05:00,34.86377916968028,35.169079131938894,34.76697591124084,35.0648307800293,13643700
2014-03-06 00:00:00-05:00,35.21376448090093,35.370137036592645,35.1244063000299,35.25099563598633,14726300
2014-03-07 00:00:00-05:00,35.56374071751327,36.09987844006913,35.44459931700697,35.705223083496094,20491600
2014-03-10 00:00:00-04:00,35.66798266785868,35.95094164524876,35.42969992871213,35.85414123535156,11810200
2014-03-11 00:00:00-04:00,35.99561882582477,36.01051185130534,35.53394639814382,35.6009635925293,13373600
2014-03-12 00:00:00-04:00,35.51907244558674,35.83926556396986,35.414824051797936,35.831817626953125,13497400
2014-03-13 00:00:00-04:00,35.913717052901,35.965841234065564,35.54884778474904,35.62331008911133,14813900
2014-03-14 00:00:00-04:00,35.437152890472234,35.79457707855895,35.19887009841442,35.29567337036133,15347300
2014-03-17 00:00:00-04:00,35.51907081235556,35.86904714104602,35.42971545615327,35.839263916015625,11085700
2014-03-18 00:00:00-04:00,35.86903008650509,36.07752960591654,35.831798942502616,36.04029846191406,9757400
2014-03-19 00:00:00-04:00,36.025404876785906,36.047742994729674,35.35523293293117,35.6009635925293,28293000
2014-03-20 00:00:00-04:00,35.51907119953184,36.75516452926723,35.51907119953184,36.50943374633789,25208400
2014-03-21 00:00:00-04:00,37.07534153449342,37.209375932324164,36.51686582371675,36.57643508911133,30999100
2014-03-24 00:00:00-04:00,36.84450033215733,36.85194826495998,36.35304186768338,36.47218322753906,19677600
2014-03-25 00:00:00-04:00,36.673246766350566,36.68813979625934,36.42007093901143,36.45730209350586,14659400
2014-03-26 00:00:00-04:00,36.628557965676684,36.63600589893399,36.08497530061838,36.11476135253906,17399800
2014-03-27 00:00:00-04:00,36.86683860978155,37.07533812085127,36.2264555731187,36.56153869628906,29075100
2014-03-28 00:00:00-04:00,36.591333338248965,36.94131240926529,36.52431612976828,36.70302963256836,15008000
2014-03-31 00:00:00-04:00,37.04556154926401,37.164702940121856,36.829616890660766,37.038116455078125,17901800
2014-04-01 00:00:00-04:00,37.14235791647211,37.17958906159412,36.85939610054705,37.060447692871094,16397000
2014-04-02 00:00:00-04:00,37.06045315296014,37.14236338862893,36.86684662491488,37.05300521850586,13036800
2014-04-03 00:00:00-04:00,37.09024002795821,37.1498093021331,36.90408143026016,37.105133056640625,9598900
2014-04-04 00:00:00-04:00,37.26895253074163,37.596593496818556,36.904083251953125,36.904083251953125,18702400
2014-04-07 00:00:00-04:00,36.91897472855376,36.985989097281866,36.226464512815404,36.233909606933594,19653700
2014-04-08 00:00:00-04:00,36.23391100635663,36.487086824475185,36.07009052388141,36.36050033569336,19086900
2014-04-09 00:00:00-04:00,36.53920057889213,36.56153869628906,36.19666952288672,36.56153869628906,15928100
2014-04-10 00:00:00-04:00,36.65090398720077,36.65090398720077,35.52650451660156,35.52650451660156,24910800
2014-04-11 00:00:00-04:00,35.332904353959854,36.390283883557885,34.78932155965954,35.802024841308594,36426700
2014-04-14 00:00:00-04:00,36.01796741491965,36.24880511614639,35.325457151794424,35.824363708496094,24321400
2014-04-15 00:00:00-04:00,35.94350278202264,36.39773021991943,35.772237211112426,36.323265075683594,21749600
2014-04-16 00:00:00-04:00,36.53175810292709,36.658344564647656,36.211565141387176,36.55409622192383,17866000
2014-04-17 00:00:00-04:00,36.50197661755053,36.703028235338856,36.33815614959976,36.434959411621094,19399900
2014-04-21 00:00:00-04:00,36.546651876691215,36.732810446950104,36.45729371776781,36.57643508911133,12478000
2014-04-22 00:00:00-04:00,36.51687998193666,36.851966106432165,36.4126315966615,36.65835952758789,14203800
2014-04-23 00:00:00-04:00,36.636018925735804,36.985995218306265,36.636018925735804,36.92642593383789,13309900
2014-04-24 00:00:00-04:00,37.038116425857744,37.038116425857744,36.61367220317201,36.72536849975586,12617100
2014-04-25 00:00:00-04:00,36.68813534895442,36.822169761330834,36.48708373038979,36.524314880371094,16274500
2014-04-28 00:00:00-04:00,36.68813257025004,36.732811651176476,36.13710193437515,36.44240188598633,18411700
2014-04-29 00:00:00-04:00,36.688127796476586,36.86683841582001,36.58387946176724,36.83705520629883,14745800
2014-04-30 00:00:00-04:00,36.82216644166273,37.04555616196571,36.762594334619585,36.963645935058594,14982800
2014-05-01 00:00:00-04:00,37.03811106886253,37.11257336211205,36.82216644166273,36.963645935058594,11851000
2014-05-02 00:00:00-04:00,37.06047066424655,37.23918140782512,36.859418947303624,36.91899108886719,13369700
2014-05-05 00:00:00-04:00,36.69558368066192,36.963652529068526,36.56154925645862,36.904083251953125,9127000
2014-05-06 00:00:00-04:00,36.77748593355407,36.80727198591924,36.539203195741244,36.55409622192383,16213000
2014-05-07 00:00:00-04:00,36.7490917019559,37.071583960053324,36.65159331065959,37.04158401489258,15504500
2014-05-08 00:00:00-04:00,37.01159058961179,37.116590416170936,36.89909506687039,36.9965934753418,12901800
2014-05-09 00:00:00-04:00,36.95158893071671,36.98908743360985,36.68159513236224,36.8090934753418,15174600
2014-05-12 00:00:00-04:00,37.034100782783085,37.38659027093959,36.996602266292406,37.319091796875,16450500
2014-05-13 00:00:00-04:00,37.33407362448967,37.46907050698574,37.22907668498206,37.35657501220703,9707100
2014-05-14 00:00:00-04:00,37.394087848912896,37.394087848912896,36.891598624512945,36.96659851074219,13262500
2014-05-15 00:00:00-04:00,36.82409348158722,36.93659186005981,36.494102624861604,36.7715950012207,17370900
2014-05-16 00:00:00-04:00,36.756592138148534,36.84659197823495,36.546598233185,36.8090934753418,13923400
2014-05-19 00:00:00-04:00,36.62910319967174,37.154090916818575,36.614103223644356,37.11659240722656,10533800
2014-05-20 00:00:00-04:00,37.01908321938751,37.094080216744196,36.6515910660548,36.71908950805664,15095400
2014-05-21 00:00:00-04:00,36.88409751034176,37.356586747507066,36.8690975341354,37.2515869140625,12933500
2014-05-22 00:00:00-04:00,37.25908943120773,37.529083288977105,37.19908952461319,37.49158477783203,12159000
2014-05-23 00:00:00-04:00,37.43157658527534,37.671570436621714,37.32657963293035,37.61907196044922,13167200
2014-05-27 00:00:00-04:00,37.72407988766187,38.02407371959666,37.649082860154785,37.91157531738281,13322200
2014-05-28 00:00:00-04:00,37.89655421764952,38.02405252649291,37.73905883109441,37.82905578613281,12458400
2014-05-29 00:00:00-04:00,37.9565700971486,37.9565700971486,37.611579239929775,37.701576232910156,13026600
2014-05-30 00:00:00-04:00,37.73907363652551,38.11406443407521,37.73907363652551,38.08406448364258,15489200
2014-06-02 00:00:00-04:00,38.20406045709308,38.37655587628402,38.1515619756416,38.316558837890625,11828300
2014-06-03 00:00:00-04:00,38.159063393536194,38.3690573193421,38.06156498757517,38.316558837890625,9293500
2014-06-04 00:00:00-04:00,38.21155429148282,38.30155126168836,38.11405590487142,38.279052734375,10129200
2014-06-05 00:00:00-04:00,38.33157054958089,38.789059908840315,38.264072072625346,38.721561431884766,11862900
2014-06-06 00:00:00-04:00,38.74404165642395,39.014035436621334,38.70654315605258,38.98403549194336,13152400
2014-06-09 00:00:00-04:00,38.92405195054212,39.42653832372251,38.90905197300572,39.38153839111328,11049600
2014-06-10 00:00:00-04:00,39.29902525937499,39.47152063259604,39.14152699604107,39.44152069091797,12331700
2014-06-11 00:00:00-04:00,39.261538394801356,39.37403678714582,39.044045889729944,39.17904281616211,11735400
2014-06-12 00:00:00-04:00,39.089032195659584,39.20902911267729,38.736542861205656,38.78153991699219,13420600
2014-06-13 00:00:00-04:00,38.9165403307683,39.05903864953694,38.80404482016153,38.924041748046875,11111900
2014-06-16 00:00:00-04:00,38.90904496964605,38.91654352658797,38.20406045709308,38.316558837890625,16310500
2014-06-17 00:00:00-04:00,38.27155986648296,38.81154753023458,38.23406135893415,38.744049072265625,15470800
2014-06-18 00:00:00-04:00,38.766553604305535,39.10404594638226,38.646556645006385,39.029048919677734,18077100
2014-06-19 00:00:00-04:00,38.99904573904112,39.14904264099725,38.94654725249942,39.01404571533203,16335000
2014-06-20 00:00:00-04:00,39.28402987729682,39.68151913763024,39.201531458521444,39.66651916503906,29836500
2014-06-23 00:00:00-04:00,39.52403391399863,39.786526349686376,39.39653554455531,39.73402786254883,13122500
2014-06-24 00:00:00-04:00,39.696526058678224,39.741525984328526,39.314033843032526,39.36653518676758,11226300
2014-06-25 00:00:00-04:00,39.216527983399025,39.56151873980964,39.051531160353946,39.44902038574219,12815300
2014-06-26 00:00:00-04:00,39.46404193024465,39.494041889189205,38.99905401041819,39.276546478271484,12545900
2014-06-27 00:00:00-04:00,39.17154487873056,39.674034118652344,39.11154782884699,39.674034118652344,16864500
2014-06-30 00:00:00-04:00,39.55402613665404,39.56902324923124,39.29903230855527,39.419029235839844,12914600
2014-07-01 00:00:00-04:00,39.54652290897266,39.71151974929255,39.46402448881272,39.539024353027344,12482600
2014-07-02 00:00:00-04:00,39.569027012607904,39.629026912432934,39.41153156699622,39.4940299987793,14436000
2014-07-03 00:00:00-04:00,39.66652881335533,39.8090271571561,39.62153174558913,39.749027252197266,8741500
2014-07-07 00:00:00-04:00,39.67402482892808,39.734021864763264,39.33653256187848,39.37403106689453,13551800
2014-07-08 00:00:00-04:00,39.22404102253829,39.33653941814722,39.0740441153774,39.18654251098633,17282100
2014-07-09 00:00:00-04:00,39.224035142264874,39.224035142264874,38.931542790674314,39.141536712646484,16116300
2014-07-10 00:00:00-04:00,38.83405072802868,38.969047660184884,38.64655530680652,38.85655212402344,20059900
2014-07-11 00:00:00-04:00,38.3465604235829,38.75154831763662,38.1140650951267,38.616554260253906,29998900
2014-07-14 00:00:00-04:00,38.55655677454735,38.87904911511905,38.35406138435445,38.48155975341797,21252400
2014-07-15 00:00:00-04:00,38.63155166176805,38.74405004820097,38.399059192537464,38.51155471801758,19293100
2014-07-16 00:00:00-04:00,38.684051593372125,38.744048632578796,38.28655940719802,38.376556396484375,21599400
2014-07-17 00:00:00-04:00,38.309057473543675,38.33905456006576,37.9565652430989,38.009063720703125,24398000
2014-07-18 00:00:00-04:00,38.2265567979942,38.519049116270295,38.09155990325873,38.459049224853516,15487400
2014-07-21 00:00:00-04:00,38.24905392891033,38.36155229072917,38.136555567091484,38.28655242919922,15236900
2014-07-22 00:00:00-04:00,38.399059192537464,38.60905312886259,38.286560806104546,38.51155471801758,11920800
2014-07-23 00:00:00-04:00,38.571544696666095,38.714040136660735,38.45154778378848,38.49654769897461,9109000
2014-07-24 00:00:00-04:00,38.58655043695323,38.744045872221626,38.56404904552025,38.69154739379883,9939600
2014-07-25 00:00:00-04:00,38.61654771421848,38.826541613386716,38.61654771421848,38.69904327392578,10040200
2014-07-28 00:00:00-04:00,38.4815508187668,38.78154169458539,38.37655100823037,38.69904327392578,13468000
2014-07-29 00:00:00-04:00,38.73654734610758,39.111538112823226,38.609048997728955,38.654048919677734,14511800
2014-07-30 00:00:00-04:00,38.79654328606055,39.22403251917437,38.76654333894144,39.07403564453125,11439600
2014-07-31 00:00:00-04:00,38.894054059868374,38.90905403820095,38.166570845982044,38.174072265625,19638900
2014-08-01 00:00:00-04:00,37.87406070179825,38.33154981357229,37.67156538047439,37.76156234741211,18813700
2014-08-04 00:00:00-04:00,37.9115681645896,38.27155897841978,37.88906963277293,38.24156188964844,13380100
2014-08-05 00:00:00-04:00,38.04656469598539,38.19656158214911,37.694072442643545,37.799072265625,12766000
2014-08-06 00:00:00-04:00,37.663126741304936,38.154024883987,37.63291988527701,37.80662155151367,15271500
2014-08-07 00:00:00-04:00,38.01809245347662,38.07095806455082,37.45922371802962,37.53474807739258,14109100
2014-08-08 00:00:00-04:00,37.55739915455953,37.791520317284736,37.36104160717921,37.76131057739258,14563200
2014-08-11 00:00:00-04:00,37.82172892003559,37.95011598927817,37.59515875861576,37.6782341003418,14666400
2014-08-12 00:00:00-04:00,37.65557709943419,37.96521971226997,37.57250176021692,37.595157623291016,15219900
2014-08-13 00:00:00-04:00,37.77641715696867,37.85193862915755,37.64047620226109,37.753761291503906,12283100
2014-08-14 00:00:00-04:00,37.84437127935276,38.13135793537233,37.80661055957714,38.048282623291016,11904300
2014-08-15 00:00:00-04:00,38.138934414708736,38.22956077892632,37.66314096088609,37.919918060302734,13297200
2014-08-18 00:00:00-04:00,38.11625808819844,38.31261558545154,38.06339249736266,38.282405853271484,9913700
2014-08-19 00:00:00-04:00,38.3428342757293,38.58450642771473,38.3277294061103,38.410804748535156,8718400
2014-08-20 00:00:00-04:00,38.357932298744785,38.47121447922833,38.24464723730246,38.40324401855469,8402900
2014-08-21 00:00:00-04:00,38.51654123807415,38.81863290997233,38.441019760579444,38.735557556152344,10102200
2014-08-22 00:00:00-04:00,38.77331716815743,38.96212373736721,38.61472034145153,38.65248107910156,9210400
2014-08-25 00:00:00-04:00,38.87904777277906,39.082959210024775,38.826182164710865,38.85639190673828,8665600
2014-08-26 00:00:00-04:00,38.94700793272367,39.03763425383462,38.871486478624355,38.939456939697266,7025200
2014-08-27 00:00:00-04:00,39.00743660215585,39.04519733811281,38.72044982315585,38.7733154296875,8315800
2014-08-28 00:00:00-04:00,38.67512586776676,38.72799146152641,38.5165290864878,38.62981414794922,7718000
2014-08-29 00:00:00-04:00,38.72045552350315,38.87150137052715,38.652485036390345,38.84884262084961,8860700
2014-09-02 00:00:00-04:00,39.05274888423365,39.05274888423365,38.69779450407587,38.947017669677734,9990300
2014-09-03 00:00:00-04:00,39.08296111976129,39.29442356236691,38.81863306650428,38.931915283203125,7735500
2014-09-04 00:00:00-04:00,38.88660106748558,39.21134570606752,38.818630589419705,38.947017669677734,8306200
2014-09-05 00:00:00-04:00,38.80351583332555,39.00742721557617,38.63736517794531,39.00742721557617,12102500
2014-09-08 00:00:00-04:00,38.87904910319562,39.06785567588846,38.773317883441166,38.871498107910156,7746900
2014-09-09 00:00:00-04:00,38.690236860931535,38.788417071013434,38.51653518522309,38.569400787353516,10745000
2014-09-10 00:00:00-04:00,38.5769612572363,38.98478127467954,38.56185638533696,38.90925979614258,11381400
2014-09-11 00:00:00-04:00,38.818624313607486,39.06784743891741,38.75820484022383,38.96211624145508,8981900
2014-09-12 00:00:00-04:00,39.022526349877914,39.294408173010225,38.90924417754517,39.04518508911133,12523700
2014-09-15 00:00:00-04:00,39.06785504670182,39.39260257698024,39.014989437676,39.2264518737793,10414800
2014-09-16 00:00:00-04:00,39.10560287916804,39.63426167592278,39.10560287916804,39.50587463378906,10524600
2014-09-17 00:00:00-04:00,39.566302673019074,39.91370605567979,39.40015197654677,39.65692901611328,16919100
2014-09-18 00:00:00-04:00,39.747552107860734,40.313971706490676,39.747552107860734,40.2082405090332,16388300
2014-09-19 00:00:00-04:00,40.480126591360026,40.631172420327104,40.1931426853781,40.29887390136719,22553800
2014-09-22 00:00:00-04:00,40.22334844895809,40.40460401496515,39.89104993906454,39.95146942138672,13445700
2014-09-23 00:00:00-04:00,39.91369429945756,40.057189088131075,39.33972378763946,39.34727478027344,20596500
2014-09-24 00:00:00-04:00,39.437912183108196,39.49077778542127,39.181135165747875,39.36994171142578,18245200
2014-09-25 00:00:00-04:00,39.347284554344014,39.400150158789934,38.82617950439453,38.82617950439453,16684900
2014-09-26 00:00:00-04:00,38.856386564875415,39.211340901540986,38.78086222018974,39.173580169677734,10753400
2014-09-29 00:00:00-04:00,39.02253093561153,39.211337459312276,38.803517557647424,39.037635803222656,9995300
2014-09-30 00:00:00-04:00,39.12071456887735,39.40770131676457,39.05274409913983,39.173580169677734,16669900
2014-10-01 00:00:00-04:00,39.15092702642521,39.241553365384334,38.66758271069739,38.712894439697266,16527000
2014-10-02 00:00:00-04:00,38.660022919004476,38.90169503988482,38.433455665799016,38.81862258911133,15434400
2014-10-03 00:00:00-04:00,39.10560268256491,39.42279911140651,38.954559782216066,39.34727478027344,14018800
2014-10-06 00:00:00-04:00,39.468123847119294,39.61916967824708,39.264215288200326,39.2944221496582,10872300
2014-10-07 00:00:00-04:00,39.1509206342164,39.1509206342164,38.56184520572196,38.57695007324219,11889700
2014-10-08 00:00:00-04:00,38.70533942392587,39.415250953775534,38.58450335754807,39.38504409790039,15267200
2014-10-09 00:00:00-04:00,39.3170691765795,39.43035135543635,38.539184386493794,38.607154846191406,18735700
2014-10-10 00:00:00-04:00,38.52409619111424,39.07541398111061,38.22200736914143,38.24466323852539,20211500
2014-10-13 00:00:00-04:00,38.22200766115659,38.5014406158803,37.87460421680171,37.9123649597168,19298900
2014-10-14 00:00:00-04:00,37.383693298663836,37.655575165425745,36.409450903086665,36.87769317626953,45851500
2014-10-15 00:00:00-04:00,36.349042378499426,36.64358017254305,35.072708096364146,36.137577056884766,38470600
2014-10-16 00:00:00-04:00,35.63157545629725,36.764414855168184,35.53339523505975,36.34904098510742,28973400
2014-10-17 00:00:00-04:00,36.62092208182229,37.028742066755186,36.56050259904141,36.77196502685547,28314000
2014-10-20 00:00:00-04:00,36.76440811546678,37.18733578399237,36.711542517020966,37.14202117919922,15018500
2014-10-21 00:00:00-04:00,37.48186920452964,38.19933451934657,37.436554604945016,38.10115432739258,17660200
2014-10-22 00:00:00-04:00,38.154028933819355,38.282416008203064,37.86704216389895,37.88969802856445,20078200
2014-10-23 00:00:00-04:00,38.335279279245725,38.50142995923603,38.13137074775118,38.21444320678711,14394500
2014-10-24 00:00:00-04:00,38.19934024218993,38.7053403823772,38.176681498523635,38.667579650878906,10888600
2014-10-27 00:00:00-04:00,38.75065994262695,38.78842067895257,38.52408976275421,38.75065994262695,11654500
2014-10-28 00:00:00-04:00,38.939465895074825,39.113167584218566,38.74310545972314,39.105613708496094,13267200
2014-10-29 00:00:00-04:00,39.150930936501716,39.47567847124437,39.03009484550164,39.40015411376953,16546900
2014-10-30 00:00:00-04:00,39.27931873021951,39.740007235754554,39.211348247747786,39.619171142578125,14107600
2014-10-31 00:00:00-04:00,40.05719852505009,40.155375857214324,39.860838098802965,40.0949592590332,21126300
2014-11-03 00:00:00-05:00,40.1931485890057,40.48013253714024,40.094968353612316,40.30643081665039,14349500
2014-11-04 00:00:00-05:00,40.31397515331309,40.39705049583516,39.95901791924944,40.230899810791016,14931500
2014-11-05 00:00:00-05:00,40.61860872832189,40.70983443736557,40.39054300570618,40.69462966918945,14496900
2014-11-06 00:00:00-05:00,40.70983509376669,41.14316084372734,40.656619854298754,41.09754943847656,15328100
2014-11-07 00:00:00-05:00,41.20397018910866,41.24198065118101,40.778245473866214,40.93029022216797,13312700
2014-11-10 00:00:00-05:00,40.80866085732505,41.044330395999,40.76304655628768,40.92269515991211,11837300
2014-11-11 00:00:00-05:00,40.960716522660945,41.12796320425871,40.69463737918715,40.73265075683594,12520500
2014-11-12 00:00:00-05:00,40.51977045266612,40.80105135327218,40.45135046062548,40.70222473144531,10687900
2014-11-13 00:00:00-05:00,40.72505111315305,40.80107207624841,40.38295097919621,40.58821105957031,13494400
2014-11-14 00:00:00-05:00,40.58819074950938,40.81625642468677,40.466555529413945,40.55778121948242,9488400
2014-11-17 00:00:00-05:00,40.36773021220452,40.66421881083594,40.19287974635279,40.62620544433594,9657900
2014-11-18 00:00:00-05:00,40.367743465958355,40.671833097722484,40.31452821540168,40.49698257446289,12580400
2014-11-19 00:00:00-05:00,40.48937531839599,40.60340964567811,40.230900023234796,40.565399169921875,12490600
2014-11-20 00:00:00-05:00,40.413353321767154,40.717442919979916,40.352537142132604,40.65662384033203,10245900
2014-11-21 00:00:00-05:00,41.05194219553439,41.12036221519415,40.82387643000635,40.907501220703125,14587500
2014-11-24 00:00:00-05:00,41.09755356519541,41.325619314389144,40.9987240105399,41.127960205078125,11028000
2014-11-25 00:00:00-05:00,41.22678864975469,41.264799123594706,40.8998933547067,40.96071243286133,14390400
2014-11-26 00:00:00-05:00,41.19637720094775,41.37122769251693,41.02913054380205,41.26479721069336,11792500
2014-11-28 00:00:00-05:00,41.29520815949276,41.61450251588747,41.2571976861159,41.41684341430664,11054300
2014-12-01 00:00:00-05:00,41.37122774853857,41.500466833794434,40.823870569845695,40.915096282958984,13858500
2014-12-02 00:00:00-05:00,40.86188762923676,41.38643918921648,40.86188762923676,41.21919250488281,12925300
2014-12-03 00:00:00-05:00,41.1811734428865,41.515672565414285,41.127958200668566,41.34842300415039,14781300
2014-12-04 00:00:00-05:00,41.295212573510675,41.538483109141474,41.18117824117781,41.43205261230469,12310000
2014-12-05 00:00:00-05:00,41.728534265895405,42.07823526374817,41.69812472694823,41.834964752197266,14261400
2014-12-08 00:00:00-05:00,41.77415005818594,41.92619485830939,41.500469997966405,41.63731002807617,18939300
2014-12-09 00:00:00-05:00,41.27239096101833,41.73612614709914,41.089936679604804,41.68291091918945,12895800
2014-12-10 00:00:00-05:00,41.60690433511238,41.880584420636964,41.211588978245054,41.24959945678711,23309500
2014-12-11 00:00:00-05:00,41.500465202094375,41.94899571561817,41.333215651284924,41.37882995605469,17007700
2014-12-12 00:00:00-05:00,40.953119281412825,41.515684301044914,40.79347350963045,40.823883056640625,18792900
2014-12-15 00:00:00-05:00,41.05953826513609,41.36362784981193,40.41335152271644,40.4361572265625,24852800
2014-12-16 00:00:00-05:00,40.15488135804742,40.877092038590575,40.08646133778515,40.11687088012695,24243300
2014-12-17 00:00:00-05:00,40.322129982112344,40.9379072498169,40.24610612806557,40.892295837402344,19782600
2014-12-18 00:00:00-05:00,41.37883781267734,41.97180938720703,41.32562256368178,41.97180938720703,21404700
2014-12-19 00:00:00-05:00,41.736127687731695,42.13143999536398,41.39402770996094,41.39402770996094,36186100
2014-12-22 00:00:00-05:00,41.40163427474233,41.78934860229492,41.310408568264684,41.78934860229492,17395500
2014-12-23 00:00:00-05:00,41.87298214288084,42.298704128929,41.857777371948615,42.16946792602539,13205700
2014-12-24 00:00:00-05:00,42.29109389992246,42.37471867166622,42.0554243522821,42.07062911987305,4297000
2014-12-26 00:00:00-05:00,42.12384632862978,42.222675872591594,42.00981201636515,42.02501678466797,5826000
2014-12-29 00:00:00-05:00,41.8729725132889,42.53436394666504,41.8729725132889,42.35190963745117,11385600
2014-12-30 00:00:00-05:00,42.20746303596586,42.38231348800456,42.11623734360055,42.131439208984375,8749400
2014-12-31 00:00:00-05:00,42.192266379713104,42.32150256040147,41.675315856933594,41.675315856933594,10090800
2015-01-02 00:00:00-05:00,41.89578169481311,41.956597869594624,41.1963768347405,41.58409118652344,11700900
2015-01-05 00:00:00-05:00,41.15837829828771,41.32562790245959,40.36774749676568,40.44377136230469,15000500
2015-01-06 00:00:00-05:00,40.55778398238994,40.64901257868556,39.41745262880808,39.59990692138672,20211200
2015-01-07 00:00:00-05:00,40.010440883184316,40.0180418188582,39.6151255278292,39.83559036254883,15714700
2015-01-08 00:00:00-05:00,40.29170916594951,40.74023962926908,40.261299632840085,40.71743392944336,16721600
2015-01-09 00:00:00-05:00,40.70222949297006,40.740239959658744,40.040835192533535,40.048439025878906,14550800
2015-01-12 00:00:00-05:00,39.972430606651606,40.056052499541096,39.311036099152616,39.56951141357422,16967500
2015-01-13 00:00:00-05:00,39.75955760961928,39.93440809113232,38.96132614183788,39.417457580566406,25080900
2015-01-14 00:00:00-05:00,38.771271347418065,39.32623233438935,38.330341771460795,38.961326599121094,37590100
2015-01-15 00:00:00-05:00,38.930917316286944,39.18179164217438,38.36075155746606,38.55841064453125,32144700
2015-01-16 00:00:00-05:00,38.41395551663321,39.303415347224636,38.39875075286106,39.2578010559082,23174900
2015-01-20 00:00:00-05:00,39.51629318503015,39.75956370967721,39.303432200967315,39.531497955322266,17691000
2015-01-21 00:00:00-05:00,39.52388774607209,40.063643914730456,39.31102391194344,39.60750961303711,17928300
2015-01-22 00:00:00-05:00,39.904008336991346,40.91510093054866,39.89640450169385,40.87709045410156,21488700
2015-01-23 00:00:00-05:00,40.84668092686939,41.03673620918314,40.47417419754198,40.489376068115234,17779700
2015-01-26 00:00:00-05:00,40.22330107648033,40.7478526278792,40.20809630542353,40.73265075683594,13429400
2015-01-27 00:00:00-05:00,40.23849610489765,40.55018658606108,39.964816092166274,40.26890563964844,14351600
2015-01-28 00:00:00-05:00,40.527384939092954,40.56539541132732,39.6455286431951,39.65312957763672,18775100
2015-01-29 00:00:00-05:00,39.713944395512755,40.215690115248734,39.45546915201162,40.109256744384766,16700000
2015-01-30 00:00:00-05:00,39.68353645770186,40.11686219218145,39.45547073955675,39.470672607421875,21754800
2015-02-02 00:00:00-05:00,39.67593488627466,40.22329496104646,39.52389299884971,40.147274017333984,17714500
2015-02-03 00:00:00-05:00,40.29930529697123,40.69462048024809,40.268898667497886,40.63380432128906,20258900
2015-02-04 00:00:00-05:00,40.58024597167969,40.93990589214283,40.48076792829336,40.58024597167969,14435600
2015-02-05 00:00:00-05:00,40.74094883904395,41.2000868249009,40.725643850298304,41.06999588012695,13281900
2015-02-06 00:00:00-05:00,41.41434981714144,42.14897466334168,41.19243478357225,41.66687774658203,19317000
2015-02-09 00:00:00-05:00,41.52914556676633,41.666887575475634,41.38375252163039,41.48323059082031,9739200
2015-02-10 00:00:00-05:00,41.796962332682405,41.86583331512865,41.4908713477985,41.75870132446289,12342500
2015-02-11 00:00:00-05:00,41.368435363287226,41.521479399839905,41.062341451926116,41.24599838256836,18296800
2015-02-12 00:00:00-05:00,41.467914461149775,42.01123131363324,41.29956543282134,41.980621337890625,20159500
2015-02-13 00:00:00-05:00,42.07244952363279,42.51628542694008,41.94236150177736,42.34028244018555,18809000
2015-02-17 00:00:00-05:00,42.32498333359093,42.43976638309751,42.04949934416962,42.37089538574219,11908600
2015-02-18 00:00:00-05:00,42.15662567701379,42.24080165345216,41.62861671452956,41.72044372558594,13231600
2015-02-19 00:00:00-05:00,41.63625929718527,41.95000419713988,41.42199534183893,41.75104522705078,10784600
2015-02-20 00:00:00-05:00,41.6362542326019,42.041826075639186,41.34546538634061,41.9576530456543,15049100
2015-02-23 00:00:00-05:00,41.84287634365215,42.17192626129635,41.5291314127737,42.16427230834961,13715000
2015-02-24 00:00:00-05:00,42.23315339103153,42.50098634480378,42.10306535109838,42.37089538574219,11957800
2015-02-25 00:00:00-05:00,42.38619448595662,42.53159041523978,42.2714114524009,42.34028244018555,10516900
2015-02-26 00:00:00-05:00,42.256107351928755,42.35558539927487,42.05714541898033,42.20254135131836,13579100
2015-02-27 00:00:00-05:00,41.95000374756829,42.30200964732987,41.92704772949219,41.92704772949219,12937000
2015-03-02 00:00:00-05:00,41.927068971449415,42.51629805999203,41.87350295604817,42.508644104003906,12988500
2015-03-03 00:00:00-05:00,42.43210983276367,42.5315907980431,42.19488689067521,42.43210983276367,11759600
2015-03-04 00:00:00-05:00,42.217842202353346,42.24080114418668,41.83522625524863,41.95001220703125,16653300
2015-03-05 00:00:00-05:00,42.04182732850018,42.09539331241735,41.81991236046928,41.96530532836914,9576100
2015-03-06 00:00:00-05:00,42.07244967972118,42.462719584991426,41.7127897511639,41.774009704589844,17298400
2015-03-09 00:00:00-04:00,41.91940012280215,42.095403099324855,41.80461709591928,41.83522415161133,11937900
2015-03-10 00:00:00-04:00,41.44496395750614,41.452614992896585,40.779212951660156,40.779212951660156,18723200
2015-03-11 00:00:00-04:00,41.22304840083354,41.31487834567611,41.016435403630545,41.092960357666016,16612900
2015-03-12 00:00:00-04:00,41.72045136705052,42.57751043852001,41.475577346630665,42.539249420166016,26266900
2015-03-13 00:00:00-04:00,42.462713028892914,42.5851499977129,42.1030531558659,42.34792709350586,17591400
2015-03-16 00:00:00-04:00,42.47036696183284,42.71524091619066,42.340278950698654,42.64636993408203,15505200
2015-03-17 00:00:00-04:00,42.470377453071755,42.837688475343434,42.28672048237165,42.784122467041016,13107700
2015-03-18 00:00:00-04:00,42.608119756821466,43.067257808171036,42.462726721690764,42.98308181762695,20000500
2015-03-19 00:00:00-04:00,42.81473129443488,42.83768732048033,42.271417271084104,42.47802734375,14841100
2015-03-20 00:00:00-04:00,42.493326701117404,43.01368462944257,42.48567566649264,42.86063766479492,26487200
2015-03-23 00:00:00-04:00,42.87593930876138,43.0749012230223,42.64637033926079,42.68463134765625,16477400
2015-03-24 00:00:00-04:00,42.62341609913366,42.753504116939716,42.35558319091797,42.35558319091797,13927400
2015-03-25 00:00:00-04:00,42.286709405842544,42.363234339892955,41.73574447631836,41.73574447631836,15413700
2015-03-26 00:00:00-04:00,41.59035701002368,41.89645097015101,41.299570958943896,41.705142974853516,15038600
2015-03-27 00:00:00-04:00,41.73575135471762,41.781663403586805,41.291915421460644,41.41435241699219,13600300
2015-03-30 00:00:00-04:00,41.620958070865086,42.103054933061685,41.620958070865086,41.911746978759766,11706700
2015-03-31 00:00:00-04:00,41.682174693015384,41.85052369436737,41.46790781627948,41.62860870361328,13306200
2015-04-01 00:00:00-04:00,41.64391462540614,41.64391462540614,41.15416672317191,41.27660369873047,15436900
2015-04-02 00:00:00-04:00,41.28426725860306,41.68983928718135,41.18478628058499,41.60566329956055,13498900
2015-04-06 00:00:00-04:00,41.184785150254505,41.60566215767896,40.98582611880729,41.38374710083008,10786100
2015-04-07 00:00:00-04:00,41.536784776003465,41.62096074837184,41.307215799898366,41.337825775146484,10853700
2015-04-08 00:00:00-04:00,41.30722384850513,41.59801283176596,41.19244079765135,41.32252883911133,9828700
2015-04-09 00:00:00-04:00,41.36843653853906,41.54443952087707,41.11590861662279,41.46791458129883,10279400
2015-04-10 00:00:00-04:00,41.57505965607574,41.68984271479979,41.36844664741804,41.567405700683594,9531500
2015-04-13 00:00:00-04:00,41.57505069421164,41.88114170395719,41.5367867637564,41.774009704589844,14931600
2015-04-14 00:00:00-04:00,41.268955576651315,41.68218149298995,40.99347163242556,41.46791458129883,29289600
2015-04-15 00:00:00-04:00,41.60565224856878,42.01887812215187,41.467910290707756,41.94235610961914,16899900
2015-04-16 00:00:00-04:00,41.72808922009773,42.14131509368082,41.5826962286345,41.94235610961914,15643200
2015-04-17 00:00:00-04:00,41.63627424798189,41.75106021906487,41.307224244614424,41.36079025268555,17569700
2015-04-20 00:00:00-04:00,41.582702213613516,41.83522722661944,41.45261127063077,41.59800720214844,13327200
2015-04-21 00:00:00-04:00,41.7434057490498,41.97297476925459,41.46792175715267,41.53679275512695,10954200
2015-04-22 00:00:00-04:00,41.55974313561572,42.01888108140294,41.44495718960498,41.83522415161133,13563800
2015-04-23 00:00:00-04:00,41.63626640860617,42.179580341961675,41.63626640860617,41.980621337890625,14657800
2015-04-24 00:00:00-04:00,41.904096859444074,42.026533844633256,41.789313827838704,41.858184814453125,15268100
2015-04-27 00:00:00-04:00,41.92705447886886,42.47036840106659,41.86583452864089,42.064796447753906,19852400
2015-04-28 00:00:00-04:00,42.01888852099277,42.41680950672132,41.98827854075325,42.40150451660156,13028300
2015-04-29 00:00:00-04:00,42.21784795005156,42.66933494586741,42.14897987255965,42.43976593017578,18144500
2015-04-30 00:00:00-04:00,42.585152146588285,42.585152146588285,41.91939835835314,42.16427230834961,16577800
2015-05-01 00:00:00-04:00,42.28671266588148,42.5315895545935,42.05714368428744,42.23314666748047,12069400
2015-05-04 00:00:00-04:00,42.29436398958364,42.676979908158714,42.28671003650057,42.64636993408203,9981800
2015-05-05 00:00:00-04:00,42.64637631586192,43.00603626726438,42.546895344789874,42.63872528076172,17068100
2015-05-06 00:00:00-04:00,42.704212668886754,42.8351821424569,41.949204394727246,42.31129837036133,15670700
2015-05-07 00:00:00-04:00,42.34210800163032,42.51930351873228,42.07246328841147,42.22654724121094,14723100
2015-05-08 00:00:00-04:00,42.50390552200752,43.1818733215332,42.44227368872757,43.1818733215332,17477500
2015-05-11 00:00:00-04:00,43.081709418220335,43.112526797970695,42.71190967793729,42.765838623046875,12922100
2015-05-12 00:00:00-04:00,42.61175692041281,42.86599295201832,42.37292663952893,42.735023498535156,11705900
2015-05-13 00:00:00-04:00,42.7350262944659,43.01237684811354,42.65798284128197,42.83517837524414,11448100
2015-05-14 00:00:00-04:00,43.104814754031025,43.24348999450413,42.92761926651683,43.17415237426758,11025400
2015-05-15 00:00:00-04:00,43.17416913122898,43.17416913122898,42.6040592614651,42.77355194091797,13323200
2015-05-18 00:00:00-04:00,42.81976374990365,43.1279286820561,42.79664924928491,42.95073318481445,10637300
2015-05-19 00:00:00-04:00,43.06629539747328,43.6826281795941,43.05858958456185,43.45150375366211,17194100
2015-05-20 00:00:00-04:00,43.389885005628244,43.428405267669824,43.08942284723327,43.204986572265625,13292000
2015-05-21 00:00:00-04:00,43.07400624299698,43.28201914650377,43.01237442283223,43.15104675292969,13466700
2015-05-22 00:00:00-04:00,43.17416225940178,43.320540407235185,43.13564200354111,43.14334487915039,8568800
2015-05-26 00:00:00-04:00,43.12023133966729,43.14334290434438,42.72731710671481,42.88140106201172,15859100
2015-05-27 00:00:00-04:00,43.0817019404483,43.3821669325014,42.91991513320119,43.197265625,12526100
2015-05-28 00:00:00-04:00,43.22810091994013,43.374479100668765,43.058608229374904,43.30514144897461,10348700
2015-05-29 00:00:00-04:00,43.33595519925658,43.343658075950465,42.89681775501672,43.11253356933594,17291500
2015-06-01 00:00:00-04:00,43.328236301338414,43.52084047545034,42.98925107400128,43.17415237426758,15746200
2015-06-02 00:00:00-04:00,43.15105958043124,43.49004497828219,42.943049553996445,43.28203201293945,13148700
2015-06-03 00:00:00-04:00,43.41299068393614,44.06784680540955,43.41299068393614,43.844425201416016,16197700
2015-06-04 00:00:00-04:00,43.55167525548496,43.829025865999206,43.08942619723311,43.25121307373047,17627100
2015-06-05 00:00:00-04:00,43.944579819098855,44.08325509349048,43.45151348299849,43.61330032348633,16890300
2015-06-08 00:00:00-04:00,43.8675395382376,43.8675395382376,43.23579788208008,43.23579788208008,14248400
2015-06-09 00:00:00-04:00,43.32053939872996,43.859831784946,43.14334387477029,43.68263626098633,14669900
2015-06-10 00:00:00-04:00,43.898358344634296,44.35290447186784,43.84442939215808,44.07555389404297,18622400
2015-06-11 00:00:00-04:00,44.11406326293945,44.35289352130177,43.96768513363099,44.11406326293945,13943300
2015-06-12 00:00:00-04:00,44.0139144550477,44.137181030667406,43.713452360656326,43.983097076416016,13439000
2015-06-15 00:00:00-04:00,43.64412511908172,43.96769885503053,43.51315269816838,43.89836120605469,12920600
2015-06-16 00:00:00-04:00,43.7981956100115,44.09866064239386,43.70574641330529,44.083251953125,10476100
2015-06-17 00:00:00-04:00,44.152584322768135,44.33748269414223,43.99079457418253,44.04472351074219,17497700
2015-06-18 00:00:00-04:00,44.13718551961654,44.56091423272272,44.06014206520168,44.45305633544922,18299900
2015-06-19 00:00:00-04:00,44.237343050474095,44.352906776876104,43.95228958129883,43.95228958129883,36241100
2015-06-22 00:00:00-04:00,44.36060541868321,44.714996478605705,44.32208222350745,44.61484146118164,15111200
2015-06-23 00:00:00-04:00,44.68418405015026,44.88449116829025,44.4992826850993,44.59943771362305,13354200
2015-06-24 00:00:00-04:00,44.429944110224184,44.79974683258258,44.32979202270508,44.32979202270508,16166600
2015-06-25 00:00:00-04:00,44.491566629558385,44.522384004422946,44.01390907478426,44.04472351074219,14053600
2015-06-26 00:00:00-04:00,44.17571368213265,44.360615066907094,44.13719341748608,44.25275421142578,16975900
2015-06-29 00:00:00-04:00,43.75967049631736,44.06013255642326,43.15104056287347,43.1895637512207,19289700
2015-06-30 00:00:00-04:00,43.559363878818345,43.82130569214723,43.13563525284987,43.32823944091797,17346700
2015-07-01 00:00:00-04:00,43.98310047707358,44.06784680540955,43.61330072162249,43.844425201416016,12165300
2015-07-02 00:00:00-04:00,43.790495712871916,44.0216201898089,43.54396254561818,43.71345520019531,10106800
2015-07-06 00:00:00-04:00,43.22039603284079,43.551675604844924,43.151058379656014,43.482337951660156,11682100
2015-07-07 00:00:00-04:00,43.389885528776276,43.50544925520197,42.43457008743348,43.33595657348633,15831800
2015-07-08 00:00:00-04:00,43.02007876176938,43.27431480432187,42.53471530374188,42.56553268432617,12906600
2015-07-09 00:00:00-04:00,43.18956740597066,43.258905036393806,42.71190686798592,42.75813293457031,13623200
2015-07-10 00:00:00-04:00,43.39759082138113,43.49774291490771,43.03549389259354,43.204986572265625,13269600
2015-07-13 00:00:00-04:00,43.57477992625169,43.728860951604894,43.4669190940344,43.71345520019531,15521800
2015-07-14 00:00:00-04:00,43.497738941607174,44.198818226791225,43.44380999189358,44.10636901855469,20066300
2015-07-15 00:00:00-04:00,44.22963695076494,44.80744966285763,44.11407323278343,44.51469039916992,17159400
2015-07-16 00:00:00-04:00,44.869071645398364,44.95381501701131,44.668761649823715,44.81513977050781,13194500
2015-07-17 00:00:00-04:00,44.66107303434595,44.72270486418738,44.2912732385748,44.63795852661133,12963900
2015-07-20 00:00:00-04:00,44.67647889164603,44.90760338197386,44.59173255944745,44.72270202636719,10084900
2015-07-21 00:00:00-04:00,44.69959316813597,44.96923793337636,44.49158023256158,44.64566421508789,12504300
2015-07-22 00:00:00-04:00,44.73811250144573,45.13872967214476,44.67648067305759,45.084800720214844,14871100
2015-07-23 00:00:00-04:00,45.246587322260964,45.27740470573594,44.73811225055362,44.845970153808594,13582200
2015-07-24 00:00:00-04:00,44.82285835451565,44.946124948872466,44.45305857144523,44.51469039916992,13157300
2015-07-27 00:00:00-04:00,44.2835550776511,44.56090558188653,44.175697201316595,44.36830139160156,15495300
2015-07-28 00:00:00-04:00,44.47615599767885,44.56090230539806,44.037018711230694,44.221920013427734,16730600
2015-07-29 00:00:00-04:00,44.376023096337065,44.784346151463005,44.237347785374745,44.65337371826172,13718400
2015-07-30 00:00:00-04:00,44.568612437533375,44.830554277275525,44.468460365651794,44.799739837646484,9864800
2015-07-31 00:00:00-04:00,44.861373059661965,44.87678174941215,44.522390701878955,44.584022521972656,12369800
2015-08-03 00:00:00-04:00,44.73810804458543,44.73810804458543,44.298970657527725,44.61484146118164,13085900
2015-08-04 00:00:00-04:00,44.50698526594356,44.8074473907708,44.46075919331349,44.54550552368164,12324700
2015-08-05 00:00:00-04:00,44.828546678699745,44.99138967363377,44.57264800829552,44.70447540283203,12032500
2015-08-06 00:00:00-04:00,44.70446388513785,44.93709709769244,44.51835554023911,44.61140823364258,12556600
2015-08-07 00:00:00-04:00,44.64243524804152,44.86731534465313,44.23144972933864,44.56489181518555,13596200
2015-08-10 00:00:00-04:00,44.820793617310066,44.96037418194377,44.72774089358518,44.92935562133789,12397500
2015-08-11 00:00:00-04:00,44.37878671463855,44.62692926782646,44.18492516007971,44.363277435302734,15425500
2015-08-12 00:00:00-04:00,44.12288742939735,44.16165914555231,43.5800745289509,43.983306884765625,21663200
2015-08-13 00:00:00-04:00,44.0065655842287,44.30123592653866,43.91351288174369,44.11512756347656,11868600
2015-08-14 00:00:00-04:00,44.11511978914161,44.48733349157912,44.06083880908353,44.45631790161133,9742500
2015-08-17 00:00:00-04:00,44.215929017270035,44.588142723293494,44.14613876250991,44.471824645996094,11462500
2015-08-18 00:00:00-04:00,44.51836231715827,44.758751682977234,44.40980033197946,44.619171142578125,10581500
2015-08-19 00:00:00-04:00,44.41754434458285,44.62691511206461,44.16164871194401,44.2469482421875,13744600
2015-08-20 00:00:00-04:00,43.78168769059783,43.87474335581326,43.51028272895004,43.518035888671875,20857700
2015-08-21 00:00:00-04:00,42.90543341507896,43.254381787767386,41.84307014602591,41.850826263427734,31954400
2015-08-24 00:00:00-04:00,38.15194028888392,41.28474255120297,37.027543100496615,39.74160385131836,40198100
2015-08-25 00:00:00-04:00,41.525147105877636,41.60269350761937,38.772313443040325,38.78782272338867,31041800
2015-08-26 00:00:00-04:00,39.98201095234628,40.64113910200905,39.22207395879755,40.55583953857422,30235800
2015-08-27 00:00:00-04:00,41.43985210277502,41.95164657821392,41.00560403761056,41.89736557006836,26452500
2015-08-28 00:00:00-04:00,41.68022271162699,41.819803228983034,41.129656758773564,41.51737976074219,18342200
2015-08-31 00:00:00-04:00,41.40883422782757,41.532905519375284,41.145182363527056,41.35455322265625,13842200
2015-09-01 00:00:00-04:00,40.40850758158162,40.5713505963129,39.18330099510533,39.540008544921875,28031700
2015-09-02 00:00:00-04:00,40.70316415361556,40.70316415361556,39.75711903328816,40.3154411315918,20919600
2015-09-03 00:00:00-04:00,40.62562054530146,41.098643137728544,40.49379612870616,40.656639099121094,15719000
2015-09-04 00:00:00-04:00,40.16811267506386,40.18362195407615,39.36164791497978,39.77263641357422,22303800
2015-09-08 00:00:00-04:00,40.82723715941373,41.08313282675456,40.307686749334295,41.04436111450195,19685400
2015-09-09 00:00:00-04:00,41.57166647932707,41.6414567476329,40.33870704465212,40.47053146362305,16221500
2015-09-10 00:00:00-04:00,40.37748019434082,40.99008335368724,40.16810938197841,40.757450103759766,17996200
2015-09-11 00:00:00-04:00,40.58685777262412,40.83500034165832,40.34646836470665,40.80398178100586,12549400
2015-09-14 00:00:00-04:00,40.81173372225482,41.00559526934768,40.64113461422352,40.92029571533203,16225600
2015-09-15 00:00:00-04:00,41.12966218570983,41.71124676540112,40.95906309574424,41.463104248046875,14305500
2015-09-16 00:00:00-04:00,41.501881145542235,41.788795412427895,41.02110532787851,41.6569709777832,15218500
2015-09-17 00:00:00-04:00,41.641461989672564,41.80430498352163,40.346465283219565,40.486045837402344,25025800
2015-09-18 00:00:00-04:00,39.75713342766341,39.9199764459299,39.315129259172664,39.57878112792969,39561600
2015-09-21 00:00:00-04:00,39.95098835417752,40.12934062420288,39.68733652933732,39.97425079345703,16673300
2015-09-22 00:00:00-04:00,39.446942136928804,39.664069055650906,39.02820349258411,39.3073616027832,21761300
2015-09-23 00:00:00-04:00,39.45470169529444,39.501226572005685,39.16003132438961,39.37715530395508,12521200
2015-09-24 00:00:00-04:00,38.84209842296052,39.29961177745382,38.617218325748546,39.19880294799805,17064300
2015-09-25 00:00:00-04:00,39.826918746962,40.22239502171688,39.60203863087953,39.91997146606445,18394800
2015-09-28 00:00:00-04:00,39.60203222379909,39.78038447242903,38.92739494279157,39.05921936035156,17647900
2015-09-29 00:00:00-04:00,39.13677733921289,39.51674438552181,38.7723166164287,39.46246337890625,20816400
2015-09-30 00:00:00-04:00,40.03627973397725,40.106069995657776,39.315114682642474,39.81915283203125,20514800
2015-10-01 00:00:00-04:00,39.94322752384713,40.214635435159266,39.4857142040676,39.888946533203125,15556600
2015-10-02 00:00:00-04:00,38.98942991856914,39.77263215532769,38.392336051939914,39.749366760253906,21630300
2015-10-05 00:00:00-04:00,40.098326988930566,40.76521127234011,39.935483977798334,40.64113998413086,15240700
2015-10-06 00:00:00-04:00,40.46278800691687,40.74194914708212,40.261170313200694,40.34646987915039,14490700
2015-10-07 00:00:00-04:00,40.7031676633706,40.88927307345805,40.25340749915697,40.47053146362305,13863500
2015-10-08 00:00:00-04:00,40.501557768772884,40.780718895419206,40.144853199432696,40.741947174072266,15384100
2015-10-09 00:00:00-04:00,41.11416778813789,41.152939515864,40.30770283582484,40.4317741394043,16983100
2015-10-12 00:00:00-04:00,40.41625216526263,40.656641534627,40.12933792047387,40.4627799987793,10639000
2015-10-13 00:00:00-04:00,40.3387166747843,40.56359681057714,40.09832725809959,40.21464538574219,16002200
2015-10-14 00:00:00-04:00,40.09057186734812,40.24566170954975,39.34614417449152,39.935482025146484,26269100
2015-10-15 00:00:00-04:00,40.30767241103653,40.86599433476157,40.137073388100326,40.858238220214844,18262400
2015-10-16 00:00:00-04:00,41.21497082544694,41.24598642839121,40.71868272313227,41.00559997558594,15676300
2015-10-19 00:00:00-04:00,40.91253696498324,41.10639849960484,40.6721505552315,40.757450103759766,15515700
2015-10-20 00:00:00-04:00,40.803978986035666,41.32352948805189,40.77296338560045,41.16068649291992,13583300
2015-10-21 00:00:00-04:00,41.12965059009708,41.765515981310394,41.1218944746896,41.19168472290039,17666700
2015-10-22 00:00:00-04:00,41.40881808729877,42.22303580559174,41.40881808729877,41.92061233520508,18263200
2015-10-23 00:00:00-04:00,42.137755585290044,42.49446020318731,41.95940327634142,42.4556884765625,16924800
2015-10-26 00:00:00-04:00,42.46343384837605,42.50220852598044,41.998167298049125,42.098976135253906,12661400
2015-10-27 00:00:00-04:00,41.85858202680838,42.12998994900761,41.73451076348915,41.96714401245117,12443900
2015-10-28 00:00:00-04:00,42.06019652187216,43.03725727742067,42.00591257503254,42.99848556518555,16681600
2015-10-29 00:00:00-04:00,42.951959259040784,43.09153979451142,42.57974548381648,42.71932601928711,11334900
2015-10-30 00:00:00-04:00,42.70381973599164,42.70381973599164,41.897355020755406,41.9826545715332,18450500
2015-11-02 00:00:00-05:00,42.036937111812065,42.66504958856119,41.97490295502401,42.53322219848633,10992300
2015-11-03 00:00:00-05:00,42.40139526997129,42.76585590320424,42.223043012329626,42.59525680541992,10709100
2015-11-04 00:00:00-05:00,42.59916072618467,42.747507167409154,42.45862073831915,42.614776611328125,12823600
2015-11-05 00:00:00-05:00,42.43519925059496,43.00516868527361,42.43519925059496,42.833396911621094,12263900
2015-11-06 00:00:00-05:00,43.75472229655638,43.988954685784016,43.37994987810687,43.60637283325195,22376800
2015-11-09 00:00:00-05:00,43.78594359314087,43.89525181671561,43.05201184326641,43.309669494628906,17609700
2015-11-10 00:00:00-05:00,43.17693559175043,43.69224791174012,43.122281480420135,43.6532096862793,13475900
2015-11-11 00:00:00-05:00,43.82497941457044,43.85620820643156,43.340895910403724,43.56732177734375,10808500
2015-11-12 00:00:00-05:00,43.34870918502328,43.5282874124528,43.075435638427734,43.075435638427734,17552200
2015-11-13 00:00:00-05:00,42.95831020953609,43.22377425723948,42.41957566203145,42.60696029663086,16550200
2015-11-16 00:00:00-05:00,42.53670075012106,43.15351486206055,42.4742401827387,43.15351486206055,11955400
2015-11-17 00:00:00-05:00,43.200365587481336,43.32528970953811,42.817783788317826,42.911476135253906,11331900
2015-11-18 00:00:00-05:00,42.98956053395755,43.54391120340374,42.91929052103998,43.4658317565918,16612600
2015-11-19 00:00:00-05:00,43.54389069764627,43.77812297092435,43.30184899415145,43.70004653930664,12167600
2015-11-20 00:00:00-05:00,43.92647200800212,43.92647200800212,43.50485508227008,43.58293151855469,16264100
2015-11-23 00:00:00-05:00,43.6453947796322,43.75470298112276,43.37993072811578,43.41115951538086,9638100
2015-11-24 00:00:00-05:00,43.05201150993759,43.31747561303192,42.85681740408665,43.161319732666016,14156500
2015-11-25 00:00:00-05:00,43.30186375607471,43.34871141807102,43.020783740948794,43.114479064941406,10034400
2015-11-27 00:00:00-05:00,43.20816941428786,43.309671188044156,42.92708941214785,43.24720764160156,4914000
2015-11-30 00:00:00-05:00,43.301858637908865,43.48143685336343,43.02077865600586,43.02077865600586,15998900
2015-12-01 00:00:00-05:00,43.34089156695791,43.54389507505153,43.15350692086791,43.497047424316406,15543400
2015-12-02 00:00:00-05:00,43.56731821243401,43.56731821243401,42.942697749938155,43.00516128540039,12779900
2015-12-03 00:00:00-05:00,43.04420318253169,43.11447317671627,42.18534736711739,42.31808090209961,15410100
2015-12-04 00:00:00-05:00,42.53670867772736,43.62979710568369,42.40397808578659,43.4658317565918,19647700
2015-12-07 00:00:00-05:00,43.29404375160027,43.37992961583359,42.958309725101856,43.2706184387207,17991600
2015-12-08 00:00:00-05:00,42.927091989254535,43.106670228419134,42.38054783877366,42.4742431640625,19949500
2015-12-09 00:00:00-05:00,42.255619049072266,42.89585547569263,41.935500835762085,42.255619049072266,18499600
2015-12-10 00:00:00-05:00,42.35712486324058,42.93490078017746,42.06823839398512,42.42739486694336,14075300
2015-12-11 00:00:00-05:00,41.732496230536626,42.11507497161892,41.37333982670518,41.62318801879883,17815700
2015-12-14 00:00:00-05:00,41.63100390260842,41.82619803305142,41.18596152347247,41.53731155395508,22055100
2015-12-15 00:00:00-05:00,42.02919199200948,43.03639121132373,42.013576107731495,42.87242889404297,19056700
2015-12-16 00:00:00-05:00,43.10667627531927,43.75472229655638,42.802173871480704,43.60637283325195,21086800
2015-12-17 00:00:00-05:00,43.80936593292811,43.91086770271567,43.309669494628906,43.309669494628906,18800500
2015-12-18 00:00:00-05:00,42.94270557416689,43.05982323528496,41.99796676635742,41.99796676635742,31468600
2015-12-21 00:00:00-05:00,42.39615625573922,42.58354389487152,41.81057397878585,42.17753982543945,12993400
2015-12-22 00:00:00-05:00,42.443010754257976,42.55231898703431,41.92769838657955,42.42739486694336,10318100
2015-12-23 00:00:00-05:00,42.63039821657523,42.98955769130832,42.52108997669278,42.973941802978516,13033600
2015-12-24 00:00:00-05:00,42.91927982222006,43.012972156612626,42.716276289539636,42.802162170410156,4999400
2015-12-28 00:00:00-05:00,42.591357869768416,42.77093610900357,42.2946619630892,42.6928596496582,8288800
2015-12-29 00:00:00-05:00,43.028580821356904,43.21596545869659,42.934888502687066,43.16912078857422,7894900
2015-12-30 00:00:00-05:00,43.15351503979115,43.18474681282387,42.77874269867606,42.85681915283203,8016900
2015-12-31 00:00:00-05:00,42.560126928862395,42.903670504938084,42.3337040009524,42.44301223754883,10929800
2016-01-04 00:00:00-05:00,41.45142257007607,41.59196257179276,40.83460844903345,41.310882568359375,25985400
2016-01-05 00:00:00-05:00,41.32649315241429,41.59195723510331,41.02979730036762,41.29526138305664,14759600
2016-01-06 00:00:00-05:00,40.694060366342605,41.0844485206049,40.467637500473664,40.506675720214844,20026400
2016-01-07 00:00:00-05:00,39.82740253755336,39.96794252671254,39.155937340757404,39.351131439208984,30425600
2016-01-08 00:00:00-05:00,39.66344702385062,39.71029468776063,38.617206357269126,38.69528579711914,22981400
2016-01-11 00:00:00-05:00,39.179362712421664,39.296480371929135,38.757742712305735,39.109092712402344,19046400
2016-01-12 00:00:00-05:00,39.725905165274554,40.22560159855431,39.39017106570991,40.100677490234375,28961500
2016-01-13 00:00:00-05:00,40.389559412866404,40.44421351798923,38.64842854492042,38.828006744384766,22013500
2016-01-14 00:00:00-05:00,39.10128411408236,39.81959698295409,38.72650881558117,39.538516998291016,24569800
2016-01-15 00:00:00-05:00,37.93793729305741,38.75775217447884,37.57878075124254,38.117515563964844,41090400
2016-01-19 00:00:00-05:00,38.45323585400874,38.67966171396105,37.46945894774333,37.64122772216797,29918500
2016-01-20 00:00:00-05:00,36.91511231042388,37.67246647556789,36.60280349457322,37.375770568847656,40241100
2016-01-21 00:00:00-05:00,37.50069279106219,38.2970851455385,37.40700044889612,37.485076904296875,24272900
2016-01-22 00:00:00-05:00,38.28147665221062,38.46886435115949,37.91451366684318,38.2736701965332,18298700
2016-01-25 00:00:00-05:00,38.187781774465556,38.24243589588379,37.18057928817019,37.21181106567383,23440800
2016-01-26 00:00:00-05:00,37.28206891054029,37.91449879570611,37.21179892329964,37.68026351928711,18895100
2016-01-27 00:00:00-05:00,37.71149609455256,38.492272423542985,37.57876554826834,37.922306060791016,20441500
2016-01-28 00:00:00-05:00,38.3361156884008,38.5703509645001,37.94572753280232,38.19557571411133,21306600
2016-01-29 00:00:00-05:00,38.48447403180064,39.234018749810616,38.39077870822993,39.21840286254883,25358300
2016-02-01 00:00:00-05:00,39.132510044306585,39.179357697798636,38.69527719208248,38.99197006225586,17385400
2016-02-02 00:00:00-05:00,38.46103621836299,38.50788386493079,38.0862639810956,38.12530517578125,25593200
2016-02-03 00:00:00-05:00,38.12137738308521,38.168584597475295,36.594946752984484,37.452579498291016,47149700
2016-02-04 00:00:00-05:00,37.29522852017966,38.24727896135904,37.27162190492251,37.96402359008789,30851700
2016-02-05 00:00:00-05:00,38.042697527918136,38.28661249895297,37.45258327670032,37.65715789794922,23733700
2016-02-08 00:00:00-05:00,37.06704195854705,37.248009960501335,36.24088264476403,36.58708190917969,31172100
2016-02-09 00:00:00-05:00,35.88681289625843,36.791652890558595,35.69010815817455,36.5477409362793,29896200
2016-02-10 00:00:00-05:00,36.88607060649471,37.15358915062516,36.2802196976853,36.32742691040039,19885500
2016-02-11 00:00:00-05:00,35.35177355908125,35.823863700386674,35.013441190604524,35.53274154663086,32570900
2016-02-12 00:00:00-05:00,36.16219976725931,37.28735115396765,36.13859615822282,37.22440719604492,28533900
2016-02-16 00:00:00-05:00,37.80665252330037,38.08990784483719,37.42897976174338,37.95615005493164,20410600
2016-02-17 00:00:00-05:00,38.27873690706733,38.52264882104602,37.759436604386885,37.869590759277344,18060500
2016-02-18 00:00:00-05:00,37.838129769895744,37.87747012369674,37.358169649684434,37.554874420166016,17162800
2016-02-19 00:00:00-05:00,37.29522684798462,37.90107491867866,37.248016621063904,37.838130950927734,18234900
2016-02-22 00:00:00-05:00,37.83812131452229,38.82164494715026,37.83812131452229,38.70362091064453,17572800
2016-02-23 00:00:00-05:00,38.451840161889336,38.491180507984865,37.75157179637045,37.84598922729492,15224700
2016-02-24 00:00:00-05:00,37.24800775041496,37.515526302969164,36.6342899539866,37.46044921875,18595700
2016-02-25 00:00:00-05:00,37.53912894068657,37.89319804543508,37.53912894068657,37.57060241699219,16646200
2016-02-26 00:00:00-05:00,37.86959791410325,38.192193572149606,37.63355282310185,37.8223876953125,20325600
2016-02-29 00:00:00-05:00,37.790903156962045,37.790903156962045,36.90966700775351,36.91753387451172,24018100
2016-03-01 00:00:00-05:00,37.090641265830314,38.33381652832031,37.090641265830314,38.33381652832031,24758500
2016-03-02 00:00:00-05:00,38.42824314144091,39.002620697021484,38.24727511720127,39.002620697021484,18667700
2016-03-03 00:00:00-05:00,39.04982659758321,39.175717513614174,38.60920689073675,39.15998077392578,14268100
2016-03-04 00:00:00-05:00,39.34881416828493,39.726489903658845,39.08916547687596,39.42749786376953,18685600
2016-03-07 00:00:00-05:00,39.15998151449069,39.46684044052699,38.90032980693612,39.396026611328125,14386100
2016-03-08 00:00:00-05:00,39.034087391406906,39.07342773740396,38.49118041162921,38.593467712402344,18098200
2016-03-09 00:00:00-05:00,38.85311637765378,38.94753380100056,38.16858180433121,38.388893127441406,17920100
2016-03-10 00:00:00-05:00,38.50691527804081,38.65641278762714,37.735833128381365,38.168582916259766,18542700
2016-03-11 00:00:00-05:00,38.64854797011269,39.443236831286114,38.45971309323323,39.396026611328125,18318400
2016-03-14 00:00:00-04:00,39.31734244844742,39.39602313996824,38.900326379254295,39.24652862548828,12803900
2016-03-15 00:00:00-04:00,38.790173447749666,39.33308044157775,38.71149275371932,39.32521057128906,12945600
2016-03-16 00:00:00-04:00,39.14425045666253,39.56913349353146,38.77444451700142,38.97901916503906,16629700
2016-03-17 00:00:00-04:00,38.89246441567672,39.285873925848264,38.42824107361525,39.128509521484375,16002800
2016-03-18 00:00:00-04:00,39.68715491099604,39.891729560851495,39.285878484705286,39.765838623046875,35812100
2016-03-21 00:00:00-04:00,39.73436809729488,39.93107288985575,39.47471633040561,39.868125915527344,13543200
2016-03-22 00:00:00-04:00,39.506170120226614,39.7972952291283,39.340938897212425,39.63206100463867,13907000
2016-03-23 00:00:00-04:00,39.48258043213325,39.60060449101006,39.10490764579454,39.15211486816406,13648100
2016-03-24 00:00:00-04:00,38.5698698678909,38.61708009102672,38.17646034618839,38.4754524230957,20871100
2016-03-28 00:00:00-04:00,38.58560712992297,38.58560712992297,38.200064472799234,38.31808853149414,18478100
2016-03-29 00:00:00-04:00,38.25513479569525,38.278741404141996,37.6414170026471,37.80664825439453,24459500
2016-03-30 00:00:00-04:00,38.082039003180626,38.68002009430733,37.88533426246477,38.278743743896484,16794200
2016-03-31 00:00:00-04:00,38.23939867401996,38.42823653726007,37.97974998872532,38.05056381225586,16397600
2016-04-01 00:00:00-04:00,37.94826732558986,38.223655684426895,37.59419829364241,38.121368408203125,14321400
2016-04-04 00:00:00-04:00,38.09776624879012,38.29447095598498,37.92466814746209,38.16071319580078,12110200
2016-04-05 00:00:00-04:00,37.83025297869145,37.83811984679791,37.34242311476802,37.38176345825195,18297700
2016-04-06 00:00:00-04:00,37.28736168685438,37.869609219862326,37.153603862562214,37.83026885986328,17214400
2016-04-07 00:00:00-04:00,37.5391290060134,37.594206088906134,36.681496284786036,36.925411224365234,17593100
2016-04-08 00:00:00-04:00,37.25587658581211,37.49192467518564,36.95688754183094,37.03556823730469,12236500
2016-04-11 00:00:00-04:00,37.06703248265126,37.53912254084796,36.980481938304266,37.004085540771484,15113500
2016-04-12 00:00:00-04:00,37.090648840005805,37.633555895252094,36.941154303845636,37.58634567260742,18772600
2016-04-13 00:00:00-04:00,37.99548023084668,38.75082555170343,37.97974349481106,38.57772445678711,26311900
2016-04-14 00:00:00-04:00,38.00335056310539,38.79016942777207,37.90106327028551,38.388893127441406,30067900
2016-04-15 00:00:00-04:00,38.255145832126864,38.50692771737303,37.81452903368449,37.96402359008789,24885200
2016-04-18 00:00:00-04:00,37.96401837974874,38.459715211441754,37.696499788205436,38.42824172973633,18225800
2016-04-19 00:00:00-04:00,38.56199400305798,39.277999101211016,38.53839039589693,39.24652862548828,18673400
2016-04-20 00:00:00-04:00,39.325220439714506,39.750103497642804,39.15211926763775,39.69502639770508,22647700
2016-04-21 00:00:00-04:00,39.77370434426123,39.95467237453405,39.28587734954857,39.38029479980469,20255400
2016-04-22 00:00:00-04:00,39.380286947400755,39.92319393144052,39.380286947400755,39.828773498535156,16365700
2016-04-25 00:00:00-04:00,39.5848756497923,39.81305094022776,39.435378078515825,39.74223709106445,11689100
2016-04-26 00:00:00-04:00,39.74222747174546,40.119903243520795,39.69502025138082,40.064823150634766,13333500
2016-04-27 00:00:00-04:00,40.025475029023916,40.45035793867427,39.90745399954934,40.07268524169922,15342700
2016-04-28 00:00:00-04:00,39.74222439667591,40.07268992104034,39.49831243972773,39.663543701171875,15506300
2016-04-29 00:00:00-04:00,39.702883305291685,39.702883305291685,39.08916548772194,39.32521057128906,17887000
2016-05-02 00:00:00-04:00,39.56125700437645,39.89172253382419,39.45897269894308,39.805171966552734,14780300
2016-05-03 00:00:00-04:00,39.23079583240906,39.44323732265213,38.97901399244903,39.34095001220703,16246400
2016-05-04 00:00:00-04:00,38.896958565999086,39.063455212125916,38.595676760296556,38.801815032958984,22402500
2016-05-05 00:00:00-04:00,38.82559905409017,39.00002280057993,38.66702953726695,38.81766891479492,15953600
2016-05-06 00:00:00-04:00,38.61946288427538,38.94452907576168,38.571894140058404,38.8652458190918,14189600
2016-05-09 00:00:00-04:00,38.86523969499194,39.023809207807844,38.69874306754309,38.754241943359375,13877000
2016-05-10 00:00:00-04:00,38.84937259042802,39.253721872341,38.84937259042802,39.16651153564453,14234400
2016-05-11 00:00:00-04:00,39.13481061801283,39.420235162872395,38.91281509399414,38.91281509399414,17344300
2016-05-12 00:00:00-04:00,39.11895522579156,39.30923927291403,38.88902955098676,39.007957458496094,13589600
2016-05-13 00:00:00-04:00,38.928662245756854,39.19030237245421,38.22303115175968,38.24681854248047,25251700
2016-05-16 00:00:00-04:00,38.15168290455559,38.55603536120575,38.0089706286158,38.27061080932617,19655300
2016-05-17 00:00:00-04:00,38.16753232572769,38.19131669201483,37.69975396715703,37.755252838134766,21495600
2016-05-18 00:00:00-04:00,37.80282406191389,38.6273830254683,37.75525230554904,38.57188415527344,30028200
2016-05-19 00:00:00-04:00,38.405379700054105,38.81765913008704,38.183384247136836,38.357810974121094,13604100
2016-05-20 00:00:00-04:00,38.54810199738892,39.015880412857335,38.50053325902868,38.65117263793945,13222800
2016-05-23 00:00:00-04:00,38.659099041439966,38.75424256533362,38.33403289595816,38.61153030395508,10644000
2016-05-24 00:00:00-04:00,38.88902955098676,39.142739597508495,38.60360499253423,39.007957458496094,16597700
2016-05-25 00:00:00-04:00,39.30923121979594,40.300286831132524,39.25372932305633,40.03864669799805,22478600
2016-05-26 00:00:00-04:00,40.054512289581,40.16551005724522,39.95937177793486,40.07829666137695,14983300
2016-05-27 00:00:00-04:00,40.11792810796144,40.324069359419084,40.03071775868797,40.316139221191406,13430500
2016-05-31 00:00:00-04:00,40.450922636675394,40.58570473621842,40.0307160622631,40.213069915771484,19725000
2016-06-01 00:00:00-04:00,39.848382566007785,40.46680363258073,39.77702640542103,40.435089111328125,16774300
2016-06-02 00:00:00-04:00,40.40336517606493,40.52229309082031,40.2051540011143,40.52229309082031,14206700
2016-06-03 00:00:00-04:00,39.77700087333146,39.888001626466334,39.33300995863704,39.7928581237793,25452600
2016-06-06 00:00:00-04:00,39.83251622557289,40.33200617343237,39.79287157382271,40.03072738647461,14528500
2016-06-07 00:00:00-04:00,40.22100816196808,40.22100816196808,39.856300354003906,39.856300354003906,15310100
2016-06-08 00:00:00-04:00,39.84044214248657,39.99108153143286,39.43609271717694,39.64223098754883,18168500
2016-06-09 00:00:00-04:00,39.36473296685267,39.38851733543396,38.730454909707014,38.96038055419922,19464400
2016-06-10 00:00:00-04:00,38.44503109510815,38.61945482828971,38.191318072871645,38.32610321044922,16815300
2016-06-13 00:00:00-04:00,38.15960799427333,38.46088673741752,38.02482285174095,38.032752990722656,16150100
2016-06-14 00:00:00-04:00,37.94553578040036,38.15167400619989,36.8751939604945,37.168548583984375,25311700
2016-06-15 00:00:00-04:00,37.47775904312513,37.7076846688744,37.05755243531292,37.089263916015625,20142000
2016-06-16 00:00:00-04:00,36.84349277897138,37.15270171632587,36.43914030361367,37.144771575927734,15619300
2016-06-17 00:00:00-04:00,37.14476723562777,37.26369513200409,36.883130097846724,36.946556091308594,25661300
2016-06-20 00:00:00-04:00,37.65218876659903,37.97725490901691,37.200264593518654,37.208194732666016,19490100
2016-06-21 00:00:00-04:00,37.49362813873977,37.53326977048593,37.08134851476193,37.4460563659668,11731600
2016-06-22 00:00:00-04:00,37.38261473052669,37.72353806503756,37.20818799441563,37.23990249633789,17072100
2016-06-23 00:00:00-04:00,37.7711191094334,37.98518753051758,37.5729079444809,37.98518753051758,16270000
2016-06-24 00:00:00-04:00,36.28055882136421,37.2399028547467,35.89999386801853,36.24091720581055,46744100
2016-06-27 00:00:00-04:00,35.83657839162384,35.939649041842195,35.28158653782182,35.685935974121094,35030100
2016-06-28 00:00:00-04:00,36.38362852625579,36.558055259658424,35.947564717210525,36.55012512207031,27525700
2016-06-29 00:00:00-04:00,36.970335278921425,37.255759747299024,36.58977032923841,37.23990249633789,20856400
2016-06-30 00:00:00-04:00,37.45398108264444,37.54912158994883,36.89105910530983,37.52533721923828,22538800
2016-07-01 00:00:00-04:00,37.327124048961,37.48569054441779,37.15269727460409,37.287479400634766,19013600
2016-07-05 00:00:00-04:00,37.025843359122064,37.073412099381805,36.32021215028944,36.63734817504883,22213000
2016-07-06 00:00:00-04:00,36.3836386431198,36.99412935532124,36.232999256133276,36.986202239990234,19024100
2016-07-07 00:00:00-04:00,36.930701677746285,37.43812172076759,36.8197008969311,37.105125427246094,17946200
2016-07-08 00:00:00-04:00,37.620481661436706,37.993116614213704,37.620481661436706,37.89004898071289,19775700
2016-07-11 00:00:00-04:00,38.13582264419544,38.413320058641744,38.008967633850915,38.11996841430664,16008700
2016-07-12 00:00:00-04:00,38.38954048476086,38.55604017712911,38.230973957877005,38.334041595458984,15067900
2016-07-13 00:00:00-04:00,38.30232532052663,38.42918034086619,38.040685139816254,38.27061080932617,14389600
2016-07-14 00:00:00-04:00,38.889028426014626,38.968314703548046,38.587746620312096,38.801815032958984,17578400
2016-07-15 00:00:00-04:00,38.73046062765025,38.7542480242053,37.58876540026619,37.82661819458008,35121000
2016-07-18 00:00:00-04:00,37.90590283095688,38.31818240129495,37.882115435433946,38.27853775024414,24139200
2016-07-19 00:00:00-04:00,38.11996524011388,38.4926001007123,38.09617784833738,38.34988784790039,15982900
2016-07-20 00:00:00-04:00,38.52433057608972,38.60361384964493,38.3736911465496,38.54018783569336,16569900
2016-07-21 00:00:00-04:00,38.57188520033717,38.69874019628549,38.28646070333802,38.29438781738281,15532000
2016-07-22 00:00:00-04:00,38.31024932861328,38.34196383724126,38.135822555621424,38.31024932861328,13588500
2016-07-25 00:00:00-04:00,38.246823519015436,38.262677748943354,37.9376115951046,38.15167999267578,12122200
2016-07-26 00:00:00-04:00,38.080321726765504,38.191319476814606,37.89796784819028,38.032752990722656,16130100
2016-07-27 00:00:00-04:00,38.01688838492282,38.23095672910131,37.882103268457286,38.0565299987793,17886800
2016-07-28 00:00:00-04:00,38.00896834138505,38.23096688196698,37.802830079911196,38.159610748291016,12562600
2016-07-29 00:00:00-04:00,38.01689573722109,38.191319476814606,38.01689573722109,38.032752990722656,13111700
2016-08-01 00:00:00-04:00,38.04068116969355,38.09618004627107,37.76318678680596,37.90589904785156,16026600
2016-08-02 00:00:00-04:00,37.78696911808701,37.92175425712356,37.57290073806079,37.81868362426758,17033100
2016-08-03 00:00:00-04:00,37.82668078985766,38.07443439731404,37.82668078985766,38.018489837646484,14913500
2016-08-04 00:00:00-04:00,38.04245613766311,38.362141872769165,38.01848077459234,38.23426818847656,14662600
2016-08-05 00:00:00-04:00,38.67384468940554,38.92160135639,38.4660510371363,38.905616760253906,19064700
2016-08-08 00:00:00-04:00,38.98554103001969,39.20132852874217,38.953574882940686,39.089439392089844,14871600
2016-08-09 00:00:00-04:00,39.1773406728625,39.281239001826705,39.00950702136216,39.105411529541016,10449800
2016-08-10 00:00:00-04:00,39.01750299162519,39.10541673948062,38.4260882221883,38.50600814819336,16782700
2016-08-11 00:00:00-04:00,38.54596507160227,38.76175251329945,38.29820844252414,38.553958892822266,14614100
2016-08-12 00:00:00-04:00,38.4021140942908,38.426092513770136,38.22628962769292,38.28223419189453,13227500
2016-08-15 00:00:00-04:00,38.40211437788481,38.633886459146005,38.386129781030576,38.57794189453125,11758900
2016-08-16 00:00:00-04:00,38.49001651734417,38.84166839573486,38.410096605948304,38.71379470825195,13957600
2016-08-17 00:00:00-04:00,38.65786590582698,38.88963801152436,38.609915158958856,38.84967803955078,13062900
2016-08-18 00:00:00-04:00,38.76175308807337,38.88962679074383,38.62588861281393,38.785728454589844,12189200
2016-08-19 00:00:00-04:00,38.713800854665486,38.945572902759764,38.52199181736309,38.88163757324219,12557700
2016-08-22 00:00:00-04:00,38.87364476481606,38.9535677397333,38.761755648681685,38.86565399169922,9212600
2016-08-23 00:00:00-04:00,38.87363757110627,38.9615513028716,38.67383474391206,38.6898193359375,15430200
2016-08-24 00:00:00-04:00,38.761755648681685,38.9775431078336,38.64187271068071,38.86565399169922,16315800
2016-08-25 00:00:00-04:00,38.857656804007796,38.913601357229105,38.60190940392482,38.66584777832031,13643200
2016-08-26 00:00:00-04:00,38.825696297831016,39.03348994726108,38.585930407815646,38.76974868774414,15527300
2016-08-29 00:00:00-04:00,38.96155491859247,39.760766301537956,38.91360113806593,39.608917236328125,21201400
2016-08-30 00:00:00-04:00,39.74478745913122,40.47206980089996,39.7048274939516,40.456085205078125,25055800
2016-08-31 00:00:00-04:00,40.52002894213786,40.69585342190925,40.152392335910946,40.59994888305664,24533600
2016-09-01 00:00:00-04:00,40.695837749570046,40.75977611668208,40.048478550681025,40.30422592163086,17017100
2016-09-02 00:00:00-04:00,40.32021892816044,40.48805260373237,40.10443146724663,40.40013885498047,12684000
2016-09-06 00:00:00-04:00,40.40814133005973,40.41613210495299,39.664874266218355,39.95259094238281,21832200
2016-09-07 00:00:00-04:00,39.79272943360589,39.984538429027026,39.68084034481873,39.7767448425293,12437300
2016-09-08 00:00:00-04:00,39.808720419625395,39.95257871367539,39.60891757219478,39.88064956665039,14169200
2016-09-09 00:00:00-04:00,39.552977123133985,39.8486845143663,38.937583923339844,38.937583923339844,32147200
2016-09-12 00:00:00-04:00,38.657864132475076,38.87365162973412,38.34617209712878,38.793731689453125,35588400
2016-09-13 00:00:00-04:00,38.20229766416464,38.250251437371915,37.179308225734815,37.53096008300781,59000500
2016-09-14 00:00:00-04:00,37.62687698938653,38.02648271927169,37.16333287931985,37.179317474365234,44841700
2016-09-15 00:00:00-04:00,36.859627542773815,37.04344579208385,36.11636072453141,36.88360595703125,60827800
2016-09-16 00:00:00-04:00,36.523965414444696,36.659829903272296,36.164319637033614,36.30817794799805,51871400
2016-09-19 00:00:00-04:00,36.46002887959893,36.995502186151846,36.348139754013246,36.77172088623047,33562400
2016-09-20 00:00:00-04:00,37.6828194949798,37.72277945604163,36.859629663108024,37.21128463745117,51510400
2016-09-21 00:00:00-04:00,37.171333600276355,37.195312023636426,36.22826663021317,36.627872467041016,64530200
2016-09-22 00:00:00-04:00,36.62785743088097,36.85962640404683,36.26021789486919,36.53994369506836,36964400
2016-09-23 00:00:00-04:00,36.36411521753073,36.691791738200266,36.308170668788314,36.55592727661133,28710500
2016-09-26 00:00:00-04:00,36.2602299941774,36.36412835742013,35.68479970650692,35.86861801147461,30938000
2016-09-27 00:00:00-04:00,35.79667520570686,36.04442875990908,35.69277688204993,36.03643798828125,24359000
2016-09-28 00:00:00-04:00,36.25223260761732,36.348137129945734,35.932546801522896,36.21227264404297,28220300
2016-09-29 00:00:00-04:00,36.11637087249734,36.172315440234925,35.33314387542092,35.46101760864258,45266700
2016-09-30 00:00:00-04:00,35.429039237863144,35.748721936242426,35.24521795157725,35.389076232910156,54117700
2016-10-03 00:00:00-04:00,35.261203173723416,35.29317235875722,34.813646778247325,35.02943420410156,38197700
2016-10-04 00:00:00-04:00,34.86161294901444,35.23724341767408,34.80566837479926,34.965511322021484,44008300
2016-10-05 00:00:00-04:00,35.02944989923459,36.028464513535134,35.02944989923459,35.95653533935547,40459000
2016-10-06 00:00:00-04:00,36.108367919921875,36.276201566530254,35.82864517557457,36.108367919921875,29878200
2016-10-07 00:00:00-04:00,36.124361687956934,36.32416457002667,35.908574209471624,36.2282600402832,24893600
2016-10-10 00:00:00-04:00,36.52396875715427,36.69979322650809,36.31617204507684,36.4840087890625,21804900
2016-10-11 00:00:00-04:00,36.603884321524646,36.61986891660225,36.08439870087651,36.324161529541016,25442600
2016-10-12 00:00:00-04:00,36.3721135201629,36.62786400147326,36.22026443481445,36.22026443481445,21780500
2016-10-13 00:00:00-04:00,36.156320536222026,36.156320536222026,35.38907537153823,35.764705657958984,44174600
2016-10-14 00:00:00-04:00,36.100371127842216,36.38009689791373,35.421042776773845,35.73273468017578,45418600
2016-10-17 00:00:00-04:00,35.59688007959761,35.772704532189465,35.42105257825591,35.564910888671875,18861300
2016-10-18 00:00:00-04:00,35.76471382599872,35.96451669653502,35.492981800119345,35.924556732177734,23877600
2016-10-19 00:00:00-04:00,35.852627115989264,36.38809733874376,35.852627115989264,36.17230987548828,26977000
2016-10-20 00:00:00-04:00,35.94053088824285,36.19627824434395,35.69277430319223,35.90856170654297,27210600
2016-10-21 00:00:00-04:00,35.75671525006933,36.20427163120841,35.69277688204993,36.03643798828125,21490800
2016-10-24 00:00:00-04:00,36.3241595096556,36.50797776970176,36.19628580489525,36.380104064941406,19303800
2016-10-25 00:00:00-04:00,36.34014085867581,36.60387901736432,36.29218708039184,36.53994369506836,20402000
2016-10-26 00:00:00-04:00,36.33214816035173,36.89958750153697,36.31616356709659,36.88360595703125,25181900
2016-10-27 00:00:00-04:00,37.09939473438011,37.411089766616755,36.97152102195602,37.09140396118164,25661000
2016-10-28 00:00:00-04:00,37.219276106453776,37.27522066273686,36.66782131648499,36.94754409790039,20882000
2016-10-31 00:00:00-04:00,37.08341594161203,37.21128966353138,36.763730112438644,36.77172088623047,20115900
2016-11-01 00:00:00-04:00,36.859632601982064,36.98750631682524,36.44404226655427,36.7557373046875,20020200
2016-11-02 00:00:00-04:00,36.57038663170577,36.67514753313059,36.32056578968782,36.45756530761719,19566600
2016-11-03 00:00:00-04:00,36.53009725276292,36.90079680302096,36.46562616185675,36.53815460205078,14982700
2016-11-04 00:00:00-04:00,36.554269817369146,36.60262005801528,35.853163660644775,35.94180679321289,27391600
2016-11-07 00:00:00-05:00,36.441445217981425,36.82020205701739,36.43338479583048,36.58650207519531,25769400
2016-11-08 00:00:00-05:00,36.4092156144876,36.92497204683497,36.15939474762836,36.6993293762207,19462600
2016-11-09 00:00:00-05:00,37.33596922546407,39.173352365839094,37.070030574014545,38.67371368408203,67615000
2016-11-10 00:00:00-05:00,39.43123566624147,41.84884666687356,39.318414311409526,41.607086181640625,100988800
2016-11-11 00:00:00-05:00,41.17190760877669,41.89719200025398,40.88179385218577,41.68766403198242,46594900
2016-11-14 00:00:00-05:00,41.83272142048252,43.56534355783721,41.83272142048252,42.88841247558594,59154400
2016-11-15 00:00:00-05:00,42.21147101200725,42.38070297241211,41.53454009623778,42.38070297241211,39437900
2016-11-16 00:00:00-05:00,41.73600794704235,42.0422363329884,41.38948360186385,41.647361755371094,26996200
2016-11-17 00:00:00-05:00,41.41366238629259,42.6305279129543,41.06713801042075,42.30012130737305,29205900
2016-11-18 00:00:00-05:00,42.26788803157228,42.694998207631976,41.897188517477055,42.56605911254883,29673400
2016-11-21 00:00:00-05:00,42.59023412223501,42.6949980973916,41.92136352889029,42.001949310302734,23587200
2016-11-22 00:00:00-05:00,42.251774421995464,42.37265618048298,41.75213576360531,42.082542419433594,22816900
2016-11-23 00:00:00-05:00,42.26788656459645,42.41294342579938,41.86495152217733,42.034183502197266,19986800
2016-11-25 00:00:00-05:00,42.22758360830998,42.40487289428711,41.937469955065986,42.40487289428711,9635500
2016-11-28 00:00:00-05:00,42.00195145064254,42.2920651971518,41.41366660873237,41.5667839050293,26518500
2016-11-29 00:00:00-05:00,41.5506666293931,42.01001237546916,41.5506666293931,41.79242706298828,16267300
2016-11-30 00:00:00-05:00,42.292070417814735,42.840062434611234,42.14701352665383,42.64665222167969,26567200
2016-12-01 00:00:00-05:00,42.81588667046056,43.89575291397988,42.759475999647314,43.79098892211914,35623100
2016-12-02 00:00:00-05:00,43.710405915568174,43.73458104055823,42.9609462993644,43.178531646728516,21894700
2016-12-05 00:00:00-05:00,43.43639507094871,43.944090967393855,43.41221688005837,43.799034118652344,24793900
2016-12-06 00:00:00-05:00,43.87964185336328,44.782215798609265,43.69429203888473,44.76609802246094,30706700
2016-12-07 00:00:00-05:00,44.76608521399546,46.16830059618349,44.508207017709246,46.160240173339844,46617000
2016-12-08 00:00:00-05:00,46.16829299926758,46.756577729878636,45.7008869240656,46.16829299926758,39828600
2016-12-09 00:00:00-05:00,45.86207073360109,46.128009362288964,45.52360674161728,46.047420501708984,20331200
2016-12-12 00:00:00-05:00,45.53165484142403,46.01517561008001,44.76607772926033,44.9514274597168,27886200
2016-12-13 00:00:00-05:00,45.007851356064236,45.29796513227684,44.556565992312166,44.999794006347656,24355600
2016-12-14 00:00:00-05:00,44.11332455713626,44.822487934175136,43.54115452850597,44.08108901977539,54590600
2016-12-15 00:00:00-05:00,44.4598534504787,45.330194663612325,44.24227122134586,44.47597122192383,31345900
2016-12-16 00:00:00-05:00,44.71772544316981,44.84666451383306,44.25837673764767,44.59684371948242,33171800
2016-12-19 00:00:00-05:00,44.46792085463672,44.701623966056104,44.04081060381244,44.50015640258789,16801400
2016-12-20 00:00:00-05:00,44.701608933747714,45.38659718953059,44.44373078516004,45.20930480957031,19245300
2016-12-21 00:00:00-05:00,45.201254850253164,45.201254850253164,44.83861268385809,44.895023345947266,14058400
2016-12-22 00:00:00-05:00,44.93530725535645,45.15289251170342,44.725782420068576,44.927249908447266,14515500
2016-12-23 00:00:00-05:00,44.95142828983388,45.11260290707897,44.822489210867836,45.09648513793945,8313000
2016-12-27 00:00:00-05:00,45.048131799620734,45.209303331606556,44.99977849553503,45.08842468261719,8893900
2016-12-28 00:00:00-05:00,45.112600682309,45.1931895240323,44.540433739748494,44.580726623535156,10609100
2016-12-29 00:00:00-05:00,44.47596962559067,44.693554921064504,43.90380259350234,44.19391632080078,15933500
2016-12-30 00:00:00-05:00,44.234218026812265,44.61297803228916,44.15363223056875,44.4115104675293,15095500
2017-01-03 00:00:00-05:00,44.86278075819116,45.41077259598543,44.69354879850029,45.128719329833984,22063800
2017-01-04 00:00:00-05:00,45.25768310416033,45.37856489799603,44.814454983682275,45.169036865234375,15036100
2017-01-05 00:00:00-05:00,44.71773926757841,44.983674838094274,43.903808634644626,44.467918395996094,18831600
2017-01-06 00:00:00-05:00,44.53238042676093,44.78220126475459,44.08109513767621,44.3550910949707,18715900
2017-01-09 00:00:00-05:00,44.0649852434962,44.16974923611078,43.66205012098739,43.71040344238281,21794100
2017-01-10 00:00:00-05:00,43.79903535672356,44.467908964177646,43.72650693030264,44.01662063598633,17978200
2017-01-11 00:00:00-05:00,44.00051129023892,44.161685943603516,43.29134773407602,44.161685943603516,21100600
2017-01-12 00:00:00-05:00,44.04080362358224,44.14556452659292,43.436401028972156,43.919921875,20566600
2017-01-13 00:00:00-05:00,44.41149917196227,45.289897653870526,44.04079968488364,44.57267379760742,37231600
2017-01-17 00:00:00-05:00,44.161675111210876,44.290614187444994,43.17851580773201,43.33968734741211,26974400
2017-01-18 00:00:00-05:00,43.33969563853909,43.75069113613925,42.985113879599304,43.73457336425781,21186700
2017-01-19 00:00:00-05:00,43.71039430976429,44.13750446665718,43.4041628198777,43.98439025878906,20906900
2017-01-20 00:00:00-05:00,44.121394238262376,44.411508007309614,44.01663024962845,44.3792724609375,24160800
2017-01-23 00:00:00-05:00,44.089163498949226,44.32286662440146,43.637878097139385,43.71846389770508,17227400
2017-01-24 00:00:00-05:00,43.807093100508084,44.37926005498833,43.621743371908146,44.08108901977539,18523300
2017-01-25 00:00:00-05:00,44.62908735259008,45.79759962168436,44.548498497460876,45.62836456298828,32252100
2017-01-26 00:00:00-05:00,45.62031651464669,46.2005440932594,45.6041987403351,46.07966232299805,23769800
2017-01-27 00:00:00-05:00,45.95876873292799,46.023239813593484,45.459130154371714,45.60418701171875,17186200
2017-01-30 00:00:00-05:00,45.22543162712507,45.38660627077874,44.927260534563686,45.193199157714844,15961400
2017-01-31 00:00:00-05:00,45.112615963450374,45.43496529123403,44.96755907336283,45.39467239379883,22409100
2017-02-01 00:00:00-05:00,45.873352670429966,46.30336364538391,45.24861793425339,45.362205505371094,21157700
2017-02-02 00:00:00-05:00,45.08634550574668,45.40276888752254,44.94841863472806,45.23238754272461,13044400
2017-02-03 00:00:00-05:00,46.14920998535317,46.48186063051623,45.78410486382561,46.465633392333984,19879800
2017-02-06 00:00:00-05:00,46.31147999281337,46.57922168941384,45.8327872915902,45.881465911865234,13940200
2017-02-07 00:00:00-05:00,46.13297750349478,46.400719165496156,45.65428486413099,45.71107864379883,14937400
2017-02-08 00:00:00-05:00,45.60561405465222,45.60561405465222,44.76181613359645,45.13503646850586,18592200
2017-02-09 00:00:00-05:00,45.13503133678022,46.0599622587245,45.13503133678022,46.02750778198242,15907800
2017-02-10 00:00:00-05:00,46.2627989757852,46.27902621446489,45.97071486960932,46.13298416137695,12268100
2017-02-13 00:00:00-05:00,46.30336630883819,46.66035628074702,46.157324253277906,46.31148147583008,15325300
2017-02-14 00:00:00-05:00,46.352046402961676,47.05791425010506,46.23845882928679,47.04168701171875,16382900
2017-02-15 00:00:00-05:00,47.1390414951334,47.87736372739355,46.968660155772334,47.504146575927734,25350400
2017-02-16 00:00:00-05:00,47.349989537466804,47.349989537466804,46.6603459620479,47.15526580810547,14694500
2017-02-17 00:00:00-05:00,46.717151919241175,47.13904774069158,46.611676416363935,47.13093566894531,15783200
2017-02-21 00:00:00-05:00,47.26074981689453,47.569061154411216,46.97678088433261,47.26074981689453,16916800
2017-02-22 00:00:00-05:00,47.05791816363247,47.53661090323612,47.05791816363247,47.35000228881836,12344200
2017-02-23 00:00:00-05:00,47.40679313733033,47.53660795212845,47.10659695842769,47.455474853515625,13841400
2017-02-24 00:00:00-05:00,46.81451835609405,46.984899740233,46.50620697405951,46.90376663208008,16379100
2017-02-27 00:00:00-05:00,46.90376585304484,47.26075585602994,46.822629651209844,47.10660171508789,10101000
2017-02-28 00:00:00-05:00,47.04980047595683,47.31754216206965,46.83884947959725,46.96055221557617,15558900
2017-03-01 00:00:00-05:00,47.95851196302273,48.67249506769024,47.942284722572374,48.461544036865234,25912700
2017-03-02 00:00:00-05:00,48.502113277156226,48.51022844534575,47.5203883882512,47.633975982666016,17578600
2017-03-03 00:00:00-05:00,47.747555746013056,48.06398225788134,47.601513692852095,47.78001022338867,14740000
2017-03-06 00:00:00-05:00,47.496051201469044,47.77190812670422,47.203967034157685,47.5528450012207,13225500
2017-03-07 00:00:00-05:00,47.40679080665179,47.4798118298251,47.074140166646515,47.30131530761719,13099900
2017-03-08 00:00:00-05:00,47.82869366018797,47.9747357186031,47.19584370871263,47.22829818725586,14711300
2017-03-09 00:00:00-05:00,47.423022456425315,47.763785199583054,47.22018660596587,47.625858306884766,15721500
2017-03-10 00:00:00-05:00,47.85302645774877,48.01529573334715,47.479809290392794,47.74755096435547,15120200
2017-03-13 00:00:00-04:00,47.73133381573193,47.89360002007592,47.47981624695161,47.625858306884766,14063500
2017-03-14 00:00:00-04:00,47.45546247179729,47.71509203365296,47.26073875289129,47.674522399902344,10885000
2017-03-15 00:00:00-04:00,47.788133227968835,48.12078393805359,47.35000699662896,47.633975982666016,17777300
2017-03-16 00:00:00-04:00,47.755677549311855,48.20191584263616,47.6745413445976,48.1288948059082,18468200
2017-03-17 00:00:00-04:00,48.16945387353855,48.201908350379696,47.47981326332515,47.60151290893555,20985700
2017-03-20 00:00:00-04:00,47.439241785574055,47.439241785574055,46.74959815198939,46.757713317871094,17663200
2017-03-21 00:00:00-04:00,47.00112185537332,47.02546116615905,45.13503271608688,45.31352615356445,31766400
2017-03-22 00:00:00-04:00,45.05390211352537,45.086356595287256,44.5021883036922,44.89163589477539,27740900
2017-03-23 00:00:00-04:00,44.810493952603125,45.42711664700451,44.607658110108076,44.82672119140625,19000000
2017-03-24 00:00:00-04:00,45.0295498616378,45.47578802504466,44.802374744636964,45.29729461669922,21127500
2017-03-27 00:00:00-04:00,44.32369555831826,45.09447248992031,44.00727209361516,44.94031524658203,16854800
2017-03-28 00:00:00-04:00,44.90785862680498,45.638068968309796,44.81861344731407,45.40277862548828,14878900
2017-03-29 00:00:00-04:00,45.38655503289965,45.50825779794175,45.070131557826045,45.1674919128418,10329100
2017-03-30 00:00:00-04:00,45.1756056391586,45.784113254885376,45.11881184262648,45.62995910644531,12106500
2017-03-31 00:00:00-04:00,45.45145068216149,45.5812654824896,45.12691213382675,45.159366607666016,11864600
2017-04-03 00:00:00-04:00,45.191823768573514,45.289184100851315,44.45350146748947,45.02144241333008,14550700
2017-04-04 00:00:00-04:00,44.86728497998007,44.891627384201506,44.60765536516512,44.78615188598633,11937400
2017-04-05 00:00:00-04:00,45.264843763295126,45.597494394797785,44.567088025258066,44.6076545715332,17411700
2017-04-06 00:00:00-04:00,44.583324749160916,45.15126580294591,44.38860095256644,44.92408752441406,10387500
2017-04-07 00:00:00-04:00,44.575201240384246,44.875400499587926,44.30745955207433,44.49406814575195,15848800
2017-04-10 00:00:00-04:00,44.615776548991256,44.826724478843396,44.0721748418234,44.25067138671875,14607700
2017-04-11 00:00:00-04:00,43.999153716658064,44.023493029081756,43.220264768804284,43.942359924316406,28086800
2017-04-12 00:00:00-04:00,43.7719768376139,43.82877062773726,43.04176654312859,43.09856033325195,25601300
2017-04-13 00:00:00-04:00,42.02758452377675,42.79836131818112,41.662479400634766,41.662479400634766,47982000
2017-04-17 00:00:00-04:00,41.89776139764932,42.806464894325515,41.589450122069884,42.77401351928711,31959100
2017-04-18 00:00:00-04:00,42.48194112804298,42.73345560246056,42.26287803756255,42.554962158203125,22257500
2017-04-19 00:00:00-04:00,42.90383805547997,43.11478596880146,42.23042157616764,42.31155776977539,17414600
2017-04-20 00:00:00-04:00,42.77402493558502,43.47989282527994,42.538734607343564,43.4068717956543,31552900
2017-04-21 00:00:00-04:00,43.31761738541866,43.68272248178502,42.960627455098766,43.00119400024414,26177300
2017-04-24 00:00:00-04:00,43.934251459107934,44.08840560883087,43.479897988040065,43.52857971191406,23856700
2017-04-25 00:00:00-04:00,44.0802790936281,44.696898585525915,44.04782462167853,44.26688766479492,27061300
2017-04-26 00:00:00-04:00,44.29935001166871,44.68068241393439,44.104629321809746,44.25067138671875,15915500
2017-04-27 00:00:00-04:00,44.250665149711594,44.33991340957998,43.73951799457484,44.16952896118164,13978000
2017-04-28 00:00:00-04:00,44.08029128215639,44.283127145383624,43.59348335339324,43.68273162841797,16501900
2017-05-01 00:00:00-04:00,43.89367638097828,44.42105082513318,43.78820396817084,44.185760498046875,13915800
2017-05-02 00:00:00-04:00,44.18576242674605,44.30746517918008,43.86122691197126,44.25067138671875,15634900
2017-05-03 00:00:00-04:00,44.12811225417485,44.847104794896715,44.07909208970753,44.814422607421875,15737100
2017-05-04 00:00:00-04:00,45.15759023543186,45.42721055527538,44.830774515338085,45.08405685424805,17054100
2017-05-05 00:00:00-04:00,45.141243837024724,45.25562839060219,44.83894135732068,45.026859283447266,13078800
2017-05-08 00:00:00-04:00,45.03501915100641,45.173916878463075,44.73271673253442,44.96965789794922,14242800
2017-05-09 00:00:00-04:00,45.05136529827649,45.23928320742449,44.487611570832456,44.67552947998047,14402900
2017-05-10 00:00:00-04:00,44.47126501386289,44.86344187826931,44.41407274926683,44.70820617675781,15897200
2017-05-11 00:00:00-04:00,44.34871355546986,44.46309809801018,43.35193174422916,43.90751647949219,32200100
2017-05-12 00:00:00-04:00,43.54802111222308,43.564362207334035,42.92707508173291,43.319252014160156,29642300
2017-05-15 00:00:00-04:00,43.351941164602536,43.64607157358716,43.31925896913346,43.564369201660156,15245000
2017-05-16 00:00:00-04:00,43.629718913968155,43.6623979816971,43.26205213050178,43.51533126831055,12650100
2017-05-17 00:00:00-04:00,43.51533501825068,43.51533501825068,42.19990970565014,42.68196105957031,33173100
2017-05-18 00:00:00-04:00,42.73915248881929,43.2702239964901,42.44501904248107,42.79634475708008,19790100
2017-05-19 00:00:00-04:00,42.951583502782434,43.58070161483891,42.80451676922404,43.351932525634766,16895000
2017-05-22 00:00:00-04:00,43.52351205733875,43.56436323770973,42.89439390604071,43.31108093261719,13947000
2017-05-23 00:00:00-04:00,43.31106938608743,43.760441600603535,43.18034377370396,43.621543884277344,11751700
2017-05-24 00:00:00-04:00,43.703257606716456,43.80130105536346,43.13950076431987,43.376441955566406,11304400
2017-05-25 00:00:00-04:00,43.50716155582988,43.50716155582988,42.951576896012114,43.12315368652344,16643800
2017-05-26 00:00:00-04:00,43.00060692480302,43.14767365883541,42.788175812647324,42.820858001708984,14247700
2017-05-30 00:00:00-04:00,42.6165885925293,42.89438089825443,42.404160648972116,42.6165885925293,19379700
2017-05-31 00:00:00-04:00,42.673783806469245,42.690124898142955,41.52993544001071,41.7832145690918,30519700
2017-06-01 00:00:00-04:00,42.10186669242052,42.6574514561993,41.717861868003716,42.551239013671875,21001800
2017-06-02 00:00:00-04:00,42.21625502478607,42.68196848280289,42.10187046612229,42.33064270019531,19477300
2017-06-05 00:00:00-04:00,42.24892323300285,42.63293108147459,42.21624105084687,42.25709533691406,13663800
2017-06-06 00:00:00-04:00,41.930293628126634,42.51038852806175,41.864932358923966,42.33064270019531,14887500
2017-06-07 00:00:00-04:00,42.355147276122075,42.73915520174405,42.240762732339796,42.55940628051758,17022400
2017-06-08 00:00:00-04:00,42.55939730671466,43.32740987927531,42.38782052721883,42.94340515136719,22644200
2017-06-09 00:00:00-04:00,43.18852638405949,44.07909580905213,43.1395030987107,43.956539154052734,25750000
2017-06-12 00:00:00-04:00,44.10359555751625,44.601987933154064,44.070913374942904,44.1934700012207,22791400
2017-06-13 00:00:00-04:00,44.40590058730627,44.68369292216118,44.3487083227842,44.487606048583984,17966000
2017-06-14 00:00:00-04:00,44.19347239399568,44.64284152010375,43.76861334777242,44.5529670715332,16575000
2017-06-15 00:00:00-04:00,44.15263070781522,44.48761537743698,43.964712782587924,44.038246154785156,17232300
2017-06-16 00:00:00-04:00,44.06274199525196,44.31602422132651,43.8339729631487,44.030059814453125,23492700
2017-06-19 00:00:00-04:00,44.37322467826129,44.642844927809094,44.217985849155234,44.31603240966797,15367300
2017-06-20 00:00:00-04:00,44.168961041161594,44.201640107818,43.65422756120242,43.67873764038086,13622200
2017-06-21 00:00:00-04:00,43.68691670658862,43.695085695368405,43.139500955991835,43.28656768798828,12653700
2017-06-22 00:00:00-04:00,43.13949434098196,43.213027695704575,42.665615145793076,42.88621520996094,15362200
2017-06-23 00:00:00-04:00,43.05779751170521,43.16401306362504,42.74732296126376,42.853538513183594,21868500
2017-06-26 00:00:00-04:00,43.08231652593542,43.65424246371582,42.96793196172846,43.221214294433594,12532800
2017-06-27 00:00:00-04:00,43.3192473602299,43.842149880622415,43.22937290514778,43.433631896972656,13496300
2017-06-28 00:00:00-04:00,43.80130139887191,44.46309857836055,43.727768032623715,44.38956832885742,20961700
2017-06-29 00:00:00-04:00,45.46804448476711,46.24422601789757,45.10854673039666,45.574256896972656,32552100
2017-06-30 00:00:00-04:00,45.778522621166715,45.79486371394051,45.06770222760294,45.2719612121582,16750700
2017-07-03 00:00:00-04:00,45.59877009088065,46.121672515334794,45.5170646390945,45.574256896972656,11825000
2017-07-05 00:00:00-04:00,45.729495696994185,45.77034686451511,45.21476225934651,45.574256896972656,14086900
2017-07-06 00:00:00-04:00,45.73766957517814,46.015461907470716,45.3454927148965,45.39451599121094,14481200
2017-07-07 00:00:00-04:00,45.574274535602335,45.615128835679414,45.141246382145745,45.541595458984375,11503500
2017-07-10 00:00:00-04:00,45.37000595610941,45.598778144773256,45.214770245413646,45.419029235839844,10979000
2017-07-11 00:00:00-04:00,45.476219296935064,45.517070469688896,44.78990899773872,44.96965789794922,14842700
2017-07-12 00:00:00-04:00,44.87979123337804,45.13307353518153,44.61016783628931,45.07587814331055,11951500
2017-07-13 00:00:00-04:00,45.14940416156269,45.48438876849807,44.98599946880962,45.42719650268555,14201800
2017-07-14 00:00:00-04:00,44.373225401316446,45.10038692820468,44.217986569680804,44.928810119628906,17949600
2017-07-17 00:00:00-04:00,44.85527391702367,44.92063517088155,44.479435019548134,44.700035095214844,14953600
2017-07-18 00:00:00-04:00,44.373217568998015,44.87160681306957,44.30785320579522,44.773563385009766,13603300
2017-07-19 00:00:00-04:00,44.77357398068171,45.10855862950921,44.68369951838126,44.88795852661133,12366200
2017-07-20 00:00:00-04:00,44.90429711032207,45.190261575900685,44.67552803125514,44.83893585205078,15123500
2017-07-21 00:00:00-04:00,44.47126209307006,44.62649778438596,44.201638763330145,44.25883102416992,17384500
2017-07-24 00:00:00-04:00,44.201651711449486,44.4549340241807,44.152631540224036,44.34054946899414,18489900
2017-07-25 00:00:00-04:00,44.93697678251702,45.271961393862355,44.8634434231122,44.986000061035156,20167800
2017-07-26 00:00:00-04:00,45.1984337503882,45.20660585621374,44.78174673889524,44.86344909667969,19686900
2017-07-27 00:00:00-04:00,44.82259173172237,44.9042940782309,44.43858384629387,44.700035095214844,17352600
2017-07-28 00:00:00-04:00,44.36505154603648,44.58565162696546,43.44997215298448,43.54801559448242,32590600
2017-07-31 00:00:00-04:00,43.64605995906229,44.2996912275252,43.6297219824211,44.070919036865234,20378100
2017-08-01 00:00:00-04:00,44.30786389923576,44.43858954044682,43.99738933258007,44.18531036376953,19350300
2017-08-02 00:00:00-04:00,44.061860954114515,44.40750721120459,43.98779345054026,44.1276969909668,19422100
2017-08-03 00:00:00-04:00,44.02893583522223,44.160611031770884,43.89726063867357,43.94664001464844,19374700
2017-08-04 00:00:00-04:00,44.16884296541932,44.19353422511549,42.720415685088575,43.48577880859375,44664600
2017-08-07 00:00:00-04:00,43.39525877001591,43.57631338759626,43.14836810746959,43.238895416259766,22673700
2017-08-08 00:00:00-04:00,43.0578374733182,43.86434858302129,42.97554163862018,43.3787956237793,24877800
2017-08-09 00:00:00-04:00,43.02491657727051,43.461093278203506,42.90970115643775,43.44463348388672,14631600
2017-08-10 00:00:00-04:00,43.11544007025993,43.38702194343563,42.728642786422235,42.753334045410156,18373000
2017-08-11 00:00:00-04:00,42.65457777841463,42.96730441991339,42.58051028134714,42.74510192871094,14714500
2017-08-14 00:00:00-04:00,43.09898151366104,43.69152151621591,43.07429339334944,43.48577880859375,16313200
2017-08-15 00:00:00-04:00,43.78204110481142,43.913716288941124,43.47754283014598,43.49399948120117,11028100
2017-08-16 00:00:00-04:00,43.62567796385485,43.790272741307945,43.17304468039703,43.362327575683594,11224400
2017-08-17 00:00:00-04:00,43.18128642136146,43.31296164678056,42.62166592848404,42.6298942565918,16814300
2017-08-18 00:00:00-04:00,42.489983831730285,42.90969756382118,42.28424112907339,42.531131744384766,17130600
2017-08-21 00:00:00-04:00,42.58051101369748,42.72041454423982,42.3007008132283,42.64634704589844,13503100
2017-08-22 00:00:00-04:00,42.75333764782558,43.016688077067165,42.72864638675716,42.97554016113281,12984100
2017-08-23 00:00:00-04:00,42.65458784869004,43.18951710768213,42.629896584248584,42.81917953491211,10019500
2017-08-24 00:00:00-04:00,42.95084320874433,43.23065339515959,42.82739947729851,42.92615509033203,12345000
2017-08-25 00:00:00-04:00,43.01669485352065,43.26358552740442,42.596977882471506,42.60520935058594,15307800
2017-08-28 00:00:00-04:00,42.75333300562721,42.810940709557165,42.317156353806205,42.48998260498047,12425900
2017-08-29 00:00:00-04:00,42.144342226124486,42.383004558645,42.07850618162042,42.31716537475586,10715500
2017-08-30 00:00:00-04:00,42.35007612725437,42.58051008338436,42.13610510304555,42.26778030395508,11427500
2017-08-31 00:00:00-04:00,41.97150607117253,42.16902042224823,41.864519000198854,42.02911376953125,25231100
2017-09-01 00:00:00-04:00,42.02089826133476,42.374776024557576,41.91391115772703,41.94683074951172,16217700
2017-09-05 00:00:00-04:00,41.66701546563863,41.69993191406267,40.951028558029996,41.230838775634766,31251300
2017-09-06 00:00:00-04:00,41.354283940117206,41.37074373333694,40.786435201267174,41.04978561401367,26854000
2017-09-07 00:00:00-04:00,41.099163914909106,41.099163914909106,40.54777494163338,40.88519287109375,23367300
2017-09-08 00:00:00-04:00,40.827586529184494,41.13208488075434,40.679451517202445,40.80289840698242,18975700
2017-09-11 00:00:00-04:00,41.14854691735036,41.80692304015097,41.09916753087094,41.691707611083984,17987100
2017-09-12 00:00:00-04:00,41.848065165397344,42.57228036990413,41.83983683848246,42.44060516357422,17129500
2017-09-13 00:00:00-04:00,42.29247468474534,42.391230315202804,42.119651546598575,42.35008239746094,12617300
2017-09-14 00:00:00-04:00,42.415917267736845,42.564052268064394,42.03735143995959,42.210174560546875,13739400
2017-09-15 00:00:00-04:00,42.201937756583355,42.53112730220587,42.177249639446124,42.51466751098633,28494300
2017-09-18 00:00:00-04:00,42.52290512962647,43.48578272039461,42.4735288845616,43.3787956237793,20943400
2017-09-19 00:00:00-04:00,43.38702217502879,44.103005901810505,43.23065571168043,43.91372299194336,17047000
2017-09-20 00:00:00-04:00,43.9384177659465,44.530957844405066,43.84789046069477,44.23468780517578,21560400
2017-09-21 00:00:00-04:00,44.070093998628785,44.63794596660812,44.0454058745897,44.489810943603516,16210900
2017-09-22 00:00:00-04:00,44.374582081445176,44.736691226757856,44.234678558490245,44.64616394042969,18047800
2017-09-25 00:00:00-04:00,44.49803799890357,44.71201219907149,44.0700927379527,44.465118408203125,11595900
2017-09-26 00:00:00-04:00,44.522723768313064,44.67085877924817,44.242913540922835,44.27583312988281,12052500
2017-09-27 00:00:00-04:00,44.827232585652844,44.876608837780246,44.48981459211259,44.613258361816406,15840800
2017-09-28 00:00:00-04:00,44.67908352443708,44.71200310844447,44.226450232180554,44.64616394042969,14531700
2017-09-29 00:00:00-04:00,44.64616959790809,45.45268067198285,44.51449438457721,45.386844635009766,20872300
2017-10-02 00:00:00-04:00,45.39507017708614,45.65019226074219,45.14817955966213,45.65019226074219,11764400
2017-10-03 00:00:00-04:00,45.53497993787403,45.77363910525775,45.139951155933595,45.74072265625,17405100
2017-10-04 00:00:00-04:00,45.518525733518835,45.55144218656885,45.18110775952148,45.23048400878906,14697800
2017-10-05 00:00:00-04:00,45.26340006264395,45.897088040247155,45.08234545779022,45.58435821533203,14560700
2017-10-06 00:00:00-04:00,45.658423685268765,45.82301848784649,45.44445263948705,45.74072265625,11151200
2017-10-09 00:00:00-04:00,45.77364200054982,45.839481181499295,45.19756172478171,45.37861633300781,11377000
2017-10-10 00:00:00-04:00,45.56789698339731,45.85593867652518,45.38684552363799,45.765411376953125,12800500
2017-10-11 00:00:00-04:00,45.625502112759705,45.847704615669,45.477367110820175,45.806556701660156,12843100
2017-10-12 00:00:00-04:00,45.83124772682871,45.84770752135233,45.312778326566004,45.436222076416016,15067500
2017-10-13 00:00:00-04:00,44.02071488036315,44.20176634382015,43.485782538904,44.185306549072266,35310000
2017-10-16 00:00:00-04:00,44.152389380360084,44.41573981327032,43.9631033135326,44.27583312988281,22802400
2017-10-17 00:00:00-04:00,44.42397444612774,44.440434242943944,43.71621887995699,43.773826599121094,18614700
2017-10-18 00:00:00-04:00,43.95487594604492,44.49803661820908,43.88080843895959,43.95487594604492,21604000
2017-10-19 00:00:00-04:00,43.70798690849482,44.38282282479042,43.61745960324309,44.23468780517578,12669700
2017-10-20 00:00:00-04:00,44.61325078360954,45.32100624480933,44.473347240499464,45.19755935668945,28407700
2017-10-23 00:00:00-04:00,45.05765964258003,45.29632197222145,45.01651172283824,45.189334869384766,18102100
2017-10-24 00:00:00-04:00,45.263389298748216,45.72425402905921,45.263389298748216,45.60903549194336,18779400
2017-10-25 00:00:00-04:00,45.66665731413986,45.74072482183731,45.156413088053014,45.46914291381836,17096900
2017-10-26 00:00:00-04:00,45.63373233257269,46.22626918475932,45.63373233257269,45.77363586425781,15979200
2017-10-27 00:00:00-04:00,45.452680707543685,46.11928824145673,45.37038487641677,45.9793815612793,17258600
2017-10-30 00:00:00-04:00,45.63374604528831,46.05345990585014,45.518530598835476,45.96293258666992,12249200
2017-10-31 00:00:00-04:00,46.04522432990822,46.514317510574365,46.00407641113461,46.20158767700195,14619200
2017-11-01 00:00:00-04:00,46.34972072148641,46.77766596514745,46.242733625724945,46.259193420410156,11678300
2017-11-02 00:00:00-04:00,46.24261815472868,46.83929811844094,45.86969317740852,46.806148529052734,15630000
2017-11-03 00:00:00-04:00,46.61553922896673,46.77299502339878,46.32548824940282,46.69841003417969,10049200
2017-11-06 00:00:00-05:00,46.49123027564469,46.76470962566687,46.408359469690545,46.55752944946289,10414900
2017-11-07 00:00:00-05:00,46.54923320647157,46.64868195167649,45.30615234327313,45.62106704711914,18679100
2017-11-08 00:00:00-05:00,45.41389868798751,45.57135766142958,44.79235809510086,44.96638870239258,24047100
2017-11-09 00:00:00-05:00,44.668056148979105,44.90838279863049,44.09623672554422,44.75092697143555,24438800
2017-11-10 00:00:00-05:00,44.76749832295931,44.85865811743744,44.57689291692277,44.593467712402344,13671700
2017-11-13 00:00:00-05:00,44.353141758341515,44.676342394866076,44.26198195597423,44.51888656616211,13447000
2017-11-14 00:00:00-05:00,44.35313390180757,44.83379028189457,44.187389123346335,44.7840690612793,20830100
2017-11-15 00:00:00-05:00,44.44429752241609,44.850368945294896,44.32827711587929,44.54374313354492,18238600
2017-11-16 00:00:00-05:00,44.70947953342403,45.46361519566557,44.63489454874879,45.248146057128906,26361800
2017-11-17 00:00:00-05:00,44.92495392141316,45.13213412193027,44.726062699255365,44.8752326965332,15814800
2017-11-20 00:00:00-05:00,44.85038006017387,44.924965077333994,44.626625008693495,44.7923698425293,16943100
2017-11-21 00:00:00-05:00,44.817225835414405,45.231586267348405,44.74264083121352,45.181861877441406,13757000
2017-11-22 00:00:00-05:00,45.13213800283341,45.264733216113434,44.77578777439598,44.80065155029297,11421700
2017-11-24 00:00:00-05:00,44.90837128949954,45.0078200445436,44.75091550265741,44.82550048828125,5386500
2017-11-27 00:00:00-05:00,44.767490478999235,45.132126431702865,44.63489529971442,44.70948028564453,11066800
2017-11-28 00:00:00-05:00,44.6431911398411,46.317207630031426,44.51888490959061,46.05201721191406,25685200
2017-11-29 00:00:00-05:00,46.2757752563766,47.44427160079045,46.15975483600236,46.971900939941406,29631800
2017-11-30 00:00:00-05:00,47.261948468195584,47.51056724911736,46.72328181927635,46.79786682128906,30984400
2017-12-01 00:00:00-05:00,46.880722405506816,47.38624245916341,45.94426727596784,46.5740966796875,31242400
2017-12-04 00:00:00-05:00,47.46083044193811,48.05751030191089,47.4028202512539,47.56027603149414,28720400
2017-12-05 00:00:00-05:00,48.61275478149252,49.234295289180196,47.601714544031985,48.5215950012207,39754900
2017-12-06 00:00:00-05:00,48.62932964123698,48.97739080858765,48.1652449234509,48.538169860839844,26758300
2017-12-07 00:00:00-05:00,48.438731476198726,49.723248086160744,48.30613627442172,49.192867279052734,32990600
2017-12-08 00:00:00-05:00,49.15143585205078,49.65695292636096,49.01884063953481,49.15143585205078,22017100
2017-12-11 00:00:00-05:00,48.86137393327116,49.14313911052574,48.57960875601658,48.78678894042969,15876600
2017-12-12 00:00:00-05:00,48.6541933158505,50.18732856365431,48.6541933158505,49.99672317504883,25040400
2017-12-13 00:00:00-05:00,49.98014892997518,50.13760473238229,49.20943838944794,49.22601318359375,18227000
2017-12-14 00:00:00-05:00,49.35032329813943,49.7149624755293,49.06855809802862,49.076847076416016,14731000
2017-12-15 00:00:00-05:00,49.26745163328255,50.261917214263285,49.18457765743145,49.61551284790039,36467500
2017-12-18 00:00:00-05:00,50.08787501976618,50.659694292330116,50.029864827088446,50.485660552978516,19970900
2017-12-19 00:00:00-05:00,50.7177206971921,50.7757309084131,49.9552958104999,50.0215950012207,17062700
2017-12-20 00:00:00-05:00,50.45251478211018,50.609970569798,49.772964092251335,49.83926010131836,16544500
2017-12-21 00:00:00-05:00,50.28677315650616,51.48012984607128,50.28677315650616,51.0574836730957,22130700
2017-12-22 00:00:00-05:00,51.38069173136623,51.57958612259708,50.70942671744608,51.00776672363281,11653200
2017-12-26 00:00:00-05:00,50.966328105269916,51.148647688975856,50.38622292546648,50.65970230102539,11662800
2017-12-27 00:00:00-05:00,50.63483477578052,50.75085833219889,50.27019879670736,50.510528564453125,10010800
2017-12-28 00:00:00-05:00,50.57682409919251,50.80886804851278,50.477378498808754,50.80057907104492,10550900
2017-12-29 00:00:00-05:00,50.93317060475841,51.032619359326425,50.278480529785156,50.278480529785156,10711400
2018-01-02 00:00:00-05:00,50.585113363471564,50.85030374021092,50.303348193021165,50.626548767089844,13819300
2018-01-03 00:00:00-05:00,50.73429084867023,51.19008667851644,50.63484207169645,51.016056060791016,14203700
2018-01-04 00:00:00-05:00,51.36411300864362,52.25084398073266,51.306102807577524,51.65416717529297,18740500
2018-01-05 00:00:00-05:00,52.010521230447864,52.05195980365676,51.4552797562247,52.002235412597656,14217900
2018-01-08 00:00:00-05:00,51.92765113176399,51.98566134148332,51.33097107600015,51.41384506225586,15569400
2018-01-09 00:00:00-05:00,51.629306665627226,52.01880646424786,51.438701255603256,51.59615707397461,15766500
2018-01-10 00:00:00-05:00,51.77847992427516,52.540904773656415,51.679034304379954,52.308860778808594,18107500
2018-01-11 00:00:00-05:00,52.74807341358601,52.76464504549812,51.95249914510651,52.217689514160156,22075000
2018-01-12 00:00:00-05:00,52.37514890689533,52.54089367926865,51.42211883673774,51.83647918701172,25886100
2018-01-16 00:00:00-05:00,52.035373707935214,52.33371366687119,51.52985357321799,51.7950439453125,17907800
2018-01-17 00:00:00-05:00,52.08509427817088,53.07127392585089,51.786757484269216,52.93867874145508,23892900
2018-01-18 00:00:00-05:00,52.9303972898843,53.29503330848745,52.922111472758345,52.99669647216797,16305900
2018-01-19 00:00:00-05:00,53.16243734072832,53.25359712897708,52.89724695381489,53.2204475402832,16524000
2018-01-22 00:00:00-05:00,53.038131766107504,53.659672372741575,53.013271153464224,53.64310073852539,12245200
2018-01-23 00:00:00-05:00,53.295021014594624,53.742530907822484,53.22043919370826,53.444190979003906,12937100
2018-01-24 00:00:00-05:00,53.825424824209826,54.38895534039824,53.70112173600886,54.264652252197266,20180300
2018-01-25 00:00:00-05:00,54.44694600373654,54.571255369936985,54.19833359397267,54.405513763427734,17568700
2018-01-26 00:00:00-05:00,54.604400770715344,54.72871012738833,54.07402008337136,54.637550354003906,16251900
2018-01-29 00:00:00-05:00,54.51324857494528,54.95246954995876,54.41380613389311,54.5463981628418,16105200
2018-01-30 00:00:00-05:00,54.22319777159915,54.63755813778205,54.0988883972168,54.0988883972168,16158900
2018-01-31 00:00:00-05:00,54.090610457601954,54.77845032326318,53.99945697526684,54.51325988769531,18147900
2018-02-01 00:00:00-05:00,54.496568903909726,55.096801100797215,54.23812897155625,54.61328125,15717600
2018-02-02 00:00:00-05:00,54.463240564096196,54.62997072786334,53.21274525479849,53.41282272338867,18905300
2018-02-05 00:00:00-05:00,48.93604172667344,49.92810001789038,47.935645020642724,48.485862731933594,103394400
2018-02-06 00:00:00-05:00,47.44378844532371,48.76931350365566,46.57677766423923,47.75224304199219,83076900
2018-02-07 00:00:00-05:00,47.46877907885654,48.452501859859524,47.310384223674646,47.96897888183594,45551000
2018-02-08 00:00:00-05:00,47.79391838660448,47.88561867801179,46.14326225850321,46.1849479675293,43569700
2018-02-09 00:00:00-05:00,46.80186856095083,47.13533523430131,45.618067912886985,46.79353332519531,48904600
2018-02-12 00:00:00-05:00,46.9852697494856,47.61885253443389,46.585111698964546,47.10198211669922,24401300
2018-02-13 00:00:00-05:00,46.735179522737624,48.42751550306777,46.64347602387114,48.35248565673828,24234200
2018-02-14 00:00:00-05:00,48.227424947488736,49.68633585300691,48.18574241479432,49.6446533203125,23681800
2018-02-15 00:00:00-05:00,49.86974282426544,50.10316755154526,49.31118988965346,50.036476135253906,22397300
2018-02-16 00:00:00-05:00,49.744698587728415,50.378284616770564,49.744698587728415,49.978126525878906,18661900
2018-02-20 00:00:00-05:00,49.90309668507586,51.07856207087441,49.83640207984034,49.978126525878906,18517600
2018-02-21 00:00:00-05:00,49.90308919380201,50.428298000580874,49.79471206665039,49.79471206665039,19987800
2018-02-22 00:00:00-05:00,49.91976385122437,50.161523813361136,48.919367163871534,49.02774429321289,17948600
2018-02-23 00:00:00-05:00,49.24449671806898,49.38622114957064,48.64425805321205,49.32786178588867,21099200
2018-02-26 00:00:00-05:00,49.8113897812678,50.01980563809318,49.14445967546127,49.99479675292969,16478300
2018-02-27 00:00:00-05:00,50.044817480450185,50.41996668093851,49.36121368408203,49.36121368408203,17024400
2018-02-28 00:00:00-05:00,49.57796694348118,49.869747882174075,48.619252693192436,48.69428253173828,17869100
2018-03-01 00:00:00-05:00,48.56089467462017,49.136121295002106,47.568836340293004,47.777252197265625,28491000
2018-03-02 00:00:00-05:00,47.45212588320948,48.03569098141548,47.035294124515765,47.86062240600586,22428500
2018-03-05 00:00:00-05:00,47.36043216524693,48.32748185292546,47.17702514821629,48.01068878173828,20560900
2018-03-06 00:00:00-05:00,48.110719265382876,48.244105296633386,47.21869958511253,47.57717514038086,23975900
2018-03-07 00:00:00-05:00,47.01861456891817,47.302060237276315,46.693483188605,47.18534469604492,24788700
2018-03-08 00:00:00-05:00,47.31040164752951,47.535491164742126,46.87689626402821,47.28539276123047,16828400
2018-03-09 00:00:00-05:00,47.652207865838406,48.57757490497207,47.518821826514795,48.544227600097656,19051500
2018-03-12 00:00:00-04:00,48.5775794177491,48.819342630286926,48.31914255122511,48.369163513183594,12414800
2018-03-13 00:00:00-04:00,48.67761878479172,48.70262767600403,47.86896404706723,47.985679626464844,13810600
2018-03-14 00:00:00-04:00,48.23576712992421,48.26911443075392,47.06030180715283,47.21036148071289,12212900
2018-03-15 00:00:00-04:00,47.327084750129124,47.61886574913526,46.885244043012875,47.377105712890625,13277700
2018-03-16 00:00:00-04:00,47.51049251116884,47.66054904145576,46.57678693937063,46.60179901123047,37095000
2018-03-19 00:00:00-04:00,46.5851146021883,46.676818090763604,45.82648098784759,46.25164794921875,17982200
2018-03-20 00:00:00-04:00,46.493406045966644,46.593444758884104,45.56803920600346,45.76811981201172,26874600
2018-03-21 00:00:00-04:00,45.86816816563619,46.33502089099772,45.468010049686605,45.67642593383789,18997300
2018-03-22 00:00:00-04:00,45.192894153429016,45.25125033960112,43.50055839409064,43.79233932495117,32656300
2018-03-23 00:00:00-04:00,43.95074383829138,43.97575272740007,42.466820541085376,42.50016784667969,30975800
2018-03-26 00:00:00-04:00,43.308824149568665,43.809021031649515,42.95034855134684,43.59226989746094,26718000
2018-03-27 00:00:00-04:00,43.68396567280588,44.017429141806545,42.25839876875064,42.60020065307617,23669300
2018-03-28 00:00:00-04:00,42.65021635834683,43.29213751193549,42.47514782014263,42.916988372802734,23342500
2018-03-29 00:00:00-04:00,43.40052175896696,43.97574841325407,43.117076049570315,43.69230270385742,17706800
2018-04-02 00:00:00-04:00,43.658949843421965,43.683961907066774,42.033305634138344,42.80861282348633,23359800
2018-04-03 00:00:00-04:00,43.117082589768046,43.50890232088629,42.5668647386766,43.41720199584961,16646400
2018-04-04 00:00:00-04:00,42.625214694822255,44.217511817103926,42.525172787328195,44.109134674072266,15952700
2018-04-05 00:00:00-04:00,44.46760019908883,44.984470550570755,44.22583708075082,44.40090560913086,16488800
2018-04-06 00:00:00-04:00,43.892380433699316,44.11746675905236,43.31715063729565,43.542240142822266,22943800
2018-04-09 00:00:00-04:00,43.76733004191276,44.459272214772994,43.48388434872009,43.55891418457031,17032000
2018-04-10 00:00:00-04:00,44.17582453549545,44.234180718513834,43.45053509482678,43.867366790771484,14594700
2018-04-11 00:00:00-04:00,43.61728071048922,43.74233152660972,43.11708380635594,43.292152404785156,14673200
2018-04-12 00:00:00-04:00,43.48389149804153,44.40925856561221,43.375514343956226,43.9340705871582,19967800
2018-04-13 00:00:00-04:00,43.35882713409001,43.60059025600636,42.358433711298325,42.42512512207031,32054900
2018-04-16 00:00:00-04:00,42.17504051231117,42.800288195426965,41.94161572827034,42.3501091003418,31879100
2018-04-17 00:00:00-04:00,42.47514867902782,42.65021722077206,42.09166429801472,42.158355712890625,25507100
2018-04-18 00:00:00-04:00,42.33344055093193,42.4918386850627,41.89993505675357,42.0083122253418,21055700
2018-04-19 00:00:00-04:00,42.108342548448064,43.02537431880735,42.091672076778295,42.967018127441406,23678400
2018-04-20 00:00:00-04:00,43.292147197332596,44.03410722729154,43.20044370056482,43.81735610961914,31149300
2018-04-23 00:00:00-04:00,43.809014539078774,44.050777707663634,43.50055994684822,43.85903549194336,17723900
2018-04-24 00:00:00-04:00,44.14247538082734,44.80940543026641,43.500554214438075,43.77566146850586,23052100
2018-04-25 00:00:00-04:00,43.717311282790355,44.59266047164782,43.29214431177499,44.2758674621582,20978500
2018-04-26 00:00:00-04:00,44.175829318452905,44.275868045862346,43.567252177929795,43.71731185913086,17025800
2018-04-27 00:00:00-04:00,43.58392490319745,44.13414266252001,43.52556871510065,43.65061950683594,12304300
2018-04-30 00:00:00-04:00,43.817353929922,44.225847256800144,43.31715393066406,43.31715393066406,17050500
2018-05-01 00:00:00-04:00,43.150422744098584,43.85070023375599,43.01703670702927,43.81735610961914,13903800
2018-05-02 00:00:00-04:00,43.66729014194122,44.07578343040701,43.40051810615889,43.50889205932617,16397200
2018-05-03 00:00:00-04:00,43.35770562458796,43.50049710298564,42.67735621682286,43.29051208496094,19216100
2018-05-04 00:00:00-04:00,42.979732202559006,44.432831355407124,42.895739476504986,44.02125930786133,16660500
2018-05-07 00:00:00-04:00,44.491625703873424,44.50842488945433,43.99606094364629,44.23124313354492,16259100
2018-05-08 00:00:00-04:00,44.281648587300005,45.113187595087524,44.20605384076318,44.67641830444336,20786200
2018-05-09 00:00:00-04:00,44.89480248411138,45.33996974648215,44.810806545095936,45.155181884765625,16286700
2018-05-10 00:00:00-04:00,45.46595222887638,45.96991493760533,45.04598223689667,45.9027214050293,20699000
2018-05-11 00:00:00-04:00,45.93631355546505,46.137900548200946,45.583540323322914,45.7347297668457,14424000
2018-05-14 00:00:00-04:00,46.01191484548279,46.04551321642108,45.63394438683664,45.75993347167969,12809100
2018-05-15 00:00:00-04:00,45.717932875049684,46.431880568709126,45.67593651732561,45.98671340942383,14991100
2018-05-16 00:00:00-04:00,45.94472115950024,46.46548309089555,45.827130065712616,46.23030090332031,16450200
2018-05-17 00:00:00-04:00,45.69274297247377,45.91952398109553,45.38196282680338,45.54155349731445,21622400
2018-05-18 00:00:00-04:00,45.48275577434076,45.709536772132836,45.09638090954163,45.10478210449219,21492700
2018-05-21 00:00:00-04:00,45.42396157975745,45.88592798817551,45.41556038455654,45.810333251953125,11491400
2018-05-22 00:00:00-04:00,45.88592869596267,46.742667984992444,45.72633802585531,46.41508865356445,17398200
2018-05-23 00:00:00-04:00,46.2219070206516,47.18783950805664,45.8859328715541,47.18783950805664,23566100
2018-05-24 00:00:00-04:00,46.9274578368504,46.95265822152148,45.72634310066375,45.91952896118164,24673400
2018-05-25 00:00:00-04:00,45.86072447247855,46.18830377646625,45.80192892655903,46.112709045410156,17741900
2018-05-29 00:00:00-04:00,45.39036939265339,45.57515405873141,44.214451825419175,44.47483444213867,31604000
2018-05-30 00:00:00-04:00,45.07117651286037,45.726328632902735,44.835994357792146,45.54994201660156,16416200
2018-05-31 00:00:00-04:00,45.533154250511025,45.67594574054644,45.18877892104807,45.34836959838867,17515900
2018-06-01 00:00:00-04:00,45.82712755081811,46.21349918180761,45.59194217203235,45.936317443847656,14100200
2018-06-04 00:00:00-04:00,46.020322370289925,46.33949732575454,45.86073168844017,46.05392074584961,10593700
2018-06-05 00:00:00-04:00,45.86912349555877,46.13790403678533,45.600342954332206,45.776729583740234,11883900
2018-06-06 00:00:00-04:00,45.96152698104404,46.725872405140144,45.91112941752258,46.683876037597656,15848200
2018-06-07 00:00:00-04:00,46.84346314964143,47.02825101032448,46.40669388155622,46.72587203979492,17299600
2018-06-08 00:00:00-04:00,46.66707231416547,46.8434589631713,46.17990552649168,46.76786422729492,12965900
2018-06-11 00:00:00-04:00,46.86025788069112,47.12903845023996,46.616674488250894,46.62507247924805,13518400
2018-06-12 00:00:00-04:00,46.73426358658403,46.99464615399076,46.272297202702475,46.5158805847168,13608300
2018-06-13 00:00:00-04:00,46.52427866066402,46.97784705473955,46.31429364904945,46.331092834472656,14901100
2018-06-14 00:00:00-04:00,46.473889703237326,46.49068568649322,45.75993865840161,45.97832489013672,18189100
2018-06-15 00:00:00-04:00,45.818734234037045,46.50748489608319,45.67594594747211,46.179908752441406,35715800
2018-06-18 00:00:00-04:00,45.78513574267901,46.389893670396006,45.717942197442326,46.2639045715332,17856700
2018-06-19 00:00:00-04:00,45.92792723299768,46.389893670396006,45.860730483643636,46.2639045715332,16654800
2018-06-20 00:00:00-04:00,46.58307433496557,46.69226743845648,45.7263351007414,45.75993347167969,16545600
2018-06-21 00:00:00-04:00,45.566753397181984,45.99512146631157,45.25597643706376,45.667545318603516,21191600
2018-06-22 00:00:00-04:00,46.16310910469189,46.238703845095145,45.171979487901396,45.30636978149414,24015000
2018-06-25 00:00:00-04:00,45.17197262103415,45.47435153668069,44.60081315906108,45.32316207885742,21069600
2018-06-26 00:00:00-04:00,45.27277505989074,45.30637023053389,44.53362683574614,44.87800216674805,14409100
2018-06-27 00:00:00-04:00,44.718411362620415,45.306366856557474,44.567221891574555,44.75200653076172,19520900
2018-06-28 00:00:00-04:00,44.978789432968895,45.23917200424516,44.53362222786413,45.04598617553711,13837300
2018-06-29 00:00:00-04:00,46.71746601994628,47.97737613097916,46.541079373389785,46.56627655029297,43888500
2018-07-02 00:00:00-04:00,46.36469177022983,47.35582129345593,46.25549866570709,47.305423736572266,21204900
2018-07-03 00:00:00-04:00,47.39781152439276,47.56580015482467,46.55787157634981,46.66706466674805,12830400
2018-07-05 00:00:00-04:00,46.96944886181077,47.103842353785566,46.23870187184244,46.398292541503906,16788600
2018-07-06 00:00:00-04:00,46.448687223429296,47.14583904942238,46.22190301030326,46.944252014160156,12389100
2018-07-09 00:00:00-04:00,47.19622485976966,47.8513802026611,47.045035411726765,47.68339157104492,16684000
2018-07-10 00:00:00-04:00,47.926983072342324,47.943782258770796,47.32222517738621,47.55740737915039,15581400
2018-07-11 00:00:00-04:00,47.372629348865736,47.666607142103906,47.0198527928623,47.0954475402832,15641400
2018-07-12 00:00:00-04:00,47.423018379798535,47.43981756668325,46.7006693643421,47.06184387207031,18236100
2018-07-13 00:00:00-04:00,45.978330051490175,46.8602666608267,45.04599587437641,46.49909210205078,34323400
2018-07-16 00:00:00-04:00,46.818261842312126,48.06977077718531,46.72586792011669,47.868186950683594,25538700
2018-07-17 00:00:00-04:00,47.8345875275321,47.90178106685104,47.39781830754923,47.50701141357422,21649000
2018-07-18 00:00:00-04:00,47.255024997712034,47.7253925711766,47.15423309058283,47.51540756225586,19913900
2018-07-19 00:00:00-04:00,47.25502113976888,47.77578622634079,47.05343734196795,47.313819885253906,22219400
2018-07-20 00:00:00-04:00,47.09544742148968,47.59101227463947,46.910659549567434,47.38102722167969,17250400
2018-07-23 00:00:00-04:00,47.364225660215915,48.792124589634675,47.28863091677265,48.716529846191406,24584100
2018-07-24 00:00:00-04:00,48.71652032655117,49.296077776953936,48.5905280440599,49.010498046875,27245000
2018-07-25 00:00:00-04:00,48.80052063026127,49.136497966379174,48.59053559621692,48.90971374511719,15531100
2018-07-26 00:00:00-04:00,49.11130375388918,49.32968679267382,48.884519518929636,48.97691345214844,14165300
2018-07-27 00:00:00-04:00,49.03569676838548,49.47246594104394,48.85090894807547,49.24568176269531,17662900
2018-07-30 00:00:00-04:00,49.41367345758535,49.78324591696452,48.96850306329386,49.12809371948242,22699900
2018-07-31 00:00:00-04:00,49.228891303384444,49.312884034347526,48.04457585374802,48.12017059326172,21633800
2018-08-01 00:00:00-04:00,48.68292575815792,48.951706324614726,48.052970704752816,48.42254638671875,19192700
2018-08-02 00:00:00-04:00,47.943775477017056,49.09449234959959,47.943775477017056,48.96010208129883,13489100
2018-08-03 00:00:00-04:00,48.76692295938822,49.4976699432402,48.741722577795265,49.41367721557617,13720400
2018-08-06 00:00:00-04:00,49.203693794445215,49.58166428535779,48.87611445600781,49.464073181152344,13360500
2018-08-07 00:00:00-04:00,49.50607681368994,49.69086469263466,49.30449294949365,49.4052848815918,13810900
2018-08-08 00:00:00-04:00,49.354878512293595,49.97643559164835,49.354878512293595,49.7160530090332,13778600
2018-08-09 00:00:00-04:00,49.62298935638885,49.834511044647,49.41146766813069,49.445308685302734,15859500
2018-08-10 00:00:00-04:00,48.54845323206011,49.42838090147913,48.54845323206011,49.11532974243164,16170100
2018-08-13 00:00:00-04:00,48.78535712414591,49.166096770074375,48.70074974841269,48.7430534362793,19541100
2018-08-14 00:00:00-04:00,48.79381578687667,49.293007041838514,48.79381578687667,49.13225173950195,14860400
2018-08-15 00:00:00-04:00,48.80227574117481,49.2845448488728,48.77689417578995,49.0645637512207,17378400
2018-08-16 00:00:00-04:00,49.191470014272944,49.758349663978024,49.11532209797119,49.63143539428711,19992500
2018-08-17 00:00:00-04:00,49.50452692489972,49.95295503013509,49.50452692489972,49.8006591796875,13737600
2018-08-20 00:00:00-04:00,49.75835927818783,50.09679201681497,49.63990443072553,49.944496154785156,11403400
2018-08-21 00:00:00-04:00,49.91911722365604,50.36754215911562,49.86835085777647,49.88527297973633,17943500
2018-08-22 00:00:00-04:00,49.95295737719454,50.34215646770756,49.77527995251222,50.06294631958008,20829600
2018-08-23 00:00:00-04:00,49.91911286356678,49.961416550989114,49.55529534211868,49.597599029541016,19655600
2018-08-24 00:00:00-04:00,49.8345143314867,49.8514332274062,49.639911525197114,49.65683364868164,14366600
2018-08-27 00:00:00-04:00,49.809131188730404,50.32524467569278,49.71606112025324,50.00373077392578,19915200
2018-08-28 00:00:00-04:00,50.079877292147096,50.19833215710423,49.91066251162414,49.97834777832031,19330200
2018-08-29 00:00:00-04:00,49.961420914773306,50.07141309373,49.76682135358208,49.88527297973633,14436600
2018-08-30 00:00:00-04:00,49.63990046864352,49.98679908146232,49.4368414871876,49.462223052978516,14800900
2018-08-31 00:00:00-04:00,49.30148283881966,49.52992668351394,49.13226481746479,49.47916030883789,16720200
2018-09-04 00:00:00-04:00,49.453767951052725,49.87681129840551,49.132254103346526,49.74989700317383,19003700
2018-09-05 00:00:00-04:00,49.81758616996617,50.08833365777321,49.75836035873117,49.87681198120117,22332300
2018-09-06 00:00:00-04:00,49.84296613285366,50.05448780261243,49.01380157470703,49.01380157470703,20756900
2018-09-07 00:00:00-04:00,49.00533851108378,49.132252802956394,48.52306936607106,48.56537628173828,21482400
2018-09-10 00:00:00-04:00,48.75150454341229,48.93764461126171,48.48921978696695,48.61613082885742,15623000
2018-09-11 00:00:00-04:00,48.56538403751891,48.700757797605135,48.497695543693276,48.5484619140625,22160300
2018-09-12 00:00:00-04:00,48.50614108300427,48.55690420787492,47.211626530216634,47.330078125,23868800
2018-09-13 00:00:00-04:00,47.389309388226884,47.592371593822136,46.5263038902488,46.53476333618164,26954800
2018-09-14 00:00:00-04:00,46.69551541312141,47.00856975966668,46.28093481211785,46.30631637573242,20997600
2018-09-17 00:00:00-04:00,46.32324283536164,46.33170228150463,45.637911505463265,45.950965881347656,21959500
2018-09-18 00:00:00-04:00,45.90019938267699,46.28093900924432,45.72252196613368,46.11172103881836,22055200
2018-09-19 00:00:00-04:00,46.103262443926184,46.915504843890396,45.92558179653794,46.72090530395508,17046200
2018-09-20 00:00:00-04:00,47.06780674475796,47.22010261776428,46.5263117418754,47.000118255615234,20308000
2018-09-21 00:00:00-04:00,47.16933445154346,47.220100816463926,46.46708092751813,46.526309967041016,36158500
2018-09-24 00:00:00-04:00,46.365552313714296,46.6701440539444,45.89174580896947,45.90866470336914,19604700
2018-09-25 00:00:00-04:00,45.94249606015179,46.272469276986676,45.857888701627296,45.883270263671875,15207400
2018-09-26 00:00:00-04:00,46.01019305725315,46.069418864710876,44.8595146936783,44.97796630859375,22025100
2018-09-27 00:00:00-04:00,45.07949525380774,45.350242721047806,44.63952981265154,44.6902961730957,19991000
2018-09-28 00:00:00-04:00,44.58030678705357,44.82567270316088,44.34340354533043,44.47031784057617,18588600
2018-10-01 00:00:00-04:00,44.622610759208115,44.67337389190488,44.13187895937679,44.20802688598633,17209000
2018-10-02 00:00:00-04:00,44.19956876775471,44.29263558968322,43.894977052164734,44.10649871826172,17509600
2018-10-03 00:00:00-04:00,44.41955252914059,44.774907400142666,44.2757193368487,44.54646682739258,18444900
2018-10-04 00:00:00-04:00,44.61414709697742,45.57022588154584,44.61414709697742,45.27409362792969,21417500
2018-10-05 00:00:00-04:00,45.43485916929608,45.57023292033884,44.825675675821266,45.003353118896484,14793000
2018-10-08 00:00:00-04:00,44.82565967261872,45.65482400518137,44.82565967261872,45.40945816040039,12858200
2018-10-09 00:00:00-04:00,45.164096960832985,45.663288110424446,44.825661079645506,45.29100799560547,15918300
2018-10-10 00:00:00-04:00,45.43485142267647,45.74790256341938,44.34339892548114,44.360321044921875,21875900
2018-10-11 00:00:00-04:00,44.31802875857314,44.70722792311814,43.158887485487035,43.522705078125,33147900
2018-10-12 00:00:00-04:00,44.081110233122644,45.12179958345022,43.04042411035928,44.08957290649414,32067300
2018-10-15 00:00:00-04:00,44.42801196957317,45.680223147608764,44.42801196957317,45.045658111572266,34118900
2018-10-16 00:00:00-04:00,45.10487696487855,45.510998137980124,44.44492723446983,45.46023178100586,28227200
2018-10-17 00:00:00-04:00,45.316401015051014,46.54322404515479,45.00334663844782,46.077877044677734,23524200
2018-10-18 00:00:00-04:00,45.832524459317895,46.02712728078204,44.639542094936026,44.92721176147461,22533300
2018-10-19 00:00:00-04:00,44.910289351518394,45.37563645075403,44.724149220798125,44.74953079223633,19521000
2018-10-22 00:00:00-04:00,44.901816037649326,44.98642340744113,43.62422667943315,43.700374603271484,17621500
2018-10-23 00:00:00-04:00,43.015046002019744,43.95420271274435,42.70199484096637,43.624229431152344,25529800
2018-10-24 00:00:00-04:00,43.41269946481209,43.564995292974714,42.32124710550125,42.46508026123047,31161500
2018-10-25 00:00:00-04:00,42.752755026339756,44.51261671020455,42.65968498357864,43.8780517578125,29366100
2018-10-26 00:00:00-04:00,43.421175740389494,43.93728922170916,42.972750754518685,43.3619499206543,30053800
2018-10-29 00:00:00-04:00,43.894979644613834,44.96951015915632,43.649613722834474,44.19110870361328,30541300
2018-10-30 00:00:00-04:00,44.37724800651919,44.76644711343014,43.88651617188524,44.58030700683594,24910900
2018-10-31 00:00:00-04:00,44.87643419101977,45.71405812042844,44.867971517555056,45.03718948364258,23667400
2018-11-01 00:00:00-04:00,45.20641026635804,45.65483516099991,44.969507035613574,45.316402435302734,17654800
2018-11-02 00:00:00-04:00,45.866358144916525,46.22171622882477,44.93566408800866,45.358707427978516,18285600
2018-11-05 00:00:00-05:00,45.46024587109334,45.94251511535023,43.28580293398698,45.40102005004883,18990000
2018-11-06 00:00:00-05:00,45.14718232702164,45.44331135147032,44.80874638973946,45.30793762207031,20696800
2018-11-07 00:00:00-05:00,45.53639491707862,45.84098670556454,44.664926477016884,45.333335876464844,20668500
2018-11-08 00:00:00-05:00,45.12009705640012,45.717146760234634,45.08597900084476,45.34185791015625,22429200
2018-11-09 00:00:00-05:00,45.2821593458557,45.538038291366476,44.97510330977185,45.2395133972168,18972200
2018-11-12 00:00:00-05:00,45.316270971346185,45.700090961948725,44.59127693272431,44.65098190307617,19003300
2018-11-13 00:00:00-05:00,44.88126934840108,45.48685338493898,44.88126934840108,44.98362350463867,28102000
2018-11-14 00:00:00-05:00,45.32480084816744,45.45274193521057,43.91746515907807,44.48040008544922,24788400
2018-11-15 00:00:00-05:00,43.96010534200947,45.1286209860585,43.73834125402329,45.051856994628906,23220100
2018-11-16 00:00:00-05:00,44.906865177086566,45.35891803627227,44.76186506430362,45.154212951660156,18872500
2018-11-19 00:00:00-05:00,45.17980005127262,45.61479385271412,44.86421293170004,45.47832489013672,20215500
2018-11-20 00:00:00-05:00,45.24803936524941,45.410098518348086,44.65951749018244,44.813045501708984,22999200
2018-11-21 00:00:00-05:00,44.881271266854895,45.37597328211975,44.582746432592764,44.719215393066406,16946300
2018-11-23 00:00:00-05:00,44.32687225720758,44.599810207210325,44.01981625003525,44.207462310791016,11139400
2018-11-26 00:00:00-05:00,44.633926903928035,45.35891770146049,44.633926903928035,45.1030387878418,20581700
2018-11-27 00:00:00-05:00,44.94097338882623,45.478321310159195,44.73627158791227,45.36743927001953,18044600
2018-11-28 00:00:00-05:00,45.333326483681226,46.36537318107682,44.8471556178444,46.356842041015625,23713300
2018-11-29 00:00:00-05:00,46.03272896545178,46.416545661490076,45.87920098556586,46.09243392944336,14978400
2018-11-30 00:00:00-05:00,46.12654685152694,46.52742252893448,45.947428725795746,46.2971305847168,18939000
2018-12-03 00:00:00-05:00,46.72359252872407,46.94535656925964,45.7171329691879,46.26301193237305,21261700
2018-12-04 00:00:00-05:00,46.015673988284654,46.04979204318936,43.93451819057246,44.16481018066406,33280500
2018-12-06 00:00:00-05:00,43.20099370888648,43.618928437264714,42.663645804438104,43.5762825012207,40310200
2018-12-07 00:00:00-05:00,43.40568347947356,43.883326290412256,42.68922088990324,42.86833572387695,28510500
2018-12-10 00:00:00-05:00,42.70629741648483,42.70629741648483,41.196607653407334,41.62307357788086,34524600
2018-12-11 00:00:00-05:00,42.14336177640929,42.296889766781966,40.55690804500954,40.73602294921875,32388600
2018-12-12 00:00:00-05:00,41.18807158130945,41.196599466486404,39.95984788055508,40.71895980834961,42820000
2018-12-13 00:00:00-05:00,40.915130602996285,41.04306839301032,40.02808094272502,40.113372802734375,35227100
2018-12-14 00:00:00-05:00,39.70397390062794,40.50573186006539,39.558977059090175,39.6954460144043,25913000
2018-12-17 00:00:00-05:00,39.42251454116177,40.35221046782516,39.33721939661458,39.755157470703125,29443300
2018-12-18 00:00:00-05:00,40.03661262395672,40.531314569216455,39.507795883663654,39.678382873535156,26740000
2018-12-19 00:00:00-05:00,39.567503938940895,40.454553752759445,38.6378081877357,38.953392028808594,34287600
2018-12-20 00:00:00-05:00,38.72309856382034,39.89161402392363,38.66339360807116,39.26897430419922,43969900
2018-12-21 00:00:00-05:00,38.885166304941556,39.68692113722182,38.322231368728374,38.48428726196289,55577900
2018-12-24 00:00:00-05:00,37.92987723937207,38.467221917297564,37.18782424926758,37.18782424926758,18049900
2018-12-26 00:00:00-05:00,37.39252431088454,38.885154724121094,36.69312060611921,38.885154724121094,27770000
2018-12-27 00:00:00-05:00,38.143104195687236,38.83397674560547,37.40105132208289,38.83397674560547,27005300
2018-12-28 00:00:00-05:00,38.961922634452435,39.60162144751326,38.8339815703697,39.04721450805664,23635000
2018-12-31 00:00:00-05:00,39.217797837247936,39.64426367269475,38.86809598232859,39.30309295654297,16544500
2019-01-02 00:00:00-05:00,38.8339798783477,40.045144603550035,38.73162898374686,40.03661346435547,20295200
2019-01-03 00:00:00-05:00,39.78926729047486,40.38631691030551,39.5504441888662,39.721031188964844,22262000
2019-01-04 00:00:00-05:00,40.446026641536626,41.03455169858986,40.25838384761073,40.8980827331543,23343600
2019-01-07 00:00:00-05:00,40.753084565307404,41.13690456562249,40.54838273425732,40.63367462158203,21858000
2019-01-08 00:00:00-05:00,40.85543011146954,41.07719092391461,40.01955417445992,40.54837417602539,19702900
2019-01-09 00:00:00-05:00,40.52279437681182,40.92367342324973,40.156036641976996,40.770145416259766,18837700
2019-01-10 00:00:00-05:00,40.51426033699076,40.983372174367965,40.35220446696637,40.72749328613281,16208400
2019-01-11 00:00:00-05:00,40.514269135624005,41.01749913503464,40.24133116174136,40.82985305786133,20006900
2019-01-14 00:00:00-05:00,40.52279372921548,41.358669866659156,40.42897395193392,41.2989616394043,23827600
2019-01-15 00:00:00-05:00,40.59955482683627,41.15396183173976,40.09632490434254,40.65925979614258,27447600
2019-01-16 00:00:00-05:00,41.06867133381151,42.08365909994339,40.932202363124226,41.74248504638672,32026400
2019-01-17 00:00:00-05:00,41.48660768814745,42.10071970609815,41.281905851281905,41.989837646484375,25738800
2019-01-18 00:00:00-05:00,41.87894924255283,42.78305810382883,41.67424743669793,42.65511703491211,36380300
2019-01-22 00:00:00-05:00,42.450415726503316,42.73188152627123,42.33100579607592,42.52717971801758,33975200
2019-01-23 00:00:00-05:00,42.64658861251953,42.91952651934554,42.22012272639434,42.748939514160156,16806700
2019-01-24 00:00:00-05:00,42.46747218610828,42.93658399315317,42.34806226289792,42.6295280456543,17862100
2019-01-25 00:00:00-05:00,42.98776880872788,43.1071787534375,42.612476692581104,42.757476806640625,20183400
2019-01-28 00:00:00-05:00,42.450411316493756,42.56129334909004,41.964240505302016,42.49305725097656,19913100
2019-01-29 00:00:00-05:00,42.45894127830342,42.740410316271955,42.40776745589198,42.518646240234375,11927600
2019-01-30 00:00:00-05:00,42.510117592207415,42.94511134328747,42.29688465951249,42.723350524902344,16885100
2019-01-31 00:00:00-05:00,42.41350691177598,42.53399930681624,41.87989632666705,42.095062255859375,24934700
2019-02-01 00:00:00-05:00,42.17252212169547,42.24137679495935,41.991783529135084,42.095062255859375,21123500
2019-02-04 00:00:00-05:00,42.043424978361216,42.30162674282066,41.92293257263845,42.22416687011719,17547800
2019-02-05 00:00:00-05:00,42.4049072265625,42.44793976135553,41.957361641736675,42.4049072265625,14784900
2019-02-06 00:00:00-05:00,42.24999021714439,42.628681144343986,42.23277654547548,42.36187744140625,12145700
2019-02-07 00:00:00-05:00,42.24999503845236,42.43073368684247,41.062277823139745,41.3807258605957,24189700
2019-02-08 00:00:00-05:00,41.26022924497896,41.346297611267346,40.50284732067602,41.01063919067383,20641200
2019-02-11 00:00:00-05:00,41.19998303016333,41.27744291823664,40.7782595264539,41.01063919067383,15995900
2019-02-12 00:00:00-05:00,41.32046972690836,42.56843295797894,41.32046972690836,42.21556091308594,22033000
2019-02-13 00:00:00-05:00,42.379090142843125,42.78359992669911,42.077855820291894,42.18974304199219,13770900
2019-02-14 00:00:00-05:00,41.85408058466399,42.095065392702224,41.33768034621835,41.75940704345703,16456500
2019-02-15 00:00:00-05:00,42.24999021714439,42.53400759175105,41.733593199765664,42.36187744140625,19346200
2019-02-19 00:00:00-05:00,42.19834986382683,42.70614169491959,42.01761123322742,42.49958419799805,15121700
2019-02-20 00:00:00-05:00,42.542617660322676,42.92991707942833,42.43073043187609,42.86967086791992,16742600
2019-02-21 00:00:00-05:00,42.82663684737425,42.93852408052821,42.490978431084805,42.65450668334961,16938800
2019-02-22 00:00:00-05:00,42.688926376273635,42.81802726924875,42.12949683411636,42.18974304199219,15848200
2019-02-25 00:00:00-05:00,42.39630318763427,43.231148239330665,42.38769799304367,42.740570068359375,16564100
2019-02-26 00:00:00-05:00,42.59425186043142,43.153681346788076,42.465150980333554,42.68031692504883,16997800
2019-02-27 00:00:00-05:00,42.68031373306911,43.059004585504596,42.48236147271615,42.947120666503906,17455000
2019-02-28 00:00:00-05:00,43.01597840122646,43.14507929071137,42.80081244086629,42.93851852416992,17786600
2019-03-01 00:00:00-05:00,43.23114297138915,43.75614842309274,42.92130347312658,43.05900955200195,19051400
2019-03-04 00:00:00-05:00,43.282788417349686,43.80779392285066,42.766388106272494,43.12786865234375,16697000
2019-03-05 00:00:00-05:00,43.0590109366641,43.076224607473556,42.4565488741932,42.93851852416992,14235400
2019-03-06 00:00:00-05:00,43.00737390182333,43.22253986565767,42.757780595814204,42.878273010253906,14211000
2019-03-07 00:00:00-05:00,42.78360848230569,42.90410092215269,42.42213116276468,42.757789611816406,19047300
2019-03-08 00:00:00-05:00,42.39629426062981,42.94712181044167,42.3188343929353,42.861053466796875,17400000
2019-03-11 00:00:00-04:00,43.03319039717394,43.119255464699535,42.71474570752297,42.826629638671875,19471500
2019-03-12 00:00:00-04:00,42.84384805487106,43.07622770273846,42.63729055665931,42.731964111328125,18299300
2019-03-13 00:00:00-04:00,42.92131529345069,43.10205723932725,42.69754408484214,42.96434783935547,21647300
2019-03-14 00:00:00-04:00,43.093442033892536,43.71312110435016,42.972949610897395,43.33442687988281,20160700
2019-03-15 00:00:00-04:00,43.222535926744605,43.721719210099735,43.03318884521071,43.601226806640625,46117300
2019-03-18 00:00:00-04:00,43.75615395189778,44.814770182608335,43.74754875726846,44.52214431762695,23843300
2019-03-19 00:00:00-04:00,45.115999895640776,45.115999895640776,44.18648459431939,44.24673080444336,19911900
2019-03-20 00:00:00-04:00,44.05738631817336,44.384439537716446,43.31721808072466,43.377464294433594,20632400
2019-03-21 00:00:00-04:00,43.015971749395725,43.153677811405004,42.318832963689786,42.91269302368164,24132800
2019-03-22 00:00:00-04:00,42.38769331398321,42.57704040579775,41.31186353444049,41.578670501708984,27975800
2019-03-25 00:00:00-04:00,41.67334846284301,42.07786158529259,41.18277025539982,41.3807258605957,17227600
2019-03-26 00:00:00-04:00,41.759413604633465,42.20695923500201,41.66474004855154,42.18113708496094,16989600
2019-03-27 00:00:00-04:00,42.12088631671569,42.33605227247099,41.699162882011585,41.97457504272461,16912000
2019-03-28 00:00:00-04:00,41.940149044394744,42.36187577577074,41.6130958618892,42.2499885559082,15881600
2019-03-29 00:00:00-04:00,42.86105461558205,42.86105461558205,41.1397270946095,41.58727264404297,53590800
2019-04-01 00:00:00-04:00,41.68194951115998,42.0864625615024,41.458175076989804,42.009002685546875,42015500
2019-04-02 00:00:00-04:00,41.80245434197308,42.06926139024093,41.277448724863426,41.49261474609375,35393600
2019-04-03 00:00:00-04:00,41.71637412456762,42.06063766383687,41.38071577843211,42.052032470703125,30366300
2019-04-04 00:00:00-04:00,42.12950380723168,42.75778813847948,42.06925758938412,42.31884765625,19260100
2019-04-05 00:00:00-04:00,42.39629539610306,42.525396273442084,41.82825744552045,41.983177185058594,23734900
2019-04-08 00:00:00-04:00,41.86269882715375,42.25860350181836,41.81106108543312,42.06925964355469,18875200
2019-04-09 00:00:00-04:00,41.897120918978246,41.9143345917824,41.32908284913065,41.4323616027832,22903500
2019-04-10 00:00:00-04:00,41.380731223168496,41.47540151566088,40.795479376485396,41.13113784790039,30977800
2019-04-11 00:00:00-04:00,41.28604892450479,41.53563896386605,40.77825708491034,41.088096618652344,33662700
2019-04-12 00:00:00-04:00,41.096707105683684,42.01761734780644,39.64218608849276,40.012271881103516,70271400
2019-04-15 00:00:00-04:00,39.47865505692796,40.50284727395728,39.297916412689545,40.25325393676758,34954000
2019-04-16 00:00:00-04:00,40.347927544529405,41.19998303016333,40.33931906631433,41.01063919067383,25217100
2019-04-17 00:00:00-04:00,41.27743639969785,41.27743639969785,40.382345230686425,40.924564361572266,25144000
2019-04-18 00:00:00-04:00,40.8298941584191,41.19997989738728,40.55448197358309,40.95038986206055,22416800
2019-04-22 00:00:00-04:00,40.804073426306246,40.881533304947766,40.537266448058325,40.67497253417969,15972600
2019-04-23 00:00:00-04:00,40.62333616357993,40.82989365808967,40.40817019161517,40.75243377685547,16434300
2019-04-24 00:00:00-04:00,40.502845390684385,41.045061298188074,40.47702324044209,40.864322662353516,17831800
2019-04-25 00:00:00-04:00,40.59751846288095,41.277443796754056,40.37374727211352,40.89014434814453,23042800
2019-04-26 00:00:00-04:00,40.89874441044968,41.294648972816205,40.79546567313056,41.277435302734375,13035500
2019-04-29 00:00:00-04:00,41.28605195228492,41.99179614948873,41.27744347395396,41.54425048828125,16918700
2019-04-30 00:00:00-04:00,41.61309287744613,41.793834768314404,41.40653540669924,41.66473388671875,18525100
2019-05-01 00:00:00-04:00,41.587278912207346,42.0434297234026,41.30326153568817,41.50981903076172,17542100
2019-05-02 00:00:00-04:00,41.61308562589498,41.73358129320003,41.18275380646206,41.57005310058594,16883000
2019-05-03 00:00:00-04:00,41.7594201271856,41.974586139825774,41.61310553134043,41.871307373046875,16571300
2019-05-06 00:00:00-04:00,41.303254931581684,41.94014426992511,41.20858139348888,41.68194580078125,19279900
2019-05-07 00:00:00-04:00,41.354904153038206,41.44957771745225,40.37374772760644,40.59751892089844,23919100
2019-05-08 00:00:00-04:00,40.50283958779448,40.71800553767683,40.28767363791214,40.45119857788086,19814400
2019-05-09 00:00:00-04:00,39.97326806506793,40.69452644957328,39.78209050485471,40.61631774902344,23246900
2019-05-10 00:00:00-04:00,40.32954562313836,41.16376943272042,40.06885109700781,40.97259521484375,19983400
2019-05-13 00:00:00-04:00,40.216573178191226,40.83355425650466,40.199193102684184,40.26002502441406,23304700
2019-05-14 00:00:00-04:00,40.30348196197527,40.78142253591823,39.955887009156136,40.399070739746094,21267600
2019-05-15 00:00:00-04:00,39.9906420782999,40.277405060208395,39.530081642098914,39.834224700927734,20123300
2019-05-16 00:00:00-04:00,39.96456502562636,40.43381374191588,39.76469584148173,39.886356353759766,20764100
2019-05-17 00:00:00-04:00,39.486624903952475,40.17312294021939,39.4605564492546,39.712562561035156,22273500
2019-05-20 00:00:00-04:00,39.64304886894098,39.89505502272134,39.36497425611813,39.495323181152344,18854000
2019-05-21 00:00:00-04:00,39.643043946100626,40.2860934802194,39.55614688347586,40.26002502441406,18416300
2019-05-22 00:00:00-04:00,40.0340855065817,40.24264308811218,39.938496753168145,40.06015396118164,13155000
2019-05-23 00:00:00-04:00,39.825537940842025,39.85160639982815,39.16510825063289,39.590911865234375,17643700
2019-05-24 00:00:00-04:00,39.76471121714067,40.27741197208555,39.61698551033329,40.120994567871094,13425500
2019-05-28 00:00:00-04:00,40.03408572740454,40.1905030856876,39.60828549700865,39.616973876953125,19984600
2019-05-29 00:00:00-04:00,39.443187935036455,39.695194120678444,39.21725352664413,39.52139663696289,16058800
2019-05-30 00:00:00-04:00,39.70386945003417,39.8429067283142,38.99999467901475,39.14772033691406,13775900
2019-05-31 00:00:00-04:00,38.695841912117054,38.9826081154689,38.42645909493038,38.55680465698242,17540500
2019-06-03 00:00:00-04:00,38.443842289718795,39.199857218757124,38.40908214438349,38.687156677246094,20172500
2019-06-04 00:00:00-04:00,39.24331079746318,39.764699785007366,39.11296189312196,39.69518280029297,21082000
2019-06-05 00:00:00-04:00,39.86029284260579,39.88636461523478,39.36497225649398,39.85160446166992,13705400
2019-06-06 00:00:00-04:00,39.74732587365423,40.13836598488257,39.49531974181909,39.90373992919922,16020500
2019-06-07 00:00:00-04:00,39.88637094395388,40.11230534815279,39.582224524368876,39.6517448425293,14979900
2019-06-10 00:00:00-04:00,40.025399917443494,40.677137847166826,40.025399917443494,40.2078857421875,15242700
2019-06-11 00:00:00-04:00,39.83422419584949,40.37299331390523,39.773395584855,40.199195861816406,15078300
2019-06-12 00:00:00-04:00,39.98195067433582,40.20788836103909,38.91310079776165,39.02606964111328,22470400
2019-06-13 00:00:00-04:00,39.19117601812036,39.651739779850935,39.034758637141785,39.356285095214844,15629400
2019-06-14 00:00:00-04:00,39.37365945958405,39.79077131003546,38.96523598907711,39.616973876953125,16147500
2019-06-17 00:00:00-04:00,39.60829156275047,39.990643322157936,39.22593648843218,39.338905334472656,13420400
2019-06-18 00:00:00-04:00,39.321519018293834,40.31216007201548,39.15641328097699,40.06015396118164,18611100
2019-06-19 00:00:00-04:00,40.39037966637779,40.62500576591682,39.65174452387105,39.669124603271484,17787600
2019-06-20 00:00:00-04:00,39.84291276582336,39.96457330330037,39.31283534105739,39.85160446166992,19205200
2019-06-21 00:00:00-04:00,39.834222079154536,40.74665451049805,39.79077354716875,40.74665451049805,39186200
2019-06-24 00:00:00-04:00,40.45120017517951,40.57285739167551,40.17312559035706,40.2078857421875,21854400
2019-06-25 00:00:00-04:00,40.08622510290554,40.433816646799016,39.47793575745413,40.094913482666016,20814000
2019-06-26 00:00:00-04:00,40.155740777001384,40.21656937807303,39.78207747618405,39.79945755004883,17106800
2019-06-27 00:00:00-04:00,40.16443689515829,40.43381978245719,40.06884813582881,40.22526550292969,13391600
2019-06-28 00:00:00-04:00,40.677139020025464,41.45053418854439,40.66844732436198,41.12031936645508,31030900
2019-07-01 00:00:00-04:00,41.60695401843586,41.8155083179267,41.18984210454334,41.44184494018555,15089100
2019-07-02 00:00:00-04:00,41.294120415451765,41.53743487666987,40.7727280222418,41.0421142578125,12107200
2019-07-03 00:00:00-04:00,41.10294054385649,41.52874414176924,40.824865942533734,41.415775299072266,10438400
2019-07-05 00:00:00-04:00,41.798123123881346,41.87633180534442,41.42445979188116,41.51136016845703,10801600
2019-07-08 00:00:00-04:00,41.189837521109745,41.70253814643055,41.11162883877571,41.30280303955078,13189300
2019-07-09 00:00:00-04:00,41.1029395249916,41.615640180017294,41.0247308381263,41.56350326538086,12595000
2019-07-10 00:00:00-04:00,41.42446395885097,41.54612449829526,40.87700644845004,40.97259521484375,12784900
2019-07-11 00:00:00-04:00,41.02472630871183,41.34625271638744,40.89438072160115,40.963897705078125,19751400
2019-07-12 00:00:00-04:00,40.94651749368746,41.20721198194816,40.77272006321024,41.15507507324219,12792600
2019-07-15 00:00:00-04:00,41.1898376688332,41.23328620030561,40.35561061597479,40.59023666381836,21338400
2019-07-16 00:00:00-04:00,40.598926124536945,40.816172084852475,39.295450362643784,39.364967346191406,37548300
2019-07-17 00:00:00-04:00,39.27807767076092,39.756018210307026,39.22593743711719,39.286766052246094,24502100
2019-07-18 00:00:00-04:00,39.29544835858854,39.99063473316188,39.26937659054133,39.816837310791016,19409100
2019-07-19 00:00:00-04:00,39.93849619542671,40.329539583516514,39.851599138033535,39.999324798583984,21847900
2019-07-22 00:00:00-04:00,39.87767257155822,40.45120184073305,39.77339542668389,40.39037322998047,17972100
2019-07-23 00:00:00-04:00,40.56417254823338,41.3549478393209,40.54679247080267,41.01604461669922,21150200
2019-07-24 00:00:00-04:00,41.102928016667505,42.11964066124909,41.08554794501802,42.10226058959961,29357200
2019-07-25 00:00:00-04:00,42.16310353541547,42.354281073727705,41.71991984476636,41.7894401550293,20562000
2019-07-26 00:00:00-04:00,41.84157477177097,42.84959593091154,41.77205447083901,42.840904235839844,21641500
2019-07-29 00:00:00-04:00,42.91042840183399,43.075534159053326,41.867646998301204,41.95454406738281,19148600
2019-07-30 00:00:00-04:00,41.719918700727824,42.22393099158062,41.61564155310374,42.189170837402344,14207000
2019-07-31 00:00:00-04:00,41.93715979202659,42.56282923448922,41.80681420145379,42.067508697509766,23422800
2019-08-01 00:00:00-04:00,42.067513309833785,42.26737922255388,40.798797525657186,40.894386291503906,22668600
2019-08-02 00:00:00-04:00,40.93783873559317,41.372330756450815,40.29478908616299,41.22460174560547,20159000
2019-08-05 00:00:00-04:00,40.40774819260732,40.668442679255,39.84290737577882,40.094913482666016,27113500
2019-08-06 00:00:00-04:00,40.503339453677015,40.86831109461144,39.81684138821221,40.78141403198242,19446100
2019-08-07 00:00:00-04:00,40.03408558689402,40.10360588584708,39.30413902243842,39.80815124511719,27830000
2019-08-08 00:00:00-04:00,40.15086457570908,40.9856939284354,40.027837727308814,40.7747917175293,20671300
2019-08-09 00:00:00-04:00,40.440866425895585,41.00327689030185,40.20359888268092,40.686920166015625,19786100
2019-08-12 00:00:00-04:00,39.99269343102474,40.34420164870024,39.83451842052465,39.922393798828125,17364400
2019-08-13 00:00:00-04:00,40.08057443831592,40.79237375880755,39.773003892320766,40.38814163208008,16649100
2019-08-14 00:00:00-04:00,39.56209769448337,39.63239732367743,38.613027558633604,38.6393928527832,28786700
2019-08-15 00:00:00-04:00,38.92939799064593,39.1051521539189,38.08578202961388,38.120933532714844,27900000
2019-08-16 00:00:00-04:00,38.43728709483626,39.14030033604709,38.34062214562635,39.00848388671875,21196600
2019-08-19 00:00:00-04:00,39.65877005173336,39.95755107433263,39.483015917457685,39.76422119140625,15378100
2019-08-20 00:00:00-04:00,39.5796776686016,39.5796776686016,39.219383230882066,39.26332092285156,13345800
2019-08-21 00:00:00-04:00,39.5093774642362,39.79058273533721,39.37756437903768,39.54452896118164,13513700
2019-08-22 00:00:00-04:00,39.83451554914714,40.273899113454185,39.59724802215367,40.08935546875,14703900
2019-08-23 00:00:00-04:00,39.72028424622444,40.115730217757,38.74485196718791,39.03484344482422,21152500
2019-08-26 00:00:00-04:00,39.289687066211194,39.54453039999111,39.09636053043968,39.526954650878906,15973100
2019-08-27 00:00:00-04:00,39.74664463328949,39.83452337475327,39.04363146273539,39.32483673095703,15038200
2019-08-28 00:00:00-04:00,39.22816409345557,40.22995808393529,39.0963510354733,39.957542419433594,14740000
2019-08-29 00:00:00-04:00,40.42329877421773,40.85389625788146,40.22996888127914,40.59026336669922,16196600
2019-08-30 00:00:00-04:00,40.89782476424194,41.21418148077708,40.78358409388632,40.92418670654297,15250600
2019-09-03 00:00:00-04:00,40.69571022775513,40.72207217103411,39.96633184288234,40.50238037109375,17224200
2019-09-04 00:00:00-04:00,40.89782238761664,41.03842499210269,40.66934106018274,40.8626708984375,17123100
2019-09-05 00:00:00-04:00,41.5744738329049,42.33021074348332,41.56568428441798,41.84688949584961,19243400
2019-09-06 00:00:00-04:00,41.81174621287228,41.978710778972086,41.38993499452266,41.433876037597656,18846100
2019-09-09 00:00:00-04:00,41.583265999976696,42.74323850174675,41.205395814314976,42.54112243652344,27651400
2019-09-10 00:00:00-04:00,42.242337659505274,42.9980779632391,42.242337659505274,42.453243255615234,25822400
2019-09-11 00:00:00-04:00,42.435661308650054,43.042009361483515,41.99627778717444,42.92776870727539,19190000
2019-09-12 00:00:00-04:00,42.63778492966789,43.129895768279404,42.3741554402167,42.75202560424805,24305900
2019-09-13 00:00:00-04:00,43.06838515286626,43.37595572816642,42.76081792979741,42.989295959472656,25142400
2019-09-16 00:00:00-04:00,42.585059524614216,43.05959463739853,42.532335635792165,43.04201889038086,17759700
2019-09-17 00:00:00-04:00,42.79596995290059,42.9365725926346,42.453251228063415,42.84869384765625,18346100
2019-09-18 00:00:00-04:00,42.7344403324953,43.24412345152865,42.55868626129308,42.998069763183594,20511700
2019-09-19 00:00:00-04:00,43.05079842459617,43.332003606996985,42.94534396702321,42.98049545288086,16887500
2019-09-20 00:00:00-04:00,43.12111151719627,43.323227595683285,42.716879360222244,42.73445510864258,30229400
2019-09-23 00:00:00-04:00,42.46203030082385,43.138681438566124,42.45324410391611,43.02444076538086,20603400
2019-09-24 00:00:00-04:00,43.04201703697512,43.25292263987457,42.59384724013116,42.75202560424805,21629300
2019-09-25 00:00:00-04:00,42.82232891035183,43.534131609936104,42.75202927150894,43.2880744934082,21313100
2019-09-26 00:00:00-04:00,43.27928695446101,43.38473808557308,42.90141676972581,42.94535446166992,19984000
2019-09-27 00:00:00-04:00,44.28987446666199,45.177427988843455,44.158058027180864,44.56229019165039,59467400
2019-09-30 00:00:00-04:00,44.61501464423314,44.685314282584834,43.99109068785083,44.32501983642578,26897100
2019-10-01 00:00:00-04:00,44.50956780203782,44.62380514440255,43.059600327662736,43.112327575683594,27249300
2019-10-02 00:00:00-04:00,42.813533323314225,43.09473852147799,42.505962833164205,42.593841552734375,23515900
2019-10-03 00:00:00-04:00,42.444456062128666,42.628996373821835,41.58326458866297,42.60263442993164,20212200
2019-10-04 00:00:00-04:00,42.76081925142587,43.279292123646115,42.6465785569417,43.244140625,15779500
2019-10-07 00:00:00-04:00,43.015646934930615,43.31442786023381,42.83989285788812,42.89262008666992,15691900
2019-10-08 00:00:00-04:00,42.40050648043839,42.48838183691519,41.77658273365522,42.02263641357422,19734000
2019-10-09 00:00:00-04:00,42.33022498631595,42.549916841180945,42.25113913670696,42.312652587890625,13467800
2019-10-10 00:00:00-04:00,42.470820368535996,43.12110621903356,42.321428201434124,42.75202560424805,18267800
2019-10-11 00:00:00-04:00,43.463832463191096,43.86806464092717,43.191416729262244,43.244140625,23024600
2019-10-14 00:00:00-04:00,43.13867377772123,43.45503044591158,43.0420088677486,43.296852111816406,16870500
2019-10-15 00:00:00-04:00,43.30564438684492,45.03681675735359,42.86626080872439,44.0350227355957,38478400
2019-10-16 00:00:00-04:00,43.97350986061434,44.184412103538186,43.45503709776639,43.57806396484375,23728400
2019-10-17 00:00:00-04:00,43.92077733460268,44.08774186949656,43.48139380382167,43.59563446044922,20560100
2019-10-18 00:00:00-04:00,43.35837069882624,44.1316867184595,43.34079495380838,43.91199493408203,21199500
2019-10-21 00:00:00-04:00,44.184411974186084,44.37774182315922,44.09653659859686,44.34259033203125,19409100
2019-10-22 00:00:00-04:00,44.32502169004717,44.834708336393604,44.140481360396734,44.48320007324219,18526900
2019-10-23 00:00:00-04:00,44.57107112188019,44.79076291037174,44.43925470789299,44.755611419677734,14173700
2019-10-24 00:00:00-04:00,44.51835001451972,44.992885147524376,44.51835001451972,44.905006408691406,16695400
2019-10-25 00:00:00-04:00,44.8874296361555,45.458626297832,44.81712665194441,45.318023681640625,17433300
2019-10-28 00:00:00-04:00,45.64317617225672,45.739841119697644,45.31803318269032,45.388336181640625,23914800
2019-10-29 00:00:00-04:00,45.256514855310584,46.012255251387316,45.256514855310584,45.84528732299805,21063000
2019-10-30 00:00:00-04:00,45.59044644366042,45.941951336755366,45.361965078529195,45.722259521484375,16155900
2019-10-31 00:00:00-04:00,45.49378494613142,45.72226297629556,44.948950141715905,45.370758056640625,18814700
2019-11-01 00:00:00-04:00,45.81013107039025,45.95073367601103,45.61680123057522,45.854068756103516,16359300
2019-11-04 00:00:00-05:00,46.20557878606746,46.398905281349755,45.90679781819774,46.32860565185547,17559900
2019-11-05 00:00:00-05:00,46.346187455432265,47.0140491079656,46.346187455432265,46.838294982910156,25965300
2019-11-06 00:00:00-05:00,46.829502044205626,47.31282330436221,46.72404757301352,47.277671813964844,22051100
2019-11-07 00:00:00-05:00,47.712386014696676,48.262438284063435,47.712386014696676,47.90756607055664,23452500
2019-11-08 00:00:00-05:00,47.75675721377749,48.11162611456114,47.517218928984235,47.99629211425781,14722100
2019-11-11 00:00:00-05:00,47.72126639753208,48.03177708981654,47.66803454272071,47.95193099975586,10659400
2019-11-12 00:00:00-05:00,47.685774503836086,48.12049282096853,47.57044052021932,48.10274887084961,15187600
2019-11-13 00:00:00-05:00,47.739012048542115,47.81885814144515,47.20670363441764,47.277679443359375,16846800
2019-11-14 00:00:00-05:00,47.215581785219676,47.51722223323334,47.109118061699675,47.45512008666992,16491400
2019-11-15 00:00:00-05:00,47.712392919663415,47.85434114874652,47.40188222614185,47.73013687133789,15225300
2019-11-18 00:00:00-05:00,47.76561786201637,48.00515609848662,47.59705542197237,47.90756607055664,14374600
2019-11-19 00:00:00-05:00,47.996287163915916,48.20034090660373,47.79223680554068,47.93418502807617,14434100
2019-11-20 00:00:00-05:00,47.66802838437272,47.7833623627407,47.242183753835896,47.49946594238281,14994700
2019-11-21 00:00:00-05:00,47.765624281009615,47.84547037056316,47.322035646670486,47.517215728759766,16186100
2019-11-22 00:00:00-05:00,47.81885045644176,48.21807747248399,47.73900437637085,48.155975341796875,13823400
2019-11-25 00:00:00-05:00,48.377776159525034,48.377776159525034,47.94306118606555,48.09387969970703,15561000
2019-11-26 00:00:00-05:00,48.00516235986635,48.01403264342047,47.668034051494004,47.739009857177734,18078900
2019-11-27 00:00:00-05:00,48.04064319022712,48.262437473867486,47.91643554856628,48.209205627441406,16352900
2019-11-29 00:00:00-05:00,47.969675230618705,48.57295605140862,47.969675230618705,48.315673828125,10508600
2019-12-02 00:00:00-05:00,48.18260438290099,48.297935004773926,47.50834768368903,47.57044982910156,20252700
2019-12-03 00:00:00-05:00,47.0292721673206,47.06476007531612,46.2840430209805,46.647789001464844,25560700
2019-12-04 00:00:00-05:00,46.66552581427707,47.44624280576,46.612297340882186,47.23332214355469,18867400
2019-12-05 00:00:00-05:00,47.38413752123665,47.49059784527848,47.109111351123204,47.22444534301758,13499700
2019-12-06 00:00:00-05:00,47.78337324892679,48.27132012106326,47.6325513375752,48.23583221435547,18325700
2019-12-09 00:00:00-05:00,48.05839559561147,48.39552393741574,47.82773097289046,47.83660125732422,15070800
2019-12-10 00:00:00-05:00,47.45512032910581,47.7922453023686,47.35753027420383,47.63255310058594,15959100
2019-12-11 00:00:00-05:00,47.67691693927521,47.88983762887631,47.08250629681934,47.17122268676758,16834200
2019-12-12 00:00:00-05:00,47.34864845519166,48.39551787143606,47.10911019374801,48.22695541381836,19119500
2019-12-13 00:00:00-05:00,47.95192847557971,48.28018310218874,47.40187954206763,47.72126388549805,19179300
2019-12-16 00:00:00-05:00,48.12049282096853,48.404389254246375,48.10274887084961,48.10274887084961,19793500
2019-12-17 00:00:00-05:00,48.005155292609736,48.360024115847004,47.89869498406978,48.209205627441406,16723400
2019-12-18 00:00:00-05:00,48.3156741823702,48.3156741823702,47.57931879484739,47.614803314208984,18857000
2019-12-19 00:00:00-05:00,47.67691286613515,47.756758963992475,47.39301299706561,47.579322814941406,18133300
2019-12-20 00:00:00-05:00,47.95193293395963,47.95193293395963,47.08249957618068,47.313167572021484,66318000
2019-12-23 00:00:00-05:00,47.32203545956754,47.90757231920756,47.24218937032968,47.739009857177734,17637700
2019-12-24 00:00:00-05:00,47.86320919380144,47.94305527479997,47.67690279957566,47.74787521362305,4635500
2019-12-26 00:00:00-05:00,47.95192965852508,48.25357005872704,47.8632132873003,48.0406494140625,12517100
2019-12-27 00:00:00-05:00,48.16485931469473,48.191473552309034,47.79224306652937,47.83660125732422,9892000
2019-12-30 00:00:00-05:00,48.0583908129493,48.13823690215913,47.46398366996377,47.55270004272461,10900500
2019-12-31 00:00:00-05:00,47.490598600201515,47.74788082301237,47.428496461497204,47.73013687133789,12566000
2020-01-02 00:00:00-05:00,47.77449212544923,47.94305796385201,47.47285173412651,47.68577575683594,16803100
2020-01-03 00:00:00-05:00,47.11799018453667,47.57044914955216,46.931683750960474,47.39301300048828,15608800
2020-01-06 00:00:00-05:00,46.789738388485944,47.19783918743238,46.77199443405611,47.1091194152832,13200300
2020-01-07 00:00:00-05:00,47.064752400448555,47.064752400448555,46.55019135567584,46.718753814697266,13278600
2020-01-08 00:00:00-05:00,46.878450282074425,47.313168663145696,46.84296237661699,46.8607063293457,16585600
2020-01-09 00:00:00-05:00,47.19783918386261,47.19783918386261,46.55907036168989,46.78086471557617,20817400
2020-01-10 00:00:00-05:00,46.834083490893576,46.93167352082175,46.559057350578954,46.57680130004883,13777600
2020-01-13 00:00:00-05:00,46.576806853190305,46.576806853190305,45.98239970448636,46.23080825805664,25197600
2020-01-14 00:00:00-05:00,44.56291776382744,45.01538010631869,43.69348436929706,43.73784255981445,56668300
2020-01-15 00:00:00-05:00,43.32086668050079,43.32973696389065,42.56676398848324,42.868404388427734,47148000
2020-01-16 00:00:00-05:00,42.9926143288831,43.7555874048627,42.44256530976576,43.693485260009766,37020200
2020-01-17 00:00:00-05:00,43.79994446530038,43.844302655576634,43.05471536199505,43.63138198852539,29669200
2020-01-21 00:00:00-05:00,43.551531157225796,44.25240199405369,43.29424894355794,43.418453216552734,30858300
2020-01-22 00:00:00-05:00,43.498300360265354,43.551532214689615,42.84179107726302,43.081329345703125,20367700
2020-01-23 00:00:00-05:00,42.93050830287981,42.98374015836119,42.56676575120558,42.77968978881836,17297900
2020-01-24 00:00:00-05:00,42.753074821386896,42.77081877431489,41.857027196557716,42.203025817871094,21239600
2020-01-27 00:00:00-05:00,41.59974247101293,42.069945350426245,41.466667908470384,41.786048889160156,18156200
2020-01-28 00:00:00-05:00,42.14978562147751,42.398197529018276,41.945735279638086,42.02558135986328,16673300
2020-01-29 00:00:00-05:00,42.06995279042225,42.495800941944644,41.92800453468591,41.9368782043457,16166300
2020-01-30 00:00:00-05:00,41.848160178729195,42.54016091564635,41.73282954283759,42.50467300415039,14760200
2020-01-31 00:00:00-05:00,42.069948730014595,42.09656635211159,41.47554152408619,41.64410400390625,23080400
2020-02-03 00:00:00-05:00,41.910247103956145,42.33609169985251,41.72393734349797,41.80378341674805,15471100
2020-02-04 00:00:00-05:00,42.318353915743195,42.44255818459792,41.91912349134409,41.92799377441406,14973300
2020-02-05 00:00:00-05:00,42.495792671234305,42.93938130711645,42.38932896191744,42.859535217285156,20141800
2020-02-06 00:00:00-05:00,43.433390059196455,43.48718987596192,42.904370499146225,43.02093505859375,18259200
2020-02-07 00:00:00-05:00,42.79676211244544,43.03885608839317,42.572601403651724,42.89539337158203,13174600
2020-02-10 00:00:00-05:00,42.742971431961145,42.91333579606806,42.51881067533348,42.832637786865234,18124800
2020-02-11 00:00:00-05:00,43.11060142681546,43.343727125326126,42.985068521009154,43.029903411865234,13686100
2020-02-12 00:00:00-05:00,43.23613514837448,43.47822921694495,42.82367668687167,42.85057830810547,16668100
2020-02-13 00:00:00-05:00,42.69813619840928,43.200257480316026,42.63537146572361,43.14645767211914,12530000
2020-02-14 00:00:00-05:00,43.1643814401472,43.32577740878988,42.814691314894944,43.236114501953125,15526400
2020-02-18 00:00:00-05:00,43.011964712114704,43.146459106445846,41.720796635838035,42.13325500488281,22423800
2020-02-19 00:00:00-05:00,42.3663783811896,42.45604130589131,42.12428437998938,42.22291564941406,15602500
2020-02-20 00:00:00-05:00,42.14221616827279,42.50983961930683,41.85529071480335,42.44707489013672,15965500
2020-02-21 00:00:00-05:00,42.57260820825396,42.90436515257723,42.231882918709736,42.76987075805664,21729100
2020-02-24 00:00:00-05:00,41.76563643901258,42.09739342193351,41.478707505725765,41.595272064208984,23075900
2020-02-25 00:00:00-05:00,41.5056134488685,41.84633539313417,40.31307638267185,40.456539154052734,31110100
2020-02-26 00:00:00-05:00,40.77931760048643,40.9317486680645,39.568851085744484,39.577816009521484,27372600
2020-02-27 00:00:00-05:00,38.84257425442887,39.73921724907482,38.04456253646142,38.08042907714844,41180000
2020-02-28 00:00:00-05:00,37.04031935563737,37.54243718955497,35.64155520310719,36.62786102294922,71703000
2020-03-02 00:00:00-05:00,36.74442985600503,37.91006507593223,35.381532080864034,37.89213180541992,44231200
2020-03-03 00:00:00-05:00,37.7128046414446,38.4659848748967,35.89261708202283,36.340938568115234,45091000
2020-03-04 00:00:00-05:00,36.771331409161,37.14792328346295,35.829856854038994,37.12102508544922,33881500
2020-03-05 00:00:00-05:00,35.86572736859839,35.87469229545473,34.58352734153721,34.87942123413086,45037900
2020-03-06 00:00:00-05:00,33.175794599174466,33.785512178955216,32.57504536580277,33.256492614746094,56766500
2020-03-09 00:00:00-04:00,30.23480766835787,30.916254947361022,28.889842963116642,29.122968673706055,53277200
2020-03-10 00:00:00-04:00,31.050748847129267,31.454238891601562,28.94363569062802,31.454238891601562,40078700
2020-03-11 00:00:00-04:00,30.530695733522183,30.72795830270838,28.701543056764336,28.98847198486328,44769500
2020-03-12 00:00:00-04:00,26.72892807929623,27.67040428107061,24.31695957494064,24.388690948486328,68447600
2020-03-13 00:00:00-04:00,27.033786246450173,28.477382031113077,24.899776648010533,27.697301864624023,78365700
2020-03-16 00:00:00-04:00,23.61757698929144,26.20887473753087,23.58171044803721,23.76103973388672,57466700
2020-03-17 00:00:00-04:00,24.7742437903368,27.45520769789406,23.214085272995188,26.567529678344727,58112800
2020-03-18 00:00:00-04:00,24.837010056477734,25.904013920907566,24.1196946802461,25.213600158691406,51904100
2020-03-19 00:00:00-04:00,24.80114559108641,26.101278643408616,23.572745621572817,25.366031646728516,53123500
2020-03-20 00:00:00-04:00,25.715721766760943,25.778486503745025,23.474114244696157,23.76103973388672,73915800
2020-03-23 00:00:00-04:00,23.54584157485417,24.092794263609488,22.514702633763246,22.64023208618164,47064100
2020-03-24 00:00:00-04:00,24.173492871295142,26.1550746604472,23.60860857089157,25.9309139251709,48630300
2020-03-25 00:00:00-04:00,26.002644150164237,27.168279238328736,24.89977379148713,25.975744247436523,53341100
2020-03-26 00:00:00-04:00,26.298535455713395,28.145619299380552,26.074374736960227,27.70626449584961,45494700
2020-03-27 00:00:00-04:00,26.917225077154367,28.055962174037823,26.074380121722974,27.150352478027344,38942800
2020-03-30 00:00:00-04:00,27.222081914683425,27.329678116520384,25.904015615599718,26.827558517456055,41232800
2020-03-31 00:00:00-04:00,26.370273621535745,26.67513241451855,25.24946973857278,25.733657836914062,36920300
2020-04-01 00:00:00-04:00,24.22729296026202,24.541118335332804,23.49204601365719,23.823802947998047,48497400
2020-04-02 00:00:00-04:00,23.734139680540547,24.68458249534489,23.65344167343054,24.4066219329834,33113500
2020-04-03 00:00:00-04:00,24.20936122071478,24.532153250925106,23.232020204987577,23.518945693969727,32735800
2020-04-06 00:00:00-04:00,24.576983206359674,25.850216268103043,24.568016571603863,25.670886993408203,36056100
2020-04-07 00:00:00-04:00,27.571767770064852,27.59866767136997,25.742615526369253,25.796415328979492,39229900
2020-04-08 00:00:00-04:00,26.30750752259595,27.329680063937463,25.715723239691826,27.150352478027344,42213700
2020-04-09 00:00:00-04:00,27.903531551174307,30.40516468912436,27.885598280313243,29.7685489654541,62462000
2020-04-13 00:00:00-04:00,29.786477713705644,29.804410981843823,28.163552861622563,28.181486129760742,36068900
2020-04-14 00:00:00-04:00,28.791205352016352,29.140895551365315,26.504764828782815,27.060684204101562,64267100
2020-04-15 00:00:00-04:00,25.796418538551567,26.101277283764475,25.303263881196223,25.500526428222656,41883900
2020-04-16 00:00:00-04:00,25.357060112470524,25.357060112470524,23.90449796023224,24.11072540283203,52962100
2020-04-17 00:00:00-04:00,25.24049648801561,25.805382454718824,24.92667114098166,25.44672393798828,46985000
2020-04-20 00:00:00-04:00,24.505253054254755,25.90401565155214,24.137629562081795,24.81907844543457,45441600
2020-04-21 00:00:00-04:00,24.11969508621945,24.43352046171481,23.761038247172202,24.06589698791504,41918700
2020-04-22 00:00:00-04:00,24.657681974942847,24.72941334500698,23.940368274301544,24.030031204223633,28043300
2020-04-23 00:00:00-04:00,24.16452919477578,24.39765486651682,23.68930779577276,23.787939071655273,38331500
2020-04-24 00:00:00-04:00,24.03003064758869,24.46938720304128,23.644475611306763,24.13762855529785,35135900
2020-04-27 00:00:00-04:00,24.541119274506336,25.626056466452678,24.352823358173612,25.4736270904541,39606100
2020-04-28 00:00:00-04:00,26.54063061272773,26.827556071750084,25.63502106380676,25.88608169555664,35188000
2020-04-29 00:00:00-04:00,26.98895281345734,27.31174310864396,26.585462806710712,26.899288177490234,38515200
2020-04-30 00:00:00-04:00,26.289567885553573,26.549595130948624,25.64398565420975,26.047473907470703,29506100
2020-05-01 00:00:00-04:00,25.55432936336588,25.581229273108566,24.460425353662693,24.738384246826172,35197600
2020-05-04 00:00:00-04:00,24.173490046176852,24.612846540956895,23.850699788046242,24.523181915283203,34343900
2020-05-05 00:00:00-04:00,24.675617995741433,24.926676963847463,23.536880872597518,23.599645614624023,56753400
2020-05-06 00:00:00-04:00,23.72517117114834,23.89553380716868,22.774730141633466,22.96302604675293,57732900
2020-05-07 00:00:00-04:00,23.411309519715296,23.877889165759996,22.99962108351112,23.081958770751953,52387000
2020-05-08 00:00:00-04:00,23.457050823169222,23.585132633510284,23.081957707444722,23.264930725097656,53725300
2020-05-11 00:00:00-04:00,22.972175175918785,23.081957589983862,22.50559555374218,22.670270919799805,51444200
2020-05-12 00:00:00-04:00,22.834949684020124,23.118558098312143,21.95668319384723,21.99327850341797,53560500
2020-05-13 00:00:00-04:00,21.91093718327651,21.91093718327651,20.126956270414787,20.611833572387695,90209900
2020-05-14 00:00:00-04:00,20.24588677998156,22.496447261129397,20.145253188865553,22.01156997680664,87965500
2020-05-15 00:00:00-04:00,21.673072403305518,21.801152472527427,21.115006253192792,21.37116813659668,51616700
2020-05-18 00:00:00-04:00,22.45985382408359,23.411310820644136,22.267733706485902,23.24663543701172,55684400
2020-05-19 00:00:00-04:00,22.871542343377214,23.008771248445438,21.88349178394173,21.910938262939453,48234300
2020-05-20 00:00:00-04:00,22.404960902318326,22.633676307705354,22.286029659299498,22.43240737915039,45297100
2020-05-21 00:00:00-04:00,22.313475754618803,22.734313033625103,22.24943571639093,22.37751579284668,28376500
2020-05-22 00:00:00-04:00,22.35921663380169,22.40495901303788,21.883488211921673,22.11220359802246,30415300
2020-05-26 00:00:00-04:00,22.917281870629168,24.252980684202978,22.9081347903981,24.02426528930664,57720300
2020-05-27 00:00:00-04:00,25.433156226646595,25.853993543570216,24.554889774743902,25.57038688659668,61963000
2020-05-28 00:00:00-04:00,25.90888070484135,25.95462483265078,24.8110478118159,24.90253257751465,51490200
2020-05-29 00:00:00-04:00,24.243835181727384,24.76530607436713,23.868742022286153,24.216388702392578,51336900
2020-06-01 00:00:00-04:00,24.344466722557726,25.24103063450342,24.12490015707878,24.783599853515625,34201700
2020-06-02 00:00:00-04:00,25.23188654236124,25.606979713532564,24.847644544458877,25.067211151123047,39058000
2020-06-03 00:00:00-04:00,25.972920081288443,26.704810403070383,25.927177699597074,26.375459671020508,50814000
2020-06-04 00:00:00-04:00,26.97012394450883,27.6745679101019,26.201639935672812,27.64712142944336,61839200
2020-06-05 00:00:00-04:00,31.004655200718645,31.004655200718645,28.781541510647916,28.973663330078125,107651200
2020-06-08 00:00:00-04:00,30.098948427316103,30.583823964846065,29.522584634644577,30.48318862915039,69051300
2020-06-09 00:00:00-04:00,29.678112291134486,30.263626710657896,28.82729237591523,29.851938247680664,51480400
2020-06-10 00:00:00-04:00,29.550032011344708,29.5774802353042,27.125648871800486,27.180540084838867,82090000
2020-06-11 00:00:00-04:00,24.884236956886767,26.009516339509968,24.426806143304,24.509143829345703,75621300
2020-06-12 00:00:00-04:00,25.616128654998676,25.826546435874267,25.02146887449969,25.588682174682617,51301200
2020-06-15 00:00:00-04:00,24.573182950414772,25.97292007116092,24.298723425493556,25.808244705200195,48311400
2020-06-16 00:00:00-04:00,26.924380007020606,27.125648952063674,25.4057097304369,26.091856002807617,52985600
2020-06-17 00:00:00-04:00,26.07355920833847,26.119301596684785,25.0214685717309,25.11295509338379,38660800
2020-06-18 00:00:00-04:00,24.792748692367923,25.552083719433067,24.63722215694687,25.204435348510742,33670200
2020-06-19 00:00:00-04:00,25.616125499115466,25.66186788237986,24.71041269979195,25.250181198120117,71903000
2020-06-22 00:00:00-04:00,24.948274540979384,25.27762350783489,24.60062617962759,25.02146339416504,32808300
2020-06-23 00:00:00-04:00,25.414857079710192,25.88143672720035,24.875088570552567,24.91168212890625,47279100
2020-06-24 00:00:00-04:00,24.664665064247938,24.728706834655437,23.777250042404773,23.896183013916016,57380900
2020-06-25 00:00:00-04:00,23.749809667303367,25.07635987345705,23.68576962541296,25.039766311645508,45102200
2020-06-26 00:00:00-04:00,23.87789329028172,24.152351131852615,23.100260412550323,23.182598114013672,81172300
2020-06-29 00:00:00-04:00,23.411306583570244,23.69491316796435,23.10940234987074,23.51194190979004,43769200
2020-06-30 00:00:00-04:00,23.063660621303924,23.66747089635635,23.02706706385351,23.42045783996582,46610000
2020-07-01 00:00:00-04:00,23.539387330664436,23.7498050689815,22.80749878653555,22.953876495361328,37509300
2020-07-02 00:00:00-04:00,23.557691311808746,23.941933336984235,22.963031491764877,23.182598114013672,37013300
2020-07-06 00:00:00-04:00,23.621730438046512,23.804703488604154,22.853246417640943,23.319826126098633,46983100
2020-07-07 00:00:00-04:00,23.054514969724647,23.072810877103915,22.267733368730372,22.37751579284668,36920500
2020-07-08 00:00:00-04:00,22.35922052515091,22.67027364397977,22.02072092702766,22.459854125976562,38413400
2020-07-09 00:00:00-04:00,22.414114093719046,22.670276025833008,21.691372434340582,21.99327850341797,38118900
2020-07-10 00:00:00-04:00,22.121354519225243,23.35641807020414,22.093908042106573,23.301525115966797,56483300
2020-07-13 00:00:00-04:00,23.6217285908588,23.822999279725178,22.816651070273892,23.24663543701172,51038800
2020-07-14 00:00:00-04:00,21.883490022279073,22.313474355534336,21.343721526830947,22.185394287109375,118952600
2020-07-15 00:00:00-04:00,22.853244262584905,23.374715139051165,22.72516418624868,23.191743850708008,61714300
2020-07-16 00:00:00-04:00,22.789204247275233,23.8687413059353,22.706866556702163,23.292377471923828,48676800
2020-07-17 00:00:00-04:00,23.3198204516773,23.457049333723408,22.74345844909969,22.825796127319336,39184100
2020-07-20 00:00:00-04:00,22.61538022517004,22.761757955174232,22.322624765161656,22.478151321411133,38682200
2020-07-21 00:00:00-04:00,22.642823735657213,24.042562558410697,22.60622843547335,23.96937370300293,58395200
2020-07-22 00:00:00-04:00,23.905332306782952,24.10660297106612,23.62172570570029,24.02426528930664,41030500
2020-07-23 00:00:00-04:00,23.932779429029708,24.252981339528567,23.511943928630085,24.106603622436523,50791000
2020-07-24 00:00:00-04:00,24.216385383438773,24.5640337608588,23.969374083120314,24.02426528930664,39357000
2020-07-27 00:00:00-04:00,23.804703488604154,23.804703488604154,23.10025951240566,23.319826126098633,34761000
2020-07-28 00:00:00-04:00,23.173447473595637,23.511947080346008,23.173447473595637,23.356420516967773,30505200
2020-07-29 00:00:00-04:00,23.283230224598345,23.621728065685776,22.871541774670217,23.585134506225586,31442100
2020-07-30 00:00:00-04:00,23.045364299677257,23.091106681905806,22.4141093041551,22.55133819580078,51019200
2020-07-31 00:00:00-04:00,22.414106572671436,22.56048427191659,22.029864675912965,22.19454002380371,45537900
2020-08-03 00:00:00-04:00,22.185391472887698,22.414106848896846,21.865189597482917,22.221986770629883,27863700
2020-08-04 00:00:00-04:00,22.13965354004781,22.221991231536595,21.984126983342342,22.157949447631836,28106900
2020-08-05 00:00:00-04:00,22.32262420654297,22.64282613727423,22.267732995405083,22.32262420654297,32935400
2020-08-06 00:00:00-04:00,22.23076340189819,22.506350668410033,22.15727334735229,22.267507553100586,44670300
2020-08-07 00:00:00-04:00,22.166456943282803,23.167759980615504,22.047036267774406,23.029966354370117,46272400
2020-08-10 00:00:00-04:00,23.167759362075536,23.40660245885664,22.24913287544404,22.690074920654297,50602600
2020-08-11 00:00:00-04:00,23.232064900371828,24.01289601943573,23.149388375647725,23.25962257385254,55000100
2020-08-12 00:00:00-04:00,23.865913610991907,24.01289369580297,22.708444128999165,23.140199661254883,42868500
2020-08-13 00:00:00-04:00,22.919731917170008,23.176946216263406,22.671702341209087,22.98403549194336,27387800
2020-08-14 00:00:00-04:00,22.77274925585497,23.415786683407884,22.63495389439145,23.241247177124023,26743400
2020-08-17 00:00:00-04:00,22.993224346247093,23.094272080428418,22.451234514021024,22.478792190551758,36661700
2020-08-18 00:00:00-04:00,22.432859499766206,22.46041892590513,22.056222769905993,22.083782196044922,29680700
2020-08-19 00:00:00-04:00,22.05622246970515,22.405299768675246,21.90005589465882,22.111339569091797,33667800
2020-08-20 00:00:00-04:00,21.808192522704637,21.991918520384626,21.679585375613225,21.817378997802734,36022100
2020-08-21 00:00:00-04:00,21.71632957458496,21.964359146389953,21.606095377432283,21.71632957458496,27198000
2020-08-24 00:00:00-04:00,21.8633109688696,22.51553672391176,21.688773187669664,22.497163772583008,36906700
2020-08-25 00:00:00-04:00,22.72681966225376,22.86461328841717,22.322623506985533,22.607398986816406,35077300
2020-08-26 00:00:00-04:00,22.51553602604196,22.579839601558433,22.083782196044922,22.083782196044922,28348200
2020-08-27 00:00:00-04:00,22.037851114594087,22.76356694297624,22.01947816275479,22.589027404785156,36706600
2020-08-28 00:00:00-04:00,22.736010053866956,22.754383007757735,22.368559736757977,22.680892944335938,25797300
2020-08-31 00:00:00-04:00,22.497157060710247,22.515530006557558,22.129706904466783,22.184823989868164,27615500
2020-09-01 00:00:00-04:00,22.06541031173075,22.35937052952262,21.808194245092313,22.092967987060547,30508800
2020-09-02 00:00:00-04:00,22.056223541144426,22.653330444571974,21.982733487678594,22.570653915405273,40334000
2020-09-03 00:00:00-04:00,22.78193929047177,23.296371455043435,22.32262598419499,22.52472496032715,42349300
2020-09-04 00:00:00-04:00,22.965667341176108,23.14020690356863,22.276697320940823,22.772756576538086,48745000
2020-09-08 00:00:00-04:00,22.30425333720469,22.552281174882935,21.808194157565993,22.01947784423828,49082900
2020-09-09 00:00:00-04:00,22.05622534171919,22.11134244828282,21.77145158030902,21.90005874633789,49427900
2020-09-10 00:00:00-04:00,22.07459440136233,22.662514773393784,21.91842783352386,22.0011043548584,54211700
2020-09-11 00:00:00-04:00,21.97354906976894,22.340999371509305,21.780636566266963,22.295068740844727,34861100
2020-09-14 00:00:00-04:00,22.396114644794192,22.93810445253252,22.25832101194266,22.79112434387207,49787100
2020-09-15 00:00:00-04:00,22.9289168390138,23.002408641838542,22.561466585595184,22.855426788330078,41954800
2020-09-16 00:00:00-04:00,22.846240970463594,23.884288105651837,22.736005023649344,23.61788558959961,51768200
2020-09-17 00:00:00-04:00,23.17694562195434,23.36067161843076,22.87379895426691,23.06671142578125,51531300
2020-09-18 00:00:00-04:00,22.91054144975519,23.333108725857233,22.873795555064213,23.085079193115234,115153200
2020-09-21 00:00:00-04:00,22.46041892590513,22.524722501421603,21.789820240319443,22.083782196044922,56188400
2020-09-22 00:00:00-04:00,22.02866202643628,22.377741061423396,21.615281171919015,21.725515365600586,39839500
2020-09-23 00:00:00-04:00,21.844938207502256,22.166456072057624,20.97224235534668,20.97224235534668,45697700
2020-09-24 00:00:00-04:00,21.091662913360803,21.789819240923258,20.724212675733444,21.4223690032959,43329100
2020-09-25 00:00:00-04:00,21.23864513335506,21.780633148280856,21.13759565918096,21.71632957458496,30229900
2020-09-28 00:00:00-04:00,22.0378480065883,22.295064039639826,21.826564346657158,21.881681442260742,41103500
2020-09-29 00:00:00-04:00,21.789817748804634,21.789817748804634,21.192710934531114,21.367250442504883,38416300
2020-09-30 00:00:00-04:00,21.459116844128353,21.927616596532374,21.358067362587946,21.59691047668457,43071500
2020-10-01 00:00:00-04:00,21.652023998684125,21.872494124743156,21.27538731431568,21.642837524414062,38879800
2020-10-02 00:00:00-04:00,21.266201188982674,22.12971051098799,21.20189762017796,22.0378475189209,26238600
2020-10-05 00:00:00-04:00,22.249137052648585,22.59821616430599,22.249137052648585,22.46042251586914,22607500
2020-10-06 00:00:00-04:00,22.671698347531034,22.965658495936513,22.08377805072008,22.212385177612305,30991300
2020-10-07 00:00:00-04:00,22.432860548029858,22.90136030143796,22.40530112060311,22.79112434387207,34647300
2020-10-08 00:00:00-04:00,22.85542401973595,23.268806599844886,22.662513317112317,23.241247177124023,26483400
2020-10-09 00:00:00-04:00,23.32392369314581,23.434159631888463,22.974846432718888,23.241247177124023,28211300
2020-10-12 00:00:00-04:00,23.149387927978523,23.64544531458927,23.103455552830614,23.590328216552734,25855600
2020-10-13 00:00:00-04:00,23.35148434891472,23.42497439457678,22.690073937956218,22.726818084716797,29939600
2020-10-14 00:00:00-04:00,22.295064037358728,22.44204412704717,21.339691702242984,21.358064651489258,75388100
2020-10-15 00:00:00-04:00,21.183525286863254,21.211084710926425,20.898751580107394,21.082477569580078,60328600
2020-10-16 00:00:00-04:00,21.137597175486786,21.33969438619146,20.770146905050513,20.99980354309082,43141200
2020-10-19 00:00:00-04:00,21.027362794799558,21.04573574773415,20.678285449748504,20.70584487915039,37423600
2020-10-20 00:00:00-04:00,20.88037881993997,21.247829050074106,20.84363467299701,20.953868865966797,34751200
2020-10-21 00:00:00-04:00,20.963053626705577,21.082476036822733,20.76095645469139,20.852819442749023,29528300
2020-10-22 00:00:00-04:00,20.816074913710302,21.42236822171034,20.770144292735495,21.358064651489258,32238300
2020-10-23 00:00:00-04:00,21.661209228238683,21.670395701980862,21.23864194894268,21.385622024536133,24558300
2020-10-26 00:00:00-04:00,21.10084723272165,21.14677960282085,20.76095645469139,20.852819442749023,34034100
2020-10-27 00:00:00-04:00,20.770147525308484,20.770147525308484,20.044431686401367,20.044431686401367,49636500
2020-10-28 00:00:00-04:00,19.502441170312135,19.73209780703877,19.107431474799743,19.456510543823242,54835900
2020-10-29 00:00:00-04:00,19.337087040250886,19.640233713850062,19.070686267519967,19.419763565063477,46184000
2020-10-30 00:00:00-04:00,19.383018732644477,19.713723068089017,19.144175641848406,19.704538345336914,34592400
2020-11-02 00:00:00-05:00,19.934197563799177,20.191411885821648,19.46569779593391,20.117921829223633,38401200
2020-11-03 00:00:00-05:00,20.494554760428887,20.66909426930243,20.200594588941343,20.292457580566406,38427000
2020-11-04 00:00:00-05:00,19.98012576210044,20.72421271367575,19.447322478530065,20.099546432495117,47203200
2020-11-05 00:00:00-05:00,20.20105716534211,20.82859144676388,20.17337296834057,20.60710906982422,38319700
2020-11-06 00:00:00-05:00,20.763994985701416,20.82859379958278,20.154917940269026,20.21951675415039,29502900
2020-11-09 00:00:00-05:00,22.17594680343582,22.951136073780674,21.5022691983651,22.351285934448242,102118900
2020-11-10 00:00:00-05:00,22.4804862677251,22.489714921354803,22.019064147354296,22.3236026763916,49029100
2020-11-11 00:00:00-05:00,22.3605155307247,22.646598512688307,22.1574904314284,22.3236026763916,38309200
2020-11-12 00:00:00-05:00,22.06520231891996,22.28668469198614,21.742206531462248,21.972917556762695,34505900
2020-11-13 00:00:00-05:00,22.065207067615948,22.314375451008946,21.899094812020614,22.212862014770508,30056100
2020-11-16 00:00:00-05:00,23.06187692166653,23.09879153547584,22.508170035826545,22.97882080078125,36954800
2020-11-17 00:00:00-05:00,22.63737000542707,23.209532452682357,22.628141351737696,23.108020782470703,29490400
2020-11-18 00:00:00-05:00,23.209534324908883,23.947810837941145,23.12647819519043,23.12647819519043,44318300
2020-11-19 00:00:00-05:00,23.246443417412344,24.196971715756597,23.04341658849576,24.1416015625,44560000
2020-11-20 00:00:00-05:00,24.030868444499948,24.206207608960447,23.49561701555959,23.514074325561523,38469100
2020-11-23 00:00:00-05:00,23.947807485155725,24.400000927988554,23.873980020207213,24.270801544189453,40691400
2020-11-24 00:00:00-05:00,25.341300413520983,26.513312948062424,25.2305600972945,26.402572631835938,80523400
2020-11-25 00:00:00-05:00,26.144175521347652,26.476399989055746,25.8396370126771,26.38411521911621,38875500
2020-11-27 00:00:00-05:00,26.384113712237475,26.42102656199373,26.00574776126206,26.264142990112305,20281400
2020-11-30 00:00:00-05:00,26.236457692278755,26.356426649186,25.17518734356851,25.23978614807129,48211000
2020-12-01 00:00:00-05:00,25.97806229355882,26.467170323394907,25.87655063467625,25.89500617980957,41924200
2020-12-02 00:00:00-05:00,25.83040937982752,26.75325359529911,25.701211752920905,26.642513275146484,35508000
2020-12-03 00:00:00-05:00,26.707110189862156,27.214673768212123,26.568683919419943,26.91013526916504,41264600
2020-12-04 00:00:00-05:00,27.223902822682412,27.65763894585157,27.076247897340334,27.270044326782227,47168800
2020-12-07 00:00:00-05:00,27.150077544906228,27.343873989943837,26.827081709657854,27.076250076293945,31713000
2020-12-08 00:00:00-05:00,26.79016747657979,27.039334070205815,26.208774651019315,26.707111358642578,32209500
2020-12-09 00:00:00-05:00,26.983961325072592,26.983961325072592,26.402570315427447,26.80862045288086,35276000
2020-12-10 00:00:00-05:00,26.504083572186378,27.279272805372972,26.33797310237686,27.21467399597168,31730200
2020-12-11 00:00:00-05:00,26.780939273490002,27.12239064391585,26.4579434494382,26.8363094329834,29779100
2020-12-14 00:00:00-05:00,27.260817032951504,27.482299417705374,26.31028692488714,26.430255889892578,28378000
2020-12-15 00:00:00-05:00,26.882448494085786,27.47306992897563,26.67019476851209,27.436155319213867,38866200
2020-12-16 00:00:00-05:00,27.353102736749666,27.602271104234802,27.20544779902196,27.36233139038086,35204800
2020-12-17 00:00:00-05:00,27.50075894106175,27.59304372143829,27.168536195966304,27.19622039794922,42870500
2020-12-18 00:00:00-05:00,27.196216913217256,27.33464494613776,26.577911252161297,26.771709442138672,53716400
2020-12-21 00:00:00-05:00,27.288501632496377,27.58381148318053,26.614825815599954,27.270044326782227,52731600
2020-12-22 00:00:00-05:00,27.362329847167537,27.426928658756875,26.71633997108857,26.725566864013672,25655900
2020-12-23 00:00:00-05:00,27.020876911723892,28.137517470402106,27.011648259149837,28.008319854736328,38383700
2020-12-24 00:00:00-05:00,27.95295265160977,28.036007013176704,27.37155979934144,27.53767204284668,14443700
2020-12-28 00:00:00-05:00,27.759153818786647,28.128291151446245,27.60227023238311,27.6207275390625,21658500
2020-12-29 00:00:00-05:00,27.823751159254837,27.842208464957274,27.454613846133846,27.4822998046875,19584400
2020-12-30 00:00:00-05:00,27.50075423413156,27.722238373201137,27.362327967352183,27.454612731933594,18519300
2020-12-31 00:00:00-05:00,27.45461335047967,27.906806770912368,27.38078588918832,27.851436614990234,21081200
2021-01-04 00:00:00-05:00,27.980640292080157,28.091382388093788,27.131623423262,27.408477783203125,31421600
2021-01-05 00:00:00-05:00,27.768382712334333,28.56202930455708,27.519214350564077,28.174434661865234,37360000
2021-01-06 00:00:00-05:00,29.43872637104447,30.453855230774025,29.337214717201316,30.16777229309082,73507500
2021-01-07 00:00:00-05:00,30.989109340465554,31.56127174795478,30.749167881589596,30.85068130493164,50634100
2021-01-08 00:00:00-05:00,31.016794473282886,31.053709086586185,30.14931866251179,30.62919807434082,32324700
2021-01-11 00:00:00-05:00,30.121639549909844,30.970658197418537,29.826329634351662,30.67534828186035,33739300
2021-01-12 00:00:00-05:00,31.376706765198406,31.85658623228722,31.062939556731553,31.321334838867188,59146400
2021-01-13 00:00:00-05:00,31.210588347615257,31.616638499467616,31.03524922939126,31.19213104248047,35734800
2021-01-14 00:00:00-05:00,31.4413018693985,32.39183027665014,31.385929949612194,32.0688362121582,55856900
2021-01-15 00:00:00-05:00,30.52768710441931,30.915279969482423,29.36490146848764,29.567928314208984,91993100
2021-01-19 00:00:00-05:00,29.909384619733096,30.490777533827966,29.789413871027733,30.112411499023438,43806800
2021-01-20 00:00:00-05:00,30.25083240601081,30.29697743330929,29.80786760284176,29.955522537231445,29949800
2021-01-21 00:00:00-05:00,29.826325268449636,29.92783869713321,29.457187928035296,29.531015396118164,28240600
2021-01-22 00:00:00-05:00,28.92193609611281,29.58638501739271,28.74659521297666,29.43872833251953,24476100
2021-01-25 00:00:00-05:00,29.42027239048516,29.854008531835095,29.180334446886047,29.752498626708984,28515500
2021-01-26 00:00:00-05:00,29.98321224346391,30.02012333922745,28.940397220062568,28.958852767944336,28026500
2021-01-27 00:00:00-05:00,28.534345903881167,28.63585934041625,27.61150160137555,27.842212677001953,45074900
2021-01-28 00:00:00-05:00,28.174437437435884,28.654315141226256,27.971410562576658,28.432832717895508,28770200
2021-01-29 00:00:00-05:00,28.39591359850243,28.783508193899912,27.519210992665005,27.574581146240234,39500800
2021-02-01 00:00:00-05:00,27.814524150452264,27.88835161744022,27.390016655317908,27.676097869873047,23713400
2021-02-02 00:00:00-05:00,28.10983102558544,28.78350857033383,28.036003566457797,28.377456665039062,25302900
2021-02-03 00:00:00-05:00,28.349771332881815,29.31875873550601,28.24825967445899,29.254159927368164,28507800
2021-02-04 00:00:00-05:00,29.504124192551465,30.411371483632138,29.43931917498639,30.235477447509766,30825400
2021-02-05 00:00:00-05:00,30.550231804943387,30.72612580762764,30.09660559700484,30.14289665222168,24908100
2021-02-08 00:00:00-05:00,30.346566990241232,31.077921981033477,28.48578142019405,30.920543670654297,29223800
2021-02-09 00:00:00-05:00,30.744647982927162,30.929801648160634,30.46691925083317,30.790935516357422,23539800
2021-02-10 00:00:00-05:00,30.99459885664261,31.189008578043026,30.633551222181342,30.73538589477539,22687000
2021-02-11 00:00:00-05:00,30.735382162024262,30.86498862721742,29.96699593050578,30.291015625,22393200
2021-02-12 00:00:00-05:00,30.22621561952533,31.124204880600075,30.22621561952533,31.04088592529297,34473100
2021-02-16 00:00:00-05:00,31.540800034146073,32.33695816515019,31.475996793856133,32.20735168457031,36468200
2021-02-17 00:00:00-05:00,31.79075918052392,34.669887893850905,31.503770859029004,33.87372970581055,80157700
2021-02-18 00:00:00-05:00,33.73486474463567,34.58657011380741,33.494167474018155,34.21626281738281,43334700
2021-02-19 00:00:00-05:00,34.3736392095267,35.04018729339124,34.281060634329165,35.02167510986328,39023000
2021-02-22 00:00:00-05:00,34.87355910174237,35.105000306924666,34.34587343644774,34.493995666503906,34690000
2021-02-23 00:00:00-05:00,34.799495057462444,34.96613298523258,33.8829864547267,34.38290023803711,36792500
2021-02-24 00:00:00-05:00,34.47547667544436,35.493816364712266,34.382898092730656,35.44752883911133,42764300
2021-02-25 00:00:00-05:00,35.80856842945457,35.80856842945457,34.5310125274265,34.77171325683594,37233100
2021-02-26 00:00:00-05:00,34.34586272552692,34.63285100179882,33.26271991818303,33.484901428222656,39468000
2021-03-01 00:00:00-05:00,34.35512078560104,34.642105517305914,34.0125889131575,34.336605072021484,28066100
2021-03-02 00:00:00-05:00,34.392159862642146,34.66988856508836,34.24403765257003,34.38290023803711,19701200
2021-03-03 00:00:00-05:00,34.577310626505266,35.79006367217986,34.577310626505266,34.89207077026367,35365100
2021-03-04 00:00:00-05:00,34.82725997743061,35.179051481064434,33.66079824534452,34.40140914916992,42932500
2021-03-05 00:00:00-05:00,35.05869459670704,35.2901356819033,33.64227628538933,34.65135955810547,34558300
2021-03-08 00:00:00-05:00,35.299398669108236,35.99372199090771,34.966122909602724,35.79930877685547,38255200
2021-03-09 00:00:00-05:00,35.336428224545884,35.919660831115756,34.69765200978635,35.299400329589844,35854100
2021-03-10 00:00:00-05:00,35.80857974638158,36.75286018704871,35.438272444801946,36.64176940917969,38437200
2021-03-11 00:00:00-05:00,36.308481046850886,36.65101288743129,35.74376419549532,35.99372100830078,30598700
2021-03-12 00:00:00-05:00,36.56770094874009,37.04909895463148,36.493638087136056,37.002811431884766,28754000
2021-03-15 00:00:00-04:00,37.09538913896821,37.24351134129242,36.26219954369962,36.75285720825195,25892200
2021-03-16 00:00:00-04:00,36.44735253891386,36.558446837338415,35.84560764758398,36.428836822509766,24668300
2021-03-17 00:00:00-04:00,36.73433555476859,37.43791501922288,36.29922511072438,36.8824577331543,33537000
2021-03-18 00:00:00-04:00,37.1694520167636,38.45626431199021,37.1694520167636,37.78045654296875,57420600
2021-03-19 00:00:00-04:00,36.97504559417861,37.095396009454745,36.308497326023335,36.68806076049805,60291800
2021-03-22 00:00:00-04:00,36.36403403443469,36.39180937514318,35.753029511525554,36.077049255371094,32206000
2021-03-23 00:00:00-04:00,35.64193471381343,36.15110450342275,35.22533996540162,35.40123748779297,32494400
2021-03-24 00:00:00-04:00,35.512334772560074,36.123339338728215,35.28089359550378,35.2901496887207,24201700
2021-03-25 00:00:00-04:00,35.15128416325155,36.438096435083594,34.97538662322353,36.38254928588867,28773000
2021-03-26 00:00:00-04:00,36.938009211818816,37.2435096955766,36.262197941345995,36.80839920043945,29156100
2021-03-29 00:00:00-04:00,35.71600529348507,36.42884103414044,35.08648498901271,35.586395263671875,38426900
2021-03-30 00:00:00-04:00,35.678967611758125,37.10464590656691,35.61416437394969,36.46586608886719,36134200
2021-03-31 00:00:00-04:00,36.35477796356236,36.688053800168326,36.03075821952351,36.16962432861328,25832800
2021-04-01 00:00:00-04:00,36.067796495471065,36.70657648065688,36.0307650551534,36.68806076049805,22706900
2021-04-05 00:00:00-04:00,37.05835267246326,37.33608485417409,36.40106070963857,36.5491828918457,21293400
2021-04-06 00:00:00-04:00,36.49364073686882,36.93801087573467,36.3455185344175,36.891719818115234,20969600
2021-04-07 00:00:00-04:00,36.88246947034218,37.113910668441335,36.68805971150187,37.02133560180664,19393200
2021-04-08 00:00:00-04:00,36.91023503831088,37.21573906323225,36.410324818957825,37.05835723876953,20845000
2021-04-09 00:00:00-04:00,37.3453470319337,37.761941840883665,37.26202807014371,37.49346923828125,28363600
2021-04-12 00:00:00-04:00,37.45643894800975,37.85451805188752,37.40089532612769,37.74342727661133,21093000
2021-04-13 00:00:00-04:00,37.49346602484395,37.502722116910874,36.75285505658146,36.83617401123047,29333200
2021-04-14 00:00:00-04:00,36.75285080469491,39.04874630645546,36.160362098629115,38.87285232543945,64926900
2021-04-15 00:00:00-04:00,38.974691431577924,39.122813638418855,37.98412351117072,39.10430145263672,44146300
2021-04-16 00:00:00-04:00,39.50237152688317,40.85399044950386,39.41905610790099,40.58551788330078,57060200
2021-04-19 00:00:00-04:00,40.372594102711865,41.103948972167785,40.15966867201805,40.62255096435547,39124200
2021-04-20 00:00:00-04:00,40.1781847881651,40.1781847881651,39.2061291393535,39.38202667236328,29734000
2021-04-21 00:00:00-04:00,39.104295284837306,40.14115056918383,38.669184825834215,40.030059814453125,27258000
2021-04-22 00:00:00-04:00,40.048573447682685,40.289274211746225,39.511631837446,39.530147552490234,24638300
2021-04-23 00:00:00-04:00,39.53940004580356,40.90027495985457,39.46534072387824,40.60403060913086,28024200
2021-04-26 00:00:00-04:00,40.85399845370036,41.36316834802522,40.72439195676446,40.86325454711914,24606600
2021-04-27 00:00:00-04:00,41.094689455062074,41.863075757457004,40.918795454862675,41.74272537231445,29130200
2021-04-28 00:00:00-04:00,41.79827797848385,42.27967251890951,41.594608612641544,41.73347473144531,20795100
2021-04-29 00:00:00-04:00,42.233377414694694,42.9462165357735,42.14080237310481,42.80735397338867,26880700
2021-04-30 00:00:00-04:00,42.400019582298754,42.60368893210944,41.52980209662805,41.70569610595703,34176500
2021-05-03 00:00:00-04:00,42.07600321554784,42.26115684818352,41.72421166669125,42.10377502441406,16522700
2021-05-04 00:00:00-04:00,41.90010467218926,42.43704984082596,41.35390341132269,42.34447479248047,26137600
2021-05-05 00:00:00-04:00,42.520372660591185,42.77032955165064,42.09452174908784,42.52962875366211,19620200
2021-05-06 00:00:00-04:00,42.78013263349603,43.31824566187375,42.39974122989961,43.26258087158203,34271500
2021-05-07 00:00:00-04:00,42.61313575439504,43.25330568591979,42.260576708132966,43.17908477783203,25140400
2021-05-10 00:00:00-04:00,43.45739946752957,43.93056771506241,43.22545348479067,43.2347297668457,28193100
2021-05-11 00:00:00-04:00,42.69662753989372,43.49452248511351,42.223455635535146,42.41829299926758,31478500
2021-05-12 00:00:00-04:00,43.44814372893161,43.754310730519286,42.19563270639156,42.344078063964844,33392900
2021-05-13 00:00:00-04:00,42.204903257277984,43.41102196491143,42.03790182430551,43.04918670654297,23553400
2021-05-14 00:00:00-04:00,43.234741785159926,43.707913703439054,43.11413238884359,43.56874465942383,17078500
2021-05-17 00:00:00-04:00,43.531632933147314,44.51508545854143,43.42029982020967,44.44086456298828,25212800
2021-05-18 00:00:00-04:00,44.44086770688574,44.654257663118756,43.44813882652442,43.47597122192383,24126000
2021-05-19 00:00:00-04:00,42.622406407230336,42.97496540689414,42.093569677342614,42.83579635620117,28911100
2021-05-20 00:00:00-04:00,42.743017107394564,42.84507393398944,42.00079046745336,42.42757034301758,26107000
2021-05-21 00:00:00-04:00,42.65023502220888,42.95640192629346,42.47395378301848,42.566734313964844,27312700
2021-05-24 00:00:00-04:00,42.67807561399588,43.15124402550469,42.455405836146056,42.9007453918457,25707400
2021-05-25 00:00:00-04:00,43.03991218235424,43.62441726972701,42.715189100045016,42.76157760620117,29415300
2021-05-26 00:00:00-04:00,42.78012844906334,43.234740708320636,42.30695654256942,43.04918670654297,26170600
2021-05-27 00:00:00-04:00,43.596579814475014,43.958415075404496,42.96568629416156,43.38318634033203,42572900
2021-05-28 00:00:00-04:00,43.46669400817924,43.494529944466734,42.93785722852885,43.34608459472656,15760100
2021-06-01 00:00:00-04:00,43.7543032253498,43.986249277973414,43.4110240584473,43.84708023071289,17878600
2021-06-02 00:00:00-04:00,43.958417411666666,44.03263830900454,43.21619074220827,43.42958068847656,18492600
2021-06-03 00:00:00-04:00,43.31823303172016,43.60584734149423,43.002786334915214,43.10484313964844,20206400
2021-06-04 00:00:00-04:00,43.66152520183925,43.69863387958961,43.151241066593954,43.56874465942383,18190300
2021-06-07 00:00:00-04:00,43.69864406314814,43.772868514377784,43.40175333666281,43.707923889160156,16644300
2021-06-08 00:00:00-04:00,43.364635307037695,43.61513392792442,42.95640799166345,43.244022369384766,21271700
2021-06-09 00:00:00-04:00,42.90074169494955,42.993518696516055,42.33479278343295,42.60384750366211,22617500
2021-06-10 00:00:00-04:00,43.114133015660116,43.28113445522003,41.759565390428,41.83378982543945,21640000
2021-06-11 00:00:00-04:00,41.917283966504655,42.39045227818568,41.917283966504655,42.38117599487305,19389300
2021-06-14 00:00:00-04:00,42.31623758172984,42.56673973838428,41.6018433288744,41.88945770263672,25452300
2021-06-15 00:00:00-04:00,41.9358406872474,42.41828882853046,41.750283165336164,42.17706298828125,23865400
2021-06-16 00:00:00-04:00,41.703903770165354,42.640964328437406,41.119398687321365,42.27912902832031,38287700
2021-06-17 00:00:00-04:00,42.48324297294031,42.640964601502446,39.57927718950196,39.69989013671875,48910400
2021-06-18 00:00:00-04:00,38.67004074908035,39.254545710635135,38.475206941633886,38.7349853515625,61292200
2021-06-21 00:00:00-04:00,39.24527096242313,40.18233498662914,39.18032635154341,40.15449905395508,26444700
2021-06-22 00:00:00-04:00,40.27510850896254,40.70188835476491,39.76482795078878,40.395721435546875,26455200
2021-06-23 00:00:00-04:00,40.35861287677295,41.1101193561823,40.35861287677295,40.78539276123047,18778500
2021-06-24 00:00:00-04:00,41.06371896981862,42.13994828625736,41.017330476885476,41.91728210449219,27951000
2021-06-25 00:00:00-04:00,42.2791255458582,43.281134176771225,41.95440249281185,43.03063201904297,49074700
2021-06-28 00:00:00-04:00,42.67807204754184,42.74301665665084,41.8337885899091,42.483238220214844,27127500
2021-06-29 00:00:00-04:00,42.71518839982097,43.030635191414355,41.37917679344141,41.555458068847656,39534000
2021-06-30 00:00:00-04:00,41.39773087716326,42.11212515078156,41.240009258694556,42.01934814453125,18168100
2021-07-01 00:00:00-04:00,42.19562087405701,42.34406619000383,41.72245253548138,42.13067626953125,18658000
2021-07-02 00:00:00-04:00,42.02862125286219,42.13067807555341,41.60184139362219,41.81523132324219,13218500
2021-07-06 00:00:00-04:00,41.49979294133488,41.58329367317726,40.173061057181734,40.349342346191406,25486900
2021-07-07 00:00:00-04:00,40.15449815856772,40.794671507558384,40.00605283140764,40.26583480834961,21884000
2021-07-08 00:00:00-04:00,39.505054159023985,39.848333332681236,38.93910521321157,39.26382827758789,29148700
2021-07-09 00:00:00-04:00,40.06171271473262,40.92455210304314,39.75554230117049,40.73899459838867,25055900
2021-07-12 00:00:00-04:00,40.15449623573316,41.054447979355025,39.85760559562988,40.970947265625,17618900
2021-07-13 00:00:00-04:00,40.627672784561106,40.94311956823869,39.903998669526636,40.10811233520508,25387800
2021-07-14 00:00:00-04:00,40.451392323610456,41.87090464819309,39.44010733855939,41.70390319824219,49618000
2021-07-15 00:00:00-04:00,41.369890968323716,42.11211750114906,41.165777344591014,41.750282287597656,33388100
2021-07-16 00:00:00-04:00,42.13068015129812,42.24201326371219,40.92456140570093,41.08228302001953,27838200
2021-07-19 00:00:00-04:00,39.62565436805314,40.1730470775989,39.23598678119776,39.94110107421875,43362200
2021-07-20 00:00:00-04:00,39.89472167215093,41.889459171444855,39.77410873192908,41.601844787597656,34556200
2021-07-21 00:00:00-04:00,42.01934718020186,42.81724215682039,41.9451227455323,42.492515563964844,29654600
2021-07-22 00:00:00-04:00,42.5296284343395,42.631685263969295,41.56473200411438,41.77812194824219,23309500
2021-07-23 00:00:00-04:00,41.84306815886491,42.2234595588831,41.21217458724215,41.36989974975586,23946500
2021-07-26 00:00:00-04:00,41.25856268990835,41.972956917159024,41.25856268990835,41.75956344604492,22976700
2021-07-27 00:00:00-04:00,41.36989973069008,42.10285013550461,41.0730090546769,41.88018035888672,22124500
2021-07-28 00:00:00-04:00,42.10284413499846,42.71518150940719,41.73172907326538,42.223453521728516,23252800
2021-07-29 00:00:00-04:00,42.57601504806074,43.33679778527116,42.381181221529815,43.141963958740234,24487400
2021-07-30 00:00:00-04:00,42.919296674607004,43.46668950871344,42.42757216809673,42.622406005859375,25794000
2021-08-02 00:00:00-04:00,42.715184263951485,43.42957850336623,42.279124569177554,42.483238220214844,23960700
2021-08-03 00:00:00-04:00,42.65950919895308,43.550181016760064,41.85233808526646,43.44812774658203,24050300
2021-08-04 00:00:00-04:00,42.92857860483668,43.578028301789296,42.71518864740667,42.81724548339844,22178000
2021-08-05 00:00:00-04:00,42.910415945087664,43.79564783566879,42.87314220020384,43.78633117675781,28092600
2021-08-06 00:00:00-04:00,44.26156198593591,45.64997886279079,44.21497157898002,45.444976806640625,33583900
2021-08-09 00:00:00-04:00,45.34247324471582,45.976112696843174,44.99769998696476,45.33315658569336,29795200
2021-08-10 00:00:00-04:00,45.40770395970168,46.30225258762721,45.37043021154972,46.24634552001953,28708100
2021-08-11 00:00:00-04:00,46.24634740308907,47.27135063666252,45.81770639112851,47.20612335205078,29203900
2021-08-12 00:00:00-04:00,47.299302199667366,47.755896727534264,47.11294056832929,47.662715911865234,21729900
2021-08-13 00:00:00-04:00,47.71862110432545,47.9049862829606,46.758845233091584,46.935890197753906,15843300
2021-08-16 00:00:00-04:00,46.5258917534913,46.57248216160302,45.6033860325501,46.041343688964844,22615500
2021-08-17 00:00:00-04:00,45.54748408915978,46.00407511649352,44.7554328436667,45.38907241821289,16887000
2021-08-18 00:00:00-04:00,45.062930265707394,45.64065913832358,44.63429282972184,44.699520111083984,16319300
2021-08-19 00:00:00-04:00,44.12178722874535,44.680882776308515,43.63724273065888,44.02860641479492,20259400
2021-08-20 00:00:00-04:00,43.916789744880596,44.21497262197644,43.64656040169364,44.187015533447266,15357400
2021-08-23 00:00:00-04:00,44.49452165091058,44.718160601251846,44.214975628949375,44.36406707763672,15551900
2021-08-24 00:00:00-04:00,44.49451883778892,45.07224772059846,44.45724508931855,45.062931060791016,15109100
2021-08-25 00:00:00-04:00,45.30520065893367,46.23702298830898,45.165429442299434,45.92952346801758,21357400
2021-08-26 00:00:00-04:00,46.15316500686101,46.469984783390174,45.556799205069765,45.70589065551758,21627600
2021-08-27 00:00:00-04:00,45.86429859869452,46.451344137713434,45.771114228089736,46.4140739440918,16873300
2021-08-30 00:00:00-04:00,46.367482634050404,46.41407659932847,45.05361314763198,45.10952377319336,16054100
2021-08-31 00:00:00-04:00,45.10951558492696,45.64997420338833,42.12768363403692,42.58427810668945,73514300
2021-09-01 00:00:00-04:00,42.58428265716939,42.83587512148062,40.31995403298848,40.4876823425293,84960500
2021-09-02 00:00:00-04:00,40.702004882547726,41.820192532982226,40.571550308344136,41.53132629394531,37629000
2021-09-03 00:00:00-04:00,41.45677865166645,41.466095311299,40.832455817678074,41.158592224121094,21687500
2021-09-07 00:00:00-04:00,41.298367715702,41.894733471873536,41.23314043328451,41.2890510559082,19733500
2021-09-08 00:00:00-04:00,41.112000672657075,41.503367904118,40.65540971634281,40.832454681396484,21252400
2021-09-09 00:00:00-04:00,40.86041233606885,41.67110041351163,40.77654817476858,41.33564376831055,19776900
2021-09-10 00:00:00-04:00,41.93200511081639,42.16496069476537,41.177227739158454,41.30768585205078,23367400
2021-09-13 00:00:00-04:00,41.52200983789035,42.6867879056144,41.52200983789035,42.640193939208984,28027200
2021-09-14 00:00:00-04:00,42.882469742678225,43.73974469380138,42.64019391414651,42.910423278808594,36053200
2021-09-15 00:00:00-04:00,42.7426975047384,43.693156890744234,42.72406062799859,43.460201263427734,31535600
2021-09-16 00:00:00-04:00,43.702469196392514,44.047242467124065,42.87314432736993,43.12473678588867,24102400
2021-09-17 00:00:00-04:00,42.62155464570396,43.506783009432205,42.62155464570396,43.30178451538086,34912100
2021-09-20 00:00:00-04:00,41.95995899181655,42.742689902569154,41.782914026208516,42.68678283691406,30603100
2021-09-21 00:00:00-04:00,42.8451903274511,43.19928380831502,42.612234744839064,42.72405242919922,23049100
2021-09-22 00:00:00-04:00,43.32042197557936,44.438605935364784,43.30178510230025,43.87019729614258,29430700
2021-09-23 00:00:00-04:00,44.22428365212539,44.88587660429932,43.9447376847609,44.54110336303711,21852800
2021-09-24 00:00:00-04:00,44.52247663585895,45.25861724285942,44.47588622311906,44.652931213378906,20384700
2021-09-27 00:00:00-04:00,45.08157232487696,45.60339063579338,43.012925293399284,44.31747817993164,48927500
2021-09-28 00:00:00-04:00,43.80496642557176,43.82360329883522,41.99723237445787,42.78927993774414,49349100
2021-09-29 00:00:00-04:00,43.28315322938682,43.93542965103049,42.798605132012106,43.8236083984375,21730200
2021-09-30 00:00:00-04:00,43.92610621993417,43.935426434278135,42.97564697020522,43.24587631225586,22947500
2021-10-01 00:00:00-04:00,43.376335209918395,44.084522276764595,43.32042813674991,43.814292907714844,18021700
2021-10-04 00:00:00-04:00,43.814292907714844,44.43861225556707,43.48815291087598,43.814292907714844,22315200
2021-10-05 00:00:00-04:00,44.26155958285219,45.14679148543323,44.121784814953074,44.6901969909668,20250500
2021-10-06 00:00:00-04:00,44.336108907580545,44.81133673977918,43.851560861339095,44.6063346862793,17425700
2021-10-07 00:00:00-04:00,44.96974494469233,45.277248025710655,44.2988352713599,44.50383377075195,19272300
2021-10-08 00:00:00-04:00,44.60633630802689,45.044293963837546,44.41065446145543,44.727474212646484,14295400
2021-10-11 00:00:00-04:00,44.91383894516454,45.15611119733293,44.00065344911408,44.05656051635742,15387900
2021-10-12 00:00:00-04:00,44.06588252651881,44.28951791384677,43.348378845819184,43.46951675415039,18995700
2021-10-13 00:00:00-04:00,43.394971381251466,43.394971381251466,42.1370124906971,42.910423278808594,24150300
2021-10-14 00:00:00-04:00,43.497470496097534,43.693152349596666,41.77360045497019,42.22087478637695,53257700
2021-10-15 00:00:00-04:00,42.602918571835175,45.417022468463024,42.59359835783706,45.081565856933594,60096600
2021-10-18 00:00:00-04:00,44.904520940118466,46.32089143876398,44.85793053025008,46.05998229980469,33842700
2021-10-19 00:00:00-04:00,46.25566727949333,46.91726038634096,45.920210618381674,46.90794372558594,26500300
2021-10-20 00:00:00-04:00,46.76815738740743,46.95452254809058,46.32088313453973,46.740203857421875,24227900
2021-10-21 00:00:00-04:00,46.54452711699577,47.150209512030415,46.36747859544921,46.89862060546875,20448300
2021-10-22 00:00:00-04:00,47.09430565766213,47.63476080939092,47.047715247885236,47.20612335205078,21517200
2021-10-25 00:00:00-04:00,47.42044242523596,47.63476115546308,47.07566912483759,47.16884994506836,19330300
2021-10-26 00:00:00-04:00,47.27135389115457,47.61612721278474,46.9265805695244,47.17817306518555,18196300
2021-10-27 00:00:00-04:00,46.83339242286079,47.51362590529266,46.54452975281311,46.63771057128906,21988300
2021-10-28 00:00:00-04:00,46.94521666532127,47.89567600381358,46.91725957429874,47.858402252197266,26785500
2021-10-29 00:00:00-04:00,47.755891735073604,48.11930185465986,47.54157303774375,47.672027587890625,19788500
2021-11-01 00:00:00-04:00,48.044764751461365,48.45476533230211,47.77453539938386,48.18453598022461,18699000
2021-11-02 00:00:00-04:00,48.026125350403504,48.19385365979278,47.72794247918262,47.802486419677734,21672500
2021-11-03 00:00:00-04:00,47.560212915064206,48.985899952640466,47.541576041777056,48.45476150512695,24225700
2021-11-04 00:00:00-04:00,48.22090843978852,48.36122289085131,46.68681995133143,47.35096740722656,32005700
2021-11-05 00:00:00-04:00,47.70642704659762,48.27703390181559,47.145176391034326,47.18259048461914,23443200
2021-11-08 00:00:00-05:00,47.28548564524485,48.052529846707245,47.28548564524485,47.58481979370117,19509500
2021-11-09 00:00:00-05:00,47.238716746223,47.294843238842375,46.03202391749103,46.66810989379883,28324800
2021-11-10 00:00:00-05:00,46.527801863854926,47.4912835185788,46.47167536779869,47.10776138305664,19827800
2021-11-11 00:00:00-05:00,47.16387940798724,47.62223682393719,46.97679824393695,47.32290267944336,16069700
2021-11-12 00:00:00-05:00,47.40708986752614,47.70642400720181,47.11710835856465,47.66900634765625,17124700
2021-11-15 00:00:00-05:00,47.88416230570982,48.361228641374396,47.687724905539774,47.78126907348633,20110200
2021-11-16 00:00:00-05:00,47.80931980536313,47.87479892405152,46.93002266581445,47.11710739135742,19244900
2021-11-17 00:00:00-05:00,47.16388355175532,47.416447427426576,46.33136016621569,46.621341705322266,17802700
2021-11-18 00:00:00-05:00,46.42490726919912,46.93938768485783,46.08815541361305,46.67747116088867,19198200
2021-11-19 00:00:00-05:00,45.8355893597919,46.06009177570751,44.68502295304341,45.667213439941406,30548400
2021-11-22 00:00:00-05:00,47.3603229917149,47.80932423359921,46.51844343296639,47.08905029296875,28549400
2021-11-23 00:00:00-05:00,47.435154739453715,48.39863991614959,47.42580210806691,48.080596923828125,28024400
2021-11-24 00:00:00-05:00,48.1834915498309,48.39864132980303,47.87480474822462,47.99641036987305,18901900
2021-11-26 00:00:00-05:00,45.929124609219365,45.929124609219365,44.610182436035714,45.30239486694336,29919300
2021-11-29 00:00:00-05:00,46.46232277406673,46.55586694142144,45.19015421314874,45.985260009765625,27677000
2021-11-30 00:00:00-05:00,45.00306444995064,45.37723037278929,44.264081667453084,44.694374084472656,40671700
2021-12-01 00:00:00-05:00,45.54560373398949,46.25652501371921,44.1331209422193,44.16118240356445,29365100
2021-12-02 00:00:00-05:00,44.647603916950196,46.20975744348051,44.44181033938046,45.751399993896484,29184900
2021-12-03 00:00:00-05:00,46.07879999504853,46.07879999504853,44.310856291560725,44.666316986083984,29221900
2021-12-06 00:00:00-05:00,45.81688334639336,46.677471830610365,45.56431945108006,45.65786361694336,31650100
2021-12-07 00:00:00-05:00,46.265880945221454,47.25742761417094,46.153631523488706,47.00486373901367,28370200
2021-12-08 00:00:00-05:00,46.939386385563054,47.06099201190195,46.13492443467406,46.219112396240234,19990300
2021-12-09 00:00:00-05:00,45.854299675050086,46.79907252846498,45.59238315496377,46.48102951049805,16927200
2021-12-10 00:00:00-05:00,47.04227969116318,47.33225765078661,46.378132248248335,46.958091735839844,20040900
2021-12-13 00:00:00-05:00,46.677470660147875,46.733593589913475,45.30240178737106,45.424007415771484,19598900
2021-12-14 00:00:00-05:00,45.470772413178786,46.29394311445833,45.46141621374512,45.732688903808594,17602900
2021-12-15 00:00:00-05:00,45.85429623187057,46.08815126962898,45.021772868385774,45.77946090698242,20284300
2021-12-16 00:00:00-05:00,46.50908633574061,47.538046970214175,46.125564255435634,47.05162811279297,32781100
2021-12-17 00:00:00-05:00,46.49038264879045,46.518444111709954,44.77856204380647,44.853397369384766,74833400
2021-12-20 00:00:00-05:00,44.02086948367434,44.12376269327523,43.26317794745016,43.82442855834961,29134900
2021-12-21 00:00:00-05:00,44.51664903381067,45.0311294483218,44.28279397554698,44.722442626953125,21249400
2021-12-22 00:00:00-05:00,44.656957352622236,45.1994991576168,44.544704370889974,44.928226470947266,15688000
2021-12-23 00:00:00-05:00,45.27433706579168,45.77010860756559,45.105961151916624,45.23691940307617,16025600
2021-12-27 00:00:00-05:00,45.41464406308607,45.66720791229098,44.974999052998484,45.62043762207031,11900400
2021-12-28 00:00:00-05:00,45.42400687130023,46.01331903684514,45.236922114852426,45.29304504394531,14320500
2021-12-29 00:00:00-05:00,45.46141683535378,45.70462806713087,45.24627063391688,45.32110595703125,14390700
2021-12-30 00:00:00-05:00,45.35852643452307,45.75140120023002,44.937586636733606,44.993709564208984,13701300
2021-12-31 00:00:00-05:00,44.928220938866794,45.23691124810425,44.7504924255248,44.88145065307617,12649300
2022-01-03 00:00:00-05:00,45.770109449877424,47.528700378077744,45.760753249854005,47.45386505126953,38978100
2022-01-04 00:00:00-05:00,48.248978143111,49.71758764817422,48.19285164358204,49.34341812133789,43855100
2022-01-05 00:00:00-05:00,49.502428531637335,49.70822208948973,48.64184377760804,48.913116455078125,35072600
2022-01-06 00:00:00-05:00,49.71757898721618,50.20399429168524,49.25922157510624,50.16658020019531,29720800
2022-01-07 00:00:00-05:00,50.381731343018885,51.62583832384927,50.325604847751464,51.23296356201172,35149300
2022-01-10 00:00:00-05:00,51.91581951898286,52.43965609963437,50.961690515838015,51.77550506591797,34733500
2022-01-11 00:00:00-05:00,51.97194522529515,52.50513442949989,51.663254860574135,52.43965530395508,25073700
2022-01-12 00:00:00-05:00,52.76705069054081,53.04767602278541,52.15902616372361,52.75769805908203,34159400
2022-01-13 00:00:00-05:00,52.944776483712175,53.48732185709014,52.159023453252566,52.38352584838867,34037300
2022-01-14 00:00:00-05:00,53.17862867653622,55.06817761502471,52.74833630782396,54.310489654541016,56739600
2022-01-18 00:00:00-05:00,53.99245014056435,54.35726341421499,52.86058909029228,53.02896499633789,41689600
2022-01-19 00:00:00-05:00,53.421844401470594,53.955033592161406,51.887755953283374,51.98129653930664,34970200
2022-01-20 00:00:00-05:00,52.121608463869514,52.738985579436516,51.363916907714554,51.44810485839844,26972800
2022-01-21 00:00:00-05:00,50.980395142092675,51.44810518926784,49.698870611969184,50.20399475097656,38357600
2022-01-24 00:00:00-05:00,49.324704140950324,50.03562545408312,47.8748036203658,49.87660217285156,48451400
2022-01-25 00:00:00-05:00,49.26858475998883,50.260131547937746,48.2209150386104,50.129173278808594,40858700
2022-01-26 00:00:00-05:00,50.428500034402326,51.37327281378174,49.979498791577434,50.643646240234375,39687100
2022-01-27 00:00:00-05:00,51.073942053691184,51.92517430230787,49.79241736475066,50.28818893432617,34209200
2022-01-28 00:00:00-05:00,50.147880168696176,50.71848709207747,49.36212701603663,50.69042205810547,35519700
2022-01-31 00:00:00-05:00,50.34431613247206,50.55946235562938,49.605333299663236,50.32560729980469,34657500
2022-02-01 00:00:00-05:00,51.18619406703381,52.20580221942455,50.50333775482274,52.009361267089844,35870200
2022-02-02 00:00:00-05:00,51.70067321516202,52.43029980576554,51.41069167790805,52.318050384521484,29037100
2022-02-03 00:00:00-05:00,52.468395553181175,52.89122538779117,51.42541648926548,51.83884811401367,25227400
2022-02-04 00:00:00-05:00,52.656308003164966,53.59592804497291,52.12072486608372,52.92879867553711,33622100
2022-02-07 00:00:00-05:00,53.00397483692306,54.394612289636164,52.53416474136998,53.86842727661133,37480100
2022-02-08 00:00:00-05:00,54.497971165433846,55.41879852396718,54.31004641005903,55.20268630981445,39099600
2022-02-09 00:00:00-05:00,55.155705126284744,55.79464713362009,54.81744128894643,55.49396896362305,25883100
2022-02-10 00:00:00-05:00,55.954387322018825,56.65910253661444,55.2496721074232,55.48457717895508,36092000
2022-02-11 00:00:00-05:00,54.986568781273924,56.6027165031853,54.41339994574181,54.789249420166016,38650500
2022-02-14 00:00:00-05:00,54.97717431240881,55.108724146461306,53.727481356025145,54.357025146484375,32680500
2022-02-15 00:00:00-05:00,55.55034702313404,55.73827178610602,54.58253933272342,54.85503005981445,18224600
2022-02-16 00:00:00-05:00,54.41340439064307,55.324837110736496,54.07514055290256,54.6295166015625,22057200
2022-02-17 00:00:00-05:00,53.699294243922246,54.05634732840788,52.39321919445169,52.759674072265625,24946500
2022-02-18 00:00:00-05:00,52.75967146826807,53.29525465292886,52.02676533317988,52.27106857299805,22137900
2022-02-22 00:00:00-05:00,52.21469424004326,52.73148463329655,51.397225669465634,51.942203521728516,26887800
2022-02-23 00:00:00-05:00,52.47778486316809,52.63752215533723,50.5139785718874,50.692508697509766,21860700
2022-02-24 00:00:00-05:00,48.63474195377869,49.640138906304585,47.61995396035859,49.527381896972656,40917600
2022-02-25 00:00:00-05:00,49.959600698660914,51.15291869644199,49.88443295197033,50.84284591674805,27493500
2022-02-28 00:00:00-05:00,49.452208892119344,50.17571682887721,49.05756657008488,50.147525787353516,31094800
2022-03-01 00:00:00-05:00,49.273687199437134,49.53678332058141,46.99040958564284,47.25350570678711,54135500
2022-03-02 00:00:00-05:00,48.22130366469842,49.63073382695819,47.920625516832295,49.06696319580078,34894300
2022-03-03 00:00:00-05:00,49.189120369964726,49.38644335346811,47.864255914614795,48.14614486694336,24159700
2022-03-04 00:00:00-05:00,47.01859568498849,47.03738851911917,45.270901538867584,45.84407043457031,35871600
2022-03-07 00:00:00-05:00,45.64675090986241,45.64675090986241,43.00641686481527,43.044002532958984,56332500
2022-03-08 00:00:00-05:00,43.861472234437244,45.289695401503955,43.5513958407892,43.654754638671875,60018100
2022-03-09 00:00:00-05:00,45.84406823078161,46.746102719492725,45.43063306851419,46.19172668457031,34560200
2022-03-10 00:00:00-05:00,45.34606990490612,46.576973674379985,44.960825760928294,46.050785064697266,26178800
2022-03-11 00:00:00-05:00,46.67092964328793,46.981006003406236,45.505802701648584,45.54338836669922,23707100
2022-03-14 00:00:00-04:00,46.66153965693901,47.33806735762595,46.32327580659555,46.849464416503906,28166600
2022-03-15 00:00:00-04:00,47.13134613490899,47.57296874822986,46.3514632816548,47.08436584472656,25080600
2022-03-16 00:00:00-04:00,47.967607527013044,49.06696495690407,47.666929368355035,48.484397888183594,34672800
2022-03-17 00:00:00-04:00,47.93942245457673,48.3810450902352,47.19712164530254,48.371646881103516,29930300
2022-03-18 00:00:00-04:00,47.77967869252584,48.428018828941525,47.0185887367211,48.31526184082031,60963400
2022-03-21 00:00:00-04:00,48.540776519748334,48.67232276647498,47.554176084932124,48.05217361450195,23411500
2022-03-22 00:00:00-04:00,49.24548971048793,50.92741056383665,49.1421309251228,50.166316986083984,28625600
2022-03-23 00:00:00-04:00,49.574354994549466,49.84684568432322,48.014585768914,48.03337860107422,27988700
2022-03-24 00:00:00-04:00,48.58775066080042,48.69110943710916,47.8360553572358,48.23069763183594,19677800
2022-03-25 00:00:00-04:00,48.362250353702095,49.41462391995533,48.30587185422969,49.386436462402344,19130900
2022-03-28 00:00:00-04:00,48.8884270652397,48.96359838513908,47.71390207455556,48.68171310424805,24115400
2022-03-29 00:00:00-04:00,49.85624601947294,50.08175284628325,48.409230140702284,48.484397888183594,20915000
2022-03-30 00:00:00-04:00,48.41862472461273,48.5595691795264,46.783687686319354,47.08436584472656,30913800
2022-03-31 00:00:00-04:00,46.74610365192327,47.38504565693004,45.505805309114024,45.533992767333984,31238500
2022-04-01 00:00:00-04:00,46.27629762361037,46.48301522699748,44.942038580136355,45.76890182495117,29989900
2022-04-04 00:00:00-04:00,45.524598142716165,45.72191751898888,44.73531705325878,45.533992767333984,23778300
2022-04-05 00:00:00-04:00,45.01719633629073,45.9474217605182,44.88565010312778,45.214515686035156,21757300
2022-04-06 00:00:00-04:00,44.810488319536326,45.176943226983674,44.538001171839745,44.9984130859375,26001200
2022-04-07 00:00:00-04:00,45.2521063948676,45.38365264270107,43.767508417990165,44.85746765136719,29486500
2022-04-08 00:00:00-04:00,45.10176693365894,45.93802828872191,45.03599381029667,45.787689208984375,23659800
2022-04-11 00:00:00-04:00,45.985012236220754,47.1595375101938,45.96621940171318,46.35146713256836,27041000
2022-04-12 00:00:00-04:00,46.68032996736413,46.88704755014513,45.10176780735731,45.49640655517578,25791900
2022-04-13 00:00:00-04:00,44.66953752307152,45.68432530152029,44.58497157617028,45.60915756225586,20645300
2022-04-14 00:00:00-04:00,43.11916720191307,44.932634339970825,42.311093316432455,43.5513916015625,65583200
2022-04-18 00:00:00-04:00,43.429244073915825,44.70712803946571,43.36347095078014,44.32188034057617,26120900
2022-04-19 00:00:00-04:00,44.52860049499936,45.280295934589404,44.47222557725923,44.94203567504883,19753300
2022-04-20 00:00:00-04:00,45.552779512582696,46.38904078209174,45.40244044822563,45.71251678466797,25893000
2022-04-21 00:00:00-04:00,46.18233617144434,46.501807196015704,44.72592193378957,44.89505386352539,19027600
2022-04-22 00:00:00-04:00,44.8104817158269,45.026593910811485,43.46682467296806,43.541996002197266,21676800
2022-04-25 00:00:00-04:00,42.99701702275257,43.19433998083029,41.8412846539726,43.06279373168945,30045500
2022-04-26 00:00:00-04:00,42.43324919816651,43.22253033017923,41.86947849717172,41.88827133178711,21527400
2022-04-27 00:00:00-04:00,41.72853402973968,42.46143665790624,41.474836138982006,41.88827133178711,19520900
2022-04-28 00:00:00-04:00,42.320490364382835,42.57418822270653,41.63456811826303,42.4426383972168,17431000
2022-04-29 00:00:00-04:00,42.32049263180713,42.658756461028695,40.88287135761544,40.995628356933594,27149400
2022-05-02 00:00:00-04:00,41.22113550366943,41.38087279508135,40.03721567666056,41.03321075439453,25009300
2022-05-03 00:00:00-04:00,41.24932597922444,41.94464288231304,41.02381556631928,41.49362564086914,21545300
2022-05-04 00:00:00-04:00,41.63456769875136,43.34467598485809,41.51241608278196,43.203731536865234,29468000
2022-05-05 00:00:00-04:00,42.51406627056654,42.570752989686966,41.04969359759499,42.287322998046875,29978600
2022-05-06 00:00:00-04:00,42.14560730659911,42.40069211067484,41.1158221067208,42.08892059326172,27035300
2022-05-09 00:00:00-04:00,41.54097043263204,42.07948168603071,40.841848599749,41.53152084350586,27132700
2022-05-10 00:00:00-04:00,41.93776367083472,42.24008562985252,39.85929749961585,40.70013427734375,25276100
2022-05-11 00:00:00-04:00,40.728473306073546,42.05113089366667,40.14272499733891,40.21830368041992,25291600
2022-05-12 00:00:00-04:00,39.89708611151572,40.06714265315775,38.65945319266801,39.50028991699219,30171700
2022-05-13 00:00:00-04:00,40.10493275136718,40.80405086748608,39.944322197797135,40.2844352722168,21253200
2022-05-16 00:00:00-04:00,40.0576913779954,40.31277255280261,39.3963608705171,39.8781852722168,16837400
2022-05-17 00:00:00-04:00,40.615107418067375,41.399253900388274,40.58676225569668,41.29533004760742,23340500
2022-05-18 00:00:00-04:00,40.89852774321131,40.9174233139996,39.57586661972403,39.783714294433594,27351300
2022-05-19 00:00:00-04:00,39.39636414264117,39.9726664383956,39.273544734375065,39.67979049682617,25211900
2022-05-20 00:00:00-04:00,40.16161506050892,40.426149448651685,38.48939848455065,39.368019104003906,35410400
2022-05-23 00:00:00-04:00,40.369472231327094,41.87163623074996,40.369472231327094,41.39925765991211,27979100
2022-05-24 00:00:00-04:00,41.276433518660134,41.352015811283074,40.28443935373749,40.89853286743164,23996000
2022-05-25 00:00:00-04:00,40.7095759311365,42.003891905739465,40.65288921836524,41.682674407958984,22343900
2022-05-26 00:00:00-04:00,42.35344639579149,43.23206684858992,42.27786412666937,43.08090591430664,23502500
2022-05-27 00:00:00-04:00,43.17539781839714,43.50606134364296,42.939208556375235,43.35490036010742,19482600
2022-05-31 00:00:00-04:00,42.835277987385155,43.7139021926452,42.51406049724749,43.24152374267578,40727400
2022-06-01 00:00:00-04:00,43.42102697972075,43.52495081707946,41.947208497794755,42.66522216796875,20417900
2022-06-02 00:00:00-04:00,42.627430677264584,42.92030661615299,42.05112838678569,42.82583236694336,14633300
2022-06-03 00:00:00-04:00,42.35345517229569,42.825833640312574,42.14560749310051,42.3440055847168,12572400
2022-06-06 00:00:00-04:00,42.8352776316865,43.35489320154573,42.47626900358167,42.6274299621582,11867200
2022-06-07 00:00:00-04:00,42.287319196478656,43.02423206294861,42.16450338870177,42.958099365234375,13281600
2022-06-08 00:00:00-04:00,42.40069808582739,42.58020063074896,41.786604551999496,42.16450881958008,12364400
2022-06-09 00:00:00-04:00,42.11725978761156,42.16449690672255,40.284429292831504,40.31277084350586,20142400
2022-06-10 00:00:00-04:00,38.76338010267356,39.15073034396319,37.80917708036178,37.86586380004883,27619300
2022-06-13 00:00:00-04:00,36.826625241443814,37.487955822978684,36.628227148171874,36.83607482910156,27553800
2022-06-14 00:00:00-04:00,36.628225680002664,37.12894568694103,34.965451507137594,35.36225128173828,36817600
2022-06-15 00:00:00-04:00,35.90076010120291,36.52429947459167,35.26777474510947,36.06136703491211,31358100
2022-06-16 00:00:00-04:00,35.29611850984413,35.64567755521261,34.5214181368861,35.570098876953125,37991500
2022-06-17 00:00:00-04:00,35.74015817412795,36.81718055140412,35.42838664177861,36.354248046875,59114300
2022-06-21 00:00:00-04:00,37.65801236120084,37.73359104265417,36.72270140097897,36.83607482910156,24884700
2022-06-22 00:00:00-04:00,36.26921893923951,36.91165395719422,36.19364025687166,36.46761703491211,18631700
2022-06-23 00:00:00-04:00,35.95745063995965,36.24087700279211,35.09772196378955,35.80628967285156,23143800
2022-06-24 00:00:00-04:00,36.543196875604,38.829506824638216,36.38258632988323,38.5082893371582,39407700
2022-06-27 00:00:00-04:00,38.583870034926726,38.72558500451361,37.695799890204874,38.01701736450195,16996800
2022-06-28 00:00:00-04:00,38.70668585857221,39.26409249470355,37.86585291341634,37.9603271484375,18136600
2022-06-29 00:00:00-04:00,38.04536542725245,38.29100066541386,37.36513922317161,37.516300201416016,15778700
2022-06-30 00:00:00-04:00,36.91165595943094,37.51629986701916,36.165297059268376,37.00613021850586,20425700
2022-07-01 00:00:00-04:00,36.580989542139065,37.86585954565478,36.33535072172253,37.71469497680664,15333900
2022-07-05 00:00:00-04:00,36.84551921456427,37.90364593674508,36.382586746381776,37.88475036621094,19144500
2022-07-06 00:00:00-04:00,37.42181398231047,37.81861007190899,36.76992954374026,37.31789016723633,17014100
2022-07-07 00:00:00-04:00,37.98867282410597,38.25320719802621,37.5351899596217,37.90364456176758,21060400
2022-07-08 00:00:00-04:00,38.073696951255094,38.45160109926182,37.65800527161654,37.9603271484375,14437500
2022-07-11 00:00:00-04:00,37.47850736679452,37.7997248815826,37.07226518429019,37.591880798339844,13111600
2022-07-12 00:00:00-04:00,36.921105926820296,38.234317602840335,36.8549696200344,37.412376403808594,15127300
2022-07-13 00:00:00-04:00,36.921105014173506,37.176186230782044,36.288115954840485,36.91165542602539,14116800
2022-07-14 00:00:00-04:00,35.985794354937134,36.609333832178336,35.36225487769593,36.59988784790039,24355300
2022-07-15 00:00:00-04:00,37.22342025053644,39.50028404875297,37.062809716641,38.85784912109375,40328300
2022-07-18 00:00:00-04:00,39.61365721616024,40.426148729067535,38.75392857891309,38.91453552246094,17991300
2022-07-19 00:00:00-04:00,39.566422540433656,40.69068202672938,39.443603126379934,40.53007507324219,25724200
2022-07-20 00:00:00-04:00,40.18996313766741,40.65289204360557,40.019906591496934,40.36001968383789,19111200
2022-07-21 00:00:00-04:00,40.13327520091595,40.974108318107824,39.94432308825264,40.88908004760742,17809000
2022-07-22 00:00:00-04:00,40.78515625,41.125269332373165,40.33167334148971,40.78515625,15965400
2022-07-25 00:00:00-04:00,41.1252653809457,41.48427400050749,40.82294347098675,41.096923828125,20297900
2022-07-26 00:00:00-04:00,40.728473170124644,41.266984349640914,40.44504680258373,40.53007507324219,15446700
2022-07-27 00:00:00-04:00,40.605657829289754,41.54096890035529,40.331677418133346,41.29533004760742,19498400
2022-07-28 00:00:00-04:00,41.144169762185925,41.408704193023375,40.350573677598,40.926876068115234,14527300
2022-07-29 00:00:00-04:00,40.91742206202297,41.89996648521912,40.91742206202297,41.44648361206055,17512700
2022-08-01 00:00:00-04:00,41.040241988084624,41.7204681681841,40.77571118647344,41.13471984863281,13668300
2022-08-02 00:00:00-04:00,41.0874793512095,41.13471647562926,40.49228149242806,40.51117706298828,17764000
2022-08-03 00:00:00-04:00,40.9929993799087,42.107812757617644,40.86073399678415,41.46537780761719,17359500
2022-08-04 00:00:00-04:00,41.379767156304204,41.47489160630688,40.56168382272657,40.68534851074219,15062800
2022-08-05 00:00:00-04:00,40.50461193264594,42.140775024696694,40.45704607731944,41.62709426879883,16021000
2022-08-08 00:00:00-04:00,41.826865423425836,42.03613996604689,41.02780760303606,41.08488082885742,12879700
2022-08-09 00:00:00-04:00,41.11341435882634,41.65563168820687,40.89462522844166,41.28464126586914,10489500
2022-08-10 00:00:00-04:00,41.89344934332099,42.52128016982786,41.89344934332099,42.169315338134766,14037600
2022-08-11 00:00:00-04:00,42.80665697972419,43.38692557716289,42.70201790428242,43.044471740722656,14038800
2022-08-12 00:00:00-04:00,43.30130915233425,43.719861796669264,42.98739194750922,43.700836181640625,10706000
2022-08-15 00:00:00-04:00,43.19667143184441,43.58668748018792,42.721041927583286,43.52009963989258,11070300
2022-08-16 00:00:00-04:00,43.358387111193096,44.06231674150994,43.13959434712598,43.81499099731445,12234100
2022-08-17 00:00:00-04:00,43.49156334837735,44.05280631265376,43.329847428789996,43.891090393066406,13151700
2022-08-18 00:00:00-04:00,43.891090393066406,43.94816724034991,43.52961095113452,43.891090393066406,7885900
2022-08-19 00:00:00-04:00,43.66278653389415,43.77693658995081,42.84470326983091,43.139591217041016,13142900
2022-08-22 00:00:00-04:00,42.42615648005338,42.55933580871919,41.969552525210446,42.245418548583984,12391400
2022-08-23 00:00:00-04:00,42.29298041094289,42.76860998001449,42.12175347577586,42.207366943359375,10475100
2022-08-24 00:00:00-04:00,42.16931868965995,42.52128354932644,41.87442705499768,42.46420669555664,11706700
2022-08-25 00:00:00-04:00,42.60689267250645,43.3013113264757,42.26443884232649,43.17764663696289,11783200
2022-08-26 00:00:00-04:00,43.35839001360468,43.49156570237589,41.79832209563599,41.82686233520508,13405200
2022-08-29 00:00:00-04:00,41.66514680193735,42.159801956896025,41.45587227278339,41.779296875,12504900
2022-08-30 00:00:00-04:00,42.10272122954493,42.273948137756584,41.42732821869068,41.98857116699219,14365000
2022-08-31 00:00:00-04:00,42.121749996949774,42.41664161177476,41.48440816883925,41.579532623291016,22609100
2022-09-01 00:00:00-04:00,41.53197134884804,41.60807381716758,40.71388795824011,41.57002258300781,13173000
2022-09-02 00:00:00-04:00,42.140773928618074,42.61640343938976,41.065850218219815,41.26561737060547,13025900
2022-09-06 00:00:00-04:00,41.57952871501761,41.74124462690349,40.29533055680058,40.78998565673828,14708700
2022-09-07 00:00:00-04:00,40.466561422740014,41.76978532337626,40.19069542348578,41.70319747924805,19475800
2022-09-08 00:00:00-04:00,41.49391646385367,43.053980639488046,41.227565105701,43.02544403076172,18500300
2022-09-09 00:00:00-04:00,43.291798243585454,43.5771788647272,43.04447248452998,43.120574951171875,12875500
2022-09-12 00:00:00-04:00,43.45351183610741,43.891090109491664,43.053981165234504,43.310821533203125,12127900
2022-09-13 00:00:00-04:00,42.18833872627532,42.35956565089449,40.94219165448239,41.11341857910156,21124900
2022-09-14 00:00:00-04:00,41.14195365477623,41.48440749123346,40.190694610735164,41.17049026489258,15067800
2022-09-15 00:00:00-04:00,41.28464154769102,42.51176288485442,41.2370756952594,41.98857116699219,13173200
2022-09-16 00:00:00-04:00,41.570024427403844,41.912478292505064,41.21805956772341,41.79832458496094,21238800
2022-09-19 00:00:00-04:00,41.313181495652614,42.43566748299079,41.29415587889506,42.1598014831543,11324100
2022-09-20 00:00:00-04:00,41.75075902835286,42.13126409898821,40.98975251584744,41.29415512084961,19503900
2022-09-21 00:00:00-04:00,41.531970114830884,41.674660424307625,40.18118400118304,40.209720611572266,19207100
2022-09-22 00:00:00-04:00,40.41899540686935,40.43801739303848,39.42017058103495,39.496273040771484,15499000
2022-09-23 00:00:00-04:00,38.83038847558997,38.98258975627335,37.76497951080633,38.440372467041016,23316200
2022-09-26 00:00:00-04:00,38.1835401889405,38.56404528538486,37.42253362481731,38.05987548828125,21420000
2022-09-27 00:00:00-04:00,38.25012630632317,38.61160576871784,37.489119776622836,38.07889938354492,17541400
2022-09-28 00:00:00-04:00,37.95523534964698,39.058695638627796,37.95523534964698,38.82088088989258,16033500
2022-09-29 00:00:00-04:00,38.202561327047505,38.70672743626759,37.831570897337244,38.5259895324707,14811300
2022-09-30 00:00:00-04:00,38.659162940346015,39.134792412798625,38.22158469659318,38.25963592529297,21182200
2022-10-03 00:00:00-04:00,39.27748636532987,39.76262687577312,38.65916654202971,39.55335235595703,16827600
2022-10-04 00:00:00-04:00,40.10508516335885,41.46538602271059,40.10508516335885,41.417823791503906,18601300
2022-10-05 00:00:00-04:00,40.742427909449546,41.417820981553696,40.48558752383978,41.199031829833984,15873400
2022-10-06 00:00:00-04:00,40.7804734350931,41.03731380760603,40.152642622983215,40.181182861328125,15634800
2022-10-07 00:00:00-04:00,39.98142058437632,40.06703405232263,39.372615313987346,39.75312042236328,17186700
2022-10-10 00:00:00-04:00,39.895802392363876,40.05751831434283,39.14431051689239,39.4296875,10973700
2022-10-11 00:00:00-04:00,39.210905619963256,39.30603008902643,38.107445086507404,38.26915740966797,19135900
2022-10-12 00:00:00-04:00,38.27867042074796,39.21090396759252,38.012315386816844,38.53550720214844,16469900
2022-10-13 00:00:00-04:00,37.81254912952805,40.59022395270733,37.81254912952805,40.314361572265625,23808700
2022-10-14 00:00:00-04:00,41.665147360854064,42.7400711471793,41.02780551320881,41.065853118896484,33954200
2022-10-17 00:00:00-04:00,42.4832305650721,42.987396718610064,41.750760634616405,41.81734848022461,24507000
2022-10-18 00:00:00-04:00,42.91129694151604,43.09203485725259,41.684171878513524,42.492740631103516,24810400
2022-10-19 00:00:00-04:00,42.026625754971505,42.3500539820141,41.1895167622556,41.493919372558594,17876800
2022-10-20 00:00:00-04:00,41.550997549137655,42.264441870202845,41.37977062178078,41.5224609375,17572700
2022-10-21 00:00:00-04:00,41.512942690945806,42.69250546213776,41.44635485042648,42.64494323730469,18632800
2022-10-24 00:00:00-04:00,42.7590991246015,43.31082753956399,42.64494904370678,42.99691390991211,16154300
2022-10-25 00:00:00-04:00,42.597375983385334,43.37740805705385,42.20735994655108,43.15861892700195,16362200
2022-10-26 00:00:00-04:00,43.43448295127502,43.95767464126962,43.25374505946303,43.4725341796875,15010800
2022-10-27 00:00:00-04:00,43.776945020980214,44.22403796739159,43.32985207456884,43.42498016357422,14655500
2022-10-28 00:00:00-04:00,43.67230197740134,44.224033957306666,43.25374931002729,44.09085464477539,14990400
2022-10-31 00:00:00-04:00,43.891092137274285,44.25257159357116,43.7388908339017,43.74840545654297,14000000
2022-11-01 00:00:00-04:00,44.309652413856405,44.76625636489194,44.005246151067084,44.661617279052734,22409100
2022-11-02 00:00:00-04:00,44.59502410888672,45.23236591384132,44.22403366973222,44.59502410888672,29246700
2022-11-03 00:00:00-04:00,44.23121671415927,44.23121671415927,43.47488119203728,43.599342346191406,17140100
2022-11-04 00:00:00-04:00,44.355679120078115,44.9109609005029,43.94400299652726,44.748207092285156,27082500
2022-11-07 00:00:00-05:00,45.1215885906886,45.78218340199587,44.81522546207046,45.064144134521484,17713300
2022-11-08 00:00:00-05:00,45.23646936671983,45.44709536631725,44.72905617002011,45.16945266723633,14842700
2022-11-09 00:00:00-05:00,44.80564498818303,44.997122837065874,43.99186869560122,44.011016845703125,18318700
2022-11-10 00:00:00-05:00,45.01627770270085,46.0598283000463,44.930112840456296,45.906646728515625,23091900
2022-11-11 00:00:00-05:00,46.05025067419254,46.29917300120011,45.3130668996323,45.52368927001953,18076600
2022-11-14 00:00:00-05:00,45.18860442992682,45.542836105820435,44.87266540527344,44.87266540527344,13929900
2022-11-15 00:00:00-05:00,45.36093270056031,45.485390204372365,44.26951365398451,44.719482421875,19076000
2022-11-16 00:00:00-05:00,44.68118785633658,44.85351757061346,44.0684616065239,44.24079132080078,14713300
2022-11-17 00:00:00-05:00,43.771672068234665,44.202492679001494,43.53232566130361,44.03016662597656,11350900
2022-11-18 00:00:00-05:00,44.729058628361074,44.77692718031786,44.011019392599984,44.5184326171875,10515300
2022-11-21 00:00:00-05:00,44.40355179883299,45.08329480009349,44.40355179883299,44.84394836425781,11656800
2022-11-22 00:00:00-05:00,45.12158803218979,45.3800826035374,44.91096201432065,45.102439880371094,11684900
2022-11-23 00:00:00-05:00,45.11201081303761,45.47581838269738,44.987553308054764,45.31306457519531,10878500
2022-11-25 00:00:00-05:00,45.341787964657144,45.60985479568811,45.01627667606096,45.41837692260742,4913300
2022-11-28 00:00:00-05:00,45.11201116039846,45.71516514724301,44.92053329846439,44.97797775268555,12492600
2022-11-29 00:00:00-05:00,45.169455415148185,45.61942784088567,45.035422008027176,45.5428352355957,13344900
2022-11-30 00:00:00-05:00,45.303492692803765,45.906646728515625,44.17377723321376,45.906646728515625,26417000
2022-12-01 00:00:00-05:00,45.88749553193812,46.12684194983801,44.480137426003076,44.87266540527344,15980300
2022-12-02 00:00:00-05:00,44.41312026824386,44.53758142688079,42.967469525811104,43.982295989990234,29820400
2022-12-05 00:00:00-05:00,43.75252516270711,43.92485487277322,41.76116124733715,41.79945755004883,32574600
2022-12-06 00:00:00-05:00,41.81860391261733,41.98135771397552,40.84207014805934,41.550537109375,25961400
2022-12-07 00:00:00-05:00,41.25374796251953,41.49309437593584,40.63144582678257,40.641021728515625,24114900
2022-12-08 00:00:00-05:00,40.88994519094476,41.06227492100244,40.31551519217706,40.76548767089844,17161400
2022-12-09 00:00:00-05:00,40.526138548069525,41.09099260660792,40.51656264584607,40.68889236450195,16023700
2022-12-12 00:00:00-05:00,40.78462794389243,41.100566966954716,40.315511012367594,41.03355026245117,18428900
2022-12-13 00:00:00-05:00,42.01008376358088,42.20156162591785,40.315510707923885,40.803775787353516,31496000
2022-12-14 00:00:00-05:00,40.77505436217602,41.387780584556396,40.162328139795655,40.38252639770508,22044400
2022-12-15 00:00:00-05:00,39.65490895382599,39.9325516484214,39.262381012277224,39.60704040527344,16766600
2022-12-16 00:00:00-05:00,39.28153370662459,39.68363759568515,39.10920399018958,39.434715270996094,29836200
2022-12-19 00:00:00-05:00,39.57832381557979,40.1240333562974,39.358125549337295,40.03786849975586,17454200
2022-12-20 00:00:00-05:00,39.530456347461744,40.746336622194406,39.22409321626857,39.233665466308594,25415400
2022-12-21 00:00:00-05:00,39.597472842669596,39.86553966799778,39.17622080042636,39.367698669433594,20170800
2022-12-22 00:00:00-05:00,38.97517349866169,39.00389755497781,38.31457863758054,38.94645309448242,17382700
2022-12-23 00:00:00-05:00,38.956022737372095,39.252813618525245,38.72625221504552,39.233665466308594,10167500
2022-12-27 00:00:00-05:00,39.26238693725652,39.38684810398417,38.8794348389097,39.29111099243164,10297400
2022-12-28 00:00:00-05:00,39.19536895254074,39.61662099478398,39.11877999621979,39.367698669433594,11889400
2022-12-29 00:00:00-05:00,39.396422572586395,39.6357689948934,39.31025771447042,39.56875228881836,11597100
2022-12-30 00:00:00-05:00,39.35811922816839,39.66448230174854,39.243233988609816,39.53044891357422,10021500
2023-01-03 00:00:00-05:00,39.83682173118281,40.344235011136995,39.683640156924746,40.009151458740234,15944300
2023-01-04 00:00:00-05:00,40.4591169771016,41.22502843802599,40.430396575564714,40.83250045776367,18943600
2023-01-05 00:00:00-05:00,40.76548226641432,40.81335081794264,40.14318014013696,40.61229705810547,12380700
2023-01-06 00:00:00-05:00,40.77505842405444,41.167586427627754,40.3059378089855,40.97610855102539,15247000
2023-01-09 00:00:00-05:00,41.28247115323885,41.29204705561903,40.36338174012263,40.583580017089844,21225600
2023-01-10 00:00:00-05:00,40.85164255077433,41.052696306097886,40.2293440906038,40.55485534667969,18348800
2023-01-11 00:00:00-05:00,40.57400361719913,41.004827876828145,40.22934420949591,40.918663024902344,18272100
2023-01-12 00:00:00-05:00,41.21545560193421,41.694148474551646,40.97610916562549,41.00483322143555,20940400
2023-01-13 00:00:00-05:00,39.61662238276297,42.46963140930335,38.73582561532536,42.33559799194336,41649700
2023-01-17 00:00:00-05:00,41.97178609798689,42.47919931238966,41.339911729285504,42.23985290527344,25473900
2023-01-18 00:00:00-05:00,42.08667293003356,42.70897507274108,41.45479853762219,41.53139114379883,20278000
2023-01-19 00:00:00-05:00,41.08141652853775,41.35905923296099,40.70803672362057,41.119712829589844,18565300
2023-01-20 00:00:00-05:00,41.24417751260374,42.06752614288786,40.937810730097105,42.048377990722656,23237200
2023-01-23 00:00:00-05:00,42.067525809143866,43.254685669011856,42.00050910316563,43.11107635498047,19692000
2023-01-24 00:00:00-05:00,42.99619414807154,43.27383689377399,42.47920496341252,42.5557975769043,13697200
2023-01-25 00:00:00-05:00,42.172835305992926,43.4844525664798,42.15368715557475,43.40786361694336,17285300
2023-01-26 00:00:00-05:00,43.58976721316446,43.94400253106822,43.23553554739709,43.85783767700195,16724600
2023-01-27 00:00:00-05:00,43.857837726286945,44.393971350291615,43.857837726286945,44.154624938964844,18161800
2023-01-30 00:00:00-05:00,43.9535752412806,44.6620422323777,43.857838136708544,44.3173828125,19427400
2023-01-31 00:00:00-05:00,44.34610401632098,44.88224130718587,44.09718534864515,44.87266540527344,22840400
2023-02-01 00:00:00-05:00,44.6716142904758,45.76303334731871,44.489712331714124,45.31306457519531,21874600
2023-02-02 00:00:00-05:00,45.592478505641715,45.833351703019545,44.73497051104595,45.50576400756836,19058000
2023-02-03 00:00:00-05:00,45.28415573007915,46.28618899429543,45.23598183141032,45.84298324584961,17346900
2023-02-06 00:00:00-05:00,45.5346660009102,46.01641237858795,45.42868488518497,45.939334869384766,15948900
2023-02-07 00:00:00-05:00,45.70809716086447,46.6426863540668,45.62138266174844,46.37290954589844,21764800
2023-02-08 00:00:00-05:00,45.95860888210995,46.83538721336916,45.87189438009823,46.488529205322266,18070500
2023-02-09 00:00:00-05:00,46.70049221837608,46.854650902940314,45.756269815991004,45.83334732055664,17362100
2023-02-10 00:00:00-05:00,45.67919539906048,45.9682425159844,45.264893183810585,45.775543212890625,18929000
2023-02-13 00:00:00-05:00,45.61174935092815,46.39217984297237,45.40941674480188,46.37290954589844,16451700
2023-02-14 00:00:00-05:00,46.180213804606986,47.0569921740641,46.0067847930279,46.72940444946289,16844400
2023-02-15 00:00:00-05:00,46.17057242047903,46.49816011388187,45.95860650740657,46.21875,12854000
2023-02-16 00:00:00-05:00,45.86225267493713,46.06458894243589,45.46722080095665,45.49612808227539,12631700
2023-02-17 00:00:00-05:00,45.370872800153236,45.83334886947513,45.303428603091696,45.75627136230469,13463800
2023-02-21 00:00:00-05:00,45.351603660710694,45.351603660710694,44.29176310092391,44.55190658569336,13652700
2023-02-22 00:00:00-05:00,44.272488355560235,44.54226512357261,44.021978206320625,44.33029556274414,13402900
2023-02-23 00:00:00-05:00,44.43627980847912,44.744597161192814,44.118329146494965,44.5615348815918,14783600
2023-02-24 00:00:00-05:00,44.16650663621682,45.05291817851121,44.03161824286186,44.91802978515625,16040300
2023-02-27 00:00:00-05:00,45.22634419513744,45.69845721633222,45.014378308960424,45.07218551635742,15468200
2023-02-28 00:00:00-05:00,44.96620573835619,45.313063723059805,44.84095432477239,45.062557220458984,18627200
2023-03-01 00:00:00-05:00,44.80241253450021,45.20707772221683,44.561539348830856,44.9758415222168,13382200
2023-03-02 00:00:00-05:00,44.76386904171461,44.91802772353523,43.72329885828358,44.12796401977539,19115000
2023-03-03 00:00:00-05:00,44.339936119635745,45.264888263421426,44.23395133068326,45.13963317871094,14947200
2023-03-06 00:00:00-05:00,45.1685427210291,45.45758982100158,44.81204774481086,44.927669525146484,14236000
2023-03-07 00:00:00-05:00,44.503734609343404,44.580815803614335,42.50930465050357,42.8272590637207,24056800
2023-03-08 00:00:00-05:00,42.644186205136805,42.933236961721335,42.00828115643031,42.23952102661133,14852000
2023-03-09 00:00:00-05:00,41.854121919294045,41.940836410045726,39.339409038361396,39.628456115722656,33599800
2023-03-10 00:00:00-05:00,39.098536363400875,40.81355222980945,38.27956534568875,39.850059509277344,55435400
2023-03-13 00:00:00-04:00,38.34700957413031,39.06962911513314,36.815056000186985,37.007755279541016,78806900
2023-03-14 00:00:00-04:00,39.984945857316454,40.08129365426937,37.932705438410096,38.70349884033203,52855100
2023-03-15 00:00:00-04:00,36.90177372272061,37.556949124622356,36.68980780476419,37.43169403076172,47324600
2023-03-16 00:00:00-04:00,37.21972650486405,38.59752145150839,36.75725041916593,37.865264892578125,40388800
2023-03-17 00:00:00-04:00,37.344981660674875,37.344981660674875,36.15988588315687,36.38148880004883,47403800
2023-03-20 00:00:00-04:00,36.728340516973155,37.046294870640864,36.08280217530785,36.1117057800293,34283700
2023-03-21 00:00:00-04:00,37.19082105014204,37.53767905031795,36.95958483364703,37.07520294189453,34664700
2023-03-22 00:00:00-04:00,37.29680279850459,37.29680279850459,35.83229340383534,35.8419303894043,22994400
2023-03-23 00:00:00-04:00,36.121346521459586,36.26586823552848,35.1771203474628,35.27347183227539,30239900
2023-03-24 00:00:00-04:00,34.68573811760744,35.14821418479024,33.963118573490625,34.90734100341797,35694800
2023-03-27 00:00:00-04:00,35.6685012070456,36.31403957015311,35.61069032024951,36.102073669433594,27454600
2023-03-28 00:00:00-04:00,35.9960913503665,36.21769425180187,35.52397826439838,35.822662353515625,15270000
2023-03-29 00:00:00-04:00,36.22732916209583,36.622361077823975,35.93828204639314,36.583824157714844,20789100
2023-03-30 00:00:00-04:00,36.90177339504145,37.09447268955437,35.81302550516177,36.01536178588867,22340400
2023-03-31 00:00:00-04:00,36.35258279471129,36.564552386218836,35.94791758412415,36.01536178588867,30287900
2023-04-03 00:00:00-04:00,36.15025341655626,36.76688827369804,36.0346352997006,36.342952728271484,21541000
2023-04-04 00:00:00-04:00,36.323679267938196,36.42002707769285,35.061502377725546,35.46617126464844,21942700
2023-04-05 00:00:00-04:00,35.16748941005277,35.65886915174218,34.945886493178435,35.543251037597656,15486900
2023-04-06 00:00:00-04:00,35.75521634492232,36.7090721039604,35.707042442772554,36.51637649536133,23484900
2023-04-10 00:00:00-04:00,36.323677996499455,37.2968040725191,36.236963500582206,37.2197265625,27005800
2023-04-11 00:00:00-04:00,37.35461831389267,38.0965082510006,37.296807419615355,37.93271255493164,25116100
2023-04-12 00:00:00-04:00,37.98088022225376,38.3951823745882,37.47023027072044,37.75927734375,20252900
2023-04-13 00:00:00-04:00,37.88453617551975,38.2313941676847,37.614759370695154,38.21212387084961,22397800
2023-04-14 00:00:00-04:00,38.298836810828355,39.0310896836058,37.691835349233564,38.19285202026367,40963100
2023-04-17 00:00:00-04:00,38.3759160026072,39.7922477722168,38.11577253257287,39.7922477722168,31445100
2023-04-18 00:00:00-04:00,39.70553325889084,40.52450425861423,39.638089063969645,40.34143829345703,27892300
2023-04-19 00:00:00-04:00,40.43778972740527,40.86172519153931,40.26436074766112,40.697933197021484,23310500
2023-04-20 00:00:00-04:00,40.341441968295264,40.51487096401455,39.936776761905804,40.14874267578125,19265500
2023-04-21 00:00:00-04:00,39.70553638200154,39.88860236155813,38.74204360684732,39.73444366455078,23975300
2023-04-24 00:00:00-04:00,39.62845782167051,40.08129691470511,39.5417433271859,39.93677520751953,17327800
2023-04-25 00:00:00-04:00,39.2141512208043,39.56100915960715,38.91546717896122,39.06962585449219,20728000
2023-04-26 00:00:00-04:00,38.770951310555105,38.973283913431395,37.80745852493472,38.01942443847656,26915600
2023-04-27 00:00:00-04:00,38.0868687791382,38.32774197642682,37.88453617551975,38.21212387084961,21695800
2023-04-28 00:00:00-04:00,37.81709315941769,38.462631584172954,37.53767935970268,38.2988395690918,20189300
2023-05-01 00:00:00-04:00,39.01182159993325,39.67663024931608,38.72277084543957,38.915470123291016,26564300
2023-05-02 00:00:00-04:00,38.54934677476803,38.54934677476803,36.92104520408729,37.422061920166016,36239500
2023-05-03 00:00:00-04:00,37.60511918076312,38.22175392521798,37.200454008002,37.23899459838867,25202700
2023-05-04 00:00:00-04:00,36.588403392638845,36.97681679677881,35.34548642608653,35.65621566772461,53247000
2023-05-05 00:00:00-04:00,36.37477980259396,37.17102403821619,36.24854858039458,36.84087371826172,27036200
2023-05-08 00:00:00-04:00,37.31667819406096,37.65653716682891,37.0447910158466,37.26812744140625,22735400
2023-05-09 00:00:00-04:00,36.84087228163657,37.54972364891756,36.67579898018902,37.423492431640625,18999100
2023-05-10 00:00:00-04:00,38.06437377917774,38.0935034915719,36.80203561823307,37.171024322509766,17941600
2023-05-11 00:00:00-04:00,36.66608733928469,37.3652300515776,36.32622835646736,37.21957778930664,18536200
2023-05-12 00:00:00-04:00,37.345808049108676,37.413779843924885,36.10289099625795,36.40391159057617,17654400
2023-05-15 00:00:00-04:00,36.51072084802076,37.96726562181178,36.37477726180319,37.646827697753906,24405800
2023-05-16 00:00:00-04:00,37.559435395206904,37.64682823103972,37.20986405187563,37.277835845947266,21821200
2023-05-17 00:00:00-04:00,37.86045340277042,39.433520636235926,37.76334820059063,39.287864685058594,29241600
2023-05-18 00:00:00-04:00,39.151918844604126,39.151918844604126,38.423646539155115,39.04510498046875,27213900
2023-05-19 00:00:00-04:00,39.161635095535644,39.287866307304554,38.47220109623801,38.870323181152344,19769800
2023-05-22 00:00:00-04:00,39.03539884192195,40.035558354197704,38.938293639060156,39.79280090332031,27519400
2023-05-23 00:00:00-04:00,39.82192947344773,40.89977311719386,39.792799765514474,40.016136169433594,26116600
2023-05-24 00:00:00-04:00,39.70540660503997,40.09381999375914,39.50149124284547,39.68598556518555,21193700
2023-05-25 00:00:00-04:00,39.44323134690201,40.09382327055057,39.34612984387859,39.71512222290039,17691800
2023-05-26 00:00:00-04:00,39.71512268088972,40.317160155784286,39.57917538923035,40.035560607910156,17399400
2023-05-30 00:00:00-04:00,40.045270726576256,40.22005268335802,39.17134242174374,39.79280090332031,14752600
2023-05-31 00:00:00-04:00,39.12279788416151,39.29758357287976,38.161476596211116,38.65670394897461,27221100
2023-06-01 00:00:00-04:00,39.04510444605822,39.35583366246209,38.5304598759239,38.899452209472656,17079400
2023-06-02 00:00:00-04:00,39.44323165037946,40.34628971134799,39.21018655965624,40.04527282714844,16905100
2023-06-05 00:00:00-04:00,39.967586551789466,39.967586551789466,39.26844390814207,39.27815628051758,18443900
2023-06-06 00:00:00-04:00,39.22960708393526,40.4142609718905,39.09365979459034,40.06468963623047,18825100
2023-06-07 00:00:00-04:00,40.249185558976436,40.91919478094682,39.80251274432951,40.85122299194336,17781800
2023-06-08 00:00:00-04:00,40.491944148626665,41.171665762016445,40.35600056678567,41.14253234863281,17157300
2023-06-09 00:00:00-04:00,41.10369538910179,41.2396389756326,40.81238347032442,40.909488677978516,11098900
2023-06-12 00:00:00-04:00,40.890066486705805,41.521233649878205,40.210344868979135,40.61817932128906,19433400
2023-06-13 00:00:00-04:00,40.472524749303645,42.08443416428232,40.32686878903213,41.414424896240234,18864000
2023-06-14 00:00:00-04:00,41.5115233904027,41.74457216910236,40.77354238219235,40.86093521118164,14826100
2023-06-15 00:00:00-04:00,40.608466950040984,41.19108336286312,40.414260244371995,41.1328239440918,14188200
2023-06-16 00:00:00-04:00,41.34645174189661,41.501816365787036,40.84151578820651,40.958038330078125,36421600
2023-06-20 00:00:00-04:00,40.899773785498134,40.91919482583253,40.142371733380386,40.67643737792969,16679600
2023-06-21 00:00:00-04:00,40.63759287598159,40.74440673936418,40.326863657514686,40.443389892578125,11686500
2023-06-22 00:00:00-04:00,40.34628976813893,40.42397393461263,39.73453992180578,39.870487213134766,11504400
2023-06-23 00:00:00-04:00,39.35583710775813,39.55975618352455,39.132500695428014,39.43352127075195,18952000
2023-06-26 00:00:00-04:00,39.59859497975765,40.025850472374195,39.2878657328646,39.414100646972656,13618500
2023-06-27 00:00:00-04:00,39.443231084686694,39.87048658519312,39.1713439146807,39.724830627441406,11749600
2023-06-28 00:00:00-04:00,39.73453787620244,39.753958916821034,39.210184596239294,39.44322967529297,13959600
2023-06-29 00:00:00-04:00,40.27831477313822,41.278474259789725,40.1715009048192,41.22021484375,23956300
2023-06-30 00:00:00-04:00,41.705732426223484,41.96791092788642,41.38529080057382,41.44355392456055,20059500
2023-07-03 00:00:00-04:00,41.637756652203684,42.33689555226732,41.50181308008532,42.14269256591797,9249100
2023-07-05 00:00:00-04:00,41.97761761217627,42.356318639726574,41.53094479528025,42.220375061035156,15722200
2023-07-06 00:00:00-04:00,41.967914030934466,42.05530687128381,41.01630516056664,41.6474723815918,14978600
2023-07-07 00:00:00-04:00,41.35616296322665,42.17182821504866,41.35616296322665,41.530948638916016,13505400
2023-07-10 00:00:00-04:00,41.47268374297559,41.74457461810683,41.05514061377376,41.0939826965332,16675800
2023-07-11 00:00:00-04:00,41.12311105769249,41.68631012667716,40.85122389566391,41.50181579589844,15402300
2023-07-12 00:00:00-04:00,42.05530265359817,42.57965593892223,41.763990745525625,42.00674819946289,13998300
2023-07-13 00:00:00-04:00,42.21066905061151,42.492264893837415,42.04559204881775,42.4437141418457,18034800
2023-07-14 00:00:00-04:00,43.45358555259645,43.997363599163435,42.04559153687087,42.29806137084961,30891300
2023-07-17 00:00:00-04:00,42.29806262666847,43.82257923185488,42.28835025358906,43.443878173828125,25173900
2023-07-18 00:00:00-04:00,43.47300455969064,44.376062569385375,43.30792756763158,44.27895736694336,24188900
2023-07-19 00:00:00-04:00,44.59939624897875,45.22085468983181,44.22069524309544,44.91983413696289,18932700
2023-07-20 00:00:00-04:00,45.026648493979955,45.87144704393657,44.871283882065725,45.76463317871094,18927200
2023-07-21 00:00:00-04:00,45.81319004897542,45.842319760045264,44.61882374070637,44.62853240966797,16206500
2023-07-24 00:00:00-04:00,44.63824248163283,45.47332872831181,44.62853010898688,45.07520294189453,12053200
2023-07-25 00:00:00-04:00,45.046070569384725,45.288828012594756,44.11388287646249,44.16243362426758,13537400
2023-07-26 00:00:00-04:00,45.13346564752847,45.47332830747934,44.77418565083508,45.09462356567383,19520900
2023-07-27 00:00:00-04:00,45.21114901062926,45.80347407959186,44.25954024715076,44.444034576416016,19509600
2023-07-28 00:00:00-04:00,44.71592137914926,44.890707038819485,44.249827521423555,44.803314208984375,12616400
2023-07-31 00:00:00-04:00,44.99752432038181,45.3276746243229,44.53143042732115,44.82273864746094,11696600
2023-08-01 00:00:00-04:00,44.677077073932836,44.822733017801085,44.026488920806244,44.38576889038086,12699200
2023-08-02 00:00:00-04:00,43.7934455871582,43.8614173816176,43.26909227335499,43.7934455871582,13911700
2023-08-03 00:00:00-04:00,43.75430120034319,44.41976616966186,43.55857555057483,44.184898376464844,12145400
2023-08-04 00:00:00-04:00,44.13596395859245,44.72314090516276,43.75430099655768,43.89130783081055,10838300
2023-08-07 00:00:00-04:00,44.214254724729784,44.48826838712073,43.959810266947194,44.09682083129883,10860300
2023-08-08 00:00:00-04:00,43.03990829430746,43.597724002546784,42.45273504347338,43.52922058105469,14520000
2023-08-09 00:00:00-04:00,43.27477364251468,43.30413118090878,42.63866626749884,42.78546142578125,11973800
2023-08-10 00:00:00-04:00,43.059478182236845,43.44114114154713,42.68759982537924,42.73653030395508,11982200
2023-08-11 00:00:00-04:00,42.57995134931418,42.912683836430524,42.45273284920815,42.795249938964844,7316000
2023-08-14 00:00:00-04:00,42.59952446428646,42.97140282981789,42.34508372986368,42.80503845214844,10677000
2023-08-15 00:00:00-04:00,42.20807882439971,42.33529733085316,41.611117238333705,41.816627502441406,13835900
2023-08-16 00:00:00-04:00,41.7481212090023,41.816624625658825,41.23923601872794,41.317527770996094,10076700
2023-08-17 00:00:00-04:00,41.56218338012695,41.83619704334473,41.35666939955744,41.56218338012695,12686000
2023-08-18 00:00:00-04:00,41.20008999664158,41.87534329151556,41.151159518225434,41.5915412902832,10796400
2023-08-21 00:00:00-04:00,41.738332533198694,41.95362736461252,41.219659057931345,41.58175277709961,12600400
2023-08-22 00:00:00-04:00,41.55239362352674,41.66004291129669,40.5444116256009,40.6129150390625,13634800
2023-08-23 00:00:00-04:00,40.6716315077123,40.749919518663326,40.338899061569805,40.72056198120117,11927400
2023-08-24 00:00:00-04:00,40.56398364227643,41.27837903299063,40.50526483214635,40.544410705566406,10363300
2023-08-25 00:00:00-04:00,40.749922099329815,40.906501864303806,39.898519860606015,40.34868621826172,12534700
2023-08-28 00:00:00-04:00,40.52483991257241,41.170731925546406,40.407406019256086,40.98479461669922,10314500
2023-08-29 00:00:00-04:00,40.975004035529786,41.46431625287889,40.75970919844223,41.10222625732422,14404800
2023-08-30 00:00:00-04:00,41.16094663581563,41.22945005020241,40.58355804801557,40.652061462402344,12536300
2023-08-31 00:00:00-04:00,40.789064954120356,40.81842249126828,40.231249349375105,40.40740203857422,21534900
2023-09-01 00:00:00-04:00,40.66184372308379,41.09244085518381,40.622697850500906,40.759708404541016,12889200
2023-09-05 00:00:00-04:00,40.759710751626166,41.37624148110718,40.42697828182349,40.652061462402344,14337200
2023-09-06 00:00:00-04:00,40.329114341656215,40.5150553839979,39.73215280538146,40.1431770324707,18775400
2023-09-07 00:00:00-04:00,39.859374868222204,40.143176865129796,39.438566040574706,39.56578826904297,13801000
2023-09-08 00:00:00-04:00,39.58536110154322,40.24103771352916,39.46792720881484,40.12360382080078,13921200
2023-09-11 00:00:00-04:00,40.49547893554662,40.82821138266622,40.3291108454089,40.44654846191406,15053800
2023-09-12 00:00:00-04:00,40.524840967729,42.05149655321575,40.38783413309998,41.63068771362305,18393900
2023-09-13 00:00:00-04:00,41.79704820502001,41.96341629814978,41.21965964619772,41.34688186645508,15274200
2023-09-14 00:00:00-04:00,41.89491584287861,42.462516106948925,41.787266551462814,42.129783630371094,20764500
2023-09-15 00:00:00-04:00,41.75790399883097,42.38422679032015,41.69918892033477,42.03192138671875,47268300
2023-09-18 00:00:00-04:00,42.07106976308577,42.66802758451532,41.8557711740466,42.50166320800781,15849700
2023-09-19 00:00:00-04:00,42.6190981807698,42.80503923350781,41.98299446652331,42.2961540222168,15318100
2023-09-20 00:00:00-04:00,42.47230589169667,42.78546544114322,41.90470187510211,41.95363235473633,16788100
2023-09-21 00:00:00-04:00,41.83619500981347,42.24721548466167,41.38602866122087,41.41538619995117,14990500
2023-09-22 00:00:00-04:00,41.42517536896944,41.48389044761214,40.27039820235276,40.34868621826172,16780300
2023-09-25 00:00:00-04:00,40.00616972997963,40.73034975356765,39.89852044002992,40.671634674072266,10624000
2023-09-26 00:00:00-04:00,40.17253351385339,40.42697796514492,39.49728397740627,39.78108596801758,15219400
2023-09-27 00:00:00-04:00,39.76151198093572,40.31932761221979,39.59514388515214,39.986595153808594,11815500
2023-09-28 00:00:00-04:00,39.96702286248702,40.31932826333601,39.84958897325603,40.035526275634766,12454600
2023-09-29 00:00:00-04:00,40.31932761221979,40.505264911595816,39.71258150564266,39.986595153808594,13119100
2023-10-02 00:00:00-04:00,39.83001796429261,39.88873304517238,38.596949001630456,38.7633171081543,15102000
2023-10-03 00:00:00-04:00,38.538232892078675,38.62630924420359,37.647684768662835,37.843406677246094,19252900
2023-10-04 00:00:00-04:00,37.686827124397816,38.274004052948776,37.56939323195007,38.13699722290039,14343500
2023-10-05 00:00:00-04:00,37.93148374134504,38.577375757999086,37.774903971645756,38.45994186401367,11820600
2023-10-06 00:00:00-04:00,38.05870726501796,39.037331792205485,37.93148503119981,38.84160614013672,13973000
2023-10-09 00:00:00-04:00,38.27400603031782,38.949255613223244,38.26421769443373,38.85139465332031,12096600
2023-10-10 00:00:00-04:00,39.06668724817809,39.51685734385476,38.870965339712534,38.96882629394531,14429700
2023-10-11 00:00:00-04:00,39.15476569018423,39.350491342252994,38.41101269211048,38.84160614013672,14835900
2023-10-12 00:00:00-04:00,38.84160686286521,39.1547664187397,38.47951682635216,38.890541076660156,14878100
2023-10-13 00:00:00-04:00,39.95723890422628,40.74992233575025,39.60493349770181,40.08445739746094,28077900
2023-10-16 00:00:00-04:00,40.5835557110739,41.26858981549505,40.51505230063178,40.759708404541016,18419000
2023-10-17 00:00:00-04:00,40.544414121523516,41.46431982546316,40.544414121523516,41.08265686035156,16982300
2023-10-18 00:00:00-04:00,40.80864104996992,41.04350883165195,40.46612024637919,40.64227294921875,16053200
2023-10-19 00:00:00-04:00,40.593345526904265,41.317529330086444,40.2801859723272,40.29975891113281,16120300
2023-10-20 00:00:00-04:00,40.172532254004715,40.211678127307465,39.0862585353671,39.40920639038086,17485700
2023-10-23 00:00:00-04:00,39.39942291206121,39.51686054644545,38.57737813715358,38.6360969543457,13785800
2023-10-24 00:00:00-04:00,38.773104974945724,38.97861897479607,38.4012303208778,38.440372467041016,15097800
2023-10-25 00:00:00-04:00,38.23485891917327,38.37186575187841,37.75533500470531,38.19571304321289,13849000
2023-10-26 00:00:00-04:00,38.18592904146673,39.1254076803567,38.146783164890586,38.80246353149414,15480300
2023-10-27 00:00:00-04:00,38.538234104203596,38.56759164478323,37.79447738883217,37.93148422241211,13582800
2023-10-30 00:00:00-04:00,38.264217943060075,38.743745609275415,37.86298203180085,38.58716583251953,14141900
2023-10-31 00:00:00-04:00,38.792676749426775,38.959044864960354,38.40122916745653,38.919898986816406,11919200
2023-11-01 00:00:00-04:00,39.105834190473665,39.12540712848566,38.44036923069071,38.7633171081543,19850300
2023-11-02 00:00:00-04:00,39.23724605202364,40.027124400795444,38.8916716850105,39.997501373291016,19998500
2023-11-03 00:00:00-04:00,40.6491485521373,41.33042163908188,40.55041517807071,41.09345626831055,16146100
2023-11-06 00:00:00-05:00,41.261309075655696,41.261309075655696,40.62940641841734,40.81700134277344,15148600
2023-11-07 00:00:00-05:00,40.659025965935776,40.678773394918714,40.22459382762207,40.52079772949219,13796900
2023-11-08 00:00:00-05:00,40.55041702824613,40.668897835819266,39.9185143659401,40.46155548095703,19418700
2023-11-09 00:00:00-05:00,40.777508689504295,40.85649840914771,39.76054053093669,39.88889694213867,14006500
2023-11-10 00:00:00-05:00,40.115986866055415,40.43193821277551,39.849402211053366,40.37269592285156,14706600
2023-11-13 00:00:00-05:00,40.2245921667483,40.54054348455573,40.017246054207284,40.25421142578125,12159700
2023-11-14 00:00:00-05:00,40.9749776085983,41.843845658274546,40.93548275033188,41.54764175415039,20183800
2023-11-15 00:00:00-05:00,41.53776418725516,42.48561814209396,41.53776418725516,42.29802322387695,17268100
2023-11-16 00:00:00-05:00,42.278275416006025,42.41650364570741,41.458777868589195,41.991943359375,16931200
2023-11-17 00:00:00-05:00,42.288151272988465,42.446126931679956,41.90308207389347,42.41650390625,13893800
2023-11-20 00:00:00-05:00,42.31777134316256,42.40663288828219,41.97219699372539,42.2486572265625,10369100
2023-11-21 00:00:00-05:00,42.100552901008484,42.189414445083585,41.616754090494936,42.061058044433594,16078400
2023-11-22 00:00:00-05:00,42.120300172495014,42.28815142909504,41.86359113858751,42.2387809753418,11862200
2023-11-24 00:00:00-05:00,42.25852953942754,42.56460903531543,42.18941542203946,42.377010345458984,5287200
2023-11-27 00:00:00-05:00,42.10055255329608,42.485617985628934,41.982071750986776,42.475746154785156,15715000
2023-11-28 00:00:00-05:00,42.42637851110885,42.90030547609729,42.248655428433594,42.82131576538086,15332900
2023-11-29 00:00:00-05:00,43.13726989206904,43.581577627768745,43.07803137160039,43.226131439208984,16746000
2023-11-30 00:00:00-05:00,43.25575561755185,44.18386220516193,42.92992868055137,44.02588653564453,23247500
2023-12-01 00:00:00-05:00,43.946893272431915,44.66766120829942,43.81854064072883,44.450443267822266,18114700
2023-12-04 00:00:00-05:00,44.14436619912644,44.75652519823245,43.956771273460575,44.54917907714844,13424000
2023-12-05 00:00:00-05:00,44.38133413440809,44.401081564525654,43.848164820545364,43.927154541015625,14531700
2023-12-06 00:00:00-05:00,44.23322706009043,44.67753478918183,43.86790904569835,43.9370231628418,18923800
2023-12-07 00:00:00-05:00,44.223358199569994,44.86513272564555,44.08512995599794,44.82564163208008,18787800
2023-12-08 00:00:00-05:00,44.786144807459145,45.75374623645524,44.549179424275394,45.516780853271484,20236400
2023-12-11 00:00:00-05:00,45.31931547639428,45.63526681931335,44.993488535388124,45.41804885864258,21116900
2023-12-12 00:00:00-05:00,45.35880550663011,46.168431274694534,45.23045286600218,45.882102966308594,19787100
2023-12-13 00:00:00-05:00,45.911722862233916,47.175528221783935,45.76361902384543,47.15578079223633,26549100
2023-12-14 00:00:00-05:00,47.8271751947882,49.91048179498185,47.8271751947882,49.87098693847656,41115400
2023-12-15 00:00:00-05:00,49.46617682426202,50.12770252495819,49.28845372654884,49.67352294921875,44098700
2023-12-18 00:00:00-05:00,49.772257580921945,49.8413717021662,48.903389499860715,49.03174591064453,20531700
2023-12-19 00:00:00-05:00,49.04161417905032,49.68339241990151,48.686171766950324,49.456302642822266,20556400
2023-12-20 00:00:00-05:00,49.19959621526837,49.93023227306062,48.66642691919054,48.71579360961914,20481500
2023-12-21 00:00:00-05:00,48.992249353693666,49.199595476680386,48.508450521744315,48.82440185546875,11127700
2023-12-22 00:00:00-05:00,49.031742536145956,49.22921305458356,48.46895400678273,48.55781555175781,10448000
2023-12-26 00:00:00-05:00,48.53807021805868,49.04161648369142,48.409713810569144,49.01199722290039,8856600
2023-12-27 00:00:00-05:00,48.784907123512916,48.94288279078434,48.52819807661072,48.7059211730957,12536700
2023-12-28 00:00:00-05:00,48.51832420404285,49.02187425080164,48.46895751247204,48.85402297973633,9872600
2023-12-29 00:00:00-05:00,48.725665569410964,48.952759125567106,48.58743732927214,48.597312927246094,11731900
2024-01-02 00:00:00-05:00,48.42946093054295,49.130477718657595,48.20237114424259,48.7059211730957,14916000
2024-01-03 00:00:00-05:00,48.46895318082633,48.46895318082633,47.708694145981035,48.06414031982422,21653600
2024-01-04 00:00:00-05:00,48.2023680033803,49.22921165695402,48.15300131678164,48.65654754638672,15917500
2024-01-05 00:00:00-05:00,48.77503406752357,49.83149702208342,48.666425092794384,49.2884521484375,15073600
2024-01-08 00:00:00-05:00,48.75528663880582,49.357570032168084,48.528196858207025,49.2884521484375,15119700
2024-01-09 00:00:00-05:00,48.81452385939373,48.834271287585935,48.42945842573779,48.66642379760742,13625200
2024-01-10 00:00:00-05:00,48.380093840927444,48.49857464879267,47.99502839053773,48.459083557128906,11849800
2024-01-11 00:00:00-05:00,48.271482354681446,48.45908103768798,47.72844126655908,48.419586181640625,21049200
2024-01-12 00:00:00-05:00,47.34337987961876,48.162877497189406,46.40539768378672,46.80033874511719,30452700
2024-01-16 00:00:00-05:00,46.1783058879894,46.46463795670751,45.63526477705166,46.2276725769043,25209900
2024-01-17 00:00:00-05:00,45.655014213774365,46.46464000018354,45.62539118597308,46.07957077026367,17445600
2024-01-18 00:00:00-05:00,45.961087000605836,46.03020111696591,45.53652670500143,45.85247802734375,17901300
2024-01-19 00:00:00-05:00,46.04007524777041,47.570465122821275,45.79323804965135,47.51122283935547,25602400
2024-01-22 00:00:00-05:00,47.619834611298245,48.310979559988695,47.550720493072895,47.916038513183594,19372200
2024-01-23 00:00:00-05:00,48.03452191594334,48.59731044573507,47.7876847093176,48.498573303222656,16422100
2024-01-24 00:00:00-05:00,48.745410844431596,49.45630320965301,48.62693003904033,48.863895416259766,17776000
2024-01-25 00:00:00-05:00,49.051488076808845,49.30819710439207,48.873764993698636,49.248958587646484,17979600
2024-01-26 00:00:00-05:00,49.20946837488103,49.86111848561976,49.14035425453275,49.68339538574219,19211100
2024-01-29 00:00:00-05:00,49.52541777122267,50.028964023483226,49.357570275948135,49.7130126953125,16725200
2024-01-30 00:00:00-05:00,49.98947216868398,50.62137481537291,49.97959657120873,50.54238510131836,14736800
2024-01-31 00:00:00-05:00,50.364663609546426,50.789223919971654,49.52541858648464,49.545166015625,20394400
2024-02-01 00:00:00-05:00,49.53521986910758,49.68436396004753,47.60631061361877,48.45145034790039,27566100
2024-02-02 00:00:00-05:00,48.22276679776262,49.286650215436545,47.78528326854358,48.87899398803711,19329000
2024-02-05 00:00:00-05:00,48.33213753365646,48.64036309318998,47.96425357894298,48.42162322998047,14202700
2024-02-06 00:00:00-05:00,48.242654258381975,48.8392230685529,47.73556735613389,48.01396942138672,13926600
2024-02-07 00:00:00-05:00,48.17305355743548,48.322193860024974,47.17876970193792,48.202880859375,15839600
2024-02-08 00:00:00-05:00,47.90459721970416,48.22276775506913,47.785284217165284,48.07362365722656,10839200
2024-02-09 00:00:00-05:00,47.94436739576041,47.99408082857777,47.19865452482457,47.785282135009766,16594000
2024-02-12 00:00:00-05:00,47.72562625135643,49.00825336715572,47.6063132477378,48.64036560058594,14101900
2024-02-13 00:00:00-05:00,48.12334155652316,48.43156713345663,47.31797024414222,47.964256286621094,13660100
2024-02-14 00:00:00-05:00,48.322193560162205,48.44151035296366,47.68585250345527,48.252593994140625,12683400
2024-02-15 00:00:00-05:00,48.4514500182229,52.150187036605274,48.34207819133004,51.742530822753906,46473600
2024-02-16 00:00:00-05:00,51.64310092187083,52.02092984042999,51.02664600740512,51.61327362060547,24342700
2024-02-20 00:00:00-05:00,51.205618223008365,51.941389940133725,50.97693339288758,51.47407531738281,19839100
2024-02-21 00:00:00-05:00,51.34481594756162,52.37887203246063,50.83773286734887,52.358985900878906,18563700
2024-02-22 00:00:00-05:00,52.52801954602931,53.60184417117912,52.44847501451865,53.0649299621582,20467900
2024-02-23 00:00:00-05:00,53.22401235274313,53.71121309965718,53.11464052427925,53.552127838134766,20863500
2024-02-26 00:00:00-05:00,53.44275822409743,54.24812952742727,53.37315865635322,53.820587158203125,18099900
2024-02-27 00:00:00-05:00,53.96972725653368,54.57624102417123,53.929958784326665,54.496700286865234,19548200
2024-02-28 00:00:00-05:00,54.42710125115198,55.10321079998053,54.258071019275846,54.4072151184082,20045200
2024-02-29 00:00:00-05:00,54.72538432305164,55.38161151603836,54.625953661755524,55.272239685058594,28335600
2024-03-01 00:00:00-05:00,55.08332643381503,55.43132426179963,54.586184512184545,54.745269775390625,17758400
2024-03-04 00:00:00-05:00,54.55635282569028,56.236694930017535,54.41715369600699,55.49098205566406,19483500
2024-03-05 00:00:00-05:00,55.3915543189079,56.77360831209168,55.11315604485419,56.276466369628906,21786100
2024-03-06 00:00:00-05:00,56.49520704082601,57.061948521735154,55.94835169170741,56.78355026245117,25418600
2024-03-07 00:00:00-05:00,56.723892510743006,57.350292394131735,56.54492111548908,56.67417907714844,18116300
2024-03-08 00:00:00-05:00,56.882977358965704,57.21109284550127,56.55486566532197,56.743778228759766,17869900
2024-03-11 00:00:00-04:00,56.45543489156561,57.022176373622386,56.196922763548685,56.76366424560547,16622000
2024-03-12 00:00:00-04:00,56.92275026228113,57.77783497788727,56.77360616801796,57.28069305419922,23622800
2024-03-13 00:00:00-04:00,57.29063298527856,58.10594541906999,57.29063298527856,57.4894905090332,17444900
2024-03-14 00:00:00-04:00,57.53920660267935,57.79772253338313,56.79349369878239,57.04206466674805,24851100
2024-03-15 00:00:00-04:00,56.53498073839846,57.96674812760759,56.53498073839846,57.1812629699707,40782500
2024-03-18 00:00:00-04:00,57.270747150687214,57.499435769570965,56.78355019749754,57.43977737426758,16376500
2024-03-19 00:00:00-04:00,57.32046502329656,57.6088044549534,56.59463448070382,56.684120178222656,14504800
2024-03-20 00:00:00-04:00,56.29635217390211,57.18126421945835,55.9582955032848,56.97246551513672,22841600
2024-03-21 00:00:00-04:00,57.2608055019194,57.78777471423341,57.121606373601864,57.519317626953125,18141700
2024-03-22 00:00:00-04:00,57.47954958723995,57.688348281280426,56.79349131697582,56.803436279296875,13736200
2024-03-25 00:00:00-04:00,56.753725202517344,57.00229617037793,56.047780771195384,56.405723571777344,15028200
2024-03-26 00:00:00-04:00,56.81338011001769,56.82332507280459,56.266524736389506,56.35601043701172,11445900
2024-03-27 00:00:00-04:00,56.057724377073654,57.3105203558951,56.057724377073654,57.28069305419922,13762800
2024-03-28 00:00:00-04:00,57.330408222295254,57.748009423129865,57.230981351706625,57.628692626953125,14619000
2024-04-01 00:00:00-04:00,57.54915014813779,57.54915014813779,56.93269143188246,57.28069305419922,11039500
2024-04-02 00:00:00-04:00,57.032123612660655,57.6684646850816,56.86309338179711,57.022178649902344,14632900
2024-04-03 00:00:00-04:00,56.873035843977036,57.62868988602951,56.525034227684436,56.803436279296875,13226500
2024-04-04 00:00:00-04:00,57.400007749009525,57.66846485087616,56.21681130113094,56.35601043701172,12361900
2024-04-05 00:00:00-04:00,56.306296565066624,57.29063547138487,56.24663816748384,57.071895599365234,11079400
2024-04-08 00:00:00-04:00,57.052007172918316,57.648575953191795,56.98240760831614,57.45966339111328,15308800
2024-04-09 00:00:00-04:00,57.3701789363377,57.658522163296404,56.54492151977836,57.2508659362793,10646000
2024-04-10 00:00:00-04:00,56.465380724917445,56.972463819303655,56.097492969710395,56.61452102661133,16475200
2024-04-11 00:00:00-04:00,56.65429477228234,56.67418090493988,55.31201305748003,56.36595153808594,18995600
2024-04-12 00:00:00-04:00,55.650067251828304,56.674178384346376,55.023667376096874,56.14720916748047,27867700
2024-04-15 00:00:00-04:00,57.28069301424263,57.648576975505435,56.41566712963856,56.644351959228516,19407500
2024-04-16 00:00:00-04:00,56.5747518661498,56.63440646894401,55.34183823888106,56.08755111694336,25620000
2024-04-17 00:00:00-04:00,56.554865025155905,57.30057789386828,56.32618020056446,56.8531494140625,18867700
2024-04-18 00:00:00-04:00,57.30058014394839,58.792005939938456,56.89292391142678,58.40423583984375,24468500
2024-04-19 00:00:00-04:00,58.6627461143499,60.5021696872194,58.52354698467006,60.005027770996094,34330900
2024-04-22 00:00:00-04:00,60.05474818067015,61.13851776720752,59.99508978211958,60.7507438659668,21753400
2024-04-23 00:00:00-04:00,60.82034055882783,61.40696817504988,60.46240156312427,60.59165573120117,21731200
2024-04-24 00:00:00-04:00,60.25360107421875,60.60160270485461,59.7067457036675,60.25360107421875,19731600
2024-04-25 00:00:00-04:00,60.26354619895554,60.61154403763496,59.25931736238012,59.587432861328125,24002500
2024-04-26 00:00:00-04:00,59.43828887862514,60.084574915019594,59.04057760406022,59.56754684448242,18785900
2024-04-29 00:00:00-04:00,59.51783405781589,59.95531760247198,59.0206921145236,59.45817565917969,15338400
2024-04-30 00:00:00-04:00,59.25931715424306,59.64709104969925,58.9610327517238,58.980918884277344,18007700
2024-05-01 00:00:00-04:00,59.239433634509325,59.8061751258738,58.99086267187958,59.17977523803711,16365400
2024-05-02 00:00:00-04:00,59.77634603551769,59.806177131199995,58.9809196870099,59.488006591796875,15329500
2024-05-03 00:00:00-04:00,59.68685966265833,59.9155444982254,58.782061490244246,59.597373962402344,17298500
2024-05-06 00:00:00-04:00,60.12434550755863,60.53200173355871,59.49794562125397,59.845943450927734,16240100
2024-05-07 00:00:00-04:00,59.93542873451032,60.263544222698236,59.71668886861022,59.91554260253906,16268200
2024-05-08 00:00:00-04:00,59.806176457941135,61.07885860122658,59.75645922999432,60.880001068115234,18718400
2024-05-09 00:00:00-04:00,60.7400016784668,61.369998931884766,60.47999954223633,61.279998779296875,14224300
2024-05-10 00:00:00-04:00,61.459999084472656,61.970001220703125,61.459999084472656,61.88999938964844,14428200
2024-05-13 00:00:00-04:00,61.959999084472656,62.16999816894531,61.209999084472656,61.2599983215332,15203500
2024-05-14 00:00:00-04:00,61.560001373291016,61.9900016784668,61.02000045776367,61.88999938964844,14499600
2024-05-15 00:00:00-04:00,62.20000076293945,62.54999923706055,61.869998931884766,62.34000015258789,17489600
2024-05-16 00:00:00-04:00,62.45000076293945,62.47999954223633,60.970001220703125,61.060001373291016,21104100
2024-05-17 00:00:00-04:00,61.40999984741211,61.630001068115234,60.88999938964844,61.08000183105469,15795800
2024-05-20 00:00:00-04:00,60.97999954223633,61.790000915527344,60.59000015258789,60.70000076293945,15029000
2024-05-21 00:00:00-04:00,60.81999969482422,61.70000076293945,60.779998779296875,61.459999084472656,18422100
2024-05-22 00:00:00-04:00,61.29999923706055,61.45000076293945,60.5099983215332,60.93000030517578,10340500
2024-05-23 00:00:00-04:00,60.75,60.779998779296875,59.36000061035156,59.68000030517578,13056100
2024-05-24 00:00:00-04:00,60.040000915527344,60.38999938964844,59.869998931884766,60.209999084472656,9912500
2024-05-28 00:00:00-04:00,59.970001220703125,60.18000030517578,59.189998626708984,59.47999954223633,11276300
2024-05-29 00:00:00-04:00,58.869998931884766,58.939998626708984,58.41999816894531,58.75,12835000
2024-05-30 00:00:00-04:00,58.81999969482422,59.38999938964844,58.599998474121094,59.209999084472656,13584800
2024-05-31 00:00:00-04:00,59.27000045776367,59.9900016784668,58.970001220703125,59.91999816894531,25386600
2024-06-03 00:00:00-04:00,60.20000076293945,60.20000076293945,58.599998474121094,59.34000015258789,13206500
2024-06-04 00:00:00-04:00,58.81999969482422,59.47999954223633,58.34000015258789,58.70000076293945,12520700
2024-06-05 00:00:00-04:00,58.86000061035156,58.91999816894531,58.130001068115234,58.68000030517578,11199100
2024-06-06 00:00:00-04:00,58.779998779296875,59.0,57.5,57.72999954223633,18587400
2024-06-07 00:00:00-04:00,57.56999969482422,58.68000030517578,57.56999969482422,58.36000061035156,14466700
2024-06-10 00:00:00-04:00,57.900001525878906,58.130001068115234,57.369998931884766,57.93000030517578,12793800
2024-06-11 00:00:00-04:00,57.75,57.75,56.5099983215332,57.130001068115234,19197800
2024-06-12 00:00:00-04:00,58.279998779296875,58.45000076293945,57.15999984741211,57.29999923706055,16929800
2024-06-13 00:00:00-04:00,57.45000076293945,57.619998931884766,56.689998626708984,57.27000045776367,15963700
2024-06-14 00:00:00-04:00,56.9900016784668,57.61000061035156,56.619998931884766,57.400001525878906,15375400
2024-06-17 00:00:00-04:00,57.209999084472656,58.25,57.06999969482422,58.2400016784668,18361100
2024-06-18 00:00:00-04:00,58.209999084472656,59.04999923706055,57.900001525878906,59.04999923706055,15547400
2024-06-20 00:00:00-04:00,58.7400016784668,59.20000076293945,58.59000015258789,58.959999084472656,11985500
2024-06-21 00:00:00-04:00,58.29999923706055,58.459999084472656,57.31999969482422,58.099998474121094,62733200
2024-06-24 00:00:00-04:00,58.4900016784668,59.459999084472656,58.27000045776367,59.0099983215332,16198300
2024-06-25 00:00:00-04:00,58.77000045776367,59.0,57.18000030517578,57.20000076293945,27490700
2024-06-26 00:00:00-04:00,57.220001220703125,57.79999923706055,56.83000183105469,57.0099983215332,30425700
2024-06-27 00:00:00-04:00,56.40999984741211,57.470001220703125,56.33000183105469,57.41999816894531,13832200
2024-06-28 00:00:00-04:00,58.09000015258789,59.45000076293945,58.09000015258789,59.38999938964844,31074500
2024-07-01 00:00:00-04:00,59.61000061035156,60.61000061035156,59.56999969482422,60.59000015258789,14470200
2024-07-02 00:00:00-04:00,60.4900016784668,61.18000030517578,60.13999938964844,60.970001220703125,9543700
2024-07-03 00:00:00-04:00,61.0,61.13999938964844,60.15999984741211,60.65999984741211,6698800
2024-07-05 00:00:00-04:00,60.5,60.65999984741211,59.11000061035156,59.619998931884766,11436300
2024-07-08 00:00:00-04:00,59.970001220703125,60.40999984741211,58.65999984741211,59.0099983215332,12480000
2024-07-09 00:00:00-04:00,59.08000183105469,60.41999816894531,58.91999816894531,59.880001068115234,12233800
2024-07-10 00:00:00-04:00,59.540000915527344,59.9900016784668,59.380001068115234,59.720001220703125,12097200
2024-07-11 00:00:00-04:00,59.400001525878906,60.709999084472656,59.279998779296875,60.15999984741211,16852800
2024-07-12 00:00:00-04:00,56.20000076293945,56.91999816894531,55.599998474121094,56.540000915527344,53042800
2024-07-15 00:00:00-04:00,57.04999923706055,58.2400016784668,57.040000915527344,57.72999954223633,27277300
2024-07-16 00:00:00-04:00,58.040000915527344,60.619998931884766,57.529998779296875,60.2400016784668,25577300
2024-07-17 00:00:00-04:00,60.15999984741211,61.0,59.88999938964844,60.90999984741211,17371100
2024-07-18 00:00:00-04:00,60.619998931884766,60.81999969482422,58.9900016784668,59.2400016784668,17739000
2024-07-19 00:00:00-04:00,59.29999923706055,59.77000045776367,59.11000061035156,59.22999954223633,12362800
2024-07-22 00:00:00-04:00,59.2599983215332,59.38999938964844,58.540000915527344,59.13999938964844,13638600
2024-07-23 00:00:00-04:00,59.20000076293945,59.90999984741211,59.040000915527344,59.66999816894531,10927800
2024-07-24 00:00:00-04:00,59.77000045776367,60.209999084472656,59.369998931884766,59.439998626708984,10777100
2024-07-25 00:00:00-04:00,59.560001373291016,60.72999954223633,59.45000076293945,59.70000076293945,14119600
2024-07-26 00:00:00-04:00,59.849998474121094,60.45000076293945,59.56999969482422,60.38999938964844,12538900
2024-07-29 00:00:00-04:00,60.7400016784668,60.83000183105469,59.349998474121094,59.59000015258789,8986200
2024-07-30 00:00:00-04:00,60.459999084472656,60.72999954223633,59.88999938964844,60.0099983215332,11500200
