Date,Open,High,Low,Close,Volume
2014-01-02 00:00:00-05:00,68.34736856696198,68.78982214253868,68.24988151131625,68.26487731933594,5919600
2014-01-03 00:00:00-05:00,68.45987041455138,69.15729291142198,68.43737383746009,68.87982177734375,5637600
2014-01-06 00:00:00-05:00,68.93980893292687,69.55474009901604,68.89481578365933,69.23977661132812,7443500
2014-01-07 00:00:00-05:00,69.77223717692144,70.9571067105794,69.73473906049317,70.70963287353516,11063300
2014-01-08 00:00:00-05:00,70.61964714643831,70.94211152378593,70.40217063879366,70.61215209960938,9096700
2014-01-09 00:00:00-05:00,71.19704011336724,71.5269993241836,70.5596068176818,71.03955841064453,7944700
2014-01-10 00:00:00-05:00,70.97207525223224,71.22704975886627,70.59711711767,71.04706573486328,6697400
2014-01-13 00:00:00-05:00,70.76960888027249,71.2345533612943,70.5371309183538,70.86709594726562,9589200
2014-01-14 00:00:00-05:00,70.94208957720845,71.16706678349308,70.73211390276039,71.0320816040039,7567300
2014-01-15 00:00:00-05:00,70.9795600856174,71.44450440641772,70.87457228921696,71.09204864501953,7390700
2014-01-16 00:00:00-05:00,70.94209433052963,71.3095517854344,70.66462890845003,70.97209167480469,8401100
2014-01-17 00:00:00-05:00,71.03209472439555,71.36955487474701,70.77712012874922,71.28706359863281,13714400
2014-01-21 00:00:00-05:00,71.18955903515585,71.3170434409822,69.45725410478697,70.51463317871094,16368400
2014-01-22 00:00:00-05:00,70.48465811220557,70.90461528970893,70.14719793804578,70.73213195800781,8875500
2014-01-23 00:00:00-05:00,70.29715756647914,70.3421564383689,69.29977316187865,69.5472412109375,9322300
2014-01-24 00:00:00-05:00,69.08231145325078,69.44976894377511,67.94993591308594,67.94993591308594,10604200
2014-01-27 00:00:00-05:00,67.7174572552872,68.06241813333273,67.37999142227575,67.4474868774414,8685200
2014-01-28 00:00:00-05:00,67.92742145649888,67.94241726543935,67.33498687871939,67.56745910644531,8254400
2014-01-29 00:00:00-05:00,67.09502415933227,67.2750025012134,66.39010088163603,66.66757202148438,11160100
2014-01-30 00:00:00-05:00,67.20750758867365,67.32749123354417,66.75005814220104,67.11751556396484,6874900
2014-01-31 00:00:00-05:00,66.7500789463066,66.9975470789208,66.1051502050739,66.34512329101562,12193800
2014-02-03 00:00:00-05:00,66.55507973675688,66.57757631307359,64.95025911687335,65.07774353027344,13944600
2014-02-04 00:00:00-05:00,65.19022827922018,65.4526978564114,64.56029557255354,64.95775604248047,11436400
2014-02-05 00:00:00-05:00,64.86027071442204,65.74517233457647,64.85277566950302,65.45270538330078,10667300
2014-02-06 00:00:00-05:00,65.71516068752881,66.56256973442136,65.65517173419168,66.55506896972656,10037900
2014-02-07 00:00:00-05:00,66.68255266409908,67.5224609375,66.45008045365891,67.5224609375,9435100
2014-02-10 00:00:00-05:00,67.6724668862267,68.30239975420194,67.34250749958171,68.2948989868164,8080200
2014-02-11 00:00:00-05:00,68.30987263535835,69.71971893310547,68.20488481166322,69.71971893310547,11556300
2014-02-12 00:00:00-05:00,69.70472865020889,69.73472599344868,68.95481223343887,69.3072738647461,7696100
2014-02-13 00:00:00-05:00,68.9923257652639,69.45727610730245,68.7748492692173,69.41227722167969,5926000
2014-02-14 00:00:00-05:00,69.44226647358624,69.7047361032381,69.01481429917926,69.562255859375,5485100
2014-02-18 00:00:00-05:00,69.56974547167981,69.62974015988873,69.05980206472077,69.11979675292969,6926500
2014-02-19 00:00:00-05:00,69.1048101105355,69.55475888898565,68.66985714542305,68.72235107421875,7693400
2014-02-20 00:00:00-05:00,68.75982908675167,69.53974274470389,68.47485722396853,69.27726745605469,8160100
2014-02-21 00:00:00-05:00,69.38304535147518,69.67761692952038,69.07336428797211,69.12623596191406,7381500
2014-02-24 00:00:00-05:00,69.07332416874198,69.53406524373393,68.808965952577,68.81652069091797,8406700
2014-02-25 00:00:00-05:00,69.17906745520798,69.39055979071689,68.47663237907396,68.81652069091797,6383400
2014-02-26 00:00:00-05:00,68.81652069091797,69.14130528865694,68.55971145051703,68.81652069091797,6334100
2014-02-27 00:00:00-05:00,68.85431846630647,69.05069564768006,68.5446374484352,69.00537872314453,7040300
2014-02-28 00:00:00-05:00,69.0506844003105,69.97216679963286,68.7787713722292,69.57940673828125,9643700
2014-03-03 00:00:00-05:00,68.83164839453437,69.47366883800807,68.60505802852506,69.15643310546875,7506700
2014-03-04 00:00:00-05:00,69.84375908719778,70.59151696955065,69.67758938832426,70.5008773803711,8796300
2014-03-05 00:00:00-05:00,70.44799229322132,70.47065650812773,69.77576464875312,69.93437957763672,6842500
2014-03-06 00:00:00-05:00,70.38757628791011,70.73501935908125,70.10810857818284,70.16098022460938,7718300
2014-03-07 00:00:00-05:00,70.5235620144517,70.6066468879395,70.00994905224509,70.48579406738281,6792000
2014-03-10 00:00:00-04:00,70.37247487686828,70.61417468289156,70.08545815802125,70.5839614868164,4878200
2014-03-11 00:00:00-04:00,70.78037417380898,70.81058738260187,70.31207808138977,70.61420440673828,5837200
2014-03-12 00:00:00-04:00,70.10812265719991,70.71237510562885,69.97972088474675,70.697265625,6154900
2014-03-13 00:00:00-04:00,70.88608651940012,71.15044477748839,70.22896824394896,70.24407196044922,7659400
2014-03-14 00:00:00-04:00,70.15344997298695,70.57642905461805,69.83621998369809,70.10057830810547,7337800
2014-03-17 00:00:00-04:00,70.44046742326742,71.13535375786554,70.38004102132527,70.94652557373047,5872600
2014-03-18 00:00:00-04:00,70.92385784789796,71.18066137873406,70.60662792301403,70.95407104492188,5891900
2014-03-19 00:00:00-04:00,70.9163009846251,71.2712988358041,70.1836468258221,70.68970489501953,5937600
2014-03-20 00:00:00-04:00,70.6368270863594,71.14289087403061,70.21385390270817,71.09001922607422,5727400
2014-03-21 00:00:00-04:00,71.58096514098096,72.4571304321289,70.90873745772105,72.4571304321289,23988800
2014-03-24 00:00:00-04:00,71.98127468131614,72.0794632196839,71.407235638561,71.9057388305664,13944100
2014-03-25 00:00:00-04:00,72.28342726538368,73.79405275274868,72.28342726538368,73.55235290527344,14167300
2014-03-26 00:00:00-04:00,73.65053607440707,74.37563550680757,73.30309295654297,73.30309295654297,11215100
2014-03-27 00:00:00-04:00,73.32574643010787,73.79403654025755,72.70639034686342,73.476806640625,8694600
2014-03-28 00:00:00-04:00,73.65053553253752,74.1868068037243,73.23511128457268,73.59766387939453,8816000
2014-03-31 00:00:00-04:00,74.02063439310433,74.47382079809758,73.72606294172984,74.1943588256836,7545700
2014-04-01 00:00:00-04:00,74.2547732282808,74.53424093984202,73.54478336626204,73.97531127929688,7068500
2014-04-02 00:00:00-04:00,74.02818913258459,74.31520584447883,73.54478953224809,74.1943588256836,7995600
2014-04-03 00:00:00-04:00,73.9979767806396,74.27743875623878,73.66563739065373,74.2170181274414,5471200
2014-04-04 00:00:00-04:00,74.48894136541476,75.06297487465334,74.26234524789835,74.33787536621094,10309700
2014-04-07 00:00:00-04:00,74.31519438667017,75.04784841369565,73.89222124223356,73.93753814697266,11409200
2014-04-08 00:00:00-04:00,74.04330528544843,74.5720276488941,73.64299046442365,74.06596374511719,9601800
2014-04-09 00:00:00-04:00,74.33787488647155,74.7759576374675,73.85447521729624,74.73818969726562,8921300
2014-04-10 00:00:00-04:00,74.6702021531449,74.7230738032654,72.90276771861538,72.91787719726562,9667800
2014-04-11 00:00:00-04:00,72.66105814691261,73.41637062562303,72.54776588516755,73.16712188720703,8710700
2014-04-14 00:00:00-04:00,73.47681417253338,73.53724056796544,72.69884305972495,73.3710708618164,8617200
2014-04-15 00:00:00-04:00,74.36054026106913,74.93457958256728,74.05841976167139,74.9270248413086,13999100
2014-04-16 00:00:00-04:00,75.2064838570908,75.31222717204379,74.07351482895592,74.58712768554688,11308000
2014-04-17 00:00:00-04:00,74.54180329936125,75.26690271320324,74.54180329936125,74.74573516845703,9153500
2014-04-21 00:00:00-04:00,74.78350734624895,75.62945382909733,74.52669804782839,75.53126525878906,7031400
2014-04-22 00:00:00-04:00,75.5312645626201,76.09774904683974,75.3348816612354,75.66722106933594,7937900
2014-04-23 00:00:00-04:00,75.71252955798239,75.95422934718083,75.47082976878397,75.69742584228516,5876000
2014-04-24 00:00:00-04:00,75.71254713015034,75.81074147399369,75.19138526026488,75.50106048583984,6149900
2014-04-25 00:00:00-04:00,75.50861429734495,75.72765567985016,75.07808627313229,75.3726577758789,5895900
2014-04-28 00:00:00-04:00,75.95421508374608,76.66421060231414,75.62188153761808,76.5433578491211,8792900
2014-04-29 00:00:00-04:00,76.76241337308187,77.02677737905714,76.25635534106655,76.3092269897461,7811200
2014-04-30 00:00:00-04:00,76.16572110110222,76.79263195268227,76.05997779632702,76.505615234375,8513600
2014-05-01 00:00:00-04:00,76.11285301186196,76.30923591388562,75.47839315350916,75.93157958984375,6590500
2014-05-02 00:00:00-04:00,75.65967838752299,75.81829337687418,74.68532422786936,75.0101089477539,8744200
2014-05-05 00:00:00-04:00,74.99499396696105,75.65966702671022,74.80616580381407,75.53126525878906,5438200
2014-05-06 00:00:00-04:00,75.54636096359086,75.54636096359086,75.1611557006836,75.1611557006836,5795900
2014-05-07 00:00:00-04:00,75.4179621356649,76.32434071535297,75.04030583477265,76.21859741210938,8720800
2014-05-08 00:00:00-04:00,76.0373220538132,76.35455197946108,75.80317697953664,75.90892028808594,5667900
2014-05-09 00:00:00-04:00,76.18082947698902,76.47540093067873,75.84094111121713,76.21859741210938,5691700
2014-05-12 00:00:00-04:00,76.46786789771755,76.46786789771755,75.8485116189436,75.92404174804688,7437300
2014-05-13 00:00:00-04:00,76.21102482742906,76.65665639209799,76.00708724565654,76.3016586303711,6183200
2014-05-14 00:00:00-04:00,76.24879036808838,76.36208838936021,76.11283389507751,76.18836975097656,4187200
2014-05-15 00:00:00-04:00,76.01463838654543,76.1656985593519,75.84091976407562,76.05240631103516,7007600
2014-05-16 00:00:00-04:00,75.96179035301282,76.20349016215098,75.6370056942417,75.96934509277344,6516900
2014-05-19 00:00:00-04:00,75.6974337702253,76.2337050535935,75.62945263602413,76.01466369628906,6997200
2014-05-20 00:00:00-04:00,76.14307368325157,76.2714812255893,75.50105902187798,75.72010040283203,5438400
2014-05-21 00:00:00-04:00,75.98445680366648,76.43764327315581,75.9315851449357,76.39232635498047,5302500
2014-05-22 00:00:00-04:00,76.49881706819204,76.8258653291392,76.11852866256699,76.78783416748047,5124900
2014-05-23 00:00:00-04:00,76.84867993092033,76.93995123514988,76.56726442826792,76.80304718017578,5275700
2014-05-27 00:00:00-04:00,76.89428921265613,77.09204074342723,76.26300927390825,76.67372131347656,4524400
2014-05-28 00:00:00-04:00,76.56724489423131,76.76499643490753,76.14893124606651,76.28583526611328,4352700
2014-05-29 00:00:00-04:00,76.48360807329908,76.6661506997933,76.17177457450153,76.63572692871094,3685200
2014-05-30 00:00:00-04:00,76.59008134582577,77.22896887447439,76.4759994681568,77.16812133789062,5973900
2014-06-02 00:00:00-04:00,77.22896100779508,77.77657717578688,76.8258562737844,77.70812225341797,5845400
2014-06-03 00:00:00-04:00,77.51037434561859,78.0351683231842,77.45712840594497,77.9286880493164,6681300
2014-06-04 00:00:00-04:00,77.75375873564906,78.11883230277893,77.53319079591905,78.09601593017578,5608600
2014-06-05 00:00:00-04:00,78.17206591901197,78.61320176167446,77.89825786513451,78.50672149658203,4730900
2014-06-06 00:00:00-04:00,78.52954323677247,78.59039076462554,78.21770400858018,78.47630310058594,4624000
2014-06-09 00:00:00-04:00,78.39263384034321,78.51432888772841,78.09600941576583,78.50672149658203,3748800
2014-06-10 00:00:00-04:00,78.69687178975742,79.19124780349814,78.16446462005985,79.17603302001953,5792100
2014-06-11 00:00:00-04:00,78.95545219732495,79.21405124960535,78.43825989550287,78.58277130126953,5960500
2014-06-12 00:00:00-04:00,78.47632499950724,78.49914137813418,77.96673986770152,77.98194885253906,5930700
2014-06-13 00:00:00-04:00,77.96673986770152,78.07322016978806,77.70814070353335,77.98194885253906,4301600
2014-06-16 00:00:00-04:00,77.97433694972236,78.25575247624404,77.45714445403496,77.92109680175781,5645500
2014-06-17 00:00:00-04:00,77.67768673066885,77.73092686101279,77.10725427580994,77.52557373046875,4834600
2014-06-18 00:00:00-04:00,77.51039358382494,78.21012292941285,77.4723624182586,78.19490814208984,5445000
2014-06-19 00:00:00-04:00,78.28617693083137,79.00112104066486,78.19490561806296,78.95548248291016,5481500
2014-06-20 00:00:00-04:00,79.38137322755139,80.22561362627087,79.15319795118567,80.06588745117188,12459700
2014-06-23 00:00:00-04:00,79.79212049693136,79.95184093985934,79.43464844729885,79.67042541503906,6063200
2014-06-24 00:00:00-04:00,79.57912981587518,80.03548043095107,79.51828809623895,79.5487060546875,5915000
2014-06-25 00:00:00-04:00,79.27490961576953,80.52225490212703,79.27490961576953,80.43859100341797,6411100
2014-06-26 00:00:00-04:00,80.49943268571474,80.59831136745022,79.88336743439473,80.35492706298828,5106900
2014-06-27 00:00:00-04:00,80.21799978450119,80.30926524551646,79.4422085494443,79.85292053222656,6463000
2014-06-30 00:00:00-04:00,80.3321098721571,80.62112691740309,79.4954708940302,79.571533203125,6877800
2014-07-01 00:00:00-04:00,79.97465396257238,80.62114310047141,79.85295888578446,80.52227020263672,5129200
2014-07-02 00:00:00-04:00,80.39295338243508,80.59831233717223,80.088727350252,80.5146484375,3764900
2014-07-03 00:00:00-04:00,80.5222709893247,80.81128809540868,79.94423097441603,80.18000793457031,4199100
2014-07-07 00:00:00-04:00,80.1800068264795,81.18396799495099,80.06591914313806,80.9786148071289,7014900
2014-07-08 00:00:00-04:00,80.78084591459496,80.81126967715508,80.25604616522672,80.40816497802734,6268400
2014-07-09 00:00:00-04:00,80.62112653002491,80.78084693342547,80.40816599215749,80.65155029296875,5720900
2014-07-10 00:00:00-04:00,79.92139329993242,80.62112240360823,79.49546644325828,80.46900939941406,4955100
2014-07-11 00:00:00-04:00,80.49941710919956,80.6287195293154,79.7540553597098,79.93659210205078,5461000
2014-07-14 00:00:00-04:00,80.14956665039062,80.23323054753189,79.94421350460536,80.14956665039062,7784800
2014-07-15 00:00:00-04:00,80.03548080573701,80.21801757097867,78.16445720173814,78.55235290527344,14219700
2014-07-16 00:00:00-04:00,78.74249299685611,78.84897325464553,77.54078059867416,77.74613952636719,11946800
2014-07-17 00:00:00-04:00,77.50276216211245,77.65487517173617,76.25541691443203,76.33908081054688,11218900
2014-07-18 00:00:00-04:00,76.56726417771448,77.54840893469476,76.33909462199792,77.42671966552734,8408400
2014-07-21 00:00:00-04:00,77.15291544718191,77.2593957391007,76.83346876868487,77.02361297607422,6379900
2014-07-22 00:00:00-04:00,77.51038105273172,77.98954232659945,77.4115023593414,77.9363021850586,6554100
2014-07-23 00:00:00-04:00,78.18727984499996,78.28615271786316,77.48754493567702,77.72332763671875,4815300
2014-07-24 00:00:00-04:00,77.83741441372966,78.13404465656534,77.59403010896514,77.7309341430664,5177200
2014-07-25 00:00:00-04:00,77.78419538755227,77.88307409624448,77.42672912631011,77.66250610351562,3951500
2014-07-28 00:00:00-04:00,77.49517826056676,77.88307409624448,77.32024882675013,77.66250610351562,4634800
2014-07-29 00:00:00-04:00,77.92110484129314,77.9667434033579,77.34307054739378,77.54842376708984,6053900
2014-07-30 00:00:00-04:00,77.78416940394546,78.22530524204284,77.43430485044244,77.80699157714844,5994800
2014-07-31 00:00:00-04:00,77.40388289199188,77.45712302522735,76.09569593210072,76.12611389160156,9141500
2014-08-01 00:00:00-04:00,75.87513288586325,76.36950889925514,75.14497995337634,75.98161315917969,8610700
2014-08-04 00:00:00-04:00,76.05004176360453,76.3466661310833,75.54045690693466,76.1793441772461,6790800
2014-08-05 00:00:00-04:00,75.92839139015626,76.24022489380646,75.71543079200664,75.92078399658203,6230900
2014-08-06 00:00:00-04:00,75.80669377117265,76.68896570859066,75.75345362341405,76.59769439697266,7412100
2014-08-07 00:00:00-04:00,76.88669094751887,76.9627532548927,75.73822438123779,76.00442504882812,7417800
2014-08-08 00:00:00-04:00,76.21740070688192,76.93234475834043,75.88274505679657,76.87910461425781,5618400
2014-08-11 00:00:00-04:00,77.28982131849934,77.41151059665293,76.82586897738572,76.93995666503906,5703000
2014-08-12 00:00:00-04:00,76.81825019759624,76.98557800765317,76.29345039382498,76.53683471679688,4577700
2014-08-13 00:00:00-04:00,76.93234310875833,77.54080105626456,76.93234310875833,77.3810806274414,4563700
2014-08-14 00:00:00-04:00,77.49517464504851,77.61686972614862,77.19855013829306,77.59404754638672,5239400
2014-08-15 00:00:00-04:00,77.73856383951173,77.91349907878813,76.66615343363674,76.94756317138672,6986000
2014-08-18 00:00:00-04:00,77.51798758505834,78.12645135809896,77.38869091917789,78.11123657226562,5979500
2014-08-19 00:00:00-04:00,78.13403060605022,78.3089599609375,77.59401615555856,78.3089599609375,5670000
2014-08-20 00:00:00-04:00,78.24052171573497,78.56756990584495,78.11121927574595,78.49911499023438,5183000
2014-08-21 00:00:00-04:00,78.59039512330035,79.41942097600318,78.59039512330035,79.24449157714844,8357600
2014-08-22 00:00:00-04:00,79.3516701491904,79.65795973697352,78.84629729503803,78.94583892822266,5076300
2014-08-25 00:00:00-04:00,79.36698870986207,79.48950104112268,78.93818094547981,79.0453872680664,3678200
2014-08-26 00:00:00-04:00,79.22919324118531,79.42062358888626,78.99947448714794,79.20622253417969,3512400
2014-08-27 00:00:00-04:00,79.32872222296177,79.4206108782688,78.80037852041784,79.03775024414062,4786100
2014-08-28 00:00:00-04:00,78.79270347260089,79.01476329577963,78.64721459210726,78.83098602294922,3482200
2014-08-29 00:00:00-04:00,78.94585271954462,79.45123150397133,78.8769406172986,79.42826080322266,5287800
2014-09-02 00:00:00-04:00,79.09899421004354,79.412936832113,78.88458738869272,79.14493560791016,4644800
2014-09-03 00:00:00-04:00,79.4971743124667,79.71157531256756,79.28277331236583,79.45123291015625,4725800
2014-09-04 00:00:00-04:00,79.6273410307519,79.71157082490507,79.45122843715072,79.51248168945312,6147700
2014-09-05 00:00:00-04:00,79.5737358220477,79.95659637451172,79.12961617911219,79.95659637451172,5744400
2014-09-08 00:00:00-04:00,79.95659186255719,80.0791100365864,79.5048192402976,79.67327880859375,4900300
2014-09-09 00:00:00-04:00,79.94128114555943,79.94128114555943,79.29041940226561,79.48184967041016,5999400
2014-09-10 00:00:00-04:00,79.78047781460654,80.661052345709,79.60435940319327,80.39305114746094,7402200
2014-09-11 00:00:00-04:00,80.23228788357405,80.31651770548582,79.71159709447889,80.0561752319336,4834100
2014-09-12 00:00:00-04:00,80.04847964871031,80.25522176271876,79.60436003552118,80.07910919189453,5929200
2014-09-15 00:00:00-04:00,80.08680043804563,80.3318369005255,79.90302893317653,80.18634796142578,4525500
2014-09-16 00:00:00-04:00,80.01020249666861,81.12050168558301,79.8647194485955,81.07455444335938,6081400
2014-09-17 00:00:00-04:00,81.07455027509403,81.64884111645837,81.01329702525977,81.31192779541016,6627800
2014-09-18 00:00:00-04:00,81.30426489968937,82.24610440310065,81.1894055687385,82.20015716552734,6628700
2014-09-19 00:00:00-04:00,82.61365274878153,82.98120146388298,82.40691061290416,82.69022369384766,13033400
2014-09-22 00:00:00-04:00,82.69788381891517,82.88931410553303,82.52942423197325,82.60599517822266,5788300
2014-09-23 00:00:00-04:00,82.52176499539665,82.77445437461728,82.07765117245008,82.28439331054688,8108100
2014-09-24 00:00:00-04:00,82.4681627783597,83.28748414795979,82.19250270615888,83.18794250488281,5890900
2014-09-25 00:00:00-04:00,83.1037016945594,83.11901938653314,81.9857497019764,82.00872039794922,5688200
2014-09-26 00:00:00-04:00,82.24609788763972,82.30735112957129,81.31957030882606,82.00872039794922,4467500
2014-09-29 00:00:00-04:00,81.45740735869396,81.66415532427291,81.19706499254363,81.57992553710938,6581600
2014-09-30 00:00:00-04:00,81.54930536647292,82.09296670121073,81.51101697081984,81.61821746826172,6822500
2014-10-01 00:00:00-04:00,81.15115055512328,81.3808634529806,79.59673132053658,79.86473846435547,12263700
2014-10-02 00:00:00-04:00,79.68092705509403,80.04847571324666,79.06069490157346,79.52012634277344,7566100
2014-10-03 00:00:00-04:00,79.81113775590453,80.54622954050335,79.73456094839179,80.50028228759766,6856100
2014-10-06 00:00:00-04:00,80.92140915860139,81.16643968623879,79.91831634889648,80.29351806640625,5015100
2014-10-07 00:00:00-04:00,79.98723377121719,79.98723377121719,78.36390276630925,78.40219116210938,8407800
2014-10-08 00:00:00-04:00,78.43281894324362,80.42369279822637,78.13418815709565,80.3318099975586,8337000
2014-10-09 00:00:00-04:00,80.11740327273706,80.29352171090257,77.94275797149726,78.1648178100586,10675900
2014-10-10 00:00:00-04:00,78.37155810705173,78.50938814698023,77.51395416259766,77.51395416259766,9984100
2014-10-13 00:00:00-04:00,77.69006965610889,77.69006965610889,75.82170812107573,75.89828491210938,10334600
2014-10-14 00:00:00-04:00,76.97795173016289,77.26127067885749,73.00385681058478,74.2826156616211,20807400
2014-10-15 00:00:00-04:00,73.54753724840394,75.59201182981398,72.8200984681861,75.20149230957031,21905900
2014-10-16 00:00:00-04:00,74.25198761946173,75.04067954114528,73.89209771143388,74.10649871826172,14575300
2014-10-17 00:00:00-04:00,74.68844945570042,75.92126110303707,74.51233100237118,75.5766830444336,12272900
2014-10-20 00:00:00-04:00,75.67622061243182,75.95953369140625,75.28570120072358,75.95953369140625,7988900
2014-10-21 00:00:00-04:00,76.44196220663362,76.86310543531216,76.06675454658689,76.84779357910156,7287300
2014-10-22 00:00:00-04:00,77.41441323148494,77.94276273629161,76.97029352721235,77.50630187988281,9360100
2014-10-23 00:00:00-04:00,78.30264729843147,78.8539674672307,78.05761676140834,78.5859603881836,7570400
2014-10-24 00:00:00-04:00,78.8310038585271,79.09135213294662,78.26437174407016,78.96883392333984,5973100
2014-10-27 00:00:00-04:00,78.92286993839349,79.81876218239499,78.89989924116085,79.68859100341797,7043900
2014-10-28 00:00:00-04:00,80.05614251408646,80.24757278710725,79.29807442669258,80.23991394042969,10347800
2014-10-29 00:00:00-04:00,80.40073439067474,80.82953643798828,80.29353387884635,80.82953643798828,8188300
2014-10-30 00:00:00-04:00,80.53090580163463,81.97046555023498,80.33182247460715,81.96280670166016,9068300
2014-10-31 00:00:00-04:00,82.65192948433359,82.83570089496922,82.13123895254282,82.52941131591797,10800100
2014-11-03 00:00:00-05:00,82.56771223652049,82.78977206898813,81.74073200015592,82.28439331054688,7082600
2014-11-04 00:00:00-05:00,82.61364374283885,83.25685246365126,82.19249482790286,83.17262268066406,9349000
2014-11-05 00:00:00-05:00,83.50190122663538,83.66270198150556,82.65960321256873,83.3257827758789,6966800
2014-11-06 00:00:00-05:00,83.4100314749333,83.70866235049235,83.11905944905263,83.4712905883789,6200300
2014-11-07 00:00:00-05:00,83.46360003074321,83.48657072906106,82.63661983937057,82.85102081298828,6652600
2014-11-10 00:00:00-05:00,82.75149186191852,83.40235372934244,82.08531229860834,83.3257827758789,7573300
2014-11-11 00:00:00-05:00,83.37172255329847,83.76990085072474,83.11903899599663,83.39469909667969,6221100
2014-11-12 00:00:00-05:00,83.21092717696796,83.46361659258262,82.99652616080625,83.27218627929688,4895900
2014-11-13 00:00:00-05:00,83.50189243238358,83.83880576053794,83.08074346970483,83.51720428466797,4860000
2014-11-14 00:00:00-05:00,83.40235561520183,83.5095561208726,82.70555232834182,82.8204116821289,5650700
2014-11-17 00:00:00-05:00,82.69788598852928,83.22623546289243,82.39925520092982,82.92760467529297,5233000
2014-11-18 00:00:00-05:00,82.79741916227708,83.50954000796821,82.48347655395533,83.33342742919922,5407200
2014-11-19 00:00:00-05:00,83.04247623499478,83.31813638226035,82.77447493681719,83.27985382080078,5217800
2014-11-20 00:00:00-05:00,83.1190275275496,83.13433937903525,82.46050691588792,82.83570861816406,8090700
2014-11-21 00:00:00-05:00,83.7991040573141,83.7991040573141,82.94361749630315,83.12858581542969,8417400
2014-11-24 00:00:00-05:00,83.17481284893533,83.41373634718038,82.18830746790097,82.37327575683594,9098000
2014-11-25 00:00:00-05:00,82.45038427718424,82.6122323298045,82.23458099365234,82.23458099365234,7367900
2014-11-26 00:00:00-05:00,82.28849582965464,82.65843828050339,82.15747687249319,82.62760925292969,5503700
2014-11-28 00:00:00-05:00,82.93590830351113,83.8684645022656,82.72011095239925,83.42916107177734,5881200
2014-12-01 00:00:00-05:00,83.15171435026987,83.86076454379736,82.7355311810157,83.25961303710938,5638800
2014-12-02 00:00:00-05:00,83.21336399205178,83.6449586956831,82.85113020291686,83.62954711914062,6184400
2014-12-03 00:00:00-05:00,83.65268680206019,83.99950321495558,82.96675682630656,83.02070617675781,8957400
2014-12-04 00:00:00-05:00,83.30584377652929,83.46769766764011,82.75864167812544,82.89736938476562,6697600
2014-12-05 00:00:00-05:00,82.874250507749,83.80680670954484,82.6353328511012,83.62954711914062,6449700
2014-12-08 00:00:00-05:00,83.56018316221395,83.91470823509847,83.34438580307005,83.63725280761719,6499300
2014-12-09 00:00:00-05:00,83.40604339850886,83.59872045094302,82.38100006835019,83.2750244140625,7214300
2014-12-10 00:00:00-05:00,82.9358922682937,83.20563890502945,81.81065924074194,81.88002014160156,9416400
2014-12-11 00:00:00-05:00,81.57944375051706,82.70467676803725,81.20179846245375,82.24996185302734,7114600
2014-12-12 00:00:00-05:00,82.19601929397449,82.36557601523927,80.4542173573946,80.48504638671875,8325500
2014-12-15 00:00:00-05:00,80.74707433089357,80.97058035582826,79.8684676839284,80.122802734375,12110600
2014-12-16 00:00:00-05:00,79.75288599565187,81.08620786998037,78.99758938311417,79.1979751586914,10209200
2014-12-17 00:00:00-05:00,79.59103453246037,80.53129949269116,79.15173108645516,80.20760345458984,10207600
2014-12-18 00:00:00-05:00,81.40221232267365,82.32705992565793,80.72398525911669,82.31935119628906,11756800
2014-12-19 00:00:00-05:00,82.18061942185938,82.76635934426525,81.30972120725859,81.34825897216797,19154400
2014-12-22 00:00:00-05:00,81.45615599195366,82.3347629175748,81.44073853429028,82.26539611816406,8124500
2014-12-23 00:00:00-05:00,82.20375839118871,82.39643548562142,80.09201320257868,80.36946868896484,10171700
2014-12-24 00:00:00-05:00,80.44653513146879,81.17871158903625,80.44653513146879,80.60838317871094,3415100
2014-12-26 00:00:00-05:00,80.97829741126174,81.45613853579151,80.68543045882889,80.97058868408203,2951000
2014-12-29 00:00:00-05:00,80.64689756255625,81.45614344414463,80.62377725965996,81.1786880493164,4273400
2014-12-30 00:00:00-05:00,81.24803808495598,81.54091089587882,80.97058272725833,81.20179748535156,4371700
2014-12-31 00:00:00-05:00,81.39448607432564,81.77984013930018,80.56982861048158,80.59294891357422,6202100
2015-01-02 00:00:00-05:00,80.9629007665358,81.34825487607658,80.25384473615256,80.5544204711914,5753600
2015-01-05 00:00:00-05:00,80.5236042582884,80.71628132966826,79.90703527785782,79.99181365966797,8079300
2015-01-06 00:00:00-05:00,80.41567299509086,80.91663439039432,79.336686457558,79.59872436523438,7428000
2015-01-07 00:00:00-05:00,80.08430820491435,81.56406683926762,80.00723266517747,81.35597229003906,7931700
2015-01-08 00:00:00-05:00,81.74133131977172,82.07273616817895,81.50241359651481,81.99566650390625,9916000
2015-01-09 00:00:00-05:00,82.08043881885867,82.08043881885867,80.73169921385394,80.87813568115234,7364800
2015-01-12 00:00:00-05:00,81.05536188672083,81.55632328088575,80.38484966564013,80.60064697265625,6839000
2015-01-13 00:00:00-05:00,81.26346928987452,81.94939907358156,80.33861598103017,80.73938751220703,10151100
2015-01-14 00:00:00-05:00,80.0457420856983,80.48504545843753,79.77599543226825,80.15364074707031,8887700
2015-01-15 00:00:00-05:00,79.35982595380135,80.0997051356639,78.57370028054693,78.98988342285156,10834800
2015-01-16 00:00:00-05:00,78.65848147924633,80.63149858176531,78.61224086623106,80.18448638916016,14092300
2015-01-20 00:00:00-05:00,78.26543403195151,78.65078820073505,77.27121957088544,78.06504821777344,20460000
2015-01-21 00:00:00-05:00,77.50242692973647,78.68931845047105,77.37911665591407,78.5351791381836,11702900
2015-01-22 00:00:00-05:00,78.91278644015645,80.02260776850274,78.28080615707815,79.96865844726562,9036600
2015-01-23 00:00:00-05:00,79.33670096051536,79.3598212648267,78.5659927899412,78.76637268066406,10126000
2015-01-26 00:00:00-05:00,78.45808940932818,78.95904498611692,78.00336855835157,78.81261444091797,8962800
2015-01-27 00:00:00-05:00,78.48122256650664,79.2056843236148,77.78758396498834,78.68160247802734,10160500
2015-01-28 00:00:00-05:00,78.9821797658395,79.32899610752474,78.18064252368386,78.21147155761719,9053200
2015-01-29 00:00:00-05:00,78.23460833054445,78.96677893045435,77.58721024174861,78.90512084960938,7569300
2015-01-30 00:00:00-05:00,78.28854799401886,78.61224405834422,77.14018843051997,77.17872619628906,10676300
2015-02-02 00:00:00-05:00,77.4484816121269,77.7259370927108,76.5929948603329,77.71052551269531,8990700
2015-02-03 00:00:00-05:00,78.1498325973633,79.04385127986927,77.93403518710456,78.96678161621094,10005200
2015-02-04 00:00:00-05:00,78.7047202620213,78.95904948872729,77.85693657287905,78.11898040771484,9514100
2015-02-05 00:00:00-05:00,78.28085161358634,79.04385127986927,78.19607321955063,78.96678161621094,6642200
2015-02-06 00:00:00-05:00,78.69701125395987,78.95904920782677,77.71050574287119,77.91859436035156,9215700
2015-02-09 00:00:00-05:00,77.88777362150145,77.88777362150145,76.37718616179718,76.9012680053711,9851700
2015-02-10 00:00:00-05:00,77.21725828515248,77.6103152429202,76.63151839274259,77.34056854248047,12275500
2015-02-11 00:00:00-05:00,77.42535130948527,77.6796864472021,77.03228844938083,77.36369323730469,8177000
2015-02-12 00:00:00-05:00,77.45615640351406,77.48698543007494,74.87428569940403,75.86849975585938,25835200
2015-02-13 00:00:00-05:00,75.86850309927414,76.81647071764591,75.78372474250452,76.77793884277344,11153600
2015-02-17 00:00:00-05:00,76.6006890197797,77.44076403176356,76.39260038894237,77.4099349975586,8627100
2015-02-18 00:00:00-05:00,77.61030035314639,77.79527452370611,76.59296593521167,77.03997802734375,7878200
2015-02-19 00:00:00-05:00,77.03226712017856,77.7181968131599,76.77022920602198,77.61029815673828,10028200
2015-02-20 00:00:00-05:00,77.7499983519476,77.89745981592445,76.9195683833337,77.81208801269531,10085700
2015-02-23 00:00:00-05:00,78.18460812001241,78.20789026070271,77.45507538653582,77.74999237060547,6878200
2015-02-24 00:00:00-05:00,77.80432809049205,78.42521287764775,77.61030233465542,78.15357208251953,6587200
2015-02-25 00:00:00-05:00,78.33985508113896,78.61149000364833,77.73449556206175,78.54940032958984,9684000
2015-02-26 00:00:00-05:00,78.6813381050672,80.07832619485268,78.55716467552924,79.78340911865234,11437900
2015-02-27 00:00:00-05:00,79.96967573525868,80.19474637745192,79.53505983099456,79.55834197998047,8500000
2015-03-02 00:00:00-05:00,79.55831969576873,80.25681357568689,79.55831969576873,80.1093521118164,7277600
2015-03-03 00:00:00-05:00,80.01624701128996,80.01624701128996,79.01507306920173,79.42640686035156,6419700
2015-03-04 00:00:00-05:00,79.25566914748133,79.25566914748133,78.51836747818335,78.89089965820312,8665500
2015-03-05 00:00:00-05:00,79.21685698682784,80.10161420133609,79.16252999720707,79.56610107421875,8042300
2015-03-06 00:00:00-05:00,79.2323439111001,79.49622198175763,77.51715717600993,77.69566345214844,9287600
2015-03-09 00:00:00-04:00,77.76553828165514,78.32433353311956,77.42405690002494,78.12255096435547,5701100
2015-03-10 00:00:00-04:00,77.60255883144362,77.95180883100907,77.23003260401093,77.24555206298828,8735700
2015-03-11 00:00:00-04:00,77.47838261984435,77.47838261984435,76.22885601442465,76.30646514892578,9138100
2015-03-12 00:00:00-04:00,76.80316642890652,77.7965775059541,76.70227515180537,77.47837829589844,8318000
2015-03-13 00:00:00-04:00,77.49389024380788,77.64911441030254,76.55480624100207,76.99718475341797,7821800
2015-03-16 00:00:00-04:00,77.40854252430749,78.44076134826639,77.40854252430749,78.43299865722656,7726500
2015-03-17 00:00:00-04:00,77.69568412519168,78.0138833266319,77.15241430751473,77.52494049072266,7301500
2015-03-18 00:00:00-04:00,77.52493426399967,78.96072374213635,76.9350942798994,78.74341583251953,7972500
2015-03-19 00:00:00-04:00,78.41744503074487,79.13145834416487,78.31655377597762,78.92191314697266,6863100
2015-03-20 00:00:00-04:00,79.06164289548569,79.86102832275553,78.9762710613891,79.47297668457031,12433800
2015-03-23 00:00:00-04:00,79.52728907630443,80.21025770248988,79.34102598210785,79.92310333251953,9016000
2015-03-24 00:00:00-04:00,79.80670462469254,80.11714713229544,79.10821046288558,79.1314926147461,8390700
2015-03-25 00:00:00-04:00,79.04610101543514,79.55056922402197,77.87418365478516,77.87418365478516,8444100
2015-03-26 00:00:00-04:00,77.57151736974133,78.23896663758293,77.26883757632454,77.71897888183594,9972400
2015-03-27 00:00:00-04:00,77.8276193627053,78.34760702825314,77.72672808946669,77.87418365478516,5847400
2015-03-30 00:00:00-04:00,78.57267458633238,79.05386063016631,78.20014842178716,78.81327056884766,6061200
2015-03-31 00:00:00-04:00,78.3631414572551,78.7667125180184,78.06821845016121,78.07598114013672,8028000
2015-04-01 00:00:00-04:00,77.96730798152588,77.96730798152588,76.53151859160296,76.95061492919922,11368100
2015-04-02 00:00:00-04:00,77.1757067110262,77.60255993273368,76.74884756812098,77.33092498779297,6097100
2015-04-06 00:00:00-04:00,76.71001538650779,77.26881047720802,76.08913655777096,76.9583740234375,9697600
2015-04-07 00:00:00-04:00,77.26107404919495,78.28553001142838,77.16793953582923,77.68792724609375,7900300
2015-04-08 00:00:00-04:00,77.48612315922192,77.95954647807838,77.29986009119195,77.73448181152344,7354100
2015-04-09 00:00:00-04:00,78.05269987833465,78.89089276928782,77.86643676518871,78.64253997802734,8073900
2015-04-10 00:00:00-04:00,78.64254673771863,79.27118849936937,78.33210424165969,79.20909881591797,6786500
2015-04-13 00:00:00-04:00,78.80551083438186,79.14699809901406,78.03717041015625,78.03717041015625,10753500
2015-04-14 00:00:00-04:00,78.42521746891194,78.74341664809043,77.7577683560636,78.01387786865234,9322200
2015-04-15 00:00:00-04:00,78.02941684267876,78.57268671701348,77.86643588037833,78.07598114013672,8237100
2015-04-16 00:00:00-04:00,77.81987581902197,77.85868335276726,77.4318241663624,77.44734954833984,7324800
2015-04-17 00:00:00-04:00,77.12138943487267,77.49391571450879,76.919600912704,77.28437042236328,11084200
2015-04-20 00:00:00-04:00,77.8121229653859,78.29330324933385,77.64914197361013,77.7733154296875,6668500
2015-04-21 00:00:00-04:00,78.12253722503237,78.37864673591395,77.73448569322798,77.8431396484375,6532700
2015-04-22 00:00:00-04:00,78.09926429483203,78.23120634132499,77.57927656252852,77.94404602050781,4763900
2015-04-23 00:00:00-04:00,77.99834524309222,78.2466979463219,77.54044735199815,77.96730041503906,7351500
2015-04-24 00:00:00-04:00,77.69565797532707,78.7977226180932,77.61028618682596,78.44847869873047,6566900
2015-04-27 00:00:00-04:00,78.51059656501411,78.85207792054999,77.97508350308239,78.06045532226562,9113900
2015-04-28 00:00:00-04:00,77.95956832622369,78.3476199474019,77.07481110363318,78.18463897705078,7484600
2015-04-29 00:00:00-04:00,78.00614417098315,78.0837533165744,77.53272068531874,77.91300964355469,8926200
2015-04-30 00:00:00-04:00,77.66465288487431,77.72674256667669,76.65571627977837,76.98944091796875,10170600
2015-05-01 00:00:00-04:00,77.31541137555017,77.91300829961284,77.31541137555017,77.71121978759766,6255000
2015-05-04 00:00:00-04:00,77.86641566490455,78.03715927285248,77.73447957556152,77.8819351196289,5532400
2015-05-05 00:00:00-04:00,77.71121002733882,77.83538937950495,77.05928619205893,77.2222671508789,8828000
2015-05-06 00:00:00-04:00,77.31543666862541,77.50946255332977,76.57037798190467,76.9661865234375,8030800
2015-05-07 00:00:00-04:00,76.78765553222674,77.6103230618996,76.76437338269982,77.34645080566406,6401600
2015-05-08 00:00:00-04:00,77.98284214458242,78.90640080777567,77.9517973100184,78.75118255615234,7508600
2015-05-11 00:00:00-04:00,78.63479205905688,78.89867028001278,78.39420191266666,78.40972137451172,5698900
2015-05-12 00:00:00-04:00,78.2932892621811,78.42523130726495,77.82762852298399,77.97509002685547,6903100
2015-05-13 00:00:00-04:00,78.13806168325357,78.48730571575697,77.97508074000551,78.03717041015625,5826800
2015-05-14 00:00:00-04:00,78.36312948609158,79.06162344724316,78.3476041085123,79.03057861328125,5454000
2015-05-15 00:00:00-04:00,79.14701005707501,79.41088231328796,78.90641402918925,79.3953628540039,6023500
2015-05-18 00:00:00-04:00,79.4496675330266,80.97858549407341,79.41086001391741,80.26457214355469,10479600
2015-05-19 00:00:00-04:00,80.45082747361099,80.80783408826979,80.14038513702222,80.68365478515625,7724100
2015-05-20 00:00:00-04:00,81.04067055478411,81.08724075931015,80.17919578599923,80.40426635742188,7146500
2015-05-21 00:00:00-04:00,80.45119849228969,80.75608545363406,80.00558804868938,80.06813049316406,6875600
2015-05-22 00:00:00-04:00,79.95085618730958,80.06030843539938,79.21600342013625,79.23163604736328,6216600
2015-05-26 00:00:00-04:00,79.13783971367131,79.38800353583508,78.62969277242038,78.81731414794922,7918900
2015-05-27 00:00:00-04:00,78.96586177621238,79.27856808781335,78.80169230460665,79.0596694946289,9297900
2015-05-28 00:00:00-04:00,78.9658634367127,79.50527572208097,78.80950729543594,79.07530975341797,5700100
2015-05-29 00:00:00-04:00,79.38800915880007,79.44273231238763,78.0433762827899,78.28572082519531,9957800
2015-06-01 00:00:00-04:00,78.395179095672,78.64534297373025,77.95739380016441,78.20755767822266,7298100
2015-06-02 00:00:00-04:00,78.1137347091765,78.36389855752097,77.47268947502023,78.16064453125,8312400
2015-06-03 00:00:00-04:00,78.42642056374858,78.51241492335728,78.05117190687656,78.24661254882812,5375200
2015-06-04 00:00:00-04:00,78.12936875191258,78.54370204242882,77.44141373577125,77.5743179321289,8057900
2015-06-05 00:00:00-04:00,77.38668851370853,77.43359833179386,76.76909526090743,77.07398223876953,7557300
2015-06-08 00:00:00-04:00,77.08177892339317,77.37885248140597,76.58145141601562,76.58145141601562,7054600
2015-06-09 00:00:00-04:00,76.95672455497568,77.03489963459775,76.45639688814283,76.77691650390625,7844300
2015-06-10 00:00:00-04:00,76.98798180613885,77.82446753146048,76.76908327280103,77.3006820678711,10025100
2015-06-11 00:00:00-04:00,77.5508515813774,78.01991393735648,77.26160322148266,77.58212280273438,6175200
2015-06-12 00:00:00-04:00,77.30067810314988,77.5742997646944,76.70654286483142,76.88634490966797,8717200
2015-06-15 00:00:00-04:00,76.41731793164442,76.51113162001505,75.83881509763506,76.21405792236328,6833500
2015-06-16 00:00:00-04:00,76.22185633034192,76.99579966305564,75.90915008585516,76.89417266845703,6049500
2015-06-17 00:00:00-04:00,76.90981942020167,77.48832816626924,76.73001732255695,77.18344116210938,6155800
2015-06-18 00:00:00-04:00,77.28507365350366,78.606254741429,77.16780803642784,78.45771789550781,8815800
2015-06-19 00:00:00-04:00,78.08244323496321,78.33260701843751,78.00426817094782,78.06681060791016,11653600
2015-06-22 00:00:00-04:00,78.64531312843432,78.83293447468282,78.1684374849225,78.24661254882812,5055900
2015-06-23 00:00:00-04:00,78.25443625817002,78.45769620728876,77.76974725599317,78.0042724609375,6046600
2015-06-24 00:00:00-04:00,77.79320622996521,78.0277314561631,77.44922874095717,77.6524887084961,7254700
2015-06-25 00:00:00-04:00,77.78540238704905,78.16065117364417,77.48051535735551,77.48833465576172,6581100
2015-06-26 00:00:00-04:00,77.73066697139785,78.27789848600919,77.58994944415834,77.89483642578125,9041100
2015-06-29 00:00:00-04:00,77.37886549150441,77.66811383899257,76.31566786847274,76.3625717163086,11150900
2015-06-30 00:00:00-04:00,76.94890836229901,76.96454099310364,76.06551859461315,76.19059753417969,8967900
2015-07-01 00:00:00-04:00,76.84725774848508,77.14432535754457,76.3312916247571,76.98015594482422,6726700
2015-07-02 00:00:00-04:00,77.27722271279835,77.41012090769104,76.8628895379126,76.95670318603516,6091900
2015-07-06 00:00:00-04:00,76.38598876549975,77.00358165899713,75.54950339620535,76.76905059814453,6817800
2015-07-07 00:00:00-04:00,77.1052506933705,77.37887240184972,76.23749364465998,77.33196258544922,7122600
2015-07-08 00:00:00-04:00,76.94109993727551,77.0739981932125,76.3704163844273,76.43295288085938,6845500
2015-07-09 00:00:00-04:00,77.4336078289825,77.81666993146767,76.92546081542969,76.92546081542969,7316400
2015-07-10 00:00:00-04:00,78.00427855887811,78.09027293005954,77.46486040589927,77.808837890625,6969300
2015-07-13 00:00:00-04:00,78.21535396145575,78.5515121328399,78.07463644868156,78.38733673095703,6986300
2015-07-14 00:00:00-04:00,77.59775852707543,78.08244752925228,77.0427077883525,78.0042724609375,9890600
2015-07-15 00:00:00-04:00,77.98866303719308,78.91114343227636,77.88703005020689,78.50462341308594,7990300
2015-07-16 00:00:00-04:00,78.91893672019728,79.23946226792611,78.7860385018405,79.04402160644531,5775000
2015-07-17 00:00:00-04:00,78.87204890030866,78.88768749645592,78.14500925325864,78.23882293701172,8054200
2015-07-20 00:00:00-04:00,78.56714976789144,78.68441536340526,78.25444350131319,78.46552276611328,5016200
2015-07-21 00:00:00-04:00,78.64531469022627,78.80948411700076,78.23098147536085,78.44205474853516,5891600
2015-07-22 00:00:00-04:00,78.4967711852698,78.73129634379008,77.96517247583324,78.31696319580078,6721900
2015-07-23 00:00:00-04:00,78.56714990481531,78.64532498050212,78.17626856200528,78.3326187133789,5016100
2015-07-24 00:00:00-04:00,77.98081322726922,78.13716334924314,77.43358183598569,77.51175689697266,6524200
2015-07-27 00:00:00-04:00,77.37103730834981,77.38666993437437,76.55018427925597,76.83161926269531,8734000
2015-07-28 00:00:00-04:00,77.30850636661432,77.57430876353789,76.94107697448868,77.4101333618164,7757500
2015-07-29 00:00:00-04:00,77.59776528824159,78.21535852117796,77.4335958411637,77.96519470214844,7853500
2015-07-30 00:00:00-04:00,78.01992797469808,78.17627814523787,77.69158307356179,78.05119323730469,5517400
2015-07-31 00:00:00-04:00,78.44208112439217,78.94241483318454,78.14501339001353,78.3404541015625,6216800
2015-08-03 00:00:00-04:00,78.17626953106377,78.34043898135388,77.57431488000003,78.19190216064453,6172500
2015-08-04 00:00:00-04:00,78.4967807242936,78.56713649108714,77.90263951463453,78.01990509033203,6005300
2015-08-05 00:00:00-04:00,78.62186181571316,78.95801996105305,78.44987309516135,78.58277130126953,4571300
2015-08-06 00:00:00-04:00,78.55934340109063,78.64533778766284,77.40233777800854,77.4492416381836,6988000
2015-08-07 00:00:00-04:00,77.41012751531872,77.44921802980016,76.73781718836393,77.27722930908203,6027900
2015-08-10 00:00:00-04:00,77.84011908472617,78.22318117354793,77.74630540477166,78.0121078491211,6133500
2015-08-11 00:00:00-04:00,77.43359208322445,77.6602980007755,77.21469353336809,77.4023208618164,6682600
2015-08-12 00:00:00-04:00,76.92544114677253,77.18342423660457,76.15149784165169,77.16778564453125,7462400
2015-08-13 00:00:00-04:00,77.19124533541039,77.37887267291786,76.73000821721696,76.98799133300781,5048000
2015-08-14 00:00:00-04:00,76.87071373323707,77.26159501210307,76.51110367240535,77.24595642089844,5177300
2015-08-17 00:00:00-04:00,76.95671753341188,78.08245169888515,76.65964390782632,78.07463836669922,6901800
2015-08-18 00:00:00-04:00,77.58214386736988,77.92612143131576,77.41015508539694,77.68377685546875,7618800
2015-08-19 00:00:00-04:00,77.53521383089752,78.16843961951243,77.22250760236076,77.6368408203125,7642400
2015-08-20 00:00:00-04:00,77.35540269926189,78.27006942470292,77.2303237915039,77.2303237915039,10620400
2015-08-21 00:00:00-04:00,76.58438214870742,77.60844453265891,75.23734222158483,75.27672576904297,16141500
2015-08-24 00:00:00-04:00,71.74763032241239,75.00100658738495,64.42949749432469,73.11830139160156,25636300
2015-08-25 00:00:00-04:00,75.37913636745628,75.3870094709623,71.21197480175695,71.47193145751953,15671100
2015-08-26 00:00:00-04:00,73.18921637532927,75.00890106458247,72.04698524202934,74.92224884033203,14738300
2015-08-27 00:00:00-04:00,75.70211477748134,75.93844012418653,74.32356427837527,75.79664611816406,11131200
2015-08-28 00:00:00-04:00,75.56819940664205,75.85178741688927,74.34719513974413,74.96951293945312,9200300
2015-08-31 00:00:00-04:00,74.74106082257705,74.96950703561963,73.7169984306652,74.03209686279297,9083500
2015-09-01 00:00:00-04:00,72.70080324588457,73.17344785074089,72.04697510399885,72.54325103759766,14593500
2015-09-02 00:00:00-04:00,73.39401077411155,73.63033606815152,72.86622442875776,73.53580474853516,11517400
2015-09-03 00:00:00-04:00,73.78000258502738,74.11872626098553,72.67716132771729,72.97650146484375,9027200
2015-09-04 00:00:00-04:00,72.14150409142394,72.3778233811937,71.34588199286104,71.9288101196289,10996800
2015-09-08 00:00:00-04:00,73.33099347154186,74.03209027539361,72.87410709611335,74.00057983398438,11394100
2015-09-09 00:00:00-04:00,74.82772158246735,74.96164248815916,72.49600253458476,72.64567565917969,7384500
2015-09-10 00:00:00-04:00,72.55901936717197,73.6382296067076,72.17302692062397,73.03954315185547,8359500
2015-09-11 00:00:00-04:00,72.8189560845208,73.26009018826042,72.31480110596085,73.20494842529297,7381300
2015-09-14 00:00:00-04:00,73.18133349115656,73.97695568646593,72.87411417009703,73.5121841430664,7948700
2015-09-15 00:00:00-04:00,73.88244455281495,74.63867739679567,73.40979977657754,74.36296844482422,7030700
2015-09-16 00:00:00-04:00,74.43385000422178,74.69380669116401,73.90606352588702,74.52838134765625,5630400
2015-09-17 00:00:00-04:00,74.46536573362937,75.77302236553881,74.2999403783885,74.70956420898438,8258000
2015-09-18 00:00:00-04:00,74.11087408207976,74.6150291974678,73.45704585087233,73.56732940673828,14211100
2015-09-21 00:00:00-04:00,73.94543719598246,74.52048621744466,72.76382270201664,73.36250305175781,7053700
2015-09-22 00:00:00-04:00,72.67718801702003,73.60672521682163,72.37784175996305,73.44917297363281,10618700
2015-09-23 00:00:00-04:00,73.42552457603969,73.81151696464396,72.91349042217567,73.2522201538086,5609300
2015-09-24 00:00:00-04:00,72.88200645691765,73.21286320591474,72.29907810583455,72.85050201416016,7407600
2015-09-25 00:00:00-04:00,73.204975967188,73.36252220351106,71.49557466206785,71.68463134765625,10794400
2015-09-28 00:00:00-04:00,71.44826673718322,72.52747649420586,70.81807612804621,71.97605895996094,14332800
2015-09-29 00:00:00-04:00,72.66142903038258,73.92181691273892,72.3384574527179,73.2916259765625,11520000
2015-09-30 00:00:00-04:00,74.15024330103681,74.4180790349489,72.93711841096862,73.53580474853516,10970100
2015-10-01 00:00:00-04:00,73.59883496070503,73.92968560631176,72.28330548174306,73.3940200805664,9675900
2015-10-02 00:00:00-04:00,72.58265297598636,74.02422437525625,72.34632762823604,73.99271392822266,8368100
2015-10-05 00:00:00-04:00,74.1975017040042,74.69377754084873,74.11084950884072,74.64651489257812,9419200
2015-10-06 00:00:00-04:00,74.45747383408187,74.56776339530929,72.92925633425388,73.59095764160156,8365200
2015-10-07 00:00:00-04:00,74.25268621987945,75.16646533595666,73.60673694489236,74.81986236572266,9397300
2015-10-08 00:00:00-04:00,74.60713827516366,74.99313065960222,73.89816837823423,74.89860534667969,7090700
2015-10-09 00:00:00-04:00,74.94587638315953,75.59182547036555,74.66228839267856,75.12705993652344,8259700
2015-10-12 00:00:00-04:00,74.89071833269728,75.99355961045582,74.81982435548495,75.61544036865234,8957900
2015-10-13 00:00:00-04:00,74.6701638223938,75.80451572835352,74.29204451707308,75.19007110595703,12761900
2015-10-14 00:00:00-04:00,75.00102815669989,75.59183554729357,74.1423909671721,74.46536254882812,8881900
2015-10-15 00:00:00-04:00,74.83558713942473,76.68678204034688,74.72530359707207,76.52923583984375,9561900
2015-10-16 00:00:00-04:00,77.09643252638674,77.44303546277428,76.72619224456021,77.38789367675781,9495300
2015-10-19 00:00:00-04:00,77.2382101405528,77.35636679262699,76.65527594364106,77.15155792236328,8725400
2015-10-20 00:00:00-04:00,77.15942720433647,77.3957525167856,76.65527214711383,76.87583923339844,6041800
2015-10-21 00:00:00-04:00,76.91524300614024,77.37213548932789,76.46622963749125,76.90736389160156,7059800
2015-10-22 00:00:00-04:00,77.08065937494817,78.62463509453292,76.51348339428382,78.40406799316406,9887900
2015-10-23 00:00:00-04:00,78.67976394232466,79.46750689492703,78.40405511091419,79.01849365234375,9178900
2015-10-26 00:00:00-04:00,78.81369536904903,78.99487290681552,78.37255516969928,78.72704315185547,7561600
2015-10-27 00:00:00-04:00,78.71127149908715,79.48326220876663,78.53796709426105,78.92396545410156,8883200
2015-10-28 00:00:00-04:00,79.12879033243286,79.15242767333984,78.38043680711975,79.15242767333984,7256300
2015-10-29 00:00:00-04:00,79.14453811205428,79.97954374712458,78.86882927122936,79.85350799560547,6340700
2015-10-30 00:00:00-04:00,79.97954961925458,80.44432113648483,79.56992588424025,79.58567810058594,10520300
2015-11-02 00:00:00-05:00,79.70383969947699,80.61761848544921,79.43600394513872,80.48370361328125,6297900
2015-11-03 00:00:00-05:00,80.22375936901557,80.58612650617623,79.6487102361366,80.31829071044922,6229200
2015-11-04 00:00:00-05:00,80.27100268536888,80.65699502344044,80.10557739762393,80.3025131225586,5592300
2015-11-05 00:00:00-05:00,80.546735576508,80.73579224616053,79.89290733187251,80.60975646972656,6545600
2015-11-06 00:00:00-05:00,80.0110419946473,80.28675079345703,79.45174528563295,80.28675079345703,6221100
2015-11-09 00:00:00-05:00,79.8692733822429,80.02681960012363,79.20757205514022,79.4360122680664,6625900
2015-11-10 00:00:00-05:00,79.56204484023543,80.16073121688339,79.30996731480508,79.9165267944336,5114200
2015-11-11 00:00:00-05:00,80.17648869452556,80.63338111747791,79.95592159654929,80.23950958251953,6284700
2015-11-12 00:00:00-05:00,79.67233048990886,80.04257067986828,78.9476083363726,78.98699188232422,6918700
2015-11-13 00:00:00-05:00,78.80581319254135,79.514783119294,78.5694878802897,78.67977142333984,8517500
2015-11-16 00:00:00-05:00,79.07365941509393,79.79050860430503,78.80582961473172,79.73536682128906,5755800
2015-11-17 00:00:00-05:00,79.07364300325663,80.12134267311208,79.07364300325663,79.95591735839844,5124000
2015-11-18 00:00:00-05:00,79.97955967012854,80.97999681887121,79.80625521853511,80.8775863647461,7148400
2015-11-19 00:00:00-05:00,80.86973025509367,80.88548247672918,80.39707946596626,80.73580932617188,5164500
2015-11-20 00:00:00-05:00,81.33095970748867,81.57696439066665,81.10082941899711,81.32302856445312,7671500
2015-11-23 00:00:00-05:00,81.25159188326148,81.73565791447817,81.09288428961622,81.55313873291016,6730600
2015-11-24 00:00:00-05:00,80.79132726329188,81.56900896280847,80.79132726329188,80.97384643554688,7492400
2015-11-25 00:00:00-05:00,81.07701467248049,81.20398559831962,80.91036987304688,80.91036987304688,5400800
2015-11-27 00:00:00-05:00,81.16431036873091,81.43412057460391,80.77547248087737,81.23573303222656,2353800
2015-11-30 00:00:00-05:00,81.32301092728886,81.32301092728886,80.33900451660156,80.33900451660156,8983700
2015-12-01 00:00:00-05:00,80.72787160094559,81.33096544681928,80.24380545208113,81.2278060913086,7545700
2015-12-02 00:00:00-05:00,81.33888375195444,81.68011053084223,80.93417151320227,80.9817886352539,6623500
2015-12-03 00:00:00-05:00,81.15636139560914,81.2357212444904,79.60100401557827,79.9819107055664,12008700
2015-12-04 00:00:00-05:00,80.46598481140512,81.73566381514796,80.37075661575928,81.69598388671875,7845400
2015-12-07 00:00:00-05:00,81.42617367913283,82.1244955655742,81.41823648317707,81.98959350585938,7262900
2015-12-08 00:00:00-05:00,81.71979809004254,81.92611677241344,80.87069966154114,81.27540588378906,8005400
2015-12-09 00:00:00-05:00,81.05318951446428,82.00544701048801,80.68022007799156,81.06112670898438,7947000
2015-12-10 00:00:00-05:00,81.18016995769712,82.00545665568882,80.78339494530232,81.4499740600586,6479300
2015-12-11 00:00:00-05:00,81.23573823491522,81.23573823491522,80.48979909042487,80.68818664550781,7796500
2015-12-14 00:00:00-05:00,80.66435174325689,81.17222321504362,79.9739611233411,81.06112670898438,10641500
2015-12-15 00:00:00-05:00,81.45791923380992,83.07676216945305,81.45791923380992,82.63236999511719,9283200
2015-12-16 00:00:00-05:00,83.03708263249037,83.71159901193204,82.14830433395238,83.52114868164062,8178800
2015-12-17 00:00:00-05:00,83.44973753358092,83.5290913385311,82.23560070604485,82.24353790283203,8740800
2015-12-18 00:00:00-05:00,81.79915084623678,81.79915084623678,80.90243530273438,80.90243530273438,14966000
2015-12-21 00:00:00-05:00,81.21191943844441,81.67217997844135,80.02953141024487,80.60882568359375,8321900
2015-12-22 00:00:00-05:00,80.87069485375422,81.64043337709784,80.26759507317648,81.50553131103516,5581600
2015-12-23 00:00:00-05:00,81.8229648104923,82.26735100251582,81.52934904544372,82.12451171875,5531700
2015-12-24 00:00:00-05:00,81.83088563282672,82.4577909164429,81.74359464053165,82.30701446533203,2546300
2015-12-28 00:00:00-05:00,81.87848219076776,82.10861239746558,81.68009470785296,81.91022491455078,4063000
2015-12-29 00:00:00-05:00,82.0054727301798,82.679995226914,82.0054727301798,82.55302429199219,4230000
2015-12-30 00:00:00-05:00,82.61649485250153,82.79900797063554,82.1562343779184,82.35462188720703,3847800
2015-12-31 00:00:00-05:00,82.02927464860724,82.22766217029887,81.48966034743373,81.51346588134766,4592600
2016-01-04 00:00:00-05:00,80.71196391767968,80.7913177010612,78.91853935259029,79.73590087890625,12722800
2016-01-05 00:00:00-05:00,79.81527805336351,80.4977316881981,79.80734085640758,80.0692138671875,6467200
2016-01-06 00:00:00-05:00,79.2121664557294,80.12475023223473,79.03758447448239,79.66448974609375,7733800
2016-01-07 00:00:00-05:00,78.8074624439149,79.42643058425213,78.46623564163833,78.73604583740234,9433100
2016-01-08 00:00:00-05:00,79.2597755513858,79.30739267055534,77.6488699442458,77.8948745727539,9766700
2016-01-11 00:00:00-05:00,77.95835094046198,78.267834958641,76.24428607472473,77.42667388916016,8151400
2016-01-12 00:00:00-05:00,77.75996363314056,78.26783515420624,77.16480112680053,77.9583511352539,6745000
2016-01-13 00:00:00-05:00,78.15673859671969,78.54558245976001,76.84737987259138,76.99021911621094,8290700
2016-01-14 00:00:00-05:00,77.0537115014274,78.934427369218,76.9743577043461,78.47416687011719,10164300
2016-01-15 00:00:00-05:00,76.47443081498069,77.7679153914304,76.37920261658344,76.974365234375,12662200
2016-01-19 00:00:00-05:00,77.71238165868876,78.09328846921905,76.89502581272465,77.37115478515625,12457800
2016-01-20 00:00:00-05:00,76.26810805267209,77.19656030742047,75.0142973190436,75.98242950439453,12685200
2016-01-21 00:00:00-05:00,75.99829347541188,76.68868426978123,74.81590547397415,76.1332015991211,11266400
2016-01-22 00:00:00-05:00,76.99023396798616,77.04578223709228,76.14113553775984,76.7759780883789,8380000
2016-01-25 00:00:00-05:00,76.75217342212751,77.52191805582738,76.21255906427761,76.49823760986328,9350200
2016-01-26 00:00:00-05:00,77.18066757590934,80.41834667598688,77.0854394051432,80.2913818359375,17266600
2016-01-27 00:00:00-05:00,79.74385835410115,82.03721796073572,79.74385835410115,81.069091796875,19330500
2016-01-28 00:00:00-05:00,81.33889127071758,81.76740908295336,80.82308245667598,81.1563720703125,12789500
2016-01-29 00:00:00-05:00,81.6483746643132,83.1243784315473,81.44204992956348,82.87837982177734,15614600
2016-02-01 00:00:00-05:00,82.2197303992531,83.15611980559478,81.91024632933829,82.82283020019531,9803700
2016-02-02 00:00:00-05:00,81.97372127961378,82.73552858894965,81.73565384668731,82.0610122680664,10616300
2016-02-03 00:00:00-05:00,82.25147431625653,82.83076253575226,80.95005255368505,82.64031219482422,10168600
2016-02-04 00:00:00-05:00,82.21970653090018,82.60060709669368,81.52138479074188,82.44983673095703,10389000
2016-02-05 00:00:00-05:00,81.46585186211719,81.55313679853714,79.18042382027139,79.78352355957031,15522200
2016-02-08 00:00:00-05:00,79.60099907882748,82.14036272787865,79.52958248443126,80.94210052490234,14323800
2016-02-09 00:00:00-05:00,80.39453573269196,81.13253735708867,80.1247316818161,80.91828155517578,10044500
2016-02-10 00:00:00-05:00,80.98180295652317,81.66425663498761,80.44218856086076,80.72786712646484,9833100
2016-02-11 00:00:00-05:00,79.72003258925724,80.95796865678282,79.33913197815986,80.70403289794922,12465800
2016-02-12 00:00:00-05:00,80.79926300048828,80.92623391007938,79.92635918712121,80.79926300048828,9035000
2016-02-16 00:00:00-05:00,81.23571721495286,81.77533146732412,80.66436023546491,81.19603729248047,10452800
2016-02-17 00:00:00-05:00,81.53726996445074,81.9261078048418,81.12462659056935,81.33888244628906,8904000
2016-02-18 00:00:00-05:00,81.600762969676,83.06882952897685,81.33888996845117,82.71966552734375,10744600
2016-02-19 00:00:00-05:00,82.79161474498007,83.67084479208937,82.6317508557523,83.25521087646484,9343300
2016-02-22 00:00:00-05:00,83.25518389418055,83.72676849365234,83.1672603081465,83.72676849365234,6947000
2016-02-23 00:00:00-05:00,83.6468550107375,83.75875666842279,83.09533534201499,83.19125366210938,6629200
2016-02-24 00:00:00-05:00,82.59975313286603,83.99054110730381,82.30401569892877,83.89462280273438,9076100
2016-02-25 00:00:00-05:00,83.88664702360306,85.0376425455462,83.74277258336018,85.02964782714844,8092500
2016-02-26 00:00:00-05:00,85.3813225018239,85.46125137275645,84.26230001422222,84.550048828125,9049400
2016-02-29 00:00:00-05:00,84.15041036113168,84.88576583554172,83.95857982393402,84.0944595336914,10111100
2016-03-01 00:00:00-05:00,84.64597278267327,85.71703314066819,84.2782950732937,85.7010498046875,8298500
2016-03-02 00:00:00-05:00,85.45327537427245,85.85292588613824,85.06960819968083,85.55718231201172,9767000
2016-03-03 00:00:00-05:00,85.38133258731342,85.52520701125967,84.43016244576974,85.24545288085938,6927200
2016-03-04 00:00:00-05:00,85.1335516633338,85.50922411101043,84.78185727007353,85.12555694580078,6715700
2016-03-07 00:00:00-05:00,84.7259169622515,85.46127251383155,84.31827169201723,85.31739807128906,6973500
2016-03-08 00:00:00-05:00,85.14152763455688,85.3413528559185,84.70191580647041,84.90174102783203,7632900
2016-03-09 00:00:00-05:00,85.39732360839844,85.5411980452909,84.79784780437706,85.39732360839844,7564200
2016-03-10 00:00:00-05:00,85.51721909932182,85.90888101123379,84.78186358426845,85.63711547851562,10474700
2016-03-11 00:00:00-05:00,85.92485991939942,86.3165157129362,85.69306189109074,86.09271240234375,7763800
2016-03-14 00:00:00-04:00,86.26054820998677,86.56428644265948,85.77297419265794,86.052734375,7242800
2016-03-15 00:00:00-04:00,86.02077352173673,86.60425982119669,85.33337419221054,86.13267517089844,8476600
2016-03-16 00:00:00-04:00,86.10871190419138,86.1486733010786,85.42930107708942,85.85293579101562,7065100
2016-03-17 00:00:00-04:00,85.90089055998455,86.00479750808276,85.08560001951598,85.31739807128906,8571100
2016-03-18 00:00:00-04:00,85.51722046615512,86.19662516153483,85.01366298331251,85.92486572265625,14758300
2016-03-21 00:00:00-04:00,85.85292884761206,86.12468827792729,85.1655294556366,85.74901580810547,7674700
2016-03-22 00:00:00-04:00,85.74902008512895,86.02877424740215,85.56518424914228,85.82894897460938,7821700
2016-03-23 00:00:00-04:00,85.75700575424399,86.9879300365394,85.68506549257455,86.72415924072266,8191300
2016-03-24 00:00:00-04:00,86.50034672795857,86.81207359958819,86.12467431902493,86.57228088378906,6284500
2016-03-28 00:00:00-04:00,86.65222861804692,87.04388441990493,86.37246837567966,86.50835418701172,4738100
2016-03-29 00:00:00-04:00,86.56433051778076,87.32366428972182,86.11671765703575,87.2357406616211,6612800
2016-03-30 00:00:00-04:00,87.48351556978619,87.57143919131838,87.06788162105754,87.10784912109375,5248200
2016-03-31 00:00:00-04:00,87.01190129162049,87.10781960029011,86.35647476116704,86.48435974121094,8167700
2016-04-01 00:00:00-04:00,86.32450282816527,87.35560178817245,86.07672148442869,87.27567291259766,9043200
2016-04-04 00:00:00-04:00,86.97993107817045,87.20373437346096,86.53232448758943,86.79608917236328,10668900
2016-04-05 00:00:00-04:00,86.50836299076869,87.7952321849781,86.33251576847643,87.08385467529297,7939000
2016-04-06 00:00:00-04:00,86.90000256266791,87.52345634448105,86.22858657581976,87.45951080322266,6828700
2016-04-07 00:00:00-04:00,87.12381389862492,87.61938274183454,86.82807031665067,87.3396224975586,7822900
2016-04-08 00:00:00-04:00,87.41955003028644,87.63535861082788,86.93197594657087,87.2037353515625,6301600
2016-04-11 00:00:00-04:00,87.24370505084299,87.61937749517949,86.84405455230333,87.0998306274414,6823900
2016-04-12 00:00:00-04:00,87.12380655836964,88.11493806310219,86.9239813139697,87.60338592529297,8412300
2016-04-13 00:00:00-04:00,87.92312845304394,88.20288264212138,87.37160869587417,87.81922149658203,5758300
2016-04-14 00:00:00-04:00,87.92312579027165,88.1549238536826,87.48350772204678,87.79523468017578,4457100
2016-04-15 00:00:00-04:00,87.97904724091728,88.24281799375136,87.5234459851956,88.06697082519531,10057900
2016-04-18 00:00:00-04:00,87.92309284222766,88.80232255101365,87.65932210013742,88.66644287109375,7772500
2016-04-19 00:00:00-04:00,89.24198255876624,91.0803717084539,89.10610281473843,90.06526184082031,10526400
2016-04-20 00:00:00-04:00,90.47289524508837,91.27219636085539,90.36099357673567,90.78462219238281,8213400
2016-04-21 00:00:00-04:00,90.56881420328162,90.90452533145874,90.1371908369259,90.7766342163086,7884500
2016-04-22 00:00:00-04:00,90.66471345456868,90.92048953284366,90.18513407007595,90.57678985595703,7508700
2016-04-25 00:00:00-04:00,90.56878910446605,90.76062572402866,89.9053739475712,90.72865295410156,6139900
2016-04-26 00:00:00-04:00,90.68069400732527,90.7686176032374,90.04125688036191,90.24907684326172,5853600
2016-04-27 00:00:00-04:00,90.28904566423388,90.48087620829224,89.8893951401722,90.13717651367188,5759300
2016-04-28 00:00:00-04:00,89.60163435889893,90.0892084212665,89.2339566574415,89.9053726196289,6640000
2016-04-29 00:00:00-04:00,89.56967340586894,89.69756450056029,89.13006148877922,89.58566284179688,7774500
2016-05-02 00:00:00-04:00,89.69755675994736,90.15315807364807,89.46575874445998,90.12118530273438,5178800
2016-05-03 00:00:00-04:00,89.96932152190372,90.40094480766216,89.61763321727982,90.07323455810547,7554500
2016-05-04 00:00:00-04:00,89.55369635823946,89.95334690994625,89.28193081202345,89.69757080078125,5214600
2016-05-05 00:00:00-04:00,89.58566049409951,90.40094485775082,89.55368772126457,90.22509765625,5404300
2016-05-06 00:00:00-04:00,89.98530471305386,90.36097714485881,89.74551198265593,90.11318969726562,6099900
2016-05-09 00:00:00-04:00,90.30503383275945,91.11232348934206,90.10520857353313,90.89651489257812,6512700
2016-05-10 00:00:00-04:00,91.1203154272654,91.91961643978526,91.05636988269994,91.65584564208984,8356400
2016-05-11 00:00:00-04:00,91.57591152606618,91.72778066118272,91.36809156719866,91.41605377197266,6680700
2016-05-12 00:00:00-04:00,91.51996202334234,91.7277819852096,90.75263381588924,91.30415344238281,7156300
2016-05-13 00:00:00-04:00,91.04038887431389,91.19225192381279,90.60876558473102,90.76862335205078,6779900
2016-05-16 00:00:00-04:00,90.63276194624474,91.62389371982103,90.56881638712778,91.47203063964844,6222900
2016-05-17 00:00:00-04:00,91.5519236702736,91.56790700469864,90.51283008537456,90.98442077636719,9233900
2016-05-18 00:00:00-04:00,90.80857671342726,91.14428163147383,90.22508436695223,90.79258728027344,8267900
2016-05-19 00:00:00-04:00,90.31303540138374,90.35300289823267,89.68158675991046,90.20113372802734,8232200
2016-05-20 00:00:00-04:00,90.32185819713388,90.90146470272148,89.9676589983912,90.67606353759766,7435200
2016-05-23 00:00:00-04:00,90.7807142613995,90.82096710248267,90.1930620886011,90.28966522216797,6462300
2016-05-24 00:00:00-04:00,90.5794678695336,91.36837815419162,90.5794678695336,90.71632385253906,6125300
2016-05-25 00:00:00-04:00,91.11077741477779,91.55353413408363,90.84512338319428,91.24762725830078,5453800
2016-05-26 00:00:00-04:00,91.05441922304853,91.22347009892907,90.84511550645875,90.88536834716797,3973600
2016-05-27 00:00:00-04:00,90.9980779621905,91.23957660524972,90.71632647442716,91.01417541503906,4647000
2016-05-31 00:00:00-04:00,91.17517801698375,91.47302694898721,90.41846877881397,90.71632385253906,10104700
2016-06-01 00:00:00-04:00,90.71634770383598,91.0141967141504,90.21724056462446,90.7887954711914,4748900
2016-06-02 00:00:00-04:00,90.86121292711704,92.29412551824036,90.85316113117791,92.16532135009766,7310800
2016-06-03 00:00:00-04:00,92.14924505701416,92.8898507687123,91.86749355166401,92.38269805908203,6881700
2016-06-06 00:00:00-04:00,92.55172211073436,93.3808789323724,92.51952107064778,93.19572448730469,6349400
2016-06-07 00:00:00-04:00,93.38896781776043,93.56607053771371,92.93815921922767,93.16356658935547,6417400
2016-06-08 00:00:00-04:00,92.99450992626608,93.34066356901177,92.90596470763148,93.21991729736328,5863800
2016-06-09 00:00:00-04:00,93.20380258219491,94.33886653407771,93.06695272950216,94.1859130859375,7375500
2016-06-10 00:00:00-04:00,93.9766065571121,94.37106479151811,93.67070581160313,94.19396209716797,6067400
2016-06-13 00:00:00-04:00,94.29056066374164,94.70111635820507,94.01686096191406,94.01686096191406,7940900
2016-06-14 00:00:00-04:00,93.74316416734237,94.33082261581922,93.62241790001113,94.28252410888672,6378400
2016-06-15 00:00:00-04:00,94.70112424693222,94.7816238046624,93.65461157127217,93.71096801757812,6371400
2016-06-16 00:00:00-04:00,93.1313555713062,94.09736248731286,92.75300091765824,93.89611053466797,6664300
2016-06-17 00:00:00-04:00,93.87998844534052,93.92023514027487,92.58392571907527,92.9622802734375,10702200
2016-06-20 00:00:00-04:00,93.86391129718479,94.29861626029597,93.72706144075782,93.81561279296875,5588200
2016-06-21 00:00:00-04:00,94.17787230337193,94.30667651512817,93.52581787109375,93.52581787109375,5493500
2016-06-22 00:00:00-04:00,93.81559990619787,94.35495360159743,93.6304454292659,93.7511978149414,5833800
2016-06-23 00:00:00-04:00,94.3469120095288,94.49181365966797,93.92831065452788,94.49181365966797,6775900
2016-06-24 00:00:00-04:00,92.63222079761776,94.28248877215363,92.57587051340884,93.08302307128906,13939500
2016-06-27 00:00:00-04:00,92.57588972615483,93.89610192308574,92.57588972615483,93.82365417480469,10877400
2016-06-28 00:00:00-04:00,94.32276631704951,95.28877940166709,93.82366539130001,95.17607879638672,10089600
2016-06-29 00:00:00-04:00,95.66712621948128,96.12598657216101,95.07142215336785,96.06158447265625,8341500
2016-06-30 00:00:00-04:00,95.9408269826895,97.73599702540255,95.92472952952826,97.64744567871094,11559900
2016-07-01 00:00:00-04:00,97.64744083512814,97.84064097208932,97.23688517007919,97.63938903808594,7051400
2016-07-05 00:00:00-04:00,97.69576020639894,99.201127205382,97.67965660887407,98.42831420898438,9334100
2016-07-06 00:00:00-04:00,98.15461091450379,98.7422693684262,97.84065833308802,98.72616577148438,9332400
2016-07-07 00:00:00-04:00,98.68587878944834,98.8629814442196,98.21897904890298,98.6214828491211,6058700
2016-07-08 00:00:00-04:00,99.01597794586391,99.09647751259719,98.17876894004657,98.89522552490234,6129900
2016-07-11 00:00:00-04:00,98.78249966935036,99.37820368107326,98.54100103084082,98.95960235595703,6711600
2016-07-12 00:00:00-04:00,98.7342115624129,99.1769621838103,98.70201051221125,98.9515609741211,6415900
2016-07-13 00:00:00-04:00,98.75835843966343,99.33796504590985,98.45245768268767,99.01596069335938,5230800
2016-07-14 00:00:00-04:00,98.99986667269401,99.61166820786201,98.9435163696727,99.1608657836914,5322700
2016-07-15 00:00:00-04:00,99.63581400509825,100.0624733037179,98.78250769130332,99.01596069335938,7192800
2016-07-18 00:00:00-04:00,99.01595388559477,99.1930565744071,98.56515150805197,99.12865447998047,6599200
2016-07-19 00:00:00-04:00,100.4488776918601,101.22973628244,99.28966443230047,100.82723236083984,11325700
2016-07-20 00:00:00-04:00,101.30218866719896,101.4873431819497,100.65818604825786,100.73868560791016,7334600
2016-07-21 00:00:00-04:00,100.79502549219913,101.22167864179322,100.53742324291277,100.7467269897461,5492600
2016-07-22 00:00:00-04:00,100.7225774914153,100.90772584484579,100.34422284520247,100.6501235961914,5839200
2016-07-25 00:00:00-04:00,100.68230854694418,100.73060704155631,99.93365117185078,100.53740692138672,4880600
2016-07-26 00:00:00-04:00,100.65012384311792,101.06873133678455,100.42472264270762,100.7467269897461,5589900
2016-07-27 00:00:00-04:00,100.70645753094632,100.81111245796042,100.09464998666762,100.44080352783203,4812600
2016-07-28 00:00:00-04:00,100.6098764115412,100.6259738650019,100.15102221638567,100.19126892089844,4320400
2016-07-29 00:00:00-04:00,100.09466413640983,100.88357446095462,100.09466413640983,100.81112670898438,7020900
2016-08-01 00:00:00-04:00,100.87552126600298,101.19752560098323,100.70647037202576,100.9479751586914,4615100
2016-08-02 00:00:00-04:00,101.14921949802202,101.35047142454346,100.20736195591479,100.50521087646484,7158700
2016-08-03 00:00:00-04:00,100.62596287237402,100.62596287237402,99.57140474682238,99.7404556274414,5310600
2016-08-04 00:00:00-04:00,100.01417561957466,100.13492802790057,99.5311721279936,99.7082748413086,4728200
2016-08-05 00:00:00-04:00,100.12688366277843,100.12688366277843,99.62778267917217,100.0141830444336,5146900
2016-08-08 00:00:00-04:00,99.82097423880825,99.94172664566744,99.20112089145744,99.53922271728516,5232500
2016-08-09 00:00:00-04:00,99.74852806176467,99.82097582199572,99.28162202342256,99.36212158203125,3941500
2016-08-10 00:00:00-04:00,99.49092688751915,99.64388035921209,99.20917534102404,99.30577850341797,4333500
2016-08-11 00:00:00-04:00,99.70019768021531,99.93365063913126,99.39429697976736,99.63579559326172,4052000
2016-08-12 00:00:00-04:00,99.39428319857038,99.63578177858052,98.9756758331338,99.19303131103516,4234800
2016-08-15 00:00:00-04:00,99.1125554427493,99.23330169071666,98.43634574552371,98.46049499511719,6469500
2016-08-16 00:00:00-04:00,98.29948985894315,98.46854073742423,96.64922163201803,96.8665771484375,11289100
2016-08-17 00:00:00-04:00,97.00345549127742,97.67161354668316,96.48019910883048,97.65550994873047,10442800
2016-08-18 00:00:00-04:00,97.54279304323791,97.71989574080818,96.52043584597601,97.1805419921875,8728000
2016-08-19 00:00:00-04:00,97.17244266258368,97.2372682128861,96.69431636010046,97.1805419921875,7798300
2016-08-22 00:00:00-04:00,97.16433118092998,97.16433118092998,96.39446830995269,96.54033660888672,6544900
2016-08-23 00:00:00-04:00,96.97795609138042,97.212966507381,96.45120903363397,96.79157257080078,5603200
2016-08-24 00:00:00-04:00,96.82400699248734,96.92935395114405,96.12708112396803,96.20001220703125,6303900
2016-08-25 00:00:00-04:00,96.3215506354766,96.6051817609543,95.8920511907968,96.08654022216797,5566000
2016-08-26 00:00:00-04:00,96.30532028463642,97.03466173429443,96.07841542978584,96.46739959716797,6482700
2016-08-29 00:00:00-04:00,96.67811151819843,97.35072065428325,96.48361631920814,97.1805419921875,5074900
2016-08-30 00:00:00-04:00,97.78832343524873,97.78832343524873,96.64569353401599,96.81587219238281,3820500
2016-08-31 00:00:00-04:00,96.8725819258692,96.9374136464122,96.44308259698491,96.71050262451172,5693100
2016-09-01 00:00:00-04:00,96.5889742449601,96.75104740283533,96.11084791864724,96.49983215332031,4551800
2016-09-02 00:00:00-04:00,96.72672128275266,97.09138891988516,96.35394813423905,96.69430541992188,5806400
2016-09-06 00:00:00-04:00,97.06708836904095,97.22106218736012,96.72673104899314,97.04277801513672,5280700
2016-09-07 00:00:00-04:00,97.11570478254956,97.20484686471953,96.791558501234,96.9293212890625,4753800
2016-09-08 00:00:00-04:00,96.73483561925968,97.09950328966084,96.5484459366517,96.81587219238281,4833000
2016-09-09 00:00:00-04:00,96.45930340333963,96.5646565123351,95.77048326095144,95.81100463867188,7957300
2016-09-12 00:00:00-04:00,95.43011344197987,96.79964803522881,95.12216585011969,96.56464385986328,7239800
2016-09-13 00:00:00-04:00,95.96495979443038,96.2972177369931,95.21130801875923,95.30855560302734,7957900
2016-09-14 00:00:00-04:00,95.50304103468278,95.89202517458568,95.18699412593993,95.51114654541016,6124900
2016-09-15 00:00:00-04:00,95.47063733240094,96.38636849772227,95.07355381389628,96.13514709472656,5812100
2016-09-16 00:00:00-04:00,96.03790950793655,96.5484454806256,95.7218625463632,95.82720947265625,12408800
2016-09-19 00:00:00-04:00,95.91635277525067,96.1594686792526,95.33287955180147,95.34909057617188,5457600
2016-09-20 00:00:00-04:00,95.76237535171983,95.81910156949195,95.37339733919501,95.58409118652344,5187700
2016-09-21 00:00:00-04:00,95.58410728420573,96.4350068767848,95.33289201786309,96.36207580566406,6337300
2016-09-22 00:00:00-04:00,96.63759111158286,97.11571123618165,96.54844902348913,96.80776977539062,5340500
2016-09-23 00:00:00-04:00,96.76722992577757,96.92119752560001,96.19996167491189,96.28099822998047,4773000
2016-09-26 00:00:00-04:00,96.1351319571313,96.14323746761458,95.2680278162092,95.4463119506836,5998900
2016-09-27 00:00:00-04:00,95.94065076846462,96.61326599121094,95.39769899319911,96.61326599121094,5349500
2016-09-28 00:00:00-04:00,96.4755272359878,96.85639979673287,96.28103201634073,96.75105285644531,5076100
2016-09-29 00:00:00-04:00,96.33772902110726,96.65377592879904,94.84663655227362,95.03302001953125,6190200
2016-09-30 00:00:00-04:00,95.446303676984,96.12702429663359,95.13025680515499,95.72993469238281,7941100
2016-10-03 00:00:00-04:00,95.62459409642435,96.44307752281044,95.16267893157136,96.28099822998047,6098600
2016-10-04 00:00:00-04:00,96.30532837642419,96.8239760374095,95.85151862859291,96.28912353515625,5733900
2016-10-05 00:00:00-04:00,96.61328745110171,96.79157163964183,96.11085075455183,96.58087158203125,5778700
2016-10-06 00:00:00-04:00,96.02981207596628,96.31344319576985,95.55979125875194,96.23240661621094,4448500
2016-10-07 00:00:00-04:00,96.57275223751482,96.89690469909804,96.18377422977012,96.62947845458984,4799300
2016-10-10 00:00:00-04:00,96.84825689758479,97.40741340011365,96.71859347615117,97.08326721191406,3657000
2016-10-11 00:00:00-04:00,96.7672662842753,96.94554429933366,94.86287251981277,95.33289337158203,6394200
2016-10-12 00:00:00-04:00,95.59220576664792,95.97308448611837,95.21943255982643,95.60031127929688,4685200
2016-10-13 00:00:00-04:00,95.25185385834006,96.59707844811365,95.04115379631709,95.8353271484375,7387400
2016-10-14 00:00:00-04:00,96.0298008790288,96.27291677205329,95.2680435180664,95.2680435180664,5640500
2016-10-17 00:00:00-04:00,95.21942542139543,96.07032488760046,95.21942542139543,96.02169799804688,6956400
2016-10-18 00:00:00-04:00,95.12219679558349,96.01361781708049,93.32316227336007,93.5257568359375,12598300
2016-10-19 00:00:00-04:00,93.6553945530656,93.91471529162027,92.75587438873983,92.86122131347656,7400900
2016-10-20 00:00:00-04:00,93.05573415311007,93.76075926021242,92.86123892528607,93.08815002441406,6973000
2016-10-21 00:00:00-04:00,92.47224259768122,92.57758952162128,91.5646169282567,91.92929077148438,8422000
2016-10-24 00:00:00-04:00,92.3263678375916,92.53706785342477,91.92928433992778,92.06704711914062,6141900
2016-10-25 00:00:00-04:00,92.09134916577406,92.51274915943911,91.64563882299238,92.35066986083984,5595000
2016-10-26 00:00:00-04:00,92.09138282332927,93.37178192810498,92.05896695176206,92.83692932128906,6429200
2016-10-27 00:00:00-04:00,93.17728274027351,94.44957619301115,93.02330891276114,93.76074981689453,7548700
2016-10-28 00:00:00-04:00,93.85799051697722,93.93092776037386,92.84501790037079,93.46090698242188,8813300
2016-10-31 00:00:00-04:00,93.42039032327011,94.19025326039268,92.78829636781221,93.99575805664062,8552500
2016-11-01 00:00:00-04:00,92.99897201554111,93.95521821035298,92.8936189288079,93.46898651123047,7591900
2016-11-02 00:00:00-04:00,93.6148633520576,93.80935852258395,93.05570673920133,93.08001708984375,6591300
2016-11-03 00:00:00-04:00,93.09623836831327,93.55005433031616,92.99089143602941,93.2177963256836,6227100
2016-11-04 00:00:00-04:00,93.22590469625754,93.95524628014438,93.22590469625754,93.28263092041016,7160600
2016-11-07 00:00:00-05:00,93.9147093732402,94.58732462178011,93.87418799867515,94.53870391845703,6398200
2016-11-08 00:00:00-05:00,94.39282876146005,95.27613778196073,94.38472325059774,94.85474395751953,6675300
2016-11-09 00:00:00-05:00,97.24536681211409,99.27131195403314,95.70564726771684,97.49658203125,16220000
2016-11-10 00:00:00-05:00,97.86935061216481,98.13677684222095,96.45118907923477,96.87258911132812,11904500
2016-11-11 00:00:00-05:00,96.83208378928909,96.83208378928909,95.72996900638324,96.00550079345703,8134800
2016-11-14 00:00:00-05:00,96.09462532819109,96.42687709528003,94.4090375937439,94.49007415771484,10054900
2016-11-15 00:00:00-05:00,94.32800005854757,94.56301041952906,93.8579793365846,94.26316833496094,7446700
2016-11-16 00:00:00-05:00,94.53061894211073,94.6359658830934,94.06870361211742,94.29560852050781,6594800
2016-11-17 00:00:00-05:00,94.55492425802755,94.55492425802755,94.10111446544082,94.46578216552734,5730300
2016-11-18 00:00:00-05:00,94.48209638616608,94.58817128840512,93.68243518142945,94.1312255859375,7717800
2016-11-21 00:00:00-05:00,94.19650332429244,94.39233630327963,93.67427789671447,93.83747100830078,5843300
2016-11-22 00:00:00-05:00,93.50291280010558,93.83746675674324,91.60984415455147,91.99335479736328,11649700
2016-11-23 00:00:00-05:00,91.59353255137493,92.55638686195623,91.03050572663132,92.26263427734375,7892600
2016-11-25 00:00:00-05:00,92.6951113364519,93.20918152605773,92.51559515756853,93.12757873535156,3433300
2016-11-28 00:00:00-05:00,92.85014826284367,93.11942252854286,92.24632621510334,92.31159973144531,9065700
2016-11-29 00:00:00-05:00,92.1647009764798,92.54005628746906,91.52823921288315,91.78119659423828,7799600
2016-11-30 00:00:00-05:00,91.54457934082546,91.81384736576973,90.818359375,90.818359375,11178500
2016-12-01 00:00:00-05:00,90.86731202413912,91.01418831549331,90.57355944143076,90.88362884521484,8143300
2016-12-02 00:00:00-05:00,91.1610396322449,91.82197964955759,90.93256684726848,91.35687255859375,6167700
2016-12-05 00:00:00-05:00,91.71591763117418,91.73223445006636,91.16921392973448,91.34056854248047,5451600
2016-12-06 00:00:00-05:00,91.58535282561479,92.36869082042132,91.26712195976891,91.4384765625,6530400
2016-12-07 00:00:00-05:00,91.29978239521564,91.29978239521564,89.20271908148638,90.65515899658203,11761100
2016-12-08 00:00:00-05:00,90.19821914763246,90.73676145179684,89.70047201286695,90.5654067993164,7774900
2016-12-09 00:00:00-05:00,90.90811214345356,91.7404069658741,90.73675128475529,91.60169219970703,7672100
2016-12-12 00:00:00-05:00,91.95256575042013,94.16386545403066,91.86280766951853,94.1312255859375,9544600
2016-12-13 00:00:00-05:00,94.26993000100006,94.62896228516789,93.84562421323432,94.56368255615234,7051600
2016-12-14 00:00:00-05:00,94.75135126263498,95.71420538562128,93.49474461226866,93.82929229736328,9378700
2016-12-15 00:00:00-05:00,94.10673690387884,94.58816089817877,93.74770461971102,94.56368255615234,6738100
2016-12-16 00:00:00-05:00,94.98799263084278,95.02878779158175,94.2128098717927,94.5555191040039,11291100
2016-12-19 00:00:00-05:00,94.71057067920152,95.19200095913166,94.60449577534769,94.66976928710938,6310800
2016-12-20 00:00:00-05:00,94.63712741005655,94.85743872209822,93.76403123384621,94.37601470947266,5715200
2016-12-21 00:00:00-05:00,94.81662814788366,94.81662814788366,93.62530117779471,94.09040832519531,5907600
2016-12-22 00:00:00-05:00,93.83747037198981,94.2699377176373,92.92357276721644,94.19650268554688,4602300
2016-12-23 00:00:00-05:00,94.16386575845745,94.91456405077216,94.0822692006699,94.62081146240234,2992500
2016-12-27 00:00:00-05:00,94.56368641482048,94.653444489525,94.14753590713747,94.58000946044922,3232600
2016-12-28 00:00:00-05:00,94.5555369134527,94.78401600337814,93.87827984378433,93.91907501220703,3278300
2016-12-29 00:00:00-05:00,94.02513964913025,94.54736502649705,93.84562350839462,94.23728942871094,2993600
2016-12-30 00:00:00-05:00,94.49024981141919,94.64528138980211,93.8211481363994,94.00881958007812,5506700
2017-01-03 00:00:00-05:00,94.4739391213509,94.65345529124609,94.02515492203148,94.52289581298828,5953000
2017-01-04 00:00:00-05:00,94.24546093911677,94.84112763055668,94.09042312379306,94.36785888671875,5828900
2017-01-05 00:00:00-05:00,94.65345248054557,95.44495217407915,94.19650677104923,95.35519409179688,6217200
2017-01-06 00:00:00-05:00,95.20014699634895,95.46942121695858,94.45761029076763,94.89823913574219,5221400
2017-01-09 00:00:00-05:00,94.9390380712313,95.15119409215016,94.56368894217056,94.88191986083984,5457500
2017-01-10 00:00:00-05:00,94.67793071165895,95.46943040423967,94.5473774628536,94.78401184082031,5312800
2017-01-11 00:00:00-05:00,94.71871057903758,94.8574253198138,93.03779197019433,93.61714172363281,8887200
2017-01-12 00:00:00-05:00,93.24181509814265,93.61717050392153,92.50743978571855,93.52741241455078,6627300
2017-01-13 00:00:00-05:00,93.78852129107382,93.85379480530914,93.38053225636466,93.5110855102539,4935200
2017-01-17 00:00:00-05:00,92.97255484646219,93.87829111479857,92.75223725393745,93.73141479492188,6255400
2017-01-18 00:00:00-05:00,93.7313876062019,93.91905904496119,93.35603850326574,93.59266662597656,5014600
2017-01-19 00:00:00-05:00,93.5763492696416,93.75586541032418,92.95620429967018,93.18467712402344,5540800
2017-01-20 00:00:00-05:00,93.42130460971921,93.86193340664725,93.08675692017688,93.14387512207031,7502400
2017-01-23 00:00:00-05:00,93.43762163933923,93.64977138962166,92.85827813587558,92.94803619384766,7989800
2017-01-24 00:00:00-05:00,92.13207093158917,92.45030182579669,90.69594803374403,91.19369506835938,12450300
2017-01-25 00:00:00-05:00,91.33242472579111,92.04232788085938,90.37773188738174,92.04232788085938,9385500
2017-01-26 00:00:00-05:00,91.38954691054535,92.0749655241734,91.06315442649534,91.25898742675781,10164300
2017-01-27 00:00:00-05:00,91.38951680253399,92.64612340561885,91.30792026475795,92.51556396484375,8886100
2017-01-30 00:00:00-05:00,92.5319173035333,92.69511043251649,92.08312686070134,92.31159973144531,6969400
2017-01-31 00:00:00-05:00,92.03416621996085,92.5319133350568,91.74041362005444,92.40951538085938,8713400
2017-02-01 00:00:00-05:00,91.78120499777566,92.46662350581634,91.7730434749415,92.3931884765625,7082300
2017-02-02 00:00:00-05:00,92.0586402623361,92.7114251705949,92.01783887103807,92.67062377929688,7826300
2017-02-03 00:00:00-05:00,92.61350862724473,92.74406810337827,91.92809005379902,92.72774505615234,7267600
2017-02-06 00:00:00-05:00,92.5808628156281,92.68693771411401,91.89544428617806,92.53190612792969,6178400
2017-02-07 00:00:00-05:00,92.69511187507426,92.7114349234779,92.24632765067696,92.59719848632812,5507900
2017-02-08 00:00:00-05:00,92.45030957329298,92.76854049416879,92.32791162862888,92.53190612792969,5272000
2017-02-09 00:00:00-05:00,92.53190383066448,93.55187630184592,92.53190383066448,93.0867691040039,5854600
2017-02-10 00:00:00-05:00,93.28259647808952,94.64527812372222,93.20916145277138,94.03329467773438,6438500
2017-02-13 00:00:00-05:00,94.06593359721398,94.75135828705386,94.01697691416022,94.5555191040039,5710800
2017-02-14 00:00:00-05:00,94.19651386129766,94.97985209029034,94.0985942481415,94.94721221923828,5539100
2017-02-15 00:00:00-05:00,94.57183898139778,95.84476250150455,94.3188816014509,95.63260650634766,5979700
2017-02-16 00:00:00-05:00,95.46942737285603,96.5138782318084,95.46942737285603,96.3506851196289,7119300
2017-02-17 00:00:00-05:00,96.44044829694845,97.0197919688543,96.32621186730046,96.98715209960938,8691400
2017-02-21 00:00:00-05:00,96.61178915021736,97.82759453529849,96.5465094210461,97.63992309570312,8595100
2017-02-22 00:00:00-05:00,97.32986280787443,97.72969031747294,97.3053844619384,97.52569580078125,5103900
2017-02-23 00:00:00-05:00,97.52569486521098,99.46772662975377,97.49306122122172,99.30452728271484,9980900
2017-02-24 00:00:00-05:00,99.79735833231746,100.81586459685998,99.30453312473963,100.80765533447266,10835000
2017-02-27 00:00:00-05:00,100.31482279122173,100.93085586078205,100.29018247109731,100.5365982055664,5946200
2017-02-28 00:00:00-05:00,100.21626595457428,100.74194702924683,100.15876978286362,100.38053894042969,8885500
2017-03-01 00:00:00-05:00,100.61051244226832,102.22041133780498,100.55301627694958,101.73580169677734,9393900
2017-03-02 00:00:00-05:00,101.64546544398875,102.14650621942553,101.04585711274682,101.5468978881836,6950200
2017-03-03 00:00:00-05:00,101.54688319087111,101.79329891141269,101.21833725229844,101.67830657958984,5585200
2017-03-06 00:00:00-05:00,101.03763294696645,102.20398731886841,100.7008652142642,101.61259460449219,6670700
2017-03-07 00:00:00-05:00,100.68444461734178,102.22863189516056,100.52838090382272,101.71116638183594,6644000
2017-03-08 00:00:00-05:00,101.64546438329931,102.40934569963227,101.4401200108078,101.93294525146484,7909900
2017-03-09 00:00:00-05:00,102.32718597687524,103.6660287256375,101.99041827445731,103.45246887207031,8571100
2017-03-10 00:00:00-05:00,103.52639824327001,103.89601553090553,103.11570958295869,103.66603088378906,7395400
2017-03-13 00:00:00-04:00,103.35390878443948,104.27384736424045,103.32105293993065,104.05207824707031,7162500
2017-03-14 00:00:00-04:00,104.19991623990771,104.9309414756696,104.12598903032824,104.3559799194336,7679700
2017-03-15 00:00:00-04:00,104.3559938439457,105.9576771547566,103.98637027995039,105.9248275756836,8360600
2017-03-16 00:00:00-04:00,105.49771384037939,105.71126744954225,104.94738622716638,105.51414489746094,7610700
2017-03-17 00:00:00-04:00,105.50590639280671,105.9083857616039,105.09521776338106,105.1855697631836,13300800
2017-03-20 00:00:00-04:00,105.16914902913351,105.48127642875775,105.11165913264794,105.19380187988281,5827500
2017-03-21 00:00:00-04:00,105.44844714289418,105.50593705044342,104.4299345340018,104.5202865600586,7578600
2017-03-22 00:00:00-04:00,104.35599641231403,104.84882157649184,103.66603616917551,103.70710754394531,10272700
2017-03-23 00:00:00-04:00,103.57567278913268,104.31491358756367,103.21427105059742,103.4113998413086,8508100
2017-03-24 00:00:00-04:00,103.3785502646128,103.78923892567781,102.77894206214877,103.0664291381836,6490300
2017-03-27 00:00:00-04:00,102.80360360663283,103.60854999016045,102.79538807756467,103.32928466796875,5004300
2017-03-28 00:00:00-04:00,103.18143095629736,103.31284808129259,102.49147068358269,103.21428680419922,5287600
2017-03-29 00:00:00-04:00,102.71323600374245,102.94322064985859,102.14648364966227,102.60645294189453,3971800
2017-03-30 00:00:00-04:00,102.45858871322075,103.02534097845944,102.08075595859849,102.39288330078125,4711700
2017-03-31 00:00:00-04:00,101.94115083329186,102.53254357101561,101.87543913651982,102.30255889892578,5657600
2017-04-03 00:00:00-04:00,102.45040498101258,102.9267991063032,102.08078139421399,102.41754913330078,4956400
2017-04-04 00:00:00-04:00,102.26969962438713,102.4832532318235,102.03149943152769,102.40933227539062,5358500
2017-04-05 00:00:00-04:00,102.44216948193728,103.16497919085283,102.1875445450737,102.50788116455078,5646300
2017-04-06 00:00:00-04:00,102.54896234485739,103.05000303677416,102.26148152161299,102.71324157714844,4324200
2017-04-07 00:00:00-04:00,102.7707321652715,103.05821297291665,102.53253199133361,102.60645294189453,3615100
2017-04-10 00:00:00-04:00,102.56538589292256,102.63109131441695,102.03970492129847,102.13005065917969,4594200
2017-04-11 00:00:00-04:00,102.06434998620655,102.49967897359151,101.80971874960247,102.031494140625,4161500
2017-04-12 00:00:00-04:00,102.29433216668208,103.04999779696149,102.14648399844378,103.00071716308594,5556600
2017-04-13 00:00:00-04:00,102.77893274303024,103.2060524211128,102.63930011491563,102.6639404296875,5396500
2017-04-17 00:00:00-04:00,102.68859713836,103.3374860195934,102.61467618224317,103.26356506347656,5367500
2017-04-18 00:00:00-04:00,101.1772851318938,101.33334886904503,99.3456104693628,100.06021118164062,13485700
2017-04-19 00:00:00-04:00,100.29016894748406,100.43801711490647,99.4770071599666,99.69056701660156,6993100
2017-04-20 00:00:00-04:00,100.09302653874212,100.33122667979539,99.674122410227,100.10124206542969,6330100
2017-04-21 00:00:00-04:00,100.02733482422249,100.24089469445103,99.83020601064877,100.01091003417969,6021700
2017-04-24 00:00:00-04:00,100.63515975084358,101.20191218164622,100.33125411302619,100.93907165527344,5679000
2017-04-25 00:00:00-04:00,101.30867928624946,101.64544700754107,101.03762952352102,101.38260650634766,5090000
2017-04-26 00:00:00-04:00,101.67830313730497,102.06435149533161,101.42367816354776,101.44831848144531,5021800
2017-04-27 00:00:00-04:00,101.50580518463013,102.10540708629131,101.35795702441304,101.63722229003906,4225200
2017-04-28 00:00:00-04:00,101.7275798047456,101.76865117738059,101.13618713182687,101.41545867919922,4381800
2017-05-01 00:00:00-04:00,101.35797984103708,101.67010101992953,101.02942760363767,101.3086929321289,4556400
2017-05-02 00:00:00-04:00,101.45652195162982,101.63722596137937,100.93905650548375,101.6043701171875,4881600
2017-05-03 00:00:00-04:00,101.51402968589582,101.6043817010716,101.06227587662919,101.30047607421875,3736500
2017-05-04 00:00:00-04:00,101.5961769087129,101.80973052978516,101.21834404072449,101.80973052978516,3753700
2017-05-05 00:00:00-04:00,101.68651866547478,101.68651866547478,100.9144219494215,101.44831848144531,4139800
2017-05-08 00:00:00-04:00,101.46475641416578,101.68653183719465,101.04585215581002,101.23477172851562,3608600
2017-05-09 00:00:00-04:00,101.21833535346265,101.41546416623056,100.93084826268664,101.201904296875,3762500
2017-05-10 00:00:00-04:00,100.95549480045719,101.07869639174717,100.52015953365539,100.87335205078125,4237400
2017-05-11 00:00:00-04:00,100.6187561423749,101.20193348720645,100.48733271821433,101.19371795654297,4095900
2017-05-12 00:00:00-04:00,101.11976287876281,101.93292467503072,101.03762639966907,101.55509185791016,4097100
2017-05-15 00:00:00-04:00,102.18756046138886,104.61062116901604,102.12184876854037,104.30670928955078,9854600
2017-05-16 00:00:00-04:00,104.59418755874582,105.44020521702495,104.36420290600334,104.94738006591797,7233800
2017-05-17 00:00:00-04:00,104.94739055975762,105.04595810647965,103.86317261226505,104.04387664794922,6480800
2017-05-18 00:00:00-04:00,103.87137140093918,105.02951638847644,103.4606827557038,104.29027557373047,6571300
2017-05-19 00:00:00-04:00,104.33957409713689,104.63527047373886,103.85496442063572,104.31493377685547,6957200
2017-05-22 00:00:00-04:00,104.01100880244508,104.84881718641867,104.01100880244508,104.52848052978516,4858200
2017-05-23 00:00:00-04:00,104.56954642390065,105.2595003767356,104.56954642390065,104.74203491210938,3972500
2017-05-24 00:00:00-04:00,104.9638256269067,105.1363141402996,104.55313689979614,104.73384094238281,3965200
2017-05-25 00:00:00-04:00,104.79172373200716,105.51933324847273,104.45272900488357,105.44491577148438,5294300
2017-05-26 00:00:00-04:00,105.19687161240287,105.56067006031667,104.8661405894334,104.9405517578125,4005200
2017-05-30 00:00:00-04:00,104.75861717395564,105.32912785548234,104.33694139977018,105.09761810302734,3665400
2017-05-31 00:00:00-04:00,105.29607142052944,106.49497041853733,105.29607142052944,106.04021453857422,8813500
2017-06-01 00:00:00-04:00,106.09809959110606,106.47843170166016,105.9327246390347,106.47843170166016,5790900
2017-06-02 00:00:00-04:00,106.70167098995027,107.60290638611845,106.51976864734097,107.55329895019531,6562600
2017-06-05 00:00:00-04:00,107.46234435827866,107.91710020032667,107.32178575552497,107.78480529785156,4634700
2017-06-06 00:00:00-04:00,107.63598040683766,108.58683591358961,107.51196180942271,108.17342376708984,5619100
2017-06-07 00:00:00-04:00,108.31399063489633,108.71086279319752,107.96672591934048,108.10728454589844,5765200
2017-06-08 00:00:00-04:00,108.10727211896128,108.64470284204273,107.45408650400057,107.94190979003906,8101700
2017-06-09 00:00:00-04:00,107.7930553801709,108.89273296243773,107.74344795209393,108.7521743774414,5992500
2017-06-12 00:00:00-04:00,108.75220301511442,109.00025283715286,108.66125183424494,108.99198913574219,8020700
2017-06-13 00:00:00-04:00,108.93406446820833,109.74434847399436,108.6446710151181,109.15731048583984,5733800
2017-06-14 00:00:00-04:00,109.56249104235553,110.43065914077566,109.56249104235553,109.77747344970703,7329400
2017-06-15 00:00:00-04:00,109.14081016328991,110.25702804104054,108.98371152398627,110.00070190429688,5265000
2017-06-16 00:00:00-04:00,110.56295889959422,111.29056840304655,110.00071175156133,111.0838623046875,12639600
2017-06-19 00:00:00-04:00,110.91848317425368,111.35669907703767,110.37278868346321,110.85234832763672,7488700
2017-06-20 00:00:00-04:00,110.71178951300432,111.42285904918297,110.71178951300432,110.97637939453125,5201200
2017-06-21 00:00:00-04:00,111.03421254588721,111.71221442300765,110.81097910313007,111.5468521118164,5841100
2017-06-22 00:00:00-04:00,111.9933337292932,113.27491374382261,111.84451143131042,112.48943328857422,7311000
2017-06-23 00:00:00-04:00,111.99335792630234,112.86978973623407,111.88587933776073,112.80364227294922,9007100
2017-06-26 00:00:00-04:00,112.84498005924638,113.19224476091131,112.61347025813643,112.7292251586914,5561800
2017-06-27 00:00:00-04:00,112.8615121866317,113.05167823503113,111.6130120882067,111.6295394897461,6120500
2017-06-28 00:00:00-04:00,112.40677250071163,112.61347859674689,110.43893904556629,110.64564514160156,6557900
2017-06-29 00:00:00-04:00,110.29834953740043,110.57120305295527,109.39711413581233,109.66996765136719,5750000
2017-06-30 00:00:00-04:00,109.71958571894034,110.13299788262613,109.37232101540484,109.38058471679688,5264400
2017-07-03 00:00:00-04:00,109.79398230309091,110.23221074544504,109.67822741728124,109.88493347167969,2931000
2017-07-05 00:00:00-04:00,109.95108860463912,110.8440603359871,109.48806902905216,110.49679565429688,4302700
2017-07-06 00:00:00-04:00,110.47196734833749,110.76962452587259,109.47978096199864,109.57073211669922,4282200
2017-07-07 00:00:00-04:00,109.89322147498515,109.96763263456118,108.88449481294006,109.58728790283203,4994100
2017-07-10 00:00:00-04:00,109.75263762073058,109.86011617662558,108.50412513201489,108.76871490478516,4019600
2017-07-11 00:00:00-04:00,108.66951272893361,108.96716998442422,107.88403215971438,108.504150390625,3733100
2017-07-12 00:00:00-04:00,109.17386451427026,109.87667014816955,108.9506310585166,109.33096313476562,5053200
2017-07-13 00:00:00-04:00,109.22346673645444,109.32268158948325,108.30569149693497,109.0250244140625,4424400
2017-07-14 00:00:00-04:00,109.14082503785353,109.96764946995849,108.92585522738851,109.63692474365234,4383100
2017-07-17 00:00:00-04:00,109.72786377134075,109.909753519207,108.93410685332694,109.26483154296875,4939400
2017-07-18 00:00:00-04:00,108.82661400770185,111.57994053373973,108.38013442179695,111.1748046875,10256000
2017-07-19 00:00:00-04:00,111.48895786337985,111.96025365303855,111.22438071366007,111.79489135742188,5503300
2017-07-20 00:00:00-04:00,112.22485347871425,113.34107127825311,112.13390230529748,112.91939544677734,6088600
2017-07-21 00:00:00-04:00,111.89415690427954,112.67137392375778,111.70399080898386,111.87761688232422,6773500
2017-07-24 00:00:00-04:00,111.61301998720464,111.7535786082593,109.84361643931358,109.97589874267578,8306700
2017-07-25 00:00:00-04:00,110.57948920025048,110.67044038018753,108.6860544405621,109.04159545898438,6262900
2017-07-26 00:00:00-04:00,108.85969487145441,109.33925449926315,108.10728169939217,108.27264404296875,5382200
2017-07-27 00:00:00-04:00,108.18996378552433,108.4380009803542,107.13162969979193,108.17342376708984,5838100
2017-07-28 00:00:00-04:00,108.4297490637374,109.1325548357048,107.91712198359203,109.01679992675781,4970900
2017-07-31 00:00:00-04:00,109.25653213906058,110.44716081884361,109.2234647274373,109.73609161376953,5440800
2017-08-01 00:00:00-04:00,110.10817647876783,110.25701139428763,109.37230345024166,109.56246948242188,3837600
2017-08-02 00:00:00-04:00,109.20696197388561,109.5542266879169,108.72740233555527,109.27310943603516,4032100
2017-08-03 00:00:00-04:00,109.06637500754425,110.29833489798736,108.73563778273713,110.25700378417969,4327300
2017-08-04 00:00:00-04:00,110.57948728746469,110.80272076644499,109.8022704207809,110.116455078125,3192800
2017-08-07 00:00:00-04:00,110.04202607345897,110.36448699603177,109.56246653952124,109.85186004638672,3010800
2017-08-08 00:00:00-04:00,109.55419494403093,109.8022447011334,108.64468337343338,109.36402893066406,5535800
2017-08-09 00:00:00-04:00,109.81052646715139,110.30662606297803,109.44672177905676,110.15779113769531,6332300
2017-08-10 00:00:00-04:00,110.00070185404208,110.67044015018921,109.44673107424508,110.04204559326172,5607900
2017-08-11 00:00:00-04:00,110.4967877531185,111.19959338345357,109.76091470532195,110.05030822753906,4270600
2017-08-14 00:00:00-04:00,110.95983178831762,111.10039042214359,109.86015382402601,110.36451721191406,3041100
2017-08-15 00:00:00-04:00,110.67043061034799,110.74484176472632,110.13298727949639,110.28182220458984,3931800
2017-08-16 00:00:00-04:00,110.86058641109112,111.59645941895593,110.67868408408313,110.93499755859375,4469900
2017-08-17 00:00:00-04:00,110.94328112378086,111.40631334037924,109.99243820298432,110.00070190429688,5741400
2017-08-18 00:00:00-04:00,109.69476480441834,110.61254016859843,109.45499133825238,109.66169738769531,4792800
2017-08-21 00:00:00-04:00,109.37232345029797,110.50506876678652,109.29791228709907,110.33970642089844,4660000
2017-08-22 00:00:00-04:00,110.1908621980088,111.44762587009203,109.884928671754,111.37321472167969,4150300
2017-08-23 00:00:00-04:00,111.14999172772659,111.1996117866352,109.67824538856416,109.80227661132812,5129900
2017-08-24 00:00:00-04:00,109.81881495285658,110.0337847394888,109.36405904234789,109.8766860961914,5398400
2017-08-25 00:00:00-04:00,109.76020560391065,110.30105513570325,109.51889412916418,109.56881713867188,4133300
2017-08-28 00:00:00-04:00,109.56881582037754,109.93493481448822,109.41073052437005,109.6187515258789,5349200
2017-08-29 00:00:00-04:00,109.47730102258701,110.20952632929058,109.25263478128515,110.00983428955078,3277900
2017-08-30 00:00:00-04:00,109.83509612093593,109.83509612093593,108.9197985746234,109.06126403808594,5430800
2017-08-31 00:00:00-04:00,109.32752836879322,110.25114221902017,109.21103710374639,110.1429672241211,7407100
2017-09-01 00:00:00-04:00,110.33432421848967,110.37591825395356,108.95306197242255,109.02794647216797,3820800
2017-09-05 00:00:00-04:00,108.76999946752987,109.15275091992194,107.93791563604424,108.08768463134766,5146600
2017-09-06 00:00:00-04:00,108.62023383647909,109.00299804205923,108.34565730448996,108.72840881347656,5601900
2017-09-07 00:00:00-04:00,108.88649103954224,110.26775325134741,108.37891939287127,109.9931640625,3800200
2017-09-08 00:00:00-04:00,109.83507249905492,110.11797797194606,108.89481364884283,108.98634338378906,4854400
2017-09-11 00:00:00-04:00,109.31085211250121,110.95005832473888,109.01963038082262,110.8418960571289,5724200
2017-09-12 00:00:00-04:00,111.35778151309866,111.39938824429831,109.77681460365392,110.35928344726562,5465200
2017-09-13 00:00:00-04:00,110.39256263619114,111.29121471599356,109.71026048277696,110.20950317382812,4679500
2017-09-14 00:00:00-04:00,109.95157167742514,111.89032878745287,109.82676416466099,111.64901733398438,6274500
2017-09-15 00:00:00-04:00,112.1566008967531,112.70577940412538,111.64902913022928,111.87369537353516,15522000
2017-09-18 00:00:00-04:00,111.86538380774144,112.9720571385514,111.59079454250931,112.64754486083984,5260800
2017-09-19 00:00:00-04:00,112.34795955665157,112.98865494866556,111.79046492766459,112.51437377929688,4903800
2017-09-20 00:00:00-04:00,110.87517359707222,111.74053521913426,110.11797424239793,110.85021209716797,8705500
2017-09-21 00:00:00-04:00,110.92510114170159,111.34947205064519,109.31918533130124,109.6270523071289,6051800
2017-09-22 00:00:00-04:00,109.82674712704687,110.15957557384793,109.22764576553188,109.3274917602539,4334900
2017-09-25 00:00:00-04:00,109.39405975072401,109.63535846964062,108.8615266190471,109.1444320678711,6017400
2017-09-26 00:00:00-04:00,109.41903656259366,109.78515552247093,108.85322558576017,108.95307159423828,4516200
2017-09-27 00:00:00-04:00,109.00298784142055,109.07787234313707,107.69661006071247,107.96288299560547,5796100
2017-09-28 00:00:00-04:00,108.09600781374134,108.39555848491774,107.58010723213194,107.72988891601562,3992700
2017-09-29 00:00:00-04:00,107.82141691981651,108.56197097054712,107.38041353548205,108.17920684814453,5736900
2017-10-02 00:00:00-04:00,108.30402837663189,109.27756488035702,108.18753715473122,109.18603515625,4492900
2017-10-03 00:00:00-04:00,109.54383366577171,110.16789655265592,109.30253493601026,109.91828155517578,3900800
2017-10-04 00:00:00-04:00,110.1679197042238,110.81694422724723,109.91830465428757,110.57564544677734,3589000
2017-10-05 00:00:00-04:00,110.57561341464981,110.92508707991777,110.1346100253885,110.82524108886719,3741100
2017-10-06 00:00:00-04:00,110.66715263347547,110.87517359707222,110.23446547414845,110.85021209716797,2469500
2017-10-09 00:00:00-04:00,111.21634630831454,111.34948279049465,110.80862059286059,111.0416030883789,3750500
2017-10-10 00:00:00-04:00,111.13314823058793,111.6074422528466,110.60061492467736,111.41605377197266,4184600
2017-10-11 00:00:00-04:00,112.23147486284523,114.06205681166338,111.80710396932193,113.70425415039062,8269400
2017-10-12 00:00:00-04:00,113.44628596139428,114.42815130669042,113.18002578583913,113.85401153564453,5172800
2017-10-13 00:00:00-04:00,113.66268280333227,114.34498510106098,113.44633283118361,113.5212173461914,4106600
2017-10-16 00:00:00-04:00,113.53784910672948,114.21183505499829,112.78064968726495,113.26325988769531,5120100
2017-10-17 00:00:00-04:00,114.55298084854549,117.4236675602177,114.04540919775306,117.14907836914062,11717300
2017-10-18 00:00:00-04:00,117.14909352393789,117.80644695335154,116.55000476187813,117.05756378173828,6827700
2017-10-19 00:00:00-04:00,117.08252573344211,118.97134695742459,116.94106030399175,118.1891860961914,9181300
2017-10-20 00:00:00-04:00,118.47209884935374,119.5038746646448,118.0144502071239,118.48873138427734,5634500
2017-10-23 00:00:00-04:00,118.26408650042738,120.1113137387066,118.22247976690727,119.5038833618164,6686000
2017-10-24 00:00:00-04:00,119.30419192506211,119.30419192506211,117.26557624217591,117.85636138916016,6585800
2017-10-25 00:00:00-04:00,117.45698419074513,119.17939152282574,117.29056992481672,118.45548248291016,6563600
2017-10-26 00:00:00-04:00,118.58026652748092,119.6120550864783,117.64002039770115,117.99781036376953,5841100
2017-10-27 00:00:00-04:00,117.32381501155763,118.73835492273336,116.65814543671284,117.97283935546875,5140100
2017-10-30 00:00:00-04:00,117.39037405820648,117.4985490059289,115.92591126534889,116.4917221069336,6034300
2017-10-31 00:00:00-04:00,116.50838035529482,116.70807234683134,115.64300606999818,116.00080871582031,4832100
2017-11-01 00:00:00-04:00,116.35029015322033,116.98266932955798,115.9425644823361,116.47509765625,5006800
2017-11-02 00:00:00-04:00,116.58328391199693,116.73305293013463,115.75119995364896,116.43350219726562,3494100
2017-11-03 00:00:00-04:00,116.2670694153628,116.82456405501644,115.90927946465929,116.55830383300781,2737000
2017-11-06 00:00:00-05:00,116.50005128986984,116.89946066577835,116.25875256810937,116.29203033447266,4220700
2017-11-07 00:00:00-05:00,116.55833617698045,116.61657545871543,115.58479935430925,116.3003921508789,4201900
2017-11-08 00:00:00-05:00,116.24214122001794,118.04776211559447,116.04244917044704,117.59012603759766,4440700
2017-11-09 00:00:00-05:00,117.20734775309526,117.6649964729115,116.32534078213689,116.78298950195312,3517100
2017-11-10 00:00:00-05:00,116.59990420071489,116.59990420071489,115.33513329956607,116.1256103515625,4240800
2017-11-13 00:00:00-05:00,115.66796746828108,116.5083802539043,115.17704106072567,116.29203033447266,4322300
2017-11-14 00:00:00-05:00,116.13396631278154,116.72473882406233,115.59310411187782,116.06739807128906,4078200
2017-11-15 00:00:00-05:00,115.85102114444638,116.35027649112621,115.45162448505702,115.74285888671875,4811500
2017-11-16 00:00:00-05:00,116.00916246131389,116.22549975423244,115.3601378859626,115.551513671875,4193800
2017-11-17 00:00:00-05:00,115.07720338744178,115.5431683297755,114.73604594873589,114.82757568359375,4247400
2017-11-20 00:00:00-05:00,114.95236944539073,115.29352684331342,114.61122474405894,114.7693099975586,4266300
2017-11-21 00:00:00-05:00,115.20198809076612,115.87597387014863,114.98565089509702,115.11045837402344,5660600
2017-11-22 00:00:00-05:00,115.07720638636967,115.14377462223675,113.66266628982424,114.2367935180664,3917000
2017-11-24 00:00:00-05:00,114.41156392035356,115.14380199235447,114.25346590966284,114.83592224121094,2606800
2017-11-27 00:00:00-05:00,115.12054111230101,115.79028722450286,115.09542675084859,115.61448669433594,3933100
2017-11-28 00:00:00-05:00,115.7819056719137,117.64881202966751,115.74004414990227,117.22185516357422,5052800
2017-11-29 00:00:00-05:00,117.38927469331615,117.73252124942528,116.3260534759169,117.04602813720703,5851400
2017-11-30 00:00:00-05:00,117.25530987201174,117.43949030722112,115.93256528020808,116.64417266845703,8941900
2017-12-01 00:00:00-05:00,116.84512829574689,117.64881332007202,116.03306330232175,117.18836212158203,5990500
2017-12-04 00:00:00-05:00,117.72417941658072,118.46090147822888,116.30934399107267,116.3763198852539,5916700
2017-12-05 00:00:00-05:00,117.02929807344103,117.88322460446015,116.5353653128327,116.92884063720703,6745300
2017-12-06 00:00:00-05:00,117.90834118135814,118.84599077643824,117.3641796923972,118.09252166748047,5591700
2017-12-07 00:00:00-05:00,117.21346282958984,118.46086451761964,116.58557838868373,117.21346282958984,4713100
2017-12-08 00:00:00-05:00,117.20511811425283,117.84136987096633,117.0376847861013,117.69905090332031,5101300
2017-12-11 00:00:00-05:00,117.95856485068657,118.18460685113155,117.06278959229702,118.15949249267578,4358600
2017-12-12 00:00:00-05:00,119.38177490234375,120.1938398562605,118.91294375756321,119.38177490234375,8016700
2017-12-13 00:00:00-05:00,119.2980504491513,120.0766210677667,119.05527407245665,119.62454986572266,6118400
2017-12-14 00:00:00-05:00,120.1520136457869,120.2357239369128,118.5529976254306,118.58647918701172,5337900
2017-12-15 00:00:00-05:00,119.28130653251156,119.83384795231336,118.69528356045332,119.26457214355469,12517000
2017-12-18 00:00:00-05:00,119.3482955197025,120.38640259446849,118.37716433114826,118.71204376220703,5833200
2017-12-19 00:00:00-05:00,118.78737221783118,119.19759467998948,118.34366820386155,118.69528198242188,6580100
2017-12-20 00:00:00-05:00,119.09714400320185,119.36504755898842,118.1092783835143,118.17625427246094,6289800
2017-12-21 00:00:00-05:00,118.53622571831781,119.02179129315452,118.05904011288713,118.09252166748047,6284700
2017-12-22 00:00:00-05:00,118.04228678640222,118.33530466475811,117.23858900033709,117.3055648803711,4665600
2017-12-26 00:00:00-05:00,117.59020630173019,117.65716940214669,116.93719471642093,117.28044128417969,3271100
2017-12-27 00:00:00-05:00,117.55673506090291,118.16787247335787,117.37255456273657,117.68231964111328,3753600
2017-12-28 00:00:00-05:00,117.79113190507054,118.0422882647578,117.48137963358401,117.6739273071289,2485000
2017-12-29 00:00:00-05:00,118.02553683898932,118.21809727992385,116.85349090189615,116.97069549560547,4452900
2018-01-02 00:00:00-05:00,116.92047197634638,117.1632483689824,116.13352133746454,116.56047821044922,6842100
2018-01-03 00:00:00-05:00,116.669314642723,117.77438474126656,116.28420652129012,117.6739273071289,5350500
2018-01-04 00:00:00-05:00,117.58186531411688,118.15952124786347,117.38931759431674,117.66558837890625,4837600
2018-01-05 00:00:00-05:00,117.78274659179309,118.72876319887378,117.4395000455003,118.63667297363281,6158800
2018-01-08 00:00:00-05:00,118.62833314236316,118.87948954839082,117.97533415129851,118.78739929199219,5129800
2018-01-09 00:00:00-05:00,119.18918700319148,121.96024784130279,119.09709678919052,120.6709976196289,8897000
2018-01-10 00:00:00-05:00,120.17710323235174,120.68778316800864,119.98455555068088,120.52871704101562,6558600
2018-01-11 00:00:00-05:00,120.66266602945532,121.30728494332118,120.29430506476434,121.21519470214844,4962200
2018-01-12 00:00:00-05:00,121.38265609035379,122.5798166021124,121.30730022946702,122.02727508544922,5450600
2018-01-16 00:00:00-05:00,122.57980491755882,123.95277860805199,122.25330546598859,122.94816589355469,8804000
2018-01-17 00:00:00-05:00,123.76861993377669,124.17047530987598,121.79287571149939,123.04864501953125,10619700
2018-01-18 00:00:00-05:00,123.00677265242824,123.43374235513002,122.20308751971584,122.99840545654297,5554800
2018-01-19 00:00:00-05:00,123.45050620964005,123.60955959903087,122.57983229476572,123.36678314208984,8738800
2018-01-22 00:00:00-05:00,123.07375086023907,124.01976776123047,122.83097443154537,124.01976776123047,7010400
2018-01-23 00:00:00-05:00,123.0318942796433,123.43373682800576,118.56134642852666,118.7371597290039,17473600
2018-01-24 00:00:00-05:00,120.13525561987821,120.18548434488329,118.71205305590547,118.93809509277344,13034400
2018-01-25 00:00:00-05:00,119.13902303832133,121.10640014541227,119.0553127455951,120.88872528076172,7938800
2018-01-26 00:00:00-05:00,120.97242926470446,121.89333175984831,120.66267695922176,121.66728973388672,8065600
2018-01-29 00:00:00-05:00,121.26543793187437,121.3407810100015,120.16035502196911,120.28592681884766,8013400
2018-01-30 00:00:00-05:00,120.0514981751403,120.40312469814829,119.23943328857422,119.23943328857422,8376100
2018-01-31 00:00:00-05:00,119.35667694034916,119.35667694034916,115.61448388280698,115.68982696533203,13137400
2018-02-01 00:00:00-05:00,115.1372740010982,117.7660166266937,114.69356997133174,117.22185516357422,9393600
2018-02-02 00:00:00-05:00,116.38466254153201,117.50647966712091,115.01168908687386,115.26283264160156,9262500
2018-02-05 00:00:00-05:00,114.3419630438866,114.69357685607156,102.26146414582226,109.15982055664062,19954100
2018-02-06 00:00:00-05:00,108.84167635596954,111.33647987120318,107.15895055923235,110.36534881591797,19193500
2018-02-07 00:00:00-05:00,110.41558530659584,111.70483590060205,109.96351407279565,110.02210998535156,10550400
2018-02-08 00:00:00-05:00,109.59515661978422,109.87979454552634,105.57669300725053,105.7859878540039,11680200
2018-02-09 00:00:00-05:00,106.75713244356082,109.60354416534389,105.015803849505,108.43986511230469,15030900
2018-02-12 00:00:00-05:00,108.83332991698268,109.938412937056,106.89107382318188,109.05937194824219,9963900
2018-02-13 00:00:00-05:00,108.17197344141184,109.3356524851998,107.7450037025725,108.79985809326172,6339000
2018-02-14 00:00:00-05:00,108.36451254059367,108.8416981953935,107.4854715430367,108.55706024169922,6259700
2018-02-15 00:00:00-05:00,108.91704830444894,109.90491389428377,108.33101248746165,109.86305236816406,5606400
2018-02-16 00:00:00-05:00,109.63699385763273,112.55874109551564,109.53652366689319,111.47040557861328,7970100
2018-02-20 00:00:00-05:00,111.23599627936863,111.72156174856524,109.38583739994901,109.56163787841797,6563500
2018-02-21 00:00:00-05:00,109.50306182981835,110.86765548744062,108.71611119480379,108.75797271728516,6578000
2018-02-22 00:00:00-05:00,108.91703883810851,109.6872423092619,108.3979789531571,108.75797271728516,5732200
2018-02-23 00:00:00-05:00,108.90863634535998,110.57462751056342,108.85004044547892,110.52439880371094,5126800
2018-02-26 00:00:00-05:00,110.9709846101588,112.40330049782354,110.37277536179977,111.27429962158203,6684400
2018-02-27 00:00:00-05:00,111.3922500441701,112.13367670824735,110.87829998695214,110.93727111816406,7158600
2018-02-28 00:00:00-05:00,111.17317441591494,111.49334379896074,109.42068929505533,109.42912292480469,7985900
2018-03-01 00:00:00-05:00,108.78039111791031,109.63135229025303,106.59820814814562,107.23854064941406,9424000
2018-03-02 00:00:00-05:00,106.9267787792742,108.78036462918152,106.9267787792742,108.5360336303711,6910400
2018-03-05 00:00:00-05:00,108.37597256686834,109.78301345059702,107.9968191131434,109.35330963134766,5799800
2018-03-06 00:00:00-05:00,109.53022280307118,109.69872826692428,107.77773769548492,108.03050231933594,5546500
2018-03-07 00:00:00-05:00,107.40702037229394,108.96571835288849,107.23008128537303,108.72137451171875,6391700
2018-03-08 00:00:00-05:00,108.96573026662827,111.46807579608594,108.96573026662827,111.26586151123047,6423400
2018-03-09 00:00:00-05:00,111.64499614157043,112.74873459153744,110.84458553091622,112.73188018798828,7557800
2018-03-12 00:00:00-04:00,112.73187948389811,113.09416559301262,111.484923608052,111.74610900878906,4942000
2018-03-13 00:00:00-04:00,112.73188229722238,114.07151814122729,112.43698808223817,113.19528198242188,9152300
2018-03-14 00:00:00-04:00,113.94515572850084,114.33271707021719,111.13106133290498,111.48493957519531,6770600
2018-03-15 00:00:00-04:00,111.6787227583344,113.10261796594914,111.61131798953159,112.10841369628906,6147200
2018-03-16 00:00:00-04:00,112.19267897361921,113.23742080652472,111.29958823665967,112.63079071044922,14233500
2018-03-19 00:00:00-04:00,112.35275321815053,112.45385393934798,108.99101282074452,109.73245239257812,6017000
2018-03-20 00:00:00-04:00,110.18741413789043,111.02995439761196,109.00786291673792,110.54971313476562,6214300
2018-03-21 00:00:00-04:00,110.70978605906346,111.87249574272596,110.0863144887528,110.5328598022461,5158700
2018-03-22 00:00:00-04:00,109.92622955958869,110.1031558160499,107.08686654838917,107.3227767944336,7560100
2018-03-23 00:00:00-04:00,107.53340488144399,107.67664160273587,105.23327370373053,105.40177917480469,8452500
2018-03-26 00:00:00-04:00,106.505513818312,107.45758196641724,105.4944616830146,107.3311996459961,8358200
2018-03-27 00:00:00-04:00,107.09528980360372,108.77194949975522,106.48865980580739,107.1795425415039,7789900
2018-03-28 00:00:00-04:00,107.5333942355523,108.70453092743944,107.1795289244865,107.3817367553711,6868500
2018-03-29 00:00:00-04:00,107.81987602667569,108.48547716256883,106.85095346069942,107.97152709960938,6119400
2018-04-02 00:00:00-04:00,107.69347512325665,107.74402547217933,104.08740453049916,104.94679260253906,8916900
2018-04-03 00:00:00-04:00,105.4691877144583,108.25800028560936,105.04791759360299,108.14004516601562,8035000
2018-04-04 00:00:00-04:00,106.91835346280864,110.47386773373879,106.48865615774473,109.87567138671875,7717100
2018-04-05 00:00:00-04:00,109.8756686008346,110.54126969021816,109.10895394708349,110.12843322753906,5621700
2018-04-06 00:00:00-04:00,109.71557081856803,110.06943611127748,106.50549515400104,107.92938995361328,6399300
2018-04-09 00:00:00-04:00,108.39279971897761,110.49072960257212,107.57554106324845,109.09210968017578,6395800
2018-04-10 00:00:00-04:00,109.74085998535156,110.29693959743113,108.93201574449554,109.74085998535156,6019300
2018-04-11 00:00:00-04:00,108.80564887356641,109.8251282468507,108.71296893054057,109.21849822998047,4575400
2018-04-12 00:00:00-04:00,109.60605649435016,110.63395661337427,109.41227583929788,109.89251708984375,4559800
2018-04-13 00:00:00-04:00,110.44860728293234,110.72664713081562,109.21850561718264,110.0526123046875,4742300
2018-04-16 00:00:00-04:00,110.71822590317892,111.956761194984,110.60869154823924,111.01310729980469,6379600
2018-04-17 00:00:00-04:00,111.3079856216715,111.38381115371037,108.52760040829237,109.98519134521484,11008700
2018-04-18 00:00:00-04:00,109.2690351817682,109.44596141556305,106.95204974655223,107.6092300415039,9383600
2018-04-19 00:00:00-04:00,107.53340174759121,108.07263338107134,106.90992380910087,107.46600341796875,5959500
2018-04-20 00:00:00-04:00,107.84515690675225,108.09792156448135,106.30330663636369,106.71615600585938,7743900
2018-04-23 00:00:00-04:00,106.90149815311418,107.2553699220885,105.97470521967158,106.859375,7501900
2018-04-24 00:00:00-04:00,106.95204977216692,107.39016782621587,105.57870519990801,106.32014465332031,6577500
2018-04-25 00:00:00-04:00,106.08424188094497,106.87622531438119,105.5534374299038,106.80039978027344,5859600
2018-04-26 00:00:00-04:00,106.68243751967735,108.87304065306867,106.68243751967735,107.85356140136719,8211100
2018-04-27 00:00:00-04:00,107.61765937011538,108.51074347046996,107.42387230153375,108.0726318359375,4266800
2018-04-30 00:00:00-04:00,108.56971350750466,108.6708142015419,106.57289123535156,106.57289123535156,8219400
2018-05-01 00:00:00-04:00,106.42967294190626,106.69928553645923,105.29224500951317,106.16848754882812,5122600
2018-05-02 00:00:00-04:00,105.75563149742531,106.31171105401957,103.80093870454972,104.05370330810547,7390800
2018-05-03 00:00:00-04:00,103.88521193278052,104.21380210507984,102.18327708480133,103.65772247314453,7282900
2018-05-04 00:00:00-04:00,103.29543605518133,104.90469106007617,102.6214076944664,104.63507843017578,6127600
2018-05-07 00:00:00-04:00,104.5929391676692,105.51973209544386,103.90205646572028,104.1295394897461,6707900
2018-05-08 00:00:00-04:00,103.51448330402175,104.04528128421498,102.52871287163238,103.30384826660156,5951800
2018-05-09 00:00:00-04:00,103.62402451404527,104.51712155846332,103.23645676679942,104.06214904785156,6808600
2018-05-10 00:00:00-04:00,104.66033583809886,106.20218581668829,104.47497598125366,105.6124038696289,4948000
2018-05-11 00:00:00-04:00,105.96627599856136,107.50812607634862,105.95785522494194,107.2048110961914,5716700
2018-05-14 00:00:00-04:00,107.29750241772255,107.5165646884337,105.82305694084121,106.21062469482422,6101600
2018-05-15 00:00:00-04:00,105.77250758877213,106.01684504149372,104.81201218321672,105.42706298828125,5875700
2018-05-16 00:00:00-04:00,105.68823582382514,106.07580351174191,105.31751611013473,105.6124038696289,3818100
2018-05-17 00:00:00-04:00,105.7303677061673,105.8146204404,104.09584409222377,104.34860229492188,6473400
2018-05-18 00:00:00-04:00,104.289632568356,104.8457122265719,103.86836243749137,104.67720031738281,5433900
2018-05-21 00:00:00-04:00,104.99738522830803,105.30912105719361,103.90208015516531,104.23909759521484,5558700
2018-05-22 00:00:00-04:00,104.30649336021425,104.67720672698567,103.43025066299302,103.55663299560547,7172700
2018-05-23 00:00:00-04:00,103.52290541405621,104.44969824751053,103.41337108601911,104.0115737915039,4940800
2018-05-24 00:00:00-04:00,103.8178221071139,103.961052422706,102.4107812768494,103.00055694580078,6923600
2018-05-25 00:00:00-04:00,103.17877436558864,104.23127724121264,102.81379488750433,103.10238647460938,4594800
2018-05-29 00:00:00-04:00,102.27906446244047,102.53370372774891,100.68334363031146,101.34539794921875,9821900
2018-05-30 00:00:00-04:00,101.95652450803921,103.19575551897911,101.46422539423222,102.67799377441406,6423700
2018-05-31 00:00:00-04:00,102.63557216741093,102.91567411299042,101.46424558918754,101.53215026855469,10337500
2018-06-01 00:00:00-04:00,102.17722529680307,102.97508909001216,101.82922514759797,102.92416381835938,5741000
2018-06-04 00:00:00-04:00,103.42491855397732,103.86629237589341,102.72042226467524,103.50979614257812,4853000
2018-06-05 00:00:00-04:00,103.59468740267239,104.02756507732795,102.61857887659967,103.11087799072266,5125400
2018-06-06 00:00:00-04:00,103.52677933650338,104.22278594970703,103.09389520032026,104.22278594970703,6799300
2018-06-07 00:00:00-04:00,104.4010351924608,104.8169399422139,103.78141644321008,104.68113708496094,7414100
2018-06-08 00:00:00-04:00,104.70660108216501,105.97129475242349,104.68113845083192,105.30075073242188,6208100
2018-06-11 00:00:00-04:00,105.47899381814563,105.53840878215213,104.0190823488794,104.1124496459961,5571400
2018-06-12 00:00:00-04:00,104.5368487017787,104.55382163120886,103.50980838824721,104.0105972290039,5227300
2018-06-13 00:00:00-04:00,104.52836425276124,105.32622149099294,103.94269778392689,104.08699035644531,5836900
2018-06-14 00:00:00-04:00,104.15487843465911,104.52834759884738,103.62862701927973,103.9002456665039,5239200
2018-06-15 00:00:00-04:00,103.63711557527726,104.17185668640731,102.90715665829411,104.06999969482422,13173500
2018-06-18 00:00:00-04:00,103.22122433973105,103.39097953879492,102.06687085400858,102.9750747680664,6787400
2018-06-19 00:00:00-04:00,102.4148580456002,104.54531323630863,102.33846368745927,104.03604125976562,8572400
2018-06-20 00:00:00-04:00,103.90874199945466,104.11245601056926,103.26366705816251,103.5862045288086,6277200
2018-06-21 00:00:00-04:00,103.40793969721982,103.75593973325256,102.79681073314379,103.08539581298828,4417200
2018-06-22 00:00:00-04:00,103.28063648745056,104.72357506733903,103.25517385586069,104.26522827148438,9501400
2018-06-25 00:00:00-04:00,104.24825622480436,104.76601799066681,103.1363447976632,104.05303192138672,8170500
2018-06-26 00:00:00-04:00,103.96814938461873,104.30766623596938,103.21272779012985,103.84931945800781,5496400
2018-06-27 00:00:00-04:00,103.66258165449408,104.37556766781653,103.0854049678026,103.2212142944336,5666000
2018-06-28 00:00:00-04:00,103.36552673037409,103.90026796216405,102.76288729795297,103.55226135253906,5296800
2018-06-29 00:00:00-04:00,103.75596153652174,104.5538252379223,102.86473700641614,102.99205017089844,7308700
2018-07-02 00:00:00-04:00,102.99204100834248,103.32307463378419,101.94803429799094,103.19575500488281,5481400
2018-07-03 00:00:00-04:00,103.25517774704856,104.79148368449292,102.9241505724141,104.15489196777344,4248100
2018-07-05 00:00:00-04:00,104.9102966540698,106.20045928439312,104.59624893575348,106.09860229492188,7319100
2018-07-06 00:00:00-04:00,106.23442424996524,106.87949916610872,105.76758775404315,106.7352066040039,7297900
2018-07-09 00:00:00-04:00,107.1341225578144,107.58397958227597,106.60787117454626,106.98983001708984,6706100
2018-07-10 00:00:00-04:00,107.26146407310041,108.23756620439028,107.04077712850851,108.11873626708984,5075600
2018-07-11 00:00:00-04:00,108.14421111234502,108.1696737465821,106.99834076570626,107.151123046875,4827400
2018-07-12 00:00:00-04:00,108.3988497659046,108.82325077043905,107.94050289772413,108.44129180908203,6199000
2018-07-13 00:00:00-04:00,106.370238673153,108.22059897744424,106.370238673153,106.88800048828125,8250200
2018-07-16 00:00:00-04:00,106.94740643421846,107.03228403306473,105.38563789306082,105.83549499511719,7314400
2018-07-17 00:00:00-04:00,109.09483619913141,110.8008972243163,108.2715099306291,109.5871353149414,12858700
2018-07-18 00:00:00-04:00,109.33249950886086,109.53621351368061,107.94048618798718,108.47522735595703,7152000
2018-07-19 00:00:00-04:00,108.24606344734745,108.39035602758524,106.83707703160566,106.89649200439453,5984600
2018-07-20 00:00:00-04:00,106.3532384084293,107.06621788656219,106.20045616658018,106.820068359375,5835500
2018-07-23 00:00:00-04:00,106.73520766226683,107.52458162408718,106.48056839364907,107.48213958740234,4631100
2018-07-24 00:00:00-04:00,107.99989688145475,110.0200121145789,107.92350898947835,109.79933166503906,7158800
2018-07-25 00:00:00-04:00,109.6126080255338,109.68899592514323,108.34791426239178,109.17123413085938,6523000
2018-07-26 00:00:00-04:00,110.25767153171326,111.3780790822259,110.21524244844375,110.58021545410156,7640600
2018-07-27 00:00:00-04:00,110.32555285772185,112.26928625572107,110.29160700798934,111.65815734863281,6620400
2018-07-30 00:00:00-04:00,111.8534058138614,112.45605166173213,111.40354871042624,112.18443298339844,11013100
2018-07-31 00:00:00-04:00,112.27777712214328,112.58334159648477,111.84489951327983,112.48149108886719,7598900
2018-08-01 00:00:00-04:00,112.37117677045669,112.85499272396932,112.10805424899928,112.5833740234375,5770400
2018-08-02 00:00:00-04:00,112.79557027283968,112.88893758138022,111.2677474746729,111.40355682373047,6563300
2018-08-03 00:00:00-04:00,111.34413240987713,112.63429528856219,111.10647253110515,111.9977035522461,6498700
2018-08-06 00:00:00-04:00,111.73456972258703,112.48999132177272,111.19982857376779,112.05711364746094,5840000
2018-08-07 00:00:00-04:00,111.93829217714642,112.18443527686341,111.44599302622078,111.58180236816406,4664600
2018-08-08 00:00:00-04:00,111.60725862197562,111.87038111226977,111.09798009454173,111.33563995361328,3721500
2018-08-09 00:00:00-04:00,111.6496843560211,111.80247309026284,110.91124216974265,111.36109924316406,4057800
2018-08-10 00:00:00-04:00,111.35261805362316,111.72608724250023,110.56323764049831,110.9791488647461,4324000
2018-08-13 00:00:00-04:00,110.953683686588,111.10645946862626,110.21524150375538,110.52928924560547,3778000
2018-08-14 00:00:00-04:00,110.06246731848039,110.7415011041064,109.7908615751253,109.91817474365234,4542800
2018-08-15 00:00:00-04:00,110.13037211945446,110.97067788718057,109.43435892672314,110.7075424194336,5377300
2018-08-16 00:00:00-04:00,111.20833848336497,112.78708654251702,110.82638602339915,112.44756317138672,7861500
2018-08-17 00:00:00-04:00,112.42207776634037,114.58649186973327,112.20139733342384,114.13663482666016,6700900
2018-08-20 00:00:00-04:00,114.52709442339919,116.3859444197605,113.7377268641183,116.18224334716797,7935000
2018-08-21 00:00:00-04:00,116.28407957658243,116.64905258773494,114.84114103344855,114.88358306884766,5832100
2018-08-22 00:00:00-04:00,115.06184016156351,115.16369070186046,114.09422117426372,114.2554931640625,4688400
2018-08-23 00:00:00-04:00,114.2554761487764,115.00241453703205,113.82259846548693,114.67987060546875,5057600
2018-08-24 00:00:00-04:00,114.67987318826025,115.56260797940504,114.44221332327929,115.39285278320312,4809400
2018-08-27 00:00:00-04:00,115.77735634464008,116.2473039410534,114.6751274710549,115.28177642822266,4325900
2018-08-28 00:00:00-04:00,115.16215686907552,115.26468615112202,114.40170093902384,114.76911926269531,6037500
2018-08-29 00:00:00-04:00,114.76911971752651,115.29887172727007,114.4444262726886,115.23051452636719,4648700
2018-08-30 00:00:00-04:00,115.09376936970445,115.86277789601841,115.0083326697581,115.30738067626953,4821900
2018-08-31 00:00:00-04:00,115.00839964478693,115.35017271920248,114.47009466666573,115.08529663085938,6139500
2018-09-04 00:00:00-04:00,115.08525996950883,115.13652461055969,114.01720315493964,114.2564468383789,4406800
2018-09-05 00:00:00-04:00,114.05139905396906,116.15334104062755,114.0343195285873,116.0849838256836,6174800
2018-09-06 00:00:00-04:00,115.77735854599241,117.32390272539227,115.50392974367936,116.94794464111328,6562000
2018-09-07 00:00:00-04:00,116.87105063995386,117.64859914869845,115.9909728466463,117.33245849609375,6375200
2018-09-10 00:00:00-04:00,117.51191070488579,118.31509171221039,117.11032020122349,117.23849487304688,4892200
2018-09-11 00:00:00-04:00,117.60588732225261,118.69103684294531,117.24702174864342,118.34925079345703,7856800
2018-09-12 00:00:00-04:00,118.68247271651562,119.61382820440738,118.391964380529,119.07552337646484,6767700
2018-09-13 00:00:00-04:00,119.52838134765625,120.03250106727023,118.78501792931684,119.52838134765625,6456100
2018-09-14 00:00:00-04:00,119.62234689989748,119.92140798226767,118.85335131351859,119.18658447265625,4534800
2018-09-17 00:00:00-04:00,119.0498985682604,119.96414851575345,118.92172391466879,119.58820343017578,5295500
2018-09-18 00:00:00-04:00,119.85304176911251,120.34006879374503,119.47708376396452,120.08373260498047,4581200
2018-09-19 00:00:00-04:00,120.27172693118072,120.46825875569344,119.66507801287261,120.0154037475586,5049900
2018-09-20 00:00:00-04:00,120.32300124535612,121.4508623352003,120.05811223334133,121.31414794921875,5019300
2018-09-21 00:00:00-04:00,121.48506097856081,122.29679467420635,121.06639100691658,122.08318328857422,13283400
2018-09-24 00:00:00-04:00,121.41669115215929,121.75846408182977,119.81886945955584,120.02394104003906,6708000
2018-09-25 00:00:00-04:00,120.07522867031977,120.44264702598825,118.25525552868272,118.4603271484375,7982800
2018-09-26 00:00:00-04:00,118.72519232412719,119.62236265157458,117.87929967528488,118.05018615722656,7133300
2018-09-27 00:00:00-04:00,118.29798214104669,119.26350977118612,117.54607893323407,118.1014633178711,6450500
2018-09-28 00:00:00-04:00,117.99894955140812,118.39198724947423,117.409379966503,118.05875396728516,6638500
2018-10-01 00:00:00-04:00,118.13562673012353,119.4942049446817,117.91347560013824,119.35749053955078,4871800
2018-10-02 00:00:00-04:00,119.44290136690567,120.24608202565082,119.32327954780322,120.032470703125,6439100
2018-10-03 00:00:00-04:00,120.08376421815966,120.7075188171827,118.66539460415696,118.7935562133789,5411800
2018-10-04 00:00:00-04:00,118.38343465946991,119.22078765566104,117.332470273795,119.0669937133789,4738700
2018-10-05 00:00:00-04:00,119.45151056198637,119.8360085165101,118.39199320840827,118.85340118408203,4309300
2018-10-08 00:00:00-04:00,118.682475152009,119.34894160132713,118.44323145419243,119.10115814208984,5174100
2018-10-09 00:00:00-04:00,118.54575941448856,119.29766250030666,117.751118413335,118.93879699707031,4475300
2018-10-10 00:00:00-04:00,119.06698800801959,120.01542305339336,117.68277740478516,117.68277740478516,7265600
2018-10-11 00:00:00-04:00,117.83657758327804,118.47741168407315,113.5387179236364,114.35897827148438,11603200
2018-10-12 00:00:00-04:00,114.83745278245925,114.84600558037239,112.98330788974286,114.38459777832031,6998000
2018-10-15 00:00:00-04:00,114.3931756320213,115.60648676148753,114.07702190942615,114.4529800415039,6398700
2018-10-16 00:00:00-04:00,115.13650810327081,117.9049156633326,115.13650810327081,116.68305206298828,9592800
2018-10-17 00:00:00-04:00,116.40110430255244,119.62236741862463,116.38402478013963,119.16097259521484,8261100
2018-10-18 00:00:00-04:00,118.93882362731803,119.46003595919859,117.66570804126921,119.19515991210938,7583900
2018-10-19 00:00:00-04:00,118.20399162291326,119.6223743333676,117.83658630274961,118.81065368652344,5924800
2018-10-22 00:00:00-04:00,118.43467954833402,118.99006385321476,118.03308916007784,118.4944839477539,4864300
2018-10-23 00:00:00-04:00,117.73404721344268,119.18661508628101,117.4435388539968,118.70811462402344,8282700
2018-10-24 00:00:00-04:00,118.35776433256883,119.7163292043945,117.20425798461098,117.4605941772461,8279200
2018-10-25 00:00:00-04:00,117.45210097981966,118.84483847848257,115.3928839009713,118.3150863647461,9720700
2018-10-26 00:00:00-04:00,117.8621916192119,119.02423779655331,115.63208877290967,117.03337860107422,11371400
2018-10-29 00:00:00-04:00,117.0504814672475,118.85336180474891,116.39255485063832,117.52896881103516,6783000
2018-10-30 00:00:00-04:00,117.85366386656531,120.56226762791609,117.05903579413784,120.2632064819336,9646200
2018-10-31 00:00:00-04:00,120.47679277684553,120.84419801440339,119.28911427736598,119.61380767822266,9968900
2018-11-01 00:00:00-04:00,119.68217163590883,120.97237947689301,119.49419260771221,120.32300567626953,6913500
2018-11-02 00:00:00-04:00,121.30560327659072,121.33123559319901,119.33183667094669,120.20336151123047,7673200
2018-11-05 00:00:00-05:00,120.47683459311344,121.96357469234064,118.76794332228913,121.50216674804688,5601400
2018-11-06 00:00:00-05:00,120.92963744452688,122.04041889780028,120.52804712651418,121.81826782226562,5798900
2018-11-07 00:00:00-05:00,122.27114711332075,123.78350614790445,122.1600650345379,123.68097686767578,7173600
2018-11-08 00:00:00-05:00,123.3050114284288,124.56958694769685,123.04013544511608,124.15091705322266,5497100
2018-11-09 00:00:00-05:00,123.92876050194609,124.52688273835899,123.36483642200085,124.18509674072266,5343100
2018-11-12 00:00:00-05:00,123.88607792500719,124.95413497403986,123.6639137146127,124.42436981201172,7013600
2018-11-13 00:00:00-05:00,124.91138339833394,125.38987076802717,122.54456583274101,123.62116241455078,7432300
2018-11-14 00:00:00-05:00,123.91169563608739,124.15947910560298,122.66419941332173,123.25376892089844,6433100
2018-11-15 00:00:00-05:00,122.53604180012447,123.47592410043278,121.74140064375536,123.4673843383789,6657900
2018-11-16 00:00:00-05:00,123.64680466041773,125.3813278507933,123.51009026171752,124.74049377441406,8494300
2018-11-19 00:00:00-05:00,125.11643697100841,126.83388061459827,125.06517233170169,126.22721862792969,8714600
2018-11-20 00:00:00-05:00,126.03072301759987,127.09877999232529,125.04811581597443,125.13355255126953,8937700
2018-11-21 00:00:00-05:00,124.94557188589827,124.94557188589827,120.28884614309449,121.3227310180664,10275400
2018-11-23 00:00:00-05:00,121.20306776832551,121.95497074644807,120.98945644905655,121.52774810791016,3404900
2018-11-26 00:00:00-05:00,122.10390472609086,122.1469016829067,121.00325085991636,121.56217193603516,7590900
2018-11-27 00:00:00-05:00,120.87425247898473,123.26473591664266,120.09175260931546,123.15294647216797,5962100
2018-11-28 00:00:00-05:00,123.67748661007052,126.024973266122,123.27333887357459,125.92179107666016,8411400
2018-11-29 00:00:00-05:00,125.21672919551357,126.57535210473958,124.54601844702434,125.41451263427734,6900000
2018-11-30 00:00:00-05:00,124.97593867668314,126.40335384873626,124.7695742514046,126.3173599243164,12517600
2018-12-03 00:00:00-05:00,125.1736874324218,126.0851650473334,124.63195472434799,125.72401428222656,8827200
2018-12-04 00:00:00-05:00,125.81860356773646,128.11449903198928,125.38866030205256,125.56922912597656,9803500
2018-12-06 00:00:00-05:00,124.25362112566795,125.93039747171012,122.7832091786285,125.466064453125,11572500
2018-12-07 00:00:00-05:00,125.10490316645728,126.69568546592748,123.92684963045927,125.05329895019531,9444500
2018-12-10 00:00:00-05:00,125.01893211358757,125.44028133803447,122.43067775983464,124.90714263916016,6848100
2018-12-11 00:00:00-05:00,125.79279909171275,127.44379283327358,125.36285581170429,125.97338104248047,9857400
2018-12-12 00:00:00-05:00,126.40332494290143,127.68456064711317,126.40332494290143,126.48931884765625,8869200
2018-12-13 00:00:00-05:00,126.36893436132773,127.77054052897651,126.23134936302245,127.12562561035156,6008300
2018-12-14 00:00:00-05:00,124.11603278625245,125.01032222739484,111.95723638629376,114.36492156982422,58140200
2018-12-17 00:00:00-05:00,110.34066088043772,113.20407186964069,109.0594250524518,111.04576110839844,36933100
2018-12-18 00:00:00-05:00,113.54801970401788,114.19293460602384,111.09733782806424,112.14640045166016,24640100
2018-12-19 00:00:00-05:00,111.67347987574328,112.94612161988483,109.28299593482785,109.73014068603516,21232100
2018-12-20 00:00:00-05:00,109.8247053673668,111.57027392124695,108.99921511057482,110.29764556884766,16609600
2018-12-21 00:00:00-05:00,109.89352193310442,112.30120729643333,109.30879871974825,110.14288330078125,19732900
2018-12-24 00:00:00-05:00,109.46356364354811,110.06548162200286,104.04627559579959,105.62846374511719,7531900
2018-12-26 00:00:00-05:00,106.12721732843187,108.9992423824971,104.91478046555557,108.95624542236328,9253000
2018-12-27 00:00:00-05:00,108.23394774903483,109.55817413330078,105.82626222120304,109.55817413330078,9918700
2018-12-28 00:00:00-05:00,109.98811583564505,110.71041754675664,108.99064407030217,109.43778228759766,6537200
2018-12-31 00:00:00-05:00,110.22026584288277,111.39831948991014,109.56675670441318,110.96837615966797,7409900
2019-01-02 00:00:00-05:00,110.17727839187837,110.39225004994677,108.58648287384077,109.85051727294922,7631700
2019-01-03 00:00:00-05:00,110.18585850298835,110.2976479496132,107.79537501935232,108.10493469238281,8654500
2019-01-04 00:00:00-05:00,109.30877761804055,110.62439639359744,108.9734223975153,109.91929626464844,8831700
2019-01-07 00:00:00-05:00,109.74733606024971,110.36646208813109,109.03363509231195,109.2142105102539,8404700
2019-01-08 00:00:00-05:00,110.22025951206662,112.21520274780298,109.83331972165408,111.75086975097656,9351600
2019-01-09 00:00:00-05:00,111.63907915443377,111.99163581038606,110.34924925094535,110.86517333984375,7403500
2019-01-10 00:00:00-05:00,109.79890667985084,111.69065431081235,109.79890667985084,111.53588104248047,6224400
2019-01-11 00:00:00-05:00,110.92539739884393,111.64769916313921,110.33207340644734,111.5703125,5300400
2019-01-14 00:00:00-05:00,110.70181279010235,110.89098890404281,109.7129352634446,110.30625915527344,7374400
2019-01-15 00:00:00-05:00,110.51263034531277,111.346721403315,109.76452663588091,111.23493194580078,5194400
2019-01-16 00:00:00-05:00,111.27792998844035,111.27792998844035,109.9794993629643,110.0998764038086,6264200
2019-01-17 00:00:00-05:00,109.81610555832172,111.37250460467797,109.60113393052129,111.00274658203125,7632000
2019-01-18 00:00:00-05:00,111.6992604465398,112.79991420895544,111.31231411333282,112.37857818603516,10593000
2019-01-22 00:00:00-05:00,110.23745787979854,111.35531306757689,109.21419730188072,110.7533950805664,10568100
2019-01-23 00:00:00-05:00,110.49542648018247,111.18333837426361,110.00529138778423,110.7533950805664,9267800
2019-01-24 00:00:00-05:00,110.48684752890095,110.6674163894169,107.48583820278057,109.23140716552734,9917000
2019-01-25 00:00:00-05:00,110.17728671986069,110.4524436401556,109.23140610453187,110.26326751708984,7585100
2019-01-28 00:00:00-05:00,109.90211310126674,111.0543580891021,109.4549749198239,110.91678619384766,6927700
2019-01-29 00:00:00-05:00,110.88238296389461,112.18941437013356,110.49543658833478,112.06903076171875,6669300
2019-01-30 00:00:00-05:00,112.10341304970139,113.66841297654021,112.0432278098844,113.19547271728516,7299300
2019-01-31 00:00:00-05:00,113.18688281435783,116.24807715863126,112.53336056951593,114.4337158203125,17298100
2019-02-01 00:00:00-05:00,115.24201624675635,115.81813874645366,114.76907594974232,115.39678955078125,9575200
2019-02-04 00:00:00-05:00,115.19041309830148,115.35378052852117,113.68561156934516,114.26173400878906,7759000
2019-02-05 00:00:00-05:00,114.81206090025998,115.12162059676412,114.14994455368733,114.26173400878906,6449800
2019-02-06 00:00:00-05:00,114.43371407459122,114.85506324597837,113.76300355414877,114.36492156982422,5066100
2019-02-07 00:00:00-05:00,113.89199173187328,114.05537230555599,113.1008975358364,113.54804229736328,6085300
2019-02-08 00:00:00-05:00,113.46205261495783,113.90060324928778,113.1094959028813,113.8489990234375,4436700
2019-02-11 00:00:00-05:00,113.77158286229877,114.08114253297258,112.86869939609791,113.50502014160156,4962200
2019-02-12 00:00:00-05:00,113.573822920653,115.48277220917798,113.573822920653,115.36238861083984,6262300
2019-02-13 00:00:00-05:00,115.28501498001674,116.06750189712957,114.54551190079752,115.61176300048828,7902200
2019-02-14 00:00:00-05:00,115.48278464081186,115.9299293917004,114.66589491266345,115.49137878417969,3910400
2019-02-15 00:00:00-05:00,116.24805713133118,117.29711970284833,116.09327073970366,117.27132415771484,6665000
2019-02-19 00:00:00-05:00,117.06494005034311,117.27131752055736,116.62640268706697,116.67799377441406,5935500
2019-02-20 00:00:00-05:00,116.91879093150614,117.57230007364119,116.71241340833384,117.24555206298828,6089800
2019-02-21 00:00:00-05:00,116.06749433881825,116.76400041395776,115.45698217552533,116.44584655761719,6665500
2019-02-22 00:00:00-05:00,116.33407805499846,117.49493046992136,115.92994333483162,117.46054077148438,5223900
2019-02-25 00:00:00-05:00,118.02317219782812,119.00994402215609,117.59902844932195,117.89332580566406,6846600
2019-02-26 00:00:00-05:00,118.10106061424909,118.55117095581076,117.76348116004048,117.81541442871094,5106900
2019-02-27 00:00:00-05:00,117.30469472202657,117.93657136951539,117.19216385861225,117.6076431274414,4378100
2019-02-28 00:00:00-05:00,117.67691853758225,119.40809795912183,117.4518699676084,118.27417755126953,10133200
2019-03-01 00:00:00-05:00,118.77619782981597,119.97936676305817,118.5944182148183,119.75431823730469,5641600
2019-03-04 00:00:00-05:00,120.1871213107637,120.67184937378057,119.02722120814573,119.8668441772461,8377700
2019-03-05 00:00:00-05:00,120.15249191853125,120.43813807540955,119.76297923473331,120.11787414550781,6568900
2019-03-06 00:00:00-05:00,120.72379525242982,120.8795950570313,119.9707364478217,120.39486694335938,6236900
2019-03-07 00:00:00-05:00,119.9101567770168,120.42085160122626,119.19171564106081,119.65914154052734,6100400
2019-03-08 00:00:00-05:00,119.52926252933929,120.57663173782416,118.08372950846102,119.5032958984375,7046700
2019-03-11 00:00:00-04:00,119.54660631601605,120.3429473371464,119.03591151026703,119.93611907958984,6150400
2019-03-12 00:00:00-04:00,120.01400919670351,121.1825605999145,119.88417602205827,120.47277069091797,5552900
2019-03-13 00:00:00-04:00,120.82769773914077,121.04409522626203,120.33431833658861,120.6718978881836,6446900
2019-03-14 00:00:00-04:00,119.74568608303967,120.143863190261,119.39945545681816,119.46870422363281,8493600
2019-03-15 00:00:00-04:00,119.45137126162457,119.6764198149727,118.43863295978322,119.10514068603516,11922500
2019-03-18 00:00:00-04:00,119.14842004251189,119.26095093297143,118.3434279401964,118.73294067382812,7369600
2019-03-19 00:00:00-04:00,119.11379622532235,120.1611655481011,118.99261419860706,119.83223724365234,5882500
2019-03-20 00:00:00-04:00,119.7370433336092,119.8928431639748,118.28284554426678,118.83682250976562,5475700
2019-03-21 00:00:00-04:00,118.5857946094159,120.12654329296852,118.54251248076191,119.53794860839844,5765100
2019-03-22 00:00:00-04:00,119.23499632322374,119.78897327328978,118.46462192066546,118.50790405273438,6528800
2019-03-25 00:00:00-04:00,118.5078866386879,118.59443768225523,117.49514829478252,118.24820709228516,4500300
2019-03-26 00:00:00-04:00,118.5251985675774,120.55068862806105,118.5251985675774,119.94477844238281,4758600
2019-03-27 00:00:00-04:00,119.96205848123606,120.73243269041757,119.51196140268775,120.0572738647461,6764900
2019-03-28 00:00:00-04:00,120.36891933606479,120.71516319188328,120.0659708210578,120.21311950683594,4602100
2019-03-29 00:00:00-04:00,120.55933220662772,121.07869130910996,120.21310161020664,121.00077819824219,7168400
2019-04-01 00:00:00-04:00,121.1739138293268,121.43358018798567,120.09192664207681,120.2996597290039,5885200
2019-04-02 00:00:00-04:00,120.32561920064042,120.32561920064042,118.50788875899958,119.20036315917969,5517800
2019-04-03 00:00:00-04:00,119.62449703155109,119.65912801685448,118.47326111545665,118.73294067382812,5947000
2019-04-04 00:00:00-04:00,118.47325559349788,118.59443762070956,116.96713799927424,117.3479995727539,5844600
2019-04-05 00:00:00-04:00,117.75482504209185,118.22225090850428,117.46052769381829,117.87600708007812,4759700
2019-04-08 00:00:00-04:00,117.76347735781025,118.16164120999532,117.46051568988013,117.84137725830078,4329600
2019-04-09 00:00:00-04:00,117.72019679638606,117.94524535896478,116.47374554058004,117.3479995727539,5210300
2019-04-10 00:00:00-04:00,117.62498199576967,117.83272827540104,117.14025388448025,117.35665130615234,4194100
2019-04-11 00:00:00-04:00,117.68556148876418,117.87597903928686,116.35254618016651,117.03636932373047,4485200
2019-04-12 00:00:00-04:00,117.04502228461371,118.02314272165347,116.63819413157144,117.70286560058594,5756800
2019-04-15 00:00:00-04:00,117.72020062646871,118.40401068630047,117.54708532594113,118.1703109741211,5380900
2019-04-16 00:00:00-04:00,119.72838379722484,121.78847847659084,119.07052711641148,119.46870422363281,10745700
2019-04-17 00:00:00-04:00,120.31698392837137,121.3124069295299,119.16574789289143,119.90150451660156,9543700
2019-04-18 00:00:00-04:00,120.61992699807618,121.3903012837291,117.5037988719237,119.03589630126953,10485300
2019-04-22 00:00:00-04:00,118.56847320941891,119.87552210725643,118.11837607582446,119.30422973632812,4666500
2019-04-23 00:00:00-04:00,118.94930432008998,121.91828309367381,118.80215569397171,121.09596252441406,5790500
2019-04-24 00:00:00-04:00,120.87959450468372,121.30373820613383,120.19578446341768,120.49008178710938,5676300
2019-04-25 00:00:00-04:00,119.90150067889216,120.9834879098037,119.41677251270009,120.87960815429688,5218100
2019-04-26 00:00:00-04:00,121.0786651876074,121.6326419470766,120.58527282590863,121.52011108398438,4613600
2019-04-29 00:00:00-04:00,121.48549597914037,121.55473151872555,120.81898834196235,121.04403686523438,4275200
2019-04-30 00:00:00-04:00,121.34701167474618,122.43764984771462,120.2823401339068,122.22125244140625,6003700
2019-05-01 00:00:00-04:00,122.00484047077198,123.21667372614607,120.966135686057,122.87042999267578,6656300
2019-05-02 00:00:00-04:00,122.83582249709299,123.04355554670177,121.28640972689932,122.29049682617188,8835600
2019-05-03 00:00:00-04:00,122.2991605408355,122.99163492903898,122.11739410374047,122.9223861694336,5281600
2019-05-06 00:00:00-04:00,121.39894123288099,123.12146928933542,121.12194622149472,122.99162292480469,5818900
2019-05-07 00:00:00-04:00,121.89231915987489,122.37704716435299,120.36887319397509,121.15656280517578,6606700
2019-05-08 00:00:00-04:00,121.3556731446767,121.97889878451515,120.92287829522503,121.00077819824219,4667300
2019-05-09 00:00:00-04:00,120.27369037980759,120.59396756134721,119.13976994640666,120.08325958251953,5604200
2019-05-10 00:00:00-04:00,119.82358537169665,120.5333753219791,118.07510354813337,120.36026000976562,4771600
2019-05-13 00:00:00-04:00,119.32156006091589,119.50332652381012,118.17897517702882,118.75891876220703,5560000
2019-05-14 00:00:00-04:00,118.62043318930233,119.3129077456469,118.35210243558406,118.43001556396484,7179400
2019-05-15 00:00:00-04:00,118.4992397016092,119.00994772745865,117.14027056804115,118.50790405273438,6429400
2019-05-16 00:00:00-04:00,118.92335835924847,120.48142232986426,118.55981230074639,119.63314819335938,6857200
2019-05-17 00:00:00-04:00,118.58574776707698,120.34289319196145,118.46456577942446,119.9793472290039,6915300
2019-05-20 00:00:00-04:00,119.97940558545298,120.282367305864,119.17440018405219,119.81494140625,4771100
2019-05-21 00:00:00-04:00,120.42083414079292,120.81036006981982,119.52062666945535,119.55524444580078,4859000
2019-05-22 00:00:00-04:00,119.75434067190896,120.27368656890626,119.00993299914722,120.10922241210938,5456800
2019-05-23 00:00:00-04:00,119.88417329811116,121.05272467477091,119.16573226307932,121.00077819824219,6951800
2019-05-24 00:00:00-04:00,121.57595332536089,121.57595332536089,120.75672972004095,121.00947570800781,5473300
2019-05-28 00:00:00-04:00,121.14021865697727,122.43877686735131,119.4407722059665,119.45820617675781,11919600
2019-05-29 00:00:00-04:00,118.42982109314309,118.42982109314309,112.0067788743914,114.45572662353516,23247400
2019-05-30 00:00:00-04:00,114.55157877260922,115.75427000133581,114.31626672824481,115.13549041748047,7360600
2019-05-31 00:00:00-04:00,114.62131965828668,115.03964190534873,112.95672770883995,114.2988510131836,7811000
2019-06-03 00:00:00-04:00,114.60387094830634,115.38822672296001,114.2029694268509,114.55158233642578,8434600
2019-06-04 00:00:00-04:00,115.56252537119548,117.0440934814475,115.54509140334184,116.54732513427734,6648900
2019-06-05 00:00:00-04:00,117.39272289063894,117.76748015453988,116.66065563334689,117.11384582519531,6860600
2019-06-06 00:00:00-04:00,117.56703306547506,119.97241612001592,117.29686631328548,119.11832427978516,9115800
2019-06-07 00:00:00-04:00,119.91138911149893,121.65441392875415,119.5192111872613,120.748046875,6533900
2019-06-10 00:00:00-04:00,120.79162020774886,121.27094137428303,119.92010783481626,121.15765380859375,4994700
2019-06-11 00:00:00-04:00,121.73285076126889,122.58694252385939,121.57598490582845,121.82000732421875,8230500
2019-06-12 00:00:00-04:00,122.27317506738407,124.54782264125308,122.27317506738407,123.4758529663086,9216500
2019-06-13 00:00:00-04:00,123.51075416004957,123.7111983141369,122.19477505540365,122.63053131103516,7500800
2019-06-14 00:00:00-04:00,123.08367236711089,123.3102740648563,122.0465706532747,122.09014892578125,6548100
2019-06-17 00:00:00-04:00,122.01173407861822,122.22090183868494,121.32324514467871,121.52368927001953,5562800
2019-06-18 00:00:00-04:00,122.49978178136124,122.82223711646996,121.82871350457174,122.2121810913086,7122700
2019-06-19 00:00:00-04:00,122.02043260591941,122.85709026699047,121.93328935465979,122.40390014648438,6393400
2019-06-20 00:00:00-04:00,123.1011169677705,124.10335083087382,122.8832388846417,123.93777465820312,7335800
2019-06-21 00:00:00-04:00,123.28413956563628,124.12949428802933,122.89194838010849,123.83318328857422,11272200
2019-06-24 00:00:00-04:00,124.12074538946695,125.23627975701743,123.83314481527084,124.67851257324219,5894700
2019-06-25 00:00:00-04:00,124.86157169731099,126.35185029229159,124.79184911710394,125.70693969726562,7517000
2019-06-26 00:00:00-04:00,125.36707122531551,125.36707122531551,122.67408764873348,123.6240463256836,7674100
2019-06-27 00:00:00-04:00,123.9552292823988,124.19054140013405,122.53467283408953,122.61310577392578,5233500
2019-06-28 00:00:00-04:00,122.65669162744496,122.97043670436786,120.71320889900959,121.38427734375,12792400
2019-07-01 00:00:00-04:00,122.1860544576722,122.23834308193209,120.89621963243344,121.45398712158203,5872300
2019-07-02 00:00:00-04:00,121.33192668862023,122.03784942626955,120.87002629736277,122.03784942626953,4501200
2019-07-03 00:00:00-04:00,122.88323129496708,123.911609400672,122.70020786522497,123.87675476074219,3436300
2019-07-05 00:00:00-04:00,123.52816701356083,123.63274424160012,122.33418603447792,122.50849914550781,4652400
2019-07-08 00:00:00-04:00,122.11630301373583,122.95296069894187,121.6979808202442,122.85709381103516,4078100
2019-07-09 00:00:00-04:00,123.28415597952815,124.16437875917984,122.80482147646057,123.2405776977539,4217400
2019-07-10 00:00:00-04:00,123.56303938235861,123.746062855906,122.59565998955148,123.0662841796875,4874400
2019-07-11 00:00:00-04:00,122.83093118224217,123.0662431989519,121.15762935966133,122.10757446289062,5817400
2019-07-12 00:00:00-04:00,122.11631616322488,122.11631616322488,115.31852991866464,117.04412078857422,17780100
2019-07-15 00:00:00-04:00,117.99406554153546,118.83943364942368,117.1748417422851,117.40144348144531,10038200
2019-07-16 00:00:00-04:00,115.85013150448366,116.63450060655661,114.82175330395968,115.47538757324219,10214500
2019-07-17 00:00:00-04:00,115.46667482802529,116.4166200879902,114.52543990410874,114.91761779785156,8862100
2019-07-18 00:00:00-04:00,115.15292795513574,115.48409359641214,114.3162702704831,115.10063934326172,6203100
2019-07-19 00:00:00-04:00,115.25751629450413,115.37952750005138,113.4622028564984,113.56678009033203,8340200
2019-07-22 00:00:00-04:00,113.29660837114916,113.42732990767266,111.41413845587029,112.1113510131836,12624800
2019-07-23 00:00:00-04:00,112.08521565196345,112.81728291137183,111.69303771286785,112.28565979003906,5803600
2019-07-24 00:00:00-04:00,112.32051784807565,113.1135839935155,112.05035114266197,113.10487365722656,6838600
2019-07-25 00:00:00-04:00,113.34889646626918,114.6300207112216,113.00900717464242,114.27269744873047,8897800
2019-07-26 00:00:00-04:00,114.42959167961942,114.42959167961942,113.72366869609264,113.93282318115234,4894600
2019-07-29 00:00:00-04:00,114.16809244150826,116.18128339425017,113.4796036894519,115.92855072021484,7832000
2019-07-30 00:00:00-04:00,115.44924904632555,115.46668301788176,114.40343682275933,115.10935974121094,5509600
2019-07-31 00:00:00-04:00,114.72587283394999,115.03961777800068,113.45345908912729,113.48832702636719,8559200
2019-08-01 00:00:00-04:00,113.52319498754642,113.94153049418759,112.44252817428152,113.5493392944336,7870700
2019-08-02 00:00:00-04:00,114.04612538995838,114.5777485427295,113.09617996396213,114.2291488647461,6574900
2019-08-05 00:00:00-04:00,114.08968467608392,114.56901912716144,112.43380323583642,113.43605041503906,9480000
2019-08-06 00:00:00-04:00,113.59290942377041,114.35984449937571,112.93927520203104,113.96766662597656,7880600
2019-08-07 00:00:00-04:00,112.73884627566922,114.08969317544079,111.71917834826365,113.4796371459961,6771700
2019-08-08 00:00:00-04:00,114.15066342328525,114.99603131515012,113.49702927791886,114.7607192993164,5260500
2019-08-09 00:00:00-04:00,114.86532370844245,115.70196806877364,114.36855531469014,115.07447814941406,4677300
2019-08-12 00:00:00-04:00,114.6038784945555,115.64969069569759,114.4208550426994,114.97862243652344,6852100
2019-08-13 00:00:00-04:00,115.30110145944775,116.86982655174309,115.03964506102771,116.27719116210938,5013200
2019-08-14 00:00:00-04:00,115.50153786989402,115.5102482065758,113.40991341901078,113.52320098876953,7736200
2019-08-15 00:00:00-04:00,113.44477182801596,114.2291409967902,112.64298198530017,113.76722717285156,7251200
2019-08-16 00:00:00-04:00,114.57773182138774,114.75203163494231,113.81952031840245,114.48186492919922,5858900
2019-08-19 00:00:00-04:00,115.47537776608098,115.53639000917948,114.88275579540922,115.25749969482422,4958000
2019-08-20 00:00:00-04:00,115.00476867052782,115.61482461935196,113.69750022380939,113.81951141357422,7302000
2019-08-21 00:00:00-04:00,114.77816800839882,115.39694759670334,114.03739052743983,114.63001251220703,6912800
2019-08-22 00:00:00-04:00,114.69105073403409,115.15295129684638,113.99383807186776,114.40345001220703,7213500
2019-08-23 00:00:00-04:00,114.2291301597815,114.39470633586416,110.79536272208647,111.31827545166016,15714000
2019-08-26 00:00:00-04:00,111.88022186545427,112.45973338020805,111.18656718821968,112.21388244628906,8889500
2019-08-27 00:00:00-04:00,114.0402181551854,116.25287665583072,113.35534575290875,113.82948303222656,20183800
2019-08-28 00:00:00-04:00,112.26656877619266,113.15338730602218,111.5202336307285,112.98655700683594,9878800
2019-08-29 00:00:00-04:00,113.12704506208466,113.44314104490985,111.36218364006908,112.60022735595703,6749900
2019-08-30 00:00:00-04:00,112.62657627148556,113.35535354923624,112.05584699735627,112.70559692382812,7371100
2019-09-03 00:00:00-04:00,112.38069915919105,113.24995967918063,111.95924235510797,113.03923797607422,5710200
2019-09-04 00:00:00-04:00,113.69777885295478,113.78557510338928,112.45973516034849,113.14460754394531,4807200
2019-09-05 00:00:00-04:00,114.05777530590784,114.05777530590784,112.66169021302582,112.89876556396484,4754100
2019-09-06 00:00:00-04:00,113.162177845235,113.46948483402014,112.4509652109467,112.57389068603516,6758300
2019-09-09 00:00:00-04:00,112.38948459667576,112.52997466791055,111.15144096492655,111.46753692626953,7684700
2019-09-10 00:00:00-04:00,111.80998460339202,113.7504653930664,110.93194166465415,113.7504653930664,8239500
2019-09-11 00:00:00-04:00,114.02264805974383,115.26946733205351,113.33777569041699,115.17288208007812,6203600
2019-09-12 00:00:00-04:00,115.3397115279058,115.69971231881136,114.19825312140115,114.52312469482422,5250000
2019-09-13 00:00:00-04:00,115.3133782507363,115.52411337469592,114.11046373807888,114.83045196533203,5369800
2019-09-16 00:00:00-04:00,114.24215957340253,114.80410648029756,113.5572871993077,113.74166870117188,5101700
2019-09-17 00:00:00-04:00,113.79438654269832,114.58461994176784,113.36414061776665,113.85584259033203,4976400
2019-09-18 00:00:00-04:00,114.05778183568376,114.6372934387683,113.07437795011468,114.5055923461914,4373600
2019-09-19 00:00:00-04:00,113.82071536377396,115.19046026384859,113.58364000864641,114.24217224121094,4730100
2019-09-20 00:00:00-04:00,115.02363014548065,115.90167312369043,114.40021373588777,115.59435272216797,12053100
2019-09-23 00:00:00-04:00,115.04119361027497,115.94557679699072,114.57583190829007,115.67338562011719,5183700
2019-09-24 00:00:00-04:00,115.98945697185276,116.58651963320418,115.32213588226045,115.50653076171875,7102600
2019-09-25 00:00:00-04:00,115.46263620818816,115.52410563942905,114.3475180234429,115.01483917236328,4522900
2019-09-26 00:00:00-04:00,115.10264903607305,115.29581956015201,112.41583970753962,113.1358413696289,7545800
2019-09-27 00:00:00-04:00,112.9250964064311,113.61874439316317,111.24803127419614,112.91632080078125,6006500
2019-09-30 00:00:00-04:00,113.32898229654593,114.39140650364358,113.2675128740868,113.6011734008789,6552100
2019-10-01 00:00:00-04:00,114.16312762649487,114.84799993278074,113.94361692838093,114.13678741455078,7673000
2019-10-02 00:00:00-04:00,116.56895717914537,118.27236235296887,115.21677716366531,115.90164947509766,12051800
2019-10-03 00:00:00-04:00,115.5855692092765,116.2265367881215,114.15435496537398,115.1904525756836,6997600
2019-10-04 00:00:00-04:00,115.32214136923943,117.41188757913788,115.24312073051308,117.35920715332031,7233300
2019-10-07 00:00:00-04:00,116.85873472421206,117.49971573363742,116.02459658897914,116.92020416259766,5427200
2019-10-08 00:00:00-04:00,116.29678378799503,117.00799642001488,115.4538700751833,115.76117706298828,7870400
2019-10-09 00:00:00-04:00,115.14654169522191,115.2431269470543,112.84607365795944,113.46070098876953,7787700
2019-10-10 00:00:00-04:00,113.22363568688148,114.25094433030978,112.94266890986445,113.32022094726562,5119700
2019-10-11 00:00:00-04:00,115.14655470158623,116.44605454749399,114.86558791770975,115.31338500976562,7161400
2019-10-14 00:00:00-04:00,115.33971792614835,115.33971792614835,114.51435544184623,114.77777099609375,5700000
2019-10-15 00:00:00-04:00,116.77970363902143,117.87725724465133,115.98947040211637,116.63921356201172,10008800
2019-10-16 00:00:00-04:00,118.44796802822313,119.9318624997152,117.48212898965735,118.68504333496094,12434200
2019-10-17 00:00:00-04:00,119.37872882953853,120.72213351006049,119.10652425295366,119.5631103515625,8434000
2019-10-18 00:00:00-04:00,117.05188102455784,118.0001688360504,112.12606048583984,112.12606048583984,25868700
2019-10-21 00:00:00-04:00,112.97776592016618,113.85580872367835,111.5641164705968,112.40704345703125,13823600
2019-10-22 00:00:00-04:00,113.05681231611827,114.61972779063859,112.4685251114728,113.44315338134766,7613700
2019-10-23 00:00:00-04:00,113.84704804954899,114.56703627596073,113.32900594302605,114.05776977539062,6693400
2019-10-24 00:00:00-04:00,114.51435363601308,114.65484371577918,110.72120856849257,111.95046997070312,12111600
2019-10-25 00:00:00-04:00,112.24022181696645,113.35534001463265,111.7836357726048,112.69680786132812,6947300
2019-10-28 00:00:00-04:00,112.93388097291187,114.14558454229537,112.83729571161503,113.42558288574219,7876300
2019-10-29 00:00:00-04:00,113.88216843749375,114.11924378644314,112.8812000059957,113.3729019165039,4506300
2019-10-30 00:00:00-04:00,117.04311918394684,117.24506529597882,115.66458542429753,116.63921356201172,9627600
2019-10-31 00:00:00-04:00,116.23530466903058,116.6391968351737,114.92701613550342,115.93675994873047,7686700
2019-11-01 00:00:00-04:00,115.94556052847092,116.7796985528457,115.14653832288357,115.19921875,5541800
2019-11-04 00:00:00-05:00,115.72606809705059,115.85776918564522,114.22460869770828,114.3475341796875,6140300
2019-11-05 00:00:00-05:00,114.61093614390342,115.43629859540611,113.86459433617324,114.51435089111328,6257300
2019-11-06 00:00:00-05:00,114.51435184013457,115.44507515771387,113.88215988897292,114.9885025024414,5450000
2019-11-07 00:00:00-05:00,115.66457671894742,116.23531258964194,115.03238481785604,115.40116119384766,5873700
2019-11-08 00:00:00-05:00,115.28703857145861,116.81482468419219,114.99728279886767,116.77970886230469,5003000
2019-11-11 00:00:00-05:00,116.13872652724544,116.35823723030705,115.31336414007453,115.88408660888672,4371400
2019-11-12 00:00:00-05:00,115.90168577374429,115.98070643491843,115.04120731258638,115.33096313476562,5228700
2019-11-13 00:00:00-05:00,115.05875212765619,115.4538822072966,114.77778532648506,115.26071166992188,5885400
2019-11-14 00:00:00-05:00,115.04995853770565,115.33971429847735,114.26850090333518,114.9885025024414,4217500
2019-11-15 00:00:00-05:00,115.24312814555623,118.5094487351114,114.83044691960531,118.48310852050781,10495100
2019-11-18 00:00:00-05:00,117.8509213002668,119.14164545908658,116.48117649446746,118.38652801513672,9291800
2019-11-19 00:00:00-05:00,118.53578022863057,118.70261050742637,117.8421322986518,118.37773895263672,5192200
2019-11-20 00:00:00-05:00,118.63239819068154,119.71238740142151,117.71923930474567,119.36117553710938,7594400
2019-11-21 00:00:00-05:00,119.3611418635703,120.16016403701937,118.53577947762246,119.80016326904297,6424900
2019-11-22 00:00:00-05:00,119.9845516243085,121.72308613595838,119.85285055427629,121.23138427734375,9235800
2019-11-25 00:00:00-05:00,121.17832538001188,121.69995655963714,120.45334896761126,121.28441619873047,6111900
2019-11-26 00:00:00-05:00,120.6567033486515,121.4258888240697,119.48965029148376,121.27558898925781,10636500
2019-11-27 00:00:00-05:00,121.26674466936117,122.23043892474442,121.03686323878566,121.78837585449219,5523000
2019-11-29 00:00:00-05:00,121.65576424327317,122.24812714784541,121.07223774359504,121.55850982666016,3278900
2019-12-02 00:00:00-05:00,121.76185896345388,121.87679968422985,120.99267350150984,121.44357299804688,4717100
2019-12-03 00:00:00-05:00,121.04573021347205,121.52315246080202,120.38263551453277,121.26676177978516,5741400
2019-12-04 00:00:00-05:00,122.45147211510587,123.54779340080087,122.04476814907072,123.22950744628906,7257300
2019-12-05 00:00:00-05:00,123.20297480577227,123.55661984195848,121.96519019773376,123.38863372802734,5472900
2019-12-06 00:00:00-05:00,123.3002226111367,125.17456548579361,123.3002226111367,124.11361694335938,6640400
2019-12-09 00:00:00-05:00,124.1224568975821,124.4937882235214,123.83069367919555,124.21971130371094,4241000
2019-12-10 00:00:00-05:00,124.48496939617924,124.66179193482724,123.69809763210493,123.76882934570312,5310300
2019-12-11 00:00:00-05:00,124.59991025052564,125.52824554330314,124.33468315890043,124.64411926269531,6631500
2019-12-12 00:00:00-05:00,124.94470664690553,125.59895132539215,124.42306199614997,124.9623794555664,5012400
2019-12-13 00:00:00-05:00,124.75020272010762,125.3690883148581,124.05173552048667,124.99775695800781,4257200
2019-12-16 00:00:00-05:00,125.30719171268036,126.29742214472303,125.09501007707367,125.36023712158203,5353100
2019-12-17 00:00:00-05:00,126.43002432520566,127.35835936978805,126.0056476013682,126.92513275146484,10722400
2019-12-18 00:00:00-05:00,127.06661588728194,127.20807931409189,126.2001760067871,126.59803009033203,7849200
2019-12-19 00:00:00-05:00,127.21690614230434,128.9763219677292,126.9693519093704,128.5077362060547,9414700
2019-12-20 00:00:00-05:00,129.86047281597,130.70922649319925,128.02148852771137,129.13548278808594,14532800
2019-12-23 00:00:00-05:00,128.85254994009819,129.75434889967536,128.4988913857297,129.471435546875,6558700
2019-12-24 00:00:00-05:00,129.08243364366058,129.0912700495883,128.42817535621336,129.02053833007812,4238900
2019-12-26 00:00:00-05:00,129.0558907645842,129.2415496949221,128.33975076617864,128.93211364746094,3019300
2019-12-27 00:00:00-05:00,129.25925854405494,129.56870813619372,128.6757319655228,128.8614044189453,3432700
2019-12-30 00:00:00-05:00,128.8879235753029,129.25925498121643,128.2248288881653,128.4635467529297,2923300
2019-12-31 00:00:00-05:00,128.28671606485716,129.09126064796203,128.00378920742176,128.9674835205078,4435000
2020-01-02 00:00:00-05:00,128.96747493459995,129.10010194920392,128.26902122418483,129.05589294433594,5777000
2020-01-03 00:00:00-05:00,126.87211206157156,128.5254237693235,126.43004895334309,127.56172943115234,5752400
2020-01-06 00:00:00-05:00,127.31415462817795,127.49097714480065,126.29741503957744,127.40257263183594,7731300
2020-01-07 00:00:00-05:00,127.32299959879455,128.59614338924672,124.99775704190746,128.18060302734375,7382900
2020-01-08 00:00:00-05:00,128.08333649342669,129.06471694814792,127.04891063423828,128.1629180908203,6605800
2020-01-09 00:00:00-05:00,128.87024374962954,129.1089616263913,128.18947621658893,128.54312133789062,6112700
2020-01-10 00:00:00-05:00,128.86139200214754,129.24155978775235,128.10987934547967,128.2513427734375,5042600
2020-01-13 00:00:00-05:00,128.62266036953002,128.89673730014158,127.95072939478253,128.81716918945312,4593200
2020-01-14 00:00:00-05:00,128.24249358707357,129.62172814546528,127.95956675935543,129.5421600341797,7037500
2020-01-15 00:00:00-05:00,129.43605485710296,130.32018095172987,129.29460493488978,129.97537231445312,4960300
2020-01-16 00:00:00-05:00,130.3379245366064,131.59338252388716,129.2592891478287,131.0275421142578,6476000
2020-01-17 00:00:00-05:00,131.2131702748131,132.09729645928212,130.78877999296762,131.88510131835938,9083600
2020-01-21 00:00:00-05:00,131.3634463678491,132.7692035093456,131.2927146669905,131.97349548339844,9543900
2020-01-22 00:00:00-05:00,129.70133302486258,131.89396259847646,129.0824472771527,131.0717315673828,10305300
2020-01-23 00:00:00-05:00,130.8859873359699,131.53140893178818,129.7543073061465,131.3192138671875,8671900
2020-01-24 00:00:00-05:00,131.36345862946936,131.69058097211834,130.78876856536078,131.1335906982422,9051900
2020-01-27 00:00:00-05:00,130.42627691946328,132.1414835919086,129.96652760225183,131.5137481689453,7587100
2020-01-28 00:00:00-05:00,131.2573793277621,133.12288611726743,130.98328887829774,132.17686462402344,7336600
2020-01-29 00:00:00-05:00,132.13264973341018,133.67103408307383,131.84973638204,133.09634399414062,6288600
2020-01-30 00:00:00-05:00,132.64546205634832,133.06983888486616,131.77902209667138,132.93722534179688,6470600
2020-01-31 00:00:00-05:00,132.39789312984453,132.61892467096283,131.41651254765165,131.61985778808594,8651700
2020-02-03 00:00:00-05:00,132.10616180816493,133.05218350834818,131.94702553562826,132.76925659179688,5765200
2020-02-04 00:00:00-05:00,133.93626914792435,135.05026318893783,133.6798650214514,134.0335235595703,6541400
2020-02-05 00:00:00-05:00,134.13960600753,136.17309863010198,133.7771110875821,136.14657592773438,5979900
2020-02-06 00:00:00-05:00,136.3764553145966,136.59748684671104,135.0414297172754,135.73988342285156,6201200
2020-02-07 00:00:00-05:00,135.57191258362533,135.6780169046739,133.98933257117943,134.28993225097656,5700300
2020-02-10 00:00:00-05:00,134.10421701377922,134.30757569465703,133.40576345234325,134.26336669921875,4835600
2020-02-11 00:00:00-05:00,134.64355344481646,134.72313504414993,133.98045889142793,134.37832641601562,3715300
2020-02-12 00:00:00-05:00,134.2722283723969,134.51978260461198,133.43231126376048,133.58261108398438,5166800
2020-02-13 00:00:00-05:00,132.76039689806473,133.53841880071744,132.51284263485311,132.69850158691406,5480200
2020-02-14 00:00:00-05:00,133.11403925253794,133.18477096781407,131.86741806584985,132.73387145996094,5716300
2020-02-18 00:00:00-05:00,133.03447101333302,133.27318886584035,131.78784982775565,131.85858154296875,7230700
2020-02-19 00:00:00-05:00,131.92048055451832,132.4067391878732,131.36347671326996,131.6817626953125,6115200
2020-02-20 00:00:00-05:00,131.38997526394726,132.0707561124518,130.3201767877258,131.1777801513672,7464700
2020-02-21 00:00:00-05:00,130.93027849365566,132.83115839388586,130.44400626379684,132.55706787109375,7776800
2020-02-24 00:00:00-05:00,130.35042747824335,132.57483750346933,129.23822246563034,129.82546997070312,10588900
2020-02-25 00:00:00-05:00,129.8966396752124,130.57285536734915,127.97474634801955,128.704345703125,10529000
2020-02-26 00:00:00-05:00,129.32718810510087,130.10127835240982,127.76119495430807,127.84127044677734,10093800
2020-02-27 00:00:00-05:00,126.84474864616264,128.81113298207424,123.63270019025319,123.7839584350586,12566700
2020-02-28 00:00:00-05:00,120.43844551265504,122.15568337224269,116.39892326417545,119.65544891357422,19820300
2020-03-02 00:00:00-05:00,119.92237216331641,124.68261425288948,119.23725018850016,124.5847396850586,11508200
2020-03-03 00:00:00-05:00,124.56699091359849,125.44786237982264,118.42762322068954,120.64312744140625,13662500
2020-03-04 00:00:00-05:00,122.50268903746212,127.8056879332377,122.02222249815004,127.66332244873047,10560500
2020-03-05 00:00:00-05:00,125.27874013296662,126.9514867697272,124.4245609495453,126.3553466796875,11339200
2020-03-06 00:00:00-05:00,123.21451917952432,127.24514915277392,122.26247872649586,126.37318420410156,12239100
2020-03-09 00:00:00-04:00,121.30153184673046,124.2822332013848,120.02916222385522,121.39940643310547,13848600
2020-03-10 00:00:00-04:00,124.5402721542605,126.302001129194,119.43302174309264,126.02617645263672,12698100
2020-03-11 00:00:00-04:00,122.86748246946827,123.4547298482399,117.00394216247601,117.2708740234375,17763400
2020-03-12 00:00:00-04:00,113.27585039565673,119.0148253652011,110.77561577808142,111.5853042602539,21539200
2020-03-13 00:00:00-04:00,115.06428237765675,120.04695243159848,110.9090795053102,119.48639678955078,20084200
2020-03-16 00:00:00-04:00,109.94812713185546,119.01481684481934,108.93379680788642,113.11568450927734,18877900
2020-03-17 00:00:00-04:00,114.3791704963417,121.69303201935068,113.72074021659473,121.53286743164062,18911800
2020-03-18 00:00:00-04:00,116.57688527983879,120.71428252717158,114.52153257335523,120.08255767822266,17521100
2020-03-19 00:00:00-04:00,120.1092376557869,120.1092376557869,112.2437209939736,113.04450988769531,18482300
2020-03-20 00:00:00-04:00,112.8487695586656,113.39152614081802,105.10781869871956,106.6738052368164,19785100
2020-03-23 00:00:00-04:00,104.10238408626638,105.49041370180797,97.12663784693295,98.88836669921875,20815200
2020-03-24 00:00:00-04:00,105.66836924936496,106.460258626642,101.3085245100134,106.04206848144531,17604800
2020-03-25 00:00:00-04:00,105.80184102489957,110.2951451742426,103.83545660135722,106.23782348632812,13986100
2020-03-26 00:00:00-04:00,107.2788402576033,113.08899782332989,107.10978293312984,112.61742401123047,15066800
2020-03-27 00:00:00-04:00,108.23977528390094,113.55166663176956,107.28772822209324,109.58332061767578,12133200
2020-03-30 00:00:00-04:00,114.29911046600989,119.21950520613815,113.44493089492498,118.34752655029297,21754000
2020-03-31 00:00:00-04:00,120.10925638487335,120.74988759974676,115.71381971821724,116.67476654052734,15746100
2020-04-01 00:00:00-04:00,113.62285039277697,115.87395203462329,111.66537247509149,114.61048889160156,12606100
2020-04-02 00:00:00-04:00,114.88630622791747,119.22835824590041,113.19576031034238,118.47205352783203,11594500
2020-04-03 00:00:00-04:00,117.78694444382265,119.93126503380475,117.0751306385905,119.3796157836914,10071200
2020-04-06 00:00:00-04:00,121.90656535057823,125.4300368972375,120.59861113510577,124.3534164428711,14994400
2020-04-07 00:00:00-04:00,124.44237998192757,126.3731660216925,122.12898840408516,122.32473754882812,11567100
2020-04-08 00:00:00-04:00,122.56500273946719,128.2417019477411,122.16461161646134,127.46759796142578,10758200
2020-04-09 00:00:00-04:00,128.13488888590257,129.38945918980272,124.81607348194515,125.66134643554688,11125400
2020-04-13 00:00:00-04:00,124.56699243567144,125.89274602850055,122.64509843682143,124.36235046386719,8153200
2020-04-14 00:00:00-04:00,129.38947913518953,131.1690071335996,128.1705068008294,129.93223571777344,13838000
2020-04-15 00:00:00-04:00,129.50515055178104,131.60499409652624,127.71671625531971,131.38255310058594,11962300
2020-04-16 00:00:00-04:00,131.96089516218225,134.0696314735729,130.29704084571597,133.1709747314453,12181700
2020-04-17 00:00:00-04:00,135.23524053814035,135.51106521665548,133.1087050380173,135.26193237304688,10920000
2020-04-20 00:00:00-04:00,134.29210062770045,136.13391898968243,133.54470197793552,134.95053100585938,12226200
2020-04-21 00:00:00-04:00,133.57135363881017,134.92379858161004,132.1922304416048,133.1798553466797,9951100
2020-04-22 00:00:00-04:00,135.96483541921972,137.9134207622652,135.00388866470192,136.125,11515600
2020-04-23 00:00:00-04:00,137.24610494153808,139.6929560831214,136.756731997877,138.36720275878906,10665000
2020-04-24 00:00:00-04:00,138.4205872691337,139.07011116546758,136.70333574789063,137.78884887695312,8653400
2020-04-27 00:00:00-04:00,137.74435831294807,138.84767052568657,137.02365166800854,137.28167724609375,8924000
2020-04-28 00:00:00-04:00,134.57680382341573,136.22287263971288,134.08743091235,134.7013702392578,8558700
2020-04-29 00:00:00-04:00,134.69249213950087,134.9149331617544,132.71721477575184,133.67816162109375,9285200
2020-04-30 00:00:00-04:00,132.09435285046925,133.84717522009964,130.9376570801629,133.5001678466797,14829600
2020-05-01 00:00:00-04:00,133.12648774622232,133.17097866237225,130.60845395141698,131.94309997558594,7309000
2020-05-04 00:00:00-04:00,132.37017490429756,132.64599953206195,130.8753645409638,131.92529296875,7198400
2020-05-05 00:00:00-04:00,132.57484757541414,134.15862654755983,132.2545319643778,133.0197296142578,6562300
2020-05-06 00:00:00-04:00,133.46457045860143,133.7493013924045,131.72062743085303,131.7562255859375,6191600
2020-05-07 00:00:00-04:00,132.90407645786675,133.04644199068906,130.9110133052524,131.32029724121094,5570500
2020-05-08 00:00:00-04:00,132.5036562750977,132.73499003275813,131.58720042031794,132.3079071044922,4712100
2020-05-11 00:00:00-04:00,132.08546671882794,133.55358550525418,131.7918429615427,132.67271423339844,5887500
2020-05-12 00:00:00-04:00,133.5535679804716,133.76710262922535,130.82198626692502,130.91986083984375,7039200
2020-05-13 00:00:00-04:00,129.97674046943507,132.530359074442,129.91445046603363,130.91099548339844,6970500
2020-05-14 00:00:00-04:00,129.36276222482434,131.47149814961827,128.35732475607247,131.36473083496094,6871400
2020-05-15 00:00:00-04:00,131.56939443137884,133.89167894553833,129.603023652691,133.85609436035156,10340400
2020-05-18 00:00:00-04:00,135.6801281774562,136.68555234627866,133.8739081980922,133.9272918701172,7388400
2020-05-19 00:00:00-04:00,133.55358286504742,134.44334687193856,132.04097319195546,132.59263610839844,6107300
2020-05-20 00:00:00-04:00,133.24216289936018,133.81161133295635,131.03555191626518,131.4003448486328,5713400
2020-05-21 00:00:00-04:00,132.12996418953432,132.12996418953432,129.74540300246906,130.53729248046875,6487300
2020-05-22 00:00:00-04:00,129.52486990826787,131.06586006303317,129.06793593027908,129.34567260742188,6140900
2020-05-26 00:00:00-04:00,130.9763037379969,131.20028674222198,129.28299277288872,129.51593017578125,7072300
2020-05-27 00:00:00-04:00,129.3008799536482,130.13408993997268,128.12719784831387,129.81155395507812,7950000
2020-05-28 00:00:00-04:00,130.8239773090825,132.69647166248689,130.63582559859182,131.67510986328125,6189600
2020-05-29 00:00:00-04:00,132.56210195217594,133.80744685919782,130.20579646697598,133.26988220214844,8504000
2020-06-01 00:00:00-04:00,131.96179262169076,132.90252377305305,130.81500097820512,131.87220764160156,6141800
2020-06-02 00:00:00-04:00,131.75573830394478,132.91149806918523,130.91356016079854,132.8218994140625,6078300
2020-06-03 00:00:00-04:00,133.06380548676668,133.61927887286245,131.20921994931462,133.18026733398438,6339500
2020-06-04 00:00:00-04:00,131.52278953633825,132.92939533812714,130.42975165862077,131.46006774902344,8170500
2020-06-05 00:00:00-04:00,132.3201923338027,134.06725690808966,131.3436297859752,131.9707794189453,9725400
2020-06-08 00:00:00-04:00,130.69854707666337,132.24850540179384,130.57311716025112,131.4959259033203,7555600
2020-06-09 00:00:00-04:00,132.82189580200372,133.78950383350673,130.49246754051487,130.7702178955078,8247200
2020-06-10 00:00:00-04:00,131.34361619123626,134.4166559101327,131.34361619123626,132.41873168945312,10137100
2020-06-11 00:00:00-04:00,133.1175637772551,133.64616031898086,126.1024153368437,126.20992279052734,11913300
2020-06-12 00:00:00-04:00,127.97490753102468,128.75437756932723,125.68132408633105,127.3567123413086,8687400
2020-06-15 00:00:00-04:00,126.32638630824806,127.5806853848188,124.8839355347744,126.55036926269531,8649600
2020-06-16 00:00:00-04:00,129.0948264614051,130.2864175498713,127.91220344143166,129.42633056640625,7579100
2020-06-17 00:00:00-04:00,129.82053054932507,130.28641897846484,128.53935445773607,129.03211975097656,5100100
2020-06-18 00:00:00-04:00,127.68824719556586,129.12173035840328,127.10588312589279,128.48562622070312,4797400
2020-06-19 00:00:00-04:00,130.61792711541423,130.69857138948024,128.34226573122996,128.86190795898438,12206900
2020-06-22 00:00:00-04:00,128.53934281403116,128.70957205180645,127.24919877071842,128.46766662597656,5285600
2020-06-23 00:00:00-04:00,128.78122976561963,129.08584326802722,127.83153066326102,127.99280548095703,5921600
2020-06-24 00:00:00-04:00,126.76540007849954,127.39254962795614,124.28366507118393,125.26919555664062,8211200
2020-06-25 00:00:00-04:00,125.94117370042375,125.94117370042375,123.22648703611169,125.13482666015625,7421200
2020-06-26 00:00:00-04:00,125.00937243675708,125.07209422951223,122.76058836978677,123.46836853027344,12849700
2020-06-29 00:00:00-04:00,124.30158965832108,125.16167657773882,123.62067270371067,124.57035827636719,5309800
2020-06-30 00:00:00-04:00,124.89292020661911,126.34433939944189,123.49526841939846,125.99492645263672,7738300
2020-07-01 00:00:00-04:00,126.04865649109898,126.67580606351117,125.48421504051034,125.77091979980469,6174800
2020-07-02 00:00:00-04:00,126.55036695184666,127.07896343368952,125.7261113350321,126.29950714111328,5152200
2020-07-06 00:00:00-04:00,127.37463913069071,128.80813566770286,127.1148248896608,128.100341796875,6156400
2020-07-07 00:00:00-04:00,126.67582003416906,128.98732614527552,126.53246763871203,127.98388671875,5622600
2020-07-08 00:00:00-04:00,128.0017722746683,128.46766063989716,126.95353370602919,128.3601531982422,6257400
2020-07-09 00:00:00-04:00,127.90323057132571,129.3994351739819,125.9501056302842,127.66133880615234,5738600
2020-07-10 00:00:00-04:00,127.89429153859015,128.00179900269373,126.71165475010184,127.5538330078125,4282400
2020-07-13 00:00:00-04:00,128.664800391482,131.3794733701587,128.369141178746,130.09829711914062,6951900
2020-07-14 00:00:00-04:00,130.19683037776105,132.9473342042029,130.1430629802144,132.5262451171875,7447100
2020-07-15 00:00:00-04:00,134.14789269768792,134.57794989480982,132.80399471606577,132.83087158203125,8512800
2020-07-16 00:00:00-04:00,133.20716193428814,133.79848032967942,131.41529795128722,133.7178497314453,9304700
2020-07-17 00:00:00-04:00,134.3897690206647,134.90941110137805,133.21610055855103,133.8074188232422,7441100
2020-07-20 00:00:00-04:00,134.59581500200136,134.67645924455798,132.9831352133603,134.03138732910156,6191500
2020-07-21 00:00:00-04:00,134.03143042049956,135.88600252056116,133.94183175366726,134.1568603515625,5575900
2020-07-22 00:00:00-04:00,134.3270207295784,134.7570777485923,132.4634949971777,134.39869689941406,5910200
2020-07-23 00:00:00-04:00,134.57793937482157,135.15133525532437,133.74471558251378,134.04037475585938,6566300
2020-07-24 00:00:00-04:00,134.8377358766572,134.92733452497544,131.72885143752868,132.70541381835938,5405900
2020-07-27 00:00:00-04:00,132.03349525956892,133.42219260209,131.57657485832183,131.86326599121094,5675200
2020-07-28 00:00:00-04:00,132.06034137371634,132.58895152363732,131.47799117415772,131.54966735839844,4842200
2020-07-29 00:00:00-04:00,131.15545639581705,132.12306438578136,130.86876532703192,131.2898406982422,4489100
2020-07-30 00:00:00-04:00,132.09621946651023,132.1499732004781,130.93150510413508,131.55865478515625,5922500
2020-07-31 00:00:00-04:00,131.39738087961942,132.10516109316345,128.97836738907463,130.59103393554688,8259600
2020-08-03 00:00:00-04:00,131.15546337107668,132.4097624965337,130.94043480492613,132.01556396484375,4078700
2020-08-04 00:00:00-04:00,131.6930331215504,131.8990936279297,130.64479445322655,131.8990936279297,4162200
2020-08-05 00:00:00-04:00,133.5834468127857,133.77158484915233,132.41873265173876,132.95628356933594,5467500
2020-08-06 00:00:00-04:00,132.95629714565973,133.71784477856247,131.2540318931953,132.19476318359375,4837900
2020-08-07 00:00:00-04:00,132.1588915025421,133.18025318147926,131.83635551599173,133.13546752929688,3635100
2020-08-10 00:00:00-04:00,133.36844211761778,133.50282645336446,132.34708015342957,132.62481689453125,4096600
2020-08-11 00:00:00-04:00,133.61928040778514,133.69991099620873,131.13754526545276,131.67510986328125,6388400
2020-08-12 00:00:00-04:00,132.185774549463,134.60480139723617,132.1409888951843,134.0851593017578,5257300
2020-08-13 00:00:00-04:00,133.08169752553206,133.66406137163978,132.17681137004215,132.597900390625,5155500
2020-08-14 00:00:00-04:00,132.24851625806397,133.79847471043044,132.2216393931147,132.81295776367188,4240200
2020-08-17 00:00:00-04:00,132.88463627855123,134.59585595046414,132.80399201145997,133.4849090576172,4306900
2020-08-18 00:00:00-04:00,133.72678810367998,134.47938127618391,133.1086065871325,134.4704132080078,4322600
2020-08-19 00:00:00-04:00,134.01349413169268,135.8053579168403,133.78055676112436,134.73919677734375,7816300
2020-08-20 00:00:00-04:00,134.1657979761295,135.80535494415108,133.9866143357041,135.66200256347656,4874700
2020-08-21 00:00:00-04:00,135.98453941509334,137.65992765309812,134.9183782924228,136.862548828125,6722800
2020-08-24 00:00:00-04:00,137.75542554426562,137.89971826253796,135.59989738444577,137.22329711914062,5387900
2020-08-25 00:00:00-04:00,137.79153170795954,138.05308899250244,136.6731768343207,137.1421661376953,3863500
2020-08-26 00:00:00-04:00,136.9617760563199,137.67426705530877,135.8614630488999,137.35861206054688,8008300
2020-08-27 00:00:00-04:00,137.4668343122052,138.2244228097177,136.98883106293002,137.97189331054688,5575400
2020-08-28 00:00:00-04:00,137.75543872685148,138.62125016663327,136.99783651476153,138.567138671875,5395700
2020-08-31 00:00:00-04:00,137.98996088872374,139.25260862088277,137.32255350925217,138.3597412109375,6362700
2020-09-01 00:00:00-04:00,138.77456563463008,138.9639696212558,135.34737598024353,136.65512084960938,6307700
2020-09-02 00:00:00-04:00,135.99674161275524,139.189457633885,134.6078293616474,138.73851013183594,6881900
2020-09-03 00:00:00-04:00,139.64040730460903,140.21761956572317,133.75103393732974,134.87840270996094,8672800
2020-09-04 00:00:00-04:00,135.4375535565634,136.14103046761872,132.6957991547354,134.01255798339844,7200100
2020-09-08 00:00:00-04:00,135.50972025103331,136.0869324856562,132.48836657431679,132.81304931640625,8756800
2020-09-09 00:00:00-04:00,133.61571684299597,136.276317666331,133.58866109837697,135.01365661621094,6960700
2020-09-10 00:00:00-04:00,134.60783713447614,135.08584041330403,132.14566748442323,132.49740600585938,6191800
2020-09-11 00:00:00-04:00,132.6236791365549,133.95848005065977,132.24488484046407,133.2820587158203,3934700
2020-09-14 00:00:00-04:00,133.58868156304706,134.806245304715,133.48947256363837,133.79612731933594,4375800
2020-09-15 00:00:00-04:00,134.78820107324674,135.81636079283862,133.94944535334358,134.28314208984375,3658800
2020-09-16 00:00:00-04:00,134.73406735443152,135.3383352357545,133.79610279164643,133.8411865234375,4323000
2020-09-17 00:00:00-04:00,133.51651672831488,134.04864518542527,131.721754660854,132.73187255859375,5461400
2020-09-18 00:00:00-04:00,132.13664991765134,134.9686000619963,131.85706463056488,134.54470825195312,12174000
2020-09-21 00:00:00-04:00,133.1016708072348,133.4173258121295,128.93492015274657,130.86497497558594,7574500
2020-09-22 00:00:00-04:00,130.49519213153621,131.0904461452291,129.62035286463706,130.06228637695312,5295900
2020-09-23 00:00:00-04:00,133.0114846455507,133.07462390782462,130.2156181104956,130.2697296142578,8784400
2020-09-24 00:00:00-04:00,130.37793333781846,131.0002430626933,129.27762038464192,130.47714233398438,5614800
2020-09-25 00:00:00-04:00,129.87286158541812,131.90212504769028,129.77365259901185,131.37001037597656,5531200
2020-09-28 00:00:00-04:00,132.33504041232086,133.741994313846,132.05545518340557,132.67776489257812,5843200
2020-09-29 00:00:00-04:00,133.1197061726472,133.40830541361,131.73078017992339,132.63267517089844,6768600
2020-09-30 00:00:00-04:00,132.98439210261128,135.04071124764266,132.43423569685496,134.27410888671875,8487700
2020-10-01 00:00:00-04:00,134.6619344057765,134.9685753896347,132.09154202438876,132.86717224121094,6457800
2020-10-02 00:00:00-04:00,131.8660869484857,133.85025339087596,131.5233624110615,131.8931427001953,5485600
2020-10-05 00:00:00-04:00,132.5785696925626,133.82318924039959,132.05546892262862,133.68789672851562,4992800
2020-10-06 00:00:00-04:00,133.73296422145685,134.03059116661984,131.55939437945702,131.9111328125,5118200
2020-10-07 00:00:00-04:00,132.11857441806467,133.68786256501411,131.50527879693377,133.37220764160156,5603100
2020-10-08 00:00:00-04:00,133.9314036005577,135.1489673198383,133.51652585743372,134.28314208984375,4413500
2020-10-09 00:00:00-04:00,134.96856501347497,136.61903431640278,134.78818878753276,136.15907287597656,5054100
2020-10-12 00:00:00-04:00,136.7272643713381,138.11617638113967,136.20416370842435,136.94371032714844,7273200
2020-10-13 00:00:00-04:00,134.38235752404034,135.39247553922874,133.27303050651554,133.80514526367188,11057600
2020-10-14 00:00:00-04:00,134.22001366119133,134.40940389491115,132.93029672081053,133.57064819335938,7706400
2020-10-15 00:00:00-04:00,133.01145190501356,133.39024609993658,131.97427830666413,132.74990844726562,5978600
2020-10-16 00:00:00-04:00,133.11970071635523,134.16588840401795,132.58757223450343,133.57064819335938,6097000
2020-10-19 00:00:00-04:00,133.95846944236067,134.2921662040043,129.99013676362281,130.1614990234375,7250800
2020-10-20 00:00:00-04:00,130.46813600394782,131.45119826618782,129.98110498985545,130.36892700195312,5325400
2020-10-21 00:00:00-04:00,129.9811004076591,131.08141338669256,129.7917101680531,129.8097381591797,5221300
2020-10-22 00:00:00-04:00,130.01715178353706,131.39704966410818,129.72853885493092,130.84689331054688,5279700
2020-10-23 00:00:00-04:00,131.56843840810538,133.00244806158,130.18854024920347,130.99122619628906,4154400
2020-10-26 00:00:00-04:00,130.26065857662417,130.567313265769,128.7454819273916,129.84579467773438,6929500
2020-10-27 00:00:00-04:00,129.63840603135878,130.13443732461323,128.89884544708698,129.1062774658203,4890100
2020-10-28 00:00:00-04:00,127.55500436585173,128.05104937257832,124.6238455900795,124.78619384765625,8426100
2020-10-29 00:00:00-04:00,124.46148965997115,125.09281330443243,122.70279744974926,123.73095703125,7205400
2020-10-30 00:00:00-04:00,123.27099150341857,124.04662168788204,120.53825098693288,123.6588134765625,7364100
2020-11-02 00:00:00-05:00,125.34535237102956,125.37240811773601,124.00153774519475,125.08380889892578,7088000
2020-11-03 00:00:00-05:00,126.28335232461218,127.13113589747304,124.26310240123792,124.91246795654297,6363000
2020-11-04 00:00:00-05:00,125.80533261651624,128.5561012283187,125.09282789323944,125.72415161132812,10263500
2020-11-05 00:00:00-05:00,126.76132514058799,127.91574945875934,125.5978730662628,126.04882049560547,8016200
2020-11-06 00:00:00-05:00,126.62604451449245,129.1423391125219,125.94962330712481,128.2945556640625,5942500
2020-11-09 00:00:00-05:00,133.86823908693975,134.37331173686508,130.70259328069545,131.74879455566406,12351600
2020-11-10 00:00:00-05:00,132.8040205695229,134.15686288432278,131.91113968749843,133.73297119140625,7386500
2020-11-11 00:00:00-05:00,134.53564025061934,134.56269599258476,132.45226554834977,133.300048828125,6382400
2020-11-12 00:00:00-05:00,133.12871262844735,134.06667731073583,132.35308242966425,133.7510223388672,4710300
2020-11-13 00:00:00-05:00,134.46349814455894,135.65400593683648,133.85021626016606,135.19403076171875,5893500
2020-11-16 00:00:00-05:00,136.11399829962326,136.45672281990244,135.10388025479136,136.05087280273438,6266400
2020-11-17 00:00:00-05:00,135.28422418026028,135.8524223256007,134.49055232795274,134.697998046875,7297700
2020-11-18 00:00:00-05:00,134.26510446509604,135.06779046593155,132.91226196289062,132.91226196289062,6661000
2020-11-19 00:00:00-05:00,132.84915576720005,132.99346229123606,131.30690903544897,132.70484924316406,7987700
2020-11-20 00:00:00-05:00,132.62366780901905,133.4263538406638,131.79392602723777,132.00135803222656,6354900
2020-11-23 00:00:00-05:00,132.60073861083416,132.60073861083416,129.9034961592438,130.6572723388672,7318300
2020-11-24 00:00:00-05:00,130.77533784213756,131.46553602539893,130.4211551897799,130.6572723388672,11034800
2020-11-25 00:00:00-05:00,130.82980139173256,130.92969975525577,129.74000988076605,130.4846954345703,7594600
2020-11-27 00:00:00-05:00,131.22939528359308,131.37470451419358,130.06694915369087,130.7753143310547,3059000
2020-11-30 00:00:00-05:00,130.98419792426427,131.55634440355456,129.92165007519088,131.3928680419922,15663200
2020-12-01 00:00:00-05:00,132.85502172608037,135.43421250942538,132.46451869166407,133.9084930419922,9738200
2020-12-02 00:00:00-05:00,134.2717648348103,135.96094680461604,134.13553221263618,134.53512573242188,7745500
2020-12-03 00:00:00-05:00,134.44429001580588,135.8428671897464,134.12644164532975,135.31613159179688,7310500
2020-12-04 00:00:00-05:00,136.0336003951432,136.50584858643987,135.561366061301,136.4695281982422,6747100
2020-12-07 00:00:00-05:00,135.63400064873747,136.14256915306652,134.8711340347915,135.2888946533203,6634700
2020-12-08 00:00:00-05:00,136.22428899128985,138.1677549599342,135.81561889580624,137.63194274902344,8339800
2020-12-09 00:00:00-05:00,138.79437372537785,139.40284048675832,137.8226339186174,139.03958129882812,8440100
2020-12-10 00:00:00-05:00,138.7853286886964,138.93062408247349,137.75001066677237,138.26766967773438,7392900
2020-12-11 00:00:00-05:00,137.6137626785607,139.32111137427813,137.34131135473027,138.90335083007812,5977400
2020-12-14 00:00:00-05:00,139.17582544548046,139.3846988238112,135.3070603434765,135.3797149658203,8547300
2020-12-15 00:00:00-05:00,136.22431482902496,136.90543640317009,135.79747753396438,136.74197387695312,7612600
2020-12-16 00:00:00-05:00,136.40593107976693,137.0598088353199,135.81563131646755,135.9246063232422,8486100
2020-12-17 00:00:00-05:00,136.30605991246716,139.75707900953202,136.1880082507145,139.51187133789062,9920300
2020-12-18 00:00:00-05:00,139.53907904024973,140.85592496282473,137.7409222468914,140.32009887695312,17137200
2020-12-21 00:00:00-05:00,138.04969699826043,139.32113207927148,136.2697072852778,138.96694946289062,7893400
2020-12-22 00:00:00-05:00,138.4038852883372,139.76612830833048,137.91348389841875,138.6945037841797,4699500
2020-12-23 00:00:00-05:00,138.76713425175524,139.49366650743514,137.94978026757153,137.98611450195312,4607300
2020-12-24 00:00:00-05:00,137.90441222758577,138.9851134220613,137.87716847480212,138.46746826171875,2114900
2020-12-28 00:00:00-05:00,139.23940338407067,139.73888139413592,138.313074271352,139.121337890625,3855500
2020-12-29 00:00:00-05:00,139.9568413325854,140.7015269398841,139.67531333991937,139.9840850830078,5212000
2020-12-30 00:00:00-05:00,140.52895351879712,142.01833822745246,140.40181142869662,141.71864318847656,5412800
2020-12-31 00:00:00-05:00,142.15457057106136,143.18079787644777,140.8649824314567,142.926513671875,5099900
2021-01-04 00:00:00-05:00,142.79937937638064,142.92652148561785,139.974995367836,142.12733459472656,11765900
2021-01-05 00:00:00-05:00,141.9003000153224,144.1797814460861,140.82867560118325,143.79835510253906,9602300
2021-01-06 00:00:00-05:00,142.79939876520118,145.51479429347933,142.32715064214963,145.1515350341797,8230100
2021-01-07 00:00:00-05:00,144.39778999216745,146.24135815202447,143.80749010436406,145.6419677734375,7747200
2021-01-08 00:00:00-05:00,145.76904601833255,146.3048720137916,145.19691350547876,145.3422088623047,8228900
2021-01-11 00:00:00-05:00,145.81451032494442,146.50472241700888,144.1889061989407,144.73379516601562,7066200
2021-01-12 00:00:00-05:00,144.53393523578336,144.99710659149454,142.8810880764831,143.6076202392578,6903200
2021-01-13 00:00:00-05:00,143.6984506690847,143.90733787925143,142.3543749641821,143.38967895507812,6643100
2021-01-14 00:00:00-05:00,145.71458010078666,147.07682300704042,144.95172739907292,145.89620971679688,10030800
2021-01-15 00:00:00-05:00,145.57833862304688,146.58639877057772,144.49762386896572,145.57833862304688,7630800
2021-01-19 00:00:00-05:00,147.1222469171678,148.0667293186161,146.30490664394236,147.8306121826172,9057600
2021-01-20 00:00:00-05:00,148.21201647048318,149.0656908573288,146.94059537780925,147.4673309326172,6839900
2021-01-21 00:00:00-05:00,146.50467832814755,147.55813555711526,145.36038551248822,146.87701416015625,6818000
2021-01-22 00:00:00-05:00,147.4491921613019,149.99204869295275,147.00418776459068,148.5299072265625,8137000
2021-01-25 00:00:00-05:00,149.8558066050737,150.83662322779622,148.62979621975984,150.73672485351562,9924400
2021-01-26 00:00:00-05:00,154.11506017235908,157.70229663851322,153.8335322215334,154.82342529296875,14205700
2021-01-27 00:00:00-05:00,153.58836183180358,155.22305629723428,152.0717328675425,152.46224975585938,14207300
2021-01-28 00:00:00-05:00,152.75285316393104,155.16856752888876,152.38959388899212,153.62469482421875,8944400
2021-01-29 00:00:00-05:00,149.1746662659413,150.75487293478332,145.8053934322098,148.14845275878906,22505900
2021-02-01 00:00:00-05:00,150.12825693613476,150.12825693613476,147.6671456937945,147.7670440673828,9971400
2021-02-02 00:00:00-05:00,148.37550574593072,148.629789986626,146.3775383441081,146.4411163330078,11443300
2021-02-03 00:00:00-05:00,146.1595726856074,146.68630822989624,144.9153953656624,145.75997924804688,8601900
2021-02-04 00:00:00-05:00,146.2140890265865,147.20398232836905,145.0879631037856,147.11317443847656,7758100
2021-02-05 00:00:00-05:00,149.7195787269455,150.2463143176581,148.8114167824311,149.34722900390625,9495300
2021-02-08 00:00:00-05:00,149.8739767454344,150.68224038728297,148.82959596755177,149.77407836914062,6035300
2021-02-09 00:00:00-05:00,150.0283364524803,151.29068088317817,149.81946310483323,151.0000762939453,5544200
2021-02-10 00:00:00-05:00,152.4712949929273,152.516705857677,150.48241829096293,151.490478515625,5921300
2021-02-11 00:00:00-05:00,151.66304640267106,152.00815237976826,150.39162520934192,150.8093719482422,4871300
2021-02-12 00:00:00-05:00,149.30181599440886,151.52682381252689,148.93855676479234,151.2816162109375,4413100
2021-02-16 00:00:00-05:00,151.28161307857914,151.7084502861389,149.51977675077086,149.91029357910156,5656100
2021-02-17 00:00:00-05:00,149.81948721458758,150.83662422676102,149.26550783671757,150.4461212158203,6676700
2021-02-18 00:00:00-05:00,149.8104030900067,150.90019467103377,149.2110128703337,150.51876831054688,5189100
2021-02-19 00:00:00-05:00,150.39160038232947,150.7185391862782,147.9486429108027,148.01220703125,8190900
2021-02-22 00:00:00-05:00,147.9208526611328,148.5331137559703,146.47700744518306,147.9208526611328,6447100
2021-02-23 00:00:00-05:00,147.56446186121224,149.12710879697656,146.57752915607637,146.6140899658203,7042800
2021-02-24 00:00:00-05:00,148.40516741390044,150.22368409781018,147.05271038205294,148.57879638671875,10286100
2021-02-25 00:00:00-05:00,149.07230142361962,149.59317450915557,148.03054130868247,148.7341766357422,9719700
2021-02-26 00:00:00-05:00,148.0396368358284,148.41430839903845,144.3569235288164,144.80470275878906,14417500
2021-03-01 00:00:00-05:00,147.53702900815975,147.61013667426153,145.38040166167343,145.59059143066406,10551400
2021-03-02 00:00:00-05:00,146.01093865871823,146.924763541521,144.9326319900643,145.31643676757812,7610900
2021-03-03 00:00:00-05:00,144.6128152143273,145.20679592360207,142.611536109253,142.75775146484375,8499600
2021-03-04 00:00:00-05:00,142.54756343123373,142.64808473663396,138.41707062369096,139.8791961669922,11033200
2021-03-05 00:00:00-05:00,140.71075303524185,143.18722462908158,139.93401024297572,142.6480712890625,8331600
2021-03-08 00:00:00-05:00,143.47053512206935,145.59974919555225,142.53842965202622,143.8360595703125,6546700
2021-03-09 00:00:00-05:00,143.37000295941095,146.89736799913538,143.37000295941095,144.11019897460938,7461300
2021-03-10 00:00:00-05:00,145.13370695002376,146.12062577297272,143.79951618825848,145.4352569580078,6635600
2021-03-11 00:00:00-05:00,145.7916413834113,146.78772127870047,145.22507431817175,145.42611694335938,6305600
2021-03-12 00:00:00-05:00,145.55403539047322,146.49527396357024,145.47179449236464,145.84646606445312,5474800
2021-03-15 00:00:00-04:00,145.9835488384458,146.81513296395886,144.84126754863013,146.59580993652344,5524100
2021-03-16 00:00:00-04:00,146.63235811265392,147.74721172710497,146.43131550745892,147.46392822265625,6369100
2021-03-17 00:00:00-04:00,146.97047668314138,147.79291360705048,145.7825013922682,146.9156494140625,6001400
2021-03-18 00:00:00-04:00,146.4039052774336,147.57360012910476,146.17544903384373,146.64149475097656,4801800
2021-03-19 00:00:00-04:00,146.84252972501338,147.5827256847363,145.72766219875908,146.24853515625,14891500
2021-03-22 00:00:00-04:00,144.6676207320051,146.80596769647238,144.38433723806222,146.6688995361328,7544100
2021-03-23 00:00:00-04:00,146.40392539532667,147.30860332018563,145.18853633915404,146.5318603515625,7178300
2021-03-24 00:00:00-04:00,146.30337657203023,148.47827041916656,146.04750670766126,147.9573974609375,6370100
2021-03-25 00:00:00-04:00,148.4417211147042,148.45085434404498,146.79683348235494,148.01222229003906,6269800
2021-03-26 00:00:00-04:00,148.1219332088064,150.87255616848833,147.47312508206255,150.71719360351562,7619200
2021-03-29 00:00:00-04:00,149.7119607800014,152.63619817398856,149.52919855735166,151.73150634765625,8535100
2021-03-30 00:00:00-04:00,150.79943037871217,151.38427791781632,150.0775007005876,150.790283203125,7236300
2021-03-31 00:00:00-04:00,150.74459818854945,151.137536297767,149.59316961130497,150.18716430664062,8281500
2021-04-01 00:00:00-04:00,148.58795037527085,149.72108444965605,148.27723927835802,148.79812622070312,7229700
2021-04-05 00:00:00-04:00,149.5383296826776,150.55267603954533,148.64278504359822,149.34642028808594,7387100
2021-04-06 00:00:00-04:00,149.94041700855684,150.34250226460875,148.95348427384684,149.30987548828125,5074200
2021-04-07 00:00:00-04:00,149.456082764748,150.12317111593845,149.24590691730558,149.5109100341797,4608000
2021-04-08 00:00:00-04:00,149.86729450820297,149.96781581227393,148.81640137425748,148.92605590820312,5039400
2021-04-09 00:00:00-04:00,148.14928649681252,148.88948242565573,146.01093960374072,147.35426330566406,8418300
2021-04-12 00:00:00-04:00,147.20808674942893,148.11277864733188,146.5227179023747,147.710693359375,5022800
2021-04-13 00:00:00-04:00,143.34258420721721,146.14801959190444,143.04102029626202,145.73680114746094,18424100
2021-04-14 00:00:00-04:00,144.2289946838182,146.3125144709517,143.96397763763852,146.13888549804688,7718300
2021-04-15 00:00:00-04:00,146.86996910335156,148.39605532543192,146.4221897909146,146.5684051513672,7524600
2021-04-16 00:00:00-04:00,147.4365516546615,148.50572544533335,146.72376912754694,148.25900268554688,9049400
2021-04-19 00:00:00-04:00,148.49658278725335,149.05401667116317,146.9796297334837,148.6702117919922,8353500
2021-04-20 00:00:00-04:00,147.1258480758738,153.33071466377305,147.1258480758738,152.13360595703125,14050700
2021-04-21 00:00:00-04:00,152.03304249169304,152.5265157408697,151.04610993720095,152.2340850830078,6333200
2021-04-22 00:00:00-04:00,151.54874556573657,151.95083082570676,150.43387786995152,150.94561767578125,7233000
2021-04-23 00:00:00-04:00,150.35164054098394,151.74979180944388,149.8673143600855,151.25633239746094,6015300
2021-04-26 00:00:00-04:00,150.9730544671351,151.15581670267284,149.6479968857909,149.9769744873047,6027800
2021-04-27 00:00:00-04:00,149.6479859031087,149.7850680276001,148.46915771811965,149.1179656982422,6217700
2021-04-28 00:00:00-04:00,148.82554806879995,149.13624523899716,147.71981362398031,148.02137756347656,7448000
2021-04-29 00:00:00-04:00,147.9482637718681,150.10489135658136,147.86602286736718,150.05006408691406,6394300
2021-04-30 00:00:00-04:00,150.00437118581164,150.1688669399248,148.51484588771615,148.7067413330078,9079100
2021-05-03 00:00:00-04:00,149.50179398956695,151.07357429864993,149.06314789596382,150.97305297851562,6594100
2021-05-04 00:00:00-04:00,150.62577598289135,153.3855313791045,150.47956063679175,153.3124237060547,10179500
2021-05-05 00:00:00-04:00,153.06572869002932,153.8881658338022,152.41690663013142,152.67279052734375,7792300
2021-05-06 00:00:00-04:00,152.41687396822758,153.42208710086558,151.91428134577228,153.28501892089844,5529900
2021-05-07 00:00:00-04:00,153.79677572241604,154.60093237357407,153.36727678588002,153.9795379638672,5316200
2021-05-10 00:00:00-04:00,155.25886013534645,156.74839933023725,154.64659906565745,155.59698486328125,8357500
2021-05-11 00:00:00-04:00,155.94421172285703,156.14525431393633,153.77845119806608,154.32675170898438,8217900
2021-05-12 00:00:00-04:00,154.0160346279855,155.16746286712538,153.47688131110672,153.70533752441406,6758300
2021-05-13 00:00:00-04:00,152.5813636339238,155.989927030317,152.5813636339238,155.31370544433594,8018600
2021-05-14 00:00:00-04:00,156.702729955797,156.82153168516413,155.50562126217866,155.5513153076172,5797700
2021-05-17 00:00:00-04:00,155.7157830109865,157.0773873558767,155.6335421029776,155.70664978027344,5722600
2021-05-18 00:00:00-04:00,155.3319605101987,156.602176628148,154.92074207302386,155.76145935058594,5846000
2021-05-19 00:00:00-04:00,155.26803701544733,155.4964933065263,153.55917447634806,155.4233856201172,5533800
2021-05-20 00:00:00-04:00,155.29545231488072,156.80325827457338,155.0669960213597,156.3280792236328,4853200
2021-05-21 00:00:00-04:00,156.56564987411275,157.85414656076262,156.14528420941093,156.2275390625,6501800
2021-05-24 00:00:00-04:00,157.14702106213176,157.56081907443237,156.10796600310138,156.8251953125,5195100
2021-05-25 00:00:00-04:00,156.93558366552676,157.2666137616866,156.08043076844922,156.39306640625,7444700
2021-05-26 00:00:00-04:00,156.31947771207885,156.3930415029405,154.73789128569973,155.46432495117188,5726400
2021-05-27 00:00:00-04:00,155.63900372145255,156.47577595322676,154.82983018480394,155.2252197265625,8114700
2021-05-28 00:00:00-04:00,155.87811308294022,157.2481983849267,155.55627324334324,155.6298370361328,6400800
2021-06-01 00:00:00-04:00,156.45740531229686,156.5033844366951,152.07127465571102,152.20919799804688,10448400
2021-06-02 00:00:00-04:00,151.99770353063363,153.31261943366792,151.8229912848636,152.8252716064453,6806000
2021-06-03 00:00:00-04:00,152.54022302451324,153.69882115453655,152.3747150191635,152.6781463623047,5808800
2021-06-04 00:00:00-04:00,153.57008599137424,154.08503251763275,152.52182654549264,152.61378479003906,6510300
2021-06-07 00:00:00-04:00,152.64136087222067,152.9356160135329,151.38161437176407,151.57470703125,5362800
2021-06-08 00:00:00-04:00,151.9793135366619,152.32873803845862,149.02764181954888,150.2414093017578,7746800
2021-06-09 00:00:00-04:00,150.79310972959198,152.4390554882944,150.48966439356954,152.26434326171875,5552600
2021-06-10 00:00:00-04:00,152.6413854921868,154.09423891732163,152.5954063650835,153.6344757080078,6463100
2021-06-11 00:00:00-04:00,153.6252595708825,153.63444978240844,151.0046041076818,151.68505859375,7389900
2021-06-14 00:00:00-04:00,151.2620892943218,152.14484079144114,150.71036785476485,152.06207275390625,4931300
2021-06-15 00:00:00-04:00,151.9333243833653,152.51263043371037,151.16092567014363,151.2528839111328,5062900
2021-06-16 00:00:00-04:00,151.53792712079255,152.4114742424057,150.3241457494806,151.19769287109375,6988500
2021-06-17 00:00:00-04:00,150.9770375172877,152.3655172902314,150.34256207460425,151.9241485595703,5874700
2021-06-18 00:00:00-04:00,150.13106681005704,150.97702934421957,148.77015774866416,148.9448699951172,12993000
2021-06-21 00:00:00-04:00,149.67131122337372,151.0413965353802,149.19315358217403,150.6551971435547,6592300
2021-06-22 00:00:00-04:00,150.5356794198714,150.83911079741853,150.14027575527064,150.45291137695312,5627800
2021-06-23 00:00:00-04:00,150.51728304774332,150.51728304774332,149.40464989773764,149.54258728027344,4493400
2021-06-24 00:00:00-04:00,150.1310934895256,150.9862463877842,149.698914918085,150.22303771972656,4549200
2021-06-25 00:00:00-04:00,149.8276048737863,151.5195297550433,149.78162575651,150.9954071044922,10963800
2021-06-28 00:00:00-04:00,151.20690859484284,151.78621465976263,150.36094607371783,150.82070922851562,5604000
2021-06-29 00:00:00-04:00,150.80231035352054,151.39080661317803,150.25979321416676,150.82989501953125,3749500
2021-06-30 00:00:00-04:00,150.80231829106754,151.694259954648,150.49887291812033,151.48277282714844,6151700
2021-07-01 00:00:00-04:00,151.4827908777951,152.6505793551552,151.3816424080932,152.6046142578125,6320200
2021-07-02 00:00:00-04:00,152.65975610379417,155.67580116331874,152.31033162942057,155.3815460205078,9059900
2021-07-06 00:00:00-04:00,154.39766574946304,155.27121293592413,153.55170322977435,154.4528350830078,6098500
2021-07-07 00:00:00-04:00,154.00225404423696,155.85970101745073,154.00225404423696,155.77694702148438,6293500
2021-07-08 00:00:00-04:00,155.12410147774122,155.8229505242119,154.09423639560686,155.47352600097656,5755500
2021-07-09 00:00:00-04:00,155.74015987807107,156.65968614817763,155.62063100394025,156.08958435058594,6120900
2021-07-12 00:00:00-04:00,156.07120544296444,157.40451586125994,154.97696682760218,155.84132385253906,7840500
2021-07-13 00:00:00-04:00,155.37237840694885,156.09879809627378,155.09651767815552,155.6482391357422,4691200
2021-07-14 00:00:00-04:00,156.31948906962305,157.08269767054844,155.43673754600465,156.7056884765625,6162900
2021-07-15 00:00:00-04:00,155.67581500116816,156.22752239669308,154.22296167382603,154.82064819335938,6656900
2021-07-16 00:00:00-04:00,154.79304976276993,155.4826944690051,154.43443507676193,154.57237243652344,5834900
2021-07-19 00:00:00-04:00,153.08275778774617,154.6551541735724,152.01611778090296,153.45057678222656,8219700
2021-07-20 00:00:00-04:00,153.46895728547267,157.06430903472724,153.41378794398804,154.89422607421875,9902800
2021-07-21 00:00:00-04:00,155.67579741057952,156.03441208794962,154.0022528956144,155.8505096435547,7585200
2021-07-22 00:00:00-04:00,155.73098457361732,157.30338081959226,155.07811468576932,156.30108642578125,5281900
2021-07-23 00:00:00-04:00,157.23898876122058,158.3240230014866,156.66888697605418,157.9654083251953,5014900
2021-07-26 00:00:00-04:00,157.99302111413698,158.28726224435874,157.110269661755,158.0389862060547,4484900
2021-07-27 00:00:00-04:00,157.97461821240472,158.82058070899132,156.9355490228269,158.76541137695312,7089300
2021-07-28 00:00:00-04:00,158.82977792862505,159.42747845741164,158.2320914306967,158.32403564453125,5750700
2021-07-29 00:00:00-04:00,158.83898217160927,159.39068954719124,157.32175531932785,158.32403564453125,4214100
2021-07-30 00:00:00-04:00,158.6550580529,159.05965186071913,158.0113924635775,158.34242248535156,5346400
2021-08-02 00:00:00-04:00,158.59073232287855,158.93095262887581,157.51488803044407,158.40682983398438,3721500
2021-08-03 00:00:00-04:00,158.82975382156783,160.4573190957634,158.56309740180484,160.35617065429688,6033000
2021-08-04 00:00:00-04:00,160.1814868991187,160.54010161334398,159.31712988768896,159.40908813476562,4793100
2021-08-05 00:00:00-04:00,159.85966726150517,159.85966726150517,158.54473723805953,159.71253967285156,4291000
2021-08-06 00:00:00-04:00,159.94240773559798,159.94240773559798,158.57230849004804,159.17919921875,4581100
2021-08-09 00:00:00-04:00,159.74008620661843,160.22743395068576,159.01365268035187,159.73089599609375,3950200
2021-08-10 00:00:00-04:00,159.31715007739137,160.09875318401708,158.87578130337914,159.78611755371094,3678300
2021-08-11 00:00:00-04:00,160.22745895864298,160.42975586860604,159.5929835620187,159.8136749267578,4221300
2021-08-12 00:00:00-04:00,159.8320763657541,161.18376718741533,159.620575203732,161.10101318359375,4300400
2021-08-13 00:00:00-04:00,161.18379197666647,162.10331846505852,161.0274741573431,162.06654357910156,5882100
2021-08-16 00:00:00-04:00,162.34236647449978,163.57452831420562,161.79064509777845,163.52854919433594,4782800
2021-08-17 00:00:00-04:00,163.041209310728,165.06416440553468,163.041209310728,165.0273895263672,6041900
2021-08-18 00:00:00-04:00,165.05495041302672,165.05495041302672,162.87567784173703,162.93084716796875,7134100
2021-08-19 00:00:00-04:00,162.40675656418003,164.89867940889704,161.9010282430651,164.19984436035156,5615000
2021-08-20 00:00:00-04:00,164.49405936420646,165.44117033141978,163.74005509370963,164.9998016357422,5428700
2021-08-23 00:00:00-04:00,165.0090279649245,165.50851654364095,164.22278052176483,164.28753662109375,6461700
2021-08-24 00:00:00-04:00,163.7140601476137,163.91755916993637,162.13232031305742,162.23406982421875,5734800
2021-08-25 00:00:00-04:00,162.5115793443278,162.70581944074388,160.84659366101707,161.1610870361328,5700300
2021-08-26 00:00:00-04:00,160.9020957272687,161.61434236901357,160.06960991740016,160.3008575439453,5031600
2021-08-27 00:00:00-04:00,161.207345745602,161.207345745602,159.79211138748838,159.95860290527344,7046100
2021-08-30 00:00:00-04:00,159.82909878260995,161.20733967853494,159.8198539589371,160.63385009765625,3252700
2021-08-31 00:00:00-04:00,160.47662817009703,161.40161879254774,159.5423786083103,160.1436309814453,7106800
2021-09-01 00:00:00-04:00,159.9308676595493,160.70787048339844,159.15387894993648,160.70787048339844,5327400
2021-09-02 00:00:00-04:00,161.2628374934048,162.0490850500124,160.86509836036345,161.80857849121094,4544300
2021-09-03 00:00:00-04:00,161.96582011628058,162.0768144445945,160.77257462997397,161.91030883789062,4096900
2021-09-07 00:00:00-04:00,161.27209291459377,161.9010796547762,158.7931111336625,159.3943634033203,6859900
2021-09-08 00:00:00-04:00,158.74686316728133,160.00485079658688,158.24737451360528,159.005859375,4661700
2021-09-09 00:00:00-04:00,158.34911568063657,158.6173566979715,155.12089396393762,155.46315002441406,7114600
2021-09-10 00:00:00-04:00,155.9071193156626,156.40660787197496,154.3531282580304,154.4456329345703,6699300
2021-09-13 00:00:00-04:00,155.32436289784033,155.5093581271517,152.74364628050313,153.36338806152344,6273500
2021-09-14 00:00:00-04:00,153.91840705509986,154.04790515506238,152.17017564848834,152.4384307861328,5259600
2021-09-15 00:00:00-04:00,152.623407602552,153.51140454795646,151.98516200339137,153.01190185546875,7935300
2021-09-16 00:00:00-04:00,153.2246739631445,153.9739281401595,151.87419570817326,152.82693481445312,5665400
2021-09-17 00:00:00-04:00,151.97593850383254,152.54018326052244,151.29144046833238,152.39218139648438,13419800
2021-09-20 00:00:00-04:00,151.21742603605801,152.78066206409184,150.005690875175,151.52267456054688,7270800
2021-09-21 00:00:00-04:00,152.26267585516152,153.5299082327693,151.9204339112491,152.1886749267578,6663600
2021-09-22 00:00:00-04:00,152.94718114997949,153.50216696811893,151.35619639902413,151.63368225097656,5657100
2021-09-23 00:00:00-04:00,152.0684099661046,153.33565636054792,151.83716237545406,152.49391174316406,4697900
2021-09-24 00:00:00-04:00,152.39219411656524,153.22467997135595,151.59670167375455,152.0314483642578,4399300
2021-09-27 00:00:00-04:00,151.69842303401063,152.0314201369473,150.63468973769713,150.93067932128906,5775500
2021-09-28 00:00:00-04:00,150.86592660514557,151.61516650491356,149.63568778773404,150.59767150878906,7610400
2021-09-29 00:00:00-04:00,150.77344001399172,152.30892751443378,150.5699409903556,151.71693420410156,5124100
2021-09-30 00:00:00-04:00,152.29042522272746,152.99341287482935,149.30271005850204,149.38595581054688,6972300
2021-10-01 00:00:00-04:00,149.41369985698208,149.75594179226206,146.72197437540635,148.43321228027344,8568300
2021-10-04 00:00:00-04:00,147.98925478801505,148.92349023569759,145.8432697687912,147.27700805664062,8620700
2021-10-05 00:00:00-04:00,147.86898156184094,149.0252196842392,147.21223209805535,147.6099853515625,5129000
2021-10-06 00:00:00-04:00,147.87822990198956,147.95223083729084,146.0005002757043,147.9152374267578,7312600
2021-10-07 00:00:00-04:00,148.01696558597524,150.41268729937187,148.01696558597524,149.23794555664062,5309200
2021-10-08 00:00:00-04:00,149.21946343182893,149.4877044471458,148.2297168936506,148.85870361328125,4343200
2021-10-11 00:00:00-04:00,148.79399644769583,149.70974227185425,147.94300674383823,148.22975158691406,4101600
2021-10-12 00:00:00-04:00,147.99846570260874,148.16495720169206,145.5379878228868,145.8617401123047,6686400
2021-10-13 00:00:00-04:00,145.98200660211702,148.0724800383519,145.91725049267583,147.25848388671875,6901100
2021-10-14 00:00:00-04:00,147.73027485872842,149.05300482027434,147.62852531443733,148.1002655029297,4579200
2021-10-15 00:00:00-04:00,148.95120688542423,149.67269828718884,148.37771733895332,149.20095825195312,6918400
2021-10-18 00:00:00-04:00,148.22975037032012,148.82174381658996,147.2585073734394,148.1094970703125,7465500
2021-10-19 00:00:00-04:00,148.83094818741296,152.7621573470817,148.6737015147342,151.5781707763672,10081300
2021-10-20 00:00:00-04:00,151.67991407091998,152.39216059442384,151.01391988789376,151.4949188232422,6003200
2021-10-21 00:00:00-04:00,151.97591714091402,152.0591628848958,150.10743268422715,151.14341735839844,4524100
2021-10-22 00:00:00-04:00,150.82894078073423,151.75393123234107,150.73645020411405,151.43943786621094,4304300
2021-10-25 00:00:00-04:00,151.43943330280842,151.98517426539516,149.58020763222797,151.77243041992188,6715400
2021-10-26 00:00:00-04:00,152.21642828058467,153.5761653898652,151.7446882257415,153.31716918945312,6939100
2021-10-27 00:00:00-04:00,153.25238557937317,153.3263864968155,151.060163092792,151.45791625976562,7018800
2021-10-28 00:00:00-04:00,151.48567878865487,152.80840825987804,150.1444455578093,150.6346893310547,6278800
2021-10-29 00:00:00-04:00,150.17223169010853,151.00471759624617,148.56274294210758,150.6624755859375,8526800
2021-11-01 00:00:00-04:00,150.9214292370693,151.67991398639543,147.44345648004096,150.79193115234375,5846400
2021-11-02 00:00:00-04:00,151.42092762143756,154.45489504365653,150.75493339565938,153.16915893554688,8450600
2021-11-03 00:00:00-04:00,152.66042079918054,153.33567400382447,151.1711855794657,152.67892456054688,6717800
2021-11-04 00:00:00-04:00,152.56792659211453,152.61417893731308,150.46819432536114,152.25343322753906,8224400
2021-11-05 00:00:00-04:00,150.29243504553375,152.2534242756271,150.03343886473087,151.17117309570312,6215900
2021-11-08 00:00:00-05:00,151.402438289028,151.855688715224,149.85770584749275,150.6531982421875,5578800
2021-11-09 00:00:00-05:00,150.4127103870103,151.31919715285227,149.86696936267325,150.32020568847656,6112800
2021-11-10 00:00:00-05:00,150.33867763365018,152.47540304375448,150.17218614860784,151.9481658935547,6225100
2021-11-11 00:00:00-05:00,151.22668693078205,151.52267652203014,150.30169652250228,150.8289337158203,4118800
2021-11-12 00:00:00-05:00,154.87115045561518,155.0469009064137,152.26268462181133,152.63267517089844,18995200
2021-11-15 00:00:00-05:00,152.62342220327315,153.04892401483008,150.9769403534917,151.2544403076172,7496200
2021-11-16 00:00:00-05:00,150.93992544376334,152.02217662330173,150.4219330823421,150.4681854248047,7594700
2021-11-17 00:00:00-05:00,150.65317549155338,151.5689210295325,149.65418420854874,151.0324249267578,5414500
2021-11-18 00:00:00-05:00,151.18967227110682,152.13316639498453,149.9686923292352,150.2184295654297,6358700
2021-11-19 00:00:00-05:00,150.81045008738968,150.94920713569448,149.64496709850067,150.6717071533203,7620700
2021-11-22 00:00:00-05:00,149.92686537026972,151.42585528881938,148.64201280960296,148.68856811523438,7634500
2021-11-23 00:00:00-05:00,148.52097987185292,149.89892877965772,147.83199831460848,149.6103057861328,7734000
2021-11-24 00:00:00-05:00,149.09821935273624,149.54511899396118,148.39062707023982,149.1913299560547,5230900
2021-11-26 00:00:00-05:00,149.52651519339463,150.0479005001882,147.72027737579964,148.22303771972656,8523100
2021-11-29 00:00:00-05:00,148.50234512544014,149.35890867151844,147.49681030003958,148.735107421875,9188500
2021-11-30 00:00:00-05:00,147.58059048333624,148.03680966526366,145.10401062815296,145.17848205566406,14981700
2021-12-01 00:00:00-05:00,146.06302621684358,149.04238128821842,145.476460581639,147.18028259277344,9835800
2021-12-02 00:00:00-05:00,146.41679106239744,148.30681978875805,145.94196108809572,146.25851440429688,11334700
2021-12-03 00:00:00-05:00,147.02198154907722,148.66062301516314,146.72403898796165,148.390625,8750500
2021-12-06 00:00:00-05:00,149.1447991974508,152.24519526993015,148.80962085970475,151.70518493652344,9692000
2021-12-07 00:00:00-05:00,152.69207761918804,152.943464895579,151.21171271528914,152.09620666503906,8311300
2021-12-08 00:00:00-05:00,152.19861296273712,153.22277275936906,151.42584042649358,153.0086212158203,6216400
2021-12-09 00:00:00-05:00,152.85966887954532,154.53556047869546,152.2172567893324,154.46107482910156,8574200
2021-12-10 00:00:00-05:00,154.15383134802678,155.1966019632835,153.29725353499833,154.079345703125,6572200
2021-12-13 00:00:00-05:00,153.39035638172936,157.5335224988066,152.50586247913498,156.83523559570312,11142300
2021-12-14 00:00:00-05:00,156.72352178903054,159.1814912381241,155.63419587250223,158.54837036132812,10482400
2021-12-15 00:00:00-05:00,158.13872017917416,159.4887387450786,157.73836161575795,159.3397674560547,8552200
2021-12-16 00:00:00-05:00,159.451504720814,161.5463657340643,159.06046570314285,161.08084106445312,8998600
2021-12-17 00:00:00-05:00,157.94318438181168,159.00457989255335,156.09971095929887,156.63040161132812,16726200
2021-12-20 00:00:00-05:00,156.23937814004842,156.89110979778297,155.06626115612625,156.1835174560547,7954500
2021-12-21 00:00:00-05:00,156.47213897543904,156.50938890220425,154.53555477749813,155.68075561523438,7954200
2021-12-22 00:00:00-05:00,155.54108119822578,156.57454640586303,154.66589265397826,156.35108947753906,4178200
2021-12-23 00:00:00-05:00,156.3045641498261,157.30077953323345,155.8204145262912,156.6490478515625,3501500
2021-12-27 00:00:00-05:00,157.4776753869223,158.13872662975302,157.06801142873817,157.97113037109375,3704800
2021-12-28 00:00:00-05:00,158.0828181073714,158.87421551337616,157.89661113145308,158.60421752929688,3187000
2021-12-29 00:00:00-05:00,158.2783674492455,160.1311605120281,158.19457642902353,159.72149658203125,3662000
2021-12-30 00:00:00-05:00,160.25219077840728,160.9597972936844,159.90770710545434,160.42909240722656,4231800
2021-12-31 00:00:00-05:00,160.63393646485892,160.7735881788128,159.23736249858007,159.2746124267578,4409500
2022-01-03 00:00:00-05:00,158.47389052822297,159.7680483475088,157.44042534831246,159.71217346191406,6012200
2022-01-04 00:00:00-05:00,159.2652800667019,160.41046664932335,158.83700537380528,159.28390502929688,6748400
2022-01-05 00:00:00-05:00,160.14045918127763,161.50910261430343,159.7866559462502,160.3452911376953,7016100
2022-01-06 00:00:00-05:00,160.28012537950082,160.60599830511248,159.02321739503665,159.79598999023438,7301600
2022-01-07 00:00:00-05:00,159.6377054465627,162.28188182067242,159.33045749928687,161.9560089111328,6986000
2022-01-10 00:00:00-05:00,161.71392385070226,161.71392385070226,160.28941983429894,161.15528869628906,7698400
2022-01-11 00:00:00-05:00,161.06218443391234,161.43459838085883,158.38075855451697,159.44215393066406,8341100
2022-01-12 00:00:00-05:00,157.9152579263264,158.3528521939164,156.7328214453907,158.0828399658203,8116200
2022-01-13 00:00:00-05:00,157.34731250997413,158.66940064993054,156.84455220023196,157.1238555908203,6159400
2022-01-14 00:00:00-05:00,157.0028403336003,157.02145108987781,155.6248772081178,156.26730346679688,5847700
2022-01-18 00:00:00-05:00,155.5783233642578,156.15556930861945,154.56346896291225,155.5783233642578,7815600
2022-01-19 00:00:00-05:00,155.67142320323038,157.08662196332506,154.85210956880366,155.09417724609375,5926500
2022-01-20 00:00:00-05:00,155.75519941260535,156.28590422468866,153.55792294400948,153.85586547851562,6011300
2022-01-21 00:00:00-05:00,154.73106694360828,156.40695832461017,153.1296612025046,153.5020751953125,10550300
2022-01-24 00:00:00-05:00,152.692057471245,152.85033411869992,147.3478303453458,151.7330780029297,14054600
2022-01-25 00:00:00-05:00,151.16514422644423,156.79799456181857,150.43892700837566,156.07177734375,14081200
2022-01-26 00:00:00-05:00,155.9879732001708,157.55214320838053,154.76830104873875,156.7700653076172,9963200
2022-01-27 00:00:00-05:00,157.71044142767062,160.0566896574449,157.3473327664769,158.82769775390625,9066700
2022-01-28 00:00:00-05:00,159.07907729557985,159.99150159344725,157.6266427215546,159.9449462890625,9783100
2022-01-31 00:00:00-05:00,159.67493880409668,160.71770936851533,159.04183216332348,160.41046142578125,8054800
2022-02-01 00:00:00-05:00,159.89842029347258,160.12186304492835,157.74768436391136,159.09771728515625,8154700
2022-02-02 00:00:00-05:00,157.95249290091851,161.06220806150637,157.95249290091851,160.8573760986328,7382800
2022-02-03 00:00:00-05:00,160.38252838343308,161.64875585032493,159.246647234897,160.84805297851562,6240400
2022-02-04 00:00:00-05:00,159.20942440680716,161.05289797469857,158.39009650699572,159.79598999023438,6392200
2022-02-07 00:00:00-05:00,159.59116224088064,159.8984102114451,158.28768471060536,159.26528930664062,6065700
2022-02-08 00:00:00-05:00,159.22802962786878,160.18700911593655,158.72525513107286,159.68423461914062,6296100
2022-02-09 00:00:00-05:00,160.20567502272883,160.3639517138967,159.44220770531007,159.66566467285156,5387500
2022-02-10 00:00:00-05:00,159.40494360767576,159.41424898549303,157.62663618340338,157.7383575439453,10355300
2022-02-11 00:00:00-05:00,157.45905474059091,158.41803439323144,155.98799512617995,156.1462860107422,13125300
2022-02-14 00:00:00-05:00,156.1462462901114,156.38831393469593,152.51514638125508,154.18173217773438,8967600
2022-02-15 00:00:00-05:00,154.67521817922105,156.50938635877733,154.5634826074257,155.7738494873047,6631400
2022-02-16 00:00:00-05:00,155.01039900030543,156.26730699828383,154.28418170191316,155.68075561523438,8482400
2022-02-17 00:00:00-05:00,155.68075332653117,155.9041960570996,153.54864256112884,154.7310791015625,6227600
2022-02-18 00:00:00-05:00,154.59051755369637,154.94659194470273,152.67899115003374,153.07254028320312,6423200
2022-02-22 00:00:00-05:00,153.26932026576497,153.42861293944583,150.33642487335786,150.99234008789062,6868900
2022-02-23 00:00:00-05:00,151.3390530063339,152.39789688395,150.72062675810918,151.06732177734375,8016900
2022-02-24 00:00:00-05:00,149.71798089240463,150.04594564092588,145.91365843937734,148.18125915527344,12883400
2022-02-25 00:00:00-05:00,149.92412521178463,156.47394057921085,149.6430146174368,155.54627990722656,11340400
2022-02-28 00:00:00-05:00,152.6133892872281,154.77791662333172,152.15425579040564,154.2063446044922,9373500
2022-03-01 00:00:00-05:00,152.77267492380102,154.3749952781491,152.18235841251786,153.67222595214844,8737800
2022-03-02 00:00:00-05:00,154.05641318182444,157.07363736194253,153.70970391783004,155.58375549316406,6793300
2022-03-03 00:00:00-05:00,156.20219715754143,158.67594468427768,155.84613707802052,157.87010192871094,7333700
2022-03-04 00:00:00-05:00,157.0830048622054,159.16320328630147,156.34276076975422,158.80712890625,6302500
2022-03-07 00:00:00-05:00,157.70145972343917,162.217917066223,156.82065310154164,161.365234375,11663400
2022-03-08 00:00:00-05:00,161.20590402248936,162.21789355001482,157.8982042630015,158.09498596191406,11100300
2022-03-09 00:00:00-05:00,159.30374792832953,159.50989474404162,157.3172578473352,158.69468688964844,7248200
2022-03-10 00:00:00-05:00,157.94508062837767,159.43494835158802,157.49531220772332,158.97581481933594,6171400
2022-03-11 00:00:00-05:00,158.4791864213367,160.66245836531627,158.3761130060285,158.68533325195312,5188000
2022-03-14 00:00:00-04:00,159.93157017537092,163.15494148700606,159.62236421741497,160.8779754638672,7729500
2022-03-15 00:00:00-04:00,162.414689191679,165.40380388370266,161.68381018648017,165.0477294921875,10554400
2022-03-16 00:00:00-04:00,164.410561221526,165.80672058134908,161.69317768954198,163.52975463867188,9603300
2022-03-17 00:00:00-04:00,164.17628546562455,165.70362769246836,163.22988032179555,165.66615295410156,7472100
2022-03-18 00:00:00-04:00,165.853569032931,165.853569032931,162.72390624651248,163.82958984375,13809500
2022-03-21 00:00:00-04:00,163.66092945591387,166.00349395299997,163.34234411580113,164.7572479248047,7574900
2022-03-22 00:00:00-04:00,164.7572558713678,165.26324353607637,162.95816796657763,163.97952270507812,8442100
2022-03-23 00:00:00-04:00,164.19502108598581,164.48549678598553,163.1268122839244,163.36106872558594,5254200
2022-03-24 00:00:00-04:00,163.97951539849828,164.48550304066114,163.1080882653625,164.20440673828125,5012300
2022-03-25 00:00:00-04:00,164.62608760009311,166.50950456838893,164.18568427004348,165.77862548828125,4809500
2022-03-28 00:00:00-04:00,165.52558882918038,166.95923704656693,165.24449254959706,166.63128662109375,5604200
2022-03-29 00:00:00-04:00,167.37152417861896,168.10240307301558,165.66614485765263,166.5469512939453,5933400
2022-03-30 00:00:00-04:00,167.20286745311617,168.5334422254618,166.4907187736372,168.2804412841797,6277600
2022-03-31 00:00:00-04:00,168.2804579714688,168.86142368305607,165.83482009089656,166.06907653808594,11490400
2022-04-01 00:00:00-04:00,165.90040393905412,167.1934896894693,164.54171952630404,166.96861267089844,6525600
2022-04-04 00:00:00-04:00,166.96864982649703,166.96864982649703,164.46679235301386,165.35696411132812,6860600
2022-04-05 00:00:00-04:00,165.35693162119296,168.33666657788635,165.1882595549941,166.42514038085938,7446100
2022-04-06 00:00:00-04:00,168.09304650358126,171.1009054124766,167.37153268219149,170.7541961669922,10330900
2022-04-07 00:00:00-04:00,170.2294681101578,171.42885993917477,168.88014872804413,170.3137969970703,7385200
2022-04-08 00:00:00-04:00,169.91089419657737,171.653762799234,169.0675623771684,170.65113830566406,7144500
2022-04-11 00:00:00-04:00,171.4757143097137,172.60014236364435,168.28983244059717,168.51470947265625,5932000
2022-04-12 00:00:00-04:00,167.91502290055192,169.42363503203072,166.97799708715834,168.57093811035156,5957500
2022-04-13 00:00:00-04:00,168.57093231036842,169.45173883231334,167.95250616119495,169.2830810546875,5643100
2022-04-14 00:00:00-04:00,168.6646464108426,169.97647683044192,168.41164543782017,168.57093811035156,6188200
2022-04-18 00:00:00-04:00,168.4116514489181,169.03009193932277,165.60995331751332,166.47201538085938,6318700
2022-04-19 00:00:00-04:00,169.33932324121218,174.23059962490723,168.61780928863016,171.5507049560547,14380800
2022-04-20 00:00:00-04:00,170.76359024326055,172.7126056607166,170.44499059870805,172.30967712402344,8044900
2022-04-21 00:00:00-04:00,172.34714658146757,173.22795311116474,171.06342582531002,171.81304931640625,6969200
2022-04-22 00:00:00-04:00,170.9790921514912,171.61626280747268,169.9577375011146,170.10765075683594,8003600
2022-04-25 00:00:00-04:00,170.8572899442287,174.93335810817814,170.63241289102086,174.29617309570312,11176500
2022-04-26 00:00:00-04:00,173.44345960915078,174.8208885067265,172.58138339882433,173.04989624023438,10190000
2022-04-27 00:00:00-04:00,172.63765055109027,173.18112726865,170.29508588809833,170.63241577148438,11090100
2022-04-28 00:00:00-04:00,170.77294607067066,172.88125404685178,170.463725851752,171.90675354003906,9403900
2022-04-29 00:00:00-04:00,171.00719884037943,171.0540529873086,168.85203676254147,169.09567260742188,8463100
2022-05-02 00:00:00-04:00,169.10503283118632,169.9858392956413,165.88166206674575,167.39027404785156,7145400
2022-05-03 00:00:00-04:00,167.54020918401835,169.25496804503072,166.49073060752713,167.06231689453125,5898700
2022-05-04 00:00:00-04:00,166.93116006590014,169.13317667247804,165.99413415635732,168.85206604003906,5923000
2022-05-05 00:00:00-04:00,168.12116945936862,168.39291495163846,164.2325180590424,165.62867736816406,7089200
2022-05-06 00:00:00-04:00,164.11072198891054,165.73177285606585,163.6890631769533,165.2632598876953,6434000
2022-05-09 00:00:00-04:00,164.40118284374853,167.31533381485062,163.59534003926075,166.1627960205078,7855200
2022-05-10 00:00:00-04:00,167.006074862538,167.8962463558923,165.38502451797683,165.9378662109375,8186700
2022-05-11 00:00:00-04:00,164.8790526795857,167.09043396005336,164.80408890592332,165.03834533691406,6138900
2022-05-12 00:00:00-04:00,165.35694704139752,166.74374124691295,163.70778675099754,166.6687774658203,6898600
2022-05-13 00:00:00-04:00,167.44650178639537,167.62453896987427,164.7291327798987,165.7130126953125,7732200
2022-05-16 00:00:00-04:00,165.7130170884402,167.84943475106724,165.0758321147752,166.8655548095703,5516700
2022-05-17 00:00:00-04:00,167.46526691229755,168.38354827400465,165.469397206678,167.55897521972656,5751100
2022-05-18 00:00:00-04:00,167.57770686679152,168.07432944504836,164.1388235635554,164.4480438232422,8608800
2022-05-19 00:00:00-04:00,163.717146057234,163.79210983566873,161.81498486032362,162.98626708984375,6874500
2022-05-20 00:00:00-04:00,163.8389834337152,166.0035109631584,163.08935985825894,165.8348388671875,7522100
2022-05-23 00:00:00-04:00,167.48514918545592,169.68243598300572,167.35312318401833,169.22035217285156,7040800
2022-05-24 00:00:00-04:00,169.04118022615646,171.38937251253898,168.8997289274762,171.0687255859375,6419800
2022-05-25 00:00:00-04:00,170.2482824686169,171.21019448695918,168.86200215651522,169.39010620117188,6558900
2022-05-26 00:00:00-04:00,170.69152878759292,170.69152878759292,168.42822145459948,169.23924255371094,6897600
2022-05-27 00:00:00-04:00,169.52214332194325,170.84241790986482,168.07928239475012,170.77639770507812,5853600
2022-05-31 00:00:00-04:00,167.86237597187346,169.90878635666994,165.0426600940562,169.30523681640625,16391400
2022-06-01 00:00:00-04:00,168.94687337063993,169.58815284776492,165.88197045598034,167.58889770507812,5175400
2022-06-02 00:00:00-04:00,167.61716913163437,167.68317493509122,164.64656262197062,167.06076049804688,8666500
2022-06-03 00:00:00-04:00,166.98534945098658,168.4942161097869,166.11773349472512,166.3723602294922,4234200
2022-06-06 00:00:00-04:00,167.1173805939631,168.3339050045197,165.97628728736953,166.35350036621094,5386500
2022-06-07 00:00:00-04:00,166.90048444549365,169.08836079127747,166.3535153590477,168.1830291748047,5447800
2022-06-08 00:00:00-04:00,167.95667028684304,169.22977505622868,166.7307063539217,167.18336486816406,4333100
2022-06-09 00:00:00-04:00,167.11737614185984,168.47535182336554,163.7506912243767,163.81671142578125,5509600
2022-06-10 00:00:00-04:00,162.36440059606713,164.06188807749794,160.90267486511962,162.72276306152344,6647300
2022-06-13 00:00:00-04:00,160.39344308981896,162.43985345005325,160.39344308981896,161.0818634033203,7997000
2022-06-14 00:00:00-04:00,161.31763990403485,161.36479513852973,157.73405792878242,158.61109924316406,7116800
2022-06-15 00:00:00-04:00,159.97850625693422,161.6759938808095,159.03545917586536,160.30857849121094,7796100
2022-06-16 00:00:00-04:00,158.80912131092634,160.51604860016823,157.87551391825545,160.39344787597656,7056700
2022-06-17 00:00:00-04:00,160.91212493340635,162.3927013393578,159.60129009167918,159.8087615966797,12486600
2022-06-21 00:00:00-04:00,161.02528921011046,163.95816620996686,159.90306088045787,163.1565704345703,8219700
2022-06-22 00:00:00-04:00,162.20409319999303,167.78693002987322,161.91175091577261,165.73109436035156,10593100
2022-06-23 00:00:00-04:00,166.919332509951,169.57873217227737,166.46667394244565,169.42784118652344,10223500
2022-06-24 00:00:00-04:00,170.48403945566554,172.13437174387207,169.72959896024855,171.9080352783203,9374400
2022-06-27 00:00:00-04:00,171.29506787950172,172.90768468808216,171.16304186632456,171.7477264404297,5908600
2022-06-28 00:00:00-04:00,171.79487923070232,172.5493197480342,166.2686229466486,166.8627471923828,9245700
2022-06-29 00:00:00-04:00,167.12679363553522,168.14528614146795,166.38177843325542,166.90989685058594,7097900
2022-06-30 00:00:00-04:00,166.78730896070385,168.13585939270646,165.06153105873938,167.40028381347656,10777200
2022-07-01 00:00:00-04:00,167.34370770807976,169.48442868863629,166.62699708086686,169.2958221435547,5498400
2022-07-05 00:00:00-04:00,168.64510478783936,168.92802177929678,164.66544510667111,167.99440002441406,5676400
2022-07-06 00:00:00-04:00,167.92839739412247,169.22036726554606,167.30598287908018,168.14529418945312,5335600
2022-07-07 00:00:00-04:00,167.73035851002382,168.91859268087174,167.40028626768765,168.3339080810547,5725800
2022-07-08 00:00:00-04:00,168.17357429563074,169.73903577902854,167.64547027466654,168.1264190673828,3828300
2022-07-11 00:00:00-04:00,167.57946984641868,168.82429894819066,167.40972827240813,168.1924591064453,3645200
2022-07-12 00:00:00-04:00,167.84350396852147,168.28673721745952,165.22183441381657,165.83482360839844,4708800
2022-07-13 00:00:00-04:00,165.65563738211574,166.28747713736806,164.5616994223856,165.4481658935547,5291700
2022-07-14 00:00:00-04:00,162.70389206282726,165.98569147880548,162.48699528955194,165.6744842529297,5359600
2022-07-15 00:00:00-04:00,167.58889531046526,168.34332142841234,166.49495729378387,168.0792694091797,5691100
2022-07-18 00:00:00-04:00,167.61720304371428,168.0415713767369,164.00533078798634,164.30709838867188,7605700
2022-07-19 00:00:00-04:00,166.28749637832937,166.68357443238799,160.20484547925722,161.91175842285156,13256400
2022-07-20 00:00:00-04:00,162.39267955377676,162.72275173738524,160.0916427268318,160.987548828125,7455800
2022-07-21 00:00:00-04:00,160.36515638060538,161.6288359949472,160.10110435342222,161.5533905029297,5729200
2022-07-22 00:00:00-04:00,161.82685618997743,162.6661673678041,161.3176027981814,162.31723022460938,4257000
2022-07-25 00:00:00-04:00,162.31726198584815,163.12828306613218,161.9400489023584,162.63790893554688,4437300
2022-07-26 00:00:00-04:00,162.7322134306388,165.01438580026254,162.66620761300376,163.78842163085938,4525500
2022-07-27 00:00:00-04:00,162.79820982310434,164.18449007798068,161.38363930912894,163.3357391357422,4648500
2022-07-28 00:00:00-04:00,163.52436800525112,166.061167109328,161.67600367267406,164.27880859375,5513000
2022-07-29 00:00:00-04:00,163.89214693085134,164.8917889305438,163.06227527926194,164.58058166503906,6451400
2022-08-01 00:00:00-04:00,164.25049710252026,165.18411882897104,163.65637287752833,164.00531005859375,5461400
2022-08-02 00:00:00-04:00,165.04265057083182,165.4953234922267,162.86421429948177,163.07168579101562,5794200
2022-08-03 00:00:00-04:00,162.7227814170615,165.27843102232117,161.98720582375924,164.64659118652344,5010000
2022-08-04 00:00:00-04:00,164.85406405894025,165.11811610026106,161.8268908745992,162.0060577392578,5651600
2022-08-05 00:00:00-04:00,161.54395784798152,161.76085463404615,160.11994763442385,161.36477661132812,5235500
2022-08-08 00:00:00-04:00,161.54397993705206,161.71372151724594,159.78991165959414,160.50662231445312,4629800
2022-08-09 00:00:00-04:00,160.82722942998925,161.3741984180573,160.0633636605382,160.48773193359375,5532500
2022-08-10 00:00:00-04:00,161.27990130610766,161.48737279643518,159.87475610157236,160.9498291015625,5603400
2022-08-11 00:00:00-04:00,158.92227424919503,160.27082446539023,157.46997390432625,157.62086486816406,9328700
2022-08-12 00:00:00-04:00,157.99809734722314,158.37532480327738,155.74421546016487,155.88568115234375,14606900
2022-08-15 00:00:00-04:00,156.54580549117978,157.25309075695318,155.72535918760443,156.63067626953125,10072000
2022-08-16 00:00:00-04:00,156.41378095248055,158.66766277831786,156.16859390502225,158.02639770507812,7453600
2022-08-17 00:00:00-04:00,156.93244915385972,158.95999437599812,156.93244915385972,158.0358123779297,7406600
2022-08-18 00:00:00-04:00,158.1301346015521,158.71483360256593,156.47980213709533,157.27197265625,8312100
2022-08-19 00:00:00-04:00,157.58315633404348,160.4311478569985,157.48884588000973,159.6672821044922,8128500
2022-08-22 00:00:00-04:00,160.35085242696923,160.36984415140503,158.70842318108114,159.10716247558594,5462600
2022-08-23 00:00:00-04:00,158.54701292197947,159.27804212758335,157.40775584617535,157.72105407714844,5566300
2022-08-24 00:00:00-04:00,158.12930530010908,158.15778564472723,156.71473322926846,157.19891357421875,5684300
2022-08-25 00:00:00-04:00,157.55016081080672,158.77487341964843,156.36343164759418,158.67044067382812,5678700
2022-08-26 00:00:00-04:00,158.98376637847105,159.02173534422005,155.88876691477677,155.95523071289062,5667100
2022-08-29 00:00:00-04:00,155.1957078233927,155.54697505086148,153.819104770577,154.74949645996094,5259200
2022-08-30 00:00:00-04:00,155.03431694033495,155.26215969210077,153.828595928622,154.20834350585938,6973300
2022-08-31 00:00:00-04:00,154.96787253486087,155.27168222381368,153.10708889257643,153.1735382080078,8741700
2022-09-01 00:00:00-04:00,153.31593653469326,157.12295890389214,153.30643342899577,156.97105407714844,7509600
2022-09-02 00:00:00-04:00,157.46472651149404,157.78751338092516,153.80959473815054,154.50265502929688,5803700
2022-09-06 00:00:00-04:00,155.641935639594,157.80652889310764,154.57863073932563,154.92039489746094,7394600
2022-09-07 00:00:00-04:00,154.66406205777082,156.09762585902487,153.952024466857,155.76535034179688,4590600
2022-09-08 00:00:00-04:00,155.58496041248162,157.04700451377263,154.82545077476462,157.01852416992188,5838400
2022-09-09 00:00:00-04:00,156.6387846584529,157.78753055008448,156.06914877922844,157.3223419189453,5500600
2022-09-12 00:00:00-04:00,157.7020860157799,158.13880877835632,156.85713532175419,157.25587463378906,6365300
2022-09-13 00:00:00-04:00,155.29065610131988,156.11661505775132,152.67034853784094,153.16403198242188,6726400
2022-09-14 00:00:00-04:00,154.1608920825879,156.9900507594291,154.1608920825879,156.3254852294922,9555700
2022-09-15 00:00:00-04:00,156.12609647173852,157.66410742302202,155.79382097522267,156.72421264648438,7174500
2022-09-16 00:00:00-04:00,156.95207563916216,159.14514904516346,156.41092013043897,159.11666870117188,20201500
2022-09-19 00:00:00-04:00,157.88245607892182,158.00586606526565,155.77482385528484,157.86346435546875,7380900
2022-09-20 00:00:00-04:00,156.85712734540937,157.50270110736864,156.0026880754183,156.61978149414062,7143400
2022-09-21 00:00:00-04:00,156.66726757067084,158.35716902389794,154.97736611744375,155.0153350830078,8071200
2022-09-22 00:00:00-04:00,154.89189366856547,158.69893031866297,154.58809851792168,157.76852416992188,7401100
2022-09-23 00:00:00-04:00,157.3507973633585,159.002715076096,156.32546163488016,158.28118896484375,9598600
2022-09-26 00:00:00-04:00,157.40777983349477,158.39513225327008,156.05965706493527,157.31283569335938,8735500
2022-09-27 00:00:00-04:00,157.93941596450568,159.18310584524707,156.07861820940258,156.59129333496094,8686700
2022-09-28 00:00:00-04:00,157.8349898542261,158.90779772919714,156.74320474154018,157.93942260742188,8660900
2022-09-29 00:00:00-04:00,158.0533362636702,158.7084130938788,155.59443686061965,156.20204162597656,7008100
2022-09-30 00:00:00-04:00,156.64828173762263,157.35083076174718,155.05332436796854,155.09129333496094,8985200
2022-10-03 00:00:00-04:00,155.97420131940603,156.05965683998144,153.515301649728,154.9393768310547,8657000
2022-10-04 00:00:00-04:00,155.55646412192078,157.59763248299808,154.67353009373593,157.2368621826172,6236100
2022-10-05 00:00:00-04:00,156.66725977256596,157.63562045389438,155.8982615017998,156.75270080566406,4539400
2022-10-06 00:00:00-04:00,156.44887482341795,156.64825169961478,153.50579515001655,153.71466064453125,5890700
2022-10-07 00:00:00-04:00,153.58175592523847,154.00897555586687,151.1133533026996,152.09121704101562,6363500
2022-10-10 00:00:00-04:00,152.4994538771923,153.11654726712086,151.12283641491402,152.29058837890625,5315600
2022-10-11 00:00:00-04:00,152.25261855119118,155.80331785322687,152.25261855119118,154.4931640625,6212200
2022-10-12 00:00:00-04:00,154.69253078233248,156.5343368636412,154.27479977587805,154.45518493652344,4341700
2022-10-13 00:00:00-04:00,152.74629655347906,157.58815774850294,152.6133834552774,156.79066467285156,6465100
2022-10-14 00:00:00-04:00,156.1166131336451,157.29383931240534,155.31913453130272,156.13560485839844,5684600
2022-10-17 00:00:00-04:00,157.02799217421637,158.74638811745382,156.6577332663231,158.1577606201172,6710800
2022-10-18 00:00:00-04:00,156.64825994558086,158.70842017134075,154.79696522533038,157.6071319580078,10883600
2022-10-19 00:00:00-04:00,157.59763271505082,157.834978547453,155.59443331011877,156.35394287109375,10044600
2022-10-20 00:00:00-04:00,156.64826804750805,157.35081701023407,156.0121828792639,156.75270080566406,5659900
2022-10-21 00:00:00-04:00,156.37293779522648,160.7970531920813,156.10709712996885,160.17047119140625,8487600
2022-10-24 00:00:00-04:00,161.21479989397093,163.36990436252245,160.68314748452636,162.32557678222656,6855500
2022-10-25 00:00:00-04:00,161.55656924332825,162.44899194502668,159.99009244920032,162.06924438476562,5661900
2022-10-26 00:00:00-04:00,162.6483508499533,163.83507995263002,161.88884132695233,163.49330139160156,6123800
2022-10-27 00:00:00-04:00,163.6262250232895,164.6515462860548,163.02810888130958,163.58824157714844,5390900
2022-10-28 00:00:00-04:00,164.24333436879377,166.5123602005582,163.85408368342812,166.0186767578125,6073900
2022-10-31 00:00:00-04:00,165.6864247251491,166.2940296306107,164.6420970033665,165.1642608642578,7810000
2022-11-01 00:00:00-04:00,165.24968425152548,165.79083978220103,161.7939290047597,164.3287811279297,6985000
2022-11-02 00:00:00-04:00,164.13889529763404,165.1357507640179,161.670492665297,161.80340576171875,6877300
2022-11-03 00:00:00-04:00,161.21480815749945,162.79078822802128,160.38884915666412,162.07875061035156,4819900
2022-11-04 00:00:00-04:00,162.87623012795436,163.76865293132397,160.67366795191506,162.80027770996094,5300900
2022-11-07 00:00:00-05:00,162.98064479394856,165.0503081167298,162.7622906704908,164.22433471679688,6621000
2022-11-08 00:00:00-05:00,164.36674791987141,165.8477836631705,163.46482212682588,165.04080200195312,5148400
2022-11-09 00:00:00-05:00,165.44906101258806,166.1421068879741,163.61674338653083,163.72117614746094,6150000
2022-11-10 00:00:00-05:00,165.52499464806013,165.92373392097758,163.33190691735354,165.638916015625,7877500
2022-11-11 00:00:00-05:00,163.98698607034586,164.34775638798502,158.37614134190662,160.68313598632812,11074700
2022-11-14 00:00:00-05:00,161.63253135858162,164.49017031021344,161.63253135858162,163.20851135253906,6581500
2022-11-15 00:00:00-05:00,163.47432605093456,164.24332426869736,161.888857549257,163.66419982910156,9351000
2022-11-16 00:00:00-05:00,164.85093577232314,166.13260917848052,164.36675544528921,164.6800537109375,5500900
2022-11-17 00:00:00-05:00,164.2433320462057,166.13261027156707,164.22434032155746,166.00918579101562,4464100
2022-11-18 00:00:00-05:00,166.14209959728746,167.69908783691295,165.7813292596435,167.28135681152344,6555700
2022-11-21 00:00:00-05:00,168.06486899781638,168.6955099063126,167.05202943080715,168.1413116455078,5706600
2022-11-22 00:00:00-05:00,168.55219413633387,169.3070562578778,168.48531592426755,168.95352172851562,4707900
2022-11-23 00:00:00-05:00,168.59042166460273,169.50770437808367,168.17954421048114,169.1350555419922,5389200
2022-11-25 00:00:00-05:00,169.48859887951943,170.19566790960323,168.9917289216626,169.35482788085938,3058600
2022-11-28 00:00:00-05:00,168.88662809332945,169.8612537352911,168.7050786072836,169.44082641601562,6183100
2022-11-29 00:00:00-05:00,169.1350194153652,169.37389719721955,166.8895770139001,168.25595092773438,6700500
2022-11-30 00:00:00-05:00,168.52352084934168,170.0905587752127,167.00426140376052,170.0810089111328,13288000
2022-12-01 00:00:00-05:00,171.03651361352172,171.95381082796538,169.861238859344,170.7880859375,6282600
2022-12-02 00:00:00-05:00,169.603249529987,170.99830239200094,169.08727986208558,170.92185974121094,5823900
2022-12-05 00:00:00-05:00,170.42501143026976,171.38052281649468,170.08102674803095,170.82632446289062,5120600
2022-12-06 00:00:00-05:00,171.91556317477577,171.99200581584262,168.1030684637451,168.26551818847656,7943500
2022-12-07 00:00:00-05:00,168.7146353240848,169.96635278008375,168.3897504050145,169.28793334960938,5702600
2022-12-08 00:00:00-05:00,168.9535049974656,169.5745814734813,168.49484910323343,169.31658935546875,4798500
2022-12-09 00:00:00-05:00,169.2401501936698,169.9758979483761,167.84511191481587,167.9215545654297,4561000
2022-12-12 00:00:00-05:00,168.1222001798362,169.95678001560225,167.78777999297176,169.92811584472656,4882400
2022-12-13 00:00:00-05:00,171.13206054394266,172.18311410855688,170.37719853650273,171.23716735839844,9177500
2022-12-14 00:00:00-05:00,170.63519904728685,172.9857485337237,170.63519904728685,171.7626953125,9533600
2022-12-15 00:00:00-05:00,171.22763577164656,171.83916246947598,168.55220100116293,169.59371948242188,7602400
2022-12-16 00:00:00-05:00,169.12549175003033,169.12549175003033,167.08069825218254,167.8546600341797,18841800
2022-12-19 00:00:00-05:00,167.54890441311395,168.33241606072167,166.32585117298626,167.67311096191406,5736000
2022-12-20 00:00:00-05:00,168.1699804972053,168.59040778123946,167.37690440776717,167.8546600341797,6174700
2022-12-21 00:00:00-05:00,168.42797820667886,170.25299367937492,167.8355512959069,169.77523803710938,5472000
2022-12-22 00:00:00-05:00,168.90573186362064,169.61280087469783,167.5393431612303,169.15415954589844,5709100
2022-12-23 00:00:00-05:00,168.81017516312227,169.62236557865043,167.98843488362664,169.58413696289062,3683400
2022-12-27 00:00:00-05:00,170.1861016377854,170.41542957621263,169.11593375167953,169.53634643554688,3067300
2022-12-28 00:00:00-05:00,169.85166698352413,170.5109720494401,168.7910489600819,168.8006134033203,2645400
2022-12-29 00:00:00-05:00,169.65101837397762,170.36765178199505,169.1923770752308,169.6605682373047,2828800
2022-12-30 00:00:00-05:00,169.5936866241767,169.86122859139502,167.59665715323086,168.79104614257812,4216600
2023-01-03 00:00:00-05:00,168.32285615883478,170.4440921850419,168.17952073115148,170.26254272460938,6344900
2023-01-04 00:00:00-05:00,170.93138713471842,172.17355453185905,170.53962406839955,172.11622619628906,9788800
2023-01-05 00:00:00-05:00,171.05562684791704,171.98247392025925,170.47276440634045,170.8454132080078,6255300
2023-01-06 00:00:00-05:00,172.1162393162138,172.88063662200545,171.4091557704181,172.23089599609375,5706000
2023-01-09 00:00:00-05:00,171.32316439834915,171.76269139410405,167.38644826364512,167.76866149902344,7925300
2023-01-10 00:00:00-05:00,167.88332501050405,168.30375229655448,166.56472938964413,167.3673553466797,5047500
2023-01-11 00:00:00-05:00,167.7591128174791,167.9024336692906,164.45303756289994,167.0998077392578,6494800
2023-01-12 00:00:00-05:00,166.5073845845168,166.93737630944446,165.11234632924322,166.2589569091797,4269400
2023-01-13 00:00:00-05:00,165.4849963227126,166.26850796899362,164.71103454018623,165.7143096923828,6088000
2023-01-17 00:00:00-05:00,166.25896296715987,166.81316125997716,164.43393292045997,164.69192504882812,6053300
2023-01-18 00:00:00-05:00,164.01351163001476,164.34794642273695,162.15983192333124,162.2075958251953,7047800
2023-01-19 00:00:00-05:00,161.51008306791695,163.65998361531803,161.2043270160808,161.9878387451172,6939500
2023-01-20 00:00:00-05:00,162.53246705540272,162.54201691898155,160.0290177030313,161.23297119140625,8620600
2023-01-23 00:00:00-05:00,161.57695983821014,162.08337963942725,160.47811314164977,160.8220977783203,8425400
2023-01-24 00:00:00-05:00,161.50051718784505,163.38287553574435,158.6244189651443,160.8220977783203,10541800
2023-01-25 00:00:00-05:00,159.73281143253897,161.9687042236328,159.646818920561,161.9687042236328,7099800
2023-01-26 00:00:00-05:00,162.00693793129156,162.35092256996273,161.14696904464125,161.3762969970703,6946100
2023-01-27 00:00:00-05:00,161.041872682568,161.35719317015992,160.30613945813263,160.74566650390625,6058100
2023-01-30 00:00:00-05:00,160.45900646157355,161.04186894086243,153.91376276983002,154.79283142089844,23259100
2023-01-31 00:00:00-05:00,154.50616246773626,156.15919280782464,153.8850860022531,156.14964294433594,11612500
2023-02-01 00:00:00-05:00,155.7387865145176,158.5957558690671,155.1750237867457,157.58291625976562,9865300
2023-02-02 00:00:00-05:00,155.74833136368912,158.82507870794404,155.5763463396976,158.17532348632812,10099000
2023-02-03 00:00:00-05:00,158.64352152633722,158.93972766210462,156.59872816529327,157.2866973876953,6868500
2023-02-06 00:00:00-05:00,157.2294071142674,157.5160634563248,155.84391847092834,156.09234619140625,7021000
2023-02-07 00:00:00-05:00,154.41063028253558,156.58919485715032,154.23863066877905,156.1305389404297,7310800
2023-02-08 00:00:00-05:00,156.03498586981098,157.23892476384682,155.65277263206167,156.33119201660156,6054700
2023-02-09 00:00:00-05:00,156.3502980966446,157.4682444208419,153.90419182353492,154.21949768066406,7949500
2023-02-10 00:00:00-05:00,154.57305761038788,155.54766857909826,154.17174463857577,154.93614196777344,7028000
2023-02-13 00:00:00-05:00,154.15263618444723,155.5763532370329,153.9806365728859,155.50946044921875,6414700
2023-02-14 00:00:00-05:00,155.49987833075426,155.71964179666134,154.56346697526104,154.8310089111328,6316000
2023-02-15 00:00:00-05:00,154.74505183163245,154.7737160041836,152.2033882791657,152.2798309326172,12621800
2023-02-16 00:00:00-05:00,151.99317983799975,152.54736352645787,150.8943331648079,151.20010375976562,11177000
2023-02-17 00:00:00-05:00,151.1134916236375,155.0496374046177,150.7285293354573,154.35671997070312,12401900
2023-02-21 00:00:00-05:00,153.64455260528854,154.3182329465311,151.9507625712851,152.05662536621094,9423900
2023-02-22 00:00:00-05:00,152.5378118269639,152.87465198567907,151.45031357978408,151.8448944091797,9820200
2023-02-23 00:00:00-05:00,151.77754634549765,152.62443405241467,150.7766590307632,151.79678344726562,9385100
2023-02-24 00:00:00-05:00,150.7573800862692,150.9498685477576,149.37156008328452,150.10296630859375,8689700
2023-02-27 00:00:00-05:00,150.56491905134178,150.99798875672406,149.24645815045525,149.77577209472656,7267100
2023-02-28 00:00:00-05:00,149.15021994236216,149.42931943554,147.2831932369727,147.4949188232422,9062300
2023-03-01 00:00:00-05:00,147.25432332978232,147.47568215186013,146.19571008016268,146.8308868408203,6767000
2023-03-02 00:00:00-05:00,146.0417425977856,147.01374495556163,145.54129890679062,146.7154083251953,8762500
2023-03-03 00:00:00-05:00,147.60077543590364,148.32256317210553,147.09071327710572,148.22633361816406,5747200
2023-03-06 00:00:00-05:00,148.8422802640195,149.8720232816836,148.75566924740323,149.7084197998047,8148200
2023-03-07 00:00:00-05:00,150.21848403342892,150.37246896600485,147.58156181592037,148.29371643066406,7457700
2023-03-08 00:00:00-05:00,148.18784337059788,148.39956896703563,146.74426776841892,147.2062225341797,6230500
2023-03-09 00:00:00-05:00,147.68742708741777,147.82216023446853,145.04087158942627,145.55093383789062,7439400
2023-03-10 00:00:00-05:00,146.14759361281443,147.71628378957416,145.416187265609,145.90699768066406,8504300
2023-03-13 00:00:00-04:00,146.36893110889042,150.04524383383676,145.8685021658163,147.3024444580078,10799600
2023-03-14 00:00:00-04:00,147.51417145870755,148.23595922929158,146.1860772616938,148.13009643554688,8421200
2023-03-15 00:00:00-04:00,147.09070615809117,149.0635954785193,146.79236959113632,148.54391479492188,7757700
2023-03-16 00:00:00-04:00,147.6777623978589,148.56315355916206,146.85974513813733,148.23594665527344,7605500
2023-03-17 00:00:00-04:00,148.6690223699321,149.1213438609156,146.57103305839928,146.6480255126953,20540700
2023-03-20 00:00:00-04:00,146.7346588346445,148.27447878514656,146.64804781719172,148.1012420654297,7129000
2023-03-21 00:00:00-04:00,148.20710487058685,148.3322194634484,146.44594075832393,148.1012420654297,8376800
2023-03-22 00:00:00-04:00,148.06273448174343,148.26482683028547,145.34880546570272,145.36805725097656,7943500
2023-03-23 00:00:00-04:00,145.4931758015147,145.98400093768007,144.46343277185568,145.445068359375,9051500
2023-03-24 00:00:00-04:00,145.78189539515347,147.013745496899,145.15635179271496,146.9078826904297,5696200
2023-03-27 00:00:00-04:00,148.39955616068536,148.7267630779213,147.35056150464763,147.53341674804688,6772300
2023-03-28 00:00:00-04:00,146.65765141454213,147.6777757866869,146.02247464836563,146.10910034179688,6115300
2023-03-29 00:00:00-04:00,146.5133021046695,147.61041895272555,146.34969863524472,147.5430450439453,6012000
2023-03-30 00:00:00-04:00,147.80288992498427,148.0146155130769,147.06185036666008,147.6585235595703,4555700
2023-03-31 00:00:00-04:00,148.0049734463044,149.35231935238886,147.4756741924662,149.16946411132812,9890000
2023-04-03 00:00:00-04:00,149.121337210764,151.10384509484624,148.14933505264062,150.9498748779297,6841900
2023-04-04 00:00:00-04:00,151.06537090315447,152.9901383074785,150.69966039719375,152.5281982421875,8314500
2023-04-05 00:00:00-04:00,158.18699483013378,159.42847795411208,156.63755657624432,159.38035583496094,16704200
2023-04-06 00:00:00-04:00,159.74606600755178,160.93941232524526,158.6008271241067,158.93765258789062,9615400
2023-04-10 00:00:00-04:00,158.4372220744712,158.63931441374822,157.48445699202446,158.13888549804688,5354000
2023-04-11 00:00:00-04:00,158.23512621723205,159.06277678675735,157.86941571203417,158.0907745361328,5903800
2023-04-12 00:00:00-04:00,157.7731885536209,158.63932802301545,156.96478975754468,157.75393676757812,5764100
2023-04-13 00:00:00-04:00,158.00414882959024,160.0732825956372,157.64807155970166,159.86155700683594,5640600
2023-04-14 00:00:00-04:00,159.72681440182913,159.87116607435405,157.88865811936415,159.60169982910156,7225100
2023-04-17 00:00:00-04:00,159.5054842611875,159.98667612487355,158.73557434232774,159.4381103515625,8046400
2023-04-18 00:00:00-04:00,158.07152824155457,158.49497943390222,153.6445571931333,154.95339965820312,14571500
2023-04-19 00:00:00-04:00,155.89654848590737,156.5605809361938,155.10738676454264,156.41622924804688,6752000
2023-04-20 00:00:00-04:00,156.31997722983218,157.65770466928726,154.905286701875,157.42672729492188,9498800
2023-04-21 00:00:00-04:00,158.25437715471966,158.76443933828278,155.87728825329464,156.57020568847656,7014200
2023-04-24 00:00:00-04:00,156.57018363439514,157.64804852182624,155.78102206694896,157.52293395996094,5278900
2023-04-25 00:00:00-04:00,158.12925315118824,159.13014035782766,157.9849014794657,158.96652221679688,6263100
2023-04-26 00:00:00-04:00,157.9175433986283,158.20626145581036,156.1371423014914,156.50283813476562,5518200
2023-04-27 00:00:00-04:00,156.77228603738308,157.26311108252847,156.03126122203707,156.8685302734375,5739700
2023-04-28 00:00:00-04:00,156.68570009676745,157.5999617462804,156.44510415295818,157.54222106933594,6023400
2023-05-01 00:00:00-04:00,157.44598388671875,158.11964955983586,156.13714142831532,157.44598388671875,4893400
2023-05-02 00:00:00-04:00,158.15814219296757,159.2552590822561,157.40748404160232,158.8221893310547,7541700
2023-05-03 00:00:00-04:00,159.32260382091647,159.92889548765956,156.39694952863982,156.743408203125,5937200
2023-05-04 00:00:00-04:00,156.56057982690695,156.77230542456266,155.18437812695524,156.03128051757812,5128000
2023-05-05 00:00:00-04:00,156.7145470391931,156.993646515839,155.6078117368204,156.56056213378906,5193700
2023-05-08 00:00:00-04:00,155.89654313859498,156.45472745496812,155.27098491352385,156.20449829101562,4994900
2023-05-09 00:00:00-04:00,155.66556323500723,156.03127373958256,154.74166842311527,154.9918975830078,5520500
2023-05-10 00:00:00-04:00,155.13623573033098,155.87727522528962,154.03911899712335,155.56930541992188,6756600
2023-05-11 00:00:00-04:00,155.74257245337992,156.08903120952252,153.39435362672592,154.93417358398438,5867600
2023-05-12 00:00:00-04:00,155.29022467843717,155.4826984694018,153.99100089101017,154.73204040527344,3904200
2023-05-15 00:00:00-04:00,154.7513042280822,154.9726483706697,152.96126993172535,153.54832458496094,5104500
2023-05-16 00:00:00-04:00,153.07674041888097,154.22197930745742,152.56667826116677,153.34620666503906,5599200
2023-05-17 00:00:00-04:00,153.7792640037105,154.03911167904363,151.83525976771432,153.00936889648438,6840700
2023-05-18 00:00:00-04:00,152.69180665438975,152.9516396893252,151.63317867380331,152.51856994628906,5173000
2023-05-19 00:00:00-04:00,152.6244184910504,153.9140090489249,152.1913487884578,152.93238830566406,6524000
2023-05-22 00:00:00-04:00,153.2038882434465,154.3092827946446,152.02092032779163,152.10818481445312,5675900
2023-05-23 00:00:00-04:00,152.3312236243159,153.46570641100791,151.6233721762817,152.05001831054688,5793000
2023-05-24 00:00:00-04:00,152.31182061022966,152.36999693614678,151.1870289904763,151.90457153320312,5015100
2023-05-25 00:00:00-04:00,151.31308688868486,151.5457921913203,149.05381253675654,149.72286987304688,6886100
2023-05-26 00:00:00-04:00,149.99436380751308,150.566450716518,149.5192325058818,149.66468811035156,6845400
2023-05-30 00:00:00-04:00,149.29621476103546,150.66341751405992,148.66595154356756,149.68406677246094,5593100
2023-05-31 00:00:00-04:00,150.00407662669264,150.96403049086183,149.17988726457514,150.3531494140625,11324600
2023-06-01 00:00:00-04:00,149.8489227294922,150.33374520017796,148.50111685281004,149.8489227294922,7901300
2023-06-02 00:00:00-04:00,150.02343845016617,152.53481482760958,149.4125575167754,152.20513916015625,7657200
2023-06-05 00:00:00-04:00,151.99182594167505,153.82445406455426,151.99182594167505,153.51417541503906,6430500
2023-06-06 00:00:00-04:00,154.7359450538304,154.76503321908734,152.6221113396429,153.37843322753906,5073600
2023-06-07 00:00:00-04:00,153.30085032066265,153.97959872828218,152.66088119536187,153.70809936523438,6504300
2023-06-08 00:00:00-04:00,153.68870931453606,155.5504256582047,153.02935791589783,155.39527893066406,5818400
2023-06-09 00:00:00-04:00,155.55043577444292,155.85102333134768,154.62927606262295,155.1528778076172,6264400
2023-06-12 00:00:00-04:00,155.14317401528322,155.3855852246821,153.9117209287672,155.04620361328125,6510600
2023-06-13 00:00:00-04:00,154.88136701041174,155.9576733806122,154.31897122461632,155.8607177734375,6066800
2023-06-14 00:00:00-04:00,156.6946320967948,157.16005753673315,156.09344215811618,156.6558380126953,6699100
2023-06-15 00:00:00-04:00,157.13095246811966,158.93449249892407,156.52976259411392,158.75994873046875,7138300
2023-06-16 00:00:00-04:00,159.48719272478806,159.98172110449752,158.89570873018403,159.24478149414062,13425100
2023-06-20 00:00:00-04:00,159.27387092836636,160.29200106432654,158.8375336688427,159.1478271484375,7995800
2023-06-21 00:00:00-04:00,158.61449910695373,159.9138195957699,157.75151582162295,158.9053955078125,7177500
2023-06-22 00:00:00-04:00,158.92478475018132,160.68954547633422,158.81812322502256,160.5925750732422,5485900
2023-06-23 00:00:00-04:00,161.06771390343988,161.22286063739594,160.0204956426468,160.4568328857422,9450700
2023-06-26 00:00:00-04:00,159.97200607837118,159.97200607837118,156.43280823065933,158.66299438476562,6978800
2023-06-27 00:00:00-04:00,158.71147391647872,158.90541473759117,157.5091236809828,158.33331298828125,4927500
2023-06-28 00:00:00-04:00,158.24604148369178,158.24604148369178,156.99520609834678,158.01333618164062,6780400
2023-06-29 00:00:00-04:00,157.70304062141028,159.33205169214384,157.3054826748829,159.1187286376953,4547500
2023-06-30 00:00:00-04:00,159.8556515715552,160.90286979163616,159.36113802135293,160.49562072753906,7580000
2023-07-03 00:00:00-04:00,159.35141834769084,159.39990354543258,158.01331862276996,158.3914794921875,4033700
2023-07-05 00:00:00-04:00,158.04241791054724,158.9441805104984,157.79030078277984,157.8678741455078,7224600
2023-07-06 00:00:00-04:00,157.32487381756192,157.441226462679,156.11281777890582,156.69461059570312,6332500
2023-07-07 00:00:00-04:00,155.59890720847955,156.15159706841408,154.36745413038528,154.4159393310547,7021700
2023-07-10 00:00:00-04:00,154.5904716802986,155.43407276270273,154.17353149575453,154.6680450439453,5739200
2023-07-11 00:00:00-04:00,154.29959600433165,155.4340787496003,152.81604050701054,153.8147735595703,6607000
2023-07-12 00:00:00-04:00,154.11535880741235,154.11535880741235,153.08753760715862,153.28146362304688,6940400
2023-07-13 00:00:00-04:00,153.2038784093272,154.29958176798763,152.63179152823767,153.98928833007812,6401700
2023-07-14 00:00:00-04:00,154.34806303490063,155.36619310574218,154.15413702036093,155.01712036132812,5361700
2023-07-17 00:00:00-04:00,154.9007760044018,155.0171286602333,153.34933821381432,154.24142456054688,5486800
2023-07-18 00:00:00-04:00,154.24141062942826,156.00615653111214,153.38811844211395,154.23170471191406,6332500
2023-07-19 00:00:00-04:00,153.11661029589882,155.54072223853947,152.5542145497336,153.92141723632812,7522600
2023-07-20 00:00:00-04:00,157.024283846727,164.00572356175616,156.40371175640453,163.268798828125,21892900
2023-07-21 00:00:00-04:00,163.074869065134,165.63474575601924,163.074869065134,165.02386474609375,12076500
2023-07-24 00:00:00-04:00,166.29408987719208,168.54367300541003,165.7995763357539,165.8868408203125,15155400
2023-07-25 00:00:00-04:00,165.27597569804664,167.43827975360733,164.5972272047773,167.15708923339844,13790100
2023-07-26 00:00:00-04:00,166.77892053785996,168.5727694967715,166.1971276875084,167.47706604003906,14288200
2023-07-27 00:00:00-04:00,166.95345971882995,168.99941114694028,166.81771001819928,168.41763305664062,12446400
2023-07-28 00:00:00-04:00,168.7182141129635,170.03693178061323,167.9715833904982,169.1836395263672,14138800
2023-07-31 00:00:00-04:00,164.53904715233978,165.0529577710135,161.64950946318433,162.44461059570312,22632700
2023-08-01 00:00:00-04:00,161.3197966852173,163.95723166018558,161.01920917188576,163.7633056640625,15810300
2023-08-02 00:00:00-04:00,163.72452874320243,166.0419791999518,163.72452874320243,164.75234985351562,14595600
2023-08-03 00:00:00-04:00,164.79116292718336,166.11958662317343,164.51966351390254,165.46022033691406,17424800
2023-08-04 00:00:00-04:00,165.1692782794598,167.43824337641396,162.7936516713358,163.9087371826172,23414300
2023-08-07 00:00:00-04:00,164.34513159708106,168.0782558611526,164.21907301615227,167.84555053710938,17736400
2023-08-08 00:00:00-04:00,167.73889084355608,168.28188966644083,166.18745295336402,167.92311096191406,27378700
2023-08-09 00:00:00-04:00,167.74856978063386,168.96062592066735,166.82741007332987,167.8164520263672,42974400
2023-08-10 00:00:00-04:00,168.71822341855903,170.62842517769366,166.42986071600023,166.9437713623047,48213800
2023-08-11 00:00:00-04:00,167.24434561165884,168.669724776169,166.4104504187863,168.57276916503906,45904100
2023-08-14 00:00:00-04:00,168.2527747777654,170.2696377964423,166.53649928861526,168.17520141601562,64036900
2023-08-15 00:00:00-04:00,167.55463422299792,169.26120384463763,166.91466506653063,167.6903839111328,88958100
2023-08-16 00:00:00-04:00,167.2928389320523,169.426054823302,166.90498687750053,167.15708923339844,85832700
2023-08-17 00:00:00-04:00,167.61281954643104,170.06601998233097,167.51584913729693,168.7279052734375,70904200
2023-08-18 00:00:00-04:00,167.91341028656896,168.70852622885363,166.10987012995054,167.25405883789062,49617200
2023-08-21 00:00:00-04:00,164.53904609031386,164.69419282586492,160.9222747419715,162.27008056640625,151319500
2023-08-22 00:00:00-04:00,161.7949516716993,162.74519954893572,160.38896949917856,160.98045349121094,56835400
2023-08-23 00:00:00-04:00,160.86408383419067,161.44587669548028,158.50785381674262,159.53567504882812,119011400
2023-08-24 00:00:00-04:00,159.05083792037067,161.61069964174897,158.88600007719015,160.0786590576172,70755100
2023-08-25 00:00:00-04:00,160.4693382022048,163.86819761165214,160.23492845212832,162.37387084960938,18185500
2023-08-28 00:00:00-04:00,161.1530170822471,162.3348124315166,159.3656818316986,160.45956420898438,18458000
2023-08-29 00:00:00-04:00,161.02605193585242,161.81716440507594,158.97502236805627,160.47911071777344,12208600
2023-08-30 00:00:00-04:00,161.2604582200128,161.96367260036737,159.86379094404765,159.91262817382812,9939100
2023-08-31 00:00:00-04:00,159.56101560030683,159.756364512838,157.51974763041102,157.91041564941406,15333000
2023-09-01 00:00:00-04:00,157.6564895971426,158.69177330402587,156.27936018189743,156.7384033203125,8609500
2023-09-05 00:00:00-04:00,156.81653365372262,158.19366301404386,156.543063059152,156.93373107910156,9019800
2023-09-06 00:00:00-04:00,156.1133240764466,156.26959725042425,153.68138800717617,154.32598876953125,9753800
2023-09-07 00:00:00-04:00,155.42964016299095,157.30487345227914,155.27336699645957,156.29888916015625,9931800
2023-09-08 00:00:00-04:00,155.86915792257986,156.9337410118983,155.47848987790374,156.81654357910156,6957000
2023-09-11 00:00:00-04:00,157.3048671728529,158.89686832440293,156.7090887893856,158.86756896972656,6309300
2023-09-12 00:00:00-04:00,158.4378363900465,160.1079593363498,157.76392137896522,159.76612854003906,6045800
2023-09-13 00:00:00-04:00,159.94193191764992,161.10418946436283,159.19965667493142,160.1665802001953,7397500
2023-09-14 00:00:00-04:00,160.8404651029764,161.41672053075592,159.6293853428948,159.92239379882812,7758400
2023-09-15 00:00:00-04:00,160.1568028850764,160.97722961526205,157.4513961524552,157.685791015625,13388900
2023-09-18 00:00:00-04:00,158.3401611383109,159.34614545608886,157.00210751045725,158.6820068359375,5789000
2023-09-19 00:00:00-04:00,158.46714167409615,159.05315863687665,157.61743049079186,158.41830444335938,5550800
2023-09-20 00:00:00-04:00,158.40854098572663,159.7270567810173,157.89089913303005,159.11175537109375,3837400
2023-09-21 00:00:00-04:00,158.7796712345144,159.68798103742017,157.82250930300842,157.89088439941406,4526700
2023-09-22 00:00:00-04:00,157.53930084623914,157.6369604089869,156.51377856768553,156.75794982910156,4976700
2023-09-25 00:00:00-04:00,156.33798666634496,156.62121877995966,155.02921734324417,156.52354431152344,6722500
2023-09-26 00:00:00-04:00,156.08401348841699,156.34772258765074,155.1561658021105,155.31243896484375,4904800
2023-09-27 00:00:00-04:00,154.88270380123978,155.05849994178416,151.64010255847563,153.4469757080078,10211600
2023-09-28 00:00:00-04:00,153.82789101910188,154.2771726867134,152.57773538274466,153.22235107421875,7861900
2023-09-29 00:00:00-04:00,153.70090773110883,153.92555600259433,151.72801483766344,152.11868286132812,7679900
2023-10-02 00:00:00-04:00,151.7963781854953,151.7963781854953,149.7453486641484,151.5326690673828,7259700
2023-10-03 00:00:00-04:00,151.07361558019736,151.8745043643831,150.30204105426415,151.71823120117188,5740800
2023-10-04 00:00:00-04:00,151.94288019536788,152.2944724597467,150.96619527512675,151.89404296875,4955200
2023-10-05 00:00:00-04:00,152.62656144472362,154.35528307757562,152.4312274351563,153.4762725830078,5993300
2023-10-06 00:00:00-04:00,153.4176584762556,154.60921518899207,152.93907753326206,153.964599609375,5801100
2023-10-09 00:00:00-04:00,153.51533578000033,155.1757121443817,153.42743770980036,154.8436279296875,4414100
2023-10-10 00:00:00-04:00,154.6873692930174,155.55661831443885,154.21854978034102,154.66783142089844,5273500
2023-10-11 00:00:00-04:00,154.76550594123677,155.34174649322665,152.4019152138667,152.5386505126953,6922900
2023-10-12 00:00:00-04:00,152.28470576615723,152.90978349760724,151.454532554169,152.68515014648438,5792400
2023-10-13 00:00:00-04:00,153.0758418605765,153.6911582035977,152.41170318807124,153.19305419921875,5359800
2023-10-16 00:00:00-04:00,154.14042471327613,154.56039208491842,153.18326273985178,153.857177734375,6408100
2023-10-17 00:00:00-04:00,152.34330869225963,155.2440640786895,151.00525512922997,152.45074462890625,12244400
2023-10-18 00:00:00-04:00,151.78662148546894,152.31402483528893,148.50495924483724,149.16909790039062,9097300
2023-10-19 00:00:00-04:00,148.13380732792095,149.54023606651302,146.6492420035149,148.76866149902344,7733800
2023-10-20 00:00:00-04:00,149.1788675660584,150.2825114472337,148.77842315194482,149.43280029296875,7206600
2023-10-23 00:00:00-04:00,149.29606439497408,149.92114217665787,147.68454016340763,147.86033630371094,5874000
2023-10-24 00:00:00-04:00,147.23526640930302,148.4170618379815,146.62972646733573,147.70407104492188,6155300
2023-10-25 00:00:00-04:00,147.71384024279294,148.6221501115302,146.72737888505426,148.03614807128906,5880800
2023-10-26 00:00:00-04:00,148.42681759439608,148.42681759439608,145.40886458309504,145.52606201171875,7612500
2023-10-27 00:00:00-04:00,145.0279564902273,145.19399114668337,141.57048335240324,142.20533752441406,11385800
2023-10-30 00:00:00-04:00,142.6839034910925,143.80710014684016,142.59600542064257,143.60198974609375,8205300
2023-10-31 00:00:00-04:00,144.10008828292501,145.07677321474188,143.2210778055016,144.88143920898438,7576900
2023-11-01 00:00:00-04:00,145.7116243160509,146.26832696597302,144.998648503578,145.22328186035156,5733000
2023-11-02 00:00:00-04:00,144.26614037093634,146.8934103651434,144.10009081494394,146.73715209960938,5349100
2023-11-03 00:00:00-04:00,147.68454925946008,148.719833001979,146.64925061391034,147.81150817871094,4925500
2023-11-06 00:00:00-05:00,148.2412530460447,148.87609235598063,147.8408086059776,148.16311645507812,4851400
2023-11-07 00:00:00-05:00,148.38774399520167,148.70029034675778,147.16688775261744,147.3817596435547,4840400
2023-11-08 00:00:00-05:00,147.82127419031355,148.29007879678448,146.83481284589027,146.84458923339844,5460000
2023-11-09 00:00:00-05:00,146.99108636017223,146.99108636017223,143.8266217272612,143.98289489746094,6973600
2023-11-10 00:00:00-05:00,144.7935489984846,145.03772024468776,142.2444005920022,143.81686401367188,6930700
2023-11-13 00:00:00-05:00,143.81687371060497,144.45171303232556,143.23085671899275,144.18801879882812,5889300
2023-11-14 00:00:00-05:00,144.19776254358075,145.07677301982318,143.54338542850618,144.21730041503906,6713600
2023-11-15 00:00:00-05:00,143.91452884155007,145.9362588752277,143.83639225963088,145.33071899414062,6729100
2023-11-16 00:00:00-05:00,146.01441635286696,146.66879355417825,145.1744666058195,146.60043334960938,6875600
2023-11-17 00:00:00-05:00,147.03992806900445,147.27432292841624,145.59443845818748,146.29763793945312,7023300
2023-11-20 00:00:00-05:00,145.61834378688766,148.06975508428388,145.25406620728083,147.5873565673828,8851700
2023-11-21 00:00:00-05:00,147.77440930869344,148.94595924770474,147.2919957886007,148.77859497070312,5916300
2023-11-22 00:00:00-05:00,149.28069354082788,149.68432970267233,148.05990033332895,148.48324584960938,4633500
2023-11-24 00:00:00-05:00,148.52263243483137,150.31442622692003,148.52263243483137,150.13722229003906,3351400
2023-11-27 00:00:00-05:00,149.93045740238995,149.96000641189224,148.63091690161943,148.9361114501953,6449700
2023-11-28 00:00:00-05:00,149.05425340997846,149.45790461351058,148.502932264849,149.28070068359375,5909000
2023-11-29 00:00:00-05:00,148.98533642920162,149.84185208146894,148.72937020570325,149.7532501220703,5190000
2023-11-30 00:00:00-05:00,149.9009240323308,152.7363069873186,149.56619549524865,152.2637481689453,12481900
2023-12-01 00:00:00-05:00,154.01617226459177,156.0048792522376,153.06119992520797,155.92611694335938,10342500
2023-12-04 00:00:00-05:00,155.55199512886608,157.5407020576644,155.55199512886608,156.41836547851562,8920300
2023-12-05 00:00:00-05:00,156.339617197237,157.15675930080363,155.7686016903215,156.09349060058594,7268200
2023-12-06 00:00:00-05:00,156.06394565039201,156.20177593394178,153.75034979540587,154.19337463378906,6642900
2023-12-07 00:00:00-05:00,154.1540043442455,154.1540043442455,152.31298229770297,152.99227905273438,6532400
2023-12-08 00:00:00-05:00,153.0119875088502,153.43533308527762,151.45646554716222,152.02748107910156,6253700
2023-12-11 00:00:00-05:00,152.10624106722173,153.0710531473376,151.95857111397083,152.65756225585938,6090400
2023-12-12 00:00:00-05:00,152.59849677269787,152.91354604129165,151.26940708217882,152.66741943359375,5324400
2023-12-13 00:00:00-05:00,151.2792476747997,153.52392092620704,149.41853129475479,153.37623596191406,10764600
2023-12-14 00:00:00-05:00,154.04571760910818,154.72502942868525,152.64772032379943,154.43951416015625,9240700
2023-12-15 00:00:00-05:00,153.0809008676508,154.26230550708544,151.377694031571,152.75601196289062,21712500
2023-12-18 00:00:00-05:00,152.80524498031966,154.01618364626432,152.3622050823425,153.03167724609375,7231400
2023-12-19 00:00:00-05:00,152.89384241738128,154.07524705808004,152.53941952293414,154.03587341308594,6651500
2023-12-20 00:00:00-05:00,154.11461917451123,154.23277015307178,150.737769566289,150.89529418945312,7008300
2023-12-21 00:00:00-05:00,151.308787420994,152.72647900685703,150.92483053502067,152.4409637451172,4598600
2023-12-22 00:00:00-05:00,152.8446081442826,154.1047750482877,152.61817589403742,153.05136108398438,3798500
2023-12-26 00:00:00-05:00,152.59848852576,153.92757814445054,152.45081857807222,153.7208251953125,4170000
2023-12-27 00:00:00-05:00,153.09074533740807,154.09494607257454,153.01198302265232,153.92758178710938,5288100
2023-12-28 00:00:00-05:00,153.5829914690916,154.8037847580547,153.5731518135908,154.1540069580078,4377500
2023-12-29 00:00:00-05:00,154.0850914079553,154.46904830343908,153.56330421723058,154.31153869628906,4311100
2024-01-02 00:00:00-05:00,154.49857781105646,159.13560943493744,154.3607475198145,157.49148559570312,9622100
2024-01-03 00:00:00-05:00,158.15109377950645,158.9387018356765,157.32411208059625,158.47598266601562,8232000
2024-01-04 00:00:00-05:00,159.0863835888367,159.4703404791586,157.93451291787102,158.14126586914062,6766600
2024-01-05 00:00:00-05:00,158.01327059107848,158.84025232711977,156.99923024328086,158.63351440429688,5602500
2024-01-08 00:00:00-05:00,158.60396748459235,159.15528859700487,157.13704772148688,159.0272979736328,6569800
2024-01-09 00:00:00-05:00,159.12576293945312,160.75019237515028,158.11172262125135,159.12576293945312,6357000
2024-01-10 00:00:00-05:00,159.31283198625584,160.10042508404217,158.7024278063834,159.36204528808594,4945100
2024-01-11 00:00:00-05:00,159.55895733783834,159.68693295292192,158.28893568618955,158.6531982421875,4946000
2024-01-12 00:00:00-05:00,159.33251139807226,159.95275523422504,159.18484144773848,159.87399291992188,4496500
2024-01-16 00:00:00-05:00,159.06669362675802,159.7361507148541,157.69821541795267,158.032958984375,6923200
2024-01-17 00:00:00-05:00,157.76714725878216,158.80088196136467,157.3930300275451,157.94435119628906,5072100
2024-01-18 00:00:00-05:00,157.5210057984532,158.86977460344283,157.21581125329848,158.71226501464844,5368500
2024-01-19 00:00:00-05:00,158.65318539316402,159.41125945595763,157.79666971307682,159.1749725341797,7055800
2024-01-22 00:00:00-05:00,159.49002435658477,161.04554614990798,158.84024657791034,159.95274353027344,6824200
2024-01-23 00:00:00-05:00,157.1862839171873,158.02310528247395,154.4788915154743,157.33395385742188,9149800
2024-01-24 00:00:00-05:00,157.2749000657829,158.11173652891733,155.7095384686204,156.4971466064453,7247900
2024-01-25 00:00:00-05:00,156.53650844167942,157.14689756680784,156.0147212819971,157.08782958984375,5478900
2024-01-26 00:00:00-05:00,157.94434651209852,158.24955609937848,156.89093252928447,157.0287628173828,5591900
2024-01-29 00:00:00-05:00,156.54634694951713,157.5899362836065,156.49713365065753,156.89093017578125,6483200
2024-01-30 00:00:00-05:00,156.8810893252803,157.2847255026259,155.67999040371674,156.31007385253906,7200500
2024-01-31 00:00:00-05:00,157.9148088065764,158.13140140025794,156.21161706751164,156.43804931640625,8256800
2024-02-01 00:00:00-05:00,155.70953483120604,156.03442374380842,154.61673213331636,155.90643310546875,8012000
2024-02-02 00:00:00-05:00,155.52246188782843,155.8571904254811,153.52391529451384,154.18353271484375,8295500
2024-02-05 00:00:00-05:00,154.18354088375455,154.4592014614116,152.93321360642625,153.38609313964844,9121600
2024-02-06 00:00:00-05:00,153.4156238073535,156.27068616658403,153.18919155683164,155.61106872558594,9229900
2024-02-07 00:00:00-05:00,155.355114172551,156.9007814213332,155.24681786678596,155.53231811523438,8690300
2024-02-08 00:00:00-05:00,154.90222977996416,154.90222977996416,152.90368303608093,153.97679138183594,9755000
2024-02-09 00:00:00-05:00,153.84880878678297,154.76439246527264,153.2580989783303,154.33120727539062,6529200
2024-02-12 00:00:00-05:00,154.15401530581872,155.9556638367624,153.92758303804047,155.4043426513672,6701500
2024-02-13 00:00:00-05:00,155.1975706274283,155.99501831706687,153.3368543441471,154.0457000732422,8621000
2024-02-14 00:00:00-05:00,153.92757584945576,154.0358721502705,152.44096162714627,153.3270263671875,9098800
2024-02-15 00:00:00-05:00,153.563291421665,156.02455721900972,153.47468945833043,155.47323608398438,7462500
2024-02-16 00:00:00-05:00,155.34429509102466,155.9989913189052,154.4217445074098,155.29469299316406,8540700
2024-02-20 00:00:00-05:00,155.30459845779825,157.33816326206028,155.18556553890255,156.59417724609375,9501700
2024-02-21 00:00:00-05:00,156.75289658853598,157.41752227421884,155.87003379574122,157.4075927734375,7473300
2024-02-22 00:00:00-05:00,157.70519256023906,159.45108944321217,156.50490358962935,159.1634063720703,8065000
2024-02-23 00:00:00-05:00,159.58997317393997,160.94898285422707,158.8757453519001,160.54226684570312,6726000
2024-02-26 00:00:00-05:00,160.50259757194945,160.71090519476928,159.28246465755595,159.5006866455078,5465400
2024-02-27 00:00:00-05:00,159.05429571080916,159.7486796708022,158.35991175081608,159.6891632080078,5078600
2024-02-28 00:00:00-05:00,159.70900011627094,160.3141093557092,159.0046866855407,160.2545928955078,6071100
2024-02-29 00:00:00-05:00,160.7009916605208,160.8894705540511,159.64949376654707,160.08596801757812,9849100
2024-03-01 00:00:00-05:00,160.53235463192573,161.26642633009084,159.79828293376062,160.8200225830078,5668000
2024-03-04 00:00:00-05:00,160.02644720777573,160.3141151546329,157.0009009011435,158.5583038330078,8532900
2024-03-05 00:00:00-05:00,159.33205299532528,159.94709177683362,157.92344117621406,158.68727111816406,8298200
2024-03-06 00:00:00-05:00,158.18136495850894,159.6395637302088,157.9432839669889,158.06231689453125,5773700
2024-03-07 00:00:00-05:00,158.7170284518269,159.07414237130092,156.97114658797355,157.59608459472656,5188700
2024-03-08 00:00:00-05:00,157.59607826011165,159.10389420799885,157.15960402758367,158.24087524414062,5283200
2024-03-11 00:00:00-04:00,158.21111118373526,160.02643887316745,157.60600195392453,159.93714904785156,4620800
2024-03-12 00:00:00-04:00,160.2843565362313,161.8020868683378,159.8379679332179,161.43505859375,8018700
2024-03-13 00:00:00-04:00,161.22673844062408,161.37552959855066,158.52854777636412,159.80821228027344,6260000
2024-03-14 00:00:00-04:00,159.6494884466828,160.2446682029908,157.4175303035492,157.93336486816406,6988300
2024-03-15 00:00:00-04:00,156.79257291422462,157.9135167059397,155.84027927546526,156.91160583496094,13165500
2024-03-18 00:00:00-04:00,157.29848967782556,157.417522595972,155.2450810211942,155.50299072265625,6602300
2024-03-19 00:00:00-04:00,155.4137156624865,155.60219454005724,154.41181995213609,154.95741271972656,7840600
2024-03-20 00:00:00-04:00,154.45150038375195,155.18557206616438,153.96543918686083,154.51101684570312,5982300
2024-03-21 00:00:00-04:00,154.34237798060593,155.6914732514927,153.8563167958208,154.5010986328125,5915800
2024-03-22 00:00:00-04:00,154.44157808868516,155.10620377373766,153.86622709197536,153.98526000976562,7245400
2024-03-25 00:00:00-04:00,154.15390644558073,154.7292574849265,153.65791573612077,153.97535705566406,7498100
2024-03-26 00:00:00-04:00,154.3622296571448,154.977253295023,153.51903939401126,154.5209503173828,6864100
2024-03-27 00:00:00-04:00,154.73918530759317,156.95129960958243,154.1935925058196,156.69338989257812,8461600
2024-03-28 00:00:00-04:00,156.93145367147469,157.86391860466227,156.8421789786635,156.92153930664062,6181500
2024-04-01 00:00:00-04:00,156.45529982497413,156.88184454023673,155.51292056920647,156.5148162841797,4364700
2024-04-02 00:00:00-04:00,155.31453827561924,156.56442941635223,154.6994995021236,156.46522521972656,6102300
2024-04-03 00:00:00-04:00,156.52473379860098,156.7826586422613,153.0131264068953,153.02304077148438,8098200
2024-04-04 00:00:00-04:00,154.06462590408617,154.2531047883581,151.18788595296076,151.27716064453125,6947400
2024-04-05 00:00:00-04:00,150.81093113424365,151.78306866870682,150.39430076233086,151.1680450439453,6778100
2024-04-08 00:00:00-04:00,150.7712523093328,151.8128206278663,150.3446924537176,150.37445068359375,5935400
2024-04-09 00:00:00-04:00,150.33477588934542,151.30691336942047,149.72966666332815,151.06883239746094,6135600
2024-04-10 00:00:00-04:00,150.31494256674492,150.60262565342725,148.55913122442865,148.99560546875,6809500
2024-04-11 00:00:00-04:00,149.59080090744436,149.6602317357793,147.20012205658864,147.59690856933594,8374400
2024-04-12 00:00:00-04:00,146.87276045223032,147.87467133165168,145.9700537652148,146.33709716796875,7097500
2024-04-15 00:00:00-04:00,147.18026890475122,148.29129831593468,146.18828754902964,146.40652465820312,8502300
2024-04-16 00:00:00-04:00,143.847209401927,145.07727171895095,142.2402044665452,143.2917022705078,12774900
2024-04-17 00:00:00-04:00,143.83729759338644,144.244013584843,142.3889981437943,143.60914611816406,9378100
2024-04-18 00:00:00-04:00,143.8174498537744,144.63088181477534,141.98229346405142,144.5713653564453,9887700
2024-04-19 00:00:00-04:00,144.97807160214833,146.94220561882327,143.38098098624056,146.72396850585938,9747700
2024-04-22 00:00:00-04:00,147.31914613680726,149.06504301550106,146.11885716913957,147.92425537109375,10118700
2024-04-23 00:00:00-04:00,148.65833047403754,149.28328358819712,147.01163774759348,148.36073303222656,10110400
2024-04-24 00:00:00-04:00,146.95211713531722,147.79530734055692,145.68238221346436,147.3389892578125,9756300
2024-04-25 00:00:00-04:00,148.17225589829084,148.38057865094996,145.1566391221869,145.64271545410156,7642700
2024-04-26 00:00:00-04:00,145.52366204531978,145.9998088584805,144.77967602756615,144.96815490722656,6183000
2024-04-29 00:00:00-04:00,144.96816023559887,146.03950195691385,144.81936908115296,145.64271545410156,6149600
2024-04-30 00:00:00-04:00,145.7022336632374,145.7022336632374,143.37107130606256,143.4305877685547,8817700
2024-05-01 00:00:00-04:00,147.5473209840948,150.63238378743966,146.43629150751374,149.96774291992188,14470900
2024-05-02 00:00:00-04:00,150.82084545663201,151.10852853915128,147.94410545004888,148.7178497314453,8459800
2024-05-03 00:00:00-04:00,148.68808267009456,148.68808267009456,146.63468916416127,148.07305908203125,6532700
2024-05-06 00:00:00-04:00,148.66824490403891,148.8468094237778,146.72396987136455,147.3885955810547,5042800
2024-05-07 00:00:00-04:00,148.18217713623446,148.52936152272594,147.25962662081096,147.5274658203125,7333500
2024-05-08 00:00:00-04:00,147.92426551934622,148.52937479514586,147.50763513646643,147.75563049316406,7735100
2024-05-09 00:00:00-04:00,147.78538811071473,148.89641759687765,147.69611341541918,148.64842224121094,6546200
2024-05-10 00:00:00-04:00,148.7972062095361,148.88648090051754,147.99370371783414,148.7079315185547,5710600
2024-05-13 00:00:00-04:00,148.8368850877305,150.78117532431233,148.50954454031304,150.00743103027344,5628500
2024-05-14 00:00:00-04:00,150.6323854347476,150.98949935319058,149.4915977141824,150.16615295410156,8254200
2024-05-15 00:00:00-04:00,150.60262566053052,151.7235543664794,150.0867910866323,151.44580078125,5548000
2024-05-16 00:00:00-04:00,151.77315744779838,153.14209665275152,151.10853171194822,153.0428924560547,7591000
2024-05-17 00:00:00-04:00,153.61823100231908,153.61823100231908,152.47745851526548,153.39999389648438,6521800
2024-05-20 00:00:00-04:00,153.10000610351562,153.38999938964844,151.25999450683594,151.27000427246094,7742300
2024-05-21 00:00:00-04:00,151.77999877929688,152.58999633789062,150.7899932861328,151.24000549316406,5492400
2024-05-22 00:00:00-04:00,150.83999633789062,154.0800018310547,150.32000732421875,153.5,6609800
2024-05-23 00:00:00-04:00,152.75,152.83999633789062,149.3800048828125,149.6999969482422,8000400
2024-05-24 00:00:00-04:00,149.52999877929688,149.80999755859375,146.75999450683594,146.97000122070312,9517000
2024-05-28 00:00:00-04:00,146.7899932861328,146.7899932861328,144.14999389648438,144.3800048828125,10499800
2024-05-29 00:00:00-04:00,143.82000732421875,145.4199981689453,143.7100067138672,144.44000244140625,8263800
2024-05-30 00:00:00-04:00,144.6199951171875,145.61000061035156,144.02000427246094,145.27999877929688,8491100
2024-05-31 00:00:00-04:00,145.57000732421875,147.47999572753906,145.19000244140625,146.6699981689453,14621200
2024-06-03 00:00:00-04:00,147.25,148.89999389648438,146.77000427246094,147.74000549316406,7329200
2024-06-04 00:00:00-04:00,147.47999572753906,148.30999755859375,146.19000244140625,147.8000030517578,8876400
2024-06-05 00:00:00-04:00,147.97000122070312,147.99000549316406,145.85000610351562,145.97000122070312,5891300
2024-06-06 00:00:00-04:00,145.5,147.0,144.66000366210938,146.4199981689453,5016300
2024-06-07 00:00:00-04:00,146.67999267578125,148.3000030517578,146.33999633789062,147.0800018310547,5111600
2024-06-10 00:00:00-04:00,146.52999877929688,147.55999755859375,145.60000610351562,147.1300048828125,5751300
2024-06-11 00:00:00-04:00,146.80999755859375,147.16000366210938,145.44000244140625,146.75999450683594,5661200
2024-06-12 00:00:00-04:00,147.05999755859375,147.2100067138672,144.77999877929688,145.41000366210938,6180500
2024-06-13 00:00:00-04:00,145.07000732421875,146.0,143.8800048828125,145.4499969482422,6840400
2024-06-14 00:00:00-04:00,145.13999938964844,145.97000122070312,144.47999572753906,145.5399932861328,4075300
2024-06-17 00:00:00-04:00,145.02000427246094,146.42999267578125,144.74000549316406,145.9499969482422,6666600
2024-06-18 00:00:00-04:00,145.9600067138672,146.38999938964844,145.25999450683594,145.64999389648438,6156600
2024-06-20 00:00:00-04:00,145.27000427246094,148.0800018310547,145.00999450683594,147.77999877929688,8749700
2024-06-21 00:00:00-04:00,147.88999938964844,149.0800018310547,147.3699951171875,148.75,15176900
2024-06-24 00:00:00-04:00,149.0,149.72000122070312,148.1699981689453,149.1199951171875,6914700
2024-06-25 00:00:00-04:00,149.17999267578125,149.1999969482422,146.94000244140625,147.19000244140625,6620300
2024-06-26 00:00:00-04:00,146.1999969482422,147.19000244140625,145.77999877929688,146.82000732421875,5267800
2024-06-27 00:00:00-04:00,146.8000030517578,147.36000061035156,144.83999633789062,145.8000030517578,5739200
2024-06-28 00:00:00-04:00,146.0399932861328,147.07000732421875,145.64999389648438,146.16000366210938,10495700
2024-07-01 00:00:00-04:00,146.07000732421875,148.6999969482422,145.6199951171875,146.44000244140625,5144400
2024-07-02 00:00:00-04:00,146.42999267578125,147.14999389648438,145.74000549316406,146.02999877929688,5492000
2024-07-03 00:00:00-04:00,146.1999969482422,146.64999389648438,144.74000549316406,145.69000244140625,3246200
2024-07-05 00:00:00-04:00,145.77000427246094,146.5500030517578,144.5,146.47999572753906,4888500
2024-07-08 00:00:00-04:00,146.39999389648438,147.22000122070312,145.25,145.47999572753906,5260200
2024-07-09 00:00:00-04:00,145.6699981689453,147.1300048828125,145.17999267578125,147.0500030517578,5890400
2024-07-10 00:00:00-04:00,147.25999450683594,149.47000122070312,146.67999267578125,149.42999267578125,6093200
2024-07-11 00:00:00-04:00,149.5800018310547,150.5800018310547,148.63999938964844,149.6999969482422,6350400
2024-07-12 00:00:00-04:00,150.0,150.8800048828125,149.24000549316406,149.8800048828125,5336400
2024-07-15 00:00:00-04:00,150.0800018310547,150.25,148.8699951171875,149.24000549316406,6711400
2024-07-16 00:00:00-04:00,149.69000244140625,151.0800018310547,149.16000366210938,151.00999450683594,6469600
2024-07-17 00:00:00-04:00,151.5500030517578,157.49000549316406,151.4199981689453,156.5800018310547,13801400
2024-07-18 00:00:00-04:00,155.60000610351562,157.07000732421875,154.6199951171875,155.4199981689453,10166200
2024-07-19 00:00:00-04:00,156.50999450683594,156.50999450683594,154.1199951171875,154.69000244140625,7398000
2024-07-22 00:00:00-04:00,154.77000427246094,155.11000061035156,153.58999633789062,154.24000549316406,6840600
2024-07-23 00:00:00-04:00,153.30999755859375,153.5,151.57000732421875,152.35000610351562,6261900
2024-07-24 00:00:00-04:00,152.75999450683594,156.41000366210938,152.3300018310547,156.27999877929688,7168200
2024-07-25 00:00:00-04:00,156.47999572753906,160.5800018310547,156.0,159.63999938964844,10019600
2024-07-26 00:00:00-04:00,159.75,161.5800018310547,159.47000122070312,160.63999938964844,8356900
2024-07-29 00:00:00-04:00,159.97000122070312,160.0,158.0500030517578,158.55999755859375,5625000
2024-07-30 00:00:00-04:00,158.5399932861328,161.5500030517578,158.36000061035156,161.3300018310547,6542800
