Date,Open,High,Low,Close,Volume
2014-01-02 00:00:00-05:00,19.12091235900027,19.202490937261445,19.033057535059832,19.11463737487793,18366266
2014-01-03 00:00:00-05:00,19.070709859072647,19.34682429763526,19.064433613427557,19.15228843688965,15847312
2014-01-06 00:00:00-05:00,19.309173103343692,19.42212913193033,19.158564644709184,19.17111587524414,25255421
2014-01-07 00:00:00-05:00,19.365645911680737,19.466051947568253,19.290342330932617,19.290342330932617,23423042
2014-01-08 00:00:00-05:00,19.31544573889528,19.44722796647991,19.23386716578825,19.42212677001953,24161053
2014-01-09 00:00:00-05:00,19.503702389177494,19.528804843392805,19.208763060049083,19.40957260131836,21692901
2014-01-10 00:00:00-05:00,19.353101988685165,19.422130607981003,19.13974114583177,19.25897216796875,22890877
2014-01-13 00:00:00-05:00,19.365648364994517,19.472329397403296,19.102085168208575,19.164838790893555,25276396
2014-01-14 00:00:00-05:00,19.189939465416035,19.4848800962963,19.1711132529672,19.453502655029297,34757336
2014-01-15 00:00:00-05:00,19.48487538158599,19.648032485845647,19.359368170000312,19.56645393371582,30372907
2014-01-16 00:00:00-05:00,19.566453738763677,19.717062138854587,19.5099763772024,19.560178756713867,19576047
2014-01-17 00:00:00-05:00,19.6103859390086,19.635487134911873,19.422126338955646,19.509981155395508,22790853
2014-01-21 00:00:00-05:00,19.654308441578685,19.710785802875282,19.422121491258885,19.597829818725586,25355656
2014-01-22 00:00:00-05:00,19.648043821103688,19.666870039858324,19.509987827203243,19.622943878173828,23554265
2014-01-23 00:00:00-05:00,19.466055985244907,19.597836963499134,19.39702737318528,19.459779739379883,26367391
2014-01-24 00:00:00-05:00,19.36564910609941,19.428402731185912,18.863623890078124,18.882450103759766,38059518
2014-01-27 00:00:00-05:00,18.851073123891297,18.98285409096972,18.61260986328125,18.61260986328125,34880233
2014-01-28 00:00:00-05:00,19.102086635436958,19.296622502235607,18.907552030195266,19.089536666870117,35917158
2014-01-29 00:00:00-05:00,18.976582213781718,19.114639448793756,18.825973747606284,18.895002365112305,30796615
2014-01-30 00:00:00-05:00,19.076986877845638,19.3593763306151,18.957755859669003,19.340551376342773,33832873
2014-01-31 00:00:00-05:00,19.17739111223991,19.240144742626978,18.957755298220693,19.07698631286621,43648037
2014-02-03 00:00:00-05:00,19.472329293611203,19.88650093032209,19.18366490160129,19.202489852905273,64621372
2014-02-04 00:00:00-05:00,19.855127898226254,20.081039979617987,19.202494117812027,19.72962188720703,49779050
2014-02-05 00:00:00-05:00,19.609394659816907,19.72961990275596,19.34996097303753,19.394254684448242,39166429
2014-02-06 00:00:00-05:00,19.432220474810475,19.55877430373688,19.36261625052398,19.514480590820312,24839618
2014-02-07 00:00:00-05:00,19.514478125195048,19.792894987163464,19.368942385186994,19.754928588867188,29310791
2014-02-10 00:00:00-05:00,19.780250515201068,19.913131713867188,19.697991634177285,19.913131713867188,23811336
2014-02-11 00:00:00-05:00,20.115602516325787,20.23582900967122,19.887807962799815,20.17255210876465,26076382
2014-02-12 00:00:00-05:00,20.166231780715403,20.248490635498506,19.963746390971185,20.001712799072266,22406459
2014-02-13 00:00:00-05:00,19.93210225170231,20.15356950326584,19.868825348937076,20.05865478515625,19886556
2014-02-14 00:00:00-05:00,20.17255466295962,20.248486190415857,20.05865673573694,20.210519790649414,19915962
2014-02-18 00:00:00-05:00,20.1282584053377,20.3054332190455,20.115602516325787,20.17255210876465,20750730
2014-02-19 00:00:00-05:00,20.19786379901251,20.22317430644392,19.89413643775902,19.91944694519043,29245233
2014-02-20 00:00:00-05:00,19.83086207473602,20.064985252540048,19.78024105338543,19.963743209838867,23668624
2014-02-21 00:00:00-05:00,20.04600203013047,20.10295035745613,19.894137703800954,19.90679359436035,19468856
2014-02-24 00:00:00-05:00,20.242158889770508,20.299108489444436,19.951087398359267,20.242158889770508,40868850
2014-02-25 00:00:00-05:00,19.96374451537802,20.242161423090213,19.957417205314602,20.178884506225586,28665216
2014-02-26 00:00:00-05:00,20.08396725344513,20.24848619904206,20.071312634902025,20.242158889770508,26374664
2014-02-27 00:00:00-05:00,20.166228033143273,20.40035120474571,20.140917523138416,20.394023895263672,23981978
2014-02-28 00:00:00-05:00,20.324419656063654,20.507921818972978,20.153573384975594,20.318092346191406,29003550
2014-03-03 00:00:00-05:00,19.944759441750165,20.337074254178166,19.944759441750165,20.23583221435547,25076663
2014-03-04 00:00:00-05:00,20.463626286763347,20.716732651999834,20.463626286763347,20.685094833374023,27746655
2014-03-05 00:00:00-05:00,20.659784968684203,20.849614430515462,20.62814587699453,20.723060607910156,23663776
2014-03-06 00:00:00-05:00,20.75470800542152,20.855950086360448,20.507928843036375,20.539567947387695,21629029
2014-03-07 00:00:00-05:00,20.571199409192605,20.666114148699048,20.362386727863072,20.520578384399414,18561783
2014-03-10 00:00:00-04:00,20.514245980047868,20.596506084067794,20.43198714810452,20.495264053344727,16819100
2014-03-11 00:00:00-04:00,20.46994974607876,20.640795959231,20.40034554485728,20.51424217224121,25470648
2014-03-12 00:00:00-04:00,20.343401563647912,20.60916255422085,20.204194394930045,20.23583221435547,34273445
2014-03-13 00:00:00-04:00,20.24215546178569,20.261138658462215,19.55876928596574,19.691650390625,48374068
2014-03-14 00:00:00-04:00,19.710636152024044,19.894138302156264,19.508152073596783,19.76125717163086,28576680
2014-03-17 00:00:00-04:00,19.875158310170224,19.951091123914733,19.78024356506648,19.881486892700195,22412467
2014-03-18 00:00:00-04:00,19.913120361065076,20.286451949361023,19.881482543643532,20.204193115234375,24326742
2014-03-19 00:00:00-04:00,20.20419691283717,20.29911165501868,19.862503077737614,20.064987182617188,24329482
2014-03-20 00:00:00-04:00,20.324415792146,20.324415792146,20.064982143860878,20.19153594970703,23921373
2014-03-21 00:00:00-04:00,20.45730144288405,20.55854349234926,19.906796208820953,20.36238670349121,65473215
2014-03-24 00:00:00-04:00,20.102948439069667,20.185208539664195,19.82453159409823,19.92577362060547,44062681
2014-03-25 00:00:00-04:00,20.102958040596512,20.24216652957066,19.989060070337928,20.13459587097168,22278398
2014-03-26 00:00:00-04:00,20.25481734395363,20.507922467616655,20.03967608072484,20.36238670349121,33284793
2014-03-27 00:00:00-04:00,20.42566553046244,20.488942453333667,20.185215004459476,20.311767578125,29242176
2014-03-28 00:00:00-04:00,20.375037428419784,20.552210970051096,20.083964701910748,20.17255210876465,23156275
2014-03-31 00:00:00-04:00,20.223176978503837,20.36238542380829,20.14091813650215,20.324419021606445,19470753
2014-04-01 00:00:00-04:00,20.204193754874485,20.40667782810532,20.09029582764381,20.216848373413086,23015776
2014-04-02 00:00:00-04:00,20.197864605307053,20.495264669593983,20.12826038907295,20.431987762451172,22782632
2014-04-03 00:00:00-04:00,20.520573926952917,20.55853905126268,20.36238230477871,20.501590728759766,21117944
2014-04-04 00:00:00-04:00,20.577524120767613,20.685094738926875,20.29277993820544,20.349729537963867,27693323
2014-04-07 00:00:00-04:00,19.919446882147614,20.064982617436762,19.647358610101943,19.742273330688477,57529955
2014-04-08 00:00:00-04:00,19.78024224371655,19.86250236241904,19.52080853962508,19.533464431762695,36439626
2014-04-09 00:00:00-04:00,19.609394112810413,19.773913062570905,19.375270943071378,19.76125717163086,40776098
2014-04-10 00:00:00-04:00,19.856177632041558,19.887815458380675,19.30567105803288,19.368947982788086,32088714
2014-04-11 00:00:00-04:00,19.299338535878384,19.299338535878384,18.875385925857888,18.89436912536621,43025439
2014-04-14 00:00:00-04:00,19.014596287543892,19.065218585444644,18.71719744280921,18.900699615478516,30390825
2014-04-15 00:00:00-04:00,18.963972713253145,19.07787064208923,18.72984954622249,18.913352966308594,31703371
2014-04-16 00:00:00-04:00,19.077868765239703,19.1221624705449,18.93233303185209,19.03990364074707,31097005
2014-04-17 00:00:00-04:00,19.077876406636747,19.236068092934573,19.027255372319935,19.14115333557129,27969787
2014-04-21 00:00:00-04:00,19.32465552655968,19.577761970057495,19.23606808052389,19.52713966369629,31972985
2014-04-22 00:00:00-04:00,19.520806022377514,19.7739123838,19.520806022377514,19.615720748901367,27377439
2014-04-23 00:00:00-04:00,19.72961673678767,19.72961673678767,19.463855783046185,19.56509780883789,21599833
2014-04-24 00:00:00-04:00,19.552450816288246,19.552450816288246,19.10951487260832,19.43222427368164,26311845
2014-04-25 00:00:00-04:00,19.44487317834488,19.489166883999033,19.330975259816572,19.457529067993164,19677653
2014-04-28 00:00:00-04:00,19.989057549884837,20.46995988899698,19.849849078463716,20.273801803588867,75278366
2014-04-29 00:00:00-04:00,20.28644999004061,20.305433187490728,19.868824734443916,20.096620559692383,41800691
2014-04-30 00:00:00-04:00,20.09662366058937,20.210520318711296,19.75492986999352,19.792896270751953,38507363
2014-05-01 00:00:00-04:00,19.666340525707895,19.982723775539505,19.577754386065482,19.710634231567383,43749221
2014-05-02 00:00:00-04:00,19.628375309747355,19.65368581696736,19.330975259816572,19.457529067993164,43960759
2014-05-05 00:00:00-04:00,19.14747872664665,19.153807309359383,18.888044997732376,18.95764923095703,57867340
2014-05-06 00:00:00-04:00,18.98295583392316,18.98928441533182,18.559003211299686,18.62228012084961,57674669
2014-05-07 00:00:00-04:00,18.603128103147096,18.82018567349796,18.417991631922717,18.526519775390625,51703338
2014-05-08 00:00:00-04:00,18.590359022383222,18.79464917559101,18.500983283556398,18.62228012084961,38042444
2014-05-09 00:00:00-04:00,18.577592183766424,18.64781680578135,18.366918317721655,18.53290367126465,41102100
2014-05-12 00:00:00-04:00,18.730810712186383,18.75634810766596,18.532905522833584,18.59674644470215,22824054
2014-05-13 00:00:00-04:00,18.583974603484297,18.76911234719646,18.5775908974018,18.64143180847168,27706920
2014-05-14 00:00:00-04:00,18.603128960160006,18.69250598836752,18.46267971109537,18.577592849731445,28226858
2014-05-15 00:00:00-04:00,18.558435249155192,18.628659854022583,18.456290836044353,18.552051544189453,28286093
2014-05-16 00:00:00-04:00,18.51375230863513,18.86487543844071,18.51375230863513,18.590360641479492,37632332
2014-05-19 00:00:00-04:00,18.884032122080242,18.96702546403127,18.67335819645313,18.6925106048584,43203882
2014-05-20 00:00:00-04:00,18.858492880756213,18.858492880756213,18.64781899003482,18.673355102539062,26215299
2014-05-21 00:00:00-04:00,18.67334587333077,19.101077150641753,18.64142606933048,18.877635955810547,22601765
2014-05-22 00:00:00-04:00,18.871260918101722,19.069166103935444,18.864875927637765,18.935100555419922,22610303
2014-05-23 00:00:00-04:00,18.87764464147769,18.922333157688183,18.788267609056707,18.82657241821289,19955909
2014-05-27 00:00:00-04:00,19.107469972599052,19.14577478240963,18.877644963981147,18.903181076049805,28383588
2014-05-28 00:00:00-04:00,18.96063700735048,19.03724534355645,18.896796085471244,18.903181076049805,28847242
2014-05-29 00:00:00-04:00,18.9797885960426,18.998941000124255,18.85210804119014,18.89679527282715,25791485
2014-05-30 00:00:00-04:00,18.871259730504782,18.992555290459084,18.839338630439357,18.91594696044922,27658119
2014-06-02 00:00:00-04:00,18.89040852345352,19.024474047017392,18.89040852345352,18.967018127441406,21079051
2014-06-03 00:00:00-04:00,19.005322597926973,19.03724241224405,18.864873361467833,18.890409469604492,25506695
2014-06-04 00:00:00-04:00,18.903176548656404,18.986168572148785,18.845719347701785,18.92232894897461,24670767
2014-06-05 00:00:00-04:00,18.95424719687874,19.018088098201066,18.820181689126283,18.99893569946289,20402910
2014-06-06 00:00:00-04:00,19.030861940665236,19.069166751088247,18.73081101479222,18.781883239746094,28265223
2014-06-09 00:00:00-04:00,18.75634264590703,18.788262455838815,18.64142953337185,18.73719024658203,25732883
2014-06-10 00:00:00-04:00,18.73081058311803,18.832956314086914,18.67335465222287,18.832956314086914,19195764
2014-06-11 00:00:00-04:00,18.80741763042265,18.864873553461138,18.756345413629546,18.788265228271484,19755649
2014-06-12 00:00:00-04:00,18.756345791985385,18.89041004291789,18.737193389447874,18.80103302001953,25420477
2014-06-13 00:00:00-04:00,18.80741948675043,18.89679523325241,18.74357856775033,18.852108001708984,20662932
2014-06-16 00:00:00-04:00,18.832956447007202,18.967021997929038,18.718043300990654,18.903181076049805,26380039
2014-06-17 00:00:00-04:00,18.884027533021836,18.909563643551454,18.794650504460616,18.820186614990234,19270704
2014-06-18 00:00:00-04:00,18.852105004874502,18.967018127441406,18.73080689303199,18.967018127441406,20382463
2014-06-19 00:00:00-04:00,18.960634087834062,18.967019077429477,18.83295354715075,18.890409469604492,21404527
2014-06-20 00:00:00-04:00,18.986171196425943,19.10108433080364,18.915946574495962,19.011707305908203,32993362
2014-06-23 00:00:00-04:00,19.030859283639586,19.056395392551256,18.724424693284522,18.80103302001953,26548679
2014-06-24 00:00:00-04:00,18.788275571844373,18.82019540405924,18.70528221130371,18.70528221130371,24615221
2014-06-25 00:00:00-04:00,18.609507360835952,19.050007386106504,18.609507360835952,19.024471282958984,33219972
2014-06-26 00:00:00-04:00,18.97340278360989,19.0180912937028,18.820184851374922,18.890409469604492,20523699
2014-06-27 00:00:00-04:00,18.94148063659668,18.992552850040813,18.820183808813137,18.94148063659668,32328815
2014-06-30 00:00:00-04:00,18.998942480436906,19.05001470635721,18.909565443368756,18.9478702545166,21430033
2014-07-01 00:00:00-04:00,18.903176524070467,19.292603101902998,18.890407829403312,19.20322608947754,26982611
2014-07-02 00:00:00-04:00,19.19045775234051,19.42028397794184,19.152152953602013,19.388362884521484,19500792
2014-07-03 00:00:00-04:00,19.541584442872594,19.560736845816027,19.337294283834428,19.490510940551758,15654957
2014-07-07 00:00:00-04:00,19.464977264404297,19.554353011061732,19.394751354991445,19.464977264404297,18543444
2014-07-08 00:00:00-04:00,19.458591039923938,19.464976029820672,19.16492514078595,19.24791717529297,23652182
2014-07-09 00:00:00-04:00,19.228769928518815,19.27984215748831,19.088319373729732,19.184080123901367,21795982
2014-07-10 00:00:00-04:00,18.998938278610005,19.177692313212862,18.88402515399602,19.15215492248535,21200367
2014-07-11 00:00:00-04:00,19.17768917146907,19.22876137772739,19.024471269279367,19.196840286254883,19350913
2014-07-14 00:00:00-04:00,19.273461946858436,19.362837722064484,19.21600471628075,19.305381774902344,21589820
2014-07-15 00:00:00-04:00,19.279838031216183,19.547967817628543,19.279838031216183,19.413902282714844,32000494
2014-07-16 00:00:00-04:00,19.477742013603702,19.7714091746089,19.38836499575799,19.765024185180664,37260165
2014-07-17 00:00:00-04:00,19.662884217452483,19.98846998241,19.48413014119598,19.50328254699707,34447039
2014-07-18 00:00:00-04:00,19.490510842691073,19.630961369099357,19.369215285960166,19.618192672729492,25720973
2014-07-21 00:00:00-04:00,19.426671125896082,19.560736661823995,19.34367780839355,19.375598907470703,23992624
2014-07-22 00:00:00-04:00,19.503280789138874,19.605425232984594,19.407520052179727,19.464977264404297,19754384
2014-07-23 00:00:00-04:00,19.592659798934474,19.592659798934474,19.356449786112265,19.401138305664062,22255632
2014-07-24 00:00:00-04:00,19.388368039992123,19.516049880795176,19.35644822149894,19.369216918945312,15640306
2014-07-25 00:00:00-04:00,19.356450532190543,19.37560293893885,19.203232561619394,19.27345848083496,15284581
2014-07-28 00:00:00-04:00,19.01809441191006,19.260688120691523,19.011709421267764,19.215999603271484,28762290
2014-07-29 00:00:00-04:00,19.36282881313873,19.464974526029508,18.954249811820496,18.979785919189453,39960934
2014-07-30 00:00:00-04:00,19.005548078004413,19.024869452811497,18.696409965304984,18.844539642333984,35826092
2014-07-31 00:00:00-04:00,18.844543901256184,18.883185364865465,18.483882904052734,18.483882904052734,40419003
2014-08-01 00:00:00-04:00,18.483877997321887,18.74149200212508,18.477436676148365,18.586923599243164,33034046
2014-08-04 00:00:00-04:00,18.64488594807004,18.651325974340338,18.41947337596856,18.51607894897461,25448514
2014-08-05 00:00:00-04:00,18.406596551066574,18.490320797364614,18.219825385436366,18.297109603881836,29181571
2014-08-06 00:00:00-04:00,18.226264069525865,18.2842269012845,18.091015735771684,18.213382720947266,24642731
2014-08-07 00:00:00-04:00,18.31642903656191,18.31642903656191,17.981530792205255,18.058815002441406,32163126
2014-08-08 00:00:00-04:00,18.084576435052472,18.290668972174586,17.94932938092255,18.25202751159668,31736256
2014-08-11 00:00:00-04:00,18.374394316566843,18.41303577673702,18.155421726475332,18.194063186645508,23246813
2014-08-12 00:00:00-04:00,18.20051029757454,18.26491448257415,18.052381837340224,18.084583282470703,21536277
2014-08-13 00:00:00-04:00,18.19406012200034,18.316427098947436,18.148977347113846,18.168298721313477,18397886
2014-08-14 00:00:00-04:00,18.200498664496227,18.541839461557096,18.142535841361305,18.503196716308594,21074730
2014-08-15 00:00:00-04:00,18.5869245634153,18.61268596523196,18.297106527186415,18.445236206054688,22910482
2014-08-18 00:00:00-04:00,18.51608044333934,18.638447426040262,18.477437693123054,18.57404327392578,24209958
2014-08-19 00:00:00-04:00,18.65777200098038,18.696413463085733,18.477440862028,18.638450622558594,19869376
2014-08-20 00:00:00-04:00,18.56760358471272,18.66420916727183,18.509639458334444,18.606245040893555,15844677
2014-08-21 00:00:00-04:00,18.625565805042022,18.670648581388345,18.509638850828335,18.5611629486084,25687561
2014-08-22 00:00:00-04:00,18.586926929617352,18.664211144905963,18.561165524521147,18.625568389892578,17231635
2014-08-25 00:00:00-04:00,18.632008622723518,18.7350542370828,18.61912727355957,18.61912727355957,17833680
2014-08-26 00:00:00-04:00,18.69640901977579,18.87674011587144,18.65132624575188,18.812335968017578,18120790
2014-08-27 00:00:00-04:00,18.97978489759678,19.044189042671356,18.915380752522204,18.992666244506836,24440679
2014-08-28 00:00:00-04:00,18.954024929185877,19.10859333534643,18.908942153704558,18.921823501586914,21716616
2014-08-29 00:00:00-04:00,18.973345484105298,18.99266685772529,18.86385856341729,18.92826271057129,17690863
2014-09-02 00:00:00-04:00,18.812336919409518,18.94114522163143,18.780135491223025,18.844539642333984,21837721
2014-09-03 00:00:00-04:00,18.96690334437375,19.018427436715672,18.82521629833146,18.934701919555664,22258477
2014-09-04 00:00:00-04:00,19.01843120295502,19.03131125753777,18.870301512086723,18.91538429260254,23582301
2014-09-05 00:00:00-04:00,18.87029313716029,19.10214696413046,18.81233032778651,19.095706939697266,18518885
2014-09-08 00:00:00-04:00,19.05062886153376,19.095711633121788,18.870297775181648,18.934701919555664,15416963
2014-09-09 00:00:00-04:00,18.947583886305367,18.96046523437701,18.68352984558537,18.825218200683594,22808560
2014-09-10 00:00:00-04:00,18.838097502063796,19.01842859944077,18.780134674900008,18.960464477539062,20482804
2014-09-11 00:00:00-04:00,18.928262035108858,19.089271749879213,18.85741786418893,19.08283042907715,19628537
2014-09-12 00:00:00-04:00,18.9797866700427,19.06351090119425,18.896061144153176,18.954025268554688,19187754
2014-09-15 00:00:00-04:00,18.960467488247023,19.26960563659668,18.921826028914644,19.26960563659668,25633912
2014-09-16 00:00:00-04:00,19.28892774593755,19.39841469013524,19.160119423971068,19.353330612182617,20662194
2014-09-17 00:00:00-04:00,19.443497499417095,19.623827337778486,19.385533366033016,19.54654312133789,27632191
2014-09-18 00:00:00-04:00,19.585175202208585,19.78482761748278,19.540093735262854,19.69466209411621,27852793
2014-09-19 00:00:00-04:00,19.810594976447167,19.86211777824735,19.488575523089104,19.5787410736084,36913399
2014-09-22 00:00:00-04:00,19.488570747548902,19.559414906348767,19.30824098543683,19.437047958374023,26223731
2014-09-23 00:00:00-04:00,19.211643529600565,19.46925758405718,18.99911096362023,19.353330612182617,30758460
2014-09-24 00:00:00-04:00,19.391970354057193,19.61094291368436,19.366208952615054,19.52077865600586,23272847
2014-09-25 00:00:00-04:00,19.533659204566597,19.559420606661828,19.301805290971515,19.308246612548828,23822086
2014-09-26 00:00:00-04:00,19.301801252402143,19.30824257263172,19.037747259859277,19.140792846679688,25074238
2014-09-29 00:00:00-04:00,19.108594275241007,19.218081206043532,19.0441914168753,19.172998428344727,21048169
2014-09-30 00:00:00-04:00,19.172996451312436,19.314684796687555,19.031308105937317,19.044189453125,27046167
2014-10-01 00:00:00-04:00,18.915385275616295,18.94114797559685,18.68997265606083,18.773696899414062,37825847
2014-10-02 00:00:00-04:00,18.780132901997153,18.863857121634123,18.60624184744581,18.715728759765625,29724908
2014-10-03 00:00:00-04:00,18.86385794906773,18.876739295974172,18.677086834720335,18.818775177001953,25378107
2014-10-06 00:00:00-04:00,18.902506108486676,18.94114886553495,18.68353350626898,18.786579132080078,17397640
2014-10-07 00:00:00-04:00,18.69640991552721,18.754372745056166,18.541841506958008,18.541841506958008,26019676
2014-10-08 00:00:00-04:00,18.55472127116418,18.928263528159118,18.380831490549067,18.921823501586914,31123671
2014-10-09 00:00:00-04:00,18.934703911380527,18.96046531289252,18.632007119930098,18.6706485748291,24072411
2014-10-10 00:00:00-04:00,18.747935224291833,18.979789162873935,18.67709103721053,18.76081657409668,33796826
2014-10-13 00:00:00-04:00,18.78013119780581,18.86385540984528,18.303543436963317,18.335744857788086,35930228
2014-10-14 00:00:00-04:00,18.44524025921602,18.548285889125925,18.290670519612892,18.329313278198242,24516462
2014-10-15 00:00:00-04:00,18.155420303344727,18.226264485298035,17.7496765875645,18.155420303344727,43407620
2014-10-16 00:00:00-04:00,17.949324944462774,18.039490488088994,17.717471059349023,17.8398380279541,39843835
2014-10-17 00:00:00-04:00,17.91068546905102,18.039493781961554,17.794758505326772,17.923566818237305,34331731
2014-10-20 00:00:00-04:00,17.949328892646108,18.013733051508186,17.775439087930444,17.98797035217285,41027372
2014-10-21 00:00:00-04:00,18.11033711127057,18.367952430200333,18.033052904013047,18.213382720947266,38453714
2014-10-22 00:00:00-04:00,18.194060323995092,18.348630024570287,18.039491918157847,18.22626304626465,32451184
2014-10-23 00:00:00-04:00,18.45167316395326,18.593361497748358,18.400150368889182,18.419471740722656,32436955
2014-10-24 00:00:00-04:00,18.548279365319758,18.850976120400077,18.490315247828885,18.7479305267334,29959845
2014-10-27 00:00:00-04:00,18.735057707421426,18.812341932506424,18.644892130786435,18.696414947509766,24207323
2014-10-28 00:00:00-04:00,18.786578735279225,18.870302980797803,18.5869275158026,18.735055923461914,34131050
2014-10-29 00:00:00-04:00,18.77369241020085,19.08283049392582,18.702848239040172,18.992666244506836,28814990
2014-10-30 00:00:00-04:00,18.92826190552147,19.308244156514384,18.92826190552147,19.21807861328125,22236449
2014-10-31 00:00:00-04:00,19.327566010107528,19.44993298122315,19.198757718073704,19.288923263549805,26555741
2014-11-03 00:00:00-05:00,19.256724256218043,19.449936731523646,19.230964146529708,19.443496704101562,22908374
2014-11-04 00:00:00-05:00,19.41129356077819,19.51433917627175,19.23740376094828,19.5014591217041,25702949
2014-11-05 00:00:00-05:00,19.728822020299347,19.75480653830481,19.45598392826624,19.514450073242188,20878159
2014-11-06 00:00:00-05:00,19.540433285296096,19.657364269296444,19.468975534293193,19.514450073242188,17409340
2014-11-07 00:00:00-05:00,19.572914523553578,19.572914523553578,19.332556757312847,19.436494827270508,18200472
2014-11-10 00:00:00-05:00,19.462482600022305,19.670360080658387,19.365040316651086,19.618391036987305,24073782
2014-11-11 00:00:00-05:00,19.6053978972577,19.7483134186828,19.55342885418525,19.69634437561035,16579209
2014-11-12 00:00:00-05:00,19.63788244114201,19.839264158746612,19.63788244114201,19.761310577392578,24736958
2014-11-13 00:00:00-05:00,19.826271242211604,19.891233212982637,19.65737116296852,19.761310577392578,15127957
2014-11-14 00:00:00-05:00,19.735320450009247,19.85225144957267,19.63138236415364,19.70933723449707,19112182
2014-11-17 00:00:00-05:00,19.43000205040025,19.754809222578924,19.41051333276015,19.69634437561035,27653587
2014-11-18 00:00:00-05:00,19.806777788820217,19.930203275544116,19.683349690193094,19.87173843383789,21327901
2014-11-19 00:00:00-05:00,19.761304200494106,19.85224936308348,19.670357731953143,19.774295806884766,16734253
2014-11-20 00:00:00-05:00,19.702838053881376,19.806777434764587,19.650869016415566,19.774295806884766,17366653
2014-11-21 00:00:00-05:00,19.975676165781906,19.995163574105792,19.618387423904732,19.780790328979492,29088081
2014-11-24 00:00:00-05:00,19.83276042559096,19.897722374672004,19.566419438047284,19.631380081176758,34521240
2014-11-25 00:00:00-05:00,19.624885065587538,19.917211889255768,19.605396349485996,19.793785095214844,26884273
2014-11-26 00:00:00-05:00,19.910718039013403,20.216037805350197,19.871740602986833,20.203044891357422,28959704
2014-11-28 00:00:00-05:00,20.222529710991743,20.553832629543976,20.17705647971072,20.23552131652832,21373750
2014-12-01 00:00:00-05:00,20.060126555361247,20.46938435246743,20.060126555361247,20.30698013305664,24190776
2014-12-02 00:00:00-05:00,20.423911152032638,20.540842137960638,20.319973078297338,20.50836181640625,26758530
2014-12-03 00:00:00-05:00,20.462889504696594,20.644781141929226,20.33946140413491,20.625293731689453,33154202
2014-12-04 00:00:00-05:00,20.501868345976707,20.6707683987485,20.36544992647567,20.573326110839844,20106420
2014-12-05 00:00:00-05:00,20.560331344000623,20.885138485151607,20.527851021671005,20.781200408935547,26196432
2014-12-08 00:00:00-05:00,20.644780757735713,20.930611774019393,20.63178915115097,20.768207550048828,28318029
2014-12-09 00:00:00-05:00,20.495364442738946,20.79418829860668,20.430403813770937,20.755210876464844,27809158
2014-12-10 00:00:00-05:00,20.78769519875146,20.89813037881069,20.625292289069375,20.696748733520508,31848929
2014-12-11 00:00:00-05:00,20.696745903146283,21.51526136638606,20.469381077113617,20.560327529907227,27788921
2014-12-12 00:00:00-05:00,20.358943950869616,20.423905883171397,20.04712850415279,20.105594635009766,29000072
2014-12-15 00:00:00-05:00,20.222531537612788,20.235523144322848,19.936700518572096,20.047134399414062,33448268
2014-12-16 00:00:00-05:00,20.027644117269116,20.50186250726132,19.90421734146559,19.9237060546875,24954188
2014-12-17 00:00:00-05:00,19.94319266588528,20.365443313683123,19.865239122060743,20.216032028198242,25988478
2014-12-18 00:00:00-05:00,20.475880730472777,20.787696265877553,20.410920085645838,20.768207550048828,37867058
2014-12-19 00:00:00-05:00,20.72923085237933,20.8461618381737,20.534346311372577,20.74871826171875,47377089
2014-12-22 00:00:00-05:00,20.69675017589204,20.86565020625534,20.540843058303587,20.846162796020508,19388330
2014-12-23 00:00:00-05:00,20.904626923693606,20.937108551544057,19.98866904782008,20.430408477783203,36675511
2014-12-24 00:00:00-05:00,20.42391270403011,20.5603324156378,20.39792818362174,20.410921096801758,11407442
2014-12-26 00:00:00-05:00,20.462885275043035,20.683754299005116,20.33296270387456,20.560327529907227,9071146
2014-12-29 00:00:00-05:00,20.436903132797656,20.5408412017959,20.384934098298533,20.391429901123047,13359977
2014-12-30 00:00:00-05:00,20.319979132658375,20.456397568594095,20.293994606482432,20.38494110107422,11628993
2014-12-31 00:00:00-05:00,20.25501003078469,20.59281005805671,20.229025513760032,20.23552131652832,15736220
2015-01-02 00:00:00-05:00,20.313479011154328,20.644781975986444,20.280997380872506,20.352455139160156,16371571
2015-01-05 00:00:00-05:00,20.365445838099394,20.404421961867293,20.14457547762462,20.24201774597168,24786391
2015-01-06 00:00:00-05:00,20.313478818782457,20.69675082129382,20.216036540763156,20.410921096801758,29468681
2015-01-07 00:00:00-05:00,20.605806749440905,20.703249032645893,20.514860270195783,20.690256118774414,20248816
2015-01-08 00:00:00-05:00,21.008571269338454,21.20345717675751,20.930617689942014,21.112510681152344,49169522
2015-01-09 00:00:00-05:00,21.099512397212095,21.242427909390408,21.060534964453776,21.20994758605957,26083022
2015-01-12 00:00:00-05:00,21.222937071215338,21.359356766279042,21.183960948305362,21.287899017333984,24867865
2015-01-13 00:00:00-05:00,21.35935352008872,21.586718338021853,20.865645155333432,21.073522567749023,35989568
2015-01-14 00:00:00-05:00,20.924110592699687,21.25541475877961,20.87214156781485,21.099506378173828,32301727
2015-01-15 00:00:00-05:00,21.19695964476499,21.287906138564217,20.950105995268775,21.047548294067383,27009593
2015-01-16 00:00:00-05:00,20.97608219158083,21.320378003155216,20.95659347836972,21.30738639831543,25146648
2015-01-20 00:00:00-05:00,21.417830493363116,21.508776994487423,21.138496490419676,21.502281188964844,44449393
2015-01-21 00:00:00-05:00,21.3853427902314,21.76212027593313,21.151482118440445,21.20345115661621,35027793
2015-01-22 00:00:00-05:00,21.222942065028942,21.32688146446629,20.82018129979661,21.313888549804688,31389069
2015-01-23 00:00:00-05:00,21.35286415008334,21.37235156147081,21.067033111646634,21.08002471923828,27378599
2015-01-26 00:00:00-05:00,21.093013164896067,21.339866716366327,20.898128644687816,21.30738639831543,28285566
2015-01-27 00:00:00-05:00,21.00856919521353,21.66468070910654,20.982584671313436,21.17746925354004,42732322
2015-01-28 00:00:00-05:00,21.157971477491138,21.528253069984714,20.469379929961484,20.755210876464844,33774481
2015-01-29 00:00:00-05:00,20.729230388183563,20.761710708973492,20.488872618864093,20.677261352539062,30735905
2015-01-30 00:00:00-05:00,20.573325657249022,20.657776334748892,20.268007191707706,20.300487518310547,45396623
2015-02-02 00:00:00-05:00,20.423907850716812,20.560327529907227,20.15106979828734,20.560327529907227,24549979
2015-02-03 00:00:00-05:00,20.683760601954642,20.891638085121933,20.436906988535316,20.800691604614258,34785267
2015-02-04 00:00:00-05:00,20.951421294816868,21.148025080930875,20.787585684703522,21.016956329345703,38671365
2015-02-05 00:00:00-05:00,21.652637991867817,21.757492973338245,21.36428547535188,21.619871139526367,62653660
2015-02-06 00:00:00-05:00,21.600209875771576,21.90166991497968,21.44948051490363,21.73783302307129,36868498
2015-02-09 00:00:00-05:00,21.61331973638647,21.86235099574664,21.52812406912136,21.672300338745117,32236379
2015-02-10 00:00:00-05:00,21.94098603312821,22.42594219972186,21.895111658723728,22.380067825317383,62633318
2015-02-11 00:00:00-05:00,22.281768758084425,22.615995631998448,22.281768758084425,22.44560432434082,41574608
2015-02-12 00:00:00-05:00,22.465266713544175,22.917454782325287,22.432498545680843,22.85192108154297,46014267
2015-02-13 00:00:00-05:00,22.740517229252397,22.904355483081023,22.616002896685583,22.70119857788086,24652638
2015-02-17 00:00:00-05:00,22.635652084272053,22.832255792855047,22.589777709939757,22.661867141723633,24102029
2015-02-18 00:00:00-05:00,22.661870794116865,22.661870794116865,22.439051992170782,22.59633445739746,22794015
2015-02-19 00:00:00-05:00,22.498030696482747,22.589779452223652,22.35385709168322,22.550460815429688,28097954
2015-02-20 00:00:00-05:00,22.45871303078444,22.661869869447568,22.347302316885084,22.64876365661621,27705022
2015-02-23 00:00:00-05:00,22.353864301946754,22.62255491475944,22.321096125771543,22.5373592376709,24383868
2015-02-24 00:00:00-05:00,22.4259484287808,22.50459098815918,22.33419965448759,22.50459098815918,20402805
2015-02-25 00:00:00-05:00,22.445606949810198,22.799495819433826,22.235896978881087,22.71430015563965,39229880
2015-02-26 00:00:00-05:00,22.589783954521625,22.753622180260532,22.53080335263128,22.668426513671875,20977551
2015-02-27 00:00:00-05:00,22.570122425117173,22.714298679497453,22.471820553264454,22.491479873657227,25705901
2015-03-02 00:00:00-05:00,22.49148274402275,22.80605035506326,22.321094040707084,22.786388397216797,22505008
2015-03-03 00:00:00-05:00,22.773277948402647,22.86502670811069,22.550461790492484,22.64876365661621,25343641
2015-03-04 00:00:00-05:00,22.602896679561738,22.786391624130996,22.452167277802094,22.70119857788086,20434636
2015-03-05 00:00:00-05:00,22.760177882141313,22.812605382569487,22.543912137298243,22.589786529541016,24717354
2015-03-06 00:00:00-05:00,22.44561041392576,22.583233591692117,22.11793919251444,22.262115478515625,42080528
2015-03-09 00:00:00-04:00,22.19657784006495,22.39973735829721,22.05895598774579,22.301435470581055,32858028
2015-03-10 00:00:00-04:00,22.170364302957204,22.366968068584427,22.058954887614675,22.137596130371094,40344696
2015-03-11 00:00:00-04:00,22.268667144622913,22.347307073293077,22.039295196533203,22.039295196533203,26996840
2015-03-12 00:00:00-04:00,22.157258299410074,22.321093894015135,22.137596341692827,22.28177261352539,29699085
2015-03-13 00:00:00-04:00,22.22934511785398,22.28177261352539,22.08516884602142,22.28177261352539,29596847
2015-03-16 00:00:00-04:00,22.334200527422386,22.648768142286116,22.255560599915054,22.570125579833984,30615643
2015-03-17 00:00:00-04:00,22.360409595343256,22.478370772435163,22.24244578330726,22.39317512512207,21746760
2015-03-18 00:00:00-04:00,22.30143815282266,22.609450068726563,22.117940571030896,22.530807495117188,34923131
2015-03-19 00:00:00-04:00,22.465263468489123,22.53079715980525,22.327640345275686,22.380067825317383,21541020
2015-03-20 00:00:00-04:00,22.366964411913237,22.58978057122639,22.268662545170542,22.44560432434082,62355378
2015-03-23 00:00:00-04:00,22.616000510168625,23.23202690427099,22.60289429442779,22.969886779785156,53549524
2015-03-24 00:00:00-04:00,22.897795341739887,22.937116615979512,22.609442843908404,22.622549057006836,34953907
2015-03-25 00:00:00-04:00,22.681531339125556,22.937118323234802,22.458715160090243,22.478374481201172,30783229
2015-03-26 00:00:00-04:00,22.353855946237044,22.543903919168674,22.248998348660386,22.386621475219727,26167553
2015-03-27 00:00:00-04:00,22.57012401398302,22.674979000014787,22.43250085671209,22.629104614257812,24073782
2015-03-30 00:00:00-04:00,22.67497466566058,23.081290952546514,22.642206500685106,22.937114715576172,26890386
2015-03-31 00:00:00-04:00,22.865027491017806,23.02230995521232,22.77983183480831,22.79949378967285,27937956
2015-04-01 00:00:00-04:00,22.832268165651467,22.832268165651467,22.353867481146615,22.4980411529541,33984017
2015-04-02 00:00:00-04:00,22.55702256463537,22.69464311603402,22.4259524869348,22.530807495117188,26467837
2015-04-06 00:00:00-04:00,22.557015817299078,22.81260015266048,22.432498885487718,22.59633445739746,22640447
2015-04-07 00:00:00-04:00,22.69463312889334,22.865024418415153,22.6159932248359,22.635652542114258,15105085
2015-04-08 00:00:00-04:00,22.616002896685583,22.832266019009595,22.55702228468314,22.70119857788086,24215123
2015-04-09 00:00:00-04:00,22.70118945203837,22.976433075717324,22.53079815814485,22.95677375793457,30864493
2015-04-10 00:00:00-04:00,22.88469407273403,23.24513345542185,22.871585221859185,23.22547149658203,25668800
2015-04-13 00:00:00-04:00,23.16648816392003,23.284451998243277,22.943671979550427,22.9960994720459,36155573
2015-04-14 00:00:00-04:00,22.969879969789737,23.140271263683257,22.878131216915396,22.95677375793457,16844712
2015-04-15 00:00:00-04:00,23.199262150956535,23.24513654775899,23.015764563746714,23.074745178222656,31173209
2015-04-16 00:00:00-04:00,22.982996040277257,23.127169685886887,22.950227865396027,23.061635971069336,20637742
2015-04-17 00:00:00-04:00,22.937120699019868,22.982995087974817,22.79294178949449,22.963333129882812,30265610
2015-04-20 00:00:00-04:00,22.963333410912217,23.094403471665384,22.897799698008047,22.943674087524414,23612551
2015-04-21 00:00:00-04:00,23.00265153098083,23.19925527761552,22.806047784346145,22.865028381347656,23256932
2015-04-22 00:00:00-04:00,22.81915806466733,22.996102522149055,22.80605184854126,22.891244888305664,15352880
2015-04-23 00:00:00-04:00,22.865036081933106,23.199263090763385,22.81916168327227,23.17304801940918,23932019
2015-04-24 00:00:00-04:00,23.068185065368223,23.199255107143046,22.96988319277322,23.114059448242188,24032570
2015-04-27 00:00:00-04:00,23.159935920999224,23.238578480149478,22.557018417329594,22.668426513671875,44786673
2015-04-28 00:00:00-04:00,22.76672577093465,22.858474534386307,22.380071397078826,22.59633445739746,48659807
2015-04-29 00:00:00-04:00,22.393182080213194,22.583232751734446,22.249005799574483,22.471824645996094,39572852
2015-04-30 00:00:00-04:00,22.353860899517734,22.432500821445625,22.09172079990581,22.235897064208984,29205391
2015-05-01 00:00:00-04:00,22.19002173984264,22.419393658564037,22.19002173984264,22.334197998046875,22706744
2015-05-04 00:00:00-04:00,22.353859361018966,22.615996807644734,22.314538085288994,22.491479873657227,24864282
2015-05-05 00:00:00-04:00,22.524244330732948,22.56356559998302,22.288319350176526,22.360408782958984,23590839
2015-05-06 00:00:00-04:00,22.30094669102321,22.400061950611157,21.944130959482504,22.109323501586914,28309913
2015-05-07 00:00:00-04:00,22.096107867620262,22.3009470481899,22.0234232542001,22.188615798950195,22669959
2015-05-08 00:00:00-04:00,22.34058991948642,22.56524972336229,22.333979934007797,22.47934913635254,21514037
2015-05-11 00:00:00-04:00,22.52560665355293,22.637939229987403,22.426491393417628,22.439708709716797,27898853
2015-05-12 00:00:00-04:00,22.34059491104401,22.43971017766317,22.281124954048362,22.320770263671875,18855955
2015-05-13 00:00:00-04:00,22.314160001360534,22.33398198938087,22.122536823510014,22.155574798583984,25045675
2015-05-14 00:00:00-04:00,22.274510443885926,22.459526268103392,22.24147247314991,22.42648696899414,18860803
2015-05-15 00:00:00-04:00,22.46613720624315,22.505783840195043,22.413275913222925,22.459529876708984,17798687
2015-05-18 00:00:00-04:00,22.452922821044922,22.505784114709925,22.400061527379922,22.452922821044922,25948637
2015-05-19 00:00:00-04:00,22.38023408287045,22.72383377709514,22.360412096505154,22.604896545410156,21980854
2015-05-20 00:00:00-04:00,22.664365768432617,22.789912989016052,22.64454378153629,22.664365768432617,16144013
2015-05-21 00:00:00-04:00,22.61811702928981,22.789918249030503,22.60490236830892,22.704017639160156,19090259
2015-05-22 00:00:00-04:00,22.677582883178168,22.789915458000454,22.61811425929987,22.651153564453125,13674069
2015-05-26 00:00:00-04:00,22.58507613556659,22.690798717054538,22.485960883328293,22.538822174072266,19882234
2015-05-27 00:00:00-04:00,22.60489715099696,22.776695674338498,22.51238923198741,22.664365768432617,23231636
2015-05-28 00:00:00-04:00,22.77009255954651,22.816346527611735,22.644547972474587,22.756877899169922,16671329
2015-05-29 00:00:00-04:00,22.783305264136075,23.1202976720408,22.737053956788362,22.961713790893555,52787798
2015-06-01 00:00:00-04:00,22.974925600160248,23.074043502422274,22.81634173868489,22.836166381835938,29039386
2015-06-02 00:00:00-04:00,22.889024594997213,22.902239250825446,22.697401458502842,22.78990936279297,19674175
2015-06-03 00:00:00-04:00,22.82955626958578,22.902242199491877,22.651150422696116,22.737051010131836,18130065
2015-06-04 00:00:00-04:00,22.598290303326316,22.836167434881897,22.5388216846241,22.624719619750977,21774691
2015-06-05 00:00:00-04:00,22.591682852245217,22.651151470626353,22.419881669425585,22.525604248046875,24313461
2015-06-08 00:00:00-04:00,22.446315491430163,22.571860067604444,22.41327618660944,22.452922821044922,18624496
2015-06-09 00:00:00-04:00,22.499177871868444,22.552039168086797,22.393455279431745,22.472745895385742,24464499
2015-06-10 00:00:00-04:00,22.51900007860873,22.75026991225888,22.499178088616038,22.670976638793945,24952396
2015-06-11 00:00:00-04:00,22.67757837779924,22.84277221399933,22.637934407587792,22.77008628845215,21243897
2015-06-12 00:00:00-04:00,22.66436516125265,22.770087735360768,22.5322106152442,22.604896545410156,22856517
2015-06-15 00:00:00-04:00,22.50578362867069,22.545430262249962,22.37362906898876,22.492568969726562,22064014
2015-06-16 00:00:00-04:00,22.50578362867069,22.532212946558957,22.34059242162843,22.492568969726562,21785021
2015-06-17 00:00:00-04:00,22.499176785095166,22.58507738358089,22.367022222559196,22.452922821044922,22127149
2015-06-18 00:00:00-04:00,22.518995812165514,22.803126888711855,22.49917382592829,22.71061897277832,25834383
2015-06-19 00:00:00-04:00,22.618117753974587,22.803133640624083,22.585081100463867,22.585081100463867,30438466
2015-06-22 00:00:00-04:00,22.690801285533723,22.79652387898891,22.651154648801256,22.670976638793945,14799214
2015-06-23 00:00:00-04:00,22.737051615939922,22.855988850368675,22.690797656607263,22.796520233154297,19448830
2015-06-24 00:00:00-04:00,22.69080041210504,22.80973766097715,22.618114471435547,22.618114471435547,24326742
2015-06-25 00:00:00-04:00,22.604896352501143,22.690796939510893,22.4132731922855,22.47934913635254,24268666
2015-06-26 00:00:00-04:00,22.57846404374067,22.657757300834565,22.38023355775247,22.413272857666016,37596496
2015-06-29 00:00:00-04:00,22.28772828257807,22.545427382810384,22.15557241140128,22.195219039916992,30396833
2015-06-30 00:00:00-04:00,22.32737466004076,22.32737466004076,22.0234215699147,22.155574798583984,36909710
2015-07-01 00:00:00-04:00,22.17540423671787,22.373634798632015,22.0762889557608,22.26130485534668,29742299
2015-07-02 00:00:00-04:00,22.294343956123548,22.756881043946702,22.036642102685228,22.04985809326172,23849069
2015-07-06 00:00:00-04:00,22.00359804861885,22.22826052782465,21.85822883424964,21.97056007385254,22125990
2015-07-07 00:00:00-04:00,22.03003070865552,22.36041445172939,21.904483478211603,22.287731170654297,27248851
2015-07-08 00:00:00-04:00,22.168791820179166,22.287731724092154,22.063069232310024,22.10271453857422,21301235
2015-07-09 00:00:00-04:00,22.367021286994618,22.45292188188731,22.28773067818714,22.373628616333008,23306048
2015-07-10 00:00:00-04:00,22.624724359780256,22.756878939830997,22.56525572861897,22.704017639160156,22288306
2015-07-13 00:00:00-04:00,22.809736486164265,23.02778898344802,22.789914497955504,23.007966995239258,19210415
2015-07-14 00:00:00-04:00,22.968320531850168,23.226022320949994,22.935283884591367,23.179765701293945,19495311
2015-07-15 00:00:00-04:00,23.1401213967869,23.20619734711535,23.067435460353458,23.113689422607422,20517375
2015-07-16 00:00:00-04:00,23.21940912677766,23.25905575475754,23.146725856103295,23.19297981262207,16138637
2015-07-17 00:00:00-04:00,23.133513920334806,23.179765225547854,23.074045299742647,23.173160552978516,17681482
2015-07-20 00:00:00-04:00,23.212809805562557,23.371396372186958,23.17977049472457,23.28549575805664,15569899
2015-07-21 00:00:00-04:00,23.285494282160585,23.351570242901072,23.04761710404868,23.21941566467285,18612164
2015-07-22 00:00:00-04:00,23.166546549783966,23.259054457662604,22.97492340585627,23.047609329223633,18576645
2015-07-23 00:00:00-04:00,23.120296845207246,23.126906831338893,22.88241970361993,22.981534957885742,13404877
2015-07-24 00:00:00-04:00,22.88241550039603,22.94188676742883,22.565247807704054,22.6379337310791,22585217
2015-07-27 00:00:00-04:00,22.578469038625368,22.730445601053987,22.386848495626168,22.6908016204834,33015180
2015-07-28 00:00:00-04:00,23.087265244679728,23.437472375850472,22.730448125932533,23.358179092407227,38651339
2015-07-29 00:00:00-04:00,23.44406972930823,23.873569961134702,23.41763776049364,23.629085540771484,47792049
2015-07-30 00:00:00-04:00,23.57623153819232,23.787676726999887,23.3846083395553,23.609268188476562,22663003
2015-07-31 00:00:00-04:00,23.728202948697845,24.091624620160747,23.701770977461337,23.82731819152832,30570638
2015-08-03 00:00:00-04:00,23.97930490479274,23.98591223622156,23.721605695330467,23.886796951293945,18019606
2015-08-04 00:00:00-04:00,23.933043220349557,23.933043220349557,23.66873676457899,23.8603572845459,27122898
2015-08-05 00:00:00-04:00,24.02018083818881,24.086773145775187,23.82706020092925,23.85369873046875,25557181
2015-08-06 00:00:00-04:00,23.946935802273778,23.9602564107551,23.327619881961134,23.42085075378418,25792856
2015-08-07 00:00:00-04:00,23.420842306375366,23.507414181487704,23.221062703813523,23.434160232543945,15445105
2015-08-10 00:00:00-04:00,23.447481096846715,23.620624868767525,23.394206707988452,23.54737091064453,16462742
2015-08-11 00:00:00-04:00,23.44747988899626,23.467459457231783,23.2676798399274,23.38754653930664,20273479
2015-08-12 00:00:00-04:00,23.2210550483267,23.62061412172428,23.114506319088335,23.55402183532715,29087976
2015-08-13 00:00:00-04:00,23.560691515990555,23.72051468256534,23.254363110678398,23.54737091064453,20595792
2015-08-14 00:00:00-04:00,23.554032283710075,23.640601491175545,23.334273089353527,23.520734786987305,19042934
2015-08-17 00:00:00-04:00,23.380885354795108,23.660577863456815,23.307634084912216,23.64059829711914,14630469
2015-08-18 00:00:00-04:00,23.567351146259803,23.707197425032525,23.494097186065606,23.65392303466797,14064154
2015-08-19 00:00:00-04:00,23.554031285178024,23.633941525413,23.280997714144974,23.487436294555664,18798512
2015-08-20 00:00:00-04:00,23.254360887024486,23.40086343424422,23.007963180541992,23.007963180541992,19778099
2015-08-21 00:00:00-04:00,22.801524448847385,23.021283623152396,22.335372924804688,22.335372924804688,35297301
2015-08-24 00:00:00-04:00,21.289857976291287,22.14225212062771,18.95909501793705,21.396408081054688,55081935
2015-08-25 00:00:00-04:00,22.108953387499906,22.122272651881307,20.857001440827762,20.870319366455078,44583884
2015-08-26 00:00:00-04:00,21.363115605773174,21.676102994520246,20.876984434308977,21.59619140625,46002568
2015-08-27 00:00:00-04:00,21.829264773602613,22.388648506653347,21.75601215783114,22.14891242980957,40677022
2015-08-28 00:00:00-04:00,22.175545952260034,22.21550240470484,21.64280083926876,21.74934959411621,35300357
2015-08-31 00:00:00-04:00,21.782650655179232,21.78930961876038,21.28320027275399,21.456342697143555,33764468
2015-09-01 00:00:00-04:00,20.950233938994007,21.22326616233176,20.770431218713536,20.88364028930664,41249449
2015-09-02 00:00:00-04:00,21.26322201177174,21.289857864379883,20.896958957097553,21.289857864379883,33120580
2015-09-03 00:00:00-04:00,21.48963576967671,21.589525564075032,21.15001127197484,21.236581802368164,22753647
2015-09-04 00:00:00-04:00,20.943578389768202,21.123379800604802,20.730479479282835,20.890302658081055,23781402
2015-09-08 00:00:00-04:00,21.19662791462967,21.689416613762223,21.19662791462967,21.66278076171875,27375331
2015-09-09 00:00:00-04:00,21.975767007127132,21.99574523393098,21.223264061296614,21.2831974029541,22553176
2015-09-10 00:00:00-04:00,21.30318166576917,21.835928283967146,21.269884165410275,21.722719192504883,33002321
2015-09-11 00:00:00-04:00,21.689416322882344,21.96910883063727,21.542912444837427,21.95578956604004,23587993
2015-09-14 00:00:00-04:00,21.935812263378455,22.0024045688458,21.696076215184593,21.78264808654785,16427012
2015-09-15 00:00:00-04:00,21.942472590576195,22.208844506516968,21.849241750619843,22.088977813720703,22053791
2015-09-16 00:00:00-04:00,21.962448516441896,22.162228101829893,21.782647157343508,22.09563446044922,22566140
2015-09-17 00:00:00-04:00,22.088973534052798,22.615060978304935,22.062336347619592,22.295412063598633,26703090
2015-09-18 00:00:00-04:00,22.029045397196228,22.262122521090205,21.869222231172618,21.87588119506836,38735343
2015-09-21 00:00:00-04:00,22.042360110478942,22.195524280967877,21.469658542398477,21.58952522277832,24985175
2015-09-22 00:00:00-04:00,21.296520369324806,21.529596152544137,21.20328952053536,21.482980728149414,25600290
2015-09-23 00:00:00-04:00,21.456345883405895,21.849246213107154,21.436367650941445,21.722719192504883,27534696
2015-09-24 00:00:00-04:00,21.54957084293644,21.89585564833895,21.356450213240024,21.77598762512207,32109161
2015-09-25 00:00:00-04:00,21.94912962716142,22.042360458934265,21.07675866683247,21.236581802368164,36388296
2015-09-28 00:00:00-04:00,21.11005790281969,21.17665155506569,20.40417027627824,20.524038314819336,44882377
2015-09-29 00:00:00-04:00,20.45078661935887,20.936917790823067,20.41749045893486,20.6572265625,32713209
2015-09-30 00:00:00-04:00,20.94357540581508,21.02348698382872,20.68386110382797,20.91693687438965,33843202
2015-10-01 00:00:00-04:00,20.84368812530116,21.2232691709448,20.71050080704578,21.203290939331055,31567932
2015-10-02 00:00:00-04:00,21.289858116381897,22.049021426078568,20.976870779481697,22.029043197631836,43956754
2015-10-05 00:00:00-04:00,22.275433839085252,22.568445567358346,21.975764487646238,22.295412063598633,33724311
2015-10-06 00:00:00-04:00,22.242142330469004,22.375328290417787,21.589527779834498,21.83592414855957,38566176
2015-10-07 00:00:00-04:00,22.04236869053048,22.295422752340613,21.54291953202244,22.168895721435547,30302605
2015-10-08 00:00:00-04:00,21.909177220627555,22.135595379254685,21.669442473043887,22.03570556640625,31691883
2015-10-09 00:00:00-04:00,22.015721587738163,22.362006360364358,21.922490763087893,22.135589599609375,21508451
2015-10-12 00:00:00-04:00,22.128933362143204,22.268779624797748,21.909175523152147,22.12227439880371,15642414
2015-10-13 00:00:00-04:00,22.095637899551665,22.401967626578603,21.85590182427045,21.962451934814453,20496189
2015-10-14 00:00:00-04:00,22.002412796020508,22.355358037489193,21.93582046565286,22.002412796020508,18686366
2015-10-15 00:00:00-04:00,21.92915449525961,22.734933265540384,21.92915449525961,22.694976806640625,27807787
2015-10-16 00:00:00-04:00,22.874777431489683,22.93471077557917,22.641700340576985,22.91473388671875,20238908
2015-10-19 00:00:00-04:00,22.91473705777289,23.001306265656144,22.701636826230754,22.97467041015625,16632963
2015-10-20 00:00:00-04:00,23.074557441903245,23.10119329419247,22.481877598368747,22.641700744628906,18436146
2015-10-21 00:00:00-04:00,22.75491510573668,22.868125543495537,21.99575293154711,22.2821044921875,34867585
2015-10-22 00:00:00-04:00,22.36201341445767,22.401969877270314,21.90251944712972,22.19552993774414,43599764
2015-10-23 00:00:00-04:00,22.28209710410933,22.874776923916066,22.128931588299277,22.674997329711914,29021468
2015-10-26 00:00:00-04:00,22.641704088741964,22.88809914635047,22.528496344775768,22.748252868652344,24548819
2015-10-27 00:00:00-04:00,23.314302130190153,23.60731267888355,23.07456598330381,23.300981521606445,42242001
2015-10-28 00:00:00-04:00,23.460800296772426,24.020182685028654,23.320954030331258,23.6073055267334,36745497
2015-10-29 00:00:00-04:00,22.80818370119601,23.906974231632518,22.748250353810697,23.154468536376953,75916247
2015-10-30 00:00:00-04:00,23.154467023944854,23.241038896462374,22.46190007632929,22.521833419799805,60213861
2015-11-02 00:00:00-05:00,22.754905901514316,23.474113994706766,22.74158797687408,23.347585678100586,41633632
2015-11-03 00:00:00-05:00,23.300978528118367,23.334276029036,23.07456301890344,23.287660598754883,31138111
2015-11-04 00:00:00-05:00,23.442053276348016,23.475616824445343,22.88486598850118,22.918432235717773,32544358
2015-11-05 00:00:00-05:00,22.97885239350876,23.019131355729808,22.817739243744196,22.925148010253906,21599306
2015-11-06 00:00:00-05:00,22.77075310816327,22.858023764343848,22.38139556010571,22.7774658203125,32936868
2015-11-09 00:00:00-05:00,22.683478615422892,22.73047029163988,22.414956679268542,22.589496612548828,28473915
2015-11-10 00:00:00-05:00,22.710332853078558,22.804316208386542,22.56264510889743,22.68347930908203,22100483
2015-11-11 00:00:00-05:00,22.77074797754262,22.96542738248703,22.589495343431548,22.649913787841797,21610478
2015-11-12 00:00:00-05:00,22.562648628424867,22.623065737941577,22.388107313020665,22.414960861206055,18972316
2015-11-13 00:00:00-05:00,22.381391853384272,22.609634825138546,22.24712953527481,22.334400177001953,19041459
2015-11-16 00:00:00-05:00,22.347824555425703,22.42838113279341,22.052449088850917,22.260555267333984,27021503
2015-11-17 00:00:00-05:00,22.28740625892934,22.461947535397012,22.065876007080078,22.065876007080078,31295579
2015-11-18 00:00:00-05:00,22.20685003399908,22.4418084102403,22.106153972627094,22.361251831054688,37905318
2015-11-19 00:00:00-05:00,22.012169986566505,22.133004169667785,21.448271284001557,21.676515579223633,95611186
2015-11-20 00:00:00-05:00,21.871199705662526,21.877912417385033,21.53554657525636,21.602676391601562,68087978
2015-11-23 00:00:00-05:00,21.092486716505462,21.273739409210876,20.803823871089943,21.032068252563477,131376462
2015-11-24 00:00:00-05:00,21.06563022119254,21.5825359931428,20.9582200903795,21.461700439453125,88563404
2015-11-25 00:00:00-05:00,21.72350886403326,22.314259801124262,21.622812804261827,22.065876007080078,83669682
2015-11-27 00:00:00-05:00,22.099436247187622,22.15314062112535,21.931609066462542,22.01216697692871,16989848
2015-11-30 00:00:00-05:00,22.09272639859156,22.09272639859156,21.83762991457548,21.998743057250977,45230091
2015-12-01 00:00:00-05:00,22.153145896858284,22.643202137034923,22.018884930039953,22.56935691833496,51963254
2015-12-02 00:00:00-05:00,22.60292085581514,22.710330974235262,22.012171277523752,22.086013793945312,33547134
2015-12-03 00:00:00-05:00,22.099441096634095,22.153145482356578,21.723509047016833,21.743648529052734,49909640
2015-12-04 00:00:00-05:00,21.81078414382398,22.079307493494024,21.757079743802016,22.018890380859375,33320945
2015-12-07 00:00:00-05:00,21.97860826196832,22.07259162334232,21.78392882756791,21.924903869628906,22100483
2015-12-08 00:00:00-05:00,21.71680137692888,21.97861065548512,21.676522403507835,21.837636947631836,27124058
2015-12-09 00:00:00-05:00,21.763784861414532,21.91818664454572,21.56239275683271,21.676515579223633,41694343
2015-12-10 00:00:00-05:00,21.77050815517525,21.965187632059976,21.64295985814465,21.7235164642334,55644665
2015-12-11 00:00:00-05:00,21.555684429830407,21.636242367692102,21.461701068698456,21.522119522094727,42450061
2015-12-14 00:00:00-05:00,21.475128121073617,21.622815876329142,21.37443204699576,21.602676391601562,40355868
2015-12-15 00:00:00-05:00,21.898054662479108,22.032315661653875,21.595966402165708,21.656383514404297,49895622
2015-12-16 00:00:00-05:00,21.770498787803838,21.931611930657855,21.475123343011713,21.87119483947754,46831328
2015-12-17 00:00:00-05:00,21.857772854425903,21.931615377670074,21.6832315645616,21.703371047973633,40396658
2015-12-18 00:00:00-05:00,21.649666203111824,21.783927173767484,21.448274072348358,21.475126266479492,70213475
2015-12-21 00:00:00-05:00,21.59596046982357,21.790639877319336,21.488551699988605,21.790639877319336,32277064
2015-12-22 00:00:00-05:00,21.898052340344414,21.898052340344414,21.72351238514584,21.830921173095703,26882165
2015-12-23 00:00:00-05:00,21.871205883780362,21.978614699921273,21.83764096612644,21.85778045654297,22101748
2015-12-24 00:00:00-05:00,21.817493724740707,21.96518146924654,21.817493724740707,21.89805030822754,8355690
2015-12-28 00:00:00-05:00,21.884623774593113,21.918190030248237,21.73022331717145,21.7637882232666,27757828
2015-12-29 00:00:00-05:00,21.86448307229429,22.09272873960987,21.837632228562924,22.039024353027344,17956155
2015-12-30 00:00:00-05:00,21.97860642648142,22.079302491098463,21.91818932753517,21.985319137573242,17217512
2015-12-31 00:00:00-05:00,21.797349948157695,21.871193805865936,21.6630876525647,21.669801712036133,22243511
2016-01-04 00:00:00-05:00,21.381145352007362,21.501980914165774,21.19317997164102,21.44827651977539,39322421
2016-01-05 00:00:00-05:00,21.602676391601562,21.642955361056725,21.43485050117851,21.602676391601562,28777994
2016-01-06 00:00:00-05:00,21.30058832823233,21.41471117616641,21.092483466802022,21.22003173828125,27242316
2016-01-07 00:00:00-05:00,20.917939370837303,21.3542898698652,20.904513949084997,21.07905387878418,39223134
2016-01-08 00:00:00-05:00,21.1797490346637,21.233453418496662,20.756825325029343,20.810529708862305,34840286
2016-01-11 00:00:00-05:00,20.911227352384824,20.944793606996825,20.5688615420859,20.85752296447754,40717917
2016-01-12 00:00:00-05:00,21.065627556408614,21.14618413215806,20.62256436544694,20.810529708862305,40927031
2016-01-13 00:00:00-05:00,20.870945860289556,20.99849409527235,20.320473962128165,20.387603759765625,42762888
2016-01-14 00:00:00-05:00,20.401033790300062,21.092480803240974,20.401033790300062,20.884374618530273,40603031
2016-01-15 00:00:00-05:00,20.286911843596748,20.689697459215786,20.27348642116009,20.6829833984375,49299269
2016-01-19 00:00:00-05:00,20.89109703831902,20.964939587159765,20.360762972728523,20.602434158325195,34508276
2016-01-20 00:00:00-05:00,20.280202401178613,20.85752669888815,20.179506318433464,20.582290649414062,52142223
2016-01-21 00:00:00-05:00,20.54871919195911,20.743398583128318,20.481588041662203,20.528579711914062,38528548
2016-01-22 00:00:00-05:00,20.810533704246243,20.978360948115025,20.589003415793957,20.615854263305664,33142398
2016-01-25 00:00:00-05:00,20.696411852757713,20.750116245989666,20.421175825273906,20.47488021850586,30313251
2016-01-26 00:00:00-05:00,20.495014101559285,20.642703176645206,20.36746720626646,20.588998794555664,27360786
2016-01-27 00:00:00-05:00,20.61584664246937,20.817238720841452,20.354037480409502,20.488298416137695,30059131
2016-01-28 00:00:00-05:00,20.60913826842429,20.615850979232892,19.863986881873235,20.27348518371582,51419917
2016-01-29 00:00:00-05:00,20.394323028310176,20.468168258666992,20.085522081102205,20.468168258666992,59794263
2016-02-01 00:00:00-05:00,20.367468319851703,20.407745933841134,20.01167440732593,20.253345489501953,50036858
2016-02-02 00:00:00-05:00,20.25334909534557,20.3674719460134,19.837138012954785,20.23320960998535,50815553
2016-02-03 00:00:00-05:00,20.28067138581352,20.3891600089288,19.75856750159739,20.117937088012695,47403334
2016-02-04 00:00:00-05:00,19.99589367761281,20.06369840451579,19.487350047070755,19.663644790649414,60009068
2016-02-05 00:00:00-05:00,19.677200743709843,19.94842229749323,19.55515036294338,19.68398094177246,41033906
2016-02-08 00:00:00-05:00,19.446659414987685,19.650076237554007,19.155094575641176,19.365291595458984,50082391
2016-02-09 00:00:00-05:00,19.304269655795025,19.799251383396506,19.216122990444674,19.7314453125,60214809
2016-02-10 00:00:00-05:00,19.887397771798483,20.273889507957758,19.873837375684758,19.995887756347656,47121389
2016-02-11 00:00:00-05:00,19.670420718817613,19.89417816187681,19.589052888838392,19.751787185668945,41780771
2016-02-12 00:00:00-05:00,19.833157172014747,19.921305215758597,19.650082248329703,19.907743453979492,34300533
2016-02-16 00:00:00-05:00,20.036573021565545,20.233209696869977,19.968766942429657,20.212867736816406,34329307
2016-02-17 00:00:00-05:00,20.3416955494862,20.389159662073663,20.063692435136677,20.0908145904541,41224259
2016-02-18 00:00:00-05:00,20.21964255348122,20.368816433122483,19.975543187199868,20.03656768798828,50788993
2016-02-19 00:00:00-05:00,20.07047266122889,20.10437637776895,19.785689348434047,19.995887756347656,41870045
2016-02-22 00:00:00-05:00,20.172183939303487,20.38916257598016,20.104379222883583,20.375600814819336,41458458
2016-02-23 00:00:00-05:00,20.382383184896856,20.599360467046175,20.307796903375998,20.314577102661133,33697118
2016-02-24 00:00:00-05:00,20.212868486471027,20.395943407486943,20.016231803873737,20.355260848999023,33322210
2016-02-25 00:00:00-05:00,20.40950514217891,20.809558706073062,20.35526082218108,20.74175262451172,54850265
2016-02-26 00:00:00-05:00,20.87057763580522,20.95194545713844,20.355255370709465,20.49764633178711,45244004
2016-02-29 00:00:00-05:00,20.40272176838216,20.463746278102533,20.05013238012959,20.117937088012695,37091841
2016-03-01 00:00:00-05:00,20.199305688008153,20.402722545662815,20.084035499210803,20.368820190429688,33114256
2016-03-02 00:00:00-05:00,20.416279282449665,20.450182994732774,20.172178551773175,20.32813262939453,36139763
2016-03-03 00:00:00-05:00,20.260331170059928,20.341697644391793,20.05691430266625,20.267112731933594,38881955
2016-03-04 00:00:00-05:00,20.239988360756826,20.301014236289078,20.023011104983375,20.145061492919922,38827884
2016-03-07 00:00:00-05:00,20.0365665016446,20.212861159528984,19.880613797194496,20.19930076599121,33934900
2016-03-08 00:00:00-05:00,20.17218485895477,20.17218485895477,19.907743453979492,19.907743453979492,34566879
2016-03-09 00:00:00-05:00,20.15184106224173,20.23998772886577,19.948422846612882,20.165401458740234,81054603
2016-03-10 00:00:00-05:00,20.273889133802044,20.28745089279336,20.02300954217726,20.063692092895508,61264172
2016-03-11 00:00:00-05:00,20.192525424742303,20.680727005004883,20.158623067329415,20.680727005004883,63638517
2016-03-14 00:00:00-04:00,20.5247664598167,20.572230560050706,20.30778791062233,20.409496307373047,49289572
2016-03-15 00:00:00-04:00,20.260333747829485,20.294236108999236,19.867060360496342,20.029794692993164,57622391
2016-03-16 00:00:00-04:00,20.016230739751848,20.016230739751848,19.57549464027354,19.690763473510742,96151572
2016-03-17 00:00:00-04:00,19.745003958283807,20.05691076625291,19.487342820099425,19.894176483154297,70483510
2016-03-18 00:00:00-04:00,20.00267470882349,20.10438316653241,19.7789158292382,19.96877098083496,86327765
2016-03-21 00:00:00-04:00,19.968764693948874,20.42306387356442,19.961984495737152,20.38916015625,37124304
2016-03-22 00:00:00-04:00,20.36204028019527,20.721409909445494,20.267113405218574,20.5993595123291,42880725
2016-03-23 00:00:00-04:00,20.633260582084564,20.755310963517594,20.409501776645325,20.47052764892578,42985704
2016-03-24 00:00:00-04:00,20.423064300309097,20.531552926475158,20.26032999793207,20.39594078063965,33669714
2016-03-28 00:00:00-04:00,20.402724300934743,20.49087097737542,20.165403704502015,20.19252586364746,32850545
2016-03-29 00:00:00-04:00,20.21964805867426,20.470530416688952,20.14506314323798,20.375600814819336,36464395
2016-03-30 00:00:00-04:00,20.443404468199585,20.484088383725727,20.34847760385177,20.38916015625,33824546
2016-03-31 00:00:00-04:00,20.382374645214792,20.456960895485963,20.00944339385894,20.097591400146484,59861719
2016-04-01 00:00:00-04:00,19.961985111992416,20.456966859286997,19.941644516729312,20.368820190429688,50975340
2016-04-04 00:00:00-04:00,20.40271754321935,20.85023506558613,20.382375589815837,20.829893112182617,54762573
2016-04-05 00:00:00-04:00,21.162142750938308,21.528293862214394,20.734967136013424,21.263851165771484,299829377
2016-04-06 00:00:00-04:00,21.385903588524734,22.375865678779235,21.37912339038592,22.328401565551758,158517384
2016-04-07 00:00:00-04:00,22.070738622743757,22.430108178871563,22.036836271659478,22.213130950927734,64692412
2016-04-08 00:00:00-04:00,22.26059541638751,22.30805816341357,21.88766409598417,22.036836624145508,55597973
2016-04-11 00:00:00-04:00,22.05039605326305,22.084298403403952,21.609660048920322,21.623220443725586,87735803
2016-04-12 00:00:00-04:00,21.63000417018446,21.792737102909413,21.56219809998512,21.670686721801758,45178972
2016-04-13 00:00:00-04:00,21.670682092245542,22.111419409693724,21.670682092245542,22.063955307006836,38429156
2016-04-14 00:00:00-04:00,22.023279603355327,22.22669648313014,21.921571163467924,22.1385498046875,33682467
2016-04-15 00:00:00-04:00,22.13854504215298,22.22669170163315,21.901224491383672,22.036836624145508,37179112
2016-04-18 00:00:00-04:00,22.036841028142394,22.28094182539427,21.894448669224122,22.111427307128906,38997262
2016-04-19 00:00:00-04:00,22.240256461552985,22.51147803742325,22.19957254360845,22.301280975341797,29954996
2016-04-20 00:00:00-04:00,22.274161000697433,22.647092407977567,22.274161000697433,22.531822204589844,36981593
2016-04-21 00:00:00-04:00,22.41654863735203,22.701331941437264,22.40298687852519,22.538599014282227,36025298
2016-04-22 00:00:00-04:00,22.545381034876527,22.71489553671378,22.423330648078824,22.558942794799805,27548714
2016-04-25 00:00:00-04:00,22.464016637368466,22.55894487620614,22.375868597554035,22.518260955810547,25569513
2016-04-26 00:00:00-04:00,22.511475571470907,22.599623596318825,22.321620489158832,22.409767150878906,30293330
2016-04-27 00:00:00-04:00,22.362309352231073,22.51826211657306,22.308063667864687,22.375869750976562,27503603
2016-04-28 00:00:00-04:00,22.355526688830924,22.497919047415298,22.206354131207693,22.314844131469727,34818995
2016-04-29 00:00:00-04:00,22.28772218921577,22.34196650831096,21.98937707106414,22.17923355102539,36061134
2016-05-02 00:00:00-04:00,22.07752809858082,22.37587189396422,22.036844172191678,22.24026107788086,40122407
2016-05-03 00:00:00-04:00,22.816601569951512,23.033580164050356,22.54537866810991,22.85050392150879,75396414
2016-05-04 00:00:00-04:00,22.830167744974613,22.986121873125914,22.599628697141057,22.647092819213867,38021364
2016-05-05 00:00:00-04:00,22.626747472613946,22.870849608987562,22.5792833576424,22.762359619140625,25047467
2016-05-06 00:00:00-04:00,22.63353188644341,22.775924257878287,22.511481477088978,22.76914405822754,24422234
2016-05-09 00:00:00-04:00,22.742018759821143,23.026803463412183,22.728456999261944,22.931875228881836,33182766
2016-05-10 00:00:00-04:00,22.93865539512791,22.965776189951896,22.70133480913797,22.918312072753906,26125498
2016-05-11 00:00:00-04:00,22.89094365114591,22.959355556325818,22.67886289415067,22.685705184936523,32037384
2016-05-12 00:00:00-04:00,22.72675672884697,22.767804980668167,22.52151822041121,22.706233978271484,26746515
2016-05-13 00:00:00-04:00,22.802010940295755,22.884106068603035,22.672026643308783,22.706233978271484,21622494
2016-05-16 00:00:00-04:00,22.5283601043795,22.870425216680196,22.446264972547993,22.836217880249023,23239224
2016-05-17 00:00:00-04:00,22.76096094231779,22.80885010442985,22.521515131757496,22.596769332885742,33175177
2016-05-18 00:00:00-04:00,22.583086692337474,22.836212950338943,22.555720278966362,22.692546844482422,21034889
2016-05-19 00:00:00-04:00,22.685710826225517,22.870425216680196,22.54888423117117,22.836217880249023,28095740
2016-05-20 00:00:00-04:00,22.904629437339292,23.19196443991881,22.884105312107174,23.082504272460938,36437939
2016-05-23 00:00:00-04:00,23.14407610973948,23.19880619544752,23.02093272922883,23.03461456298828,25126833
2016-05-24 00:00:00-04:00,23.048299300650676,23.383523504681023,23.048299300650676,23.32879066467285,29890808
2016-05-25 00:00:00-04:00,23.342471384604995,23.534025290231476,23.30826405293207,23.499820709228516,22152761
2016-05-26 00:00:00-04:00,23.43825479099599,23.70506433397713,23.43825479099599,23.554555892944336,26656292
2016-05-27 00:00:00-04:00,23.520346880506377,23.773474570113212,23.520346880506377,23.677696228027344,21569056
2016-05-31 00:00:00-04:00,23.71874269185511,23.773472775963725,23.52034510546007,23.73926544189453,34547274
2016-06-01 00:00:00-04:00,23.739264499564058,23.903457496042417,23.684534417627955,23.77347183227539,24361207
2016-06-02 00:00:00-04:00,23.732421289323927,23.93765976441472,23.61612022028442,23.855566024780273,31807717
2016-06-03 00:00:00-04:00,23.855564696249708,23.862405611615788,23.568229746856538,23.732419967651367,28377580
2016-06-06 00:00:00-04:00,23.73926284889933,23.937660413623775,23.68453277076878,23.8966121673584,21526791
2016-06-07 00:00:00-04:00,23.835044860839844,23.93766411704469,23.77347385725099,23.835044860839844,24776905
2016-06-08 00:00:00-04:00,23.787156272499146,24.17026963871654,23.71874435024762,24.11553955078125,23703195
2016-06-09 00:00:00-04:00,23.978710860111374,24.286568609345125,23.96502902699079,24.156585693359375,25440187
2016-06-10 00:00:00-04:00,24.019754675531132,24.21131130653385,23.95818368718586,24.14289665222168,21645366
2016-06-13 00:00:00-04:00,23.958188751572933,24.04712617057698,23.7392656624345,23.766632080078125,31296000
2016-06-14 00:00:00-04:00,23.67085263084268,23.965028540990083,23.65717079799956,23.93766212463379,33410430
2016-06-15 00:00:00-04:00,23.951344965443823,24.074486953412183,23.70505823883725,23.80083656311035,21372696
2016-06-16 00:00:00-04:00,23.725582666747545,23.800838248578465,23.54771058812272,23.77347183227539,23540563
2016-06-17 00:00:00-04:00,23.794001260312896,23.81452676596908,23.301430384626702,23.410890579223633,35423464
2016-06-20 00:00:00-04:00,23.588757203585153,23.739265623704068,23.383521449608644,23.602441787719727,23814919
2016-06-21 00:00:00-04:00,23.60928158646708,23.862409246922827,23.60928158646708,23.77347183227539,26725962
2016-06-22 00:00:00-04:00,23.766628723045148,23.910296206373243,23.540867499722278,23.581912994384766,26515583
2016-06-23 00:00:00-04:00,23.739263830627277,23.766630246159206,23.465613428657814,23.664011001586914,25111339
2016-06-24 00:00:00-04:00,23.123547176221635,23.568231463431818,23.08250168103563,23.239850997924805,46376211
2016-06-27 00:00:00-04:00,23.123550415039062,23.246695169854927,22.938836033485483,23.123550415039062,31359662
2016-06-28 00:00:00-04:00,23.362994256896926,23.581914579154766,23.205644931440357,23.561391830444336,25068547
2016-06-29 00:00:00-04:00,23.684535099451,24.04712568488715,23.650330516425043,23.95134735107422,26206761
2016-06-30 00:00:00-04:00,24.040276128028935,24.12921352344807,23.903452328105068,24.088165283203125,28451465
2016-07-01 00:00:00-04:00,24.04712703787445,24.38918939140056,24.0266015362339,24.33445930480957,20371290
2016-07-05 00:00:00-04:00,24.313932800243542,24.57390135908425,24.252361806167823,24.498645782470703,21972843
2016-07-06 00:00:00-04:00,24.505490415385243,24.560220495685115,24.204473598400945,24.532854080200195,27226928
2016-07-07 00:00:00-04:00,24.48496860815218,24.58074695078671,24.327619259729847,24.47128677368164,19081089
2016-07-08 00:00:00-04:00,24.54654228683779,24.758621746906208,24.423400261853125,24.710735321044922,18752873
2016-07-11 00:00:00-04:00,24.676522587736493,24.86807925200211,24.649156171125657,24.731252670288086,17406915
2016-07-12 00:00:00-04:00,24.731252792163698,24.833872041287407,24.649156292596697,24.792823791503906,17066368
2016-07-13 00:00:00-04:00,24.820192656743934,24.92281191599096,24.7723034857173,24.840715408325195,14611497
2016-07-14 00:00:00-04:00,24.963854899813906,25.28539444406368,24.799661919144437,25.258028030395508,29155116
2016-07-15 00:00:00-04:00,25.292237344338794,25.44274575464875,25.0596351879225,25.155410766601562,26445387
2016-07-18 00:00:00-04:00,25.10068140431055,25.30591990145768,25.00490307221921,25.066476821899414,17827567
2016-07-19 00:00:00-04:00,25.086999571346094,25.223826153000875,25.00490307221921,25.066476821899414,17614975
2016-07-20 00:00:00-04:00,25.244348054952155,25.26487355437984,25.093839645385742,25.093839645385742,12937112
2016-07-21 00:00:00-04:00,25.087002019451177,25.189621278038803,24.98438276086355,25.114368438720703,13772091
2016-07-22 00:00:00-04:00,25.1759359431741,25.20329960796853,25.093839447450897,25.1348876953125,14209501
2016-07-25 00:00:00-04:00,25.17593807440015,25.203301741511,24.977540485165697,25.162256240844727,12833293
2016-07-26 00:00:00-04:00,25.196460723876953,25.22382714154846,25.073318721030645,25.196460723876953,12773953
2016-07-27 00:00:00-04:00,25.14173021859114,25.25803130274144,25.073318301562164,25.210142135620117,15877456
2016-07-28 00:00:00-04:00,25.23066547489702,25.251188223046658,24.970696911652087,25.086997985839844,17134878
2016-07-29 00:00:00-04:00,25.09384127118184,25.278557024648553,25.0733185210945,25.23750877380371,22675545
2016-08-01 00:00:00-04:00,25.326445633460967,25.579573298971383,25.299079216611418,25.524843215942383,29911044
2016-08-02 00:00:00-04:00,25.14856869966157,25.189616946171608,24.71756898798085,24.89544105529785,34914488
2016-08-03 00:00:00-04:00,24.771275281972027,24.798866407442446,24.18493058330653,24.34358787536621,44941190
2016-08-04 00:00:00-04:00,24.488456135174566,24.50225447512439,24.24702262878418,24.24702262878418,26482593
2016-08-05 00:00:00-04:00,24.391880317156115,24.509150946004254,24.295308583892236,24.447065353393555,28665006
2016-08-08 00:00:00-04:00,24.33669497674949,24.33669497674949,23.943501945163945,24.095258712768555,32189687
2016-08-09 00:00:00-04:00,24.136645749361296,24.350490860776297,24.07456293732123,24.198728561401367,18054388
2016-08-10 00:00:00-04:00,24.260811137716786,24.267708918917293,24.081457732364086,24.233217239379883,14887328
2016-08-11 00:00:00-04:00,24.233224288834357,24.336696584011854,24.212530939213124,24.24702262878418,14106841
2016-08-12 00:00:00-04:00,24.198729895996244,24.219426016841158,23.9710919814497,24.129749298095703,15840777
2016-08-15 00:00:00-04:00,24.178033830565962,24.260812757568804,24.09525490356312,24.219423294067383,13021116
2016-08-16 00:00:00-04:00,24.10215428905915,24.198726001162356,23.9848836859072,23.998682022094727,15944174
2016-08-17 00:00:00-04:00,23.97109443123572,24.247022398107763,23.97109443123572,24.240121841430664,17961109
2016-08-18 00:00:00-04:00,24.240120739083444,24.391880281900935,24.13664844959586,24.274612426757812,17002390
2016-08-19 00:00:00-04:00,24.18493433112321,24.22632379927768,24.026277014477206,24.129749298095703,20624777
2016-08-22 00:00:00-04:00,24.005587195666173,24.33669744249997,23.977993288328808,24.033178329467773,27448690
2016-08-23 00:00:00-04:00,24.143550341033688,24.329798808289077,24.081464745079554,24.20563316345215,17873627
2016-08-24 00:00:00-04:00,24.302198587085503,24.405670843598998,23.977983482751153,24.019372940063477,23755157
2016-08-25 00:00:00-04:00,23.977986480592953,24.274607725959207,23.909005892137884,23.98488426208496,19083092
2016-08-26 00:00:00-04:00,24.005577378804247,24.212521891831237,23.909002902920363,24.019372940063477,19785688
2016-08-29 00:00:00-04:00,24.102155458759228,24.260812757568804,24.019376531756386,24.219423294067383,15941645
2016-08-30 00:00:00-04:00,24.21942160045918,24.26770884224505,24.04006819567314,24.06076431274414,15274779
2016-08-31 00:00:00-04:00,24.046972276123864,24.10215730717961,23.87451662723131,24.005582809448242,21919616
2016-09-01 00:00:00-04:00,23.95729938347088,24.10216115318366,23.87452043691052,23.922807693481445,16780945
2016-09-02 00:00:00-04:00,23.991782043576972,24.033171506064,23.874514211142863,23.98488426208496,15215333
2016-09-06 00:00:00-04:00,24.060765405567018,24.136643775514095,23.971088699100942,23.98488426208496,17882059
2016-09-07 00:00:00-04:00,23.950402154527207,24.067670020255537,23.922808247189842,24.033178329467773,15615537
2016-09-08 00:00:00-04:00,23.943497802548343,24.012478391664352,23.88141222145543,23.950395584106445,19216212
2016-09-09 00:00:00-04:00,23.83312957878022,23.86072348387553,23.515814924629588,23.52271270751953,23595055
2016-09-12 00:00:00-04:00,23.45373211103549,23.95729799748452,23.412342640149788,23.90211296081543,20472685
2016-09-13 00:00:00-04:00,23.75724646317514,23.75724646317514,23.35025516541977,23.481321334838867,21878510
2016-09-14 00:00:00-04:00,23.53650664624594,23.695163943657313,23.35715323049872,23.412338256835938,19924921
2016-09-15 00:00:00-04:00,23.377847749331764,23.681363986652485,23.14330932329435,23.55030059814453,21890104
2016-09-16 00:00:00-04:00,23.58479389098288,23.605487235783702,23.3364598856979,23.412338256835938,26998737
2016-09-19 00:00:00-04:00,23.446832614310715,23.474426517396072,23.1709060643662,23.212295532226562,18489584
2016-09-20 00:00:00-04:00,23.343361423692304,23.412342024330368,23.177804931271933,23.322668075561523,14875313
2016-09-21 00:00:00-04:00,23.384753372409776,23.68137192807158,23.27438329027481,23.646883010864258,16397500
2016-09-22 00:00:00-04:00,23.681368926124833,23.750352298866396,23.502018258774676,23.55720329284668,17641220
2016-09-23 00:00:00-04:00,23.564099973988693,23.7089617217324,23.460627693248227,23.63308334350586,13635703
2016-09-26 00:00:00-04:00,23.39854233408533,23.460625141068835,23.053635231393937,23.205394744873047,31119982
2016-09-27 00:00:00-04:00,23.301968431652266,23.37095179539852,23.095023887483606,23.33646011352539,16453572
2016-09-28 00:00:00-04:00,23.35025435720435,23.45372662344087,23.239884309690044,23.446828842163086,15080421
2016-09-29 00:00:00-04:00,23.412340060698238,23.502016775481216,22.97085842921794,22.984655380249023,26396376
2016-09-30 00:00:00-04:00,23.067430062217348,23.46752217769896,23.03983755034853,23.364049911499023,30138076
2016-10-03 00:00:00-04:00,23.267479518829315,23.267479518829315,23.026041906066542,23.232986450195312,18862384
2016-10-04 00:00:00-04:00,23.184706008552126,23.39165060103066,23.115724015469997,23.26058578491211,22029759
2016-10-05 00:00:00-04:00,23.26747872014209,23.43993157648471,23.232985652692108,23.384746551513672,14698346
2016-10-06 00:00:00-04:00,23.30197086356712,23.315766428342126,23.088128515413146,23.212295532226562,16809824
2016-10-07 00:00:00-04:00,23.24678391943465,23.453728468184835,23.05363632109267,23.150209426879883,15619964
2016-10-10 00:00:00-04:00,23.21229252494996,23.343357307170738,23.157107499464107,23.18470001220703,17268420
2016-10-11 00:00:00-04:00,23.150207958146478,23.157107126296648,22.722523324139328,22.853588104248047,18268033
2016-10-12 00:00:00-04:00,22.860489704894416,22.929471690548567,22.722527120353814,22.81220245361328,15956295
2016-10-13 00:00:00-04:00,22.467295769386258,22.694935092772003,22.432805467091864,22.59836196899414,25488144
2016-10-14 00:00:00-04:00,22.577662321061727,22.694930155411324,22.529375076293945,22.529375076293945,16410042
2016-10-17 00:00:00-04:00,22.474191377288037,22.56386809051539,22.405209396864507,22.41900634765625,17837369
2016-10-18 00:00:00-04:00,22.584563924284367,22.67424064738978,22.4948885879467,22.550073623657227,15624074
2016-10-19 00:00:00-04:00,22.591455965967402,22.66043793645928,22.41210395210243,22.48798370361328,17247445
2016-10-20 00:00:00-04:00,22.412104466209048,22.58455870301094,22.412104466209048,22.446596145629883,20334190
2016-10-21 00:00:00-04:00,22.36382400946643,22.38451874604409,22.19826889038086,22.19826889038086,19852090
2016-10-24 00:00:00-04:00,22.281046166220865,22.322435638849175,22.108593266061185,22.16377830505371,20644066
2016-10-25 00:00:00-04:00,22.08789421129379,22.329329056374576,22.067199479025707,22.26724624633789,20380249
2016-10-26 00:00:00-04:00,22.267247629555136,22.48798775607998,22.177570913078686,22.350025177001953,18026246
2016-10-27 00:00:00-04:00,22.474190565578564,22.632847866731566,22.329328827951457,22.405208587646484,19238662
2016-10-28 00:00:00-04:00,22.432804035148102,22.4603979393436,21.99132236953597,22.025814056396484,30048170
2016-10-31 00:00:00-04:00,22.101687490921233,22.101687490921233,21.80506764829065,21.874048233032227,37890668
2016-11-01 00:00:00-04:00,21.342896076408937,21.880952245055354,21.211831272263137,21.432571411132812,57285005
2016-11-02 00:00:00-04:00,21.377383308504662,21.411873603561347,20.94279948901332,21.12904930114746,38033063
2016-11-03 00:00:00-04:00,21.17733889974181,21.17733889974181,20.57719993316343,20.618589401245117,38290977
2016-11-04 00:00:00-04:00,20.632382828284843,20.949697428140524,20.62548365980763,20.69446563720703,36919723
2016-11-07 00:00:00-05:00,20.853127891908283,20.99798966283641,20.749655594607585,20.956600189208984,32544885
2016-11-08 00:00:00-05:00,20.99142900819014,21.214370626224483,20.87299022316075,20.90085792541504,37365670
2016-11-09 00:00:00-05:00,22.997915626172354,23.248724986289684,21.945905147068714,22.37785530090332,125166505
2016-11-10 00:00:00-05:00,23.213893791489216,23.56920884967492,22.88644644369076,23.332332611083984,70908061
2016-11-11 00:00:00-05:00,23.14421939021963,23.22782390599542,22.42662283360017,22.70530128479004,37736994
2016-11-14 00:00:00-05:00,22.886445955473512,22.921280242564833,22.38482577860503,22.55900001525879,32219094
2016-11-15 00:00:00-05:00,22.823742660521052,22.823742660521052,22.210650278751682,22.45449447631836,31213472
2016-11-16 00:00:00-05:00,22.4335936844802,22.524163387376554,22.24548630108123,22.266386032104492,23864246
2016-11-17 00:00:00-05:00,22.301223139550267,22.377858292716393,22.071313478256076,22.10614776611328,27502549
2016-11-18 00:00:00-05:00,22.25941402893985,22.25941402893985,21.904099079779964,21.93196678161621,25460846
2016-11-21 00:00:00-05:00,21.95287432469408,22.078279719910718,21.938939769403973,21.99467658996582,23053931
2016-11-22 00:00:00-05:00,22.245485378016237,22.287286238926775,21.632393012409445,21.82746696472168,27862279
2016-11-23 00:00:00-05:00,21.722961507507076,21.911070273272767,21.339778800241533,21.890169143676758,22399924
2016-11-25 00:00:00-05:00,22.015577498568295,22.113113782212174,21.980741810996808,22.078279495239258,11017357
2016-11-28 00:00:00-05:00,22.078278211740898,22.182782467182967,21.945906248220844,21.973773956298828,18692901
2016-11-29 00:00:00-05:00,22.189748922212154,22.27335204598706,22.022542674662343,22.23851776123047,22810879
2016-11-30 00:00:00-05:00,22.280315764923213,22.552026215408556,22.12007612483204,22.391786575317383,40599553
2016-12-01 00:00:00-05:00,22.468426371574104,22.468426371574104,21.876235154281297,21.91803741455078,32259146
2016-12-02 00:00:00-05:00,21.973770337855992,22.106142279578226,21.848364971856437,22.03647232055664,20034221
2016-12-05 00:00:00-05:00,22.113112118032465,22.13401324888267,21.86926932637593,22.008607864379883,20342516
2016-12-06 00:00:00-05:00,22.05041053176577,22.085244816758028,21.89713743684226,21.987707138061523,18662967
2016-12-07 00:00:00-05:00,21.82746856127521,21.82746856127521,21.325848389468952,21.729930877685547,46432600
2016-12-08 00:00:00-05:00,21.486083747820317,21.667224523511806,21.256174140142853,21.555753707885742,37409622
2016-12-09 00:00:00-05:00,21.674198424846566,22.23852207073222,21.66026526848328,22.085248947143555,30935743
2016-12-12 00:00:00-05:00,22.085244308022727,22.747105511818994,22.05737660055116,22.57293128967285,33997508
2016-12-13 00:00:00-05:00,22.85857635599046,22.907345194245796,22.684403534333928,22.87251091003418,30313356
2016-12-14 00:00:00-05:00,22.935211422658604,23.199955327030022,22.740137482815904,22.865541458129883,38309843
2016-12-15 00:00:00-05:00,22.733173145175748,22.963082804386993,22.712272012411347,22.816776275634766,22004463
2016-12-16 00:00:00-05:00,22.90734616325767,22.949148426558665,22.656535384648723,22.879478454589844,39615012
2016-12-19 00:00:00-05:00,22.823742071778845,22.970047185946395,22.795874364289862,22.87251091003418,26276958
2016-12-20 00:00:00-05:00,22.837675253481198,22.907345222589086,22.691368738534166,22.886444091796875,26428312
2016-12-21 00:00:00-05:00,22.80284092676213,22.94217946411997,22.524162451447996,22.57293128967285,19751644
2016-12-22 00:00:00-05:00,22.49628983839641,22.593827493576896,22.32908363002828,22.531124114990234,19618418
2016-12-23 00:00:00-05:00,22.57989899076757,22.684404649737928,22.545064704843135,22.6286678314209,11387943
2016-12-27 00:00:00-05:00,22.691368045575967,22.795873696345595,22.628666055712607,22.663501739501953,11826302
2016-12-28 00:00:00-05:00,22.642595887925943,22.77496781716746,22.531123683881937,22.5380916595459,14691495
2016-12-29 00:00:00-05:00,22.565966801149923,22.72620648408921,22.552032245825444,22.635635375976562,14827250
2016-12-30 00:00:00-05:00,22.531130150114247,22.71227095799866,22.510230418918702,22.6286678314209,19885396
2017-01-03 00:00:00-05:00,22.78193922231592,22.990947723388672,22.705302678549348,22.990947723388672,23391844
2017-01-04 00:00:00-05:00,23.081518523720927,23.234790208682647,23.011848557394032,23.192989349365234,22753963
2017-01-05 00:00:00-05:00,23.24872596131962,23.471669024705687,23.074551736817963,23.41593360900879,21083584
2017-01-06 00:00:00-05:00,23.45076471309121,23.47863241716002,23.22782308054073,23.325359344482422,18418228
2017-01-09 00:00:00-05:00,23.290526002084793,23.457732233228384,23.25569032014779,23.31839370727539,21559886
2017-01-10 00:00:00-05:00,23.401997227377837,23.450766062453997,23.213889863940057,23.29749298095703,20444754
2017-01-11 00:00:00-05:00,23.248725661434687,23.36716446871171,22.572931303779534,22.87251091003418,42623128
2017-01-12 00:00:00-05:00,22.663497587355106,22.72619956573093,22.50325655259815,22.712265014648438,33475989
2017-01-13 00:00:00-05:00,22.76103844711271,22.83767499207465,22.524162235575385,22.65653419494629,21386925
2017-01-17 00:00:00-05:00,22.538095766780007,22.558996896384564,22.14097850608859,22.3360538482666,33838143
2017-01-18 00:00:00-05:00,22.356953470991208,22.48932541543356,22.259415806476333,22.31515121459961,22629064
2017-01-19 00:00:00-05:00,22.336059767670235,22.356960902813917,21.96681151566061,22.085248947143555,27555881
2017-01-20 00:00:00-05:00,22.099174130860575,22.377851145914484,22.05737187830341,22.134008407592773,31788324
2017-01-23 00:00:00-05:00,22.071310501407666,22.16884677437244,21.90410286092815,21.91803741455078,26098094
2017-01-24 00:00:00-05:00,21.876238759858673,21.918041027017882,21.527891669060285,21.702064514160156,31225172
2017-01-25 00:00:00-05:00,21.848365619199274,21.959836436457962,21.667224840854754,21.799596786499023,33905283
2017-01-26 00:00:00-05:00,21.876230436505633,21.92499926276986,21.736891933320788,21.792627334594727,28653517
2017-01-27 00:00:00-05:00,21.925003425937852,21.97377226146241,21.77869691936418,21.890169143676758,25353654
2017-01-30 00:00:00-05:00,21.92500410336715,21.945905233608954,21.639359058324988,21.81353187561035,28947899
2017-01-31 00:00:00-05:00,21.604526177617377,22.2454877187393,21.54879075680641,22.10614776611328,39472300
2017-02-01 00:00:00-05:00,22.176528483164194,22.303211498692413,22.00057977188235,22.289134979248047,30031938
2017-02-02 00:00:00-05:00,22.14837173469979,22.331357955932617,22.042802815329598,22.331357955932617,24634404
2017-02-03 00:00:00-05:00,22.556572808141347,22.69029334796709,22.465078988074143,22.58472442626953,37935252
2017-02-06 00:00:00-05:00,22.52138446769493,22.753636401537765,22.479156328862555,22.683258056640625,25859258
2017-02-07 00:00:00-05:00,22.74659793596987,22.767712004537607,22.479155425557792,22.577688217163086,24781648
2017-02-08 00:00:00-05:00,22.465080391731835,22.767712074103112,22.465080391731835,22.619915008544922,20194745
2017-02-09 00:00:00-05:00,22.619918642142956,22.901436301104166,22.619918642142956,22.788829803466797,25102380
2017-02-10 00:00:00-05:00,22.809936450108864,22.838088067100138,22.683254881081847,22.767709732055664,23090189
2017-02-13 00:00:00-05:00,22.83105340404387,23.007002093642356,22.83105340404387,22.950698852539062,21733585
2017-02-14 00:00:00-05:00,22.89439735814837,23.063307094345106,22.76771434856697,23.049230575561523,24205532
2017-02-15 00:00:00-05:00,23.070342622152083,23.633377856476887,23.007001830352642,23.5841121673584,48035523
2017-02-16 00:00:00-05:00,23.54188029815636,23.85155090133256,23.380008153776924,23.66152572631836,40402244
2017-02-17 00:00:00-05:00,23.640411660775964,23.85155090133256,23.598183529691177,23.66152572631836,36882306
2017-02-21 00:00:00-05:00,23.62633656032594,23.78820728983802,23.562994363698753,23.66152572631836,25391598
2017-02-22 00:00:00-05:00,23.626334370459052,23.753017337104133,23.40112005032699,23.640409469604492,28676494
2017-02-23 00:00:00-05:00,23.717833035312992,24.013427173988983,23.633378173491682,23.97119903564453,32122863
2017-02-24 00:00:00-05:00,24.048612027962893,24.175296427702644,23.921930457958,24.111955642700195,26046448
2017-02-27 00:00:00-05:00,24.090845100431377,24.25271728628539,24.041579406498812,24.126035690307617,23009136
2017-02-28 00:00:00-05:00,23.999344082750188,24.111953370708555,23.865624974759925,24.0134220123291,28964658
2017-03-01 00:00:00-05:00,24.11899277486657,24.301977576114187,23.964158175471752,24.22456169128418,34034925
2017-03-02 00:00:00-05:00,24.252716058633595,24.456816376060626,24.22456585194589,24.287906646728516,26952993
2017-03-03 00:00:00-05:00,24.287905304551938,24.386436681984538,24.182336375836314,24.29494285583496,19800760
2017-03-06 00:00:00-05:00,24.161218852334677,24.25975022144833,23.985271595908806,24.175296783447266,19174263
2017-03-07 00:00:00-05:00,23.837475947743314,24.069729282843873,23.753022504762708,23.921932220458984,30783335
2017-03-08 00:00:00-05:00,23.86562728881836,23.999346409774294,23.731906752994995,23.86562728881836,23870360
2017-03-09 00:00:00-05:00,23.844516888147094,24.027501710345106,23.774135715987363,23.964160919189453,20199594
2017-03-10 00:00:00-05:00,24.027498454168335,24.154180019311916,23.928967090285663,24.006385803222656,20214666
2017-03-13 00:00:00-04:00,24.027498454168335,24.034536004483563,23.865626307713875,24.006385803222656,19988056
2017-03-14 00:00:00-04:00,23.94304936126303,24.161224805312163,23.914899151571834,24.08380889892578,15563469
2017-03-15 00:00:00-04:00,24.083804575925726,24.421624009995636,24.055654371287442,24.372358322143555,24279839
2017-03-16 00:00:00-04:00,24.330131175995124,24.372356479760604,24.1049154072382,24.231599807739258,21816219
2017-03-17 00:00:00-04:00,24.25271763807363,24.337173923107482,24.11899848812809,24.154186248779297,45736117
2017-03-20 00:00:00-04:00,24.21048050980309,24.2808616644544,24.154177283922703,24.1964054107666,18435514
2017-03-21 00:00:00-04:00,24.266787773956796,24.358281592388465,24.05565276407086,24.104915618896484,33083479
2017-03-22 00:00:00-04:00,24.14011014020078,24.309019873505736,23.92193471429829,24.259754180908203,27528267
2017-03-23 00:00:00-04:00,24.154180736289174,24.323093267807497,24.090839951837214,24.133068084716797,21378704
2017-03-24 00:00:00-04:00,24.11900130763229,24.11900130763229,23.88674791150658,23.92897605895996,28583110
2017-03-27 00:00:00-04:00,23.745981528746178,24.147141691948114,23.745981528746178,24.05565071105957,18852055
2017-03-28 00:00:00-04:00,23.971196142559418,24.111955643474264,23.907855357554936,24.041574478149414,19327725
2017-03-29 00:00:00-04:00,24.041572725140327,24.245672996177532,24.006384974778495,24.161216735839844,18214174
2017-03-30 00:00:00-04:00,24.06269031295592,24.238637569381787,24.03453728046563,24.175296783447266,15803465
2017-03-31 00:00:00-04:00,24.07676887512207,24.196412913499866,24.04157828688465,24.07676887512207,19616837
2017-04-03 00:00:00-04:00,24.006384615785528,24.17529430420037,23.999344236083797,24.097875595092773,19064752
2017-04-04 00:00:00-04:00,24.05565030067512,24.28086321861199,23.964156491612787,24.168256759643555,20324177
2017-04-05 00:00:00-04:00,24.161221191128185,24.294943156365186,24.034539606996432,24.062692642211914,20321225
2017-04-06 00:00:00-04:00,24.027498454168335,24.17529549999234,23.971195221911774,24.006385803222656,17164706
2017-04-07 00:00:00-04:00,23.9923120425779,24.10491852666136,23.957124284886344,23.99934959411621,14728069
2017-04-10 00:00:00-04:00,24.020463592395718,24.083804382057064,23.90785711527887,23.957122802734375,16852722
2017-04-11 00:00:00-04:00,23.943042397498182,23.985270529488638,23.74598249776734,23.879701614379883,20155642
2017-04-12 00:00:00-04:00,23.844517107287572,23.9219330016926,23.72487024541048,23.87266731262207,26022628
2017-04-13 00:00:00-04:00,23.84451675415039,23.94304530109709,23.802288617038883,23.84451675415039,13560553
2017-04-17 00:00:00-04:00,23.85859769969486,23.964166653460417,23.802294446335615,23.92897605895996,15963462
2017-04-18 00:00:00-04:00,23.76006104741502,23.844517323655197,23.689681288837406,23.816364288330078,22293365
2017-04-19 00:00:00-04:00,23.823401142361337,23.86562927924531,23.612263287676573,23.654491424560547,25204302
2017-04-20 00:00:00-04:00,23.668568210393616,23.837477940208277,23.562999275542538,23.745986938476562,19339319
2017-04-21 00:00:00-04:00,23.67560386657715,23.738946067551733,23.55595843020345,23.67560386657715,25552227
2017-04-24 00:00:00-04:00,23.914896668291224,23.950087256486682,23.68264472864533,23.745986938476562,22438501
2017-04-25 00:00:00-04:00,23.802289402543174,23.90082078247664,23.724870676994648,23.760061264038086,19756176
2017-04-26 00:00:00-04:00,23.83043995634956,23.950086822150197,23.823402404785156,23.823402404785156,20884483
2017-04-27 00:00:00-04:00,23.900823611004963,23.943048924771972,23.767101628202813,23.830442428588867,15633139
2017-04-28 00:00:00-04:00,23.844517107287572,23.886742415289323,23.753023280480136,23.87266731262207,16842077
2017-05-01 00:00:00-04:00,23.851556226176488,23.92193457387325,23.7670999451521,23.774137496948242,23910833
2017-05-02 00:00:00-04:00,23.63337735611856,23.731908732269464,23.140721890231593,23.654491424560547,42965678
2017-05-03 00:00:00-04:00,23.562997252625934,23.64041455919485,23.436314258707025,23.555959701538086,26155748
2017-05-04 00:00:00-04:00,23.534849731012056,23.640418675180285,23.450394858651027,23.541887283325195,26897869
2017-05-05 00:00:00-04:00,23.534844293028925,23.56299591064453,23.38704723939642,23.56299591064453,22999966
2017-05-08 00:00:00-04:00,23.50669810689171,23.661532746987486,23.471507515590453,23.541887283325195,24781543
2017-05-09 00:00:00-04:00,23.541884250371552,23.64041562953262,23.47150449170399,23.492618560791016,18028248
2017-05-10 00:00:00-04:00,23.449977874696305,23.535250189047968,23.378916898455422,23.471296310424805,34829852
2017-05-11 00:00:00-04:00,23.442879029295426,23.549469810401582,23.34339391931295,23.478408813476562,26421567
2017-05-12 00:00:00-04:00,23.371810913998488,23.499720098081017,23.371810913998488,23.45708465576172,18589187
2017-05-15 00:00:00-04:00,23.428662759592637,23.577890402280342,23.307860654280006,23.535253524780273,20530444
2017-05-16 00:00:00-04:00,23.137312568717814,23.307857196290755,23.016509052765237,23.165735244750977,42437834
2017-05-17 00:00:00-04:00,23.165739430333467,23.165739430333467,22.888604003314068,22.902816772460938,29931281
2017-05-18 00:00:00-04:00,22.881498650673507,23.03783054208383,22.78911922134286,22.895709991455078,24874822
2017-05-19 00:00:00-04:00,22.952555804965808,23.066253662109375,22.874389153175677,23.066253662109375,29885432
2017-05-22 00:00:00-04:00,23.09467714957203,23.09467714957203,22.82464599609375,22.82464599609375,26725962
2017-05-23 00:00:00-04:00,22.824648696300194,22.938346563843698,22.796226015117547,22.8388614654541,18517410
2017-05-24 00:00:00-04:00,22.86017656788669,22.93834321541633,22.718054611344222,22.774904251098633,23576821
2017-05-25 00:00:00-04:00,22.78201593777387,22.881501047918135,22.71806061186852,22.853076934814453,18227244
2017-05-26 00:00:00-04:00,22.867285575199332,22.94545223413936,22.81043735570887,22.8388614654541,12330746
2017-05-30 00:00:00-04:00,22.78201404086647,22.95966580439467,22.75358993012948,22.831756591796875,16913643
2017-05-31 00:00:00-04:00,22.93834696595451,23.300756157262484,22.831756195400704,23.201271057128906,30585499
2017-06-01 00:00:00-04:00,23.215482389670843,23.343391600002207,23.10889161915514,23.243907928466797,25184803
2017-06-02 00:00:00-04:00,23.286539242709377,23.36470588910552,23.052039303520946,23.12310028076172,21984543
2017-06-05 00:00:00-04:00,23.101783127487938,23.15152567146226,22.88149594294089,22.988086700439453,14994836
2017-06-06 00:00:00-04:00,22.952554872346756,23.002297414970446,22.767797469128368,22.78911590576172,18831186
2017-06-07 00:00:00-04:00,22.79622571542089,22.85307393416398,22.668316508967653,22.739376068115234,17479641
2017-06-08 00:00:00-04:00,22.73937401953351,22.8104350008418,22.50487406692235,22.561723709106445,35620773
2017-06-09 00:00:00-04:00,22.604361403999558,23.307861331825805,22.554618854991002,23.286542892456055,31764609
2017-06-12 00:00:00-04:00,23.286539875327318,23.513934151537924,23.236797332763672,23.236797332763672,30435515
2017-06-13 00:00:00-04:00,23.243904915140845,23.293646030178838,23.108888623332618,23.151525497436523,18093913
2017-06-14 00:00:00-04:00,23.158635280529,23.27943882623974,23.066257274978287,23.22969627380371,14568177
2017-06-15 00:00:00-04:00,23.17995322479514,23.471301433848563,23.137317772593814,23.31496810913086,19952115
2017-06-16 00:00:00-04:00,23.435766536704673,23.542357286785375,23.314963019950785,23.428659439086914,33600044
2017-06-19 00:00:00-04:00,23.407346841819415,23.62763405253793,23.386028402074455,23.60631561279297,21922146
2017-06-20 00:00:00-04:00,23.599210049473907,23.98293768093644,23.556573169790536,23.84792137145996,27473775
2017-06-21 00:00:00-04:00,23.862134410548993,24.231647848209576,23.862134410548993,24.0753173828125,27134492
2017-06-22 00:00:00-04:00,24.12505609548327,24.501676616900518,24.10373908482999,24.203224182128906,23352529
2017-06-23 00:00:00-04:00,24.217433445501733,24.316918534268083,24.13926822268525,24.281387329101562,31668800
2017-06-26 00:00:00-04:00,24.274283426096368,24.309814633848738,24.139269979462544,24.18901252746582,14937604
2017-06-27 00:00:00-04:00,24.252965001671882,24.252965001671882,23.982935267022985,23.997146606445312,16089942
2017-06-28 00:00:00-04:00,24.061102088267596,24.153481514895205,23.911875871614434,23.98293685913086,15594035
2017-06-29 00:00:00-04:00,23.98294070125815,24.068211614238376,23.712909476861082,23.897666931152344,15724837
2017-06-30 00:00:00-04:00,23.968720589998316,24.018460271050298,23.812385878184777,23.869234085083008,14242175
2017-07-03 00:00:00-04:00,23.791071540359546,24.139269367556015,23.783965870414214,24.032678604125977,8971964
2017-07-05 00:00:00-04:00,24.11795000017431,24.125055670266832,23.798179131822977,23.904769897460938,17072270
2017-07-06 00:00:00-04:00,23.904770912097202,23.926087923279557,23.54946739251481,23.60631561279297,14676318
2017-07-07 00:00:00-04:00,23.627634666213964,23.705801328267288,23.46419567152864,23.698694229125977,17914522
2017-07-10 00:00:00-04:00,23.70580131902172,23.82660343306261,23.62052898642298,23.741331100463867,14256720
2017-07-11 00:00:00-04:00,23.734222590179037,23.783965135384125,23.4855098641536,23.570783615112305,12874083
2017-07-12 00:00:00-04:00,23.69158937177281,23.82660282351148,23.592102843442127,23.60631561279297,14577979
2017-07-13 00:00:00-04:00,23.60631370074578,23.691587452818677,23.442874723543536,23.648950576782227,14112006
2017-07-14 00:00:00-04:00,23.64185201165832,23.84082082630875,23.620533567233615,23.75554847717285,13175843
2017-07-17 00:00:00-04:00,23.76264701049214,23.783965448512486,23.549465487413677,23.62763214111328,17733866
2017-07-18 00:00:00-04:00,23.61341967968241,23.727117541080503,23.47840480854952,23.705799102783203,15356148
2017-07-19 00:00:00-04:00,23.71290269593174,23.94029697025036,23.670267251633636,23.890554428100586,19825951
2017-07-20 00:00:00-04:00,23.783965263974217,23.947404239924598,23.691587271352798,23.833707809448242,17870043
2017-07-21 00:00:00-04:00,23.783965268344893,23.862131921452374,23.72711705309627,23.79107093811035,12673718
2017-07-24 00:00:00-04:00,23.720009332144492,23.769751876321973,23.570783128174497,23.6773738861084,15558937
2017-07-25 00:00:00-04:00,23.720012552627427,23.791073543752177,23.45708988544739,23.52104377746582,20856025
2017-07-26 00:00:00-04:00,23.51393286364423,23.521038532603452,23.329175470768302,23.371810913085938,16572674
2017-07-27 00:00:00-04:00,23.300753576991692,23.449979782104492,23.229692594970746,23.449979782104492,17561221
2017-07-28 00:00:00-04:00,23.49261997494038,23.57078663763432,23.314968209079115,23.55657386779785,17116117
2017-07-31 00:00:00-04:00,23.59920660962198,23.727115801465278,23.549464066762788,23.563676834106445,23169660
2017-08-01 00:00:00-04:00,23.47840610567484,23.663163533521328,23.251013227440755,23.5068302154541,28072552
2017-08-02 00:00:00-04:00,23.585758605787984,23.62163543701172,23.463775071600658,23.62163543701172,30412116
2017-08-03 00:00:00-04:00,23.64316069672399,24.260251965926763,23.578582115885652,23.98758316040039,28739945
2017-08-04 00:00:00-04:00,24.095212265884342,24.396581345333296,24.02345717362835,24.13826560974121,27183398
2017-08-07 00:00:00-04:00,24.07369024473327,24.102391998677263,23.85842636889502,23.901479721069336,13188280
2017-08-08 00:00:00-04:00,23.91583403713857,24.009115835571166,23.83690383943288,23.87995719909668,16986475
2017-08-09 00:00:00-04:00,23.923009115782946,24.009114387399975,23.793850487098993,24.001937866210938,15807681
2017-08-10 00:00:00-04:00,23.94453134829809,24.07368996078093,23.829724333876296,23.980409622192383,19062539
2017-08-11 00:00:00-04:00,24.03781794025021,24.088046379741453,23.829729103077035,23.858430862426758,13626639
2017-08-14 00:00:00-04:00,23.915829876783,23.94453163072699,23.779496184919886,23.901479721069336,13482241
2017-08-15 00:00:00-04:00,23.9230075271828,24.059339782969044,23.865602574066585,23.95170783996582,18048801
2017-08-16 00:00:00-04:00,23.91582646114254,24.0306349030383,23.86559803828498,23.937353134155273,11128764
2017-08-17 00:00:00-04:00,23.88713317713061,24.001940217198655,23.64316749572754,23.64316749572754,15661175
2017-08-18 00:00:00-04:00,23.614463189494707,23.657515103619694,23.427901048241612,23.442251205444336,16326565
2017-08-21 00:00:00-04:00,23.39202175025417,23.58576040417798,23.191109460558593,23.5068302154541,17848752
2017-08-22 00:00:00-04:00,23.50683199984952,23.836902936377623,23.463778641816788,23.78667449951172,14178619
2017-08-23 00:00:00-04:00,23.72926806443215,23.958883541496014,23.72926806443215,23.85125160217285,16989953
2017-08-24 00:00:00-04:00,23.94453685328649,23.966063534068844,23.801028052265735,23.844079971313477,12140394
2017-08-25 00:00:00-04:00,23.879955002426037,24.12392065220618,23.844076725167607,23.958885192871094,15171171
2017-08-28 00:00:00-04:00,24.037815435222406,24.12392070429837,23.973235401527848,24.01628875732422,13033026
2017-08-29 00:00:00-04:00,23.98758666045032,24.073691928303976,23.851252959052836,24.03781509399414,12884096
2017-08-30 00:00:00-04:00,24.023464544744403,24.023464544744403,23.858429080182557,24.001937866210938,12394935
2017-08-31 00:00:00-04:00,24.03782218906836,24.41094512656628,24.02347058559831,24.339191436767578,27300497
2017-09-01 00:00:00-04:00,24.353532548945374,24.48986768244416,24.267428730186463,24.36788558959961,19160771
2017-09-05 00:00:00-04:00,24.31048294793969,24.51856886695447,24.21720116301463,24.253076553344727,15068616
2017-09-06 00:00:00-04:00,24.360706823592064,24.475516719874204,24.33200651329643,24.3894100189209,13925764
2017-09-07 00:00:00-04:00,24.425288291823644,24.48986687502202,24.260252852524147,24.3894100189209,18831923
2017-09-08 00:00:00-04:00,24.360709880212607,24.575973774572553,24.253077933032635,24.468341827392578,16276290
2017-09-11 00:00:00-04:00,24.461168068080084,24.64055657974329,24.3822393155739,24.626203536987305,17263993
2017-09-12 00:00:00-04:00,24.66925967214004,25.652300402414202,24.654909512802416,25.3796329498291,39268351
2017-09-13 00:00:00-04:00,25.300696730719988,25.422678833111632,25.092607917796872,25.15718650817871,22115450
2017-09-14 00:00:00-04:00,25.150010091831366,25.71687298843392,25.11413470187975,25.637941360473633,28907847
2017-09-15 00:00:00-04:00,25.54466713296943,25.63077096963265,25.28634985291198,25.372453689575195,30430139
2017-09-18 00:00:00-04:00,25.386803146825784,25.508785247802734,25.264818160815345,25.508785247802734,17850755
2017-09-19 00:00:00-04:00,25.587711283055487,25.587711283055487,25.365272339534936,25.437028884887695,16539579
2017-09-20 00:00:00-04:00,25.781453403615213,25.98236714172508,25.695346691558534,25.824506759643555,27066825
2017-09-21 00:00:00-04:00,25.874738282461067,25.96801719911664,25.767106322060545,25.81015968322754,16580579
2017-09-22 00:00:00-04:00,25.90343921374792,25.917792257833003,25.666650049268867,25.802982330322266,15394092
2017-09-25 00:00:00-04:00,25.7599307728894,25.853209687843737,25.42985693331838,25.480085372924805,23379828
2017-09-26 00:00:00-04:00,25.480085357276856,25.580542236428013,25.286349563228647,25.329402923583984,18508029
2017-09-27 00:00:00-04:00,25.29351867921536,25.494432390149992,25.250465329010343,25.437028884887695,15502759
2017-09-28 00:00:00-04:00,25.307876145612585,25.673825400526685,25.272000747605137,25.544668197631836,19038086
2017-09-29 00:00:00-04:00,25.57336357682467,25.616416931152344,25.365274768435455,25.616416931152344,16867900
2017-10-02 00:00:00-04:00,25.59488709980217,25.903429832832074,25.465727060015585,25.88190460205078,17541300
2017-10-03 00:00:00-04:00,25.846031731813763,25.975191798582863,25.652295959210438,25.932138442993164,14328392
2017-10-04 00:00:00-04:00,25.96084562002028,26.003896097173573,25.759931853168975,25.802982330322266,11435268
2017-10-05 00:00:00-04:00,25.745575491919976,25.831682205200195,25.65229658507229,25.831682205200195,14340408
2017-10-06 00:00:00-04:00,25.824506078091307,25.932138022804782,25.788627801508984,25.8675594329834,12711345
2017-10-09 00:00:00-04:00,25.874734930551412,25.939313521419187,25.781453140945988,25.932138442993164,10278081
2017-10-10 00:00:00-04:00,26.104347963823926,26.197629749796988,25.853205803524695,26.118698120117188,18697433
2017-10-11 00:00:00-04:00,26.097175646318856,26.176107284348294,25.975193534855617,26.154579162597656,18163687
2017-10-12 00:00:00-04:00,26.176112242587152,26.262216090798145,26.032601982189785,26.08283042907715,14750098
2017-10-13 00:00:00-04:00,26.09717738465924,26.183284107329904,26.011070661988573,26.07564926147461,13458842
2017-10-16 00:00:00-04:00,26.082819786022196,26.176101561468712,25.745570955953973,25.81732749938965,14315006
2017-10-17 00:00:00-04:00,25.78145057066229,26.068470989290063,25.65229340180307,25.975189208984375,14776764
2017-10-18 00:00:00-04:00,26.011063492249953,26.039766686906347,25.680992621383645,25.70969581604004,15196572
2017-10-19 00:00:00-04:00,25.75274694303181,26.104345940194506,25.716871555079745,26.003889083862305,20858028
2017-10-20 00:00:00-04:00,26.04694231048885,26.13304901123047,25.853203676336804,26.13304901123047,18447319
2017-10-23 00:00:00-04:00,26.04694445361745,26.391368399889746,26.04694445361745,26.118698120117188,15978008
2017-10-24 00:00:00-04:00,26.154572578386784,26.2119760802147,25.824501721618017,26.025415420532227,15826126
2017-10-25 00:00:00-04:00,25.975192533656365,26.082824483159726,25.774278791907797,25.946489334106445,17523488
2017-10-26 00:00:00-04:00,25.896260890485248,25.98954268270098,25.544664727569995,25.645118713378906,18374277
2017-10-27 00:00:00-04:00,25.49443975538739,25.652300161722216,25.401157950499986,25.544668197631836,15746865
2017-10-30 00:00:00-04:00,25.422676348067178,25.45137954378313,25.128483738403183,25.221765518188477,26679586
2017-10-31 00:00:00-04:00,25.15001142980668,25.358100242729794,24.468341479027522,25.15718650817871,24794085
2017-11-01 00:00:00-04:00,25.121306026557637,25.637937529972557,25.042374410390327,25.300691604614258,16557497
2017-11-02 00:00:00-04:00,25.307874891714707,25.48008544872021,25.135664334709205,25.444210052490234,13880021
2017-11-03 00:00:00-04:00,25.437031579881026,25.515960326091555,25.343749792059366,25.508785247802734,9358255
2017-11-06 00:00:00-05:00,25.53748577048822,25.551838812217117,25.200239777945622,25.34375,11200542
2017-11-07 00:00:00-05:00,25.329403213760536,25.415507050423756,25.28634985291198,25.372453689575195,11480906
2017-11-08 00:00:00-05:00,25.37962710284546,25.393977258877083,25.13566002514099,25.35809898376465,14302148
2017-11-09 00:00:00-05:00,25.401549835797532,25.524649501048305,25.22776566952148,25.48844337463379,14088713
2017-11-10 00:00:00-05:00,25.416034726807265,25.481203427014687,25.198803785184833,25.473962783813477,15858589
2017-11-13 00:00:00-05:00,25.502925906487707,25.691191346475705,25.44499494344926,25.560853958129883,25072657
2017-11-14 00:00:00-05:00,25.52464596730089,25.850492325730517,25.50292404129734,25.6187801361084,17278538
2017-11-15 00:00:00-05:00,25.546373392760813,25.70567628526872,25.510170174961303,25.60430145263672,13646138
2017-11-16 00:00:00-05:00,25.589814043188095,25.763598181238184,25.52464535534381,25.749116897583008,13625901
2017-11-17 00:00:00-05:00,25.611539840698242,25.698430457284363,25.466718264526573,25.611539840698242,15649265
2017-11-20 00:00:00-05:00,25.618782181663548,25.669469591115078,25.53912929049845,25.597057342529297,12455540
2017-11-21 00:00:00-05:00,25.633259595820103,25.8722124104374,25.618778312848352,25.734634399414062,13333100
2017-11-22 00:00:00-05:00,25.669465807579222,25.70566901513967,25.575331645130337,25.65498161315918,11122967
2017-11-24 00:00:00-05:00,25.712904665833513,25.749110777762297,25.611532792944455,25.698423385620117,6742754
2017-11-27 00:00:00-05:00,25.72014821733551,25.814279450117866,25.618773433051153,25.698423385620117,10848611
2017-11-28 00:00:00-05:00,25.770836223851123,25.988067102353092,25.72015173616998,25.959104537963867,13687033
2017-11-29 00:00:00-05:00,26.024276708881384,26.364607265860236,25.980829945075993,26.219785690307617,16122827
2017-11-30 00:00:00-05:00,26.21978676618148,26.415295755630012,26.125652592639874,26.255992889404297,24063663
2017-12-01 00:00:00-05:00,26.27771640926866,26.429778642345983,26.074966765165563,26.321163177490234,19588485
2017-12-04 00:00:00-05:00,26.422534887348007,26.516666144111667,26.10392917311212,26.111169815063477,14847487
2017-12-05 00:00:00-05:00,26.00978918060466,26.205295203699897,25.712905458703737,25.7997989654541,23525912
2017-12-06 00:00:00-05:00,25.763598181238184,25.98082908164979,25.71291077704908,25.749116897583008,18317677
2017-12-07 00:00:00-05:00,25.749116164200245,25.807044208567046,25.4522353007449,25.705669403076172,16661421
2017-12-08 00:00:00-05:00,25.57532838266789,25.9011746775212,25.57532838266789,25.87944984436035,15705759
2017-12-11 00:00:00-05:00,26.096686040959653,26.255991812044794,25.843251922987676,26.219785690307617,15138497
2017-12-12 00:00:00-05:00,26.328394780135305,26.661481703137493,26.248741913846086,26.48769760131836,23700139
2017-12-13 00:00:00-05:00,26.480457700787465,26.6470011669413,26.4080454727933,26.531145095825195,16639709
2017-12-14 00:00:00-05:00,26.59632306433555,26.712179175930373,26.313920517002124,26.400814056396484,15585393
2017-12-15 00:00:00-05:00,26.63252023035098,26.958366526352645,26.581832834657686,26.936641693115234,39820015
2017-12-18 00:00:00-05:00,26.951128315079448,27.04526248450604,26.835272219506443,26.88595962524414,17670415
2017-12-19 00:00:00-05:00,26.936644161060787,26.958368996288637,26.70493199460218,26.74837875366211,14817659
2017-12-20 00:00:00-05:00,26.78458851782802,26.893203986372725,26.371851484196018,26.400814056396484,15914557
2017-12-21 00:00:00-05:00,26.458735552421984,26.502182311347642,26.205298551518776,26.241504669189453,15566948
2017-12-22 00:00:00-05:00,26.26322632605922,26.34287628162081,26.103923503540624,26.169092178344727,9063557
2017-12-26 00:00:00-05:00,26.13289216269683,26.263232454113012,26.031517350949603,26.219785690307617,11480590
2017-12-27 00:00:00-05:00,26.292194576685667,26.40081002865988,26.23426652972582,26.306678771972656,8768964
2017-12-28 00:00:00-05:00,26.328399312048905,26.451496041435043,26.248746432049018,26.33563995361328,6939431
2017-12-29 00:00:00-05:00,26.234262811939878,26.42253112142598,26.227022171020508,26.227022171020508,12038261
2018-01-02 00:00:00-05:00,26.34288479052611,26.444259611364,26.24150996968822,26.38633155822754,17059833
2018-01-03 00:00:00-05:00,26.39357405303344,26.625286281838974,26.234271167880497,26.58184242248535,14183151
2018-01-04 00:00:00-05:00,26.581834837745507,26.73389412488839,26.50218196219855,26.63976287841797,13046517
2018-01-05 00:00:00-05:00,26.661487097155895,26.704933859249454,26.509424885526418,26.690452575683594,13167517
2018-01-08 00:00:00-05:00,26.58907316411443,26.647001199743794,26.306673626496853,26.393564224243164,19964341
2018-01-09 00:00:00-05:00,26.386324965327628,26.53114651768177,26.328396926665096,26.36460304260254,16876226
2018-01-10 00:00:00-05:00,26.313912568402582,26.509421517284586,26.292190645813736,26.40804672241211,18755825
2018-01-11 00:00:00-05:00,26.531146957469446,26.574590803639765,26.37184412065793,26.47321891784668,15102555
2018-01-12 00:00:00-05:00,26.523911839993676,26.647008585902245,26.400812182688835,26.458740234375,20240700
2018-01-16 00:00:00-05:00,26.48046198910589,26.77734285549418,26.40804974938509,26.50218391418457,30536699
2018-01-17 00:00:00-05:00,26.661492920931824,27.059748685757448,26.625286792712544,26.922170639038086,25332363
2018-01-18 00:00:00-05:00,26.914924332737826,26.914924332737826,26.574593786434466,26.784584045410156,19946528
2018-01-19 00:00:00-05:00,26.929403519783428,26.99457220267544,26.42977306908364,26.74837875366211,31133684
2018-01-22 00:00:00-05:00,26.712169170806845,26.842506519683656,26.59631310260626,26.741134643554688,21380495
2018-01-23 00:00:00-05:00,26.661487579345703,26.84975591469076,26.45873796017288,26.661487579345703,18527212
2018-01-24 00:00:00-05:00,26.784578485583364,26.842506519683656,26.59631310260626,26.741134643554688,18673191
2018-01-25 00:00:00-05:00,26.77010188147843,27.038020177769223,26.719414478861474,26.958370208740234,18988232
2018-01-26 00:00:00-05:00,27.00905663005213,28.305204354511897,27.00905663005213,28.247276306152344,51441419
2018-01-29 00:00:00-05:00,28.240033411128277,28.55139555444781,28.073487010060507,28.254514694213867,36779014
2018-01-30 00:00:00-05:00,27.667987018831447,28.059001989834716,27.045256992341194,27.371103286743164,48483684
2018-01-31 00:00:00-05:00,27.45800268889801,27.50869009521986,26.66872902554129,26.820791244506836,35859926
2018-02-01 00:00:00-05:00,26.755017588428977,27.332359921093644,26.755017588428977,26.915796279907227,29697926
2018-02-02 00:00:00-05:00,26.747708605595513,27.222736935978872,26.68193617544841,26.755016326904297,25588907
2018-02-05 00:00:00-05:00,26.660015156321492,26.820790914785256,24.84760022142068,25.337244033813477,42463657
2018-02-06 00:00:00-05:00,24.964524608271603,25.929196594500592,24.847595204795546,25.78303337097168,56035067
2018-02-07 00:00:00-05:00,25.673414879053496,26.053436956770245,25.556485461043426,25.563793182373047,30955980
2018-02-08 00:00:00-05:00,25.578415654552664,25.70265281376353,24.555277206582076,24.57720184326172,45850792
2018-02-09 00:00:00-05:00,24.986455140997272,25.161849277329768,24.26294955377741,24.964529037475586,49851776
2018-02-12 00:00:00-05:00,25.176458419041747,25.48340028457153,24.869519491879434,25.32992935180664,38743670
2018-02-13 00:00:00-05:00,25.264158901109955,25.60033167236361,25.147229497053704,25.53455924987793,21559570
2018-02-14 00:00:00-05:00,25.35916338047937,25.826883956744588,25.256852350965186,25.717262268066406,24494749
2018-02-15 00:00:00-05:00,25.848815724051192,26.11190548385882,25.636877082662206,26.0972900390625,22588379
2018-02-16 00:00:00-05:00,26.133828507798626,26.791558706497057,26.075363797138863,26.499235153198242,27659595
2018-02-20 00:00:00-05:00,26.323836041282195,26.667319495433283,26.22152207097063,26.3165283203125,27202370
2018-02-21 00:00:00-05:00,26.2873000877677,26.740402340531993,26.11190301333283,26.13382911682129,25872327
2018-02-22 00:00:00-05:00,26.214217457503576,26.418845422383846,26.0242078746635,26.119211196899414,23983454
2018-02-23 00:00:00-05:00,26.258065650654604,26.528466039344057,26.184985496921936,26.499235153198242,17940029
2018-02-26 00:00:00-05:00,26.521160081558225,27.19350576804292,26.46269536701035,27.105810165405273,25407302
2018-02-27 00:00:00-05:00,27.091194357883985,27.215434459178944,26.85002775474829,26.893877029418945,23543093
2018-02-28 00:00:00-05:00,27.061961519754295,27.244663389638884,26.535776138305664,26.535776138305664,28360927
2018-03-01 00:00:00-05:00,26.396919163296815,26.506540854725845,25.72457063439564,26.038820266723633,30282896
2018-03-02 00:00:00-05:00,25.980358624445543,26.36038072877429,25.870736920088564,26.272682189941406,22271336
2018-03-05 00:00:00-05:00,26.17767775841292,26.51385057908063,26.14113621238621,26.396921157836914,22319609
2018-03-06 00:00:00-05:00,26.4846178703267,26.4846178703267,26.126521869978014,26.221525192260742,18003479
2018-03-07 00:00:00-05:00,26.016895828693798,26.367684048727355,25.980354287219058,26.2580623626709,23440328
2018-03-08 00:00:00-05:00,26.301914845520216,26.67462921142578,26.258065578054598,26.67462921142578,21646630
2018-03-09 00:00:00-05:00,26.755011217446572,26.98156228822615,26.696546519773378,26.87194061279297,19300743
2018-03-12 00:00:00-04:00,26.98156744094878,27.0400321497871,26.674628454139626,26.755016326904297,26571656
2018-03-13 00:00:00-04:00,26.89386613737401,27.010795530226826,26.623465814514102,26.857324600219727,29560695
2018-03-14 00:00:00-04:00,26.923102223679724,27.032723917977414,26.440769119464257,26.565006256103516,23378458
2018-03-15 00:00:00-04:00,26.565006855891742,26.901179667545758,26.565006855891742,26.73309326171875,20508310
2018-03-16 00:00:00-04:00,26.776945124140706,27.069268697752943,26.762326741683847,26.87925910949707,34125253
2018-03-19 00:00:00-04:00,26.89387076138787,26.89387076138787,26.367685464712807,26.550390243530273,20003761
2018-03-20 00:00:00-04:00,26.579621127585597,26.711165982570403,26.396919287136054,26.550390243530273,20295824
2018-03-21 00:00:00-04:00,26.667324728495267,26.84271888129018,26.455389025313238,26.506546020507812,19071392
2018-03-22 00:00:00-04:00,26.331145827065548,26.41153664077204,25.92189285209473,26.01689910888672,22094686
2018-03-23 00:00:00-04:00,25.93650836843015,25.943816089993536,25.16915646712059,25.205698013305664,29385731
2018-03-26 00:00:00-04:00,25.5272561166704,25.688037767606946,25.081461530394613,25.607646942138672,24926468
2018-03-27 00:00:00-04:00,25.709955288760817,25.987663378863616,25.417628818276246,25.585718154907227,28835227
2018-03-28 00:00:00-04:00,25.709956572393303,26.170366525760116,25.666107305794544,25.79765510559082,26349684
2018-03-29 00:00:00-04:00,25.95842855472567,26.06805022992644,25.629563529123377,25.93650245666504,24804731
2018-04-02 00:00:00-04:00,25.885350561195633,26.11920939730712,25.40301450793966,25.61495018005371,28323299
2018-04-03 00:00:00-04:00,25.65879578109234,26.119205666213904,25.519943218874065,26.075359344482422,21347927
2018-04-04 00:00:00-04:00,25.812276053090404,26.47731410016617,25.753811331279824,26.404233932495117,22010682
2018-04-05 00:00:00-04:00,26.068059716293394,26.309226314150468,25.965745723757504,26.111906051635742,25781789
2018-04-06 00:00:00-04:00,25.987665909049593,26.21421703579324,25.498022108602026,25.70265007019043,22288200
2018-04-09 00:00:00-04:00,25.797655692181984,26.25806565601767,25.739190981510276,25.91458511352539,20457297
2018-04-10 00:00:00-04:00,26.309223737516486,26.38230389429839,26.104595772485254,26.272682189941406,20667254
2018-04-11 00:00:00-04:00,26.11190100941463,26.360378220216226,26.00958703663562,26.155750274658203,13879915
2018-04-12 00:00:00-04:00,26.33115128348506,26.67463483574883,26.2873049451426,26.543087005615234,23817976
2018-04-13 00:00:00-04:00,26.608862389866403,26.67463483574883,26.404234390793302,26.543087005615234,17774340
2018-04-16 00:00:00-04:00,26.67463292370882,26.842719357079346,26.594242099105923,26.696556091308594,15932369
2018-04-17 00:00:00-04:00,26.85732921795079,26.879255319360205,26.506540979079364,26.550390243530273,17675580
2018-04-18 00:00:00-04:00,26.586938949777128,26.7404099644796,26.513858773505536,26.667329788208008,14652497
2018-04-19 00:00:00-04:00,26.594242099105923,26.813485528577786,26.506546490338295,26.696556091308594,16636652
2018-04-20 00:00:00-04:00,26.674626094132826,26.88656174680898,26.65269999377832,26.76963233947754,22371993
2018-04-23 00:00:00-04:00,26.798870757360625,26.959649472240624,26.74771375997296,26.893877029418945,25381058
2018-04-24 00:00:00-04:00,26.97425968195911,27.23735234054804,26.871945707042972,27.083881378173828,27106350
2018-04-25 00:00:00-04:00,26.98156553133782,27.069264057572482,26.681934287043745,26.806171417236328,27730213
2018-04-26 00:00:00-04:00,26.893873683441345,27.113117091149043,26.857332136033982,26.93041229248047,20405651
2018-04-27 00:00:00-04:00,26.87925948385308,27.120426068145935,26.820791829948003,27.040035247802734,14425149
2018-04-30 00:00:00-04:00,27.13503840353738,27.17157994844934,26.6015453643157,26.755016326904297,28295789
2018-05-01 00:00:00-04:00,26.002276195337743,26.34575961655601,25.31531522963645,25.870731353759766,51278154
2018-05-02 00:00:00-04:00,25.702651963477948,25.848815223717395,25.388402276228927,25.498023986816406,29550260
2018-05-03 00:00:00-04:00,25.44686631480802,25.49071558554866,25.154542740484338,25.403017044067383,23517902
2018-05-04 00:00:00-04:00,25.256859850898753,25.571106630287574,25.118004299435416,25.461484909057617,19795912
2018-05-07 00:00:00-04:00,25.424943057742926,25.67341736043782,25.366478343087163,25.527254104614258,21580018
2018-05-08 00:00:00-04:00,25.512636194697638,25.644183993735,25.366475891369074,25.563793182373047,28269650
2018-05-09 00:00:00-04:00,25.593028367677814,25.878044206536977,25.483406665165198,25.70265007019043,20430209
2018-05-10 00:00:00-04:00,25.828105911791386,26.056868599816696,25.746930331945673,25.857622146606445,30906653
2018-05-11 00:00:00-04:00,25.92403301370232,26.24135029586584,25.87975866767631,26.197072982788086,21619964
2018-05-14 00:00:00-04:00,26.20444669926743,26.50700580441902,26.18968858693354,26.46272850036621,21485052
2018-05-15 00:00:00-04:00,26.204450250625655,26.403696662340607,26.18231307912468,26.337282180786133,19345643
2018-05-16 00:00:00-04:00,26.366799844116915,26.477491641747807,26.24872898891752,26.329904556274414,21870711
2018-05-17 00:00:00-04:00,26.293003914916806,26.40369570250085,26.152792932686353,26.352039337158203,13021432
2018-05-18 00:00:00-04:00,26.278249255226978,26.381561999492074,26.145417312435363,26.300386428833008,15734639
2018-05-21 00:00:00-04:00,26.352034933812984,26.470105758566497,26.211826942062288,26.41844940185547,17802903
2018-05-22 00:00:00-04:00,26.418456203944086,26.632460741554716,26.33728360367024,26.359420776367188,14477322
2018-05-23 00:00:00-04:00,26.329904535352735,26.5881834182518,26.29300628048786,26.543909072875977,20358642
2018-05-24 00:00:00-04:00,26.536527281087906,26.632460964347274,26.396319252064263,26.48487091064453,17523066
2018-05-25 00:00:00-04:00,26.433217296336807,26.507010839073505,26.226591816212018,26.329904556274414,15005376
2018-05-29 00:00:00-04:00,26.101142843259453,26.366800793497703,26.064244587036672,26.344663619995117,28179639
2018-05-30 00:00:00-04:00,26.529145011618716,26.75052858184441,26.492249727948675,26.602941513061523,29093773
2018-05-31 00:00:00-04:00,26.52914524433478,26.713633532508783,26.484867936490968,26.514387130737305,30926468
2018-06-01 00:00:00-04:00,26.75791226716368,26.7726703815481,26.647217508125873,26.750530242919922,22345011
2018-06-04 00:00:00-04:00,26.868598934941353,26.97929070581718,26.735767029659772,26.898115158081055,19015319
2018-06-05 00:00:00-04:00,26.942397715889417,27.038331393910582,26.816944841918833,26.8907413482666,21476093
2018-06-06 00:00:00-04:00,26.86122608841326,26.98667898076702,26.706256962836495,26.846467971801758,19368093
2018-06-07 00:00:00-04:00,26.92763900756836,27.0014325452371,26.839084388724675,26.92763900756836,17083337
2018-06-08 00:00:00-04:00,26.957154037980963,27.089985960344137,26.898118617058895,27.060466766357422,16453783
2018-06-11 00:00:00-04:00,27.156401523015205,27.156401523015205,26.77266978816435,26.78742790222168,19505640
2018-06-12 00:00:00-04:00,26.853842382531127,26.86122143955979,26.67673611268877,26.78742790222168,16371887
2018-06-13 00:00:00-04:00,26.83908534867546,26.942398085337768,26.7136354400362,26.7283935546875,16029232
2018-06-14 00:00:00-04:00,26.72840131678384,26.853851261854558,26.60295137171312,26.684123992919922,19959387
2018-06-15 00:00:00-04:00,26.706252223294072,26.853842264372375,26.58818137725202,26.83170509338379,49156979
2018-06-18 00:00:00-04:00,26.661986814514194,26.72840131678384,26.36680663345638,26.684123992919922,24143451
2018-06-19 00:00:00-04:00,26.484869827683028,26.83170629134981,26.470111713031727,26.7283935546875,18484630
2018-06-20 00:00:00-04:00,26.780046703731383,26.99405120865571,26.72101128517135,26.90549659729004,21354251
2018-06-21 00:00:00-04:00,26.76529073113569,26.831705211445136,26.67673611268877,26.78742790222168,16893090
2018-06-22 00:00:00-04:00,26.927638050341606,27.03832983643558,26.86122060504411,26.94239616394043,27018447
2018-06-25 00:00:00-04:00,26.802190654915254,26.905503405299765,26.669361671307733,26.846467971801758,20424517
2018-06-26 00:00:00-04:00,26.86122608841326,27.001437097378524,26.78743253830375,26.846467971801758,25435023
2018-06-27 00:00:00-04:00,26.787426592540854,26.97191191039209,26.69887494547485,26.721012115478516,29396165
2018-06-28 00:00:00-04:00,26.647216800273046,26.92763876843726,26.647216800273046,26.83170509338379,16506167
2018-06-29 00:00:00-04:00,26.898120653927318,26.994054332834544,26.77267074584961,26.77267074584961,20974705
2018-07-02 00:00:00-04:00,26.566048464681106,26.83908845256473,26.566048464681106,26.809572219848633,14556372
2018-07-03 00:00:00-04:00,26.85384560788048,26.99405660941992,26.74315380505265,26.824329376220703,9608159
2018-07-05 00:00:00-04:00,26.96453558098546,27.23757554056999,26.942398408742783,27.208059310913086,20391106
2018-07-06 00:00:00-04:00,27.303986797449543,27.481096022665987,27.215435151892603,27.385162353515625,18955452
2018-07-09 00:00:00-04:00,27.503236426073578,27.65082647542356,27.31137203226507,27.42206382751465,22329412
2018-07-10 00:00:00-04:00,27.525375593013308,27.672965653058856,27.45158204651646,27.621309280395508,20253875
2018-07-11 00:00:00-04:00,27.48847686725912,27.606547713716083,27.422062387008513,27.45895767211914,17795314
2018-07-12 00:00:00-04:00,27.606552458891393,27.717244267352584,27.45896239192581,27.687725067138672,16974881
2018-07-13 00:00:00-04:00,27.6729701765405,27.739387643001432,27.466344652111662,27.695110321044922,15227243
2018-07-16 00:00:00-04:00,27.658203248800373,27.709859613454466,27.51799226843886,27.584409713745117,17888699
2018-07-17 00:00:00-04:00,27.64344334768489,27.8722059619099,27.63606132431046,27.78365135192871,15740014
2018-07-18 00:00:00-04:00,27.739379392446146,27.84268915688069,27.658203831827958,27.791032791137695,20803430
2018-07-19 00:00:00-04:00,27.63606513313801,27.746756927344542,27.532755363323307,27.569650650024414,16596811
2018-07-20 00:00:00-04:00,27.451574578462136,27.547508239746094,27.392539163914556,27.547508239746094,15532798
2018-07-23 00:00:00-04:00,27.554891347509727,27.680341250988814,27.407301305912785,27.45895767211914,20853074
2018-07-24 00:00:00-04:00,27.577029103772528,27.857451078872835,27.503235564933863,27.820552825927734,17804800
2018-07-25 00:00:00-04:00,27.798417535969367,28.09359467835507,27.71724196740596,28.03455924987793,17171030
2018-07-26 00:00:00-04:00,28.071450118871518,28.314970826380577,28.071450118871518,28.160001754760742,24840567
2018-07-27 00:00:00-04:00,28.115719863186204,28.39613877064832,28.093582699590698,28.344482421875,22111971
2018-07-30 00:00:00-04:00,28.307600113685513,28.543741835055624,28.174768170125954,28.477327346801758,21981486
2018-07-31 00:00:00-04:00,28.196903376478165,29.510446664071168,28.145247013086795,29.466169357299805,50837371
2018-08-01 00:00:00-04:00,29.244788969420227,29.75397063501097,29.178374485569545,29.71707534790039,32734605
2018-08-02 00:00:00-04:00,29.48636039997203,29.932897652531796,29.419380410551156,29.508686065673828,31879284
2018-08-03 00:00:00-04:00,29.48636693960835,30.260365414681992,29.38961638214511,30.171056747436523,27368375
2018-08-06 00:00:00-04:00,30.037097360182504,30.677132847626662,30.014768696751215,30.54317283630371,27479572
2018-08-07 00:00:00-04:00,30.401759515262015,30.69945300150976,30.357108185408677,30.394317626953125,18928575
2018-08-08 00:00:00-04:00,30.29756140011728,30.989695782862455,30.2008138779693,30.818523406982422,25837440
2018-08-09 00:00:00-04:00,30.73666393884165,30.78876015185448,30.371993440067357,30.513395309448242,20121282
2018-08-10 00:00:00-04:00,30.371996139284047,30.74410855979972,30.29012937199587,30.461301803588867,18194148
2018-08-13 00:00:00-04:00,30.476188360456742,30.669686458687565,30.371995925903317,30.37199592590332,19860627
2018-08-14 00:00:00-04:00,30.39431981451202,30.543166568348784,30.171051179914663,30.297569274902344,17336824
2018-08-15 00:00:00-04:00,30.364556798919708,30.692017910929746,30.252922464930652,30.632476806640625,22428488
2018-08-16 00:00:00-04:00,30.684572442009305,30.863189766829695,30.56549622033969,30.825977325439453,16457472
2018-08-17 00:00:00-04:00,30.87063431484201,31.399035468039802,30.863192424386355,31.324613571166992,25910693
2018-08-20 00:00:00-04:00,31.4064796677511,31.83068836071109,31.324612889886925,31.50322723388672,22521029
2018-08-21 00:00:00-04:00,31.503221358359767,31.58508812095533,31.250185166298433,31.3767032623291,18633244
2018-08-22 00:00:00-04:00,31.36926482520169,31.51066671460349,31.116225612981086,31.30972671508789,15001687
2018-08-23 00:00:00-04:00,31.339497789516237,31.49578646821523,31.227863446490712,31.40648078918457,21032148
2018-08-24 00:00:00-04:00,31.5776436749252,31.622295004744487,31.257624523994814,31.555315017700195,21661703
2018-08-27 00:00:00-04:00,31.644623781790806,31.719045657420107,30.744104424330942,30.94504737854004,24485896
2018-08-28 00:00:00-04:00,30.967382817508632,31.093903936021224,30.75155901083347,30.88551902770996,19871694
2018-08-29 00:00:00-04:00,30.885519027709957,30.974827700505163,30.639924665997622,30.88551902770996,15785020
2018-08-30 00:00:00-04:00,30.68457601007891,31.19065449949664,30.662250338038266,30.88551902770996,16015425
2018-08-31 00:00:00-04:00,30.72922392024834,30.945050674105193,30.580380153138275,30.9003963470459,20983559
2018-09-04 00:00:00-04:00,30.870627901553114,30.922724116236104,30.67712682064041,30.788761138916016,15274779
2018-09-05 00:00:00-04:00,30.72922256792794,31.198088492943334,30.706896901538638,31.145992279052734,21819908
2018-09-06 00:00:00-04:00,31.145994991621127,31.190649320604326,30.84830445225948,31.09389877319336,18356780
2018-09-07 00:00:00-04:00,30.95249853420666,31.518115132210095,30.8557479723002,31.40648078918457,21221658
2018-09-10 00:00:00-04:00,31.540434754869803,31.793470954630145,31.29484044424174,31.302282333374023,21482206
2018-09-11 00:00:00-04:00,31.25763551209,31.577654775517768,31.22042306517716,31.488346099853516,19658786
2018-09-12 00:00:00-04:00,31.48090133650096,31.845571912170556,31.46601755602044,31.56276512145996,17508205
2018-09-13 00:00:00-04:00,31.629748235496557,31.94232258832681,31.577652011305492,31.890226364135742,18666129
2018-09-14 00:00:00-04:00,31.815795417302272,32.001851598012436,31.629739236592105,31.972084045410156,16800655
2018-09-17 00:00:00-04:00,32.01673830537266,32.13581450018457,31.80835346829418,32.00929641723633,16904263
2018-09-18 00:00:00-04:00,32.00185522124406,32.50793060361812,31.875337123729448,32.381412506103516,20464991
2018-09-19 00:00:00-04:00,32.31443832098847,32.50793644653595,31.994419082870063,32.19536209106445,23783088
2018-09-20 00:00:00-04:00,32.27722132193406,32.6567786214499,32.26233754337306,32.560028076171875,18419809
2018-09-21 00:00:00-04:00,32.582352311283536,32.89492957250764,32.45583422606607,32.79073715209961,37092579
2018-09-24 00:00:00-04:00,32.70143831994603,33.08843757229855,32.619571539784175,32.69399642944336,18089591
2018-09-25 00:00:00-04:00,32.84283417337074,32.96191337642378,32.567472306237946,32.58979797363281,15318520
2018-09-26 00:00:00-04:00,32.62700612833831,32.97679282549877,32.47815938829936,32.50792694091797,18384817
2018-09-27 00:00:00-04:00,32.58980141025425,32.88005007857294,32.5079346365421,32.67166519165039,14887434
2018-09-28 00:00:00-04:00,32.69399100677375,32.85027965835629,32.54514424445955,32.79818344116211,15454591
2018-10-01 00:00:00-04:00,32.76841560199034,33.13308915251111,32.67910993106811,32.9470329284668,16872537
2018-10-02 00:00:00-04:00,32.90237103907167,33.03633101084199,32.84282994904562,32.909812927246094,18167693
2018-10-03 00:00:00-04:00,32.954462691104006,33.371229317441575,32.954462691104006,33.34890365600586,23957631
2018-10-04 00:00:00-04:00,33.1405335744534,33.334031703165536,32.961919226646145,33.267051696777344,18960406
2018-10-05 00:00:00-04:00,33.27449306011047,33.490319849077125,33.19262927411425,33.42333984375,18112568
2018-10-08 00:00:00-04:00,33.30425887337066,33.72846750827308,33.2670464346784,33.698699951171875,24679621
2018-10-09 00:00:00-04:00,33.48287072197044,34.093138512982115,33.3340239705017,33.8400993347168,21486844
2018-10-10 00:00:00-04:00,33.82522597676922,34.033610894553135,33.103323647860456,33.12565231323242,33746234
2018-10-11 00:00:00-04:00,33.01400233020219,33.11074985994633,31.555311588764994,31.86044692993164,44299198
2018-10-12 00:00:00-04:00,31.830697724825182,32.716330807386484,31.733947137910828,32.58237075805664,30417070
2018-10-15 00:00:00-04:00,32.485596971998234,32.530251287324596,31.9869636008695,32.091156005859375,24002742
2018-10-16 00:00:00-04:00,32.26234284175858,32.731205881956704,32.031632266910854,32.69399642944336,22353654
2018-10-17 00:00:00-04:00,32.57491171467031,33.341468129271014,32.56002494522505,33.17029571533203,23154167
2018-10-18 00:00:00-04:00,32.999122316466355,33.11820151769485,32.53025936983257,32.74608612060547,22498368
2018-10-19 00:00:00-04:00,32.783300026597054,33.36380036443183,32.73120380406937,33.11820602416992,19564875
2018-10-22 00:00:00-04:00,33.07353861526029,33.1256348171905,32.760961403679026,33.02144241333008,18026878
2018-10-23 00:00:00-04:00,32.66421840778473,32.984237580137744,32.51537464712587,32.82050704956055,23073114
2018-10-24 00:00:00-04:00,32.604683805862656,32.961915452894566,31.52555295979827,31.614858627319336,36927206
2018-10-25 00:00:00-04:00,31.547884435157407,32.70144037417605,31.004596471171983,32.30699920654297,38600642
2018-10-26 00:00:00-04:00,32.03907517151739,32.210247635445484,31.391594769496105,31.704172134399414,30295333
2018-10-29 00:00:00-04:00,31.964645173747446,32.50792999084632,31.674393554592488,32.17302703857422,31847559
2018-10-30 00:00:00-04:00,31.220419690684924,32.068843040843376,31.093901574099085,31.91999626159668,35424202
2018-10-31 00:00:00-04:00,32.00929172444148,32.493038320904674,31.78602314382313,32.04650115966797,28193235
2018-11-01 00:00:00-04:00,32.15069777570137,32.61956065951,32.06883401516147,32.500484466552734,24278152
2018-11-02 00:00:00-04:00,32.567473158897215,32.62701126582468,31.61485746342636,31.94976043701172,24223028
2018-11-05 00:00:00-05:00,31.875337699820616,32.463279856376495,31.875337699820616,32.38885498046875,21628396
2018-11-06 00:00:00-05:00,32.433504987214334,32.44094687535067,31.771141035297223,32.00929641723633,22194183
2018-11-07 00:00:00-05:00,32.28466287470113,33.16285367769867,32.21768287955902,33.04377746582031,36794929
2018-11-08 00:00:00-05:00,32.89377937519751,33.148771175252826,32.6012909982269,32.88628005981445,25696520
2018-11-09 00:00:00-05:00,32.788784941474574,33.45626023640909,32.788784941474574,33.208770751953125,26042654
2018-11-12 00:00:00-05:00,33.2087771949311,33.41126780820667,32.92378504515299,33.08127975463867,21853847
2018-11-13 00:00:00-05:00,33.24627177937167,33.34376892919265,32.511299528104665,32.6387939453125,20159015
2018-11-14 00:00:00-05:00,32.81878291849194,32.88627977175451,32.03131259448075,32.181304931640625,28398871
2018-11-15 00:00:00-05:00,32.02380959532131,32.54129249548076,31.761321503067347,32.40629577636719,25936305
2018-11-16 00:00:00-05:00,32.32380718630048,32.83378786463142,32.181311121642935,32.63129425048828,24604576
2018-11-19 00:00:00-05:00,32.71379851292242,33.20128132661632,32.63129998325687,33.13378143310547,23671575
2018-11-20 00:00:00-05:00,33.00627424727155,33.291263301178944,32.54879189798353,32.64628601074219,22968557
2018-11-21 00:00:00-05:00,32.623790656091565,32.623790656091565,32.07631045034027,32.32380294799805,19665848
2018-11-23 00:00:00-05:00,32.211304892153755,32.66128793002916,32.098809132684906,32.353797912597656,8844009
2018-11-26 00:00:00-05:00,32.488804618076735,32.61629904721632,32.158816553497815,32.50380325317383,20147948
2018-11-27 00:00:00-05:00,32.3988042153156,33.11127852639407,32.22631087911446,33.0512809753418,19765873
2018-11-28 00:00:00-05:00,33.21626944987005,33.688750462462345,33.07377340527814,33.67375183105469,19892669
2018-11-29 00:00:00-05:00,33.568754399909935,34.371223372470446,33.523755491594905,34.13123321533203,26065315
2018-11-30 00:00:00-05:00,34.01124283339686,34.693716821631426,33.95874460234753,34.67121887207031,45054495
2018-12-03 00:00:00-05:00,34.77621914704036,34.78371846438296,34.31873666588539,34.49123001098633,26771178
2018-12-04 00:00:00-05:00,34.671219057732145,34.8512117014051,33.83125037185161,33.8537483215332,28703898
2018-12-06 00:00:00-05:00,33.433757903533326,33.74124488981086,32.713784476724456,33.73374557495117,32188528
2018-12-07 00:00:00-05:00,33.61375248557137,33.70374728459261,32.75878229472903,32.938777923583984,27963885
2018-12-10 00:00:00-05:00,33.10378340744261,33.41876983655981,32.301311160318036,33.29877471923828,26187895
2018-12-11 00:00:00-05:00,33.05877722091839,33.38126591249232,32.67629098386635,33.00627899169922,23904931
2018-12-12 00:00:00-05:00,33.26127046768618,33.636254369083396,33.11127509788334,33.1187744140625,20180938
2018-12-13 00:00:00-05:00,33.3437633994096,33.67375137838037,33.15627146311517,33.42626190185547,23613921
2018-12-14 00:00:00-05:00,33.05877064610886,33.08877092058469,32.571288047570235,32.848777770996094,33024982
2018-12-17 00:00:00-05:00,32.62379103856834,32.97627999204298,32.23380550577142,32.331302642822266,38651866
2018-12-18 00:00:00-05:00,32.60129250989604,32.623790457088404,31.528830052265015,31.79882049560547,31125779
2018-12-19 00:00:00-05:00,32.12130709973289,32.24130217452513,31.168842801237446,31.476329803466797,36937957
2018-12-20 00:00:00-05:00,31.2813397024097,31.806318927636717,31.14634599219331,31.461332321166992,34494680
2018-12-21 00:00:00-05:00,31.228848301616882,32.151312558928524,31.086355244744393,31.446340560913086,61928192
2018-12-24 00:00:00-05:00,31.356338227104285,31.468833999198953,30.38887519017142,30.411373138427734,19778205
2018-12-26 00:00:00-05:00,30.493880440900003,31.648838774695765,30.31388775671827,31.64133644104004,25437131
2018-12-27 00:00:00-05:00,31.356339458192693,32.13631057739258,30.943855949453138,32.13631057739258,28894672
2018-12-28 00:00:00-05:00,32.26380995156113,32.65379553472535,32.10631525184747,32.21881103515625,25480977
2018-12-31 00:00:00-05:00,32.40629440310269,32.79627988278319,32.32379892442319,32.73628234863281,20534028
2019-01-02 00:00:00-05:00,32.33880503872186,32.62379414574661,31.978816735096498,32.436302185058594,26430315
2019-01-03 00:00:00-05:00,32.428802634138776,32.503798814790684,31.461336525154834,31.528833389282227,28503533
2019-01-04 00:00:00-05:00,31.828826944266257,32.51130099294929,31.69383018872238,32.248809814453125,27145348
2019-01-07 00:00:00-05:00,32.30130389039815,32.71379040568749,32.14381221898919,32.42129898071289,20995469
2019-01-08 00:00:00-05:00,32.668797666674884,32.77379414439403,32.36130755115351,32.5713005065918,19677231
2019-01-09 00:00:00-05:00,32.59380109457068,32.751292793904454,32.39880677667989,32.50380325317383,20107580
2019-01-10 00:00:00-05:00,32.41380884026985,32.42130815861162,31.52134171107991,31.731334686279297,39731162
2019-01-11 00:00:00-05:00,31.746330693369607,32.158817291259766,31.611336943584554,32.158817291259766,21064506
2019-01-14 00:00:00-05:00,31.911317035719907,31.971314578426615,31.626327954011444,31.776323318481445,17605173
2019-01-15 00:00:00-05:00,31.948820903484247,32.428804324736745,31.821326485107367,32.04631805419922,25865371
2019-01-16 00:00:00-05:00,31.94131762079879,32.09130997129936,31.521331802421596,31.581329345703125,30169380
2019-01-17 00:00:00-05:00,31.461334721953552,31.99381631874252,31.371339913410644,31.851320266723633,24177284
2019-01-18 00:00:00-05:00,32.14381670450617,32.158815339036856,31.69383052992257,31.896324157714844,38618455
2019-01-22 00:00:00-05:00,31.806322831252224,32.016315753278164,31.446337549556358,31.701326370239258,29444122
2019-01-23 00:00:00-05:00,31.491339120771045,31.64883382557946,31.16135107700302,31.618833541870117,24462813
2019-01-24 00:00:00-05:00,31.33385089836713,31.3413502169942,30.4638816911057,30.711374282836914,34394023
2019-01-25 00:00:00-05:00,30.823858923472876,30.936354692929207,30.381375161557123,30.478872299194336,35862455
2019-01-28 00:00:00-05:00,30.373881049194154,30.3963790007771,29.608908479676117,29.646408081054688,39329694
2019-01-29 00:00:00-05:00,29.6239001941048,30.636362056158372,29.601402247777234,30.576364517211914,51376808
2019-01-30 00:00:00-05:00,30.576362125183987,31.31133719674108,30.546364865760626,31.183839797973633,36067880
2019-01-31 00:00:00-05:00,31.304887887698886,32.24297633270153,31.28219345055239,32.1143684387207,40927452
2019-02-01 00:00:00-05:00,32.432110336948234,32.6212428401179,32.19002413964259,32.43967819213867,27239681
2019-02-04 00:00:00-05:00,32.40941160056275,32.40941160056275,31.7436716044772,32.10680389404297,19426485
2019-02-05 00:00:00-05:00,32.09923448171424,32.32619098951627,31.819321252642304,31.857145309448242,21127641
2019-02-06 00:00:00-05:00,31.71341374067282,32.053848566038916,31.61506509110248,32.02358627319336,16450410
2019-02-07 00:00:00-05:00,31.857142817687667,31.887405102507,31.176273347536945,31.54697036743164,24248008
2019-02-08 00:00:00-05:00,31.418372710102837,31.955501824946392,31.38811041544993,31.94793701171875,27500125
2019-02-11 00:00:00-05:00,31.98576974428284,32.00846418795657,31.40324556415213,31.531856536865234,27102134
2019-02-12 00:00:00-05:00,31.554539812171686,31.781496335551832,31.312453665030677,31.675582885742188,30540177
2019-02-13 00:00:00-05:00,31.713405329584575,31.8193187638402,31.312449066611908,31.54697036743164,24757195
2019-02-14 00:00:00-05:00,31.546980693750506,31.864718058781456,31.486459146042595,31.751239776611328,19864949
2019-02-15 00:00:00-05:00,32.06140083690974,32.15974944800769,31.8344443754474,32.07653045654297,19168993
2019-02-19 00:00:00-05:00,31.95550336960429,32.42454918807172,31.917676259895263,32.22785186767578,24432985
2019-02-20 00:00:00-05:00,32.174890542939444,32.19758498048335,31.720977458124917,31.92523956298828,27354884
2019-02-21 00:00:00-05:00,31.78906274227262,32.01601927703906,31.668019662629447,31.879846572875977,19611883
2019-02-22 00:00:00-05:00,32.000889566074775,32.628802441116264,31.940368026416678,32.50019454956055,24779329
2019-02-25 00:00:00-05:00,32.56071746485142,32.810368446270644,32.48506629751816,32.59097671508789,25274815
2019-02-26 00:00:00-05:00,32.50019752768298,32.7044566020929,32.379154437275126,32.545589447021484,16548959
2019-02-27 00:00:00-05:00,32.51532038466394,32.696884982478466,32.386712508096345,32.47749328613281,16475074
2019-02-28 00:00:00-05:00,32.492630786808554,33.12054368213116,32.43210620345361,32.79523849487305,39002427
2019-03-01 00:00:00-05:00,32.99193551707128,33.12810822415306,32.74984631085408,32.80280303955078,26667781
2019-03-04 00:00:00-05:00,32.86332929357727,32.976807579666605,32.43967844499024,32.58341598510742,22805820
2019-03-05 00:00:00-05:00,32.59854812975035,32.71959122740053,32.41698044153265,32.447242736816406,26529812
2019-03-06 00:00:00-05:00,32.39428178144819,32.432105843447616,31.486455625589812,31.668020248413086,22410359
2019-03-07 00:00:00-05:00,31.668022496821578,31.690716935632523,31.20654457372788,31.312458038330078,29046132
2019-03-08 00:00:00-05:00,31.267060712242507,31.35027668190176,30.51810481834238,30.93419075012207,31306119
2019-03-11 00:00:00-04:00,31.093066028248334,31.410803377574638,30.866109475125743,31.395673751831055,29161545
2019-03-12 00:00:00-04:00,31.546975287662722,31.713410275773725,31.297321284625298,31.569669723510742,24170539
2019-03-13 00:00:00-04:00,31.675582599122357,31.87227987320095,31.43349645417189,31.781496047973633,23715316
2019-03-14 00:00:00-04:00,31.773933233079624,31.83445477312088,31.11575806317126,31.161149978637695,32119596
2019-03-15 00:00:00-04:00,31.19140727786502,31.683147421483444,30.91149403201968,31.60749626159668,74768652
2019-03-18 00:00:00-04:00,31.599934460186475,31.826891003209823,31.509150626280302,31.63019371032715,18994345
2019-03-19 00:00:00-04:00,31.75124238750872,32.09924511762335,31.584810398933065,32.00089645385742,26403227
2019-03-20 00:00:00-04:00,31.925239593565518,32.076541927487234,31.607499217194196,31.902542114257812,23499035
2019-03-21 00:00:00-04:00,31.720978787859508,32.25810787459337,31.675586869126825,32.038719177246094,24262553
2019-03-22 00:00:00-04:00,31.925243195280864,32.24298056575634,31.64532989168198,31.660459518432617,19620105
2019-03-25 00:00:00-04:00,31.630194246745113,31.887413086013396,31.524280785972415,31.690715789794922,19823316
2019-03-26 00:00:00-04:00,31.92523523902847,32.30349406398109,31.87227851685644,32.09166717529297,20849279
2019-03-27 00:00:00-04:00,32.031148657441335,32.25810519047808,31.713411336235065,31.7890625,19455048
2019-03-28 00:00:00-04:00,31.910103360512263,32.053843907589744,31.819322578653292,31.993322372436523,16915541
2019-03-29 00:00:00-04:00,32.07654080054148,32.212716546377244,31.91767061793741,32.12949752807617,21681834
2019-04-01 00:00:00-04:00,32.21271433893025,32.48506277019653,32.19001686197537,32.40940856933594,20345046
2019-04-02 00:00:00-04:00,32.492626484447776,32.666626273763235,32.33375631809671,32.462364196777344,18625129
2019-04-03 00:00:00-04:00,32.52288682888508,32.5834083645285,32.19001686197537,32.40940856933594,16200402
2019-04-04 00:00:00-04:00,32.371583368769734,32.469932010615466,32.15219469027517,32.33375930786133,12990972
2019-04-05 00:00:00-04:00,32.51532337154094,32.74227990009286,32.44723702132374,32.52288818359375,15559043
2019-04-08 00:00:00-04:00,32.58339964402719,32.74226977322492,32.46235660513586,32.636356353759766,15410323
2019-04-09 00:00:00-04:00,32.51532201714737,32.530451640622786,32.21271433893025,32.40940856933594,18825072
2019-04-10 00:00:00-04:00,32.46993611096808,32.46993611096808,32.26567703104272,32.32619857788086,13202615
2019-04-11 00:00:00-04:00,32.37158482643614,32.40184711826748,31.766369407229902,31.978193283081055,20214877
2019-04-12 00:00:00-04:00,32.03115006512999,32.03115006512999,31.456193895067962,31.554542541503906,21338546
2019-04-15 00:00:00-04:00,31.668025915275994,31.86472019809667,31.372982970173705,31.842025756835938,18362788
2019-04-16 00:00:00-04:00,31.940372493591724,32.00089404171435,30.88880565212964,30.956892013549805,27506976
2019-04-17 00:00:00-04:00,30.94176037846949,31.017411548276527,29.79941280984648,30.170106887817383,42412117
2019-04-18 00:00:00-04:00,30.207923544891678,30.207923544891678,29.065576371398222,29.791837692260742,50579774
2019-04-22 00:00:00-04:00,29.52706584671841,29.88263031721899,29.36063083125684,29.489238739013672,31018904
2019-04-23 00:00:00-04:00,29.57245254215839,29.98853848641869,29.413582367961688,29.82210350036621,26672102
2019-04-24 00:00:00-04:00,29.88263325633483,29.98854673493138,29.62541741552262,29.784284591674805,21196994
2019-04-25 00:00:00-04:00,29.693489102853157,30.132272428187072,29.632967579538942,29.965837478637695,18130065
2019-04-26 00:00:00-04:00,30.011238851827287,30.2533280877549,29.84480687463175,30.238195419311523,20053193
2019-04-29 00:00:00-04:00,30.238188345408968,30.27601544505456,29.95071029663086,29.95071029663086,23229001
2019-04-30 00:00:00-04:00,30.563492355804595,31.153581096292182,30.109579343925642,30.722362518310547,34360400
2019-05-01 00:00:00-04:00,30.707237783401613,30.956888762975503,30.38949740781479,30.84341049194336,20703406
2019-05-02 00:00:00-04:00,30.873670592837993,31.032540769357645,30.699670792385568,31.024972915649414,20471210
2019-05-03 00:00:00-04:00,31.183847093174702,31.3956740223791,31.0401095638876,31.312458038330078,18664759
2019-05-06 00:00:00-04:00,30.949323025466057,31.599933382200813,30.896366297784347,31.5091495513916,25973406
2019-05-07 00:00:00-04:00,31.31244766334903,31.554533764089204,30.639143034141853,30.8887939453125,27603838
2019-05-08 00:00:00-04:00,30.866107378729048,31.040107188188987,30.593758925131144,30.979585647583008,23811968
2019-05-09 00:00:00-04:00,30.758245838058684,31.170390220897147,30.704819430216702,31.017745971679688,19732461
2019-05-10 00:00:00-04:00,31.010110728968453,31.155126140061416,30.430055222035698,31.07880401611328,17391527
2019-05-13 00:00:00-04:00,30.704826663765555,31.02538518633574,30.643768335950327,30.964326858520508,28010788
2019-05-14 00:00:00-04:00,30.979587881870987,31.19329354432844,30.956689093053388,31.03301429748535,26772759
2019-05-15 00:00:00-04:00,31.185654418915746,31.513844775627582,31.063537790539158,31.406991958618164,33520678
2019-05-16 00:00:00-04:00,31.40699615434834,32.04048123534994,31.40699615434834,31.780981063842773,25508486
2019-05-17 00:00:00-04:00,31.521468751516835,31.91071732449446,31.483309232698627,31.651220321655273,29187684
2019-05-20 00:00:00-04:00,31.597806465903695,31.834407851345148,31.506217446956008,31.74281883239746,24251591
2019-05-21 00:00:00-04:00,31.834401844913955,31.910723967156727,31.666490721004266,31.803871154785156,28785056
2019-05-22 00:00:00-04:00,31.819141501515638,32.216022104120896,31.7122886775004,32.04811096191406,25274604
2019-05-23 00:00:00-04:00,31.9336239980909,32.04047681463223,31.78860858457921,31.99468231201172,25495944
2019-05-24 00:00:00-04:00,32.101535224842706,32.292342072827644,31.956519810896037,32.017578125,15383341
2019-05-28 00:00:00-04:00,32.17022656286941,32.42209173371324,31.971784733593903,31.979419708251953,49440610
2019-05-29 00:00:00-04:00,31.826765762831666,31.933618561180598,31.506207367784867,31.842029571533203,26895761
2019-05-30 00:00:00-04:00,31.811508571449494,32.017579237943615,31.73518337462674,31.979419708251953,17344308
2019-05-31 00:00:00-04:00,31.819139879820533,32.040477422754286,31.63596493458146,31.689388275146484,22639288
2019-06-03 00:00:00-04:00,31.773344773278907,32.20075297072462,31.727550270658394,31.99468231201172,22643082
2019-06-04 00:00:00-04:00,32.42209195111171,32.62816568770732,32.08626967525502,32.231285095214844,18453537
2019-06-05 00:00:00-04:00,32.51368144843237,32.69685640108906,32.36866602629597,32.42209243774414,21418861
2019-06-06 00:00:00-04:00,32.66632739726936,32.88766493981967,32.422091068654055,32.59763717651367,24494222
2019-06-07 00:00:00-04:00,32.80370618322808,33.0097799038146,32.71212024974923,32.757911682128906,20023470
2019-06-10 00:00:00-04:00,33.002157641673804,33.002157641673804,32.567114357190945,32.872406005859375,15275727
2019-06-11 00:00:00-04:00,32.97161680042801,33.04793892193845,32.47551533881152,32.56710433959961,18813162
2019-06-12 00:00:00-04:00,32.4144607603034,32.94872487855402,32.4068288541455,32.88003158569336,16296843
2019-06-13 00:00:00-04:00,32.8723989789683,32.925825389654754,32.33813794082351,32.43735885620117,14464042
2019-06-14 00:00:00-04:00,32.45262824115523,32.71975727174079,32.42209754321159,32.63580322265625,13197872
2019-06-17 00:00:00-04:00,32.5900105585458,32.742657919481324,32.32288151280918,32.727394104003906,14094931
2019-06-18 00:00:00-04:00,32.68159910903166,33.07084787903415,32.68159910903166,32.872406005859375,22833434
2019-06-19 00:00:00-04:00,32.94872306211379,33.26927844667236,32.88766474749694,33.20058822631836,21753611
2019-06-20 00:00:00-04:00,33.45245957447016,33.66616524949412,33.208226270854325,33.27691650390625,23500300
2019-06-21 00:00:00-04:00,33.23874017210623,33.582194232533325,33.05556528695552,33.330326080322266,38141203
2019-06-24 00:00:00-04:00,33.34560237123167,33.50587852304565,33.177691245251744,33.39902877807617,24624075
2019-06-25 00:00:00-04:00,33.46771899581352,33.80354124777338,33.39902877807617,33.39902877807617,28429015
2019-06-26 00:00:00-04:00,33.337965582956144,33.42955458076841,32.43735475849249,32.811336517333984,41009348
2019-06-27 00:00:00-04:00,32.83424367612058,33.24638813396206,32.826611769142794,33.14716720581055,21994977
2019-06-28 00:00:00-04:00,33.16242355609514,33.36849727299615,32.803705596552845,33.06320571899414,39726209
2019-07-01 00:00:00-04:00,33.20822016307483,33.490616019211416,33.07847162798277,33.40666198730469,21341392
2019-07-02 00:00:00-04:00,33.33796700193964,33.75011444091797,33.322703191227696,33.75011444091797,16541898
2019-07-03 00:00:00-04:00,33.86460885501316,34.0096212357364,33.56694604858478,33.88750457763672,10297580
2019-07-05 00:00:00-04:00,33.81880451819455,33.84933520821185,33.41429205496202,33.52114486694336,18295227
2019-07-08 00:00:00-04:00,33.429559908647015,33.48298632109918,32.80370984043581,33.047943115234375,23955312
2019-07-09 00:00:00-04:00,33.1395343676735,33.42956216828086,33.04794534907325,33.10137176513672,14223308
2019-07-10 00:00:00-04:00,33.315079373566334,33.66616551748892,33.154800116022486,33.62800598144531,15298599
2019-07-11 00:00:00-04:00,33.06320725731773,33.24638219824147,32.34576823613359,32.803707122802734,38383518
2019-07-12 00:00:00-04:00,32.75026764661445,32.81132593589194,32.06335959070393,32.361019134521484,33580967
2019-07-15 00:00:00-04:00,32.2618094525928,32.64342619446672,32.23891373694252,32.6281623840332,20363912
2019-07-16 00:00:00-04:00,32.65869234362446,32.796075853522574,32.42209099008395,32.70448684692383,19553386
2019-07-17 00:00:00-04:00,32.88766888218195,32.96399101786844,32.612904897502574,32.62053680419922,16341532
2019-07-18 00:00:00-04:00,32.71211712176392,32.86476135253906,32.47551273349594,32.86476135253906,13728877
2019-07-19 00:00:00-04:00,32.96399496383663,32.97925877905708,32.643436431884766,32.643436431884766,23552579
2019-07-22 00:00:00-04:00,32.6892191240884,32.83423452239852,32.47551351340792,32.68158721923828,12552086
2019-07-23 00:00:00-04:00,32.7044829886374,32.99451071702477,32.62816087128892,32.88766098022461,19586904
2019-07-24 00:00:00-04:00,32.8189698969746,32.8189698969746,32.3381353086539,32.735015869140625,18117838
2019-07-25 00:00:00-04:00,32.68922096150409,32.81896948868768,32.46025152825332,32.56710433959961,17514634
2019-07-26 00:00:00-04:00,32.55947065880336,32.948719287847254,32.38392764079836,32.88766098022461,21062187
2019-07-29 00:00:00-04:00,32.18548630921658,32.81896817799639,31.552004440436775,31.635961532592773,64559186
2019-07-30 00:00:00-04:00,30.399527428357416,30.71245089662611,29.46075088611228,29.60576629638672,95739668
2019-07-31 00:00:00-04:00,29.46075546901271,30.277412444461504,29.39206524028973,29.643930435180664,56309423
2019-08-01 00:00:00-04:00,29.512970227808612,29.75178515748475,29.02763706071578,29.466747283935547,51624920
2019-08-02 00:00:00-04:00,29.466744724814195,29.69015301960671,29.081560786660415,29.274152755737305,29153640
2019-08-05 00:00:00-04:00,29.089259975988117,29.143186215284807,28.049257914817854,28.47296142578125,46030183
2019-08-06 00:00:00-04:00,28.6501481971378,28.742594068420313,28.095479164301086,28.465259552001953,31985843
2019-08-07 00:00:00-04:00,28.234149710297324,28.33429889411717,27.62555439796446,28.18022346496582,32017253
2019-08-08 00:00:00-04:00,28.27266380565401,28.465258849836886,28.19562764643832,28.403629302978516,23356429
2019-08-09 00:00:00-04:00,28.326590854908385,28.37281379072886,27.818144755741535,28.003036499023438,25391703
2019-08-12 00:00:00-04:00,27.972220601382805,27.9799239078985,26.7935496584676,27.263479232788086,44212665
2019-08-13 00:00:00-04:00,27.29429465511212,27.587035813410385,27.078592763028315,27.117109298706055,45549453
2019-08-14 00:00:00-04:00,26.909104219899394,26.94762384814473,26.346734993120446,26.377548217773438,38633421
2019-08-15 00:00:00-04:00,26.423769453265347,26.639474401683916,26.169547976506962,26.562435150146484,30713665
2019-08-16 00:00:00-04:00,26.74733139758818,26.97073968944237,26.570146044984757,26.693405151367188,30012334
2019-08-19 00:00:00-04:00,26.870593922916985,27.20955805731232,26.8320742857353,27.10170555114746,21997296
2019-08-20 00:00:00-04:00,27.040071833050582,27.086294771076457,26.63177489244248,26.662588119506836,19932510
2019-08-21 00:00:00-04:00,26.91681649586706,27.05548223191607,26.824370606881203,26.862890243530273,19208728
2019-08-22 00:00:00-04:00,26.93221543790812,27.14021708014666,26.808956352666357,27.024658203125,16933142
2019-08-23 00:00:00-04:00,27.12480965603213,27.232662139059876,26.32362243705102,26.454587936401367,27765311
2019-08-26 00:00:00-04:00,26.670291138785505,26.855182888895996,26.562438650364154,26.839773178100586,17468680
2019-08-27 00:00:00-04:00,26.970737335217486,27.032366883029173,26.431474920078767,26.454587936401367,24715351
2019-08-28 00:00:00-04:00,26.469992319537052,27.078587537525774,26.40836277691617,27.024658203125,26047924
2019-08-29 00:00:00-04:00,27.571634962299516,27.571634962299516,27.140227990527585,27.21726417541504,19610302
2019-08-30 00:00:00-04:00,27.440662154420007,27.517698310210893,27.178734268844643,27.386735916137695,18873346
2019-09-03 00:00:00-04:00,27.432961128133794,27.949110538908947,27.35592186851234,27.825851440429688,26624989
2019-09-04 00:00:00-04:00,27.96451575864232,28.041551916996536,27.502292613658902,27.602441787719727,20649441
2019-09-05 00:00:00-04:00,27.81814546656518,28.103186395170095,27.64866342917887,27.995330810546875,22096794
2019-09-06 00:00:00-04:00,28.010742627984982,28.172521370944036,27.818147558897273,28.118595123291016,20873416
2019-09-09 00:00:00-04:00,28.1879293199266,28.380521300703585,27.83355858853071,28.372817993164062,24675616
2019-09-10 00:00:00-04:00,28.187924959940823,28.796520233154297,27.748811718671025,28.796520233154297,32250397
2019-09-11 00:00:00-04:00,29.073858109906414,29.089264724383508,28.426743132714122,28.81963348388672,16963181
2019-09-12 00:00:00-04:00,28.942886862568827,28.981406488562474,28.54999658920618,28.719478607177734,16692303
2019-09-13 00:00:00-04:00,28.804226762928852,28.96600240919936,28.203334728818692,28.434446334838867,24099605
2019-09-16 00:00:00-04:00,28.08778012705352,28.519190128703922,28.003040646689133,28.372817993164062,19877070
2019-09-17 00:00:00-04:00,28.342003421077877,28.349706728252663,28.003039320810196,28.118595123291016,22091945
2019-09-18 00:00:00-04:00,28.172523798325585,28.28807961076285,27.933708865612545,28.026151657104492,19679550
2019-09-19 00:00:00-04:00,28.056964138601117,28.32659226569569,27.995331489484784,28.126296997070312,17746409
2019-09-20 00:00:00-04:00,28.41903666258753,28.696371179457003,28.103185613812006,28.26496124267578,45990658
2019-09-23 00:00:00-04:00,28.026141650661458,28.187920349798176,27.910585879482184,27.918289184570312,17295191
2019-09-24 00:00:00-04:00,27.941402449792854,28.1802172993979,27.71799421050331,27.741104125976562,24186560
2019-09-25 00:00:00-04:00,27.664075377531002,28.00303947972224,27.502296633653884,27.6563720703125,20269685
2019-09-26 00:00:00-04:00,27.78732923152532,27.918291624325544,27.40214226145703,27.563920974731445,17059728
2019-09-27 00:00:00-04:00,27.625552826634344,27.99533011864956,27.517700342105943,27.90288734436035,17583671
2019-09-30 00:00:00-04:00,27.94911081548384,27.97222073514143,27.67177629244649,27.679479598999023,17205391
2019-10-01 00:00:00-04:00,27.67947945761495,27.748812313662828,27.294292449951172,27.294292449951172,22013001
2019-10-02 00:00:00-04:00,27.163334065035464,27.171037372688875,26.70111082639319,26.731924057006836,22458000
2019-10-03 00:00:00-04:00,26.739624400781704,27.3251066240215,26.65488184094413,27.30970001220703,22076135
2019-10-04 00:00:00-04:00,27.34051552611218,27.717999229190927,27.30970229990206,27.679479598999023,18065349
2019-10-07 00:00:00-04:00,27.594738481627214,27.933702534272264,27.579328772013117,27.602441787719727,11759373
2019-10-08 00:00:00-04:00,27.463774485528898,27.640959827619803,27.28658914343799,27.294292449951172,14761270
2019-10-09 00:00:00-04:00,27.463774435851118,27.64866308412077,27.371331660430908,27.494590759277344,13634333
2019-10-10 00:00:00-04:00,27.479185789608103,27.74111061596328,27.425259543459198,27.57162857055664,12198680
2019-10-11 00:00:00-04:00,27.841256860472296,28.180220915481325,27.78733062001954,27.818143844604492,18446054
2019-10-14 00:00:00-04:00,27.8566613061694,28.00303340385088,27.71799561146387,27.964513778686523,8700981
2019-10-15 00:00:00-04:00,28.080075489987575,28.303483787774432,28.049262261288423,28.118595123291016,15178232
2019-10-16 00:00:00-04:00,28.21874218895943,28.311184965533336,27.979924197356105,27.995330810546875,14435795
2019-10-17 00:00:00-04:00,28.110887291967472,28.35740547160421,28.01844142588919,28.0877742767334,15312090
2019-10-18 00:00:00-04:00,28.06466435892833,28.27266291146095,28.003034814019145,28.0877742767334,14219198
2019-10-21 00:00:00-04:00,28.23414638178584,28.257256299590907,28.01073811995417,28.0877742767334,13237081
2019-10-22 00:00:00-04:00,28.04926013486528,28.27266531828622,27.92599793712471,28.064666748046875,14549416
2019-10-23 00:00:00-04:00,27.972215154362438,28.334292172097587,27.902882311793114,28.32658576965332,14000598
2019-10-24 00:00:00-04:00,28.311182307379042,28.380515157657086,27.933701735071377,28.03384780883789,19998385
2019-10-25 00:00:00-04:00,28.04154799693176,28.411328319682543,27.972215154362438,28.32658576965332,17497665
2019-10-28 00:00:00-04:00,28.39592428008943,28.8735540137234,28.365107959808732,28.719478607177734,25800339
2019-10-29 00:00:00-04:00,29.27414393066026,29.859626065890616,29.212514395237513,29.435922622680664,32212032
2019-10-30 00:00:00-04:00,29.590004187603842,29.905858365900873,29.505264711371407,29.643930435180664,22019430
2019-10-31 00:00:00-04:00,29.574595455998267,29.720967573921985,29.412816724849716,29.559188842773438,24539860
2019-11-01 00:00:00-04:00,29.805702233774092,29.998297257718853,29.5745906829834,29.5745906829834,19263220
2019-11-04 00:00:00-05:00,29.82111494082705,29.84422795908837,29.29726219177246,29.29726219177246,17709730
2019-11-05 00:00:00-05:00,29.297263535134398,29.351189783644262,28.86585664448504,28.873559951782227,21688474
2019-11-06 00:00:00-05:00,28.973711013793945,29.066153804763427,28.77341262140553,28.973711013793945,18757722
2019-11-07 00:00:00-05:00,29.090377537469717,29.230383370868353,28.685912418650936,28.709245681762695,22727297
2019-11-08 00:00:00-05:00,28.68591764881656,28.903707320357686,28.647025742508614,28.818145751953125,26626886
2019-11-11 00:00:00-05:00,28.70924719498389,28.787030997517707,28.58479686376684,28.72480583190918,12542916
2019-11-12 00:00:00-05:00,28.64701987464507,28.849253993184583,28.545902815375314,28.75591468811035,13338370
2019-11-13 00:00:00-05:00,28.740361444766826,28.740361444766826,28.234779235936738,28.468124389648438,25855252
2019-11-14 00:00:00-05:00,28.43701443348898,28.592575790202723,28.25033580164955,28.42923355102539,25190600
2019-11-15 00:00:00-05:00,28.491458840548333,29.14482460095979,28.405897288755067,28.997037887573242,36378810
2019-11-18 00:00:00-05:00,29.082602005069045,29.121493907257438,28.748139777395988,28.95037078857422,18084532
2019-11-19 00:00:00-05:00,29.113710530154506,29.308166897069093,29.028152105508735,29.2926082611084,26475110
2019-11-20 00:00:00-05:00,29.222610944516102,29.31595026870933,28.787034728798456,28.818145751953125,19947582
2019-11-21 00:00:00-05:00,28.942595169822646,29.51040259780659,28.81036707093253,29.354841232299805,20942664
2019-11-22 00:00:00-05:00,29.3937248812921,29.875970659475616,29.315944212110107,29.813745498657227,25544006
2019-11-25 00:00:00-05:00,29.930415011816777,30.241543911523063,29.90708175165245,30.085979461669922,31592385
2019-11-26 00:00:00-05:00,29.97708797339741,30.015979872001004,29.595959251065352,29.782634735107422,34620633
2019-11-27 00:00:00-05:00,29.852635399421217,30.109313779701637,29.813743503750583,30.047088623046875,19201034
2019-11-29 00:00:00-05:00,29.977088101335667,30.241547383713602,29.953754838492323,29.961532592773438,9793873
2019-12-02 00:00:00-05:00,30.17154433905139,30.17932209329931,29.751520590751745,29.782634735107422,15645998
2019-12-03 00:00:00-05:00,29.525948862364018,29.71262744629401,29.432612697762554,29.59595489501953,20869832
2019-12-04 00:00:00-05:00,29.735967046807037,29.759300311092346,29.471510875450083,29.665964126586914,14501248
2019-12-05 00:00:00-05:00,29.84486359564448,29.84486359564448,29.39372877443622,29.58040428161621,13098058
2019-12-06 00:00:00-05:00,29.7748569808595,29.96153246490157,29.728187328007987,29.782634735107422,12868708
2019-12-09 00:00:00-05:00,29.63485304841014,29.852642713745258,29.63485304841014,29.805973052978516,15641571
2019-12-10 00:00:00-05:00,29.767084613081103,30.008207547854738,29.70485944047386,29.930423736572266,19171311
2019-12-11 00:00:00-05:00,29.844860130396498,30.00042459866629,29.712632052417383,29.728187561035156,15569372
2019-12-12 00:00:00-05:00,29.68929826410021,30.039316002859824,29.68929826410021,29.97709083557129,13414469
2019-12-13 00:00:00-05:00,29.96153221020338,30.08598253184016,29.61151450783845,29.813745498657227,16678496
2019-12-16 00:00:00-05:00,30.1015440455082,30.64601503656574,30.07042989844227,30.44378089904785,24187824
2019-12-17 00:00:00-05:00,30.67712552389045,30.67712552389045,30.210435217550376,30.257104873657227,29038016
2019-12-18 00:00:00-05:00,30.342660277169923,30.397107677024525,30.05486777147089,30.24932098388672,27339390
2019-12-19 00:00:00-05:00,30.334884621648552,30.451557182638805,30.18709791829113,30.311548233032227,22022276
2019-12-20 00:00:00-05:00,30.607122500453485,30.754909223067333,30.31155218258998,30.51378631591797,58199772
2019-12-23 00:00:00-05:00,30.66156285314747,30.739343510250013,30.435995507450258,30.583782196044922,17454345
2019-12-24 00:00:00-05:00,30.59156183404743,30.677120249395927,30.490444784428927,30.560447692871094,5187683
2019-12-26 00:00:00-05:00,30.568224149061784,30.778232843990374,30.490440371061666,30.630449295043945,9384078
2019-12-27 00:00:00-05:00,30.669340606121374,30.817127294716038,30.529334797864095,30.583782196044922,10117662
2019-12-30 00:00:00-05:00,30.56823039360041,30.66156656795894,30.249323718852125,30.26487922668457,11554264
2019-12-31 00:00:00-05:00,30.17154172900189,30.490445262399202,30.109313445673724,30.474889755249023,15175703
2020-01-02 00:00:00-05:00,30.56823435994731,30.607123134574394,30.241549888894227,30.44378089904785,16514072
2020-01-03 00:00:00-05:00,30.11709525726689,30.521560347216095,30.07820336082591,30.280437469482422,14922848
2020-01-06 00:00:00-05:00,30.194882692185974,30.33489167434387,30.101546498111894,30.241552352905273,15771951
2020-01-07 00:00:00-05:00,30.428224922435152,30.43600267724126,30.085984946781117,30.140432357788086,20108107
2020-01-08 00:00:00-05:00,30.14821040137573,30.506005890069208,30.14043264649512,30.381555557250977,16403507
2020-01-09 00:00:00-05:00,30.544891242798755,30.544891242798755,30.171540324393103,30.24932098388672,21971895
2020-01-10 00:00:00-05:00,30.31933315744838,30.824915417099998,30.31155540185806,30.716020584106445,21557357
2020-01-13 00:00:00-05:00,30.817129820846947,30.933802379746346,30.498223158594595,30.65378761291504,15392405
2020-01-14 00:00:00-05:00,30.669349825883405,31.174932067445827,30.568235879462456,31.16715431213379,20919160
2020-01-15 00:00:00-05:00,31.2604971293568,31.789412696052842,31.244938489626936,31.633848190307617,23925800
2020-01-16 00:00:00-05:00,31.727180517045614,31.734958271511612,31.3616041655952,31.58717155456543,16216422
2020-01-17 00:00:00-05:00,31.55606526051155,31.742740777732255,31.439392671328036,31.509395599365234,23083970
2020-01-21 00:00:00-05:00,31.408268223624532,31.626057819324366,31.260484660373592,31.37715721130371,23115696
2020-01-22 00:00:00-05:00,31.361600526472234,31.43160343590732,31.08936351493165,31.260486602783203,18097812
2020-01-23 00:00:00-05:00,31.260481807626654,31.758282978239976,31.213812166040846,31.66494369506836,27148510
2020-01-24 00:00:00-05:00,31.843854891660428,31.867188156379473,30.832690461278503,30.97269630432129,34143698
2020-01-27 00:00:00-05:00,30.653793016966794,31.447167808294697,30.529342682516198,31.23715591430664,31964026
2020-01-28 00:00:00-05:00,30.58378922630289,30.71601731198137,29.518177404020697,29.665964126586914,70202408
2020-01-29 00:00:00-05:00,29.65041053725917,29.852641556254493,29.20705346821239,29.23038673400879,34165726
2020-01-30 00:00:00-05:00,29.151798183778258,29.20680175540666,28.82963395576776,29.128223419189453,32316589
2020-01-31 00:00:00-05:00,29.026089140550777,29.426825558785218,28.99465716066214,29.261817932128906,33894005
2020-02-03 00:00:00-05:00,29.43468438953232,29.890427538652784,29.308959635839187,29.473970413208008,20875735
2020-02-04 00:00:00-05:00,29.921858562223647,30.04758016586959,29.56826536722799,29.61541175842285,31150865
2020-02-05 00:00:00-05:00,29.741135282938064,30.306885695195046,29.7175636654735,29.992578506469727,29443490
2020-02-06 00:00:00-05:00,30.20473837431555,30.251884772728353,29.88257395125393,30.06329917907715,21047748
2020-02-07 00:00:00-05:00,30.141870897514483,30.173299716632393,29.803992136134994,29.898284912109375,21903596
2020-02-10 00:00:00-05:00,30.024006780640867,30.031863985491903,29.638981627767624,29.709699630737305,19998385
2020-02-11 00:00:00-05:00,29.772561888860356,29.961144272452707,29.670411913006514,29.929712295532227,16027335
2020-02-12 00:00:00-05:00,29.929719908895102,30.008298291529563,29.63898747549394,29.654705047607422,22944315
2020-02-13 00:00:00-05:00,29.52897790259888,29.52897790259888,28.986802270530752,29.018234252929688,22099745
2020-02-14 00:00:00-05:00,29.04965798436868,29.10466157444307,28.617489627478605,28.688207626342773,21006747
2020-02-18 00:00:00-05:00,28.71963892140978,28.81393170090291,28.499627701443206,28.53891372680664,17988513
2020-02-19 00:00:00-05:00,28.601775679135276,28.68035405164915,28.452482458117935,28.468196868896484,17750941
2020-02-20 00:00:00-05:00,28.059594269114633,28.334612197402265,27.82386551895664,28.169601440429688,42953135
2020-02-21 00:00:00-05:00,28.09888917987501,28.14603557138722,27.91816397850366,28.06745719909668,32425256
2020-02-24 00:00:00-05:00,27.533135389508864,27.81601054422864,27.18739944033027,27.242403030395508,37969296
2020-02-25 00:00:00-05:00,27.25026213398084,27.29740852293834,26.48807218365085,26.660940170288086,41878898
2020-02-26 00:00:00-05:00,26.90452269378648,27.666712545900598,26.73165472942503,27.28169059753418,47920005
2020-02-27 00:00:00-05:00,27.061682119859064,28.059600943518777,26.79452133178711,26.79452133178711,55444827
2020-02-28 00:00:00-05:00,26.31520217951963,26.668793729745992,25.560869537244113,26.26019859313965,66057447
2020-03-02 00:00:00-05:00,26.645225448603792,27.462418983269682,26.283773490021463,27.40741539001465,42034469
2020-03-03 00:00:00-05:00,27.643147435102048,28.114605056179407,26.605939405007568,26.951675415039062,46174475
2020-03-04 00:00:00-05:00,27.58028018062022,28.648916783946856,27.46241580291052,28.601770401000977,38712155
2020-03-05 00:00:00-05:00,28.01245622897718,28.428913426961255,27.627434174029702,27.863162994384766,35096303
2020-03-06 00:00:00-05:00,27.26597348856948,27.635284194594714,26.81023353787606,27.517419815063477,40931036
2020-03-09 00:00:00-04:00,26.29163024427354,27.25811691506313,26.05590147975802,26.527359008789062,43183856
2020-03-10 00:00:00-04:00,27.163830038785935,27.234548043396085,25.938039708071766,27.17954444885254,40548329
2020-03-11 00:00:00-04:00,26.527361487024194,26.621654265363453,24.87725840160482,25.277997970581055,65350213
2020-03-12 00:00:00-04:00,23.950058180644973,25.14441812863623,23.572891798139562,23.588607788085938,62731445
2020-03-13 00:00:00-04:00,24.570811446531884,25.835889364461778,23.75361632444007,25.70231056213379,60553038
2020-03-16 00:00:00-04:00,23.525746369399634,25.364431843425685,23.297874788924254,23.71432876586914,50995050
2020-03-17 00:00:00-04:00,24.86154323443774,25.655165193667372,24.036492454262266,25.2701416015625,54220606
2020-03-18 00:00:00-04:00,24.177928397565825,25.6237330452158,23.816478025480905,25.427291870117188,43884976
2020-03-19 00:00:00-04:00,25.31728683696161,25.34086003272134,23.58075125093899,23.90291404724121,59820929
2020-03-20 00:00:00-04:00,23.792905456287805,24.09935382385832,22.7164099368204,22.794986724853516,52488989
2020-03-23 00:00:00-04:00,22.598548208460887,23.242873839180497,21.907076183432867,22.38639259338379,52853041
2020-03-24 00:00:00-04:00,23.187867228105326,23.61217840316291,22.70855246004858,23.337162017822266,44466784
2020-03-25 00:00:00-04:00,23.1800080956995,24.138639131750736,22.787125772563808,23.376447677612305,44601275
2020-03-26 00:00:00-04:00,23.48645801150015,25.136559456458993,23.478599227158004,24.94797706604004,43269967
2020-03-27 00:00:00-04:00,24.201500199140444,24.940116889877796,24.091493021040932,24.28007698059082,38290344
2020-03-30 00:00:00-04:00,24.397942389668792,25.81231503736576,24.397942389668792,25.67087745666504,29943508
2020-03-31 00:00:00-04:00,25.45872057704391,25.930178102231846,25.33299899156847,25.64730453491211,29466151
2020-04-01 00:00:00-04:00,25.08155586433968,25.36443102962325,24.775109084995094,24.94797706604004,26709625
2020-04-02 00:00:00-04:00,25.065843460605983,25.930181855335498,24.94797906224945,25.828033447265625,27186876
2020-04-03 00:00:00-04:00,25.639447327951704,26.629510403254123,25.639447327951704,26.433069229125977,32837370
2020-04-06 00:00:00-04:00,26.653081175447074,27.423128279005386,26.54307399503729,27.163827896118164,40503217
2020-04-07 00:00:00-04:00,27.501707793487196,27.63528659273163,26.39378031823274,26.409496307373047,24226295
2020-04-08 00:00:00-04:00,26.70808605109519,27.344554391635942,26.275916092724607,27.187400817871094,25523980
2020-04-09 00:00:00-04:00,27.525276111705683,28.10674078613213,27.383836965344965,27.808151245117188,30648107
2020-04-13 00:00:00-04:00,28.25603508412288,28.271752651652097,27.28169122557385,27.611709594726562,18270141
2020-04-14 00:00:00-04:00,28.23246961653637,28.782505617021915,27.76886919868887,28.633209228515625,21845309
2020-04-15 00:00:00-04:00,28.334614942174532,28.468193737721187,27.957447009799562,28.263896942138672,21312196
2020-04-16 00:00:00-04:00,28.381761818629666,28.491769002500316,27.957447492468507,28.19317626953125,20657451
2020-04-17 00:00:00-04:00,28.680350797193064,29.073229977938837,28.37390086592188,29.002511978149414,24404843
2020-04-20 00:00:00-04:00,28.58606298051994,29.00251700626896,28.35033416748047,28.35033416748047,22530620
2020-04-21 00:00:00-04:00,28.11459792191663,28.232462297277117,27.792436770275938,27.988876342773438,23975233
2020-04-22 00:00:00-04:00,29.041798860502077,29.073227676004393,28.381758982543836,28.483905792236328,20182624
2020-04-23 00:00:00-04:00,28.507480190921317,29.387534403143846,28.507480190921317,28.829641342163086,20185365
2020-04-24 00:00:00-04:00,28.94750240545789,29.411102649501974,28.900359188213724,29.371816635131836,17353794
2020-04-27 00:00:00-04:00,29.536830349801264,30.28330260976956,29.52111278315981,30.1182918548584,23394057
2020-04-28 00:00:00-04:00,30.684047339882053,30.817626143579517,29.371824599300083,29.788278579711914,35666728
2020-04-29 00:00:00-04:00,30.22044278770621,30.29116078227002,29.631120900824495,29.953285217285156,26518535
2020-04-30 00:00:00-04:00,29.85899155489047,30.259731057796426,29.356102085510273,30.14186668395996,29450973
2020-05-01 00:00:00-04:00,29.741134989842195,29.811853000849712,29.379684569749802,29.57612419128418,22679867
2020-05-04 00:00:00-04:00,29.54468434988601,29.7961306633638,29.395391161840006,29.560401916503906,19893512
2020-05-05 00:00:00-04:00,30.495463886642113,30.534749910305283,30.071152715907743,30.259735107421875,24123952
2020-05-06 00:00:00-04:00,30.62118548098487,30.65261745922571,30.259735107421875,30.259735107421875,24047432
2020-05-07 00:00:00-04:00,30.48193958911479,30.545430042453653,29.27567840999951,29.33123016357422,33546080
2020-05-08 00:00:00-04:00,29.561363497531072,29.66453146364174,29.394708288612623,29.537553787231445,19893618
2020-05-11 00:00:00-04:00,29.561372321701317,30.32322265360433,29.489949551071966,30.235925674438477,25620421
2020-05-12 00:00:00-04:00,30.25180016026785,30.347029458381314,29.632795363949644,29.648666381835938,19335314
2020-05-13 00:00:00-04:00,29.60898873547482,29.696282524345463,29.037600185572735,29.402652740478516,24596882
2020-05-14 00:00:00-04:00,29.204251951738392,30.124818737799202,29.1883809358051,30.093076705932617,22362507
2020-05-15 00:00:00-04:00,30.124828730411778,30.291484025378022,29.672482290699257,29.96611213684082,25460002
2020-05-18 00:00:00-04:00,30.42638964440214,30.521618938493766,29.862936625278056,30.21211814880371,22635177
2020-05-19 00:00:00-04:00,30.03753035681739,30.17244039808302,29.608990514046866,29.902620315551758,19476234
2020-05-20 00:00:00-04:00,30.11688697695624,30.31528746398855,29.799450664818558,29.862937927246094,17504200
2020-05-21 00:00:00-04:00,29.815318938030888,29.878806194614008,29.402650174842904,29.569305419921875,17652181
2020-05-22 00:00:00-04:00,29.450264866580405,29.78357533921397,29.33122586789631,29.759765625,15781226
2020-05-26 00:00:00-04:00,29.878811311645237,30.053402094848003,29.720091547607453,29.7518367767334,23260094
2020-05-27 00:00:00-04:00,29.68834686279297,29.791514859760706,29.33916532751424,29.68834686279297,25904158
2020-05-28 00:00:00-04:00,30.029597390347764,30.50575352059082,29.934364887980685,30.29941749572754,22521767
2020-05-29 00:00:00-04:00,30.37084124004422,30.497815773355313,29.823259177795723,30.307353973388672,48333067
2020-06-01 00:00:00-04:00,28.172586385864914,28.355112692693364,27.70436575810613,28.140844345092773,76884979
2020-06-02 00:00:00-04:00,28.196391328555546,28.696353912353516,27.97418431762504,28.696353912353516,42690900
2020-06-03 00:00:00-04:00,28.799521908970632,28.894754396739614,28.204326837403684,28.696353912353516,38751996
2020-06-04 00:00:00-04:00,28.339238244004957,28.79952330588832,28.33130273477191,28.577316284179688,27013388
2020-06-05 00:00:00-04:00,28.75984253921475,28.958243033019272,28.474148253141067,28.561445236206055,36705655
2020-06-08 00:00:00-04:00,28.410659273918338,29.045535072344563,28.315429978171565,29.037599563598633,30194149
2020-06-09 00:00:00-04:00,28.96617498843001,29.09314950204094,28.70428726216146,28.736032485961914,21675088
2020-06-10 00:00:00-04:00,28.85507333000484,28.92649609961271,28.482082082860373,28.505891799926758,29557217
2020-06-11 00:00:00-04:00,28.251945398713918,28.31543266550236,26.410806684859296,26.426677703857422,63166642
2020-06-12 00:00:00-04:00,27.04567703448424,27.061548051185742,26.228275003220183,26.78379249572754,37902472
2020-06-15 00:00:00-04:00,26.426678413406787,26.759988966092354,25.998138553379643,26.474294662475586,36247482
2020-06-16 00:00:00-04:00,26.656817492993767,26.95044886355011,25.96639154363607,26.50603485107422,55616945
2020-06-17 00:00:00-04:00,26.656815168924307,26.7996622897092,26.4425452854458,26.633007049560547,27509822
2020-06-18 00:00:00-04:00,26.40286695798287,26.561585099601636,26.17272445608737,26.379058837890625,32278855
2020-06-19 00:00:00-04:00,26.736173865807515,26.77585459481106,26.28382440387072,26.52190399169922,43986266
2020-06-22 00:00:00-04:00,26.45048302052808,26.47429114189645,26.117174107564296,26.27589225769043,23332503
2020-06-23 00:00:00-04:00,26.34731938344767,26.387000124089546,25.982266780089994,26.006074905395508,37690408
2020-06-24 00:00:00-04:00,25.958456290346575,25.974327307863827,25.39500326052765,25.545785903930664,30817695
2020-06-25 00:00:00-04:00,25.48229913196399,25.696570635740454,25.260093714674507,25.648954391479492,27418651
2020-06-26 00:00:00-04:00,25.593401621301318,25.61720974248573,25.08550194942422,25.426746368408203,42153992
2020-06-29 00:00:00-04:00,25.7600554791765,25.926709127646816,25.553721099081784,25.902902603149414,23956261
2020-06-30 00:00:00-04:00,25.81560952932711,26.09336669847937,25.577531499940072,25.950519561767578,25451676
2020-07-01 00:00:00-04:00,27.410730523671393,27.410730523671393,26.75998531275973,26.77585792541504,73503009
2020-07-02 00:00:00-04:00,27.474214704885313,27.65674095528056,27.013932920425038,27.386920928955078,45270881
2020-07-06 00:00:00-04:00,27.736102414266483,27.767844445224664,27.28375294675052,27.386920928955078,27150935
2020-07-07 00:00:00-04:00,27.021873444572886,27.259951484137588,26.95045067086264,27.00600242614746,25148018
2020-07-08 00:00:00-04:00,26.990125285233503,27.275819539837936,26.640945368425324,26.78379249572754,24256545
2020-07-09 00:00:00-04:00,26.767921390285593,26.88696039674318,26.267955648686446,26.55364990234375,20363702
2020-07-10 00:00:00-04:00,26.71237457289584,27.013941512286582,26.57746451682457,26.847286224365234,24459019
2020-07-13 00:00:00-04:00,27.561516450639164,28.347173333421157,27.39486118682582,27.942440032958984,56569129
2020-07-14 00:00:00-04:00,28.06941840743629,28.109095953941537,27.68055611611386,27.958314895629883,32854129
2020-07-15 00:00:00-04:00,28.561447124565458,28.569382634314966,28.148778282018664,28.34717559814453,26294454
2020-07-16 00:00:00-04:00,28.251943588256836,28.283685624218975,27.982120328599976,28.251943588256836,18421812
2020-07-17 00:00:00-04:00,28.45827380545594,28.831265029648993,28.355105816373044,28.76777458190918,23347365
2020-07-20 00:00:00-04:00,29.751835797190655,29.85500379995833,28.82333015387329,28.96617889404297,36815693
2020-07-21 00:00:00-04:00,29.315355264594228,29.426458757034716,28.98204478727276,29.116954803466797,23588520
2020-07-22 00:00:00-04:00,30.339086725969555,30.735884414222806,29.77563381720224,30.600971221923828,90705554
2020-07-23 00:00:00-04:00,31.1326912829886,31.28347234306299,30.29941493469896,30.48194122314453,59639536
2020-07-24 00:00:00-04:00,30.18037332188145,30.27560580802549,29.624858994829555,29.886743545532227,33870501
2020-07-27 00:00:00-04:00,29.64866471764754,29.958168693831954,29.54549991638161,29.791513442993164,27640307
2020-07-28 00:00:00-04:00,30.58511282628843,31.21998875126482,30.204189185780358,30.966039657592773,56393954
2020-07-29 00:00:00-04:00,31.1882412745483,31.307280290310796,30.51368472469701,31.156496047973633,37033660
2020-07-30 00:00:00-04:00,30.675683474671658,31.204574902370943,30.6115757157367,31.04430389404297,32273796
2020-07-31 00:00:00-04:00,30.675688759528306,31.052322310905872,30.339120550649394,30.835956573486328,28472124
2020-08-03 00:00:00-04:00,30.94013427671196,30.980202842964914,30.62760848148806,30.73178482055664,31036400
2020-08-04 00:00:00-04:00,30.69972623327053,30.99622586094368,30.523429070276183,30.76383399963379,29448549
2020-08-05 00:00:00-04:00,30.827940579448327,30.87602220786552,30.55548338838656,30.811914443969727,24292697
2020-08-06 00:00:00-04:00,31.06834390186202,31.33279123356667,30.571507951724094,30.66767120361328,20922111
2020-08-07 00:00:00-04:00,30.691711983917443,30.94814303950061,30.57952259160446,30.811914443969727,23097251
2020-08-10 00:00:00-04:00,30.89204953236031,30.980199724848248,30.65965767105042,30.76383399963379,19964552
2020-08-11 00:00:00-04:00,30.900058395044464,30.916087750939898,30.18685999406408,30.28302001953125,21326847
2020-08-12 00:00:00-04:00,30.315075158148456,30.892044970210666,30.29904580243872,30.715747833251953,19957595
2020-08-13 00:00:00-04:00,30.507407665314215,30.59555464949059,30.355149682850627,30.587541580200195,15340021
2020-08-14 00:00:00-04:00,30.459315371974824,30.763828008391993,30.39520761809652,30.4993839263916,12901276
2020-08-17 00:00:00-04:00,30.48336679814837,30.779863233681976,30.411242734496675,30.73178482055664,17494187
2020-08-18 00:00:00-04:00,30.811912697664738,30.819925764949886,30.58753392575572,30.739791870117188,10846398
2020-08-19 00:00:00-04:00,30.83596135432522,30.940137704936735,30.54747795568134,30.659664154052734,15690055
2020-08-20 00:00:00-04:00,30.595554465292288,31.08438068690169,30.555489119081518,31.02828598022461,21957455
2020-08-21 00:00:00-04:00,31.180537160289045,31.25266121915265,30.908079949405675,31.156497955322266,25467170
2020-08-24 00:00:00-04:00,31.26868603651019,31.284712172478535,30.88403621939941,31.124441146850586,25011947
2020-08-25 00:00:00-04:00,30.85999857805782,30.900063920007412,30.4112409723691,30.779861450195312,26221201
2020-08-26 00:00:00-04:00,30.60356435938538,30.667672121904026,30.178846002475034,30.491374969482422,24083689
2020-08-27 00:00:00-04:00,30.419256685063573,30.451312183391448,30.19488108469621,30.339122772216797,22156556
2020-08-28 00:00:00-04:00,30.347133042226428,30.49939100677188,29.97049949800896,30.379188537597656,32830519
2020-08-31 00:00:00-04:00,30.3230885762982,30.467330225489494,30.050628189848876,30.28302001953125,30032465
2020-09-01 00:00:00-04:00,30.283026590648163,30.307069018717737,29.257299023878772,29.55379867553711,36145560
2020-09-02 00:00:00-04:00,29.465645193005482,29.890360340442662,29.16914557438163,29.810226440429688,29068688
2020-09-03 00:00:00-04:00,29.94645308885382,30.042616340198542,28.92873877037722,29.169143676757812,35956788
2020-09-04 00:00:00-04:00,29.241268913187227,29.35345830364954,28.744429723713942,29.13709259033203,26872257
2020-09-08 00:00:00-04:00,29.273316934111104,29.33742468764308,28.592170844591053,28.79250717163086,26736818
2020-09-09 00:00:00-04:00,29.0809982239807,29.369484771006118,28.960795764551893,28.99285125732422,27490533
2020-09-10 00:00:00-04:00,29.00887689213362,29.10503692482847,28.512037705615146,28.568132400512695,21650741
2020-09-11 00:00:00-04:00,28.640251997577057,28.936751594419526,28.407863382412973,28.904699325561523,24109301
2020-09-14 00:00:00-04:00,29.137093919754953,30.082687492240236,29.072986153991668,29.65797233581543,29565543
2020-09-15 00:00:00-04:00,29.80221489793597,29.930430433311503,29.497702195923676,29.617904663085938,22003726
2020-09-16 00:00:00-04:00,29.87433801051457,29.898380438968214,29.42558360250131,29.473665237426758,22208412
2020-09-17 00:00:00-04:00,29.473658334018275,29.625913049975175,29.28934490631085,29.50571060180664,17894390
2020-09-18 00:00:00-04:00,29.473658947864365,29.706047560113202,29.305374872527363,29.353456497192383,31694623
2020-09-21 00:00:00-04:00,29.14510704973013,29.233257241580606,28.351771432983355,28.864633560180664,26608968
2020-09-22 00:00:00-04:00,28.696346373138216,29.113051639539677,28.64025168127503,29.048940658569336,22727297
2020-09-23 00:00:00-04:00,29.121069072868995,29.153124571706986,28.824572624023038,28.84861183166504,23102521
2020-09-24 00:00:00-04:00,28.808540986619963,28.88066182582761,28.479989064904373,28.656286239624023,20859925
2020-09-25 00:00:00-04:00,28.479984792176825,28.968807678114793,28.463958657419845,28.888673782348633,14365598
2020-09-28 00:00:00-04:00,28.976826375736444,29.31339460291632,28.976826375736444,29.161136627197266,15044269
2020-09-29 00:00:00-04:00,29.193187316954944,29.281334282709345,28.87264528043756,28.984834671020508,13512491
2020-09-30 00:00:00-04:00,29.064973581870277,29.617904279254702,29.048944223669874,29.4095516204834,22629275
2020-10-01 00:00:00-04:00,29.577829690861822,29.722074553389284,28.97681748528295,29.14510154724121,22520396
2020-10-02 00:00:00-04:00,28.896685196827505,29.37749498788451,28.872642774086014,29.15311622619629,21461759
2020-10-05 00:00:00-04:00,29.27332403011802,29.5537975335467,29.121066064833403,29.449621200561523,19400029
2020-10-06 00:00:00-04:00,29.649954724921123,29.67399714974967,28.920726908113302,28.984834671020508,25233392
2020-10-07 00:00:00-04:00,29.05695983705547,29.321403966434147,28.87264638690491,29.22524070739746,22160034
2020-10-08 00:00:00-04:00,29.329415784660835,29.794199480231743,29.25729495444705,29.56180763244629,17857395
2020-10-09 00:00:00-04:00,29.51372264631666,29.746114467655936,29.321399380305834,29.481670379638672,23667465
2020-10-12 00:00:00-04:00,29.409547354479383,29.794197121807336,29.22523714875304,29.50571060180664,19413837
2020-10-13 00:00:00-04:00,29.38550449920165,29.75412486481202,29.353452235399367,29.569814682006836,21543233
2020-10-14 00:00:00-04:00,29.657971778923738,29.890360411713612,29.305377462855645,29.537769317626953,22120298
2020-10-15 00:00:00-04:00,29.353463412971088,29.441610393973743,29.17716622898387,29.289352416992188,16089205
2020-10-16 00:00:00-04:00,29.70605469943715,30.5474752783427,29.66598935423826,30.411243438720703,42993503
2020-10-19 00:00:00-04:00,30.787875812734462,31.13245706381441,30.162821075661366,30.29103660583496,31931352
2020-10-20 00:00:00-04:00,30.347134332606167,30.363163691964182,29.930432206951632,30.042621612548828,22384852
2020-10-21 00:00:00-04:00,29.9304318846497,30.010565792649736,29.698040007269675,29.714069366455078,18984859
2020-10-22 00:00:00-04:00,29.714070865076444,30.106730578260233,29.674002298064707,29.99454116821289,19243616
2020-10-23 00:00:00-04:00,30.39521795554988,30.675691487894937,30.170839129673837,30.59555435180664,30557884
2020-10-26 00:00:00-04:00,30.347128936209554,30.46733138912019,30.03460320303815,30.387197494506836,33783124
2020-10-27 00:00:00-04:00,29.682015367070672,30.547475149443635,29.545786750005433,29.99454116821289,36851529
2020-10-28 00:00:00-04:00,29.489693615429154,29.754137794636407,28.3036948997487,28.40787124633789,33857537
2020-10-29 00:00:00-04:00,28.431904167352,28.56011969388636,27.72671554943164,28.27163314819336,27545341
2020-10-30 00:00:00-04:00,28.239582445976783,28.47197430897037,27.919040389856605,28.43190574645996,25631067
2020-11-02 00:00:00-05:00,28.792513991867583,29.04894506673768,28.47998821662195,29.03291893005371,21430666
2020-11-03 00:00:00-05:00,29.193192481003337,29.345447236597625,28.91271895493238,29.000865936279297,21636617
2020-11-04 00:00:00-05:00,29.698036294926634,30.547469790264984,29.617902396943574,29.91440200805664,40870536
2020-11-05 00:00:00-05:00,30.157282881286555,30.197760262242944,29.46103286743164,29.46103286743164,33926995
2020-11-06 00:00:00-05:00,29.46102645855319,29.728193390331953,29.218149205181426,29.4691219329834,23870676
2020-11-09 00:00:00-05:00,33.88948843082481,33.99473609803012,31.072110622933845,31.73597526550293,230153864
2020-11-10 00:00:00-05:00,32.74797208285528,32.820834616686,31.13688458758286,31.31499481201172,80091668
2020-11-11 00:00:00-05:00,31.476915827404838,32.54557397799593,30.68351687654291,31.16927146911621,58980997
2020-11-12 00:00:00-05:00,30.991152419967946,31.03972851643209,30.149177598309556,30.400150299072266,46767877
2020-11-13 00:00:00-05:00,30.6592252547182,31.298803613542425,30.529691138906987,31.26641845703125,40175634
2020-11-16 00:00:00-05:00,30.651130799358317,30.723993335037207,29.833442190303966,30.222047805786133,75530167
2020-11-17 00:00:00-05:00,31.13726097825594,31.145792639878405,30.565541996041176,30.753271102905273,46984500
2020-11-18 00:00:00-05:00,31.512712410934427,31.93083214110885,30.975126645593544,30.9921932220459,63442700
2020-11-19 00:00:00-05:00,31.231118501903847,31.25671999391096,30.599671454416043,30.881261825561523,43261800
2020-11-20 00:00:00-05:00,31.31645393371582,31.836973160323137,31.094591678874902,31.31645393371582,60633800
2020-11-23 00:00:00-05:00,31.598051116721617,31.649250860789202,30.89833755671907,31.162864685058594,43673100
2020-11-24 00:00:00-05:00,30.83006411450688,31.35058327783521,30.736199576186497,31.231117248535156,42485300
2020-11-25 00:00:00-05:00,31.171388626098633,31.196990119348953,30.92393139553504,31.171388626098633,26955800
2020-11-27 00:00:00-05:00,31.384719294326395,31.794307423594415,31.359121053471235,31.768709182739258,25277000
2020-11-30 00:00:00-05:00,32.38309282002077,33.108404517806555,32.0844325729018,32.690284729003906,65425900
2020-12-01 00:00:00-05:00,33.6203936612305,34.55903275499838,33.28760024114315,33.62892532348633,72499700
2020-12-02 00:00:00-05:00,34.53343111650552,35.335540749466404,34.38836683148675,34.81502151489258,84347500
2020-12-03 00:00:00-05:00,34.968608282060785,35.01127308817847,33.72277771477461,34.209163665771484,68570100
2020-12-04 00:00:00-05:00,34.038506965170086,34.51636133811895,34.038506965170086,34.4224967956543,35368100
2020-12-07 00:00:00-05:00,34.69555631991666,35.32700663984852,34.44809583946251,35.19900894165039,48253700
2020-12-08 00:00:00-05:00,35.327009994196345,36.49604294528158,35.284341920667785,36.31684875488281,87039300
2020-12-09 00:00:00-05:00,36.75202923517739,36.760564150565386,35.0966104576012,35.71099090576172,86118500
2020-12-10 00:00:00-05:00,35.68539476918542,36.02671979222295,35.36967123870154,35.60859680175781,57749200
2020-12-11 00:00:00-05:00,35.81339629762711,35.89872593495602,34.72115806013832,35.08808135986328,60737000
2020-12-14 00:00:00-05:00,35.51473098276453,35.54886413486631,33.33879299058258,33.458255767822266,94809700
2020-12-15 00:00:00-05:00,33.330264997927365,33.432661210384296,32.604950083972106,33.0316047668457,65712800
2020-12-16 00:00:00-05:00,32.579351846558254,32.82681234386759,32.20389689744943,32.28922653198242,56515300
2020-12-17 00:00:00-05:00,32.28069570698092,32.528152955585064,31.836974434655204,32.45135498046875,52036400
2020-12-18 00:00:00-05:00,32.417221757136375,32.50255138513679,31.999098767654363,32.15269470214844,60259200
2020-12-21 00:00:00-05:00,31.811367029388375,31.913766480596934,31.49564352595295,31.896699905395508,40891800
2020-12-22 00:00:00-05:00,31.75163524205523,31.85403469196834,31.231116097904103,31.350582122802734,33634400
2020-12-23 00:00:00-05:00,31.58098126344958,32.127102044904184,31.47005337880539,31.947904586791992,36182000
2020-12-24 00:00:00-05:00,31.913772318065345,32.05883335113655,31.726043211627804,31.802841186523438,14790100
2020-12-28 00:00:00-05:00,31.87963777439412,32.06736687266391,31.29938715712098,31.41884994506836,26993700
2020-12-29 00:00:00-05:00,31.487119748656816,31.743111930532645,31.393255189108334,31.615114212036133,23152100
2020-12-30 00:00:00-05:00,31.5980393223019,31.777236732091676,31.316448972831697,31.350582122802734,24889800
2020-12-31 00:00:00-05:00,31.282318770391537,31.504177755874938,30.966595241201706,31.410316467285156,30796500
2021-01-04 00:00:00-05:00,31.46151294194928,31.52124433246853,30.949528664608113,31.410316467285156,33565700
2021-01-05 00:00:00-05:00,31.333516419155366,31.888165473585147,31.231116966394676,31.734569549560547,29909400
2021-01-06 00:00:00-05:00,31.427381715310755,31.982030783130224,31.37618198769441,31.461511611938477,34962500
2021-01-07 00:00:00-05:00,31.60656967320652,31.700434194514195,31.290842964241445,31.62363624572754,27809500
2021-01-08 00:00:00-05:00,31.708974550500656,32.024698090947965,31.487115557106623,31.68337631225586,33462400
2021-01-11 00:00:00-05:00,31.760172730281667,32.28069191660471,31.70044134055115,32.2294921875,47286900
2021-01-12 00:00:00-05:00,32.16976304504445,32.24656101650806,31.418849907968802,31.726041793823242,47831100
2021-01-13 00:00:00-05:00,31.572448561612845,31.717509600655934,31.26525664938382,31.452985763549805,31027900
2021-01-14 00:00:00-05:00,31.384715745895534,31.538311683894754,31.239654723961117,31.35911750793457,30272000
2021-01-15 00:00:00-05:00,31.29938735602676,31.3847169893552,31.06046177861364,31.31645393371582,34287800
2021-01-19 00:00:00-05:00,31.367654516739254,31.572450220692648,31.248191712398643,31.342056274414062,33451300
2021-01-20 00:00:00-05:00,31.393246738484915,31.410313313364846,31.111653135640527,31.14578628540039,35400100
2021-01-21 00:00:00-05:00,31.05192137137165,31.22258386296754,30.847128985549613,31.128719329833984,33829700
2021-01-22 00:00:00-05:00,30.99219861567955,31.42738825315986,30.932467215259457,31.188459396362305,26271200
2021-01-25 00:00:00-05:00,31.18845168797562,31.819901950072495,30.992190955799714,31.81136703491211,31728500
2021-01-26 00:00:00-05:00,31.802845750808512,32.084436195761185,31.708981184118475,31.836978912353516,27718700
2021-01-27 00:00:00-05:00,31.563917004078732,31.60658182422566,30.864200282177187,30.923934936523438,50561200
2021-01-28 00:00:00-05:00,31.010195316699903,31.33798132762416,30.915309632706407,30.93256187438965,39466700
2021-01-29 00:00:00-05:00,31.812401976712007,31.812401976712007,30.72553393743925,30.96706199645996,60251900
2021-02-01 00:00:00-05:00,30.992943897892324,31.21721646467168,30.81180029120184,30.88080596923828,40395800
2021-02-02 00:00:00-05:00,30.846303091896658,30.86355533493671,29.561042245437452,30.182109832763672,84062400
2021-02-03 00:00:00-05:00,30.182107375865556,30.44088441934342,30.00096048395528,30.052717208862305,38524200
2021-02-04 00:00:00-05:00,30.02683669416331,30.25973699099696,29.931951022431655,30.095842361450195,34284900
2021-02-05 00:00:00-05:00,30.121715545654297,30.259733445111337,30.000953174157218,30.121715545654297,31749600
2021-02-08 00:00:00-05:00,30.156223812463395,30.199352766202985,29.966455757903557,30.03546142578125,31633900
2021-02-09 00:00:00-05:00,30.01820974823976,30.242485576730147,29.98370526839073,30.164852142333984,30170200
2021-02-10 00:00:00-05:00,30.190726069501498,30.259735022828085,29.9319490755828,29.966453552246094,29039900
2021-02-11 00:00:00-05:00,30.018207180958708,30.026834945447238,29.56965885286795,29.69904899597168,30885200
2021-02-12 00:00:00-05:00,29.707671643603582,30.147595470688792,29.63866598457772,29.949199676513672,25578600
2021-02-16 00:00:00-05:00,30.061333467748263,30.069961231472192,29.811184258725866,29.92331886291504,28730300
2021-02-17 00:00:00-05:00,29.81981311124622,30.190728033181855,29.724927439514563,30.095842361450195,26389400
2021-02-18 00:00:00-05:00,30.000957710883633,30.087218911088648,29.77668517140725,29.811189651489258,24052500
2021-02-19 00:00:00-05:00,29.897449201521237,29.914701442508804,29.673176649739904,29.707677841186523,28145300
2021-02-22 00:00:00-05:00,29.61279461274272,29.647295803212067,29.362642061301546,29.552410125732422,34322500
2021-02-23 00:00:00-05:00,29.328138887829564,29.492030244083036,29.05210960859816,29.250505447387695,37624200
2021-02-24 00:00:00-05:00,29.215994111068667,29.37126095552834,29.04347502938817,29.112483978271484,30686100
2021-02-25 00:00:00-05:00,29.172866821289062,29.423019339416552,28.931342067526238,29.172866821289062,37506100
2021-02-26 00:00:00-05:00,29.190123918484254,29.241880641703716,28.77608000431416,28.88821792602539,41462800
2021-03-01 00:00:00-05:00,28.97447207683713,29.26775355592397,28.905463121509356,29.06072998046875,30407800
2021-03-02 00:00:00-05:00,29.052106562501915,29.23325014103062,28.896839697897818,28.90546417236328,27670400
2021-03-03 00:00:00-05:00,28.905463006265485,29.716301775493584,28.845081815858467,29.6645450592041,46020200
2021-03-04 00:00:00-05:00,29.552405736514064,30.268358803504174,29.190118611430826,29.500652313232422,45449600
2021-03-05 00:00:00-05:00,29.57828715591639,29.802559678781297,29.293630152116375,29.6645450592041,30589900
2021-03-08 00:00:00-05:00,29.742180945746767,30.07859140310324,29.61279408012493,29.630043029785156,24352300
2021-03-09 00:00:00-05:00,29.79393439140656,30.061335858616317,29.70767319994535,29.71630096435547,25167100
2021-03-10 00:00:00-05:00,29.88019565794455,30.311491792246358,29.776685507060062,30.130348205566406,33501800
2021-03-11 00:00:00-05:00,30.251112220544428,30.294241178184066,29.89744950305372,29.94057846069336,24557900
2021-03-12 00:00:00-05:00,29.8111848773372,30.173471988594326,29.768052638878,30.138967514038086,16342400
2021-03-15 00:00:00-04:00,30.199349642103545,30.561640055199565,30.156220692825613,30.544387817382812,21896100
2021-03-16 00:00:00-04:00,30.5961473327078,30.93255777462188,30.458132708062838,30.906681060791016,25022400
2021-03-17 00:00:00-04:00,30.90667587498135,31.01881047645225,30.294232996010503,30.87217140197754,42540100
2021-03-18 00:00:00-04:00,30.647893989748457,31.02743659157109,30.639269517219525,30.854917526245117,24729800
2021-03-19 00:00:00-04:00,30.837670963506884,30.898052153899474,30.596146201936516,30.647899627685547,48348900
2021-03-22 00:00:00-04:00,30.60476782201153,31.06194058964421,30.501257689638198,31.053316116333008,25427500
2021-03-23 00:00:00-04:00,30.898048515903646,30.992934172642297,30.46675246929357,30.501256942749023,27970500
2021-03-24 00:00:00-04:00,30.604767698113726,30.99293480610202,30.509882039435723,30.71690559387207,22883400
2021-03-25 00:00:00-04:00,30.751412551078083,30.872174929863764,30.4063743626664,30.768661499023438,24875300
2021-03-26 00:00:00-04:00,30.777291270448618,31.303473061350065,30.742786791251877,31.26896858215332,27944500
2021-03-29 00:00:00-04:00,31.07919757932339,31.691640574960516,30.9670629564916,31.58812713623047,27004800
2021-03-30 00:00:00-04:00,31.56224673103671,31.596751206578563,31.070569471412945,31.148202896118164,26303300
2021-03-31 00:00:00-04:00,31.182709042168348,31.424233802844398,31.08782337460902,31.2517147064209,26582700
2021-04-01 00:00:00-04:00,31.312101364135742,31.44149153167878,31.070576561285968,31.312101364135742,21319900
2021-04-05 00:00:00-04:00,31.432862124329578,31.545000044309813,31.13958061167022,31.29484748840332,22096900
2021-04-06 00:00:00-04:00,31.27758863801804,31.398354298145744,31.053316135979305,31.096445083618164,20722900
2021-04-07 00:00:00-04:00,31.07920100127347,31.260347893731943,30.846300674279988,30.975690841674805,21933800
2021-04-08 00:00:00-04:00,31.01881980895996,31.182714459774562,30.941186366607955,31.01881980895996,18129400
2021-04-09 00:00:00-04:00,30.96706135183593,31.752020123624792,30.96706135183593,31.570873260498047,31686700
2021-04-12 00:00:00-04:00,31.467369637156473,31.941794788195754,31.337982754434197,31.89004135131836,29944900
2021-04-13 00:00:00-04:00,32.26957260072562,32.47659616712951,31.82102428229048,32.053924560546875,33967400
2021-04-14 00:00:00-04:00,32.06254959106445,32.24369644876133,31.881406023895593,32.06254959106445,23842900
2021-04-15 00:00:00-04:00,32.14018636311356,32.554233546198105,32.14018636311356,32.433467864990234,24945800
2021-04-16 00:00:00-04:00,32.666368316624485,33.38232147958793,32.614614886405306,33.27018356323242,52829500
2021-04-19 00:00:00-04:00,33.29605438679555,33.606588075276946,33.06315741096228,33.580711364746094,30905100
2021-04-20 00:00:00-04:00,33.42544834667125,33.84811998004865,33.42544834667125,33.66697311401367,26459400
2021-04-21 00:00:00-04:00,33.76185996695377,34.21903280416158,33.75323549233005,34.098270416259766,29365000
2021-04-22 00:00:00-04:00,34.05514018226163,34.072392421389004,33.22705244731665,33.330562591552734,33373600
2021-04-23 00:00:00-04:00,33.32193212911383,33.49445119885676,33.14941305937091,33.347808837890625,24375000
2021-04-26 00:00:00-04:00,33.40819929980301,33.416827065477186,33.20117899102155,33.36507034301758,19773400
2021-04-27 00:00:00-04:00,33.2184213599099,33.30468254691873,33.080406751223585,33.16666793823242,19061500
2021-04-28 00:00:00-04:00,33.2442992997537,33.58933415480949,33.22704706342177,33.47719955444336,21963300
2021-04-29 00:00:00-04:00,33.63246853420787,33.641093007659634,33.0459056236526,33.29605484008789,23569400
2021-04-30 00:00:00-04:00,33.20980508427569,33.55484333642767,33.201180608709784,33.339195251464844,28413200
2021-05-03 00:00:00-04:00,33.675603163248006,34.36567632427186,33.60659420188143,34.357051849365234,46638600
2021-05-04 00:00:00-04:00,34.503688797862395,34.650327895799784,34.01201149573511,34.4605598449707,52802200
2021-05-05 00:00:00-04:00,34.65895347102364,35.443912209962036,33.580713264211134,34.47780990600586,76627500
2021-05-06 00:00:00-04:00,33.51961381356821,34.17293269764414,33.06664565518803,34.13808822631836,54944900
2021-05-07 00:00:00-04:00,34.01612153390141,34.730416279659835,34.01612153390141,34.47780227661133,33807800
2021-05-10 00:00:00-04:00,34.695589957032155,35.08757863090546,34.65203270620027,34.72172164916992,30831900
2021-05-11 00:00:00-04:00,34.56492005636995,34.90464529884866,34.172928113913265,34.27745819091797,30568600
2021-05-12 00:00:00-04:00,34.355862133961466,34.773985832532496,34.242622583461156,34.57363510131836,26208600
2021-05-13 00:00:00-04:00,34.40812477275914,35.087575287205894,34.40812477275914,34.93077850341797,25415000
2021-05-14 00:00:00-04:00,35.052732858705724,35.12241846953172,34.77398044654797,34.86109161376953,18041100
2021-05-17 00:00:00-04:00,34.90463918203242,35.19210099710854,34.852372491213856,34.939483642578125,18095000
2021-05-18 00:00:00-04:00,35.000472796824496,35.148556824760995,34.695591961101165,34.887229919433594,15805500
2021-05-19 00:00:00-04:00,34.756563316906885,34.756563316906885,34.34714911736615,34.695587158203125,20209500
2021-05-20 00:00:00-04:00,34.608471195965286,35.06143925717231,34.599761741478076,34.94819641113281,18621100
2021-05-21 00:00:00-04:00,35.026592215742625,35.366317405910046,34.76526540199466,34.80010986328125,21144800
2021-05-24 00:00:00-04:00,34.91335677781584,34.96562015289779,34.652026610601666,34.67816162109375,16922300
2021-05-25 00:00:00-04:00,34.68688110629864,34.72172558172993,34.1816495043533,34.260047912597656,25916300
2021-05-26 00:00:00-04:00,34.22518403824447,34.23389349068972,33.78092553568263,33.90287780761719,28036500
2021-05-27 00:00:00-04:00,33.946447004299436,34.129375476680785,33.624140660064086,33.66769790649414,38471200
2021-05-28 00:00:00-04:00,33.75480703078361,33.990002214010346,33.693830871015734,33.73738479614258,16154100
2021-06-01 00:00:00-04:00,33.92031226286138,33.97257896522423,33.51961084693374,33.53703308105469,23642400
2021-06-02 00:00:00-04:00,33.658984870989286,33.91160227736851,33.57187702469709,33.789649963378906,19629000
2021-06-03 00:00:00-04:00,33.76352126633073,34.00742926288234,33.65028170956057,33.94645309448242,17376300
2021-06-04 00:00:00-04:00,34.01612599913909,34.40811788008463,33.989994314726296,34.10323715209961,19375300
2021-06-07 00:00:00-04:00,34.04226557420841,34.49523033857791,33.946444954570225,33.9638671875,24110700
2021-06-08 00:00:00-04:00,34.0335487175299,34.06839317921352,33.51960453802405,33.8419075012207,18880300
2021-06-09 00:00:00-04:00,33.97257615092747,34.704293308634725,33.955153918249785,34.67816162109375,29824000
2021-06-10 00:00:00-04:00,34.756558032291714,35.470852916745145,34.74784525497225,35.43600845336914,42613700
2021-06-11 00:00:00-04:00,35.4185900424364,35.427299497744464,34.80011570407403,34.974334716796875,21386900
2021-06-14 00:00:00-04:00,34.869800816897985,34.90464528353468,34.30359318733229,34.521366119384766,23408300
2021-06-15 00:00:00-04:00,34.59104892835678,34.704291774279454,34.31229986374015,34.48651885986328,20206900
2021-06-16 00:00:00-04:00,34.51265489195199,34.70429614411327,34.21648355813518,34.23390579223633,19177500
2021-06-17 00:00:00-04:00,34.207772827130746,34.4865219164533,34.03355381556633,34.39070129394531,19580100
2021-06-18 00:00:00-04:00,34.233900915437516,34.35585321382145,33.711247258663256,33.80706787109375,37775900
2021-06-21 00:00:00-04:00,33.86804533187878,34.39069900889362,33.86804533187878,34.33843231201172,19488100
2021-06-22 00:00:00-04:00,34.329732975032556,34.57363765312983,34.19906785579357,34.50395202636719,15975900
2021-06-23 00:00:00-04:00,34.521374910165996,34.54750660532227,33.955163813464836,34.01613998413086,22025400
2021-06-24 00:00:00-04:00,34.094534298636965,34.27746278866982,34.04227091459997,34.13808822631836,13436500
2021-06-25 00:00:00-04:00,34.077106726536286,34.32972411966111,33.87675603221523,33.95515441894531,22774300
2021-06-28 00:00:00-04:00,33.981285856870365,34.15550486198338,33.88546856086179,34.07710647583008,19225700
2021-06-29 00:00:00-04:00,34.08582739974359,34.21648919259133,33.95516228394392,34.0596923828125,14516600
2021-06-30 00:00:00-04:00,34.0945315011182,34.20777436215938,33.815782399287144,34.11195373535156,21248100
2021-07-01 00:00:00-04:00,34.120659635867455,34.52136433558156,34.068396261564224,34.46038818359375,20035900
2021-07-02 00:00:00-04:00,34.373283349625424,34.69558972427023,34.303597730074976,34.60847854614258,16592700
2021-07-06 00:00:00-04:00,34.3906992471946,34.538786561243924,34.00742010292462,34.22519302368164,18931900
2021-07-07 00:00:00-04:00,34.164218658725886,34.286170969056585,33.94644572657787,34.27745819091797,17665200
2021-07-08 00:00:00-04:00,33.97257665160355,34.25132573265241,33.911600497808564,34.19034957885742,23021200
2021-07-09 00:00:00-04:00,34.43426307665253,34.930785213037424,34.37328690712821,34.50395202636719,21578700
2021-07-12 00:00:00-04:00,34.54750517489375,35.061449537050585,34.495238463793214,34.634613037109375,24513000
2021-07-13 00:00:00-04:00,34.64332174345176,34.669453434453274,34.434258246584974,34.53879165649414,12222000
2021-07-14 00:00:00-04:00,34.59975919530946,34.8697954629037,34.54749250337957,34.80010986328125,15888600
2021-07-15 00:00:00-04:00,34.80010582805731,35.009165925633965,34.72170746072848,34.92205810546875,20250800
2021-07-16 00:00:00-04:00,34.965627259745546,35.148555755615234,34.78269876387585,35.148555755615234,24270400
2021-07-19 00:00:00-04:00,34.904645782527226,35.14855040656843,34.56492053534089,34.974334716796875,29818400
2021-07-20 00:00:00-04:00,35.06144329747456,36.3332364680237,35.01788937411766,35.75831604003906,48804100
2021-07-21 00:00:00-04:00,35.923826619515346,35.923826619515346,35.29663947194828,35.73218536376953,27530200
2021-07-22 00:00:00-04:00,35.81929191836407,36.19386163762868,35.62765399249593,36.124176025390625,18913300
2021-07-23 00:00:00-04:00,36.115453377526094,36.437759630271394,36.08060891945356,36.30709457397461,21609200
2021-07-26 00:00:00-04:00,36.254843350826064,36.53359248840176,36.05449261587802,36.420352935791016,23720000
2021-07-27 00:00:00-04:00,36.429057556459156,36.76007335949368,36.2199973925068,36.6729621887207,32544100
2021-07-28 00:00:00-04:00,36.89074248585175,38.10156307885274,36.80363462066414,37.84894561767578,53822400
2021-07-29 00:00:00-04:00,37.99836097524724,38.05988939764495,37.462181848883525,37.611610412597656,29015000
2021-07-30 00:00:00-04:00,37.6907169568833,37.96319899856333,37.52370837335309,37.629188537597656,24763300
2021-08-02 00:00:00-04:00,38.05989091944066,38.79823537078295,38.015942523548986,38.640018463134766,43066900
2021-08-03 00:00:00-04:00,38.82460324368716,40.310083818476755,38.736706453022244,40.1518669128418,45643300
2021-08-04 00:00:00-04:00,39.861801580658486,40.257343845862174,39.56294779728766,39.72116470336914,43391200
2021-08-05 00:00:00-04:00,39.55415917547683,39.6772160230907,39.29046545158318,39.60689926147461,23505400
2021-08-06 00:00:00-04:00,39.63327216935222,39.826649153788004,39.2289415228483,39.615692138671875,20413000
2021-08-09 00:00:00-04:00,39.65084884784525,40.45951007248674,39.65084884784525,40.41556167602539,32374300
2021-08-10 00:00:00-04:00,40.60893757485001,42.69212236030511,40.33645215908805,42.35810852050781,81189400
2021-08-11 00:00:00-04:00,41.99772774316135,42.261424830054146,40.661675691558955,40.70562744140625,50878200
2021-08-12 00:00:00-04:00,40.872638777979056,41.66372345038504,40.73200187544557,41.52308654785156,29676400
2021-08-13 00:00:00-04:00,41.67250074145658,42.630590433780974,41.593392295189524,42.61301040649414,35379200
2021-08-16 00:00:00-04:00,42.3932706471237,43.043718329734524,41.76040299410212,42.9909782409668,38045800
2021-08-17 00:00:00-04:00,42.87671214228041,44.37977290293979,42.815183711773365,44.318241119384766,68817000
2021-08-18 00:00:00-04:00,44.151228599296886,45.58396900207033,43.219507250018594,43.342567443847656,88598000
2021-08-19 00:00:00-04:00,42.630600970387086,43.91391310208367,42.419643943852215,42.89429473876953,57741600
2021-08-20 00:00:00-04:00,43.05250062647506,43.711736554846446,42.771226898613726,42.82396697998047,35157500
2021-08-23 00:00:00-04:00,44.20397657342014,45.14448642791436,43.59747724551683,43.887542724609375,88652400
2021-08-24 00:00:00-04:00,43.72053498573689,43.99301706552457,42.40206292571289,42.52511978149414,52624100
2021-08-25 00:00:00-04:00,42.22627279193363,42.43722647785952,41.250602773643344,41.76041030883789,51036800
2021-08-26 00:00:00-04:00,41.92741868179339,42.331749371509254,41.57582473670667,41.64614486694336,29029300
2021-08-27 00:00:00-04:00,41.6373453652697,41.75161387894966,40.899000901498994,40.96052932739258,32924500
2021-08-30 00:00:00-04:00,40.60893460055626,41.452755799564045,40.57377454566909,41.10116195678711,25774400
2021-08-31 00:00:00-04:00,41.06601009145955,41.43518065211142,40.3716140143693,40.49467086791992,34547800
2021-09-01 00:00:00-04:00,40.60014887604891,40.661677304618685,39.923332808733555,40.46830368041992,32900100
2021-09-02 00:00:00-04:00,40.85505586889798,41.197858085116685,40.54741371409863,41.17148971557617,26106300
2021-09-03 00:00:00-04:00,41.22422980770521,41.3384949777461,40.73199900697824,41.17148971557617,20817200
2021-09-07 00:00:00-04:00,41.303341369681874,41.75162045075932,40.907799031643975,41.092384338378906,26236900
2021-09-08 00:00:00-04:00,40.88142013549805,41.12753718768474,40.65288646530434,40.88142013549805,15839600
2021-09-09 00:00:00-04:00,40.84626474638216,41.06601008570542,40.30129389066609,40.459510803222656,21695300
2021-09-10 00:00:00-04:00,40.67046527497833,40.74078203560386,40.00243760727416,40.072757720947266,20801500
2021-09-13 00:00:00-04:00,40.20460424026892,40.28371268765805,38.85097229740922,39.18498611450195,37086200
2021-09-14 00:00:00-04:00,39.26409531234679,39.78269444319732,39.15861848915366,39.29925537109375,24100200
2021-09-15 00:00:00-04:00,39.16741208764986,39.8793848701832,39.08830362814083,39.35199737548828,28674600
2021-09-16 00:00:00-04:00,39.44868868989264,39.54537718655446,38.701552440354675,39.08830642700195,22424200
2021-09-17 00:00:00-04:00,38.82460107881674,39.079506451798096,38.06868000332497,38.578487396240234,56370500
2021-09-20 00:00:00-04:00,38.139006449500165,39.24652500852421,38.139006449500165,38.850982666015625,41873000
2021-09-21 00:00:00-04:00,38.894923846757564,39.31683448272955,38.5433299735904,38.6048583984375,23645600
2021-09-22 00:00:00-04:00,38.66640091241533,39.0179915301572,38.52576399470886,38.63124084472656,22616700
2021-09-23 00:00:00-04:00,38.92129443244101,39.30804838558187,38.80702926723836,38.842185974121094,19719200
2021-09-24 00:00:00-04:00,38.7367050295409,39.03555880108615,38.5081713703816,38.6224365234375,16150700
2021-09-27 00:00:00-04:00,38.60486046344546,38.78944910090826,38.24447823304342,38.297218322753906,19955900
2021-09-28 00:00:00-04:00,37.85772441467278,38.04230968338953,37.29517691779456,37.831356048583984,28512200
2021-09-29 00:00:00-04:00,37.9895761772069,38.40269514421879,37.866519320946004,38.26205825805664,18037200
2021-09-30 00:00:00-04:00,38.49059663900388,38.71913032961187,37.76983215310058,37.804988861083984,21103300
2021-10-01 00:00:00-04:00,37.374290299096145,37.88409777799715,36.653525804514985,37.73467254638672,38483000
2021-10-04 00:00:00-04:00,37.734670777125544,38.103841345946535,37.1018031128063,37.2863883972168,28906500
2021-10-05 00:00:00-04:00,37.38307541999828,37.61161244673329,37.163330084394154,37.198490142822266,19342600
2021-10-06 00:00:00-04:00,36.96995543708526,37.09301228510069,36.644729935275755,36.93479537963867,30483800
2021-10-07 00:00:00-04:00,37.37429192144796,37.76104255509372,37.101806462918,37.56766891479492,19778300
2021-10-08 00:00:00-04:00,37.55887310721769,37.717090020247966,37.2160709133347,37.31275939941406,12778600
2021-10-11 00:00:00-04:00,37.31275762188833,37.46218283649419,36.92600369599526,36.96995544433594,11984200
2021-10-12 00:00:00-04:00,37.05785531136091,37.10180371030242,36.61836461584996,36.785369873046875,16222300
2021-10-13 00:00:00-04:00,36.69747130780206,36.838108189470525,35.98549520826607,36.407405853271484,28205700
2021-10-14 00:00:00-04:00,36.53047016130081,36.88206072843444,36.495310098673016,36.62715530395508,17590300
2021-10-15 00:00:00-04:00,36.82931913196791,36.943584290871364,36.37224843721103,36.468936920166016,23550300
2021-10-18 00:00:00-04:00,36.43377993516328,36.65352528657796,36.07339769296513,36.31951141357422,21733000
2021-10-19 00:00:00-04:00,36.56562786495119,37.093018759561424,36.51289112262391,36.99633026123047,17159800
2021-10-20 00:00:00-04:00,37.022695668909144,37.89288873118483,37.005115638524515,37.62040328979492,22788300
2021-10-21 00:00:00-04:00,37.84893458891961,37.87530295397171,37.29517545149345,37.67313766479492,22142300
2021-10-22 00:00:00-04:00,37.63798622387419,37.96320842846029,37.47098095190796,37.93684005737305,17183000
2021-10-25 00:00:00-04:00,37.97200321598072,38.00716328232844,37.41824390667382,37.92805480957031,22846200
2021-10-26 00:00:00-04:00,38.086263949758624,38.46422284986873,37.72587837312397,38.288429260253906,29729100
2021-10-27 00:00:00-04:00,38.20053162827291,38.2884317819172,37.514927195087594,37.769832611083984,22317500
2021-10-28 00:00:00-04:00,37.75225285708134,38.38511720271902,37.74346116512846,37.95441818237305,18023400
2021-10-29 00:00:00-04:00,37.875308396795994,38.52575610361489,37.67314307856729,38.44664764404297,30307500
2021-11-01 00:00:00-04:00,38.79823624992183,38.930084793632126,38.18294863435336,38.35874557495117,32681500
2021-11-02 00:00:00-04:00,39.624484838014645,40.468306213837884,37.840150238643815,39.94970703125,69248000
2021-11-03 00:00:00-04:00,40.01123803417585,40.42436040958871,39.09709647511467,39.39595031738281,44593100
2021-11-04 00:00:00-04:00,39.271805436826575,39.43141114505212,38.40284290453204,38.881656646728516,38172500
2021-11-05 00:00:00-04:00,42.641254089290555,43.27967694017818,41.275740050438806,43.10233688354492,173959100
2021-11-08 00:00:00-05:00,43.10233516661771,43.261940872981924,42.206769438409616,42.854061126708984,57423300
2021-11-09 00:00:00-05:00,42.85406164869973,42.898395816012005,41.80775906422528,41.94076156616211,29920400
2021-11-10 00:00:00-05:00,42.02943335297899,43.634352536714395,42.02943335297899,43.46588134765625,42696200
2021-11-11 00:00:00-05:00,43.65208690475299,44.778192345883724,43.20873846568483,44.494449615478516,42370400
2021-11-12 00:00:00-05:00,44.70724799960007,44.76931988327076,43.95355712372021,44.095428466796875,27780600
2021-11-15 00:00:00-05:00,44.09543579262029,44.42351269377542,43.7762243720455,44.02450180053711,27763200
2021-11-16 00:00:00-05:00,43.86489541604523,44.47671504108979,43.35060960580593,43.98016357421875,31297200
2021-11-17 00:00:00-05:00,44.28164145832444,45.301344234572824,44.059967235877416,45.10626983642578,36889800
2021-11-18 00:00:00-05:00,45.31020956986415,45.85109521209703,44.87572998945032,45.585086822509766,32872600
2021-11-19 00:00:00-05:00,46.07277304611397,46.853067314897494,44.937802024232816,45.04420471191406,47966200
2021-11-22 00:00:00-05:00,45.17720199334136,45.63828472867485,44.671785095135,45.39887619018555,27287900
2021-11-23 00:00:00-05:00,44.84913200707068,45.620557383298205,44.60085456844364,45.29248046875,24946200
2021-11-24 00:00:00-05:00,45.38115494776668,45.51416085725714,44.964406255011966,45.1240119934082,18556800
2021-11-26 00:00:00-05:00,47.91710244719838,48.71512764701927,47.21661106745402,47.88163375854492,66561300
2021-11-29 00:00:00-05:00,48.9013297047967,49.38901226662336,46.205770630272866,46.462913513183594,72660800
2021-11-30 00:00:00-05:00,46.383122829291565,48.28951941316456,46.0284426645111,47.64223098754883,64598400
2021-12-01 00:00:00-05:00,46.52498555012966,48.91906437764828,45.98409992173408,48.48458480834961,59810400
2021-12-02 00:00:00-05:00,47.72202561842238,48.83926557690272,46.79099457467553,47.03040313720703,46361700
2021-12-03 00:00:00-05:00,47.624488871054886,48.24517736691408,47.08360323012731,48.12104034423828,37574800
2021-12-06 00:00:00-05:00,47.68656192943276,47.784099137258515,45.443219679362386,45.647159576416016,53724000
2021-12-07 00:00:00-05:00,45.44321763879981,46.55158880072175,44.689526601685024,45.85996627807617,41575400
2021-12-08 00:00:00-05:00,46.77326874348477,47.06588038954663,45.248148756090096,45.576229095458984,37429200
2021-12-09 00:00:00-05:00,45.67374843809583,46.86192222708087,45.67374843809583,46.179168701171875,38325700
2021-12-10 00:00:00-05:00,45.39887884613511,46.86192660141087,45.31907599530334,46.79985809326172,26079400
2021-12-13 00:00:00-05:00,47.38508998086747,49.41562707343952,47.38508998086747,48.9456787109375,54923200
2021-12-14 00:00:00-05:00,48.56439711160376,49.610699885629884,48.165382768546216,49.247154235839844,48685700
2021-12-15 00:00:00-05:00,49.75256569223714,52.24418192121949,49.5574912836408,52.137779235839844,75202900
2021-12-16 00:00:00-05:00,51.74763464415446,54.46979401536685,51.206748962402344,54.31018829345703,75183600
2021-12-17 00:00:00-05:00,53.13974456017678,54.2569811463869,52.04910779810875,52.74073028564453,104192100
2021-12-20 00:00:00-05:00,53.73383247962142,54.718066610821595,53.05107882169732,54.10624694824219,55712200
2021-12-21 00:00:00-05:00,53.210682894920595,53.237286103714126,50.68359792076473,52.27078628540039,63877900
2021-12-22 00:00:00-05:00,52.53678703835676,53.724960922709094,51.62349038826922,52.80279541015625,62594900
2021-12-23 00:00:00-05:00,53.04220989914683,53.27275299434107,51.70329902775387,52.05797576904297,39203200
2021-12-27 00:00:00-05:00,52.18211239199987,52.65206405971343,51.63236124866284,52.49245834350586,27362600
2021-12-28 00:00:00-05:00,52.35945586031763,52.71413600441443,50.61266511421434,51.43729019165039,36901700
2021-12-29 00:00:00-05:00,50.81659882451695,51.4550182706687,50.60379008747962,51.056007385253906,26170200
2021-12-30 00:00:00-05:00,51.20674579223879,52.08457720839704,51.01167139254135,51.78310012817383,24559000
2021-12-31 00:00:00-05:00,51.898372280928285,53.024477832416565,51.81856941877619,52.35945510864258,28579600
2022-01-03 00:00:00-05:00,51.87176836566253,51.916102533923464,49.95650320746035,50.231380462646484,57219200
2022-01-04 00:00:00-05:00,49.850101520933485,50.036307060829664,47.82843025962542,48.35158157348633,66993100
2022-01-05 00:00:00-05:00,49.513151783535704,50.045168535646525,49.096403185478216,49.32694625854492,52956400
2022-01-06 00:00:00-05:00,48.91019610944994,49.32694469429152,48.31611086784846,48.6264533996582,37000400
2022-01-07 00:00:00-05:00,49.08754210715606,49.45108770961052,48.44025376046789,49.40675354003906,27703400
2022-01-10 00:00:00-05:00,49.397884333398245,49.88556696025628,48.53779062575127,49.867835998535156,34044700
2022-01-11 00:00:00-05:00,50.320052553192625,50.92300675746808,49.48655862727324,50.266849517822266,33576600
2022-01-12 00:00:00-05:00,49.95650320746035,50.68359439087635,49.56635779129184,50.231380462646484,27608500
2022-01-13 00:00:00-05:00,50.12498240808569,50.32005683857622,48.96341145466131,49.247154235839844,28117900
2022-01-14 00:00:00-05:00,48.750595033279545,49.10527514537805,48.33384640893583,48.723995208740234,27072500
2022-01-18 00:00:00-05:00,48.324983016807224,48.36931718711556,47.37621756579128,47.97917175292969,35598000
2022-01-19 00:00:00-05:00,47.57129208721093,48.31611765059483,47.39395202307564,47.4737548828125,27300400
2022-01-20 00:00:00-05:00,47.84616911987817,48.34272065561672,47.05700933418127,47.92597198486328,35105300
2022-01-21 00:00:00-05:00,48.25404068652489,48.65305494331402,46.516115681932256,46.8087272644043,41059000
2022-01-24 00:00:00-05:00,45.88656105269656,46.16143828828956,44.17523589646136,45.700355529785156,59036400
2022-01-25 00:00:00-05:00,45.54075261012915,46.85306359562599,45.43434993089432,46.58705520629883,43983200
2022-01-26 00:00:00-05:00,46.613657817664645,47.54468892721909,46.51612061316725,47.00380325317383,39644800
2022-01-27 00:00:00-05:00,47.370117205052544,48.76388271344227,47.35224802322984,47.68281936645508,36957200
2022-01-28 00:00:00-05:00,48.04019288232578,48.84428555985476,47.441587261129754,48.54051971435547,28590400
2022-01-31 00:00:00-05:00,48.245688953964226,48.3707698244591,46.807252126876925,47.07528305053711,38644600
2022-02-01 00:00:00-05:00,47.11995432013256,47.495196904611326,46.80724875820239,47.41478729248047,27883300
2022-02-02 00:00:00-05:00,47.20929765126445,48.361834309395995,46.86085712861954,48.12060546875,32039300
2022-02-03 00:00:00-05:00,47.64708213912336,48.147405573511236,47.432655375673,47.69175338745117,22635800
2022-02-04 00:00:00-05:00,47.37012214389084,47.73643188895317,47.02168158251427,47.35225296020508,24932200
2022-02-07 00:00:00-05:00,47.62027319083103,47.870438297979305,46.67323052583319,47.53986358642578,32358500
2022-02-08 00:00:00-05:00,45.24373440775535,46.280123144759926,44.39496697640377,46.19078063964844,67922000
2022-02-09 00:00:00-05:00,46.13716198702479,46.20863870046892,45.47601942865305,45.98527908325195,38522200
2022-02-10 00:00:00-05:00,45.60111157340881,45.895944568961134,45.02037506140235,45.2079963684082,34200600
2022-02-11 00:00:00-05:00,44.9667603421288,45.77978922274183,44.74340072209009,45.368804931640625,34997800
2022-02-14 00:00:00-05:00,44.51110953693028,45.11864804062821,43.31390171001936,44.49324035644531,42973100
2022-02-15 00:00:00-05:00,44.493239221364966,44.70766597351651,43.96611033919825,44.48430633544922,29150000
2022-02-16 00:00:00-05:00,44.305618682421475,45.36880935040582,44.162668648001755,44.38602828979492,27672600
2022-02-17 00:00:00-05:00,44.502176921136346,44.63619066329115,43.55513079886623,43.68914794921875,21231700
2022-02-18 00:00:00-05:00,43.581929727918265,44.243075729487444,43.0637371608051,43.35857009887695,26955300
2022-02-22 00:00:00-05:00,42.474069961183034,43.16201806137996,42.304314453533294,42.46513366699219,34814800
2022-02-23 00:00:00-05:00,42.5187383895709,43.02799806237315,41.79505197696892,41.87546157836914,25793000
2022-02-24 00:00:00-05:00,40.97309646436572,41.777189193261805,40.56211550905008,41.06243896484375,44227300
2022-02-25 00:00:00-05:00,40.928416579204544,42.91184761858314,40.865876160424875,42.634883880615234,31199200
2022-02-28 00:00:00-05:00,41.83079187030287,42.14349399378241,41.40194178316055,41.93800354003906,35296100
2022-03-01 00:00:00-05:00,41.71464407791115,42.11669210131952,40.59784590633099,40.874813079833984,29854500
2022-03-02 00:00:00-05:00,41.19645590547706,42.822513944586596,41.0981771105532,42.61702346801758,36516200
2022-03-03 00:00:00-05:00,42.599148600649244,43.412177511688675,42.420460216291666,42.7331657409668,30553300
2022-03-04 00:00:00-05:00,42.43833030431482,43.57299764985599,42.3579207000419,43.46578598022461,33217300
2022-03-07 00:00:00-05:00,43.108412516659484,43.63554142780251,42.456202746634695,42.867183685302734,33171300
2022-03-08 00:00:00-05:00,42.50980792344708,43.260293034963475,41.51809058580384,42.38472366333008,32913300
2022-03-09 00:00:00-05:00,43.00119904937247,43.97504722068134,42.88505108173077,43.55513000488281,24718900
2022-03-10 00:00:00-05:00,43.162020210497225,44.03758963392655,42.92972426473564,43.95718002319336,24542300
2022-03-11 00:00:00-05:00,43.90357185376412,45.47602568385208,43.72488345377261,44.91315841674805,33701900
2022-03-14 00:00:00-04:00,45.31520337690087,47.27183253257886,45.02036702577537,46.68216323852539,42314500
2022-03-15 00:00:00-04:00,47.012744523048724,47.2807754575855,45.726193992353274,46.64643478393555,30172100
2022-03-16 00:00:00-04:00,46.9412689193987,47.59347874478959,46.619630450285804,47.2807731628418,29891400
2022-03-17 00:00:00-04:00,47.28076393664854,48.469038781418064,47.164619385175854,48.460105895996094,30598600
2022-03-18 00:00:00-04:00,48.585191344505105,49.13912231448209,47.98658571859314,48.70133590698242,51815000
2022-03-21 00:00:00-04:00,48.460114265130365,49.40715706049601,48.15634498536075,48.41543960571289,34592500
2022-03-22 00:00:00-04:00,48.42437389251134,48.53158557263116,46.90552755665624,47.38798522949219,32253600
2022-03-23 00:00:00-04:00,47.37011478339054,47.79896490061796,46.60175704528392,46.62855911254883,29183700
2022-03-24 00:00:00-04:00,46.94126015260555,47.2182239095727,46.71790052501401,46.985931396484375,25177500
2022-03-25 00:00:00-04:00,47.11995047315124,47.575602632560376,46.91445660810659,47.15568542480469,17429600
2022-03-28 00:00:00-04:00,46.932326625816444,47.85257066332103,46.90552455954852,47.6024055480957,21863700
2022-03-29 00:00:00-04:00,48.24568428932822,48.31716101309919,47.012738069861115,47.11995315551758,39970000
2022-03-30 00:00:00-04:00,47.53093635692359,47.99552485897403,46.43200723807653,46.85192108154297,27599600
2022-03-31 00:00:00-04:00,46.45880926476998,47.24503622200766,46.226516718053226,46.253318786621094,26055200
2022-04-01 00:00:00-04:00,46.566017455964875,46.60175581684119,45.654709702804915,46.07462692260742,19073100
2022-04-04 00:00:00-04:00,46.26224926630254,46.34265887602024,45.002500986190405,45.51176071166992,20462800
2022-04-05 00:00:00-04:00,45.39561771930743,46.59282561197775,45.34201017490803,45.7797966003418,21176700
2022-04-06 00:00:00-04:00,45.70831631803394,47.432653001106445,45.70831631803394,47.2360954284668,31717500
2022-04-07 00:00:00-04:00,46.905531020591276,49.505437460833264,46.905531020591276,49.28207778930664,36305700
2022-04-08 00:00:00-04:00,49.00510031911529,49.657313422761966,48.65665984972982,49.29100036621094,24612200
2022-04-11 00:00:00-04:00,49.55010749595044,50.31846529243359,48.04913026751778,48.18314743041992,22054300
2022-04-12 00:00:00-04:00,47.62027547916758,48.183142737052215,47.03954244895441,47.450523376464844,22810700
2022-04-13 00:00:00-04:00,47.468394831641454,48.084866252447966,47.08421595241197,47.44158935546875,15777800
2022-04-14 00:00:00-04:00,47.709622522612456,48.16527470823502,47.38798408184463,47.45945739746094,17240100
2022-04-18 00:00:00-04:00,47.20036264287077,47.45052435902284,46.128235646479695,46.31585693359375,17065000
2022-04-19 00:00:00-04:00,46.155044962698355,46.35160257523017,44.10906943941194,44.83275604248047,33441500
2022-04-20 00:00:00-04:00,44.671929900969694,44.814879940324886,43.96611259056691,44.448570251464844,24751800
2022-04-21 00:00:00-04:00,44.60939327439922,44.68086659607052,43.7070183048878,43.876773834228516,19105600
2022-04-22 00:00:00-04:00,43.733817143900595,43.8678308797653,42.79570736005749,43.001197814941406,22156800
2022-04-25 00:00:00-04:00,42.75103359641414,43.948241399324885,42.09882385867735,43.73381805419922,27390600
2022-04-26 00:00:00-04:00,43.769555271045625,44.89528632404154,43.707011438137066,43.80529022216797,25366500
2022-04-27 00:00:00-04:00,43.87677274017291,44.591522980054165,43.07267659018276,44.439640045166016,25819200
2022-04-28 00:00:00-04:00,45.06503831079004,45.35987466217795,44.21627443225579,45.12757873535156,28225400
2022-04-29 00:00:00-04:00,44.55578416824521,44.97570142104209,43.77849350319814,43.841033935546875,28343300
2022-05-02 00:00:00-04:00,42.59915433789284,43.56406629026197,42.40259674780742,43.18882369995117,36228400
2022-05-03 00:00:00-04:00,43.66234403735314,44.707668986211644,42.61702249669246,44.03759002685547,33716900
2022-05-04 00:00:00-04:00,43.68021212444565,44.55578153375528,42.804642715136026,44.368160247802734,28613700
2022-05-05 00:00:00-04:00,44.18947325063424,44.269882862622765,42.48300562572015,43.28710174560547,28333000
2022-05-06 00:00:00-04:00,42.96546448003276,43.975051100961295,42.920793229520434,43.814231872558594,19891400
2022-05-09 00:00:00-04:00,43.22455942817802,43.93037331571475,42.67956134940073,43.456851959228516,25012300
2022-05-10 00:00:00-04:00,43.81423380215601,44.5825916143193,43.5015282184022,44.21628189086914,27335900
2022-05-11 00:00:00-04:00,43.84103435036915,44.88635934474213,43.80529598634659,44.1805419921875,29699500
2022-05-12 00:00:00-04:00,44.13550184882988,45.423538198073004,43.88330008063953,45.387508392333984,33468400
2022-05-13 00:00:00-04:00,45.378504459036414,45.7478013925327,44.74799657755722,44.964168548583984,22423700
2022-05-16 00:00:00-04:00,44.91913054869317,45.98198575003547,44.91913054869317,45.63970947265625,19435600
2022-05-17 00:00:00-04:00,45.89191637109497,46.40532908816504,45.19835805737069,46.24319839477539,19918200
2022-05-18 00:00:00-04:00,46.13511256360561,46.315254724863536,45.18034330337782,45.39651870727539,22276000
2022-05-19 00:00:00-04:00,45.036231714872436,45.83787608963848,44.66693475225016,45.6217041015625,19865500
2022-05-20 00:00:00-04:00,46.180150457801645,47.4681869051998,46.05404956409693,47.26102066040039,31250400
2022-05-23 00:00:00-04:00,47.36010099587926,48.368911583215734,47.27002647451514,47.63031768798828,24035800
2022-05-24 00:00:00-04:00,47.47719244595318,48.287845953598406,47.47719244595318,48.10770034790039,26729800
2022-05-25 00:00:00-04:00,47.918553980103944,48.68416858877049,47.783443902813616,48.37792205810547,24003900
2022-05-26 00:00:00-04:00,48.69316976651799,49.4677899830492,48.53103907478109,48.63011932373047,23516300
2022-05-27 00:00:00-04:00,48.567061610519275,49.00841811117771,48.206773885320246,48.55805587768555,21407500
2022-05-31 00:00:00-04:00,48.026634921973866,48.188765623249175,46.7836340241937,47.77443313598633,66058200
2022-06-01 00:00:00-04:00,47.96358278821962,47.99060342548443,46.69356129690079,47.17094421386719,17430600
2022-06-02 00:00:00-04:00,47.17094656005633,47.504217137525615,45.97298462318144,47.450172424316406,21903400
2022-06-03 00:00:00-04:00,47.25200711796322,48.215782071802614,47.25200711796322,47.91854476928711,18125000
2022-06-06 00:00:00-04:00,47.9095371424012,48.38692348603951,47.738400716412485,47.97258758544922,16544400
2022-06-07 00:00:00-04:00,47.99059927134831,48.61210136257295,47.74740324904187,48.603092193603516,15091200
2022-06-08 00:00:00-04:00,48.693170790151534,49.14353306866794,48.10769845368359,48.1617431640625,12789800
2022-06-09 00:00:00-04:00,47.981595980580686,48.32387226302507,46.56745874762874,46.6395149230957,17572700
2022-06-10 00:00:00-04:00,46.2161719283567,46.2702131953424,44.991186148812446,45.00920104980469,23826000
2022-06-13 00:00:00-04:00,43.973368545516145,44.387700978915575,42.97356382962403,43.153709411621094,26989000
2022-06-14 00:00:00-04:00,43.00959439783983,43.65811713016215,42.53221151765325,43.162715911865234,23290300
2022-06-15 00:00:00-04:00,43.12669499086916,44.11749068062601,42.49618708102768,43.694149017333984,25748000
2022-06-16 00:00:00-04:00,42.95555453784636,43.23478039820844,42.38810051903385,42.76640319824219,20424500
2022-06-17 00:00:00-04:00,42.676331142867895,43.261800052516385,41.685532053014846,41.91071319580078,45047700
2022-06-21 00:00:00-04:00,42.622285273484,43.63109580367534,42.28901815329419,43.333858489990234,19622100
2022-06-22 00:00:00-04:00,43.26180060214708,44.65792645395056,43.02761372251071,44.19855499267578,20382900
2022-06-23 00:00:00-04:00,44.3426706236192,45.18935049114693,44.11748947880944,45.11729431152344,20061700
2022-06-24 00:00:00-04:00,45.62170387400315,46.51341933335438,45.30644819197645,46.4683837890625,24343200
2022-06-27 00:00:00-04:00,46.36930016942234,47.04484359281601,46.17113966570957,46.729591369628906,16154300
2022-06-28 00:00:00-04:00,46.68455242273844,46.81065330281361,45.40552184770893,45.63070297241211,16417900
2022-06-29 00:00:00-04:00,45.69375653439545,46.33327014760821,45.63070609005005,45.88290786743164,13925700
2022-06-30 00:00:00-04:00,46.558456892684404,47.639327182428154,46.0180234658085,47.22499465942383,33495700
2022-07-01 00:00:00-04:00,46.87370915731198,47.170946489539084,46.162135896417006,47.116905212402344,16143300
2022-07-05 00:00:00-04:00,46.61250036566134,46.73860126616724,45.396523469649516,46.51342010498047,18406800
2022-07-06 00:00:00-04:00,46.5134169040976,47.702373078464795,46.459375628166484,47.513221740722656,21305500
2022-07-07 00:00:00-04:00,47.69336483826887,48.22479245161281,47.54924905003957,48.116703033447266,17847600
2022-07-08 00:00:00-04:00,47.78343547268927,48.56706484914329,47.522224535207464,47.89152145385742,11322700
2022-07-11 00:00:00-04:00,47.738396800068315,48.40493441816953,47.51321568308686,47.63931655883789,12921400
2022-07-12 00:00:00-04:00,47.45917571866546,47.54024106631591,46.57646606424484,46.87370681762695,14633500
2022-07-13 00:00:00-04:00,46.71157950146899,47.11690626904277,46.39632382180416,46.648529052734375,12927300
2022-07-14 00:00:00-04:00,45.7117677733421,46.46837648082328,45.60368179684229,46.288230895996094,14023800
2022-07-15 00:00:00-04:00,45.97298557941233,46.75661503929102,45.423543009661245,46.61249923706055,19885700
2022-07-18 00:00:00-04:00,46.80164884739576,46.810658017446386,45.50460667542803,45.71177291870117,15742900
2022-07-19 00:00:00-04:00,45.972984379111644,46.39632260436542,45.58567252648107,46.27022171020508,13402100
2022-07-20 00:00:00-04:00,46.28823496358686,46.35128540841826,45.49559638228868,45.77482223510742,12774400
2022-07-21 00:00:00-04:00,45.549642292755244,46.063055034754534,45.19836025201801,46.045040130615234,15103800
2022-07-22 00:00:00-04:00,46.17113990025103,46.414335946227126,45.89191748286449,46.14411926269531,10932100
2022-07-25 00:00:00-04:00,46.24320417363546,46.72959631458722,46.24320417363546,46.630516052246094,12995800
2022-07-26 00:00:00-04:00,46.69356241485335,47.60329272979536,46.57646725724979,47.10789489746094,16632500
2022-07-27 00:00:00-04:00,46.78362770248906,47.06285352495278,46.108084350456245,46.79263687133789,19203500
2022-07-28 00:00:00-04:00,46.1572420833228,47.50066145952751,44.56874304557113,46.039241790771484,38984900
2022-07-29 00:00:00-04:00,45.89400219044901,46.03015715679695,44.73212639422761,45.84861373901367,25037900
2022-08-01 00:00:00-04:00,45.67615048621364,46.5657094456548,45.521840828140945,45.939388275146484,19709900
2022-08-02 00:00:00-04:00,46.20263397151292,46.72003056236464,45.0498370258414,45.10429763793945,17802000
2022-08-03 00:00:00-04:00,45.19507008393454,45.44922883511046,44.78659818907803,45.258609771728516,16500100
2022-08-04 00:00:00-04:00,45.29491915408316,45.43107414393314,44.66859442775209,45.258609771728516,17026300
2022-08-05 00:00:00-04:00,45.058913753877334,45.358460978433015,44.53244153554933,44.723060607910156,16376600
2022-08-08 00:00:00-04:00,44.83197640957502,45.213217941369514,44.4235045764569,44.995365142822266,16071800
2022-08-09 00:00:00-04:00,45.15875145062718,45.4855288995707,44.94997773883606,45.18598175048828,12095600
2022-08-10 00:00:00-04:00,45.32214301038062,45.43106767929176,44.822901193330715,45.34029769897461,17355100
2022-08-11 00:00:00-04:00,43.76996021993005,44.595979633307195,43.39779770319206,43.833499908447266,44048800
2022-08-12 00:00:00-04:00,44.06950372645845,45.739697235323796,44.06950372645845,45.485538482666016,25835500
2022-08-15 00:00:00-04:00,45.35845437674226,45.44922436104009,44.831978772386634,45.158756256103516,15797800
2022-08-16 00:00:00-04:00,44.82290757143267,45.54907790525908,44.80475288025535,45.258609771728516,12874800
2022-08-17 00:00:00-04:00,45.0679928312203,45.25861190358113,44.70490591587768,44.723060607910156,13607200
2022-08-18 00:00:00-04:00,44.831975093947975,44.94997883397536,43.915185862211395,44.09672927856445,18916300
2022-08-19 00:00:00-04:00,44.33273562950149,44.88644152032994,44.232886572118936,44.61412811279297,15350200
2022-08-22 00:00:00-04:00,44.66859225950918,44.84106008599539,44.24196915683721,44.387203216552734,13601200
2022-08-23 00:00:00-04:00,43.95149674645639,44.042270196226106,43.3524058285885,43.5793342590332,16248900
2022-08-24 00:00:00-04:00,43.47948679905193,43.57933239554956,43.00747526839213,43.052860260009766,15551500
2022-08-25 00:00:00-04:00,43.13455619124857,43.52487336606309,42.907627762293764,43.479488372802734,14460000
2022-08-26 00:00:00-04:00,43.2253272500429,43.533950059583454,42.39023227284679,42.4991569519043,16546700
2022-08-29 00:00:00-04:00,42.09976624064759,42.38115529738352,41.8637587178945,41.96360778808594,13400500
2022-08-30 00:00:00-04:00,42.06345265014115,42.072528263499116,41.57328642514064,41.61867141723633,16303000
2022-08-31 00:00:00-04:00,41.763904688519276,42.01806687227742,40.965119147144755,41.05588912963867,26416800
2022-09-01 00:00:00-04:00,40.97419574130983,42.34484536329213,40.97419574130983,42.326690673828125,19947600
2022-09-02 00:00:00-04:00,42.42654033193438,42.48100093844027,41.32820411114129,41.48251724243164,14667700
2022-09-06 00:00:00-04:00,41.7185154550787,42.15421755951983,41.32819833726951,41.53697204589844,17153500
2022-09-07 00:00:00-04:00,41.48251609045278,41.94544854616209,41.192047988311074,41.872833251953125,15378900
2022-09-08 00:00:00-04:00,41.77298310029374,42.7714667424654,41.636824666064506,42.73516082763672,18271000
2022-09-09 00:00:00-04:00,42.84408593028214,43.56118056084899,42.75331248566129,43.42502212524414,17501700
2022-09-12 00:00:00-04:00,43.64287712282636,43.88795677898627,43.288865864994534,43.3524055480957,13744800
2022-09-13 00:00:00-04:00,42.780548801875554,42.95301316296194,41.772986013735014,41.92729568481445,16603200
2022-09-14 00:00:00-04:00,41.936376206192215,42.126995263853914,41.55513462821563,41.8909912109375,17162500
2022-09-15 00:00:00-04:00,41.85468776420121,42.01807654040743,41.48252521009898,41.700374603271484,15802000
2022-09-16 00:00:00-04:00,41.83652278204581,42.31760991441947,41.428050941986655,41.78205871582031,30629500
2022-09-19 00:00:00-04:00,41.464362364998266,41.645905798719696,40.64741864457833,41.24650955200195,16256200
2022-09-20 00:00:00-04:00,40.84711755189313,41.09220067272285,40.338796620247805,40.638343811035156,15369000
2022-09-21 00:00:00-04:00,40.67465122548388,40.82896088892751,39.84863191563415,39.866783142089844,17505200
2022-09-22 00:00:00-04:00,39.63985485412628,40.84711571396806,39.50369987933812,40.4567985534668,18508100
2022-09-23 00:00:00-04:00,40.33879412263808,40.447722255808955,39.55816327749721,40.012020111083984,18871700
2022-09-26 00:00:00-04:00,39.76694052437544,40.23895208859199,39.63985769109729,39.78509521484375,18680200
2022-09-27 00:00:00-04:00,40.139099020832404,40.465876491378836,39.7033968809881,40.021095275878906,21562700
2022-09-28 00:00:00-04:00,40.54756889007805,40.674651715368725,40.13910049950041,40.32971954345703,16532600
2022-09-29 00:00:00-04:00,40.31156127600369,40.502180303040625,39.89401384649822,40.084632873535156,13559900
2022-09-30 00:00:00-04:00,40.093712466280856,40.493108710372326,39.69431968484236,39.72154998779297,22962300
2022-10-03 00:00:00-04:00,40.002942861354974,40.193561909126,39.476470710941726,40.06648254394531,22834300
2022-10-04 00:00:00-04:00,40.16632981327545,40.70188101595858,40.02109576488611,40.35694885253906,28198800
2022-10-05 00:00:00-04:00,40.04833221435547,40.27526066621346,39.648939385640624,40.04833221435547,15673400
2022-10-06 00:00:00-04:00,39.721546901796785,39.7397015899044,39.06799544318622,39.113380432128906,22068200
2022-10-07 00:00:00-04:00,39.07707456319023,39.07707456319023,38.051357100291646,38.41444396972656,20095000
2022-10-10 00:00:00-04:00,38.44167581352009,38.68675894081219,37.89704895019531,37.89704895019531,17888000
2022-10-11 00:00:00-04:00,37.81534943592581,38.64136869522895,37.62473040592955,38.051353454589844,20981200
2022-10-12 00:00:00-04:00,38.20566722043597,39.15876584926504,38.05135410116023,38.15120315551758,18803600
2022-10-13 00:00:00-04:00,37.906122720005634,39.1769232894778,37.8516621139145,39.01353454589844,23135200
2022-10-14 00:00:00-04:00,38.93183998308774,39.376621219016556,38.450752830827305,38.90460968017578,16980500
2022-10-17 00:00:00-04:00,39.204153170986565,39.76693815399888,39.204153170986565,39.6217041015625,16678400
2022-10-18 00:00:00-04:00,39.98478589856201,40.26617837878873,39.59446874903742,40.021095275878906,18442800
2022-10-19 00:00:00-04:00,39.857704777365264,40.00293881755511,38.79568150772436,39.131534576416016,23054700
2022-10-20 00:00:00-04:00,39.27677060618831,39.4038499649601,38.868298765384075,38.94999313354492,17715000
2022-10-21 00:00:00-04:00,39.3130812101614,40.99235015372345,39.022613106006375,40.80173110961914,36575700
2022-10-24 00:00:00-04:00,40.91973660344324,41.636827818403695,40.83804222925115,41.337284088134766,24972000
2022-10-25 00:00:00-04:00,41.09220322370121,41.59144511001969,40.74727101786252,41.38267135620117,23127000
2022-10-26 00:00:00-04:00,41.682212823456304,42.34484689355349,41.409899396961244,41.809295654296875,21407900
2022-10-27 00:00:00-04:00,41.58236903256383,41.854682470917325,41.46436527297113,41.518829345703125,20377700
2022-10-28 00:00:00-04:00,41.736674727180926,43.134554629982674,41.69128973556329,43.052860260009766,27854000
2022-10-31 00:00:00-04:00,42.73516473567225,43.01655378025427,42.24499848280578,42.25407409667969,29961700
2022-11-01 00:00:00-04:00,43.57025864538276,43.95149674645639,43.0256317973767,43.5793342590332,30614500
2022-11-02 00:00:00-04:00,43.36148597631778,43.72456939640895,42.617160983079756,42.7260856628418,25813100
2022-11-03 00:00:00-04:00,42.44228012750978,42.845096018895525,42.25918072512331,42.6345329284668,20124600
2022-11-04 00:00:00-04:00,43.45848001634084,43.522564285572784,42.67115500311324,43.22960662841797,24528500
2022-11-07 00:00:00-05:00,43.174672337885816,43.623265679303714,42.799320151120014,43.11058807373047,20304400
2022-11-08 00:00:00-05:00,43.06481679250481,43.71481636522098,42.79932282877656,43.34861755371094,18054500
2022-11-09 00:00:00-05:00,43.17468180666453,43.48594979754017,42.75355555204785,42.77186584472656,15348100
2022-11-10 00:00:00-05:00,43.51340913155835,43.714818838517296,42.89087321216786,43.3760871887207,20480600
2022-11-11 00:00:00-05:00,43.09228506654967,43.66904703373612,42.39651144143938,43.57749557495117,20909800
2022-11-14 00:00:00-05:00,43.93453627953746,45.60988763250923,43.87960541020059,45.07890319824219,26143000
2022-11-15 00:00:00-05:00,45.17045323965118,45.34439576208358,44.10848082977102,44.46552276611328,25440500
2022-11-16 00:00:00-05:00,44.67608395971038,44.914114235315694,43.989463806152344,43.989463806152344,15822200
2022-11-17 00:00:00-05:00,43.76058988894829,44.40143605626777,43.513406217596604,44.24580383300781,13231100
2022-11-18 00:00:00-05:00,44.52959944692192,44.703545432035526,43.82466909354161,44.15424728393555,20666500
2022-11-21 00:00:00-05:00,44.035237387438215,44.20002650219237,43.68735236058447,44.10847854614258,14736000
2022-11-22 00:00:00-05:00,44.25495966877245,45.08805868446734,44.16341170796983,44.93242645263672,16358600
2022-11-23 00:00:00-05:00,44.82256765186227,45.06059795330717,44.41975170861924,44.72186279296875,10710800
2022-11-25 00:00:00-05:00,44.79509650495233,45.06059045378842,44.71270195160081,45.05143356323242,6760200
2022-11-28 00:00:00-05:00,45.02397006101214,45.53664767200693,44.91411182020273,45.381011962890625,20704000
2022-11-29 00:00:00-05:00,45.316926988207584,45.47255920255554,44.950728201471705,45.30777359008789,17160900
2022-11-30 00:00:00-05:00,45.445098646563196,45.89369201660156,44.895803920949106,45.89369201660156,35572700
2022-12-01 00:00:00-05:00,46.05848577620049,46.83665396466098,46.03101859251916,46.7634162902832,23592600
2022-12-02 00:00:00-05:00,46.287359083711436,46.99228959627185,46.21411791716078,46.60778045654297,16881600
2022-12-05 00:00:00-05:00,46.60777847476629,46.71763672759003,46.09510080770401,46.442989349365234,17959800
2022-12-06 00:00:00-05:00,46.38805491610909,46.55284402886118,45.02397152895421,45.50918197631836,21787100
2022-12-07 00:00:00-05:00,45.545802846064745,46.82749517735863,45.545802846064745,45.9943962097168,15929900
2022-12-08 00:00:00-05:00,45.939466629895406,47.486649472543945,45.79298780155194,47.40425491333008,26116800
2022-12-09 00:00:00-05:00,47.37679077610353,48.37467887610503,47.26693252896807,47.349327087402344,19933500
2022-12-12 00:00:00-05:00,47.715527091144764,48.14581021545257,47.37679542537641,47.75214767456055,18532200
2022-12-13 00:00:00-05:00,48.61270691450742,49.47327310087509,48.41130070495118,48.585243225097656,29461800
2022-12-14 00:00:00-05:00,48.649325716530186,50.288059976458314,48.4296092246239,49.8760871887207,36260300
2022-12-15 00:00:00-05:00,49.50073895215234,49.83031720878647,48.88735991300734,49.079612731933594,21627100
2022-12-16 00:00:00-05:00,48.53031539494477,48.649330543729434,47.056373596191406,47.056373596191406,65689500
2022-12-19 00:00:00-05:00,47.166231340765826,47.43172532658227,46.415526857811805,47.019752502441406,16081900
2022-12-20 00:00:00-05:00,46.88242274710604,47.157070107135894,46.543691119480236,46.98312759399414,12433800
2022-12-21 00:00:00-05:00,47.24861765790603,47.75213835848129,46.87326548195025,47.29439163208008,12925000
2022-12-22 00:00:00-05:00,47.06552180899954,47.33101576844115,46.64439562719393,47.276084899902344,14822300
2022-12-23 00:00:00-05:00,47.20284760862807,47.55988952613603,46.90988995875842,47.45003128051758,10666500
2022-12-27 00:00:00-05:00,47.477491014755635,47.5415752770568,46.735940060845934,46.809181213378906,12033800
2022-12-28 00:00:00-05:00,46.73594200673251,47.04720993329679,46.46129465795944,46.5070686340332,10053900
2022-12-29 00:00:00-05:00,46.70848241784128,47.30355114367358,46.68101872825341,46.992286682128906,8971300
2022-12-30 00:00:00-05:00,46.95566319845183,47.056368043823134,46.46129586244577,46.909889221191406,11396200
2023-01-03 00:00:00-05:00,46.699326371145354,46.992287532148715,46.52538384672447,46.928199768066406,15603800
2023-01-04 00:00:00-05:00,46.0401708429207,46.3514387853902,45.33524039990651,45.89369201660156,21808400
2023-01-05 00:00:00-05:00,45.527489872684775,45.76552013073968,44.78593890427893,45.46340560913086,20057400
2023-01-06 00:00:00-05:00,45.75636919812904,47.239467835720134,45.37186356674023,46.6169319152832,29635900
2023-01-09 00:00:00-05:00,45.8204507893683,46.01270359381523,44.22749399204987,44.30073165893555,30839100
2023-01-10 00:00:00-05:00,44.26410443985127,44.373966162196915,43.37607821770342,43.595794677734375,29212000
2023-01-11 00:00:00-05:00,43.6690398441733,43.70566042165816,42.90002517864372,43.44016647338867,23022200
2023-01-12 00:00:00-05:00,43.27538005302546,43.68735284447394,42.643690767691574,43.67819595336914,23345300
2023-01-13 00:00:00-05:00,43.48594461394226,44.09017023099012,43.476791214859624,43.806365966796875,18737500
2023-01-17 00:00:00-05:00,42.60706978980311,42.79016919455048,41.84720848241726,42.185943603515625,29391400
2023-01-18 00:00:00-05:00,41.70072528080912,41.97537261294201,41.16974090432955,41.19720458984375,33835000
2023-01-19 00:00:00-05:00,40.940870824419896,41.444391555711846,40.86762966740913,41.160587310791016,26614900
2023-01-20 00:00:00-05:00,41.45354481729435,41.59087024007079,40.950024087665014,41.29791259765625,25197600
2023-01-23 00:00:00-05:00,41.233836365339556,41.49017347931244,41.03242663731444,41.17890548706055,19398600
2023-01-24 00:00:00-05:00,41.12396973162447,41.15143691367209,40.41904275180089,40.93171691894531,18853100
2023-01-25 00:00:00-05:00,41.22467092597919,41.29791208183331,40.82185504577313,41.26129150390625,20828000
2023-01-26 00:00:00-05:00,40.8362978640194,40.92868626683998,40.291197828838,40.88249206542969,38465500
2023-01-27 00:00:00-05:00,40.85478079267311,40.96564759326496,40.448263316516254,40.45750427246094,23798600
2023-01-30 00:00:00-05:00,40.45750065555712,40.780863596871356,40.097180942552185,40.23576354980469,24402200
2023-01-31 00:00:00-05:00,39.72762508574647,40.910213727935286,39.45045631328248,40.799346923828125,49722500
2023-02-01 00:00:00-05:00,40.56836702809393,40.81781994784737,40.106417959896824,40.623802185058594,24482300
2023-02-02 00:00:00-05:00,40.309685491407485,41.076519279598934,40.18957772058504,40.96565246582031,35279200
2023-02-03 00:00:00-05:00,40.98412370433524,41.011839521845744,40.54065300220799,40.70695495605469,23742000
2023-02-06 00:00:00-05:00,40.82706321956772,40.92869259301377,40.40207086187714,40.429786682128906,18071200
2023-02-07 00:00:00-05:00,40.485212652804066,40.55912618921254,39.95859104126358,40.2727165222168,22999500
2023-02-08 00:00:00-05:00,40.23576866136746,40.7439120012981,40.21729027317462,40.6330451965332,19362300
2023-02-09 00:00:00-05:00,40.762391396943144,40.95641271556722,39.949363442716816,40.041751861572266,20809200
2023-02-10 00:00:00-05:00,40.18957093263347,40.63304163723896,39.9678338181348,40.540653228759766,18619600
2023-02-13 00:00:00-05:00,40.35587467530916,40.66075925631139,40.198810144665806,40.64228439331055,17878000
2023-02-14 00:00:00-05:00,40.734671237647014,40.83630060219916,40.26348471264113,40.39282989501953,17506900
2023-02-15 00:00:00-05:00,40.11565806335872,40.29120097658039,39.8292518776045,40.02326965332031,18994700
2023-02-16 00:00:00-05:00,39.86620734034522,39.8939231575669,39.51512504983941,39.681427001953125,17832000
2023-02-17 00:00:00-05:00,39.62599514714502,40.069465881627686,39.339588946928856,39.9216423034668,18293400
2023-02-21 00:00:00-05:00,39.552087904574776,39.66295471490201,39.376544970131604,39.45045852661133,17356600
2023-02-22 00:00:00-05:00,39.468929738871225,39.62599073124282,39.09013164177253,39.15480422973633,17394200
2023-02-23 00:00:00-05:00,39.07165703863645,39.49664937908361,39.006984444411536,39.080894470214844,21104300
2023-02-24 00:00:00-05:00,38.831444301648055,38.84992269051824,38.35101676420002,38.57275390625,16806100
2023-02-27 00:00:00-05:00,38.28634361877595,38.55427496698028,37.63037668301413,37.676570892333984,26370300
2023-02-28 00:00:00-05:00,37.41787897941004,37.61189676530102,37.0390808393596,37.48255157470703,31086900
2023-03-01 00:00:00-05:00,37.473320539572285,37.65809740088055,37.085281377160946,37.12223815917969,21104400
2023-03-02 00:00:00-05:00,37.01136677172728,37.67657114404021,36.78039219919267,37.52874755859375,19110600
2023-03-03 00:00:00-05:00,37.796668833049736,38.046121727817,37.63960785730257,38.01840591430664,20922000
2023-03-06 00:00:00-05:00,37.96297836908548,38.12003937630109,37.71352542433829,37.9814567565918,19434800
2023-03-07 00:00:00-05:00,37.93526170130196,37.99993429393113,37.04831674280255,37.27005386352539,23205800
2023-03-08 00:00:00-05:00,37.25157569675099,37.482550250190364,36.8727775700861,37.066795349121094,16756100
2023-03-09 00:00:00-05:00,37.33473155799924,37.48255515055079,36.31844479975641,36.457027435302734,18585100
2023-03-10 00:00:00-05:00,36.29996083365942,36.8912551130297,36.24452567332149,36.39234924316406,26328100
2023-03-13 00:00:00-04:00,36.272242811918304,37.427115594733216,36.272242811918304,36.82658386230469,35299400
2023-03-14 00:00:00-04:00,37.00212326876251,37.094515206053515,36.512458336492315,36.86354064941406,24583600
2023-03-15 00:00:00-04:00,36.734191191872064,37.445593234814325,36.45702243440686,37.21461868286133,25498400
2023-03-16 00:00:00-04:00,37.01136146588665,37.40863795564517,36.697235951296,37.297767639160156,21095900
2023-03-17 00:00:00-04:00,37.53798154024427,37.68580509822372,36.94668730832647,37.04831314086914,57457800
2023-03-20 00:00:00-04:00,37.08527482853388,37.75048268983597,36.900494475461954,37.704288482666016,20825400
2023-03-21 00:00:00-04:00,37.750480875195514,37.79667508014495,37.2423375719679,37.56570053100586,19982000
2023-03-22 00:00:00-04:00,37.60266005716551,37.74124268215779,36.94669313544902,36.96516799926758,15444200
2023-03-23 00:00:00-04:00,37.11299720147864,37.417885366544176,36.95593616448807,37.12223815917969,16958100
2023-03-24 00:00:00-04:00,37.03907729023036,37.380918621814835,36.835818567692236,37.316246032714844,17218100
2023-03-27 00:00:00-04:00,37.45483446359828,37.528744488078225,36.928212763257726,37.15918731689453,20262800
2023-03-28 00:00:00-04:00,37.14070737680173,37.23309578463684,36.82658185601377,36.94668960571289,13537500
2023-03-29 00:00:00-04:00,37.10375011681256,37.205379478732105,36.9466891206764,37.1869010925293,14429500
2023-03-30 00:00:00-04:00,37.3439639004414,37.40864001748494,37.18690289668528,37.307010650634766,12634500
2023-03-31 00:00:00-04:00,37.46407471486681,37.722768630998026,37.21462175523614,37.69504928588867,23393600
2023-04-03 00:00:00-04:00,37.59341341401239,38.314056347649064,37.5564601675731,38.20318603515625,20817200
2023-04-04 00:00:00-04:00,38.28633978379551,38.36949076199928,37.6580887316764,37.787437438964844,19514500
2023-04-05 00:00:00-04:00,38.14775798652221,39.00698360489453,38.036887663615346,38.387969970703125,29697600
2023-04-06 00:00:00-04:00,38.73905433538434,38.89611534792326,38.2216700408478,38.34177780151367,25931800
2023-04-10 00:00:00-04:00,38.01841257141667,38.563512653713836,37.99069322866125,38.55427169799805,15137300
2023-04-11 00:00:00-04:00,38.61894430999062,38.79448722475997,38.52655589913767,38.60970687866211,15304100
2023-04-12 00:00:00-04:00,38.4618837534434,38.60970732716045,38.12927983148205,38.2216682434082,17035100
2023-04-13 00:00:00-04:00,38.36948802840978,38.526552542445636,38.15699188244852,38.314056396484375,22880900
2023-04-14 00:00:00-04:00,38.35101366536285,38.53579401474183,37.815154528995016,38.05536651611328,20627500
2023-04-17 00:00:00-04:00,37.9906959689158,38.13851955150333,37.84287238632828,38.0461311340332,17608600
2023-04-18 00:00:00-04:00,38.13851459462729,38.18471232175023,37.445590980484255,37.46406936645508,18541500
2023-04-19 00:00:00-04:00,37.35320510246199,37.47331285720336,37.14070893600695,37.17766571044922,17214300
2023-04-20 00:00:00-04:00,37.029840532468924,37.13146637119345,36.76190921596068,36.81734085083008,20131600
2023-04-21 00:00:00-04:00,37.03907751263876,37.23309528110374,36.87277556127112,37.14994430541992,19227100
2023-04-24 00:00:00-04:00,37.13147023420667,37.14071119057419,36.687999487155274,36.872779846191406,17633700
2023-04-25 00:00:00-04:00,36.7249534292701,36.882014431473316,36.29072014770979,36.336917877197266,24492400
2023-04-26 00:00:00-04:00,36.17985042520024,36.20756624113815,35.477689401103824,35.690185546875,22401400
2023-04-27 00:00:00-04:00,35.68094639329363,35.874967687828985,35.39454021576514,35.79181671142578,22434000
2023-04-28 00:00:00-04:00,35.754857661085325,35.94887541886967,35.680944120372274,35.930397033691406,21003600
2023-05-01 00:00:00-04:00,36.03203353431272,36.512461071030636,35.902688336810265,36.226051330566406,23917800
2023-05-02 00:00:00-04:00,36.299963369824155,37.066797090586284,35.69019066107166,36.087467193603516,38834100
2023-05-03 00:00:00-04:00,36.216811306502294,36.392350701351475,35.44073665263467,35.523887634277344,27721900
2023-05-04 00:00:00-04:00,35.26519395696247,35.50540947184955,35.12661133627415,35.32062911987305,23675100
2023-05-05 00:00:00-04:00,35.45921505218984,35.570081852953685,35.19128371965116,35.56084442138672,19221400
2023-05-08 00:00:00-04:00,35.597797147600126,35.78257749574562,35.43149518670838,35.727142333984375,20101700
2023-05-09 00:00:00-04:00,35.55160140991211,35.72714079467157,35.468450433048815,35.55160140991211,15987900
2023-05-10 00:00:00-04:00,35.727144874840015,35.77334260845589,35.18204827185203,35.38530349731445,15858200
2023-05-11 00:00:00-04:00,35.114469452750555,35.161167077876854,34.75025077694856,35.095794677734375,28566400
2023-05-12 00:00:00-04:00,35.123807696247425,35.226536763563495,34.768926435299655,34.8809928894043,16511600
2023-05-15 00:00:00-04:00,34.834297029544665,34.89033203496427,34.56346651380883,34.70355224609375,16650400
2023-05-16 00:00:00-04:00,34.57281369832152,34.77827185938908,34.3953748262815,34.563472747802734,25451700
2023-05-17 00:00:00-04:00,34.53545517502567,34.60082757504709,34.09652314985727,34.32065963745117,23206400
2023-05-18 00:00:00-04:00,34.28330369032836,34.348676091737765,33.77899925443123,34.06850814819336,27772400
2023-05-19 00:00:00-04:00,34.227273740134365,35.16116930125641,34.10586631968042,34.33934020996094,33061400
2023-05-22 00:00:00-04:00,34.423391600593085,36.30052014625136,34.32066251693234,36.188453674316406,85718600
2023-05-23 00:00:00-04:00,36.001668987442,37.48656289966861,35.488027200986046,37.019615173339844,75379500
2023-05-24 00:00:00-04:00,37.4492055514901,37.48656222392983,36.04836239775563,36.07638168334961,39326400
2023-05-25 00:00:00-04:00,35.96431120517838,35.96431120517838,35.1611641331861,35.32926559448242,30266600
2023-05-26 00:00:00-04:00,35.52538390034065,35.898939944162535,35.07711451023732,35.11446762084961,20234600
2023-05-30 00:00:00-04:00,34.89033832791284,34.89033832791284,34.479422005777714,34.563472747802734,24371100
2023-05-31 00:00:00-04:00,34.64751682949889,35.693482209749625,34.43272132173171,35.5067024230957,46166300
2023-06-01 00:00:00-04:00,35.60009053515861,35.68414126102647,35.207856189460664,35.5067024230957,20256100
2023-06-02 00:00:00-04:00,35.721504927880744,36.10440196238432,35.63745418554928,35.82423400878906,22721600
2023-06-05 00:00:00-04:00,35.9362981694184,36.44060259101408,35.92696078199415,36.095062255859375,18392200
2023-06-06 00:00:00-04:00,36.24448872269139,36.29118278916033,35.75886259385079,35.83357238769531,19508200
2023-06-07 00:00:00-04:00,35.81488661573115,36.477955047083775,35.6094320534012,36.319190979003906,25295100
2023-06-08 00:00:00-04:00,36.45928356505997,36.59936576172576,36.16977465857119,36.505977630615234,17347600
2023-06-09 00:00:00-04:00,36.68341478473136,36.972923677645696,36.30051776508527,36.3939094543457,19775100
2023-06-12 00:00:00-04:00,36.43126210588203,37.421192624326665,36.412587330795255,37.26243209838867,28334600
2023-06-13 00:00:00-04:00,37.04763274575737,37.70136030774733,36.84217815843892,37.6173095703125,26533800
2023-06-14 00:00:00-04:00,37.65466798559464,37.6733463239466,36.720772443169125,36.75812911987305,22056400
2023-06-15 00:00:00-04:00,36.80482036807522,37.197058318393694,36.6834129593423,37.122344970703125,19905900
2023-06-16 00:00:00-04:00,37.225070188227214,37.692017875359966,37.21572923946881,37.41184997558594,60325100
2023-06-20 00:00:00-04:00,37.08499273011516,37.234415880830305,36.730114973747256,36.73945236206055,26881200
2023-06-21 00:00:00-04:00,36.60870877363746,36.646065453196606,36.19779242354494,36.32854080200195,17982900
2023-06-22 00:00:00-04:00,36.365890306215064,36.412587932289284,35.87092682008084,36.16977310180664,18039800
2023-06-23 00:00:00-04:00,36.15109696508775,36.30052011504888,35.749521581593044,35.7681999206543,23492200
2023-06-26 00:00:00-04:00,34.57281198455762,34.60082770966763,33.76966128113687,34.4514045715332,56135500
2023-06-27 00:00:00-04:00,34.516778509679426,34.55413518650959,33.88172925368181,34.012474060058594,32414900
2023-06-28 00:00:00-04:00,34.08718469882813,34.124541372683005,33.64825268735465,33.89106750488281,30062000
2023-06-29 00:00:00-04:00,33.61089977243974,33.825695304567695,33.39610067778327,33.732303619384766,26284900
2023-06-30 00:00:00-04:00,33.81635138028309,34.320655748326494,33.750978987669484,34.25528335571289,30853900
2023-07-03 00:00:00-04:00,34.08719008058014,34.31132659656798,33.947104312771614,34.22727584838867,14115800
2023-07-05 00:00:00-04:00,34.161905250275,34.57281806174246,33.98446279331124,34.049835205078125,26829400
2023-07-06 00:00:00-04:00,33.80701647909976,33.872388876519075,33.265355400450055,33.274696350097656,30177300
2023-07-07 00:00:00-04:00,33.171967544446815,33.40544141210548,33.01320346192411,33.181304931640625,22883300
2023-07-10 00:00:00-04:00,33.21866298329088,33.6295757249034,33.19064725801895,33.32139205932617,17777500
2023-07-11 00:00:00-04:00,33.28403850596598,33.657598169765116,33.265360166523124,33.638919830322266,17731300
2023-07-12 00:00:00-04:00,33.80701808045377,33.853712143318134,33.54552491586177,33.61090087890625,17229700
2023-07-13 00:00:00-04:00,33.62957952986958,33.95644513264899,33.54552878201534,33.67627716064453,16664400
2023-07-14 00:00:00-04:00,33.90040811759421,34.07785055402366,33.62957755017052,33.91908645629883,17909900
2023-07-17 00:00:00-04:00,33.73230559436531,33.73230559436531,33.41478097120976,33.48949432373047,20557300
2023-07-18 00:00:00-04:00,33.54552576291044,34.06850854277149,33.508172649192936,33.84437561035156,22817300
2023-07-19 00:00:00-04:00,33.937762692661956,34.27396564346064,33.81635527986718,34.031150817871094,18589700
2023-07-20 00:00:00-04:00,33.99379984985386,34.61950816579178,33.956443172402054,34.33934020996094,22358400
2023-07-21 00:00:00-04:00,34.36735674072899,34.95571195550714,34.36735674072899,34.927696228027344,24142000
2023-07-24 00:00:00-04:00,34.93703027165133,35.30124894413592,34.89967359690199,35.030418395996094,19414700
2023-07-25 00:00:00-04:00,34.92768921932891,35.22653546090905,34.600823693362486,34.610164642333984,21771000
2023-07-26 00:00:00-04:00,34.432727147741204,34.880996574040836,34.3299980695734,34.75025177001953,20983700
2023-07-27 00:00:00-04:00,34.79746693321745,34.94855484719803,34.1647874191175,34.18367385864258,25346300
2023-07-28 00:00:00-04:00,34.325316029283464,34.419748224921264,34.01369878922857,34.0609130859375,24054100
2023-07-31 00:00:00-04:00,34.164786742892666,34.17422816135832,33.9192666361463,34.05147171020508,40265200
2023-08-01 00:00:00-04:00,33.881495015872545,34.86356456825082,33.39989985638598,33.62653350830078,40931600
2023-08-02 00:00:00-04:00,33.64542232387746,33.89093882876783,33.31491504157048,33.38101577758789,34301600
2023-08-03 00:00:00-04:00,33.220484748190835,33.31491333703577,32.97496465364238,33.05051040649414,25676500
2023-08-04 00:00:00-04:00,33.00329243269283,33.371568931238365,32.729444512464845,33.069393157958984,25737500
2023-08-07 00:00:00-04:00,33.05995151605784,33.85316390250222,32.95608151018538,33.69263458251953,31069100
2023-08-08 00:00:00-04:00,34.34420022329881,34.34420022329881,33.41878637986317,33.65486145019531,25225500
2023-08-09 00:00:00-04:00,33.617093426609195,34.05147435640467,33.53210624493401,33.843727111816406,17210500
2023-08-10 00:00:00-04:00,33.82483630352509,34.07979781562842,33.61708908576244,33.73040771484375,18955200
2023-08-11 00:00:00-04:00,33.63597712778665,34.25921520857235,33.607649270275466,34.03258514404297,16604800
2023-08-14 00:00:00-04:00,33.82483800017291,34.476403940084005,33.82483800017291,34.0609130859375,20295500
2023-08-15 00:00:00-04:00,33.88149380025557,33.90982165489618,33.390457240574236,33.418785095214844,20484300
2023-08-16 00:00:00-04:00,33.182710503652544,33.664305652677086,33.041067626225036,33.5037727355957,22215600
2023-08-17 00:00:00-04:00,33.61708915592992,34.67470808291118,33.60764773792998,34.476402282714844,31113600
2023-08-18 00:00:00-04:00,34.41974362587176,34.79746155129376,34.29698358905537,34.618045806884766,24141400
2023-08-21 00:00:00-04:00,34.66526181928474,35.118525513638716,34.599161088996844,34.948551177978516,28496500
2023-08-22 00:00:00-04:00,34.94855039985159,35.080755459703475,33.73040582436827,34.788021087646484,18536900
2023-08-23 00:00:00-04:00,35.02409518832251,35.061868061530554,34.523617226084134,34.618045806884766,19370900
2023-08-24 00:00:00-04:00,34.44807655203817,34.599164464898074,34.051472131613416,34.14590072631836,19380800
2023-08-25 00:00:00-04:00,34.12701167167482,34.64637610719149,33.95703733245559,34.35364532470703,16421300
2023-08-28 00:00:00-04:00,34.41030388531072,34.48584964331619,34.023140881082696,34.193115234375,15101900
2023-08-29 00:00:00-04:00,34.24032936400376,34.88245389501939,33.99481285613073,34.13645935058594,21076500
2023-08-30 00:00:00-04:00,34.16478208856582,34.23088281548023,33.82483343459491,33.9003791809082,16833000
2023-08-31 00:00:00-04:00,33.93814955193873,33.98536744602481,33.40934371948242,33.40934371948242,27919500
2023-09-01 00:00:00-04:00,33.654862132920115,34.05147013227798,33.61708925636798,33.78706359863281,17519900
2023-09-05 00:00:00-04:00,33.957035989129245,34.268656799443484,33.38101226258686,33.40934371948242,25856100
2023-09-06 00:00:00-04:00,33.2960274404641,33.31491387898428,32.351727127774346,32.45560073852539,35370200
2023-09-07 00:00:00-04:00,32.55003246038147,32.710561782151615,32.143983043619656,32.37061309814453,26777700
2023-09-08 00:00:00-04:00,32.32340253052263,32.47449045169956,32.15342816892105,32.342288970947266,19467700
2023-09-11 00:00:00-04:00,32.33284590722005,32.389501623391965,31.671834934861028,32.04955291748047,27574400
2023-09-12 00:00:00-04:00,32.077881800835726,32.30451185175725,31.870134585641235,32.24785614013672,17987200
2023-09-13 00:00:00-04:00,32.304511507935736,32.69167447617411,32.106209314935036,32.18175506591797,23853300
2023-09-14 00:00:00-04:00,32.332843309787215,32.46504477319473,32.08732321869924,32.24785614013672,23759900
2023-09-15 00:00:00-04:00,32.16286845777527,32.50281352873846,31.926793390533813,32.17230987548828,57959000
2023-09-18 00:00:00-04:00,32.21952577386495,32.21952577386495,31.577401270796074,31.76626205444336,25421900
2023-09-19 00:00:00-04:00,31.68127300567564,32.1156502607857,31.65294515058313,32.09676742553711,30323300
2023-09-20 00:00:00-04:00,32.1817583030362,32.19119972174892,31.681276657980668,31.747377395629883,24651400
2023-09-21 00:00:00-04:00,31.605734399685648,31.719049434973126,31.001382741859075,31.020265579223633,26980600
2023-09-22 00:00:00-04:00,31.237457023647377,31.24689844208493,30.689761096551052,30.869176864624023,28570800
2023-09-25 00:00:00-04:00,30.869170812674334,31.14301872253418,30.604767921620258,31.14301872253418,19443700
2023-09-26 00:00:00-04:00,30.89750507395984,31.124135114818966,30.5575564104516,30.59532928466797,26015500
2023-09-27 00:00:00-04:00,30.623661179043744,30.689761916532518,30.123181336312992,30.312040328979492,26430100
2023-09-28 00:00:00-04:00,30.27426728378628,30.51978376358249,30.00041934700697,30.302595138549805,28197600
2023-09-29 00:00:00-04:00,30.548111376403696,31.37909659767483,30.50089708476524,31.322437286376953,42397800
2023-10-02 00:00:00-04:00,31.114697578443852,32.06843935694444,30.93527820464612,32.04955291748047,44620600
2023-10-03 00:00:00-04:00,31.955124281534022,32.21008581064174,31.832364226285122,32.011783599853516,31059900
2023-10-04 00:00:00-04:00,32.04955371208359,32.181758791609155,31.171354067445733,31.454647064208984,23722300
2023-10-05 00:00:00-04:00,31.58684743219103,31.898464674578545,31.209125851252256,31.60573387145996,21279400
2023-10-06 00:00:00-04:00,31.652944486099976,31.690717360243447,31.228008657534794,31.28466796875,23750600
2023-10-09 00:00:00-04:00,31.218565684923266,31.605728620058056,30.944717764354444,31.350767135620117,17468100
2023-10-10 00:00:00-04:00,31.237453722759458,31.539629511909045,31.17134939180216,31.322437286376953,19212100
2023-10-11 00:00:00-04:00,31.388541441937544,31.473528607299684,30.99193346950771,31.26578140258789,24221200
2023-10-12 00:00:00-04:00,31.265782193615372,31.369655798599283,30.944719961037656,31.086362838745117,21809900
2023-10-13 00:00:00-04:00,31.105250998315626,31.152468895718556,30.236496439843023,30.321483612060547,32388100
2023-10-16 00:00:00-04:00,31.001383063374938,32.03066701475928,30.746421529668886,31.416873931884766,63317400
2023-10-17 00:00:00-04:00,31.16191165137837,31.34132742166287,30.40647208936471,30.92583656311035,40015800
2023-10-18 00:00:00-04:00,30.72753323875493,30.859734707033777,29.641586431230376,29.660472869873047,30307600
2023-10-19 00:00:00-04:00,29.632140202340473,29.745457021577625,29.18831974597358,29.45272445678711,26880300
2023-10-20 00:00:00-04:00,29.32996732217115,29.37718341865565,28.782273210720394,28.94280433654785,39378900
2023-10-23 00:00:00-04:00,29.056122164153788,29.641587371774325,28.829490296580357,29.122222900390625,29412100
2023-10-24 00:00:00-04:00,29.159991876473416,29.301638359470893,28.631184223575026,28.735057830810547,26923800
2023-10-25 00:00:00-04:00,28.76338528202093,29.27330829097712,28.5367534339659,29.018346786499023,28857900
2023-10-26 00:00:00-04:00,28.905033956180656,29.622702430029218,28.80116034252456,29.42439842224121,27162700
2023-10-27 00:00:00-04:00,29.32996650381628,29.39606723594034,28.347895138769065,28.43288230895996,33877100
2023-10-30 00:00:00-04:00,28.555638936721813,28.97113154510848,28.432880698460405,28.848371505737305,33063500
2023-10-31 00:00:00-04:00,28.602856983723566,29.103334990576496,28.04571966200775,28.857816696166992,42648200
2023-11-01 00:00:00-04:00,28.85781648236974,29.34885306755083,28.772829311814938,28.81060218811035,23568300
2023-11-02 00:00:00-04:00,28.810602124082163,28.942803588602548,28.52731095582579,28.801158905029297,29640900
2023-11-03 00:00:00-04:00,29.178878755793328,29.641585684218313,29.122221242403093,29.518827438354492,28062100
2023-11-06 00:00:00-05:00,29.57548454418006,29.660471713649187,29.235535866303554,29.443283081054688,27381200
2023-11-07 00:00:00-05:00,29.348851136451707,29.641583704040386,29.16943358807359,29.509382247924805,18086400
2023-11-08 00:00:00-05:00,29.197764815379134,29.556598130344458,28.848372918264864,29.103334426879883,29398300
2023-11-09 00:00:00-05:00,29.179896401115663,29.199037473267182,28.356848552531353,28.404701232910156,28737700
2023-11-10 00:00:00-05:00,28.471693988293225,28.538685917379247,27.782631799331533,28.213294982910156,33844100
2023-11-13 00:00:00-05:00,28.0793113680733,28.09845244094751,27.6869285011178,27.734779357910156,35519900
2023-11-14 00:00:00-05:00,27.84005302313256,28.43341167034528,27.74434948556475,28.002748489379883,40084300
2023-11-15 00:00:00-05:00,27.954895467091085,29.045912861434037,27.954895467091085,28.89278793334961,43614600
2023-11-16 00:00:00-05:00,28.969351057332354,29.141617061699947,28.203724574075625,28.490835189819336,32407200
2023-11-17 00:00:00-05:00,28.634389877319336,28.720522880382454,28.462123871193103,28.634389877319336,27009200
2023-11-20 00:00:00-05:00,28.615248143111327,28.844935537507816,28.481264286061663,28.691810607910156,26335700
2023-11-21 00:00:00-05:00,28.730092514565058,29.055483443607837,28.48126404968569,28.99806022644043,25988700
2023-11-22 00:00:00-05:00,29.084194307778084,29.266030851446974,28.844936370200724,29.017202377319336,19226800
2023-11-24 00:00:00-05:00,29.074621870737214,29.38087354414809,29.074621870737214,29.18946647644043,11129700
2023-11-27 00:00:00-05:00,29.428726322677324,29.428726322677324,28.739664119580578,28.84493637084961,26066700
2023-11-28 00:00:00-05:00,28.81622376986561,28.81622376986561,28.36641772292601,28.414270401000977,29497700
2023-11-29 00:00:00-05:00,28.49083630193023,28.921499504266542,28.452554154846162,28.78751564025879,26185200
2023-11-30 00:00:00-05:00,29.007630231945274,29.199037301548607,28.672668772835994,29.160755157470703,45356600
2023-12-01 00:00:00-05:00,27.72520703405882,28.13673094735803,27.083995737256277,27.66778564453125,103542800
2023-12-04 00:00:00-05:00,27.773062163164795,28.366420833210054,27.773062163164795,28.02189064025879,47410400
2023-12-05 00:00:00-05:00,27.954896345324276,28.328139966474904,27.820912485389435,27.84005355834961,39853000
2023-12-06 00:00:00-05:00,27.840052970113096,28.136732293154452,27.485950429404525,27.55294418334961,33410500
2023-12-07 00:00:00-05:00,27.581653045480863,27.658215507753255,27.275403196391295,27.399816513061523,35782900
2023-12-08 00:00:00-05:00,27.41895796412643,27.725207817450812,27.361536572976387,27.543373107910156,31881700
2023-12-11 00:00:00-05:00,27.54337326915963,27.572083052206175,27.217982341749234,27.409387588500977,37833900
2023-12-12 00:00:00-05:00,27.390249003421374,27.619936400309193,27.131849997400142,27.351966857910156,48587500
2023-12-13 00:00:00-05:00,25.150794084129064,25.581457259903246,24.653137155089755,25.51446533203125,158100700
2023-12-14 00:00:00-05:00,25.61016940226324,26.146106661803415,24.892395602285212,25.007238388061523,101889800
2023-12-15 00:00:00-05:00,25.00723815094672,25.83028601790999,24.959387294892498,25.485754013061523,138338500
2023-12-18 00:00:00-05:00,25.76329397535736,26.126965225783554,25.571886901200536,25.89727783203125,63329400
2023-12-19 00:00:00-05:00,26.107826971915042,27.026576581876686,26.098256435303792,26.950014114379883,70094700
2023-12-20 00:00:00-05:00,26.978726279308084,27.045718211572012,26.42364792218707,26.442787170410156,56184300
2023-12-21 00:00:00-05:00,26.662903725106617,27.14141957472939,26.5863412621827,27.09356689453125,51056600
2023-12-22 00:00:00-05:00,27.217984906983293,27.552946402109615,26.96915641990069,27.179702758789062,35087200
2023-12-26 00:00:00-05:00,27.20841300001326,27.30411654028694,27.03614699259927,27.189271926879883,30119100
2023-12-27 00:00:00-05:00,27.24669249440368,27.495520961410172,27.09356756476786,27.380678176879883,35000700
2023-12-28 00:00:00-05:00,27.380678181134257,27.782631577839027,27.35196657230065,27.55294418334961,30472900
2023-12-29 00:00:00-05:00,27.54337364707174,27.629506648179415,27.313686252582322,27.55294418334961,30342500
2024-01-02 00:00:00-05:00,27.639073609857036,28.978919397672914,27.5912227568892,28.452550888061523,57948700
2024-01-03 00:00:00-05:00,28.710949875031133,28.74923201771983,28.146301048124077,28.452550888061523,43426500
2024-01-04 00:00:00-05:00,28.509976508810176,28.663101441705187,27.782632164862278,27.84005355834961,45558200
2024-01-05 00:00:00-05:00,27.773060732123767,28.222864979813178,27.514661731679727,28.203723907470703,33592600
2024-01-08 00:00:00-05:00,28.098451787370696,28.404701644661962,27.91661525008158,28.308998107910156,32972100
2024-01-09 00:00:00-05:00,28.32813917490734,28.576967640257063,28.060169637132294,28.13673210144043,39856900
2024-01-10 00:00:00-05:00,28.09845298682917,28.127162771305073,27.6390763558894,27.74435043334961,37413300
2024-01-11 00:00:00-05:00,27.591226724910552,27.677359732954272,27.05528942794441,27.179702758789062,46884700
2024-01-12 00:00:00-05:00,27.23712101455068,27.69649761293709,27.21798176805411,27.46681022644043,30349700
2024-01-16 00:00:00-05:00,27.371107508234033,27.485950292208933,27.00743443306286,27.103137969970703,38826000
2024-01-17 00:00:00-05:00,26.950013575360263,27.30411612132143,26.729896713883598,26.94044303894043,33312600
2024-01-18 00:00:00-05:00,26.835169546510706,26.921300719514576,26.41407509050258,26.883020401000977,50321100
2024-01-19 00:00:00-05:00,26.82559955481814,27.16055919383246,26.72989601850271,27.064857482910156,35313100
2024-01-22 00:00:00-05:00,27.10313743057088,27.390248035580402,26.72989565199091,27.09356689453125,41663900
2024-01-23 00:00:00-05:00,27.217982706685035,27.418958492277994,26.940442630893063,27.208412170410156,33466700
2024-01-24 00:00:00-05:00,27.313684737965737,27.54337211971838,27.112707138061523,27.112707138061523,42720700
2024-01-25 00:00:00-05:00,27.025280039013197,27.122423760899373,26.665850676755444,26.685277938842773,47605500
2024-01-26 00:00:00-05:00,26.8407071527157,27.11270920342452,26.578421512344125,26.685277938842773,47073800
2024-01-29 00:00:00-05:00,26.733850294701895,26.840706719475758,26.529848296747513,26.694992065429688,67082700
2024-01-30 00:00:00-05:00,27.093278783817322,27.559568255844653,26.18013265950136,26.248132705688477,86072400
2024-01-31 00:00:00-05:00,26.393848536673868,26.724136078251043,26.014990060749266,26.306419372558594,81192100
2024-02-01 00:00:00-05:00,26.32584697054366,26.549276220247616,25.966415777351074,26.510419845581055,53883000
2024-02-02 00:00:00-05:00,26.40356395175668,26.422993067271697,25.92756173881333,26.16070556640625,51663800
2024-02-05 00:00:00-05:00,26.17042061216323,26.17042061216323,25.762418443052002,25.810989379882812,42633400
2024-02-06 00:00:00-05:00,25.898416058824463,26.937849571126705,25.810986898643687,26.714420318603516,56958700
2024-02-07 00:00:00-05:00,26.762992428041514,26.860136149500327,26.520134050825664,26.772706985473633,36843000
2024-02-08 00:00:00-05:00,26.772706554784705,26.89899394650831,26.626991901371763,26.782421112060547,29048400
2024-02-09 00:00:00-05:00,26.772706985473633,26.80185065776999,26.597848657420244,26.772706985473633,29062700
2024-02-12 00:00:00-05:00,26.75328107668307,27.219568739835886,26.733851960836084,26.86985206604004,30323700
2024-02-13 00:00:00-05:00,26.753278802806587,27.03499354719384,26.09270374305398,26.199560165405273,37927500
2024-02-14 00:00:00-05:00,26.238419935842987,26.39384915281799,26.141276212018006,26.33556365966797,25270200
2024-02-15 00:00:00-05:00,26.471563415042873,27.01556566733953,26.442419742417865,26.724136352539062,36111600
2024-02-16 00:00:00-05:00,26.76299365455112,27.093281210930268,26.432706098171973,26.830995559692383,35913500
2024-02-20 00:00:00-05:00,26.82127847916163,27.336137028197943,26.73384931935126,26.801849365234375,34232000
2024-02-21 00:00:00-05:00,26.811566141116174,26.889280750394555,26.578422313281024,26.879566192626953,27370600
2024-02-22 00:00:00-05:00,26.80184917912277,26.908707452118374,26.413276167587302,26.762990951538086,31957500
2024-02-23 00:00:00-05:00,26.95727877487206,27.28756630268506,26.898993285511615,26.96699333190918,33182600
2024-02-26 00:00:00-05:00,26.87956473337277,26.87956473337277,26.296704268996365,26.403562545776367,45685500
2024-02-27 00:00:00-05:00,26.345278273845388,26.422992882499578,26.044132544055767,26.12184715270996,38598400
2024-02-28 00:00:00-05:00,26.18984640705822,26.461848455505624,26.0538463092657,26.267562866210938,31010200
2024-02-29 00:00:00-05:00,26.296704655302115,26.41327749103482,25.791558788564345,25.801273345947266,54643200
2024-03-01 00:00:00-05:00,26.06356145721028,26.13156150764729,25.752703025005427,25.83041763305664,46213600
2024-03-04 00:00:00-05:00,25.548701112482632,25.70413032914263,24.87841331045981,25.150413513183594,86777700
2024-03-05 00:00:00-05:00,25.13098558638236,25.665273272918803,24.956127259046834,25.334985733032227,73646100
2024-03-06 00:00:00-05:00,26.13156007557735,26.520133094538714,26.024703653401918,26.41327667236328,84919500
2024-03-07 00:00:00-05:00,26.42299156052593,26.53956254124382,25.995560307881547,26.024703979492188,46423800
2024-03-08 00:00:00-05:00,26.112131515779218,26.52013365756619,26.082989696777375,26.442419052124023,45869300
2024-03-11 00:00:00-04:00,26.529847591172093,27.57899566640844,26.529847591172093,27.559568405151367,52600100
2024-03-12 00:00:00-04:00,27.501281523855194,27.530425195522856,26.966993846651096,27.20985221862793,48758200
2024-03-13 00:00:00-04:00,27.481854593026693,27.870427622293782,27.38471087249433,27.41385269165039,39273000
2024-03-14 00:00:00-04:00,27.44299648072808,27.47214015287081,26.976708843618606,27.32642364501953,36428000
2024-03-15 00:00:00-04:00,27.161280594933732,27.472140880772297,27.064138724275494,27.14185333251953,75719200
2024-03-18 00:00:00-04:00,27.209853439064332,27.229282554380887,26.8212803970453,26.928136825561523,36226500
2024-03-19 00:00:00-04:00,26.87956600973668,26.9864242915908,26.539563901633738,26.840707778930664,29026600
2024-03-20 00:00:00-04:00,26.69499201749899,26.947564948727784,26.432704528969587,26.908708572387695,34468000
2024-03-21 00:00:00-04:00,26.957281234489,27.23899785568287,26.840708392269562,26.86985206604004,29633700
2024-03-22 00:00:00-04:00,26.685278977042653,27.044710206146586,26.55899343068111,26.57842254638672,28789000
2024-03-25 00:00:00-04:00,26.46184854709332,26.69499236677131,26.325848448830094,26.646421432495117,31110600
2024-03-26 00:00:00-04:00,26.665849273468147,26.840705740226603,26.529847328839637,26.801849365234375,38220300
2024-03-27 00:00:00-04:00,26.918421590534876,27.14185270532807,26.753279673086993,26.98642349243164,34247600
2024-03-28 00:00:00-04:00,27.025279252805646,27.316710409985987,26.928135533745532,26.957279205322266,40466700
2024-04-01 00:00:00-04:00,26.966995056194634,27.073853337573276,26.792136724070467,26.928136825561523,26596600
2024-04-02 00:00:00-04:00,26.782420065330427,26.957278383736956,26.62699086071624,26.762990951538086,32451500
2024-04-03 00:00:00-04:00,26.72413565489085,26.95727947121736,26.422991790410244,26.442419052124023,36828600
2024-04-04 00:00:00-04:00,26.52984835405568,26.617277517244652,25.87898783523909,25.888702392578125,41922700
2024-04-05 00:00:00-04:00,25.80127280025276,25.93727474787488,25.597272658113074,25.89841651916504,39839500
2024-04-08 00:00:00-04:00,25.840132622022466,26.053847334515257,25.762418012673955,25.820703506469727,24431400
2024-04-09 00:00:00-04:00,26.005275295540926,26.636706701324638,25.888702460031116,26.014989852905273,45193600
2024-04-10 00:00:00-04:00,25.762417942436862,25.830417993823612,25.412701274890793,25.568130493164062,44541600
2024-04-11 00:00:00-04:00,25.597273303760385,25.694417025122945,25.383556746190276,25.58755874633789,32814500
2024-04-12 00:00:00-04:00,25.50012960898321,25.56812965814919,25.09212746112499,25.12127113342285,42985600
2024-04-15 00:00:00-04:00,25.169841766357422,25.42241469799432,25.014412555021227,25.169841766357422,35660200
2024-04-16 00:00:00-04:00,25.08241270665533,25.247556475987842,24.94641260939174,24.956127166748047,28885300
2024-04-17 00:00:00-04:00,24.956127520607748,24.956127520607748,24.53841081267539,24.69384002685547,43828900
2024-04-18 00:00:00-04:00,24.62583936360054,24.732695787647565,24.509266529439206,24.664695739746094,35788400
2024-04-19 00:00:00-04:00,24.664697652059168,25.257272720336914,24.62584127290099,25.257272720336914,38337400
2024-04-22 00:00:00-04:00,25.25727089500046,25.742987642981237,25.189270846741127,25.509843826293945,35678700
2024-04-23 00:00:00-04:00,25.577845050913943,25.713845153687444,25.441844948140446,25.568130493164062,24297800
2024-04-24 00:00:00-04:00,25.500130744499074,25.587559912423494,25.29613058791706,25.519559860229492,24547800
2024-04-25 00:00:00-04:00,25.51955823429191,25.674987444507416,24.528695629521316,24.538410186767578,47661400
2024-04-26 00:00:00-04:00,24.606409819618403,24.810411812624526,24.48012428327161,24.674409866333008,46526500
2024-04-29 00:00:00-04:00,24.849269134612534,25.1115566272415,24.81041275766512,24.907554626464844,39995300
2024-04-30 00:00:00-04:00,24.917268191625457,25.092126513081304,24.858982702094274,24.888126373291016,38017700
2024-05-01 00:00:00-04:00,25.577843708981653,26.6658500326751,25.276699845984407,26.403562545776367,97388900
2024-05-02 00:00:00-04:00,26.432704528969587,27.14185238901527,26.3452772189888,26.908708572387695,69649000
2024-05-03 00:00:00-04:00,27.06413674949108,27.11270768127613,26.733849225338354,27.01556396484375,60568900
2024-05-06 00:00:00-04:00,27.180709601066358,27.520711705592152,27.161280485867763,27.355567932128906,59899700
2024-05-07 00:00:00-04:00,27.481855242256657,27.676140835048816,26.617278147242512,26.976709365844727,65606400
2024-05-08 00:00:00-04:00,26.908708438588576,27.53042527983739,26.733850113771762,27.462425231933594,39087800
2024-05-09 00:00:00-04:00,27.373679009780144,27.856859713629678,26.93980173009288,27.78783416748047,47831100
2024-05-10 00:00:00-04:00,27.846997958270542,27.886442201260873,27.53145153756799,27.62019920349121,25849800
2024-05-13 00:00:00-04:00,27.797695273187816,28.25129279478658,27.777973151169157,28.04421615600586,39609800
2024-05-14 00:00:00-04:00,28.152682560655315,28.280874466119304,27.797693787319968,27.985048294067383,23530900
2024-05-15 00:00:00-04:00,28.093518758445004,28.58656050965844,28.08365769772413,28.418926239013672,38376300
2024-05-16 00:00:00-04:00,28.46823083440864,28.626004040407583,28.27101338650747,28.517534255981445,40077800
2024-05-17 00:00:00-04:00,28.497812213245975,28.507673273748594,28.113240257668664,28.241430282592773,26106400
2024-05-20 00:00:00-04:00,28.26115320911988,28.310456632233286,28.063935755056175,28.132963180541992,22423300
2024-05-21 00:00:00-04:00,28.07379658496995,28.2710140374118,27.92588443604107,28.16254425048828,28119900
2024-05-22 00:00:00-04:00,28.0737967876186,29.21765350610614,28.024493364554754,29.188072204589844,46987500
2024-05-23 00:00:00-04:00,29.02043874246612,29.02043874246612,28.27101503000198,28.29073715209961,42031300
2024-05-24 00:00:00-04:00,28.271013656704024,28.58656007171771,28.152682810671397,28.478090286254883,22576300
2024-05-28 00:00:00-04:00,28.399204011331882,28.47809061599872,27.738527991945233,27.90616226196289,32371200
2024-05-29 00:00:00-04:00,27.768110790038115,27.777971850585743,27.304652229129466,27.432842254638672,24241700
2024-05-30 00:00:00-04:00,27.521591027358514,27.80755615234375,27.403262057630535,27.80755615234375,23330700
2024-05-31 00:00:00-04:00,27.945605856112184,28.34989993074714,27.846997132365985,28.261152267456055,78290100
2024-06-03 00:00:00-04:00,28.261153331494622,29.119046815339992,28.241431209841846,28.90210723876953,38177200
2024-06-04 00:00:00-04:00,28.892246797084216,29.316263017680082,28.764056765204227,29.07960319519043,46309500
2024-06-05 00:00:00-04:00,29.148628303321058,29.207794668657556,28.764056332659084,29.13876724243164,27346700
2024-06-06 00:00:00-04:00,28.951412372344752,29.128907704564007,28.389345074187123,28.39920425415039,35360400
2024-06-07 00:00:00-04:00,28.34990050487345,28.645724801297952,28.152683053387108,28.182266235351562,27526200
2024-06-10 00:00:00-04:00,27.955467304896146,27.955467304896146,27.245485988705138,27.679363250732422,37003200
2024-06-11 00:00:00-04:00,27.561034583568812,27.935745486099535,27.50186821937579,27.639921188354492,29573500
2024-06-12 00:00:00-04:00,27.77797301460265,27.837137499562687,27.17646146162625,27.275070190429688,32507900
2024-06-13 00:00:00-04:00,27.11729704482366,27.334234744092424,26.82147273847488,27.265209197998047,33945200
2024-06-14 00:00:00-04:00,27.363816887191867,27.82727545107433,27.04827047086296,27.146879196166992,29461900
2024-06-17 00:00:00-04:00,27.067992688153648,27.09757398928635,26.49606433632638,26.60453224182129,32194600
2024-06-18 00:00:00-04:00,26.604532978840762,27.077852618126283,26.574951676888578,27.028549194335938,29817800
2024-06-20 00:00:00-04:00,26.821472107472598,27.570893916699262,26.772166803704376,27.35395622253418,29693400
2024-06-21 00:00:00-04:00,27.38353940479511,27.501868372228785,27.176460890578642,27.35395622253418,52561600
2024-06-24 00:00:00-04:00,27.561034138454897,28.014631638445646,27.344094568194116,27.965328216552734,35414100
2024-06-25 00:00:00-04:00,28.004771307255098,28.05407661123709,27.54131273465457,27.60047721862793,26300700
2024-06-26 00:00:00-04:00,27.5215908857483,27.541313007536505,26.69328057869419,27.038410186767578,30745800
2024-06-27 00:00:00-04:00,26.989105948950083,27.442703451565297,26.693279773466035,27.41312026977539,28399600
2024-06-28 00:00:00-04:00,27.393400652194753,27.728669196882905,27.255347681508137,27.59061622619629,33189200
2024-07-01 00:00:00-04:00,27.561035109132888,28.231570322195157,27.55117404824601,27.8272762298584,26209000
2024-07-02 00:00:00-04:00,27.827275203448362,27.88644156658728,27.304652161356135,27.442703247070312,21989800
2024-07-03 00:00:00-04:00,27.531451856702663,27.659641886297123,27.235627554066188,27.31451416015625,15180100
2024-07-05 00:00:00-04:00,27.373678030508938,27.699085508431928,27.28493036554767,27.65964126586914,17268700
2024-07-08 00:00:00-04:00,27.659642141209815,27.728669567879198,27.403262079658084,27.54131317138672,25694400
2024-07-09 00:00:00-04:00,27.492007448907856,27.55117381372549,26.920079087972624,27.3342342376709,36867800
2024-07-10 00:00:00-04:00,27.44270335964362,28.014631706697728,27.413120177952806,27.955467224121094,29873600
2024-07-11 00:00:00-04:00,28.37948311211249,28.82321954776294,28.024492458948153,28.261152267456055,47322600
2024-07-12 00:00:00-04:00,28.497812135030333,28.73447194402875,28.389344231409165,28.517534255981445,28397000
2024-07-15 00:00:00-04:00,28.626004668364242,28.86266448255417,28.428787216136797,28.695030212402344,30534400
2024-07-16 00:00:00-04:00,28.793639880408964,29.14862867290368,28.714753273098463,29.08946418762207,26912100
2024-07-17 00:00:00-04:00,29.010577600441376,29.878330281459,28.902107810012268,29.612089157104492,45395000
2024-07-18 00:00:00-04:00,29.49375675508801,30.262902547066833,29.21765270342267,29.296539306640625,47279700
2024-07-19 00:00:00-04:00,29.52333999440447,29.58250447673254,29.13876615725956,29.552921295166016,30021200
2024-07-22 00:00:00-04:00,29.690975019222215,29.80930398689746,28.971132629176843,29.188072204589844,46483200
2024-07-23 00:00:00-04:00,29.207795038990362,29.227515280214178,28.921829911986624,29.08946418762207,25528300
2024-07-24 00:00:00-04:00,29.09932372895277,29.572643348097117,28.902106280573467,29.562782287597656,29579400
2024-07-25 00:00:00-04:00,29.5529217165733,30.49956285134588,29.5529217165733,29.760000228881836,42296200
2024-07-26 00:00:00-04:00,30.149999618530273,30.8799991607666,30.010000228881836,30.770000457763672,35657100
2024-07-29 00:00:00-04:00,30.690000534057617,30.93000030517578,30.440000534057617,30.719999313354492,41713700
2024-07-30 00:00:00-04:00,31.010000228881836,31.540000915527344,29.780000686645508,31.389999389648438,89815300
