Date,Open,High,Low,Close,Volume
2014-01-02 00:00:00-05:00,17.35285813629576,17.395015851670323,17.23856299625109,17.273225784301758,234684800
2014-01-03 00:00:00-05:00,17.264797060311434,17.29102764094471,16.876630163652408,16.89380645751953,392467600
2014-01-06 00:00:00-05:00,16.78357142392949,17.075553423417844,16.663342364542515,16.985929489135742,412610800
2014-01-07 00:00:00-05:00,16.99810665705363,17.04932032623057,16.798246930820813,16.864450454711914,317209200
2014-01-08 00:00:00-05:00,16.826038402363334,17.036828646270216,16.822292606477433,16.971250534057617,258529600
2014-01-09 00:00:00-05:00,17.075548570053606,17.077423135518178,16.717986882026565,16.75452423095703,279148800
2014-01-10 00:00:00-05:00,16.857896042778044,16.888187632710757,16.58558694070058,16.64273452758789,304976000
2014-01-13 00:00:00-05:00,16.54811056391266,16.941272405462293,16.5471732809722,16.7298583984375,378492800
2014-01-14 00:00:00-05:00,16.80761357470551,17.073364934450296,16.79012541210159,17.062747955322266,332561600
2014-01-15 00:00:00-05:00,17.28540751265547,17.494011344675382,17.227322652873017,17.405323028564453,391638800
2014-01-16 00:00:00-05:00,17.328508727174523,17.389403789923676,17.227952571465668,17.308210372924805,229278000
2014-01-17 00:00:00-05:00,17.22170366040293,17.240127442907077,16.860080850213997,16.884126663208008,426739600
2014-01-21 00:00:00-05:00,16.894123810321517,17.177675344882697,16.876323767218267,17.146448135375977,328526800
2014-01-22 00:00:00-05:00,17.203899858584727,17.403134168725146,17.107092884263093,17.222637176513672,379985200
2014-01-23 00:00:00-05:00,17.173611817001785,17.378468198615128,17.013411468165295,17.36847496032715,403239200
2014-01-24 00:00:00-05:00,17.30039702119233,17.35098695661964,17.01153706220636,17.052759170532227,429354800
2014-01-27 00:00:00-05:00,17.17767009721992,17.325378889116916,17.04276472415153,17.191097259521484,554878800
2014-01-28 00:00:00-05:00,15.88763042051918,16.082493493563693,15.678713110378562,15.817055702209473,1065523200
2014-01-29 00:00:00-05:00,15.737428614329104,15.844228843997126,15.570982496066076,15.637497901916504,502810000
2014-01-30 00:00:00-05:00,15.693401149604895,15.817065840317497,15.51102950302211,15.607211112976074,678501600
2014-01-31 00:00:00-05:00,15.463563754364461,15.661862573399906,15.412661926324487,15.632820129394531,464797200
2014-02-03 00:00:00-05:00,15.695585743366303,15.855474246471344,15.592221086586871,15.661858558654785,401464000
2014-02-04 00:00:00-05:00,15.796766105043707,15.909500273418937,15.700270953732648,15.88857650756836,376681200
2014-02-05 00:00:00-05:00,15.818929137243007,16.091238120574765,15.809247773873533,16.007234573364258,328344800
2014-02-06 00:00:00-05:00,16.02356976529708,16.13163839507086,15.952884663826895,16.100536346435547,257765200
2014-02-07 00:00:00-05:00,16.379192604453902,16.42788582953475,16.253532777003088,16.325786590576172,370280400
2014-02-10 00:00:00-05:00,16.29374516824467,16.712508964793354,16.273011579577453,16.618263244628906,345559200
2014-02-11 00:00:00-05:00,16.669155284676425,16.893458209958006,16.63428332951065,16.83722686767578,282256800
2014-02-12 00:00:00-05:00,16.868322885839742,16.950316000107566,16.751773241634442,16.83596420288086,308100800
2014-02-13 00:00:00-05:00,16.796382787421827,17.11650342549127,16.781932361562347,17.103309631347656,307398000
2014-02-14 00:00:00-05:00,17.04173864458109,17.152006845009232,17.002157252935717,17.089488983154297,272924400
2014-02-18 00:00:00-05:00,17.152634600387014,17.315677992320513,17.14038201866968,17.152320861816406,260251600
2014-02-19 00:00:00-05:00,17.11336974485926,17.180598737110035,16.78665372065337,16.881526947021484,313768000
2014-02-20 00:00:00-05:00,16.743918642523887,16.869893867114623,16.618572572625393,16.686115264892578,305858000
2014-02-21 00:00:00-05:00,16.73763982200598,16.793559105544134,16.480350718864372,16.500770568847656,278784800
2014-02-24 00:00:00-05:00,16.434800263922824,16.64747977581942,16.41186714951337,16.57302474975586,288909600
2014-02-25 00:00:00-05:00,16.630513238875107,16.63648098150477,16.367254753773658,16.400554656982422,231952000
2014-02-26 00:00:00-05:00,16.44925080039036,16.49291750407266,16.19761569511175,16.252592086791992,276217200
2014-02-27 00:00:00-05:00,16.245990612949733,16.61166203316922,16.211747820036184,16.576791763305664,301882000
2014-02-28 00:00:00-05:00,16.621089305127466,16.736384023727542,16.40244038760538,16.531871795654297,371968800
2014-03-03 00:00:00-05:00,16.443280222906633,16.670411827094334,16.42411700569398,16.579622268676758,238781200
2014-03-04 00:00:00-05:00,16.681409563082305,16.73292979922458,16.57993778367235,16.688947677612305,259140000
2014-03-05 00:00:00-05:00,16.67889546419401,16.799213362780126,16.62266076351061,16.724132537841797,200062800
2014-03-06 00:00:00-05:00,16.73763619062842,16.789471828472976,16.590299899709436,16.67354965209961,185488800
2014-03-07 00:00:00-05:00,16.68423248364497,16.712192120392476,16.525900240072456,16.6638126373291,220729600
2014-03-10 00:00:00-04:00,16.598467484341676,16.754600184307293,16.597838329674445,16.678890228271484,178584000
2014-03-11 00:00:00-04:00,16.82121368643924,16.92456794389178,16.731365293514287,16.841318130493164,279224400
2014-03-12 00:00:00-04:00,16.791668676069296,16.88088615646039,16.712816308299377,16.85763931274414,199326400
2014-03-13 00:00:00-04:00,16.883718788032514,16.95345933550723,16.62360104167762,16.67041015625,257742800
2014-03-14 00:00:00-04:00,16.6119777497329,16.67795008012398,16.430084911134944,16.483177185058594,237199200
2014-03-17 00:00:00-04:00,16.57773606636275,16.649046982275518,16.519617267234803,16.547576904296875,199544800
2014-03-18 00:00:00-04:00,16.521194611384892,16.71188394655584,16.499204385302384,16.69397735595703,209647200
2014-03-19 00:00:00-04:00,16.720996726199186,16.846027451018507,16.618582028251623,16.6895809173584,224756000
2014-03-20 00:00:00-04:00,16.646537291917557,16.73387237860663,16.566743675109713,16.609153747558594,208398400
2014-03-21 00:00:00-04:00,16.710622348003223,16.76779826102286,16.53469891387956,16.74015235900879,374046400
2014-03-24 00:00:00-04:00,16.914511877980445,16.979855077996604,16.808956445494847,16.938701629638672,355700800
2014-03-25 00:00:00-04:00,17.011265658655518,17.144779020830605,16.951261067014606,17.12090301513672,282293200
2014-03-26 00:00:00-04:00,17.168967880532286,17.246877375247095,16.92832876028453,16.957229614257812,299768000
2014-03-27 00:00:00-04:00,16.964772596469356,17.011267982329592,16.810839364676454,16.884349822998047,222031600
2014-03-28 00:00:00-04:00,16.911369550193175,16.930846511527886,16.783510152626032,16.865503311157227,200564000
2014-03-31 00:00:00-04:00,16.939955732522648,16.989591860692382,16.836284425040343,16.861732482910156,168669200
2014-04-01 00:00:00-04:00,16.893778179609416,17.022895898515554,16.862677786473288,17.01598358154297,200760000
2014-04-02 00:00:00-04:00,17.03890831537608,17.07346484998745,16.972308509679475,17.044248580932617,180420800
2014-04-03 00:00:00-04:00,17.00781160662245,17.042681887260606,16.89000528947612,16.926132202148438,162344000
2014-04-04 00:00:00-04:00,16.95817816115422,16.964145905950172,16.668216564979183,16.707170486450195,275251200
2014-04-07 00:00:00-04:00,16.58778602049806,16.678261821192816,16.39521267357454,16.444847106933594,289850400
2014-04-08 00:00:00-04:00,16.498885076926783,16.528101348211408,16.29500033273697,16.44390869140625,243888400
2014-04-09 00:00:00-04:00,16.418781080926234,16.665389706075622,16.39930412002222,16.660049438476562,206169600
2014-04-10 00:00:00-04:00,16.671350728479794,16.72035936622216,16.435424411408523,16.44516372680664,239652000
2014-04-11 00:00:00-04:00,16.304432050996912,16.424753350879776,16.246001158155416,16.323596954345703,271717600
2014-04-14 00:00:00-04:00,16.395531013701106,16.403698282813,16.248194686899886,16.388620376586914,205674000
2014-04-15 00:00:00-04:00,16.34432445779558,16.38736200637513,16.06347307945784,16.27175521850586,266490000
2014-04-16 00:00:00-04:00,16.274583642642398,16.370086004711116,16.15175079064695,16.30474281311035,214765600
2014-04-17 00:00:00-04:00,16.33584178978577,16.579623363460637,16.31070914989775,16.491031646728516,284334400
2014-04-21 00:00:00-04:00,16.50360299376771,16.717225464647615,16.460250015628457,16.68675422668457,182548800
2014-04-22 00:00:00-04:00,16.596903246605116,16.707485200700177,16.540042737642487,16.703401565551758,202563200
2014-04-23 00:00:00-04:00,16.620464634335228,16.685494087878276,16.47563988048359,16.485065460205078,394940000
2014-04-24 00:00:00-04:00,17.85036317383315,17.906596196161324,17.615378028763956,17.83654022216797,759911600
2014-04-25 00:00:00-04:00,17.734753459947854,17.969109433635285,17.71684855282689,17.967540740966797,390275200
2014-04-28 00:00:00-04:00,17.994558552175622,18.7155347785075,17.986703344145244,18.66338539123535,669485600
2014-04-29 00:00:00-04:00,18.65239294171476,18.72276266666837,18.519507023565108,18.608097076416016,337377600
2014-04-30 00:00:00-04:00,18.6178287374833,18.831137350377464,18.528609566361027,18.5377197265625,456640800
2014-05-01 00:00:00-04:00,18.5977268259114,18.685689385201783,18.420546753119236,18.581392288208008,244048000
2014-05-02 00:00:00-04:00,18.60841151573323,18.666844070676902,18.525789211818104,18.615949630737305,191514400
2014-05-05 00:00:00-04:00,18.539294113237798,18.88046210596555,18.534895062950202,18.87920379638672,287067200
2014-05-06 00:00:00-04:00,18.905589702087052,18.98758281740549,18.673433303833008,18.673433303833008,374564400
2014-05-07 00:00:00-04:00,18.6998295486179,18.763916112616133,18.46358772993557,18.608097076416016,282864400
2014-05-08 00:00:00-04:00,18.583131630331614,18.777730402100666,18.52468991291172,18.574918746948242,230297200
2014-05-09 00:00:00-04:00,18.46593300061418,18.519952791347965,18.332935901287684,18.49752426147461,291597600
2014-05-12 00:00:00-04:00,18.55913199469261,18.75404465450439,18.55628751495191,18.727825164794922,213208800
2014-05-13 00:00:00-04:00,18.701601298991335,18.781840585477713,18.66053518308795,18.757200241088867,159737200
2014-05-14 00:00:00-04:00,18.715185694171335,18.872190490880513,18.693388142313065,18.76067543029785,166404000
2014-05-15 00:00:00-04:00,18.786901928681036,18.846922820688768,18.5765082543299,18.60114860534668,230846000
2014-05-16 00:00:00-04:00,18.59514028695802,18.876296646427566,18.493103451329134,18.87566566467285,276256400
2014-05-19 00:00:00-04:00,18.88640617103952,19.18588462610155,18.86997871261804,19.099327087402344,317755200
2014-05-20 00:00:00-04:00,19.096808269832998,19.156513680569606,18.97739576124201,19.103126525878906,234836000
2014-05-21 00:00:00-04:00,19.075317077517973,19.1659810559654,19.01940264714702,19.153661727905273,196859600
2014-05-22 00:00:00-04:00,19.162821782617748,19.265491280064,19.083846154568178,19.18398666381836,200760000
2014-05-23 00:00:00-04:00,19.183356771673736,19.41965437464907,19.158716428310502,19.400699615478516,232209600
2014-05-27 00:00:00-04:00,19.455978155405855,19.771251311369085,19.448080762856645,19.763986587524414,348866000
2014-05-28 00:00:00-04:00,19.776312578108886,19.896673200144566,19.70554982499297,19.71281623840332,315481600
2014-05-29 00:00:00-04:00,19.83412750360264,20.119074895617562,19.831600201634338,20.072004318237305,376474000
2014-05-30 00:00:00-04:00,20.154133096710236,20.34967838048824,19.86729116924678,19.99681282043457,564020800
2014-06-02 00:00:00-04:00,20.027144581616117,20.054627721536622,19.665116214722236,19.859397888183594,369350800
2014-06-03 00:00:00-04:00,19.853397691622025,20.178149244971415,19.846763945757225,20.140239715576172,292709200
2014-06-04 00:00:00-04:00,20.13707681486207,20.46719838740952,20.0950608511947,20.370214462280273,335482000
2014-06-05 00:00:00-04:00,20.413805592414647,20.513947781210295,20.30039591751477,20.45013427734375,303805600
2014-06-06 00:00:00-04:00,20.530689870915303,20.573653984220055,20.359153969864995,20.393901824951172,349938400
2014-06-09 00:00:00-04:00,20.499102030567546,20.760039974992775,20.289025601097787,20.72023582458496,301660000
2014-06-10 00:00:00-04:00,20.948002862534054,21.018765601746992,20.69148687843915,20.84185791015625,251108000
2014-06-11 00:00:00-04:00,20.815318695518165,20.95463403385999,20.66937130191789,20.755613327026367,182724000
2014-06-12 00:00:00-04:00,20.795417975247833,20.81310908009014,20.322191886974085,20.40843391418457,218996000
2014-06-13 00:00:00-04:00,20.388537543004116,20.441610874564525,20.0966409678905,20.185094833374023,218100000
2014-06-16 00:00:00-04:00,20.23595527273847,20.510160722675803,20.22268609699902,20.38853645324707,142244000
2014-06-17 00:00:00-04:00,20.412863162168456,20.499105220285397,20.300086124395364,20.362003326416016,118904000
2014-06-18 00:00:00-04:00,20.404014543522116,20.408438164212214,20.200571856818772,20.384113311767578,134056000
2014-06-19 00:00:00-04:00,20.408436361174324,20.410648171323967,20.198358261995747,20.3133487701416,142112000
2014-06-20 00:00:00-04:00,20.311139931393775,20.465934609294628,20.101063488599053,20.103275299072266,403592000
2014-06-23 00:00:00-04:00,20.193939736484484,20.260280555233983,20.034723121179365,20.08558464050293,174776000
2014-06-24 00:00:00-04:00,20.06789381108882,20.286815816635176,19.944059413950214,19.963960647583008,156144000
2014-06-25 00:00:00-04:00,19.948478992881263,20.056834077585457,19.82464461036219,19.98164939880371,147476000
2014-06-26 00:00:00-04:00,19.983865922951843,20.134237003102253,19.85781970040792,20.10106658935547,130516000
2014-06-27 00:00:00-04:00,20.08337348509323,20.344311460440082,20.072316119235257,20.339889526367188,256116000
2014-06-30 00:00:00-04:00,20.366423438702416,20.7268726265473,20.364211628223195,20.549964904785156,197929200
2014-07-01 00:00:00-04:00,20.680437088012695,20.802061381408517,20.59419502073835,20.680437088012695,152892000
2014-07-02 00:00:00-04:00,20.75783477756483,20.7998490611585,20.5853489601225,20.671592712402344,113860000
2014-07-03 00:00:00-04:00,20.713602680156868,20.80869028182088,20.609669524022134,20.793210983276367,91567200
2014-07-07 00:00:00-04:00,20.817534692973773,21.226631863853925,20.808689138988854,21.222209930419922,225872000
2014-07-08 00:00:00-04:00,21.288546645931216,21.40574895763278,20.76888263971254,21.08510398864746,260888000
2014-07-09 00:00:00-04:00,21.105011451695297,21.21778848052744,20.95464039280202,21.09395408630371,145744000
2014-07-10 00:00:00-04:00,20.733504802419283,21.12933449240262,20.680431477635288,21.016555786132812,158744000
2014-07-11 00:00:00-04:00,21.087322661409456,21.20452332413652,20.976755743800187,21.056364059448242,136072000
2014-07-14 00:00:00-04:00,21.197887648106246,21.425655207695268,21.151449749394448,21.32835578918457,171240000
2014-07-15 00:00:00-04:00,21.40575668965846,21.41681236954447,21.014348842535806,21.07847785949707,181911600
2014-07-16 00:00:00-04:00,21.443350070639166,21.472096864267833,20.950220834386066,20.95906639099121,213585200
2014-07-17 00:00:00-04:00,21.014344419833648,21.06962786898069,20.470355482680826,20.585344314575195,229192000
2014-07-18 00:00:00-04:00,20.70254644250691,20.95021521252093,20.569864816151444,20.881664276123047,199952000
2014-07-21 00:00:00-04:00,21.00550111399169,21.007712924587082,20.724661904594548,20.773311614990234,156316000
2014-07-22 00:00:00-04:00,20.936951410763946,20.983389313317147,20.813117003955405,20.945796966552734,220788000
2014-07-23 00:00:00-04:00,21.10058895422589,21.644577955539066,21.04530549855849,21.49199676513672,371672000
2014-07-24 00:00:00-04:00,21.458823443620275,21.520740635630517,21.321719884799773,21.45661163330078,182916000
2014-07-25 00:00:00-04:00,21.416818609237225,21.635740705323265,21.370380691104902,21.598148345947266,173876000
2014-07-28 00:00:00-04:00,21.63130948746549,21.945319096542555,21.5716041003773,21.896669387817383,221272000
2014-07-29 00:00:00-04:00,21.965226107383653,21.989550966276056,21.726401140322313,21.75514793395996,172572000
2014-07-30 00:00:00-04:00,21.768413677920087,21.82590725612434,21.598139692538254,21.70428466796875,132040000
2014-07-31 00:00:00-04:00,21.4853660778591,21.549493410895778,21.08069071987848,21.140396118164062,227372000
2014-08-01 00:00:00-04:00,20.985590090907237,21.365940354270432,20.965687179067064,21.257583618164062,194044000
2014-08-04 00:00:00-04:00,21.310663642596975,21.357101535373822,21.04530208615041,21.1381778717041,159832000
2014-08-05 00:00:00-04:00,21.087319993395653,21.158082744227837,20.866186186155446,21.03424835205078,223732000
2014-08-06 00:00:00-04:00,20.95242913585135,21.113857564401055,20.943583580727804,20.99886703491211,154232000
2014-08-07 00:00:00-04:00,21.096645647935727,21.323323280630127,20.91219126617435,20.996641159057617,186844000
2014-08-08 00:00:00-04:00,20.947753038993003,21.072203392207584,20.729963225358592,21.054424285888672,167460000
2014-08-11 00:00:00-04:00,21.17220391238973,21.352214362840705,21.076643353301222,21.332212448120117,146340000
2014-08-12 00:00:00-04:00,21.343326525627074,21.530002035300377,21.247765958863248,21.327770233154297,135180000
2014-08-13 00:00:00-04:00,21.367776164787237,21.610010147094727,21.343330315773397,21.610010147094727,127664000
2014-08-14 00:00:00-04:00,21.630008226660234,21.68334384435319,21.512224627146793,21.667787551879883,112464000
2014-08-15 00:00:00-04:00,21.756686452366168,21.82113444921691,21.525563127783574,21.774465560913086,195804000
2014-08-18 00:00:00-04:00,21.887801395097693,22.08336817872539,21.774463404232304,22.036699295043945,190288000
2014-08-19 00:00:00-04:00,22.09225532006687,22.374491403566232,22.07225340323925,22.341156005859375,277596000
2014-08-20 00:00:00-04:00,22.32115828820384,22.46560886862132,22.212262530446516,22.350048065185547,210796000
2014-08-21 00:00:00-04:00,22.350051128503264,22.43227823727217,22.247823793430918,22.35227394104004,133912000
2014-08-22 00:00:00-04:00,22.28782314006263,22.5500590346373,22.265600104015753,22.5167236328125,176736000
2014-08-25 00:00:00-04:00,22.621171224595468,22.70561943028492,22.507831549334504,22.56561279296875,161080000
2014-08-26 00:00:00-04:00,22.53894526126205,22.5567243671928,22.41449491076451,22.421161651611328,132608000
2014-08-27 00:00:00-04:00,22.45004820371864,22.794511125755992,22.378933485715216,22.696727752685547,209476000
2014-08-28 00:00:00-04:00,22.576726927462406,22.841185645162174,22.570060185925275,22.72340202331543,273840000
2014-08-29 00:00:00-04:00,22.858965473626625,22.867855027792746,22.71229037314926,22.778961181640625,178380000
2014-09-02 00:00:00-04:00,22.903407831365833,23.05452683664273,22.82784917648179,22.956745147705078,214256000
2014-09-03 00:00:00-04:00,22.9122997652144,22.934522801577504,21.90780394022469,21.987808227539062,501684000
2014-09-04 00:00:00-04:00,21.9678060136986,22.24337539102966,21.732238779488902,21.80557632446289,342872000
2014-09-05 00:00:00-04:00,21.95669127245597,22.08780834778802,21.847795533560348,21.994470596313477,233828000
2014-09-08 00:00:00-04:00,22.06780985367509,22.070030970187258,21.79001769386301,21.858909606933594,185426800
2014-09-09 00:00:00-04:00,22.018915609614112,22.907850417958564,21.36554798291819,21.77667999267578,759385200
2014-09-10 00:00:00-04:00,21.781129719367474,22.470053986513395,21.725571283379757,22.445608139038086,403478400
2014-09-11 00:00:00-04:00,22.314503762327785,22.54340437777997,22.13893880108051,22.541181564331055,249412400
2014-09-12 00:00:00-04:00,22.492273248896154,22.710063027459324,22.46338347741179,22.5922794342041,250504400
2014-09-15 00:00:00-04:00,22.847858766045487,22.901196104252914,22.543399514114927,22.585622787475586,245266000
2014-09-16 00:00:00-04:00,22.178933904889945,22.50339504923405,21.97670033316686,22.414501190185547,267632400
2014-09-17 00:00:00-04:00,22.505605531898304,22.623390814398395,22.35448655157686,22.574499130249023,243706000
2014-09-18 00:00:00-04:00,22.65228644833564,22.745624217414825,22.570059349570275,22.621173858642578,149197600
2014-09-19 00:00:00-04:00,22.73228540059919,22.745618880050603,22.33448687371576,22.43671417236328,283609600
2014-09-22 00:00:00-04:00,22.623396610421104,22.698955272185383,22.352271161955922,22.458942413330078,211153600
2014-09-23 00:00:00-04:00,22.356716761549844,22.876744661261544,22.34338327800899,22.810073852539062,253608800
2014-09-24 00:00:00-04:00,22.703394611472497,22.85673470481062,22.49004877676915,22.61227798461914,240687200
2014-09-25 00:00:00-04:00,22.33671411547902,22.38116018613773,21.716681765389207,21.750017166137695,400368000
2014-09-26 00:00:00-04:00,21.896687948456375,22.390047073364258,21.86779817551904,22.390047073364258,249482000
2014-09-29 00:00:00-04:00,21.923364481389804,22.321163182719097,21.91891885595075,22.247825622558594,199065200
2014-09-30 00:00:00-04:00,22.403380553872456,22.56561191392662,22.341155384155915,22.390047073364258,221056400
2014-10-01 00:00:00-04:00,22.354490189078064,22.376714918586735,21.9344685730981,22.041141510009766,205965200
2014-10-02 00:00:00-04:00,22.06113876264628,22.272261796000954,21.787792259772225,22.201147079467773,191031200
2014-10-03 00:00:00-04:00,22.098927219580307,22.27004648101106,22.010033370112357,22.13892936706543,173878400
2014-10-06 00:00:00-04:00,22.21226522453052,22.36782988497672,22.094481594576877,22.13892936706543,148204800
2014-10-07 00:00:00-04:00,22.09670044449998,22.250042264945836,21.941137507459874,21.945581436157227,168376800
2014-10-08 00:00:00-04:00,21.947798564184588,22.47004736957652,21.84779239155098,22.401155471801758,229618800
2014-10-09 00:00:00-04:00,22.565610924354257,22.75228642531758,22.358933507997072,22.450048446655273,309506000
2014-10-10 00:00:00-04:00,22.37672102531662,22.674513492303333,22.290049982207993,22.385610580444336,265326400
2014-10-13 00:00:00-04:00,22.518946691847983,22.61895120290933,22.181150436401367,22.181150436401367,214333600
2014-10-14 00:00:00-04:00,22.310044627658776,22.338934402963694,21.90557929584565,21.945581436157227,254754400
2014-10-15 00:00:00-04:00,21.772242104782784,22.03447801381506,21.152209700490125,21.676681518554688,403734400
2014-10-16 00:00:00-04:00,21.234433797003405,21.716680589116304,21.203321210125726,21.39221954345703,288618000
2014-10-17 00:00:00-04:00,21.667800410051647,22.001151185590903,21.51445851074048,21.70557975769043,272718800
2014-10-20 00:00:00-04:00,21.850022977141595,22.21448620392701,21.827799940485708,22.170040130615234,310069200
2014-10-21 00:00:00-04:00,22.894526391226332,22.894526391226332,22.50561722319888,22.77229881286621,378495600
2014-10-22 00:00:00-04:00,22.854518220565755,23.13675603482811,22.801182594877904,22.887853622436523,273052400
2014-10-23 00:00:00-04:00,23.130087167903223,23.345654158613456,23.03008097148147,23.296762466430664,284298800
2014-10-24 00:00:00-04:00,23.37453902276007,23.44343092244904,23.230086788614543,23.3834285736084,188215600
2014-10-27 00:00:00-04:00,23.301214173434907,23.44122255606113,23.267878763499645,23.35899543762207,136750800
2014-10-28 00:00:00-04:00,23.42343903108305,23.72123146057129,23.41232666469537,23.72123146057129,192243600
2014-10-29 00:00:00-04:00,23.701234041345636,23.861242641418638,23.63678603878794,23.85457420349121,210751600
2014-10-30 00:00:00-04:00,23.770119119039034,23.856790136500194,23.534551912145503,23.774564743041992,162619200
2014-10-31 00:00:00-04:00,24.00346449589536,24.010131236192844,23.82567684225513,24.00124168395996,178557200
2014-11-03 00:00:00-05:00,24.050136318935714,24.512382918605233,24.003467435629023,24.3123722076416,209130400
2014-11-04 00:00:00-05:00,24.30347678614535,24.33236655583329,23.939013665505602,24.134578704833984,166297600
2014-11-05 00:00:00-05:00,24.245701270485995,24.290149036846504,24.03013426628706,24.192365646362305,149743600
2014-11-06 00:00:00-05:00,24.239233414818084,24.281641458937248,24.060676545150447,24.261552810668945,139874000
2014-11-07 00:00:00-05:00,24.272715807018944,24.399938249341297,24.22807701081707,24.330747604370117,134766000
2014-11-10 00:00:00-05:00,24.332977556916113,24.40216990248684,24.254858814685488,24.290571212768555,108782000
2014-11-11 00:00:00-05:00,24.261551488267525,24.495909389079518,24.194593304364567,24.48474884033203,109769200
2014-11-12 00:00:00-05:00,24.413333478670836,24.870888876289868,24.41110273050419,24.830713272094727,187769600
2014-11-13 00:00:00-05:00,24.953474537484293,25.321748952144784,24.908834027652393,25.181135177612305,238091600
2014-11-14 00:00:00-05:00,25.254781447009414,25.48690690412066,24.821778026738368,25.48467445373535,176254400
2014-11-17 00:00:00-05:00,25.504769100402697,26.17659382895392,25.28826902775045,25.44227409362793,186986800
2014-11-18 00:00:00-05:00,25.43111600407605,25.821711510952746,25.419955451306492,25.772607803344727,176896000
2014-11-19 00:00:00-05:00,25.765908591914254,25.83286679069399,25.399864989429712,25.594045639038086,167476800
2014-11-20 00:00:00-05:00,25.647611851599297,26.082846063125217,25.634218850802508,25.960086822509766,173582000
2014-11-21 00:00:00-05:00,26.227923581485722,26.241314878849913,25.897590722662393,25.995798110961914,228717200
2014-11-24 00:00:00-05:00,26.08061795649516,26.509156590430386,26.029283503949994,26.477909088134766,189803200
2014-11-25 00:00:00-05:00,26.576120700985612,26.727895037370736,26.214540213545973,26.24802017211914,275361600
2014-11-26 00:00:00-05:00,26.323899073519414,26.582807144222897,26.299347225927598,26.560487747192383,163073200
2014-11-28 00:00:00-05:00,26.620752859692384,26.649769611208374,26.348453465052277,26.54486656188965,99257600
2014-12-01 00:00:00-05:00,26.51807473775579,26.616282109742745,24.83516663314032,25.683317184448242,335256000
2014-12-02 00:00:00-05:00,25.332901114112595,25.835095189061963,25.165503089129473,25.585113525390625,237395600
2014-12-03 00:00:00-05:00,25.835097153688963,25.969015243287096,25.692250964402838,25.875272750854492,172253600
2014-12-04 00:00:00-05:00,25.839558359887718,26.15873066196673,25.732424577613525,25.777063369750977,168178000
2014-12-05 00:00:00-05:00,25.888662829062064,25.908751478128682,25.587346715949295,25.66769790649414,153275600
2014-12-08 00:00:00-05:00,25.46682584084865,25.58958510568973,24.913297180691735,25.087390899658203,230659600
2014-12-09 00:00:00-05:00,24.59412280405462,25.511464282375,24.406636096825537,25.471288681030273,240832000
2014-12-10 00:00:00-05:00,25.536011212125334,25.634216894261233,24.89543416492941,24.9869441986084,178261200
2014-12-11 00:00:00-05:00,25.056143871616428,25.399868116829325,24.850800942636695,24.913297653198242,165606800
2014-12-12 00:00:00-05:00,24.654390170688675,24.96909939317527,24.457977027336128,24.491456985473633,224112400
2014-12-15 00:00:00-05:00,24.707956335469746,24.908834375364084,23.737047795985355,24.156660079956055,268872400
2014-12-16 00:00:00-05:00,23.741506255637205,24.587424542010048,23.716954407264996,23.82632064819336,243162800
2014-12-17 00:00:00-05:00,23.90889895945742,24.515994275715187,23.841939078313885,24.420021057128906,213647200
2014-12-18 00:00:00-05:00,24.969096664058192,25.143190383911133,24.69902798289386,25.143190383911133,236024800
2014-12-19 00:00:00-05:00,25.056140628329683,25.274873126967826,24.922222528754755,24.949005126953125,353719200
2014-12-22 00:00:00-05:00,25.033814974135186,25.330666148118173,24.99140693376879,25.207908630371094,180670000
2014-12-23 00:00:00-05:00,25.272640006893074,25.294959404250456,25.100777071233423,25.118633270263672,104113600
2014-12-24 00:00:00-05:00,25.12756578318328,25.15658083455799,25.000343322753906,25.000343322753906,57918400
2014-12-26 00:00:00-05:00,25.020431095037008,25.560568456860345,25.00034414408564,25.44227409362793,134884000
2014-12-29 00:00:00-05:00,25.39763319380805,25.616365699470066,25.37754454165317,25.42441749572754,110395600
2014-12-30 00:00:00-05:00,25.36415562194695,25.42665062942834,25.02266382902276,25.114173889160156,119526000
2014-12-31 00:00:00-05:00,25.181130207567428,25.25032085557392,24.598584866414512,24.63652801513672,165613600
2015-01-02 00:00:00-05:00,24.86196401639889,24.873124570131942,23.9602461069059,24.402177810668945,212818400
2015-01-05 00:00:00-05:00,24.170050372190033,24.25040158479187,23.52724237423664,23.7147274017334,257142000
2015-01-06 00:00:00-05:00,23.77945018180192,23.978095723064488,23.353142348688607,23.716955184936523,263188400
2015-01-07 00:00:00-05:00,23.92675554529135,24.149952898149888,23.81515686886208,24.049514770507812,160423600
2015-01-08 00:00:00-05:00,24.379852330293865,25.031588318353744,24.261556279933213,24.973556518554688,237458000
2015-01-09 00:00:00-05:00,25.147652733474732,25.277107644890208,24.598587288313173,25.000343322753906,214798000
2015-01-12 00:00:00-05:00,25.132024460232543,25.13872010912493,24.28387544426648,24.384313583374023,198603200
2015-01-13 00:00:00-05:00,24.870887293938704,25.176668356572744,24.308430573852906,24.600818634033203,268367600
2015-01-14 00:00:00-05:00,24.337440072834205,24.6610755601539,24.216913295407785,24.507070541381836,195826400
2015-01-15 00:00:00-05:00,24.55171343188408,24.565104730658685,23.80623495050742,23.84194564819336,240056000
2015-01-16 00:00:00-05:00,23.8888141585506,24.011573392783344,23.48036256413342,23.656688690185547,314053200
2015-01-20 00:00:00-05:00,24.069603141827816,24.321817255340985,23.770519488639696,24.26601791381836,199599600
2015-01-21 00:00:00-05:00,24.31735886870523,24.788305573545262,24.165584550990985,24.451278686523438,194303600
2015-01-22 00:00:00-05:00,24.609748546594894,25.10301465128696,24.489221732803983,25.087390899658203,215185600
2015-01-23 00:00:00-05:00,25.065062665752425,25.388698136680148,24.893199755532954,25.21683692932129,185859200
2015-01-26 00:00:00-05:00,25.386471840874762,25.52485484213191,25.176667442475832,25.24362564086914,222460000
2015-01-27 00:00:00-05:00,25.091851298643792,25.105244300588932,24.335212248892866,24.359764099121094,382274800
2015-01-28 00:00:00-05:00,26.254706729781145,26.364074670097324,25.736888885498047,25.736888885498047,585908400
2015-01-29 00:00:00-05:00,25.96232018922395,26.60289730791552,25.792689696986354,26.538169860839844,337745600
2015-01-30 00:00:00-05:00,26.426569335015913,26.783684791665962,26.080612725312566,26.149805068969727,334982000
2015-02-02 00:00:00-05:00,26.348455879850547,26.598435898215513,25.908756693869247,26.477909088134766,250956400
2015-02-03 00:00:00-05:00,26.448888522940877,26.58057415475364,26.25024299853331,26.48236846923828,207662800
2015-02-04 00:00:00-05:00,26.44889142298038,26.89751866569024,26.406483372829705,26.68548011779785,280598800
2015-02-05 00:00:00-05:00,26.893871005768656,26.940928943037942,26.721331504246358,26.875946044921875,168984800
2015-02-06 00:00:00-05:00,26.89387794426028,26.945416707642668,26.542075066855617,26.649633407592773,174826400
2015-02-09 00:00:00-05:00,26.564479455259214,26.853538917635916,26.537589447548616,26.826650619506836,155559200
2015-02-10 00:00:00-05:00,26.92749075199506,27.371166568714234,26.92525119973995,27.3420352935791,248034000
2015-02-11 00:00:00-05:00,27.51008771635239,27.991856325821196,27.449587337294208,27.982892990112305,294247200
2015-02-12 00:00:00-05:00,28.24731100746067,28.565503504644077,28.13751311503682,28.336942672729492,297898000
2015-02-13 00:00:00-05:00,28.520679376552263,28.520679376552263,28.155432444628527,28.47586441040039,217088800
2015-02-17 00:00:00-05:00,28.56773721488256,28.87920757265363,28.44001267360755,28.643924713134766,252609600
2015-02-18 00:00:00-05:00,28.599110866824834,28.856801236200344,28.558776707187086,28.84335708618164,179566800
2015-02-19 00:00:00-05:00,28.7895780627907,28.912821807497334,28.755967686581343,28.782855987548828,149449600
2015-02-20 00:00:00-05:00,28.820948893919905,29.018138885498047,28.69322604513017,29.018138885498047,195793600
2015-02-23 00:00:00-05:00,29.134650375213933,29.80240249633789,29.0539820813145,29.80240249633789,283896400
2015-02-24 00:00:00-05:00,29.788965785957867,29.93685826488157,29.39234629035813,29.616424560546875,276912400
2015-02-25 00:00:00-05:00,29.47973708089169,29.488702126552784,28.7156293485311,28.859039306640625,298846800
2015-02-26 00:00:00-05:00,28.859036481962764,29.325119654989994,28.370547535302055,29.224285125732422,365150000
2015-02-27 00:00:00-05:00,29.13017809640499,29.257904364641508,28.735801531537103,28.785099029541016,248059200
2015-03-02 00:00:00-05:00,28.96211333451418,29.19291365467207,28.749239684359956,28.926259994506836,192386800
2015-03-03 00:00:00-05:00,28.897134968232272,29.02261825134398,28.702184549889484,28.986764907836914,151265200
2015-03-04 00:00:00-05:00,28.92850526996952,29.03157935674918,28.753724497462297,28.80301856994629,126665200
2015-03-05 00:00:00-05:00,28.811992290888345,28.85008519696524,28.180091464083723,28.325742721557617,226068400
2015-03-06 00:00:00-05:00,28.771646952195713,28.989003135933302,28.292121326545985,28.36830711364746,291368400
2015-03-09 00:00:00-04:00,28.673053412319803,29.03382125057244,28.023226128463367,28.489309310913086,354114000
2015-03-10 00:00:00-04:00,28.325733391513822,28.50723623328125,27.74088900183941,27.89998435974121,275426400
2015-03-11 00:00:00-04:00,27.95376383366097,27.958244646789183,27.362197345009736,27.391326904296875,275756000
2015-03-12 00:00:00-04:00,27.407013982348282,27.98737761870365,27.254640682994516,27.88654136657715,193450800
2015-03-13 00:00:00-04:00,27.875335037704737,28.099413290886314,27.467512685297518,27.693830490112305,207309200
2015-03-16 00:00:00-04:00,27.758815345842784,27.998579025268555,27.532497525071275,27.998579025268555,143497200
2015-03-17 00:00:00-04:00,28.21144892424755,28.529639594066495,28.15542936788867,28.46689796447754,204092400
2015-03-18 00:00:00-04:00,28.457939125188105,28.941948989176232,28.316770436315633,28.787334442138672,261083600
2015-03-19 00:00:00-04:00,28.850070766374177,28.962109876146503,28.54756551190512,28.56997299194336,183238000
2015-03-20 00:00:00-04:00,28.738036038435425,28.77164640882695,28.045635055067518,28.21145248413086,274780400
2015-03-23 00:00:00-04:00,28.48483102919933,28.648407213133506,28.35038269608214,28.50499725341797,150838800
2015-03-24 00:00:00-04:00,28.509481715073335,28.69098287412868,28.3593479608269,28.388479232788086,131369200
2015-03-25 00:00:00-04:00,28.3548623934108,28.417604030836472,27.646774291992188,27.646774291992188,206620800
2015-03-26 00:00:00-04:00,27.507848385128163,27.98289321443739,27.47199504200517,27.8394832611084,190291600
2015-03-27 00:00:00-04:00,27.91342271214696,27.942552264165613,27.541453770385925,27.617639541625977,158184800
2015-03-30 00:00:00-04:00,27.796907182365555,28.323490720107106,27.78570258619987,28.316768646240234,188398800
2015-03-31 00:00:00-04:00,28.2540281350776,28.343659784649315,27.866373686833604,27.88205909729004,168362400
2015-04-01 00:00:00-04:00,27.969447022180145,28.03667118083379,27.58403215967285,27.84172248840332,162485600
2015-04-02 00:00:00-04:00,28.016508560541173,28.135269781705848,27.82828361595905,28.081491470336914,128880400
2015-04-06 00:00:00-04:00,27.89101888413368,28.572216940783605,27.859648067212675,28.53636360168457,148776000
2015-04-07 00:00:00-04:00,28.60135195164169,28.708908570290046,28.229382890242142,28.23610496520996,140049200
2015-04-08 00:00:00-04:00,28.200243722022957,28.32348742719166,28.003055503334178,28.144224166870117,149316800
2015-04-09 00:00:00-04:00,28.200252913778336,28.363830820357872,27.93360090685189,28.35934829711914,129936000
2015-04-10 00:00:00-04:00,28.222656337182343,28.504995425205994,28.06804349934442,28.4803466796875,160752000
2015-04-13 00:00:00-04:00,28.764926064245227,28.809744453012385,28.37054954490052,28.424327850341797,145460400
2015-04-14 00:00:00-04:00,28.457944368123655,28.522927280885717,28.213699839421686,28.301090240478516,102098400
2015-04-15 00:00:00-04:00,28.325728246936585,28.487063127215972,28.236096618171732,28.40863609313965,115881600
2015-04-16 00:00:00-04:00,28.296608055102798,28.480352196645732,28.25851515358846,28.27195930480957,113476000
2015-04-17 00:00:00-04:00,28.133033018949757,28.265238403668814,27.888786767599385,27.95376968383789,207828000
2015-04-20 00:00:00-04:00,28.13750764172988,28.708906191204278,28.047875993896206,28.59238624572754,188217200
2015-04-21 00:00:00-04:00,28.704426426885995,28.72683220135174,28.383992737643492,28.437772750854492,129740400
2015-04-22 00:00:00-04:00,28.455693128777728,28.87695957358542,28.3055611293048,28.820940017700195,150618000
2015-04-23 00:00:00-04:00,28.749242504282538,29.22428733890605,28.713389160758453,29.056228637695312,183083600
2015-04-24 00:00:00-04:00,29.239974811455344,29.271345632626424,28.95763400175254,29.192916870117188,178103600
2015-04-27 00:00:00-04:00,29.647799869200284,29.83154571976573,29.38786821583805,29.72398567199707,387816800
2015-04-28 00:00:00-04:00,30.12957428667186,30.14749754452311,29.033831370447555,29.255666732788086,475696000
2015-04-29 00:00:00-04:00,29.16602600092239,29.486456258985648,28.749240316864842,28.82542610168457,253544400
2015-04-30 00:00:00-04:00,28.825424763199425,28.825424763199425,27.915667652508432,28.043392181396484,332781600
2015-05-01 00:00:00-04:00,28.25627088741435,29.159307795740478,28.077009288393572,28.894893646240234,234050400
2015-05-04 00:00:00-04:00,29.018132372488036,29.257897732902798,28.740274121188833,28.838869094848633,203953200
2015-05-05 00:00:00-04:00,28.71562485323517,28.782849008517314,28.184560522915117,28.189043045043945,197085600
2015-05-06 00:00:00-04:00,28.359342274074198,28.401917687891306,27.64229257052013,28.012022018432617,288564000
2015-05-07 00:00:00-04:00,28.07502924906583,28.369799105271024,27.906268549351818,28.185287475585938,175763600
2015-05-08 00:00:00-04:00,28.50480419404181,28.716318130493164,28.376546145001022,28.716318130493164,222201600
2015-05-11 00:00:00-04:00,28.6645666130698,28.702818625481918,28.268541032452497,28.42380142211914,168143200
2015-05-12 00:00:00-04:00,28.2617930959097,28.549811098322007,28.08628223298487,28.322547912597656,192640000
2015-05-13 00:00:00-04:00,28.385551544233984,28.61956659961784,28.32254782100039,28.354049682617188,138776800
2015-05-14 00:00:00-04:00,28.669068303286668,29.015588760375977,28.612814737084527,29.015588760375977,180814000
2015-05-15 00:00:00-04:00,29.042591174495556,29.137096748389844,28.84907878029915,28.975086212158203,152832000
2015-05-18 00:00:00-04:00,28.887331899784755,29.413864446022234,28.88283065320418,29.294607162475586,203531600
2015-05-19 00:00:00-04:00,29.407106813343486,29.44986006137204,29.17084121291072,29.26759910583496,178532800
2015-05-20 00:00:00-04:00,29.251855756690944,29.472368784876682,29.103345511130087,29.265356063842773,145819600
2015-05-21 00:00:00-04:00,29.26760395911147,29.61862562553065,29.2135993052605,29.564620971679688,158921600
2015-05-22 00:00:00-04:00,29.611876635361416,29.92014505876326,29.566871038663216,29.823387145996094,182384000
2015-05-26 00:00:00-04:00,29.836894426826532,29.906648303165834,29.053842272800154,29.166349411010742,282790400
2015-05-27 00:00:00-04:00,29.328358621186013,29.7603856001102,29.26310599472904,29.71088218688965,183332800
2015-05-28 00:00:00-04:00,29.67038345160056,29.6906339130149,29.499373832803684,29.652381896972656,122933200
2015-05-29 00:00:00-04:00,29.528624185478247,29.578127603736196,29.229354769080864,29.314861297607422,203538000
2015-06-01 00:00:00-04:00,29.31485340213288,29.56461933300196,29.26310109096387,29.373355865478516,128451200
2015-06-02 00:00:00-04:00,29.22035036650728,29.400362451497017,29.098844183370048,29.24285316467285,134670400
2015-06-03 00:00:00-04:00,29.400360162542007,29.463363872366543,29.22934715006569,29.278850555419922,123934000
2015-06-04 00:00:00-04:00,29.157350629707157,29.382364908281733,29.006591475075638,29.107847213745117,153800400
2015-06-05 00:00:00-04:00,29.139345456628625,29.182098713599586,28.88282934824784,28.948081970214844,142507200
2015-06-08 00:00:00-04:00,29.004338131207934,29.074095439246292,28.538560376068123,28.756824493408203,210699200
2015-06-09 00:00:00-04:00,28.509309400661532,28.81983021460123,28.266295276054823,28.67131996154785,224301600
2015-06-10 00:00:00-04:00,28.78382268288755,29.103342508481713,28.76807175392791,28.99983787536621,156349200
2015-06-11 00:00:00-04:00,29.067343173059154,29.29235745407102,28.90983386303994,28.934585571289062,141563600
2015-06-12 00:00:00-04:00,28.84457629498547,28.876078151597195,28.6015605010758,28.615060806274414,147544800
2015-06-15 00:00:00-04:00,28.374295762045513,28.630811862298078,28.286540344418185,28.558807373046875,175955600
2015-06-16 00:00:00-04:00,28.58355873911036,28.76807034792949,28.435050232852237,28.711816787719727,125976400
2015-06-17 00:00:00-04:00,28.738823209557996,28.77482460052633,28.5183084667573,28.644317626953125,131672400
2015-06-18 00:00:00-04:00,28.628562445469242,28.871576519407704,28.626311822392086,28.77482032775879,141628800
2015-06-19 00:00:00-04:00,28.73656900393213,28.76132070820355,28.44180089252832,28.48680305480957,218867600
2015-06-22 00:00:00-04:00,28.687067037695257,28.815325095039967,28.594812085363642,28.714069366455078,136157200
2015-06-23 00:00:00-04:00,28.684814561613123,28.714065793254314,28.549804651337293,28.58355712890625,121075600
2015-06-24 00:00:00-04:00,28.62406684875399,29.206854736747598,28.603816387230022,28.826580047607422,221123600
2015-06-25 00:00:00-04:00,28.995329518644734,29.07183352148174,28.68931007385254,28.68931007385254,127752400
2015-06-26 00:00:00-04:00,28.727564346799085,28.79956882675415,28.466548750732812,28.520551681518555,176267200
2015-06-29 00:00:00-04:00,28.230291871516695,28.457556779094478,28.009778834507664,28.021028518676758,196645600
2015-06-30 00:00:00-04:00,28.255041212206862,28.37879974475464,28.095281289923204,28.223539352416992,177482800
2015-07-01 00:00:00-04:00,28.55430801495389,28.56330879075463,28.34954422811258,28.48680305480957,120955200
2015-07-02 00:00:00-04:00,28.448553133417867,28.507057322055854,28.30004289688819,28.450803756713867,108844000
2015-07-06 00:00:00-04:00,28.113274969529208,28.40354349634609,28.09302279863764,28.351789474487305,112241600
2015-07-07 00:00:00-04:00,28.327043712862874,28.385547898375197,27.85001288622871,28.282041549682617,187787200
2015-07-08 00:00:00-04:00,28.009770269462386,28.045771651206554,27.573242142529633,27.579992294311523,243046400
2015-07-09 00:00:00-04:00,27.868015393751143,27.915268181727402,26.826200001575437,27.0174617767334,314380000
2015-07-10 00:00:00-04:00,27.438237368594187,27.868013680464323,27.273976215679752,27.739755630493164,245418000
2015-07-13 00:00:00-04:00,28.133533264635982,28.2977944333643,27.97377334257014,28.275293350219727,165762000
2015-07-14 00:00:00-04:00,28.3608019307929,28.43505706011183,28.135787635927887,28.26404571533203,127072400
2015-07-15 00:00:00-04:00,28.288792946751034,28.610563406137942,28.25729108779477,28.53630828857422,134596800
2015-07-16 00:00:00-04:00,28.74331998204219,28.93008393936789,28.655564561367914,28.916580200195312,144889600
2015-07-17 00:00:00-04:00,29.044843212459273,29.166349411010742,28.87158125825026,29.166349411010742,184658800
2015-07-20 00:00:00-04:00,29.470107690733116,29.920136054725752,29.40935290022981,29.71762466430664,235600800
2015-07-21 00:00:00-04:00,29.893147495860166,29.908896709554586,29.32386166071359,29.420616149902344,307025600
2015-07-22 00:00:00-04:00,27.44949172011706,28.2392923288821,27.44949172011706,28.176288604736328,461802400
2015-07-23 00:00:00-04:00,28.39679404115336,28.59705656077104,28.14027796621111,28.16278076171875,203998000
2015-07-24 00:00:00-04:00,28.198790056431097,28.293295643879354,27.879270184550194,28.014278411865234,168649200
2015-07-27 00:00:00-04:00,27.697004494674868,27.814012871473132,27.478742104086024,27.625,177822000
2015-07-28 00:00:00-04:00,27.762258529663086,27.881517528431313,27.575498000261533,27.762258529663086,134472400
2015-07-29 00:00:00-04:00,27.71051216149341,27.789266825346164,27.51249847326601,27.674509048461914,148046800
2015-07-30 00:00:00-04:00,27.52374653942406,27.58000010917572,27.38648769189219,27.534997940063477,134513200
2015-07-31 00:00:00-04:00,27.586750861162592,27.59575163852479,27.206477888765566,27.294233322143555,171540000
2015-08-03 00:00:00-04:00,27.339231223212735,27.57999640070711,26.44367375782697,26.65068817138672,279904000
2015-08-04 00:00:00-04:00,26.421172652323886,26.484176367241325,25.482863647898117,25.79563331604004,496554400
2015-08-05 00:00:00-04:00,25.415360222178116,26.4256754952331,25.224098442702473,25.966646194458008,397250400
2015-08-06 00:00:00-04:00,26.213019815466076,26.332816904003156,25.794859548584395,26.023151397705078,211612000
2015-08-07 00:00:00-04:00,25.898829926889494,26.27630416204882,25.88074689509325,26.111299514770508,154681600
2015-08-10 00:00:00-04:00,26.33960090086354,27.121674152018112,26.33960090086354,27.060646057128906,219806400
2015-08-11 00:00:00-04:00,26.62891967335874,26.71255241779331,25.616293845009203,25.65245819091797,388331200
2015-08-12 00:00:00-04:00,25.435468865152515,26.088703471862885,24.779973447747796,26.048017501831055,404870000
2015-08-13 00:00:00-04:00,26.228842747965476,26.310214682846418,25.889793594125944,26.027673721313477,194143200
2015-08-14 00:00:00-04:00,25.840068387664665,26.28987315523273,25.769998774863275,26.21076202392578,171718000
2015-08-17 00:00:00-04:00,26.228843025918323,26.592755926188673,26.106785122303435,26.48200035095215,163538800
2015-08-18 00:00:00-04:00,26.316996759295993,26.545290350950975,26.222063405159837,26.33281898498535,138242800
2015-08-19 00:00:00-04:00,26.24240378732625,26.33733713516654,25.921437673489194,25.996028900146484,193146000
2015-08-20 00:00:00-04:00,25.785825818522525,25.846853924219843,25.23204434692786,25.46259880065918,274006400
2015-08-21 00:00:00-04:00,24.960804329133722,25.29307284975455,23.880367727722835,23.905231475830078,513102000
2015-08-24 00:00:00-04:00,21.443729903279383,24.59236651599995,20.795015220686075,23.308500289916992,648825200
2015-08-25 00:00:00-04:00,25.11450104030048,25.11450104030048,23.39439153444601,23.448638916015625,414406400
2015-08-26 00:00:00-04:00,24.205848647645027,24.838741097000852,23.744743311806378,24.793535232543945,387098400
2015-08-27 00:00:00-04:00,25.367657267274897,25.595949111923243,24.868123353001913,25.523618698120117,338464400
2015-08-28 00:00:00-04:00,25.35409480367859,25.611772017488907,25.211694782728614,25.60725212097168,212657600
2015-08-31 00:00:00-04:00,25.322448793847784,25.88753067079518,25.3156680872433,25.48745346069336,224917200
2015-09-01 00:00:00-04:00,24.897507166520633,25.288542849024317,24.266875602047882,24.348247528076172,307383600
2015-09-02 00:00:00-04:00,24.915591468267202,25.392518997192383,24.666954056916964,25.392518997192383,247555200
2015-09-03 00:00:00-04:00,25.426423431232084,25.491973135327317,24.872643886434922,24.947235107421875,212935600
2015-09-04 00:00:00-04:00,24.630790068567904,24.965317586775058,24.52681520617957,24.698598861694336,199985200
2015-09-08 00:00:00-04:00,25.259162478628728,25.44224847361586,24.935935543032095,25.385740280151367,219374400
2015-09-09 00:00:00-04:00,25.713492924562917,25.772260213472997,24.81162077186571,24.89751434326172,340043200
2015-09-10 00:00:00-04:00,24.9246315636407,25.60499065074722,24.84100054652826,25.444507598876953,251571200
2015-09-11 00:00:00-04:00,25.26820195108517,25.815200805664062,25.26142124433724,25.815200805664062,199662000
2015-09-14 00:00:00-04:00,26.35089962283232,26.420969226722573,25.96212299900297,26.0638370513916,233453600
2015-09-15 00:00:00-04:00,26.20398136731793,26.339600696179318,25.862671372163664,26.283092498779297,173364800
2015-09-16 00:00:00-04:00,26.276312943485987,26.341862662284214,26.09322692771765,26.31247901916504,148694000
2015-09-17 00:00:00-04:00,26.14295499874932,26.330560915887407,25.70445080613911,25.749656677246094,256450400
2015-09-18 00:00:00-04:00,25.363137203268323,25.835546594678465,25.28628688835087,25.643417358398438,297141200
2015-09-21 00:00:00-04:00,25.693148064464292,26.077404860690933,25.69088897809055,26.04123878479004,200888000
2015-09-22 00:00:00-04:00,25.627590882634113,25.80841776049585,25.433202592505264,25.632112503051758,201384800
2015-09-23 00:00:00-04:00,25.684099950679705,25.930476537136478,25.60951045614965,25.840063095092773,143026800
2015-09-24 00:00:00-04:00,25.598209464031715,26.106783161992613,25.39930126075785,25.99376678466797,200878000
2015-09-25 00:00:00-04:00,26.319254356342373,26.375762544689383,25.77225378252857,25.9282169342041,224607600
2015-09-28 00:00:00-04:00,25.733832129437967,25.89657600993768,25.41512680053711,25.41512680053711,208436000
2015-09-29 00:00:00-04:00,25.503279039218995,25.65698139894792,24.379895844147875,24.651134490966797,293461600
2015-09-30 00:00:00-04:00,24.902032098788954,25.211697642383665,24.57654605334293,24.93141746520996,265892000
2015-10-01 00:00:00-04:00,24.653395740144767,24.77771446143579,24.25557755650679,24.768672943115234,255716400
2015-10-02 00:00:00-04:00,24.413804379627862,25.09190281209068,24.30982949358945,24.949501037597656,232079200
2015-10-05 00:00:00-04:00,24.836477638093786,25.173267673010308,24.653391664724793,25.039907455444336,208258800
2015-10-06 00:00:00-04:00,25.006003769014598,25.256900272089418,24.811615456281075,25.159706115722656,192787200
2015-10-07 00:00:00-04:00,25.256898685787252,25.26367939228344,24.730243695498558,25.039907455444336,187062400
2015-10-08 00:00:00-04:00,24.906552540517907,24.906552540517907,24.45900687805101,24.75058937072754,247918400
2015-10-09 00:00:00-04:00,24.863602460921978,25.378956854193113,24.748325275745113,25.342792510986328,211064400
2015-10-12 00:00:00-04:00,25.48067601831147,25.48519591512914,25.18909352551404,25.225257873535156,121868800
2015-10-13 00:00:00-04:00,25.04895734345233,25.417390223647672,25.01731288623278,25.26820945739746,132197200
2015-10-14 00:00:00-04:00,25.15518758676722,25.207174158991183,24.76415012957074,24.91107177734375,177849600
2015-10-15 00:00:00-04:00,25.073818435133926,25.338276395801625,24.974363451842798,25.284029006958008,150694000
2015-10-16 00:00:00-04:00,25.26594427321059,25.31567176151821,24.98340329372936,25.09868049621582,156930400
2015-10-19 00:00:00-04:00,25.04443950458853,25.259170014015332,24.888476292261316,25.254650115966797,119036800
2015-10-20 00:00:00-04:00,25.166484392495637,25.806157459268803,25.048948126712347,25.715744018554688,195871200
2015-10-21 00:00:00-04:00,25.767738828178405,26.1248710609035,25.69992829935953,25.713491439819336,167180800
2015-10-22 00:00:00-04:00,25.84232878272177,26.106786727905273,25.79034048327443,26.106786727905273,166616400
2015-10-23 00:00:00-04:00,26.378025962340082,26.949890370896554,26.29439493352832,26.915985107421875,237467600
2015-10-26 00:00:00-04:00,26.689952755311023,26.70125336032598,25.97568829782075,26.05706024169922,265335200
2015-10-27 00:00:00-04:00,26.084179185627615,26.34185637763725,25.765472186593442,25.892051696777344,279537600
2015-10-28 00:00:00-04:00,26.43000757171896,26.965705770416264,26.23335847294562,26.95892333984375,342205600
2015-10-29 00:00:00-04:00,26.83009202446945,27.279898527278988,26.732897853828934,27.243732452392578,204909200
2015-10-30 00:00:00-04:00,27.347707959702145,27.39969626242328,26.999617241137656,27.01091957092285,197461200
2015-11-02 00:00:00-05:00,27.304757967958174,27.431335761118483,27.03577843299943,27.390649795532227,128813200
2015-11-03 00:00:00-05:00,27.302497846601074,27.912785621304913,27.28215400104794,27.704835891723633,182076000
2015-11-04 00:00:00-05:00,27.831412793934387,27.987375948356263,27.49010457194336,27.57599639892578,179544400
2015-11-05 00:00:00-05:00,27.65999153824444,27.85067272756045,27.28090137985005,27.448881149291992,158210800
2015-11-06 00:00:00-05:00,27.49200446974083,27.650903975420746,27.38077481576489,27.480653762817383,132169200
2015-11-09 00:00:00-05:00,27.457958621286625,27.65090854776831,27.25138922974447,27.369428634643555,135485600
2015-11-10 00:00:00-05:00,26.536335641057974,26.80192557865676,26.345654486868558,26.506824493408203,236511600
2015-11-11 00:00:00-05:00,26.41602472676974,26.654373995356984,26.15270355552121,26.357004165649414,180872000
2015-11-12 00:00:00-05:00,26.391056862998532,26.51817648402409,26.25258653357786,26.268476486206055,130102400
2015-11-13 00:00:00-05:00,26.150434075449294,26.23442481059294,25.485323121878956,25.50121307373047,183249600
2015-11-16 00:00:00-05:00,25.283296014974198,25.932517094321156,25.19703651344823,25.91889762878418,152426800
2015-11-17 00:00:00-05:00,26.086870416670113,26.11638155994805,25.723670333775,25.807661056518555,110467600
2015-11-18 00:00:00-05:00,26.27756570180739,26.670275407710424,26.218545115323934,26.624876022338867,186698800
2015-11-19 00:00:00-05:00,26.704316403092577,27.183287197056256,26.504556753219664,26.963096618652344,173183200
2015-11-20 00:00:00-05:00,27.058439099305794,27.22187961676051,26.978989328841728,27.081140518188477,137148400
2015-11-23 00:00:00-05:00,27.0743258990384,27.17874756448254,26.636215236522418,26.729286193847656,129930000
2015-11-24 00:00:00-05:00,26.633950301635895,27.09249022630384,26.586280438072034,26.98579978942871,171212800
2015-11-25 00:00:00-05:00,27.06070711843644,27.06524809454868,26.767876506695018,26.7928466796875,85553200
2015-11-27 00:00:00-05:00,26.851865568598665,26.879106227945556,26.69523480813501,26.742904663085938,52185600
2015-11-30 00:00:00-05:00,26.783766146735474,27.106107903819453,26.729286557149067,26.854137420654297,156721200
2015-12-01 00:00:00-05:00,26.956286474345752,26.969905938574925,26.527256032377736,26.636215209960938,139409600
2015-12-02 00:00:00-05:00,26.636219172410954,26.81101040477048,26.350199989800167,26.395599365234375,133546400
2015-12-03 00:00:00-05:00,26.45688629186341,26.51136588024421,25.92797516453661,26.150434494018555,166278000
2015-12-04 00:00:00-05:00,26.17087454586948,27.069795860974907,26.130014407370346,27.019855499267578,231108000
2015-12-07 00:00:00-05:00,27.008489602970826,27.208249192809475,26.742898003136368,26.84958839416504,128336800
2015-12-08 00:00:00-05:00,26.67707555572979,26.92223630513722,26.527256252341864,26.838247299194336,137238000
2015-12-09 00:00:00-05:00,26.70431506523871,26.715665772951155,26.123194853358253,26.24577522277832,185445600
2015-12-10 00:00:00-05:00,26.341115126591664,26.545415743794713,26.220805244203998,26.370624542236328,116850800
2015-12-11 00:00:00-05:00,26.14816368697437,26.193563051751642,25.616982113331595,25.691892623901367,187544800
2015-12-14 00:00:00-05:00,25.464902048379784,25.578402235485793,24.92237129256308,25.533002853393555,257274800
2015-12-15 00:00:00-05:00,25.410410196901275,25.605630563186843,25.04947887528044,25.08125877380371,213292400
2015-12-16 00:00:00-05:00,25.212922566236188,25.421762420908287,24.69763266127082,25.274211883544922,224954000
2015-12-17 00:00:00-05:00,25.428574300524783,25.480785134540355,24.738494873046875,24.738494873046875,179091200
2015-12-18 00:00:00-05:00,24.72260783584418,24.861076449779823,24.01890539705155,24.068845748901367,385813200
2015-12-21 00:00:00-05:00,24.35259048553951,24.37302141192196,23.964420203020392,24.363941192626953,190362400
2015-12-22 00:00:00-05:00,24.379833380535217,24.45247340968602,24.16418204920867,24.341243743896484,131157600
2015-12-23 00:00:00-05:00,24.350321564262508,24.708982456052443,24.334431612442696,24.654502868652344,130629600
2015-12-24 00:00:00-05:00,24.743032977798695,24.743032977798695,24.504681967372704,24.522842407226562,54281600
2015-12-28 00:00:00-05:00,24.422966076825993,24.445667496630556,24.102896493708755,24.24817657470703,106816800
2015-12-29 00:00:00-05:00,24.279951213544443,24.84064221625008,24.257251530542657,24.684011459350586,123724800
2015-12-30 00:00:00-05:00,24.647696162191465,24.674935093297638,24.329895354910594,24.361675262451172,100855200
2015-12-31 00:00:00-05:00,24.291304976910336,24.295844221331826,23.794173716818843,23.894054412841797,163649200
2016-01-04 00:00:00-05:00,23.292499899565623,23.91902118500126,23.154029584091173,23.914480209350586,270597600
2016-01-05 00:00:00-05:00,24.005285859027417,24.027985546561634,23.247105557758676,23.315204620361328,223164000
2016-01-06 00:00:00-05:00,22.827148778133324,23.23802048376684,22.670519754542166,22.858928680419922,273829600
2016-01-07 00:00:00-05:00,22.400391776403694,22.72954154955698,21.889641053450315,21.894180297851562,324377600
2016-01-08 00:00:00-05:00,22.3708820442151,22.498001668166502,21.964551266941875,22.009950637817383,283192000
2016-01-11 00:00:00-05:00,22.46622516119178,22.486654361614086,22.096213478263284,22.366344451904297,198957600
2016-01-12 00:00:00-05:00,22.824883393479382,22.85666330045998,22.436711313305555,22.69095230102539,196616800
2016-01-13 00:00:00-05:00,22.77266819142516,22.970159059983878,22.087128102699292,22.10755729675293,249758400
2016-01-14 00:00:00-05:00,22.236952121873397,22.808993923398003,21.7330111121077,22.59107208251953,252680400
2016-01-15 00:00:00-05:00,21.837433529935687,22.180204552035978,21.646754062409872,22.04854393005371,319335600
2016-01-19 00:00:00-05:00,22.339105086072617,22.393584684687294,21.67853324185322,21.94185447692871,212350800
2016-01-20 00:00:00-05:00,21.587731939678942,22.28916388929615,21.206371300050932,21.971363067626953,289337600
2016-01-21 00:00:00-05:00,22.032653141651238,22.218793357051666,21.551413514061213,21.86013412475586,208646000
2016-01-22 00:00:00-05:00,22.3890420669074,23.031453420545684,22.330023227681863,23.02237319946289,263202000
2016-01-25 00:00:00-05:00,23.045065720505235,23.04733620803871,22.520695672117974,22.572906494140625,207178000
2016-01-26 00:00:00-05:00,22.6841363520178,22.899785909128934,22.261915724266377,22.697755813598633,300308000
2016-01-27 00:00:00-05:00,21.80111282053254,21.935042189581257,21.188210864557075,21.206371307373047,533478800
2016-01-28 00:00:00-05:00,21.29035090882269,21.45606010009614,20.972550253444783,21.358449935913086,222715200
2016-01-29 00:00:00-05:00,21.517356983846813,22.096206665039062,21.4174763053569,22.096206665039062,257666000
2016-02-01 00:00:00-05:00,21.8987210286812,21.953200620260606,21.655830756874085,21.88964080810547,163774000
2016-02-02 00:00:00-05:00,21.66037201596017,21.801112850162518,21.40159176704387,21.446992874145508,149428800
2016-02-03 00:00:00-05:00,21.56502896913219,21.982708698918596,21.35618910423899,21.871479034423828,183857200
2016-02-04 00:00:00-05:00,21.878327073078896,22.213828505371765,21.72541199916676,22.047218322753906,185886800
2016-02-05 00:00:00-05:00,22.028954080595476,22.120247237995184,21.38305877925948,21.4583740234375,185672400
2016-02-08 00:00:00-05:00,21.255248830889677,21.841805092242883,21.234708783513437,21.684326171875,216085600
2016-02-09 00:00:00-05:00,21.52000204180655,21.896585304730777,21.437838357485898,21.679763793945312,177324800
2016-02-10 00:00:00-05:00,21.892015549518852,21.990155390499936,21.47663333121403,21.515432357788086,169374400
2016-02-11 00:00:00-05:00,21.40588152435314,21.61813737418659,21.132002053547843,21.385339736938477,200298800
2016-02-12 00:00:00-05:00,21.497181735322503,21.567933128059135,21.227867791691597,21.451534271240234,161405600
2016-02-16 00:00:00-05:00,21.686608441234178,22.104273507103454,21.593034206988033,22.056344985961914,196231600
2016-02-17 00:00:00-05:00,22.063195048973153,22.414672665797934,21.944515131955516,22.394132614135742,179452800
2016-02-18 00:00:00-05:00,22.55845717370984,22.56986947382545,21.930818975347016,21.969619750976562,156084000
2016-02-19 00:00:00-05:00,21.910279306220808,22.08373617161804,21.864633587508536,21.919408798217773,141496800
2016-02-22 00:00:00-05:00,21.981028026050943,22.11568584007992,21.892017666469222,22.111120223999023,137123200
2016-02-23 00:00:00-05:00,22.001566513288473,22.024389366450066,21.579337635346697,21.611289978027344,127770400
2016-02-24 00:00:00-05:00,21.44925264367778,21.99700826817447,21.298618628050328,21.933103561401367,145022800
2016-02-25 00:00:00-05:00,21.92168806606862,22.08373260498047,21.739101738163065,22.08373260498047,110330800
2016-02-26 00:00:00-05:00,22.184147625024544,22.37129777783928,22.04264491269621,22.117961883544922,115964400
2016-02-29 00:00:00-05:00,22.10655568198694,22.419234205742328,22.05862716221812,22.06775665283203,140865200
2016-03-01 00:00:00-05:00,22.286860402708303,22.998943296178215,22.234366264172372,22.944168090820312,201628400
2016-03-02 00:00:00-05:00,22.939601936315764,23.026329481286727,22.74103944237568,22.99437713623047,132678400
2016-03-03 00:00:00-05:00,22.955582859789725,23.21348448148329,22.925911575187918,23.165555953979492,147822800
2016-03-04 00:00:00-05:00,23.364120652022372,23.679080322465417,23.13588855252873,23.510189056396484,184220400
2016-03-07 00:00:00-05:00,23.36867990208432,23.4691025631904,23.042307994761952,23.25,143315600
2016-03-08 00:00:00-05:00,23.001222939223336,23.22489108733853,22.914495397567972,23.05828094482422,126247600
2016-03-09 00:00:00-05:00,23.122189812327264,23.183813444628413,22.884828257166735,23.078826904296875,108806800
2016-03-10 00:00:00-05:00,23.145011699044602,23.334442966314548,22.8574388449794,23.090234756469727,134054400
2016-03-11 00:00:00-05:00,23.334448436423745,23.343577928993046,23.16555717707335,23.339014053344727,109632800
2016-03-14 00:00:00-04:00,23.25913360089869,23.487365695541882,23.229462314180548,23.398353576660156,100304400
2016-03-15 00:00:00-04:00,23.72700289226702,24.00544626228544,23.70189722832947,23.868507385253906,160270800
2016-03-16 00:00:00-04:00,23.875355229584518,24.26334902359732,23.870789613407023,24.18575096130371,153214000
2016-03-17 00:00:00-04:00,24.083045238510966,24.29986673157269,23.95523584724754,24.14695167541504,137682800
2016-03-18 00:00:00-04:00,24.270198256311375,24.30671622447823,24.007732760520504,24.174341201782227,176820800
2016-03-21 00:00:00-04:00,24.17662388817894,24.56918333762998,23.996320339127706,24.172060012817383,142010800
2016-03-22 00:00:00-04:00,24.02142079205868,24.487014335128205,24.012291302044904,24.356922149658203,129777600
2016-03-23 00:00:00-04:00,24.30214784878434,24.43680391360053,24.16977285060175,24.222265243530273,102814000
2016-03-24 00:00:00-04:00,24.071635245353228,24.24965597058073,23.939260234855503,24.117280960083008,104532000
2016-03-28 00:00:00-04:00,24.192595969788208,24.23596061411099,23.9780572973773,24.007728576660156,77645600
2016-03-29 00:00:00-04:00,23.939264869537382,24.601138308893404,23.93698206097722,24.576032638549805,124760400
2016-03-30 00:00:00-04:00,24.79741379473536,25.201383776852254,24.786001495167717,25.005104064941406,182404400
2016-03-31 00:00:00-04:00,25.041623532248185,25.082705375373894,24.84990768390402,24.87501335144043,103553600
2016-04-01 00:00:00-04:00,24.827084186959695,25.105527589740415,24.694709169035665,25.10324478149414,103496000
2016-04-04 00:00:00-04:00,25.20138533675477,25.605357085148945,25.167150177205215,25.361148834228516,149424800
2016-04-05 00:00:00-04:00,24.993695726969662,25.272139144940315,24.97315393417756,25.062164306640625,106314800
2016-04-06 00:00:00-04:00,25.158020403496835,25.329194446207556,24.922939922171956,25.324628829956055,105616400
2016-04-07 00:00:00-04:00,25.094114653271763,25.201384001583374,24.67645130096717,24.772308349609375,127207600
2016-04-08 00:00:00-04:00,24.85675589419892,25.053033874913105,24.68786290654452,24.799697875976562,94326800
2016-04-11 00:00:00-04:00,24.870446360784793,25.244746777367904,24.8384940136086,24.88185691833496,117630000
2016-04-12 00:00:00-04:00,24.954898784183843,25.219648875154814,24.79970261657407,25.205955505371094,108929200
2016-04-13 00:00:00-04:00,25.28811205162056,25.63958787929069,25.28811205162056,25.57111930847168,133029200
2016-04-14 00:00:00-04:00,25.475261756671337,25.650999667002786,25.40907425397519,25.58481216430664,101895600
2016-04-15 00:00:00-04:00,25.587093956686232,25.630458601176407,25.043902332314428,25.0712890625,187756000
2016-04-18 00:00:00-04:00,24.852192314760156,24.865885683048756,24.407140432653915,24.530385971069336,243286000
2016-04-19 00:00:00-04:00,24.621675088132676,24.649063563394552,24.245093565598822,24.400291442871094,129539600
2016-04-20 00:00:00-04:00,24.338667264025553,24.66960306165408,24.206292248465154,24.45050048828125,122444000
2016-04-21 00:00:00-04:00,24.404853523469193,24.404853523469193,24.083045492578645,24.18575096130371,126210000
2016-04-22 00:00:00-04:00,23.966648994824958,24.30215040004206,23.877638631147658,24.119564056396484,134732400
2016-04-25 00:00:00-04:00,23.96436888397817,24.112720087228748,23.85253565007594,23.982627868652344,112126400
2016-04-26 00:00:00-04:00,23.715601917869034,24.032844445337098,23.715601917869034,23.816022872924805,224064800
2016-04-27 00:00:00-04:00,21.910276541764386,22.528785181021927,21.837242356276064,22.325658798217773,458408400
2016-04-28 00:00:00-04:00,22.27772659023429,22.339348466649653,21.510866898887315,21.64324188232422,328970800
2016-04-29 00:00:00-04:00,21.451537785081534,21.61814800904595,21.11375520190625,21.394479751586914,274126000
2016-05-02 00:00:00-04:00,21.446967696102416,21.47207336286963,21.08864341920151,21.37165069580078,192640400
2016-05-03 00:00:00-04:00,21.49945351882787,21.85093100476159,21.380773646006904,21.723121643066406,227325200
2016-05-04 00:00:00-04:00,21.727694094021583,21.88745760048025,21.412734439252297,21.497180938720703,164102000
2016-05-05 00:00:00-04:00,21.584436509386634,21.600509955861206,21.281335981670217,21.409923553466797,143562000
2016-05-06 00:00:00-04:00,21.439772216833315,21.458140615803124,21.090746358296872,21.290517807006836,174799600
2016-05-09 00:00:00-04:00,21.354807542173184,21.5316153929345,21.26066185081908,21.30658721923828,131745600
2016-05-10 00:00:00-04:00,21.430590689125065,21.48569939890544,21.150451973940534,21.451255798339844,134747200
2016-05-11 00:00:00-04:00,21.4650391037688,21.48570421761825,21.230823968893525,21.242305755615234,114876400
2016-05-12 00:00:00-04:00,21.290517233027987,21.304293969852434,20.544246955888575,20.744016647338867,305258800
2016-05-13 00:00:00-04:00,20.665946417071165,21.04941411347151,20.665946417071165,20.785348892211914,177571200
2016-05-16 00:00:00-04:00,21.214739534588226,21.67398273568657,21.044820040706497,21.556875228881836,245039200
2016-05-17 00:00:00-04:00,21.710729182066018,21.745171030404748,21.357111606836057,21.467329025268555,187667600
2016-05-18 00:00:00-04:00,21.621173076099158,21.86227473150578,21.559174256227475,21.71302032470703,168249600
2016-05-19 00:00:00-04:00,21.731393740557102,21.731393740557102,21.485698634677334,21.630359649658203,121768400
2016-05-20 00:00:00-04:00,21.731391555299908,21.91279285850245,21.703836328223577,21.864572525024414,128104000
2016-05-23 00:00:00-04:00,22.013832228227933,22.316932791393487,21.967906838733466,22.142419815063477,152074400
2016-05-24 00:00:00-04:00,22.32381859270122,22.52358832041949,22.23656123864103,22.479961395263672,140560800
2016-05-25 00:00:00-04:00,22.65676683776172,22.902461922914142,22.528179279737746,22.874908447265625,152675200
2016-05-26 00:00:00-04:00,22.88868797230688,23.129791424835727,22.649881226986444,23.056312561035156,225324800
2016-05-27 00:00:00-04:00,22.833577178995043,23.07008719552691,22.78994850538752,23.042531967163086,145364800
2016-05-31 00:00:00-04:00,22.87031725583196,23.054015286751998,22.691212639215763,22.93001937866211,169228800
2016-06-01 00:00:00-04:00,22.737140527329924,22.85654479534233,22.57870274167345,22.608552932739258,116693200
2016-06-02 00:00:00-04:00,22.41107201519653,22.466180719013348,22.1883387410995,22.438627243041992,160766400
2016-06-03 00:00:00-04:00,22.45470410330432,22.56492152770183,22.37663182180457,22.484554290771484,114019600
2016-06-06 00:00:00-04:00,22.500625290022338,23.39615008721964,22.399592953962966,22.6475830078125,93170000
2016-06-07 00:00:00-04:00,22.789946512188695,22.93231255180597,22.723356030039035,22.739429473876953,89638000
2016-06-08 00:00:00-04:00,22.737143202724674,22.861139148616353,22.659072654501095,22.718774795532227,83392400
2016-06-09 00:00:00-04:00,22.617736313122904,22.959872138400627,22.608551235359645,22.88180160522461,106405600
2016-06-10 00:00:00-04:00,22.62461714914932,22.812906800906784,22.613137119674104,22.693504333496094,126851600
2016-06-13 00:00:00-04:00,22.66135660930516,22.76009396888202,22.29625734877721,22.35136604309082,152082000
2016-06-14 00:00:00-04:00,22.34678033792777,22.613142309872252,22.21589605912726,22.37892723083496,127727600
2016-06-15 00:00:00-04:00,22.46158749391763,22.59706516488756,22.280186198275103,22.305444717407227,117780800
2016-06-16 00:00:00-04:00,22.147010014775596,22.44551889520583,22.059754408312994,22.399595260620117,125307200
2016-06-17 00:00:00-04:00,22.1860475375648,22.19293590772243,21.882946987508387,21.889835357666016,244032800
2016-06-20 00:00:00-04:00,22.043682656653093,22.17456695235199,21.82094933284324,21.83702278137207,137647600
2016-06-21 00:00:00-04:00,21.800280779953386,22.124046406889985,21.740578658324413,22.023014068603516,142185600
2016-06-22 00:00:00-04:00,22.101082113402104,22.248039817954282,21.894422293914968,21.94034767150879,116876400
2016-06-23 00:00:00-04:00,22.029904203965213,22.110271440365178,21.871464686580737,22.06664276123047,128960800
2016-06-24 00:00:00-04:00,21.33414309050883,21.735980879087204,21.274440985681114,21.446657180786133,301245600
2016-06-27 00:00:00-04:00,21.354813095999813,21.366294879059144,21.010380626709495,21.134376525878906,181958400
2016-06-28 00:00:00-04:00,21.331848152059095,21.506361068087333,21.157335236030857,21.490285873413086,161779600
2016-06-29 00:00:00-04:00,21.577547407368165,21.71072838899388,21.49947513294563,21.676284790039062,146124000
2016-06-30 00:00:00-04:00,21.685473469345656,21.99086899273501,21.653326572146778,21.951833724975586,143345600
2016-07-01 00:00:00-04:00,21.926574056712088,22.151604077262373,21.88983549834384,22.018423080444336,104106000
2016-07-05 00:00:00-04:00,21.90360895870844,21.905905665723278,21.690060755056177,21.81175994873047,110820800
2016-07-06 00:00:00-04:00,21.722206582798623,21.96560671011066,21.66939458716068,21.935754776000977,123796400
2016-07-07 00:00:00-04:00,21.97479104756017,22.158489066999984,21.956422647115506,22.0299015045166,100558400
2016-07-08 00:00:00-04:00,22.156194701117954,22.248043720543055,22.055162356437243,22.1998233795166,115648400
2016-07-11 00:00:00-04:00,22.215893527704306,22.42255335275544,22.211301865758312,22.268707275390625,95179600
2016-07-12 00:00:00-04:00,22.3123246107548,22.434023746597276,22.300844584884242,22.36972999572754,96670000
2016-07-13 00:00:00-04:00,22.367446067684476,22.427146436136564,22.236560043628128,22.243450164794922,103568800
2016-07-14 00:00:00-04:00,22.362857347063137,22.730251718728898,22.346783898048837,22.684328079223633,155676000
2016-07-15 00:00:00-04:00,22.71417279971084,22.80143014638199,22.6177321288498,22.682025909423828,120548000
2016-07-18 00:00:00-04:00,22.663650789080243,22.992009740922736,22.64068897989083,22.923124313354492,145975600
2016-07-19 00:00:00-04:00,22.861133821933766,22.962167921387675,22.81061677220681,22.93231773376465,95119600
2016-07-20 00:00:00-04:00,22.962168933999706,23.067794700871172,22.90246680424646,22.952983856201172,105104000
2016-07-21 00:00:00-04:00,22.923130676113182,23.19178759713513,22.76239446342434,22.831281661987305,130808000
2016-07-22 00:00:00-04:00,22.79223923094304,22.801424304653843,22.574097672027197,22.65446662902832,113254800
2016-07-25 00:00:00-04:00,22.560322543168706,22.695798448330038,22.254925390073552,22.35136604309082,161531600
2016-07-26 00:00:00-04:00,22.2319724437423,22.496037743413726,22.140123415351216,22.197528839111328,224959200
2016-07-27 00:00:00-04:00,23.942649777254157,23.961019930549917,23.593625624005938,23.639549255371094,369379200
2016-07-28 00:00:00-04:00,23.611989985128176,23.983975862808435,23.609693278561043,23.958717346191406,159479200
2016-07-29 00:00:00-04:00,23.924279492759744,24.006943424209968,23.80717196455958,23.928871154785156,110934800
2016-08-01 00:00:00-04:00,23.974796231047577,24.3743373934187,23.974796231047577,24.351375579833984,152671600
2016-08-02 00:00:00-04:00,24.35138316791545,24.35597483131356,23.880657959313744,23.990877151489258,135266400
2016-08-03 00:00:00-04:00,24.06664179114333,24.303151782976833,24.057456715981235,24.291671752929688,120810400
2016-08-04 00:00:00-04:00,24.374785000973706,24.471748108487436,24.30552463196998,24.441736221313477,109634800
2016-08-05 00:00:00-04:00,24.534081912783876,24.852677508008,24.51330485815504,24.813430786132812,162213600
2016-08-08 00:00:00-04:00,24.822664686301312,25.018901824951172,24.73955470364959,25.018901824951172,112148800
2016-08-09 00:00:00-04:00,24.986580802414583,25.150495141725003,24.93579009644371,25.120481491088867,105260800
2016-08-10 00:00:00-04:00,25.09739171773294,25.141256732354023,24.878070167355975,24.9334774017334,96034000
2016-08-11 00:00:00-04:00,25.05353008799634,25.148185814153717,24.89885058372226,24.917320251464844,109938000
2016-08-12 00:00:00-04:00,24.882691944119223,25.03506407245713,24.882691944119223,24.975038528442383,74641600
2016-08-15 00:00:00-04:00,24.965799099468555,25.289011204437255,24.95194773084673,25.27515983581543,103472800
2016-08-16 00:00:00-04:00,25.309791587316074,25.448312337216255,25.21282847147755,25.2520751953125,135177600
2016-08-17 00:00:00-04:00,25.187429169082893,25.24976384903775,25.011970871719146,25.215133666992188,101424000
2016-08-18 00:00:00-04:00,25.217445737816494,25.302864867214886,25.16896242051568,25.182815551757812,87938800
2016-08-19 00:00:00-04:00,25.111245909464056,25.323643560960328,25.01659194681669,25.24745750427246,101472400
2016-08-22 00:00:00-04:00,25.13203017995332,25.18743743258571,24.898855423134993,25.051227569580078,103280800
2016-08-23 00:00:00-04:00,25.069689429159148,25.238222057004748,25.05583805968518,25.129714965820312,85030800
2016-08-24 00:00:00-04:00,25.065068665602706,25.106624528380102,24.859598500026696,24.940401077270508,94700400
2016-08-25 00:00:00-04:00,24.792651664679944,24.90577529278238,24.628737332958018,24.83420753479004,100344800
2016-08-26 00:00:00-04:00,24.797269755922596,24.921935603851864,24.543316239936814,24.688762664794922,111065200
2016-08-29 00:00:00-04:00,24.614887923392775,24.804197621998664,24.53870186189705,24.661060333251953,99881200
2016-08-30 00:00:00-04:00,24.4255740427484,24.587179210950744,24.356313678453553,24.47174644470215,99455600
2016-08-31 00:00:00-04:00,24.393255253983032,24.603341991980045,24.388636956544104,24.494834899902344,118649600
2016-09-01 00:00:00-04:00,24.504062495467295,24.656434561385574,24.384013217980915,24.640274047851562,106806000
2016-09-02 00:00:00-04:00,24.864219709526456,24.933480080963786,24.66105865406905,24.87114715576172,107210000
2016-09-06 00:00:00-04:00,24.91038810085329,25.002734654232967,24.820350695683203,24.864213943481445,107521600
2016-09-07 00:00:00-04:00,24.894229765698253,25.10893477252454,24.718771475051224,25.01658821105957,169457200
2016-09-08 00:00:00-04:00,24.760333439329283,24.76494997592594,24.296293130640887,24.36093521118164,212008000
2016-09-09 00:00:00-04:00,24.15777346366359,24.40710870570433,23.809165954589844,23.809165954589844,186228000
2016-09-12 00:00:00-04:00,23.698353057205818,24.407110344804263,23.670648552441456,24.34246826171875,181171200
2016-09-13 00:00:00-04:00,24.82035448879391,25.11586209567792,24.758019807156778,24.921934127807617,248704800
2016-09-14 00:00:00-04:00,25.102007234490696,26.09472785316027,25.07199359144715,25.803836822509766,443554800
2016-09-15 00:00:00-04:00,26.286351486444012,26.71807069612055,26.200930599429537,26.68113136291504,359934400
2016-09-16 00:00:00-04:00,26.577241058410817,26.810413980886675,26.32790585755392,26.53106689453125,319547600
2016-09-19 00:00:00-04:00,26.59340582456691,26.82196224785607,26.145526050875528,26.221712112426758,188092000
2016-09-20 00:00:00-04:00,26.0993491964387,26.34637524616392,25.974681597320703,26.219398498535156,138057200
2016-09-21 00:00:00-04:00,26.28404131987537,26.31636235449632,25.958521825088894,26.21478271484375,144012800
2016-09-22 00:00:00-04:00,26.399476378240756,26.53568797426398,26.318673784683476,26.461811065673828,124296000
2016-09-23 00:00:00-04:00,26.415634814231574,26.50105569860829,25.753051837938283,26.020854949951172,209924800
2016-09-26 00:00:00-04:00,25.773829676006333,26.17784438560506,25.753052622110427,26.060102462768555,119477600
2016-09-27 00:00:00-04:00,26.08780258521054,26.129358447393756,25.935430503417393,26.108579635620117,98429600
2016-09-28 00:00:00-04:00,26.24710513100272,26.466426700526785,26.187079594391058,26.30712890625,118564400
2016-09-29 00:00:00-04:00,26.12474755846653,26.272501375637326,25.810770256637475,25.89849853515625,143548000
2016-09-30 00:00:00-04:00,25.963142186000486,26.173230703353045,25.81077182339093,26.099353790283203,145516400
2016-10-03 00:00:00-04:00,26.020858583402077,26.09935379431848,25.921586316321207,25.976993560791016,86807200
2016-10-04 00:00:00-04:00,26.101665704230886,26.39024772116733,26.002393419950153,26.087814331054688,118947200
2016-10-05 00:00:00-04:00,26.180156388740134,26.2401819310358,26.016242042909067,26.099353790283203,85812400
2016-10-06 00:00:00-04:00,26.24941081752153,26.39716462009632,26.117817532060723,26.293275833129883,115117200
2016-10-07 00:00:00-04:00,26.390237820332445,26.44795420206626,26.205546455602754,26.332521438598633,97433600
2016-10-10 00:00:00-04:00,26.554157208094107,26.953555421024888,26.484898593595414,26.791950225830078,144944000
2016-10-11 00:00:00-04:00,27.17287312495235,27.401431275812648,26.82657481786444,26.84966278076172,256164000
2016-10-12 00:00:00-04:00,27.09206897508945,27.237515382944014,26.95355001252277,27.089759826660156,150347200
2016-10-13 00:00:00-04:00,26.962787813865365,27.11285077373843,26.715761745655016,27.00665283203125,140769600
2016-10-14 00:00:00-04:00,27.214427960696057,27.281379175558982,27.04127881371531,27.15671157836914,142608800
2016-10-17 00:00:00-04:00,27.08745964019115,27.205199820921134,26.96048286328865,27.13825035095215,94499600
2016-10-18 00:00:00-04:00,27.2836900971922,27.290615781703252,27.115157474844473,27.119775772094727,98214000
2016-10-19 00:00:00-04:00,27.068988559849544,27.186730495807936,26.272503033849684,27.038976669311523,80138400
2016-10-20 00:00:00-04:00,26.978951185822094,27.09900050960104,26.856592713115315,27.025123596191406,96503200
2016-10-21 00:00:00-04:00,26.967402067032374,26.990490029184848,26.84504361762683,26.918920516967773,92770800
2016-10-24 00:00:00-04:00,27.03436012030466,27.182113956359192,27.011273913677016,27.16133689880371,94154800
2016-10-25 00:00:00-04:00,27.230590096411017,27.32524581451016,27.08283628977788,27.299850463867188,192516000
2016-10-26 00:00:00-04:00,26.390237648522813,26.711140587964493,26.159372123090574,26.685745239257812,264536800
2016-10-27 00:00:00-04:00,26.6395720268765,26.74807910234117,26.34175529678117,26.429485321044922,138248000
2016-10-28 00:00:00-04:00,26.28865659217717,26.5980155340574,26.19169173810711,26.254026412963867,151446800
2016-10-31 00:00:00-04:00,26.237873992862863,26.371776454407286,26.133983423168896,26.212478637695312,105677600
2016-11-01 00:00:00-04:00,26.19400990564196,26.26557767565828,25.517573649370107,25.73920440673828,175303200
2016-11-02 00:00:00-04:00,25.718423880973607,25.93774545966181,25.679177158280257,25.762287139892578,113326800
2016-11-03 00:00:00-04:00,25.753001921061294,25.86438532815724,25.421169162975424,25.486143112182617,107730400
2016-11-04 00:00:00-04:00,25.184481116264674,25.58360890351213,25.08702017391104,25.25641632080078,123348000
2016-11-07 00:00:00-05:00,25.54416366809183,25.64394562657687,25.400291471780783,25.62074089050293,130240000
2016-11-08 00:00:00-05:00,25.597532045422277,25.924724636518437,25.45598086677315,25.771570205688477,97016800
2016-11-09 00:00:00-05:00,25.497744625365524,25.831898387912485,25.073092950937323,25.729795455932617,236705600
2016-11-10 00:00:00-05:00,25.778528834982772,25.778528834982772,24.55794260277248,25.01276206970215,228538000
2016-11-11 00:00:00-05:00,24.857291675281484,25.263380727898976,24.7250227403881,25.161277770996094,136575600
2016-11-14 00:00:00-05:00,24.994197771351317,25.017402503133514,24.151853791845422,24.53009605407715,204702000
2016-11-15 00:00:00-05:00,24.72966703461235,24.987243703288495,24.63452707586613,24.8549747467041,129058000
2016-11-16 00:00:00-05:00,24.759829630580192,25.57897077185363,24.736624895309607,25.523277282714844,235362000
2016-11-17 00:00:00-05:00,25.481509139419625,25.606816839722256,25.25410024548395,25.513996124267578,110528000
2016-11-18 00:00:00-05:00,25.46062000833526,25.650901637979743,25.446697523612436,25.53951644897461,113715600
2016-11-21 00:00:00-05:00,25.553443760529785,25.98737777676372,25.52791802187982,25.927045822143555,117058400
2016-11-22 00:00:00-05:00,25.978096928294182,26.087161131962606,25.850469998577722,25.94329071044922,103862000
2016-11-23 00:00:00-05:00,25.841182055050115,25.875990035631354,25.602169969683658,25.811016082763672,109705600
2016-11-25 00:00:00-05:00,25.78780934015962,25.95952823730733,25.7460401179355,25.940963745117188,45903600
2016-11-28 00:00:00-05:00,25.857426581222043,26.09875968042336,25.84814433466728,25.88991355895996,108776000
2016-11-29 00:00:00-05:00,25.70659665491483,25.996660260012543,25.541840739668256,25.864391326904297,114115200
2016-11-30 00:00:00-05:00,25.896882356123513,26.03611255424731,25.588254207170277,25.64626693725586,144649200
2016-12-01 00:00:00-05:00,25.61145919622952,25.743728142161988,25.300510060804477,25.40725326538086,148347600
2016-12-02 00:00:00-05:00,25.33299579015191,25.546482188720603,25.258739574545068,25.50239372253418,106112000
2016-12-05 00:00:00-05:00,25.525597873642795,25.53255911707036,25.119508816562114,25.319072723388672,137298000
2016-12-06 00:00:00-05:00,25.409573925885997,25.609137844470794,25.337638712352373,25.513996124267578,104782000
2016-12-07 00:00:00-05:00,25.353879113165874,25.801737372996293,25.330674379733725,25.76460838317871,119994800
2016-12-08 00:00:00-05:00,25.725161091096183,26.089480907440777,25.664827365661104,26.017545700073242,108273200
2016-12-09 00:00:00-05:00,26.061630727787207,26.616232124694534,26.061630727787207,26.44219398498535,137610400
2016-12-12 00:00:00-05:00,26.289045572531432,26.68585238246524,26.10340415214247,26.291366577148438,105497600
2016-12-13 00:00:00-05:00,26.416668437053723,26.89933463950464,26.395784709935977,26.729938507080078,174935200
2016-12-14 00:00:00-05:00,26.69513052480965,26.964308595525434,26.681208040064483,26.729938507080078,136127200
2016-12-15 00:00:00-05:00,26.77403001092318,27.087300116581687,26.73922379510132,26.87613296508789,186098000
2016-12-16 00:00:00-05:00,27.026965607414166,27.033926850376503,26.836683961343702,26.910940170288086,177404400
2016-12-19 00:00:00-05:00,26.871491994470887,27.23813103093313,26.859888742574523,27.06641387939453,111117600
2016-12-20 00:00:00-05:00,27.089620964967516,27.265980140740968,27.07569847780913,27.138351440429688,85700000
2016-12-21 00:00:00-05:00,27.103543625430888,27.242773800033937,27.09890161637974,27.163875579833984,95132800
2016-12-22 00:00:00-05:00,26.999111920209625,27.03624090033501,26.834356054319453,26.98518943786621,104343600
2016-12-23 00:00:00-05:00,26.82275920947161,27.03856658935547,26.82275920947161,27.03856658935547,56998000
2016-12-27 00:00:00-05:00,27.038562479702577,27.33558903525459,27.0316012379269,27.210281372070312,73187600
2016-12-28 00:00:00-05:00,27.270620482814962,27.386645930661263,26.964313371317044,27.094263076782227,83623600
2016-12-29 00:00:00-05:00,27.022323614951226,27.175478041846567,27.010722133476158,27.087299346923828,60158000
2016-12-30 00:00:00-05:00,27.068735621204883,27.19636254350305,26.785633263135615,26.87613296508789,122345200
2017-01-03 00:00:00-05:00,26.871491746695412,26.994478425869065,26.63015862681926,26.952709197998047,115127600
2017-01-04 00:00:00-05:00,26.883090537840253,27.03624494817679,26.859885806991304,26.92253875732422,84472400
2017-01-05 00:00:00-05:00,26.89933828632658,27.117466685746564,26.873812547228166,27.0594539642334,88774400
2017-01-06 00:00:00-05:00,27.09890159545127,27.41913294423947,27.02696638888359,27.361120223999023,127007600
2017-01-09 00:00:00-05:00,27.37039558467833,27.7138316032795,27.36807635099583,27.61172866821289,134247600
2017-01-10 00:00:00-05:00,27.560677751285876,27.70222890667162,27.451615342585523,27.639575958251953,97848400
2017-01-11 00:00:00-05:00,27.553717894063794,27.829858976712067,27.521230916153115,27.788089752197266,110354400
2017-01-12 00:00:00-05:00,27.59084067894712,27.683661353717746,27.430725059227967,27.67205810546875,108344800
2017-01-13 00:00:00-05:00,27.639582191142807,27.757928643076042,27.569966214615533,27.62333869934082,104447600
2017-01-17 00:00:00-05:00,27.460902146267472,27.901799202161783,27.433057171845576,27.846107482910156,137759200
2017-01-18 00:00:00-05:00,27.846109151782862,27.96213460658196,27.778814175550433,27.843788146972656,94852000
2017-01-19 00:00:00-05:00,27.706870984440947,27.866984862096125,27.69990974242213,27.7950496673584,102389200
2017-01-20 00:00:00-05:00,27.950529677807936,27.950529677807936,27.783454520053056,27.846107482910156,130391600
2017-01-23 00:00:00-05:00,27.846105304703705,28.034065948979993,27.792732823890304,27.864669799804688,88200800
2017-01-24 00:00:00-05:00,27.74167900912093,27.8693059106199,27.73007575879946,27.839139938354492,92844000
2017-01-25 00:00:00-05:00,27.94356224202261,28.33340773121149,27.91107526545749,28.28235626220703,129510400
2017-01-26 00:00:00-05:00,28.23362518919527,28.412305326862022,28.2173817012626,28.296279907226562,105350400
2017-01-27 00:00:00-05:00,28.34269137963555,28.391421846894083,28.217383705081808,28.298601150512695,82251600
2017-01-30 00:00:00-05:00,28.061907470300447,28.224342346191406,27.999254524001753,28.224342346191406,121510000
2017-01-31 00:00:00-05:00,28.112962864518895,28.168654576832044,27.989976188390536,28.159372329711914,196804000
2017-02-01 00:00:00-05:00,29.47742287925065,30.28032047863512,29.472782640649545,29.876550674438477,447940000
2017-02-02 00:00:00-05:00,29.697871662353222,30.025062474399125,29.651460425263526,29.825498580932617,134841600
2017-02-03 00:00:00-05:00,29.77444674492959,29.97865264483707,29.739640530543227,29.953126907348633,98029200
2017-02-06 00:00:00-05:00,29.964733259260772,30.282641852931686,29.911359003925796,30.233909606933594,107383600
2017-02-07 00:00:00-05:00,30.29192057384011,30.651600149049994,30.27103684425891,30.521652221679688,152735200
2017-02-08 00:00:00-05:00,30.479885344968835,30.68176848307588,30.449717596675864,30.639997482299805,92016400
2017-02-09 00:00:00-05:00,30.68193817366544,30.86838439706654,30.558418306347473,30.861392974853516,113399600
2017-02-10 00:00:00-05:00,30.870728815177177,30.98259516868953,30.775174600888565,30.791486740112305,80262000
2017-02-13 00:00:00-05:00,31.015221329461916,31.18768476378496,30.938312104270572,31.06416130065918,92141600
2017-02-14 00:00:00-05:00,31.10610159945344,31.48365260151364,31.054828802116162,31.46734046936035,132904800
2017-02-15 00:00:00-05:00,31.583877721461334,31.7586704276619,31.374124340320627,31.581544876098633,142492400
2017-02-16 00:00:00-05:00,31.618838312668704,31.672440419396874,31.425400603156415,31.544261932373047,90338400
2017-02-17 00:00:00-05:00,31.485993280567097,31.656123847064087,31.485993280567097,31.6304874420166,88792800
2017-02-21 00:00:00-05:00,31.749340155671394,31.87053073811687,31.69107593128727,31.858877182006836,98028800
2017-02-22 00:00:00-05:00,31.795964278660414,31.956774174995154,31.721387889097482,31.954444885253906,83347600
2017-02-23 00:00:00-05:00,32.017369035673816,32.04067259996274,31.765667070649304,31.81926918029785,83152800
2017-02-24 00:00:00-05:00,31.674767092600543,31.849559783935547,31.527940093905887,31.849559783935547,87106400
2017-02-27 00:00:00-05:00,31.961436285943936,32.031354095970336,31.76100712715761,31.912492752075195,81029600
2017-02-28 00:00:00-05:00,31.947440255664173,32.03134088185021,31.858877495754996,31.92646598815918,93931600
2017-03-01 00:00:00-05:00,32.13623359460023,32.662941200051456,32.06864862088727,32.57904052734375,145658400
2017-03-02 00:00:00-05:00,32.627971063205706,32.693226720838794,32.338979182140186,32.38559341430664,104844000
2017-03-03 00:00:00-05:00,32.343637579289314,32.588348045220435,32.299356197547866,32.57669448852539,84432400
2017-03-06 00:00:00-05:00,32.48115066573713,32.57437559287576,32.30169934880906,32.474159240722656,87000000
2017-03-07 00:00:00-05:00,32.408897893465074,32.62330985407913,32.34597152318883,32.51610565185547,69785200
2017-03-08 00:00:00-05:00,32.383262975516196,32.581362808445256,32.35296798975662,32.39491653442383,74828800
2017-03-09 00:00:00-05:00,32.33432560839552,32.34597561207363,31.940458756328066,32.32033920288086,88623600
2017-03-10 00:00:00-05:00,32.453183864406235,32.47882027397849,32.31101896699052,32.427547454833984,78451200
2017-03-13 00:00:00-04:00,32.359952907299046,32.49512278371511,32.3529614845936,32.44152069091797,69686800
2017-03-14 00:00:00-04:00,32.4648443072796,32.54641213236284,32.35763651102095,32.39259719848633,61236400
2017-03-15 00:00:00-04:00,32.49046561264233,32.80276102755979,32.40190284631762,32.73517608642578,102767200
2017-03-16 00:00:00-04:00,32.79577926686482,32.86569707371165,32.688571488877365,32.788787841796875,76928000
2017-03-17 00:00:00-04:00,32.86103093013864,32.86103093013864,32.60233756567598,32.62564468383789,175540000
2017-03-20 00:00:00-04:00,32.72119168188997,32.97755572839357,32.68157243036969,32.96823501586914,86168000
2017-03-21 00:00:00-04:00,33.11972713141605,33.28053701447308,32.565050388388535,32.5906867980957,158119600
2017-03-22 00:00:00-04:00,32.59301812297538,33.00086781354306,32.57204029334492,32.95891571044922,103440800
2017-03-23 00:00:00-04:00,32.92161902248062,32.99619894335003,32.77013344794337,32.84238052368164,81385200
2017-03-24 00:00:00-04:00,32.977551575173784,33.0334865117755,32.70953756081019,32.777122497558594,89582400
2017-03-27 00:00:00-04:00,32.48581643770293,32.91231119216605,32.306361544518744,32.833072662353516,94300400
2017-03-28 00:00:00-04:00,32.84005729004146,33.56952316115622,32.77246877977023,33.51359176635742,133499200
2017-03-29 00:00:00-04:00,33.485619659919216,33.6743987697828,33.37142403448944,33.588165283203125,116760000
2017-03-30 00:00:00-04:00,33.604485180381104,33.67673227232461,33.44367530158188,33.543888092041016,84829200
2017-03-31 00:00:00-04:00,33.4949475096477,33.623129552455254,33.3294754987203,33.48096466064453,78646800
2017-04-03 00:00:00-04:00,33.49261681157826,33.58816746113698,33.33879836667845,33.49028396606445,79942800
2017-04-04 00:00:00-04:00,33.385406992903505,33.76762023612533,33.36676201077479,33.739654541015625,79565600
2017-04-05 00:00:00-04:00,33.611471974100624,33.900463858225166,33.51591777578122,33.56486129760742,110871600
2017-04-06 00:00:00-04:00,33.62778813134492,33.68139379407987,33.43202113296634,33.48096466064453,84596000
2017-04-07 00:00:00-04:00,33.49727176072354,33.602146668640046,33.39006756371256,33.40637969970703,66688800
2017-04-10 00:00:00-04:00,33.466972756895906,33.53222840536668,33.30383007955283,33.366756439208984,75733600
2017-04-11 00:00:00-04:00,33.31316617397733,33.408720391792514,32.64196091579688,33.00786209106445,121517600
2017-04-12 00:00:00-04:00,33.00087465991831,33.129053172897876,32.86336831874139,33.0474853515625,81400000
2017-04-13 00:00:00-04:00,33.07310976596484,33.18264680747929,32.8726806640625,32.8726806640625,71291600
2017-04-17 00:00:00-04:00,32.97289109075763,33.06611598975704,32.83072623142902,33.05446243286133,66328400
2017-04-18 00:00:00-04:00,32.956574430184325,33.103397847175266,32.88665665457799,32.907630920410156,58790000
2017-04-19 00:00:00-04:00,33.0661206123022,33.094086307828405,32.7328473305589,32.78644943237305,69313600
2017-04-20 00:00:00-04:00,32.91231018702313,33.308506380153716,32.898327335855925,33.19664001464844,93278400
2017-04-21 00:00:00-04:00,33.196632193815475,33.25256358530736,33.05912944817553,33.157012939453125,69283600
2017-04-24 00:00:00-04:00,33.44368288892092,33.54855783831461,33.369102934403124,33.47631072998047,68537200
2017-04-25 00:00:00-04:00,33.53921787188095,33.769941916886864,33.529893604834015,33.683712005615234,75486000
2017-04-26 00:00:00-04:00,33.66973939641012,33.700037939274196,33.41570816273032,33.48562240600586,80164800
2017-04-27 00:00:00-04:00,33.541559531156324,33.5974944855698,33.399394633668415,33.511260986328125,56985200
2017-04-28 00:00:00-04:00,33.58116804204294,33.63011155601038,33.390063232256125,33.47862243652344,83441600
2017-05-01 00:00:00-04:00,33.816564294912375,34.305981747925856,33.78393646471147,34.1614875793457,134411600
2017-05-02 00:00:00-04:00,34.385222472923004,34.51340451275001,34.22208331140091,34.378231048583984,181408800
2017-05-03 00:00:00-04:00,33.93075203174494,34.37356225996973,33.62311878370213,34.273345947265625,182788000
2017-05-04 00:00:00-04:00,34.14748913223372,34.29198323480575,33.98201721141322,34.149818420410156,93487600
2017-05-05 00:00:00-04:00,34.203435518064964,34.72082221365255,34.203435518064964,34.716163635253906,109310800
2017-05-08 00:00:00-04:00,34.73248359634703,35.820859333624405,34.73248359634703,35.66004943847656,195009600
2017-05-09 00:00:00-04:00,35.860473739425615,36.095863547875105,35.762590241758645,35.88844299316406,156521600
2017-05-10 00:00:00-04:00,35.80454481021042,35.87679190469039,35.450297206517696,35.71831130981445,103222800
2017-05-11 00:00:00-04:00,35.676170540393095,36.05528347976671,35.643408046456514,36.027198791503906,109020400
2017-05-12 00:00:00-04:00,36.2027287077271,36.60524156356709,36.19570842531034,36.530357360839844,130108000
2017-05-15 00:00:00-04:00,36.509286160638034,36.65905810911589,36.28463002334371,36.43674087524414,104038800
2017-05-16 00:00:00-04:00,36.492912308363934,36.52099343713396,36.207408929717104,36.3829231262207,80194000
2017-05-17 00:00:00-04:00,35.94531522825525,36.17231391487293,35.034981577588596,35.16135025024414,203070800
2017-05-18 00:00:00-04:00,35.40004129398498,35.88445857781375,35.36727878962383,35.697242736816406,134272800
2017-05-19 00:00:00-04:00,35.89383463085842,36.03424388548779,35.71832038443685,35.818946838378906,107843200
2017-05-22 00:00:00-04:00,36.03891803605846,36.17464945456589,35.783838239429606,36.03657913208008,91865600
2017-05-23 00:00:00-04:00,36.249526037829,36.249526037829,35.87743684530821,35.99210739135742,79675600
2017-05-24 00:00:00-04:00,36.001469909588586,36.078696581934125,35.72766820082461,35.88446044921875,76712000
2017-05-25 00:00:00-04:00,35.97572519761193,36.12081934661154,35.811912678591504,36.008487701416016,76942400
2017-05-26 00:00:00-04:00,36.03891050796241,36.09507632932319,35.87743689603959,35.9476432800293,87710400
2017-05-30 00:00:00-04:00,35.903172836654164,36.139530598196245,35.882111996395295,35.96167755126953,80507600
2017-05-31 00:00:00-04:00,36.031894176298394,36.0786972471402,35.659804942464746,35.74872970581055,97804800
2017-06-01 00:00:00-04:00,35.844680291681925,35.882124178751006,35.6223630148334,35.84701919555664,65616400
2017-06-02 00:00:00-04:00,35.94062069215401,36.37823486328125,35.77914709059408,36.37823486328125,111082800
2017-06-05 00:00:00-04:00,36.11847056376879,36.144212781607656,35.91253639190235,36.02252197265625,101326800
2017-06-06 00:00:00-04:00,36.01551493768887,36.46249198870818,35.98743380638991,36.14422607421875,106499600
2017-06-07 00:00:00-04:00,36.27761166951846,36.50226781874788,36.151239461087435,36.35951614379883,84278400
2017-06-08 00:00:00-04:00,36.33143154515047,36.39929544997293,36.132514066484845,36.27058792114258,85003200
2017-06-09 00:00:00-04:00,36.31740664599901,36.31740664599901,34.1714529943107,34.8641471862793,259530800
2017-06-12 00:00:00-04:00,34.10592415737193,34.18782865000336,33.35004035350895,34.031036376953125,289229200
2017-06-13 00:00:00-04:00,34.438240274373356,34.50610421985631,33.967859752901184,34.304847717285156,136661600
2017-06-14 00:00:00-04:00,34.517795446666454,34.517795446666454,33.66128522468177,33.970191955566406,126124800
2017-06-15 00:00:00-04:00,33.53959125055151,33.81105046709153,33.27983012261049,33.76658630371094,128661600
2017-06-16 00:00:00-04:00,33.64724011784995,33.81573402634782,33.27748979480435,33.29387283325195,201444400
2017-06-19 00:00:00-04:00,33.61916871599081,34.33994762845229,33.61916871599081,34.246337890625,130165600
2017-06-20 00:00:00-04:00,34.37036066905417,34.37036066905417,33.918705827625836,33.93508529663086,99600400
2017-06-21 00:00:00-04:00,34.05443660977411,34.18314773890657,33.841478520740914,34.1363410949707,85063200
2017-06-22 00:00:00-04:00,34.11292835881387,34.330564172721445,33.96081396561559,34.08016586303711,76425200
2017-06-23 00:00:00-04:00,33.96316045343157,34.438218483762384,33.958479076097554,34.23228073120117,141757600
2017-06-26 00:00:00-04:00,34.44056482526406,34.70032597531185,34.021672519937844,34.12464141845703,102769600
2017-06-27 00:00:00-04:00,33.935087803723135,34.20421174784858,33.6098015950362,33.63554382324219,99047600
2017-06-28 00:00:00-04:00,33.81340288865578,34.192512484424384,33.502157224275,34.12698745727539,88329600
2017-06-29 00:00:00-04:00,33.86488313076317,33.96317065924481,33.29621523709245,33.62384033203125,125997600
2017-06-30 00:00:00-04:00,33.80402988737286,33.92338181346682,33.64723765057117,33.70340347290039,92096400
2017-07-03 00:00:00-04:00,33.904673432795015,34.002960983047245,33.488119903744206,33.58172607421875,57111200
2017-07-05 00:00:00-04:00,33.6261814516877,33.883600138523995,33.399182798326116,33.71978759765625,86278400
2017-07-06 00:00:00-04:00,33.46939108496981,33.58171918065015,33.32663938324959,33.40152359008789,96515200
2017-07-07 00:00:00-04:00,33.4413008074588,33.87423721925541,33.4413008074588,33.7408447265625,76806800
2017-07-10 00:00:00-04:00,33.724463916988995,34.15505783720113,33.551288644996156,33.946781158447266,84362400
2017-07-11 00:00:00-04:00,33.8695506962975,34.13165426383253,33.78764623275407,34.056766510009766,79127200
2017-07-12 00:00:00-04:00,34.13633127967969,34.20887655773737,33.89061432389584,34.10591125488281,99538000
2017-07-13 00:00:00-04:00,34.04975066486787,34.749468476062525,34.0357101019083,34.58097457885742,100797600
2017-07-14 00:00:00-04:00,34.627786834354474,34.94605277232391,34.47801483830098,34.8781852722168,80528400
2017-07-17 00:00:00-04:00,34.82669857891432,35.313454806809595,34.76819384691441,34.99987030029297,95174000
2017-07-18 00:00:00-04:00,34.91562135548109,35.133260802969254,34.79159161637047,35.121559143066406,71475200
2017-07-19 00:00:00-04:00,35.21516906311103,35.435147437869844,35.09113931067819,35.3415412902832,83692000
2017-07-20 00:00:00-04:00,35.45387021269945,35.51003604507551,35.14730596569393,35.18240737915039,68974800
2017-07-21 00:00:00-04:00,35.10049824405313,35.20580604132715,34.840737106326394,35.16602325439453,105010400
2017-07-24 00:00:00-04:00,35.238566945044894,35.67384224872855,35.0794322337012,35.59193420410156,85972800
2017-07-25 00:00:00-04:00,35.52406693755086,36.00146388479616,35.52406693755086,35.74404525756836,75415600
2017-07-26 00:00:00-04:00,35.886805838979235,36.02253368168999,35.81893834677822,35.91254806518555,63124000
2017-07-27 00:00:00-04:00,35.980399826190066,36.03656563825202,34.47097888911391,35.23387908935547,129905200
2017-07-28 00:00:00-04:00,35.07709945990692,35.15666504406034,34.91328691287172,34.98583221435547,68854800
2017-07-31 00:00:00-04:00,35.07943141262331,35.18006139569095,34.66522053380849,34.80562973022461,79383600
2017-08-01 00:00:00-04:00,34.89222283748145,35.154322888494626,34.730749209323186,35.114540100097656,141474400
2017-08-02 00:00:00-04:00,37.27453928760476,37.384528483364335,36.544401282431345,36.773738861083984,279747200
2017-08-03 00:00:00-04:00,36.75267330708223,36.79011719251473,36.27761516954953,36.40632629394531,108389200
2017-08-04 00:00:00-04:00,36.523332816509054,36.834574822921184,36.43440448847978,36.59821701049805,82239600
2017-08-07 00:00:00-04:00,36.75501005245629,37.19028537522294,36.66374281885257,37.16454315185547,87481200
2017-08-08 00:00:00-04:00,37.115406799969605,37.87128700662944,37.03818011817279,37.461753845214844,144823600
2017-08-09 00:00:00-04:00,37.26985859909481,37.740238998011804,37.23475718313652,37.69109344482422,104526000
2017-08-10 00:00:00-04:00,37.56657504586626,37.590070273734725,36.32845468733041,36.490562438964844,163217200
2017-08-11 00:00:00-04:00,36.791281047388736,37.25410905345329,36.6667642320382,36.998023986816406,105028400
2017-08-14 00:00:00-04:00,37.43030422657598,37.63939879338839,37.29638791615637,37.5548210144043,88490800
2017-08-15 00:00:00-04:00,37.74512686859564,38.106929685954704,37.6229581471413,37.96596908569336,117862000
2017-08-16 00:00:00-04:00,38.04584512789756,38.179757870385714,37.625304268005,37.813255310058594,110686400
2017-08-17 00:00:00-04:00,37.71223506020859,37.756873837567234,37.082599584868156,37.08729934692383,111762400
2017-08-18 00:00:00-04:00,37.0872861977334,37.472584097726006,36.819457213407645,37.002708435058594,109712400
2017-08-21 00:00:00-04:00,37.00271980065836,37.094345439627176,36.44121835469706,36.93458938598633,105474000
2017-08-22 00:00:00-04:00,37.174232740345175,37.59007393703691,37.124897775829346,37.538387298583984,86418400
2017-08-23 00:00:00-04:00,37.37155935290143,37.700470854675146,37.326920595189314,37.585350036621094,77596400
2017-08-24 00:00:00-04:00,37.69108142284808,37.76391517511107,37.249400657229785,37.418556213378906,79275600
2017-08-25 00:00:00-04:00,37.50783233416534,37.72162667232239,37.41855837455696,37.55717086791992,101920400
2017-08-28 00:00:00-04:00,37.622964519189175,38.05994926525912,37.57362597057714,37.93543243408203,103864000
2017-08-29 00:00:00-04:00,37.613556356594685,38.32306617940256,37.59006113443863,38.27373123168945,118067600
2017-08-30 00:00:00-04:00,38.482830871478306,38.50397442328278,38.20325418139233,38.37710952758789,109078400
2017-08-31 00:00:00-04:00,38.44522646730077,38.65197290544698,38.40763555402568,38.52980422973633,107140400
2017-09-01 00:00:00-04:00,38.717768374312826,38.750659538394004,38.44289144916272,38.54156494140625,66364400
2017-09-05 00:00:00-04:00,38.47108121529927,38.58855016557499,37.7216287389613,38.0787353515625,117874000
2017-09-06 00:00:00-04:00,38.22674267077416,38.292524988042054,37.71222815831874,38.03879165649414,86606800
2017-09-07 00:00:00-04:00,38.08107289983164,38.11631572608047,37.67463144813662,37.88607406616211,87714000
2017-09-08 00:00:00-04:00,37.79210656130101,37.86023696743062,37.244700884606154,37.26819610595703,114446000
2017-09-11 00:00:00-04:00,37.70753265239137,38.07168711149083,37.564220391127755,37.94247055053711,126323200
2017-09-12 00:00:00-04:00,38.20325176491376,38.520419361391184,37.30109109630699,37.792110443115234,286856000
2017-09-13 00:00:00-04:00,37.55952201447111,37.58066915058362,37.09904572465063,37.507835388183594,179629600
2017-09-14 00:00:00-04:00,37.3527701281386,37.449091922310025,37.14132391184424,37.18596267700195,95042800
2017-09-15 00:00:00-04:00,37.23060729343464,37.81795201178267,37.12018619959579,37.56187057495117,196458400
2017-09-18 00:00:00-04:00,37.61590281444734,37.70752844109643,37.12018376132857,37.277591705322266,113077600
2017-09-19 00:00:00-04:00,37.47495743030236,37.53604360191427,37.223575645563976,37.29170608520508,83242400
2017-09-20 00:00:00-04:00,37.096696549393684,37.18127434493536,36.140501068419404,36.66676330566406,211805600
2017-09-21 00:00:00-04:00,36.60331421391398,36.60331421391398,35.886753123605146,36.037113189697266,150046800
2017-09-22 00:00:00-04:00,35.60248557715677,35.7739928146082,35.372247453221355,35.684715270996094,186581600
2017-09-25 00:00:00-04:00,35.23834270709122,35.67062765381947,35.04334378783622,35.36990737915039,177549200
2017-09-26 00:00:00-04:00,35.65887783450427,36.16164484870321,35.63773428170281,35.9783935546875,146640000
2017-09-27 00:00:00-04:00,36.13344498974321,36.34958739916217,36.07235884945331,36.234466552734375,102016800
2017-09-28 00:00:00-04:00,36.15459231836723,36.2462179535162,35.875015651283306,36.01128005981445,88022000
2017-09-29 00:00:00-04:00,35.9948274576425,36.210969836739054,35.71055109852988,36.2086181640625,105199200
2017-10-02 00:00:00-04:00,36.24151309889979,36.28615186600893,35.87971037078465,36.13579177856445,74795200
2017-10-03 00:00:00-04:00,36.1827955723179,36.43652901082566,36.15930392617227,36.293216705322266,64921200
2017-10-04 00:00:00-04:00,36.09351233822917,36.147547053882555,35.81863541312105,36.05826950073242,80655200
2017-10-05 00:00:00-04:00,36.22272731944231,36.518751397326696,36.19218782710196,36.50700378417969,85135200
2017-10-06 00:00:00-04:00,36.40833278169183,36.530501514030526,36.31200736610039,36.485862731933594,69630400
2017-10-09 00:00:00-04:00,36.605668825518265,36.82181123499254,36.530490571507265,36.61271667480469,65051600
2017-10-10 00:00:00-04:00,36.66439908162549,37.120179069090504,36.43886076062994,36.626808166503906,62468000
2017-10-11 00:00:00-04:00,36.6432613565265,36.88054732429588,36.591574736241284,36.77952575683594,67622400
2017-10-12 00:00:00-04:00,36.73253638782234,36.97217042745951,36.58687247475982,36.650306701660156,64500400
2017-10-13 00:00:00-04:00,36.821806476231664,36.951023004562146,36.746628231936526,36.88289260864258,65576800
2017-10-16 00:00:00-04:00,37.09669097691481,37.59006197427422,37.037956505080004,37.56187057495117,96486000
2017-10-17 00:00:00-04:00,37.538373706061115,37.79445513166242,37.40915715671768,37.70048141479492,75989200
2017-10-18 00:00:00-04:00,37.688751337599385,37.756885361163135,37.49610405293705,37.53369140625,65496800
2017-10-19 00:00:00-04:00,36.82651398706065,36.90404392037542,36.42007244410835,36.64561080932617,170336800
2017-10-20 00:00:00-04:00,36.7936270176623,37.06145609741211,36.640918806834144,36.709049224853516,95896400
2017-10-23 00:00:00-04:00,36.859409799117834,37.04736085042768,36.53284623660337,36.69025421142578,87937200
2017-10-24 00:00:00-04:00,36.71844210539348,36.983923074430315,36.69729855516961,36.90874481201172,71028800
2017-10-25 00:00:00-04:00,36.86410820635172,37.0144683248997,36.478810178518266,36.746639251708984,84828400
2017-10-26 00:00:00-04:00,36.93929575786633,37.08025997281611,36.833574389088454,36.98158645629883,68002000
2017-10-27 00:00:00-04:00,37.42325656664477,38.435841928367466,37.2846440658168,38.30662536621094,177816800
2017-10-30 00:00:00-04:00,38.5039714575206,39.48601372248061,38.46403244556576,39.168846130371094,178803200
2017-10-31 00:00:00-04:00,39.44607624289656,39.85721761236932,39.22053784202629,39.713905334472656,144187200
2017-11-01 00:00:00-04:00,39.90889994939232,39.925347323138595,38.90806578535416,39.20878601074219,134551200
2017-11-02 00:00:00-04:00,39.14065219665502,39.58703273419146,38.83053247467745,39.49540710449219,165573600
2017-11-03 00:00:00-04:00,40.87919749384341,40.94028006161502,40.20257514678752,40.526790618896484,237594400
2017-11-06 00:00:00-05:00,40.496246640208355,41.11178640577671,40.34353843174803,40.937931060791016,140105200
2017-11-07 00:00:00-05:00,40.858042081052034,41.17285793758185,40.78521192161707,41.06948471069336,97446000
2017-11-08 00:00:00-05:00,41.0342655744632,41.40546798706055,40.95673561630659,41.40546798706055,97638000
2017-11-09 00:00:00-05:00,41.13995870486949,41.37254841970247,40.677130947541066,41.32086181640625,117930400
2017-11-10 00:00:00-05:00,41.28786885634252,41.35153113121638,41.08981244312938,41.18412399291992,100582000
2017-11-13 00:00:00-05:00,40.908259250394124,41.1440417244598,40.88467956388554,41.01907730102539,67928400
2017-11-14 00:00:00-05:00,40.79979722431936,40.90354208726498,40.361241684075154,40.39896774291992,99130000
2017-11-15 00:00:00-05:00,40.07595423444375,40.15847955353259,39.701060900251804,39.86610794067383,116632400
2017-11-16 00:00:00-05:00,40.361236138060306,40.52392659643755,40.15375003843461,40.342376708984375,94550000
2017-11-17 00:00:00-05:00,40.32823156662979,40.410756869169404,39.99813755198118,40.118385314941406,87598000
2017-11-20 00:00:00-05:00,40.151400104395364,40.21506238639017,39.979279887785395,40.07830810546875,65049600
2017-11-21 00:00:00-05:00,40.26693646796217,40.9554209602676,40.26693646796217,40.82338333129883,100525200
2017-11-22 00:00:00-05:00,40.87523771171718,41.2619207104651,40.80214574209928,41.25249099731445,102355600
2017-11-24 00:00:00-05:00,41.2855204324007,41.37983200070743,41.17941542086098,41.25486755371094,56106800
2017-11-27 00:00:00-05:00,41.27371983779119,41.2807930236843,40.870530253109905,41.047367095947266,82867200
2017-11-28 00:00:00-05:00,41.0968770651755,41.23127117550798,40.521567377180695,40.80686569213867,105715200
2017-11-29 00:00:00-05:00,40.703135764722035,40.77151110946198,39.413405149985536,39.960418701171875,166665600
2017-11-30 00:00:00-05:00,40.18440417523208,40.58759377732941,39.71519936786572,40.51921844482422,166108800
2017-12-01 00:00:00-05:00,40.071219576770325,40.4767656069247,39.72933580423719,40.33058166503906,159037200
2017-12-04 00:00:00-05:00,40.667761102539835,40.70077050579676,39.995783193861925,40.035865783691406,130169600
2017-12-05 00:00:00-05:00,39.86138416217005,40.44141062661496,39.70576686710494,39.998138427734375,109400800
2017-12-06 00:00:00-05:00,39.49356766091812,40.1301796738117,39.24835545069252,39.8495979309082,114240000
2017-12-07 00:00:00-05:00,39.85431621925618,40.18677041215592,39.82602347016019,39.92269515991211,102693200
2017-12-08 00:00:00-05:00,40.198561432183276,40.318809217112474,39.80480507214448,39.93448257446289,93420800
2017-12-11 00:00:00-05:00,39.894397023982684,40.764434997221876,39.79772533856603,40.712562561035156,141095200
2017-12-12 00:00:00-05:00,40.58994996160958,40.646539048472384,40.427263082669434,40.483848571777344,77636800
2017-12-13 00:00:00-05:00,40.67247312794184,40.917685295962,40.55458190148404,40.61824417114258,95273600
2017-12-14 00:00:00-05:00,40.648895873731554,40.82101966503372,40.47205902347271,40.6064567565918,81906000
2017-12-15 00:00:00-05:00,40.93891212330427,41.06623307628752,40.66304706037804,41.01907730102539,160677200
2017-12-18 00:00:00-05:00,41.23364866529365,41.780662246384864,41.22893200747441,41.59675216674805,117684400
2017-12-19 00:00:00-05:00,41.26901143738007,41.3538932828333,41.04737530771023,41.15347671508789,109745600
2017-12-20 00:00:00-05:00,41.23128120986513,41.36096229367893,40.8493147427728,41.10867691040039,93902400
2017-12-21 00:00:00-05:00,41.06622964306374,41.50242862272009,41.049726742091444,41.264286041259766,83799600
2017-12-22 00:00:00-05:00,41.186477399592455,41.360957711005945,41.14403828473105,41.264286041259766,65397600
2017-12-26 00:00:00-05:00,40.2716514526206,40.42962529484286,40.00757260789729,40.21742248535156,132742000
2017-12-27 00:00:00-05:00,40.106607490544604,40.26693787482106,40.01465245303177,40.2244987487793,85992800
2017-12-28 00:00:00-05:00,40.318806341370006,40.519222899712865,40.19619843752183,40.337669372558594,65920800
2017-12-29 00:00:00-05:00,40.205631614286844,40.22213451792325,39.89911365459392,39.90147018432617,103999600
2018-01-02 00:00:00-05:00,40.12074566352773,40.625320001705816,39.90853928343576,40.61588668823242,102223600
2018-01-03 00:00:00-05:00,40.67954970081723,41.155831302734796,40.54515556229771,40.60881423950195,118071600
2018-01-04 00:00:00-05:00,40.68191248010072,40.901192084089374,40.5734545408098,40.797447204589844,89738400
2018-01-05 00:00:00-05:00,40.89411607508282,41.349174558687956,40.80216104691748,41.26193618774414,94640000
2018-01-08 00:00:00-05:00,41.10867691040039,41.40576154061053,41.00964510257521,41.10867691040039,82271200
2018-01-09 00:00:00-05:00,41.15583438023981,41.276082155039035,40.88704248534633,41.10396194458008,86336000
2018-01-10 00:00:00-05:00,40.82810022357972,41.0968921405989,40.79037415858443,41.09453201293945,95839600
2018-01-11 00:00:00-05:00,41.165266649368235,41.37747306234049,41.14169055754165,41.32795715332031,74670800
2018-01-12 00:00:00-05:00,41.54015206382143,41.818377237373184,41.415187647878085,41.75471496582031,101672400
2018-01-16 00:00:00-05:00,41.94569311465639,42.297010232698455,41.53071733050782,41.54250717163086,118263600
2018-01-17 00:00:00-05:00,41.533084102211724,42.26401125904345,41.278442179478944,42.22864532470703,137547200
2018-01-18 00:00:00-05:00,42.29230126735485,42.4644250639915,42.028226047398945,42.26636505126953,124773600
2018-01-19 00:00:00-05:00,42.11310946364749,42.34181876014684,41.83017120338953,42.07774353027344,129700400
2018-01-22 00:00:00-05:00,41.80422925974518,41.917403828794015,41.63918226368339,41.73349380493164,108434400
2018-01-23 00:00:00-05:00,41.80422565638126,42.30879991385189,41.69105109708763,41.742919921875,130756400
2018-01-24 00:00:00-05:00,41.792446476876826,41.80423632096297,40.83752666998387,41.078025817871094,204420400
2018-01-25 00:00:00-05:00,41.14639695398458,41.250141814936455,40.20798374422386,40.3447380065918,166116000
2018-01-26 00:00:00-05:00,40.554587294270796,40.554587294270796,40.09716869914808,40.43905258178711,156572000
2018-01-29 00:00:00-05:00,40.120744777547536,40.120744777547536,39.392177830156996,39.60202407836914,202561600
2018-01-30 00:00:00-05:00,39.029079172297884,39.462918133681676,38.83337925435988,39.36860656738281,184192800
2018-01-31 00:00:00-05:00,39.34501319524359,39.71519333964064,39.25777484686529,39.47705078125,129915600
2018-02-01 00:00:00-05:00,39.41575810961716,39.7576419978603,39.319086426020995,39.55958557128906,188923200
2018-02-02 00:00:00-05:00,39.13989376650421,39.32852048011072,37.748778499447454,37.84309005737305,346375200
2018-02-05 00:00:00-05:00,37.51299062787631,38.640030492930485,36.78206356661725,36.89759826660156,290954000
2018-02-06 00:00:00-05:00,36.506205176921135,38.602311473524665,36.31050526874207,38.43962097167969,272975200
2018-02-07 00:00:00-05:00,38.45376203618898,38.526854025996045,37.505919100442235,37.61673355102539,206434400
2018-02-08 00:00:00-05:00,37.79356762417997,37.96097474800623,36.55335322263556,36.58164596557617,217562000
2018-02-09 00:00:00-05:00,37.18535028524182,37.379478322182585,35.5683897027395,37.02909851074219,282690400
2018-02-12 00:00:00-05:00,37.52389486553163,38.79994389027894,37.289517187034555,38.52058792114258,243278000
2018-02-13 00:00:00-05:00,38.34065753193167,39.00354089172647,38.269633669735136,38.90647506713867,130196800
2018-02-14 00:00:00-05:00,38.59869383280611,39.66404055385754,38.56081758372088,39.62379455566406,162579600
2018-02-15 00:00:00-05:00,40.196732063037906,40.97798740036025,40.00970603258884,40.954315185546875,204588800
2018-02-16 00:00:00-05:00,40.80515375359935,41.38754498032697,40.665475805140105,40.82172393798828,160704400
2018-02-20 00:00:00-05:00,40.731765755432434,41.25496745652551,40.582616026537764,40.684417724609375,135722000
2018-02-21 00:00:00-05:00,40.91642742120956,41.22182530413904,40.48555201301359,40.499759674072266,149886400
2018-02-22 00:00:00-05:00,40.67258268650756,41.181580375546616,40.651276612995815,40.83830261230469,123967600
2018-02-23 00:00:00-05:00,41.1152966068779,41.58404833415624,41.08451875593338,41.54853820800781,135249600
2018-02-26 00:00:00-05:00,41.749761977174124,42.46946139149539,41.71661799649662,42.37002944946289,152648800
2018-02-27 00:00:00-05:00,42.40081674108659,42.72752073415624,42.17827698734027,42.23272705078125,155712400
2018-02-28 00:00:00-05:00,42.4386881149717,42.76065979581251,42.15223016809341,42.168800354003906,151128400
2018-03-01 00:00:00-05:00,42.26823189442046,42.56179547516629,40.87618095731363,41.43016052246094,195208000
2018-03-02 00:00:00-05:00,40.909324274352365,41.73792747129413,40.82646250968889,41.71662139892578,153816000
2018-03-05 00:00:00-05:00,41.47988056592456,42.078842058852025,41.31652677468552,41.86103820800781,113605600
2018-03-06 00:00:00-05:00,42.11909464846593,42.19958668174667,41.697690930203144,41.825531005859375,95154000
2018-03-07 00:00:00-05:00,41.41596504104115,41.6314027873037,41.257347112863776,41.43727111816406,126814000
2018-03-08 00:00:00-05:00,41.543794956765566,41.93205458767279,41.44673275835615,41.889442443847656,95096400
2018-03-09 00:00:00-05:00,42.1309187217259,42.61387437517852,41.99597305224151,42.60913848876953,128740800
2018-03-12 00:00:00-04:00,42.68253453302117,43.179697916296725,42.6635982095421,43.021080017089844,128828400
2018-03-13 00:00:00-04:00,43.22704859177517,43.44248631185651,42.43395904726903,42.606781005859375,126774000
2018-03-14 00:00:00-04:00,42.68964740922052,42.73699545079434,42.09541810833339,42.24456787109375,117473600
2018-03-15 00:00:00-04:00,42.25876325567308,42.670698718973874,42.15696516778786,42.294273376464844,90975200
2018-03-16 00:00:00-04:00,42.294280115681744,42.405549995123486,42.050434280928265,42.14513397216797,157618800
2018-03-19 00:00:00-04:00,41.97941754692584,42.014927676352436,41.11293426467536,41.50119400024414,133787200
2018-03-20 00:00:00-04:00,41.48699188232422,41.85631169527269,41.415968007736204,41.48699188232422,78597600
2018-03-21 00:00:00-04:00,41.439633033506425,41.45147094595431,40.54474176128667,40.54711151123047,148219600
2018-03-22 00:00:00-04:00,40.24644750823125,40.88091918204463,39.91500762078006,39.97419357299805,165963200
2018-03-23 00:00:00-04:00,39.8652805477418,40.227498201969794,39.04851531982422,39.04851531982422,164115200
2018-03-26 00:00:00-04:00,39.78953040700863,40.98035137835518,39.40363687442177,40.902225494384766,150164800
2018-03-27 00:00:00-04:00,41.117657875566216,41.46567152030634,39.51727122716474,39.85344696044922,163690400
2018-03-28 00:00:00-04:00,39.595398740132495,40.251180047636,39.1077071124122,39.41310501098633,166674000
2018-03-29 00:00:00-04:00,39.72797681143873,40.66074796873849,39.51253908476823,39.72087478637695,153594000
2018-04-02 00:00:00-04:00,39.450996312695466,39.995507908029296,38.93726257484636,39.46046447753906,150347200
2018-04-03 00:00:00-04:00,39.687726135534604,39.95051186921572,39.03431461965716,39.86528396606445,121112000
2018-04-04 00:00:00-04:00,39.03432060607239,40.722301517401874,39.00827864243721,40.62760543823242,138422000
2018-04-05 00:00:00-04:00,40.85723691716646,41.2478626607363,40.738865041851604,40.90932083129883,107732800
2018-04-06 00:00:00-04:00,40.47608825068146,40.833570092410156,39.82030690549587,39.86292266845703,140021200
2018-04-09 00:00:00-04:00,40.21804331922603,40.97798899666896,40.21094129326295,40.2582893371582,116070800
2018-04-10 00:00:00-04:00,40.95667937307647,41.19342318448153,40.608665681317106,41.015865325927734,113634400
2018-04-11 00:00:00-04:00,40.774382708082115,41.1744802987045,40.64890878601309,40.824100494384766,89726400
2018-04-12 00:00:00-04:00,41.0537443474507,41.43016613276093,40.96614668260753,41.226566314697266,91557200
2018-04-13 00:00:00-04:00,41.37807555128531,41.629023367797515,41.15790558064004,41.36623764038086,100497200
2018-04-16 00:00:00-04:00,41.4372722618065,41.711895971494855,41.38992421830744,41.62430191040039,86313600
2018-04-17 00:00:00-04:00,41.782910608444745,42.36293214107103,41.76397067274624,42.19721221923828,106421600
2018-04-18 00:00:00-04:00,42.095421777477036,42.33453536876621,41.875251739377376,42.10252380371094,83018000
2018-04-19 00:00:00-04:00,41.1365928089465,41.52248627844828,40.87617685070759,40.90932083129883,139235200
2018-04-20 00:00:00-04:00,40.38849577301289,40.53527578048031,39.16452708601431,39.233184814453125,261964400
2018-04-23 00:00:00-04:00,39.49596288892019,39.517268960864406,38.847283670040625,39.11954116821289,146062000
2018-04-24 00:00:00-04:00,39.221352410689626,39.37760421554291,38.167843021768675,38.575042724609375,134768000
2018-04-25 00:00:00-04:00,38.49927248088266,39.16215578966179,38.44955830986768,38.74311828613281,113528400
2018-04-26 00:00:00-04:00,38.85438737932388,39.23554500335916,38.67682954724081,38.8780632019043,111852000
2018-04-27 00:00:00-04:00,38.82597329298415,38.90409916054004,38.028148046536536,38.428245544433594,142623200
2018-04-30 00:00:00-04:00,38.38326590100649,39.59775889969985,38.31460818955236,39.124271392822266,169709600
2018-05-01 00:00:00-04:00,39.39653343790792,40.05704699700771,39.12664567223806,40.03337478637695,214277600
2018-05-02 00:00:00-04:00,41.48461375250751,42.08120912114667,41.14607186316147,41.80185317993164,266157600
2018-05-03 00:00:00-04:00,41.63851070205686,42.02203459420843,41.29759897017789,41.877620697021484,136272800
2018-05-04 00:00:00-04:00,42.199576345117066,43.62003894298917,42.18063641032133,43.520606994628906,224805200
2018-05-07 00:00:00-04:00,43.84020819593514,44.4297014649,43.738410112046125,43.83547592163086,169805600
2018-05-08 00:00:00-04:00,43.79524048373008,44.08643437032913,43.482736907927006,44.04618835449219,113611200
2018-05-09 00:00:00-04:00,44.16455372531681,44.36578377470757,43.84968405840993,44.35631561279297,92844800
2018-05-10 00:00:00-04:00,44.44627968819233,45.06891338898151,44.424970002008514,44.990787506103516,111957200
2018-05-11 00:00:00-04:00,45.03357248075312,45.169034923350964,44.54875074870452,44.819679260253906,104848800
2018-05-14 00:00:00-04:00,44.919480376180104,45.043062844785986,44.646176689776425,44.71509552001953,83115200
2018-05-15 00:00:00-04:00,44.38951440650178,44.458436874469186,43.99025292469544,44.308712005615234,94780800
2018-05-16 00:00:00-04:00,44.22079201508115,44.78879148713824,44.20415430238189,44.72224426269531,76732400
2018-05-17 00:00:00-04:00,44.67946221236359,44.89573069233342,44.289705346629034,44.439430236816406,69176000
2018-05-18 00:00:00-04:00,44.48696731558925,44.634313339171776,44.23505174248846,44.277828216552734,73190800
2018-05-21 00:00:00-04:00,44.67945402439064,44.98127901110446,44.42040912404203,44.591522216796875,73603200
2018-05-22 00:00:00-04:00,44.76977317826369,44.88860153588613,44.38952098333041,44.47983169555664,60962800
2018-05-23 00:00:00-04:00,44.28731845504217,44.798278805196965,44.147098274637095,44.76500701904297,80233600
2018-05-24 00:00:00-04:00,44.86244510324858,44.879079182402755,44.25404468296201,44.71509552001953,92936000
2018-05-25 00:00:00-04:00,44.73411378977303,45.071585824585256,44.59627248659289,44.81729507446289,69844000
2018-05-29 00:00:00-04:00,44.584402752971386,44.85770653429444,44.410910733943474,44.655696868896484,90056400
2018-05-30 00:00:00-04:00,44.61291174274496,44.679455322265625,44.38951388591714,44.56062698364258,74762000
2018-05-31 00:00:00-04:00,44.4940813997971,44.73411332751582,44.237411764771146,44.4109001159668,109931200
2018-06-01 00:00:00-04:00,44.67709103986148,45.21656921880643,44.62005211781864,45.21181869506836,93770000
2018-06-04 00:00:00-04:00,45.544531992064805,45.96756064791806,45.47561314140824,45.58968734741211,105064800
2018-06-05 00:00:00-04:00,45.88437859501358,46.09113875360108,45.715640750562294,45.94141387939453,86264000
2018-06-06 00:00:00-04:00,46.017469301083025,46.1244140938792,45.61107473683327,46.10064697265625,83734400
2018-06-07 00:00:00-04:00,46.13867468090252,46.15293350364028,45.710891867001294,45.97706985473633,85388800
2018-06-08 00:00:00-04:00,45.4328229313771,45.630078392925526,45.10010506030315,45.558780670166016,106627200
2018-06-11 00:00:00-04:00,45.47561523620304,45.62296124351015,45.204686717992736,45.44709396362305,73234000
2018-06-12 00:00:00-04:00,45.485106665081254,45.77504807180145,45.42806776288372,45.69662094116211,67644400
2018-06-13 00:00:00-04:00,45.72990248029052,45.83922615956296,45.25934322245156,45.32113265991211,86553600
2018-06-14 00:00:00-04:00,45.52314074549097,45.52789489477963,45.20705690533304,45.34489822387695,86440400
2018-06-15 00:00:00-04:00,45.161912918578146,45.19280945719986,44.741259446327,44.87910079956055,246876800
2018-06-18 00:00:00-04:00,44.65094269576283,44.96940180871104,44.48933425138312,44.85532760620117,73939600
2018-06-19 00:00:00-04:00,43.99976598107553,44.282578064425415,43.5981255350646,44.13047790527344,134314000
2018-06-20 00:00:00-04:00,44.28732429211397,44.489330296690234,44.139974682851836,44.32297134399414,82514800
2018-06-21 00:00:00-04:00,44.501205637433706,44.76262939078474,43.95221938174906,44.075801849365234,102847600
2018-06-22 00:00:00-04:00,44.23265890151811,44.23978831161327,43.89518686038576,43.947471618652344,108801600
2018-06-25 00:00:00-04:00,43.58623148132162,43.9474706322317,42.95168861262316,43.293914794921875,126652400
2018-06-26 00:00:00-04:00,43.48879777744946,44.33010084063731,43.38184936889446,43.83102035522461,98276800
2018-06-27 00:00:00-04:00,44.02115175810635,44.50834874308472,43.73596442891407,43.76686096191406,101141200
2018-06-28 00:00:00-04:00,43.75259400517341,44.25404971943053,43.681296279542195,44.08531188964844,69460800
2018-06-29 00:00:00-04:00,44.273063158267036,44.486956354952255,43.469786012463324,43.99263000488281,90950800
2018-07-02 00:00:00-04:00,43.68605418750141,44.513098447473624,43.59098933636173,44.48457717895508,70925200
2018-07-03 00:00:00-04:00,44.629546166563635,44.66757210553925,43.619505280525104,43.709815979003906,55819200
2018-07-05 00:00:00-04:00,44.028270724246404,44.301578054080494,43.79536821706695,44.06154251098633,66416800
2018-07-06 00:00:00-04:00,44.066299892580545,44.781645173149464,44.01401513438847,44.672325134277344,69940800
2018-07-09 00:00:00-04:00,45.035940520827666,45.31637366046617,44.988409910456255,45.29261016845703,79026400
2018-07-10 00:00:00-04:00,45.32351738481461,45.45897983763424,45.197555979415334,45.23796081542969,63756400
2018-07-11 00:00:00-04:00,44.79828975560924,45.10249005376185,44.58677542913822,44.650943756103516,75326000
2018-07-12 00:00:00-04:00,45.043073971701965,45.48986972725037,44.99078920769722,45.399559020996094,72164400
2018-07-13 00:00:00-04:00,45.411445349084225,45.59206314624805,45.36866525485768,45.47085952758789,50055600
2018-07-16 00:00:00-04:00,45.516011072703904,45.78456067113605,45.25458725863365,45.37104034423828,60172400
2018-07-17 00:00:00-04:00,45.095362506632135,45.599193591332316,44.96465058568998,45.4993782043457,62138000
2018-07-18 00:00:00-04:00,45.577795702359815,45.582549851119865,45.13812941405626,45.24982833862305,65573600
2018-07-19 00:00:00-04:00,45.08110136050782,45.76079968802616,45.08110136050782,45.60157012939453,81147200
2018-07-20 00:00:00-04:00,45.577800238449676,45.732275638171984,45.19517281812712,45.49699783325195,82704800
2018-07-23 00:00:00-04:00,45.316376680821854,45.620580585451066,45.050202343918826,45.53739929199219,63957600
2018-07-24 00:00:00-04:00,45.73702872786858,46.02459491498544,45.641967503526764,45.867740631103516,74791600
2018-07-25 00:00:00-04:00,45.88199205762568,46.30739948992538,45.732267208381884,46.300270080566406,66839600
2018-07-26 00:00:00-04:00,46.25036899607702,46.57120698096335,46.012712303969614,46.15530776977539,76304000
2018-07-27 00:00:00-04:00,46.34068583612859,46.3882164555736,45.178544602882134,45.38768005371094,96096000
2018-07-30 00:00:00-04:00,45.606319216066254,45.677616951237844,44.93375394719216,45.133384704589844,84118000
2018-07-31 00:00:00-04:00,45.22606510583182,45.663352509076375,44.99791310663514,45.22368621826172,157492000
2018-08-01 00:00:00-04:00,47.32457225442524,47.94960680943232,46.89203538902788,47.8878173828125,271742800
2018-08-02 00:00:00-04:00,47.66917169507596,49.5228943060147,47.61451168049271,49.28761291503906,249616000
2018-08-03 00:00:00-04:00,49.20207331225333,49.60846792267803,48.83370464956448,49.43022537231445,133789600
2018-08-06 00:00:00-04:00,49.43260282074839,49.72967375116154,49.21158378917099,49.68689727783203,101701600
2018-08-07 00:00:00-04:00,49.746315264817405,49.789091741415284,49.13791090670823,49.221092224121094,102349600
2018-08-08 00:00:00-04:00,48.96916903880682,49.38744357040666,48.60555453871998,49.254356384277344,90102000
2018-08-09 00:00:00-04:00,49.79621048889495,49.85562466679192,49.24246991573281,49.6417350769043,93970400
2018-08-10 00:00:00-04:00,49.45333450825606,49.86830882078676,49.288775666406444,49.49387741088867,98444800
2018-08-13 00:00:00-04:00,49.91838613608529,50.30950994168611,49.53441674578245,49.81344985961914,103563600
2018-08-14 00:00:00-04:00,50.12110109936004,50.21649572333927,49.6679675377796,50.023319244384766,82992000
2018-08-15 00:00:00-04:00,49.89691387234032,50.25941995123364,49.68465776569362,50.140174865722656,115230400
2018-08-16 00:00:00-04:00,50.50029781085883,50.9915870207697,50.433520848680935,50.87472915649414,114001600
2018-08-17 00:00:00-04:00,50.90334446751161,51.978933866415765,50.83656750841302,51.89069366455078,141708000
2018-08-20 00:00:00-04:00,52.01471917724649,52.2722854161256,51.30163209924092,51.38510513305664,121150800
2018-08-21 00:00:00-04:00,51.70466472755135,51.79767573955261,51.04404599975877,51.28491973876953,104639200
2018-08-22 00:00:00-04:00,51.06074282345018,51.59972925505339,50.99873305513777,51.28730773925781,76072400
2018-08-23 00:00:00-04:00,51.19191934450289,51.7642980009033,51.1799977459069,51.39225387573242,75532800
2018-08-24 00:00:00-04:00,51.656976365453076,51.7285205108577,51.301624673967034,51.552040100097656,73905600
2018-08-27 00:00:00-04:00,51.78813417175335,52.16733627268799,51.59257414275105,51.97654342651367,82100400
2018-08-28 00:00:00-04:00,52.231731025246575,52.5966206956433,52.21026778323999,52.39628982543945,91107200
2018-08-29 00:00:00-04:00,52.50361916312344,53.30017924367898,52.32713873374708,53.17854690551758,109019200
2018-08-30 00:00:00-04:00,53.242933897532644,54.43776841647763,53.04021578428749,53.66744613647461,195175200
2018-08-31 00:00:00-04:00,54.02040988355595,54.58324685935565,53.89878120064674,54.28752136230469,173360400
2018-09-04 00:00:00-04:00,54.47354175267919,54.65717656732333,54.04902953224604,54.46161651611328,109560400
2018-09-05 00:00:00-04:00,54.611863828016716,54.77403539237752,53.68413723793683,54.10626220703125,133332000
2018-09-06 00:00:00-04:00,53.953636611469236,54.220748108475554,52.77788167910097,53.2071647644043,137160000
2018-09-07 00:00:00-04:00,52.90904813504236,53.74853095242072,52.63716947413899,52.77787780761719,150479200
2018-09-10 00:00:00-04:00,52.69440024608412,52.909043574023286,51.6259653457524,52.069557189941406,158066000
2018-09-11 00:00:00-04:00,51.99325401735417,53.493359610160816,51.64744390977224,53.38603973388672,142996000
2018-09-12 00:00:00-04:00,53.64597823389297,53.66028706152466,52.42967693820329,52.7230224609375,197114800
2018-09-13 00:00:00-04:00,53.307322711625574,54.45923064552095,53.08075778263928,53.996559143066406,166825600
2018-09-14 00:00:00-04:00,53.8391612475151,54.09911468536624,53.068838940521694,53.383644104003906,127997200
2018-09-17 00:00:00-04:00,52.980592585586145,53.17138545939624,51.816762969580175,51.962242126464844,148780400
2018-09-18 00:00:00-04:00,51.94077982966528,52.90905311289297,51.7809918299763,52.04810333251953,126286800
2018-09-19 00:00:00-04:00,52.110106451665196,52.37721429963767,51.346938572407055,52.0791015625,108495200
2018-09-20 00:00:00-04:00,52.525086835707356,53.01160527843284,52.26512973282168,52.47500228881836,106435200
2018-09-21 00:00:00-04:00,52.653851388273495,52.79217610240582,51.821519512209775,51.90976333618164,384986800
2018-09-24 00:00:00-04:00,51.70945099388092,52.768344508674,51.664137270051356,52.656253814697266,110773600
2018-09-25 00:00:00-04:00,52.408226100378506,53.1403928261008,52.396300861506006,52.990142822265625,98217600
2018-09-26 00:00:00-04:00,52.70633699757951,53.36218508239102,52.41060782381682,52.56801223754883,95938800
2018-09-27 00:00:00-04:00,53.37887738867321,54.00372053737657,53.312096785880875,53.64836883544922,120724800
2018-09-28 00:00:00-04:00,53.61020434328097,53.86061975253877,53.42656953035366,53.83677291870117,91717600
2018-10-01 00:00:00-04:00,54.36383860007382,54.71441947383607,53.98225647588515,54.19927978515625,94403200
2018-10-02 00:00:00-04:00,54.1968916996992,54.852739674062995,54.04902895725452,54.681026458740234,99152800
2018-10-03 00:00:00-04:00,54.864669084057404,55.680305099350356,54.800275713645156,55.34642028808594,114619200
2018-10-04 00:00:00-04:00,55.03876863202436,55.413199996637104,54.072882584257,54.373382568359375,128168000
2018-10-05 00:00:00-04:00,54.36622130258876,54.473541152356674,52.606162665738566,53.49095916748047,134322000
2018-10-08 00:00:00-04:00,52.994899297343935,53.612587929538364,52.51553175358998,53.366943359375,118655600
2018-10-09 00:00:00-04:00,53.33593999817526,54.20166045583563,53.004438816606125,54.10626220703125,107564000
2018-10-10 00:00:00-04:00,53.770001319091506,53.98225744847289,51.52580769602285,51.59973907470703,167962400
2018-10-11 00:00:00-04:00,51.16091068825928,52.34859067879733,50.6362330584728,51.14421463012695,212497600
2018-10-12 00:00:00-04:00,52.56800509030299,53.15469253486794,51.71420980837974,52.97105407714844,161351600
2018-10-15 00:00:00-04:00,52.74448586011444,52.90427383426472,51.816759262150384,51.83822250366211,123164000
2018-10-16 00:00:00-04:00,52.212652167140746,53.18092533262737,51.69512892505914,52.9805908203125,116736000
2018-10-17 00:00:00-04:00,53.01637221692698,53.09745801159431,52.310439623347804,52.75164794921875,91541600
2018-10-18 00:00:00-04:00,51.957463421376566,52.40582606094822,50.79840116473113,51.51864242553711,130325200
2018-10-19 00:00:00-04:00,52.00517853579866,52.76834653758968,51.85492852765452,52.30329132080078,132314800
2018-10-22 00:00:00-04:00,52.417754442195175,53.26916612149815,52.21503997503111,52.62285614013672,115168400
2018-10-23 00:00:00-04:00,51.47332741607505,53.24292382035885,51.20383239304159,53.1189079284668,155071200
2018-10-24 00:00:00-04:00,53.08791569852259,53.47665221863473,51.165681784570005,51.296852111816406,163702000
2018-10-25 00:00:00-04:00,51.92170329509759,52.796961896655446,51.69275110079527,52.42014694213867,119423200
2018-10-26 00:00:00-04:00,51.49002807573618,52.51315297924629,50.719705818222664,51.585426330566406,189033600
2018-10-29 00:00:00-04:00,52.27465906170992,52.39390414241492,49.150436491610456,50.61715316772461,183742000
2018-10-30 00:00:00-04:00,50.35721221995867,51.31832758648204,49.90885304778327,50.86996841430664,146640000
2018-10-31 00:00:00-04:00,51.723755240735095,52.57516335419131,51.66174546032839,52.19596481323242,153435600
2018-11-01 00:00:00-04:00,52.241270560909626,53.03067241256625,51.707051289528664,52.997283935546875,233292800
2018-11-02 00:00:00-04:00,49.975617639462655,50.9534251880063,48.993035629337044,49.48194122314453,365314800
2018-11-05 00:00:00-05:00,48.72354618688064,48.745009430445805,47.26160016841753,48.07723617553711,264654800
2018-11-06 00:00:00-05:00,48.15593679118408,48.82371002413922,48.10108506863035,48.597145080566406,127531600
2018-11-07 00:00:00-05:00,49.12182447193514,50.09724847062436,48.68300339797682,50.071014404296875,133697600
2018-11-08 00:00:00-05:00,50.252896797779265,50.28640177455278,49.4798867717961,49.89630889892578,101450400
2018-11-09 00:00:00-05:00,49.192710830303525,49.30279706867916,48.40294632797284,48.934242248535156,137463200
2018-11-12 00:00:00-05:00,47.62512311273956,47.82854846613912,46.37825270486959,46.46919631958008,204542000
2018-11-13 00:00:00-05:00,45.8613373878106,47.189573343485826,45.818257471255464,46.00492858886719,187531600
2018-11-14 00:00:00-05:00,46.40460024038592,46.54340763572371,44.49720089946814,44.705413818359375,243204000
2018-11-15 00:00:00-05:00,45.08593088716951,45.94270521517952,44.72933932230968,45.808685302734375,185915200
2018-11-16 00:00:00-05:00,45.590912605764075,46.66068391810389,45.34201894162411,46.31605911254883,147713200
2018-11-19 00:00:00-05:00,45.47124400507992,45.638768910534296,44.27224041200388,44.48044967651367,167701200
2018-11-20 00:00:00-05:00,42.6879206318194,43.42982127726198,42.00345865725114,42.355262756347656,271300800
2018-11-21 00:00:00-05:00,43.01340374696814,43.14263985736537,42.25236044797905,42.307403564453125,124496800
2018-11-23 00:00:00-05:00,41.86704009302587,42.26431595278459,41.18736569675771,41.23283386230469,94496000
2018-11-26 00:00:00-05:00,41.69951488239352,41.86943165416822,40.74700959012877,41.79045486450195,179994000
2018-11-27 00:00:00-05:00,41.04616382838436,41.82635681542712,40.89539327188004,41.69951629638672,165549600
2018-11-28 00:00:00-05:00,42.29543000329278,43.386739131438894,41.864649123296,43.302978515625,184250000
2018-11-29 00:00:00-05:00,43.7146064267482,43.74811139825684,42.527566368587344,42.970314025878906,167080000
2018-11-30 00:00:00-05:00,43.14742505781415,43.15699999684556,42.36723550814041,42.73818588256836,158126000
2018-12-03 00:00:00-05:00,44.145395944332826,44.26026963333073,43.367598418597964,44.23155212402344,163210000
2018-12-04 00:00:00-05:00,43.30537375356426,43.64999848405807,42.185347031228254,42.28586196899414,165377200
2018-12-06 00:00:00-05:00,41.10600398297151,41.82875847541782,40.785312922397985,41.81439971923828,172393600
2018-12-07 00:00:00-05:00,41.520033151475666,41.759355486116505,40.27794965040668,40.323421478271484,169126400
2018-12-10 00:00:00-05:00,39.48817403404041,40.70632349599953,39.088506286574706,40.58905792236328,248104000
2018-12-11 00:00:00-05:00,41.08207233728684,41.11318175720587,39.966829395106615,40.35692596435547,189126800
2018-12-12 00:00:00-05:00,40.780522225245484,41.144293177333765,40.45025990394938,40.46940612792969,142510800
2018-12-13 00:00:00-05:00,40.802061306091055,41.29985214128977,40.57709775393919,40.912147521972656,127594400
2018-12-14 00:00:00-05:00,40.44546958352855,40.46461580615902,39.55519031593898,39.60305404663086,162814800
2018-12-17 00:00:00-05:00,39.59588011566849,40.28991708734925,38.944923063773686,39.23450469970703,177151600
2018-12-18 00:00:00-05:00,39.57912589783667,40.09366741794869,39.34219548970628,39.744258880615234,135366000
2018-12-19 00:00:00-05:00,39.72750727493049,40.07452392739988,38.073789077603706,38.50457000732422,196189200
2018-12-20 00:00:00-05:00,38.38730354412251,38.79654637009213,37.16676174812276,37.53292465209961,259092000
2018-12-21 00:00:00-05:00,37.54010634918933,37.851226154285385,35.809806671388046,36.07305908203125,382978400
2018-12-24 00:00:00-05:00,35.45560160413391,36.269299714334394,35.082259354929576,35.13969802856445,148676800
2018-12-26 00:00:00-05:00,35.49150053526222,37.62864708489354,35.113370834125114,37.614288330078125,234330000
2018-12-27 00:00:00-05:00,37.29599269602403,37.51856437178161,35.9151054195417,37.370182037353516,212468400
2018-12-28 00:00:00-05:00,37.69326070456872,37.93737046305535,36.98726067886856,37.389320373535156,169165600
2018-12-31 00:00:00-05:00,37.93976875326716,38.138406725748595,37.4491572455016,37.75070571899414,140014000
2019-01-02 00:00:00-05:00,37.0686349249403,38.016352942598616,36.910681313369096,37.79378128051758,148158800
2019-01-03 00:00:00-05:00,34.457624980288045,34.874047112016314,33.98376783161011,34.029239654541016,365248800
2019-01-04 00:00:00-05:00,34.589243574161706,35.55132001589513,34.41453935883473,35.48191452026367,234428400
2019-01-07 00:00:00-05:00,35.58722183311894,35.61833489767164,34.91711872766293,35.4029426574707,219111200
2019-01-08 00:00:00-05:00,35.79304854385555,36.33391936874916,35.54415491732782,36.077842712402344,164101200
2019-01-09 00:00:00-05:00,36.20707385032844,36.98247951740777,35.809801556211575,36.69050598144531,180396400
2019-01-10 00:00:00-05:00,36.49665006091114,36.84845412741025,36.104161642392405,36.807769775390625,143122800
2019-01-11 00:00:00-05:00,36.5875873350385,36.7838296842649,36.25971336408085,36.44638442993164,108092800
2019-01-14 00:00:00-05:00,36.10176753202686,36.20228245178587,35.71167104562046,35.89834213256836,129756800
2019-01-15 00:00:00-05:00,35.96296488014061,36.70964932570822,35.910313679310214,36.6330680847168,114843600
2019-01-16 00:00:00-05:00,36.63546107853383,37.305564302961926,36.61631485477659,37.08060073852539,122278800
2019-01-17 00:00:00-05:00,36.90350150241648,37.731558347362,36.67853793435393,37.300777435302734,119284800
2019-01-18 00:00:00-05:00,37.69326262026926,37.78420626372854,37.329491698200684,37.53052520751953,135004000
2019-01-22 00:00:00-05:00,37.43240676363951,37.50898801083503,36.525373081844684,36.688114166259766,121576000
2019-01-23 00:00:00-05:00,36.89153374157306,37.12846415027571,36.30519479469304,36.836490631103516,92522400
2019-01-24 00:00:00-05:00,36.881959014639996,36.97050709519078,36.31476634426936,36.54451370239258,101766000
2019-01-25 00:00:00-05:00,37.20983473079475,37.844041094394186,36.93222360419796,37.755489349365234,134142000
2019-01-28 00:00:00-05:00,37.28401781932942,37.413253900458706,36.77426382665019,37.40607452392578,104768400
2019-01-29 00:00:00-05:00,37.39411319900113,37.84404033757755,36.88196357069837,37.018375396728516,166348800
2019-01-30 00:00:00-05:00,39.069359622095426,39.76339272741628,38.34660536187466,39.548004150390625,244439200
2019-01-31 00:00:00-05:00,39.753828833483034,40.44547015936835,39.38287852474457,39.83280563354492,162958400
2019-02-01 00:00:00-05:00,39.95725782330066,40.44068630062365,39.71075246377494,39.85195541381836,130672400
2019-02-04 00:00:00-05:00,40.064943453034616,41.082063134956805,40.03383038831589,40.98394012451172,125982000
2019-02-05 00:00:00-05:00,41.369258014623355,41.90055387814163,41.247204941241186,41.68516159057617,144406400
2019-02-06 00:00:00-05:00,41.797635657994846,42.01781537397981,41.36685846596163,41.69951629638672,112958400
2019-02-07 00:00:00-05:00,41.25916422970857,41.62772262715398,40.766160862006295,40.90975570678711,126966800
2019-02-08 00:00:00-05:00,40.61652619471503,41.01790806446612,40.47952568188739,40.957820892333984,95280000
2019-02-11 00:00:00-05:00,41.11164598391642,41.15010265620762,40.67901758921569,40.7222785949707,83973600
2019-02-12 00:00:00-05:00,40.88331492432399,41.09962728516864,40.78717324483631,41.07318878173828,89134000
2019-02-13 00:00:00-05:00,41.19336951174009,41.4553487524955,40.840056578180494,40.90254592895508,89960800
2019-02-14 00:00:00-05:00,40.78958024060878,41.162117798514,40.7102647280589,41.05155944824219,87342800
2019-02-15 00:00:00-05:00,41.15971017522717,41.26786634439146,40.79918716639306,40.96022033691406,98507200
2019-02-19 00:00:00-05:00,40.78959113923767,41.20539348210082,40.736714116742796,41.08281326293945,75891200
2019-02-20 00:00:00-05:00,41.14530260424336,41.65724660916172,41.09723358830789,41.34719467163086,104457600
2019-02-21 00:00:00-05:00,41.291903531091215,41.428900370213036,40.9313805148141,41.114044189453125,68998800
2019-02-22 00:00:00-05:00,41.239027961135164,41.58032265497459,41.19095895744776,41.57311248779297,75652800
2019-02-25 00:00:00-05:00,41.859134985263594,42.27012925281445,41.80866013915235,41.87595748901367,87493600
2019-02-26 00:00:00-05:00,41.75097885975431,42.13313245439267,41.62118849378963,41.899993896484375,68280800
2019-02-27 00:00:00-05:00,41.6308090145359,42.06103166763813,41.515438972840116,42.02978515625,111341600
2019-02-28 00:00:00-05:00,41.897590009750274,42.039394872265106,41.56109960627956,41.61637878417969,112861600
2019-03-01 00:00:00-05:00,41.887965138912406,42.0970673043647,41.55388064049307,42.05380630493164,103544800
2019-03-04 00:00:00-05:00,42.226870774977456,42.72198859326378,41.81347064821921,42.26532745361328,109744800
2019-03-05 00:00:00-05:00,42.28695174718876,42.301372082700844,41.95046135970916,42.18840789794922,78949600
2019-03-06 00:00:00-05:00,41.98171429645158,42.17880202512409,41.806260741791704,41.94566345214844,83241600
2019-03-07 00:00:00-05:00,41.78942822511105,41.92642874752536,41.34478532067716,41.46015167236328,99185600
2019-03-08 00:00:00-05:00,40.93619446181018,41.59715342099859,40.73910675724927,41.55869674682617,95997600
2019-03-11 00:00:00-04:00,42.17879251602142,43.051255758339565,42.145143846447574,42.99837875366211,128044000
2019-03-12 00:00:00-04:00,43.262769061509005,43.90449969582974,43.111348196216,43.48148727416992,129870400
2019-03-13 00:00:00-04:00,43.803549957648066,44.055916822577316,43.483885751061685,43.673763275146484,124130000
2019-03-14 00:00:00-04:00,44.20013390256599,44.248206586776654,43.87806745596756,44.15927505493164,94318000
2019-03-15 00:00:00-04:00,44.42846337246805,45.02452718478486,44.16167614048492,44.73370361328125,156171600
2019-03-18 00:00:00-04:00,44.656790415649255,45.27929268550262,44.65438458142814,45.190364837646484,104879200
2019-03-19 00:00:00-04:00,45.2696774365264,45.42350045213616,44.6856282100786,44.83224105834961,126585600
2019-03-20 00:00:00-04:00,44.76013558797646,45.54367466586478,44.399612552363045,45.2240104675293,124140800
2019-03-21 00:00:00-04:00,45.67106701627568,47.18766692624019,45.62059216895832,46.88963317871094,204136800
2019-03-22 00:00:00-04:00,46.94972320010219,47.51454422061538,45.853733504275674,45.91862869262695,169630800
2019-03-25 00:00:00-04:00,46.029181890691916,46.142146082102926,44.84907246674458,45.36341857910156,175381200
2019-03-26 00:00:00-04:00,46.06524195582555,46.358467721996206,44.363572378639276,44.89474105834961,199202000
2019-03-27 00:00:00-04:00,45.3658202965291,45.608571180225,44.837053853049014,45.29852294921875,119393600
2019-03-28 00:00:00-04:00,45.413887421539435,45.56050027940132,45.072592697936244,45.35860824584961,83121600
2019-03-29 00:00:00-04:00,45.625398981071854,45.685486162419615,45.31534707155634,45.654239654541016,94256000
2019-04-01 00:00:00-04:00,46.060428640103815,46.07004097525238,45.2768931317158,45.964290618896484,111448000
2019-04-02 00:00:00-04:00,45.92823034882093,46.738207928976855,45.918618014878206,46.63245391845703,91062800
2019-04-03 00:00:00-04:00,46.447380431749906,47.2285136084805,46.42334409780172,46.95211410522461,93087200
2019-04-04 00:00:00-04:00,46.8175203403821,47.197271715775315,46.42094646352648,47.033836364746094,76457200
2019-04-05 00:00:00-04:00,47.21650893741044,47.37273781786928,47.0915265665295,47.34870147705078,74106400
2019-04-08 00:00:00-04:00,47.20928782854606,48.1250157230907,47.1900594938333,48.093772888183594,103526800
2019-04-09 00:00:00-04:00,48.14665741317049,48.7547393821642,47.88467452078381,47.94956970214844,143072800
2019-04-10 00:00:00-04:00,47.752488094994874,48.247609602766104,47.63231371947806,48.21876525878906,86781200
2019-04-11 00:00:00-04:00,48.27403608202829,48.31008691872699,47.69479485620265,47.8173713684082,83603200
2019-04-12 00:00:00-04:00,47.87746462713603,48.103393012313376,47.1588242964388,47.79814910888672,111042800
2019-04-15 00:00:00-04:00,47.72844126799521,48.03368511817819,47.591440760162364,47.884666442871094,70146400
2019-04-16 00:00:00-04:00,47.939955433719604,48.39901868375474,47.72363939370441,47.88948059082031,102785600
2019-04-17 00:00:00-04:00,47.959185797052335,48.88212774264974,47.735663230006175,48.82204055786133,115627200
2019-04-18 00:00:00-04:00,48.81964195967877,49.06720090430738,48.67543489526969,48.997501373291016,96783200
2019-04-22 00:00:00-04:00,48.74993146779829,49.25706741525704,48.63215927436071,49.15852355957031,77758000
2019-04-23 00:00:00-04:00,49.13448558884094,49.932445075565504,49.00710106447339,49.867549896240234,93292000
2019-04-24 00:00:00-04:00,49.83871461362883,50.10790402744956,49.764207091405645,49.790645599365234,70162400
2019-04-25 00:00:00-04:00,49.71132834443137,49.9348509033174,49.300330401813405,49.33878707885742,74172800
2019-04-26 00:00:00-04:00,49.247444162856404,49.27148049836414,48.579275110955905,49.10323715209961,74596400
2019-04-29 00:00:00-04:00,49.12727860186945,49.50462786570031,48.99749190224547,49.17775344848633,88818800
2019-04-30 00:00:00-04:00,48.80520718086027,48.88692485992553,47.85583053484166,48.23077392578125,186139600
2019-05-01 00:00:00-04:00,50.44439776900959,51.74948974560287,50.28816887812301,50.59822082519531,259309200
2019-05-02 00:00:00-04:00,50.434773542890014,51.110152846154705,50.02377929345117,50.2689323425293,127985200
2019-05-03 00:00:00-04:00,50.68714454582394,50.915475110445335,50.528513500639576,50.89384460449219,83569600
2019-05-06 00:00:00-04:00,49.100840754868216,50.19442821691102,48.91096687061245,50.10790252685547,129772400
2019-05-07 00:00:00-04:00,49.48299526901458,49.853130681316514,48.26923350880441,48.75714111328125,155054800
2019-05-08 00:00:00-04:00,48.52640922466374,49.35320947851174,48.49035838057241,48.76675796508789,105358000
2019-05-09 00:00:00-04:00,48.165880688226906,48.473526747919585,47.266978847455945,48.242794036865234,139634400
2019-05-10 00:00:00-04:00,47.632381503795045,47.97740573702706,46.5104572543676,47.5744743347168,164834800
2019-05-13 00:00:00-04:00,45.28959683001882,45.71664965595024,44.11700367907411,44.8094596862793,229722400
2019-05-14 00:00:00-04:00,44.97593932860307,45.76973008833523,44.73466504908464,45.51880645751953,146118800
2019-05-15 00:00:00-04:00,44.94216666218665,46.264348847434725,44.88184808481059,46.064090728759766,106178800
2019-05-16 00:00:00-04:00,45.8204072995453,46.43806897380502,45.562242008282226,45.86142349243164,132125600
2019-05-17 00:00:00-04:00,45.10139064821932,46.059249648617374,45.060374470358646,45.600830078125,131516400
2019-05-20 00:00:00-04:00,44.278661364299886,44.478919478693,43.496931292861504,44.17491149902344,154449200
2019-05-21 00:00:00-04:00,44.68883359781983,45.35957596922337,44.563369910048486,45.021793365478516,113459200
2019-05-22 00:00:00-04:00,44.55372130453797,44.8070601023782,44.044632290773926,44.10012435913086,118994400
2019-05-23 00:00:00-04:00,43.38111788331298,43.55965850091621,42.90098072301193,43.34733963012695,146118800
2019-05-24 00:00:00-04:00,43.47762878946721,43.94570152768345,43.0964149478432,43.18086242675781,94858800
2019-05-28 00:00:00-04:00,43.16879919925572,43.57172685606383,42.92511347097407,43.0023193359375,111792800
2019-05-29 00:00:00-04:00,42.56561244357152,43.27254807158391,42.46427767726449,42.797237396240234,113924800
2019-05-30 00:00:00-04:00,42.93476714032729,43.24359799433961,42.625936286314975,43.01921463012695,84873600
2019-05-31 00:00:00-04:00,42.519770266230815,42.94441540448751,42.22059248051771,42.23989486694336,108174400
2019-06-03 00:00:00-04:00,42.36776343798145,42.92751783199996,41.08177113244012,41.81283187866211,161584400
2019-06-04 00:00:00-04:00,42.32915901382572,43.38835292427433,42.10718712461122,43.34251022338867,123872000
2019-06-05 00:00:00-04:00,44.46202053547065,44.63332688071376,43.70441950297271,44.04220199584961,119093600
2019-06-06 00:00:00-04:00,44.172500644034194,44.74914609150316,43.948113623726684,44.68882751464844,90105200
2019-06-07 00:00:00-04:00,45.00007276663625,46.30536774080863,44.821532123377295,45.87831115722656,122737600
2019-06-10 00:00:00-04:00,46.27881738963656,47.13775320642778,46.23297468904042,46.464599609375,104883600
2019-06-11 00:00:00-04:00,47.01470040459606,47.28975290176256,46.71069617558662,47.00263595581055,107731600
2019-06-12 00:00:00-04:00,46.79515070278815,47.282525829560186,46.66003768108194,46.853057861328125,73012800
2019-06-13 00:00:00-04:00,46.97610446099883,47.48036685355529,46.71070494565239,46.84340286254883,86698400
2019-06-14 00:00:00-04:00,46.21608737399294,46.70828526724382,45.91449453506262,46.503204345703125,75046000
2019-06-17 00:00:00-04:00,46.54181489305736,47.03884308516506,46.36568567014987,46.780677795410156,58676400
2019-06-18 00:00:00-04:00,47.30183674369353,48.32483762479177,47.099167174595316,47.88089370727539,106204000
2019-06-19 00:00:00-04:00,48.17764979665848,48.22590760124011,47.60583089159149,47.740943908691406,84496800
2019-06-20 00:00:00-04:00,48.34414106183398,48.40204823206849,47.779559957876785,48.12458419799805,86056000
2019-06-21 00:00:00-04:00,47.96532532602053,48.45993831287898,47.808494842524695,47.96049880981445,191202400
2019-06-24 00:00:00-04:00,47.90259367128409,48.2934605062186,47.81332336626575,47.91224670410156,72881600
2019-06-25 00:00:00-04:00,47.876064779608434,48.07632292050196,47.11846351097175,47.1860237121582,84281200
2019-06-26 00:00:00-04:00,47.71682504033316,48.49372867363781,47.61549026401788,48.20661163330078,104270000
2019-06-27 00:00:00-04:00,48.32482896508777,48.6336634627506,48.151114852385916,48.19213104248047,83598800
2019-06-28 00:00:00-04:00,47.93638077113115,48.1342274833213,47.54310612773166,47.753013610839844,124442400
2019-07-01 00:00:00-04:00,49.01969694153003,49.338180770722154,48.41168470133364,48.62883377075195,109012000
2019-07-02 00:00:00-04:00,48.59505971135046,49.01005181950754,48.58299525952712,48.91353988647461,67740800
2019-07-03 00:00:00-04:00,49.04624084345692,49.326119923212715,48.903889885867834,49.31888198852539,45448000
2019-07-05 00:00:00-04:00,49.06313276926299,49.48053629777481,48.954556383727386,49.27545166015625,69062000
2019-07-08 00:00:00-04:00,48.45029058952235,48.59264153999838,47.871233754148314,48.25968551635742,101354400
2019-07-09 00:00:00-04:00,48.061833616663726,48.61917658863616,47.96773679907816,48.55403518676758,82312000
2019-07-10 00:00:00-04:00,48.7012122584598,49.154805376888106,48.63124065937169,49.0341682434082,71588400
2019-07-11 00:00:00-04:00,49.05347316333842,49.31404982691705,48.66743652517082,48.677085876464844,80767200
2019-07-12 00:00:00-04:00,48.84598651745921,49.21996245872603,48.7856679360147,49.05107116699219,70380800
2019-07-15 00:00:00-04:00,49.2416645420765,49.67113244519866,49.2199507414986,49.51189422607422,67789600
2019-07-16 00:00:00-04:00,49.36230523280645,49.72904317794268,49.09931714493955,49.34059143066406,67467200
2019-07-17 00:00:00-04:00,49.232016867630335,49.482940495365476,49.04382322644066,49.06312561035156,56430000
2019-07-18 00:00:00-04:00,49.21996331242886,49.673560230856395,49.14758027712917,49.620479583740234,74162400
2019-07-19 00:00:00-04:00,49.65183778465376,49.823144161703546,48.82426868267295,48.8797607421875,83717200
2019-07-22 00:00:00-04:00,49.13550574109964,49.99926810689842,49.1258563897651,49.996856689453125,89111600
2019-07-23 00:00:00-04:00,50.29604028831818,50.404612982885325,50.01374612826869,50.38772201538086,73420800
2019-07-24 00:00:00-04:00,50.10543589326107,50.462520843915236,49.98479873735254,50.346710205078125,59966400
2019-07-25 00:00:00-04:00,50.3997901774334,50.484237658067,49.87863678727166,49.9486083984375,55638400
2019-07-26 00:00:00-04:00,50.05958841123499,50.60245556105501,49.977556036612796,50.12232208251953,70475600
2019-07-29 00:00:00-04:00,50.29604939471161,50.82202567682745,50.29122287718596,50.59040069580078,86693600
2019-07-30 00:00:00-04:00,50.36842253702477,50.70620877262561,50.018575531428745,50.37324905395508,135742800
2019-07-31 00:00:00-04:00,52.21658173940827,53.410888746360264,50.981258544676095,51.40107345581055,277125600
2019-08-01 00:00:00-04:00,51.608573882211395,52.6050379692168,49.88105260566868,50.28880310058594,216071600
2019-08-02 00:00:00-04:00,49.58910388417901,49.80624926973324,48.64813563803942,49.22478103637695,163448400
2019-08-05 00:00:00-04:00,47.7698998067412,47.92913804617501,46.46460496496702,46.647972106933594,209572000
2019-08-06 00:00:00-04:00,47.364560324773144,47.78920547658847,46.81686659731346,47.53104019165039,143299200
2019-08-07 00:00:00-04:00,47.14741585572359,48.14870281324593,46.76379056967513,48.02323913574219,133457600
2019-08-08 00:00:00-04:00,48.30310552961163,49.10654924744954,48.10767397043135,49.082420349121094,108038000
2019-08-09 00:00:00-04:00,48.75304950566233,49.10664629954299,48.26624322585724,48.67797088623047,98478800
2019-08-12 00:00:00-04:00,48.34616657947427,48.93469263531959,48.232336513025615,48.55445098876953,89927600
2019-08-13 00:00:00-04:00,48.685242576262546,51.37840568550886,48.55445734870309,50.610660552978516,188874000
2019-08-14 00:00:00-04:00,49.203532000259486,49.99791830656395,49.065481335207195,49.10423278808594,146189600
2019-08-15 00:00:00-04:00,49.276176461244376,49.683055517637094,48.358270613969744,48.8596076965332,108909600
2019-08-16 00:00:00-04:00,49.474786752253124,50.17229814971763,49.36822210035803,50.012451171875,110481600
2019-08-19 00:00:00-04:00,51.01026271322519,51.52128582572318,50.86737092282847,50.94487380981445,97654400
2019-08-20 00:00:00-04:00,51.073240314621195,51.671452392586964,50.93761394311408,50.94729995727539,107537200
2019-08-21 00:00:00-04:00,51.58426861305114,51.74411188362877,51.24762323045875,51.4995002746582,86141600
2019-08-22 00:00:00-04:00,51.63270432477024,51.935443100823775,51.04175764262705,51.45590591430664,89014800
2019-08-23 00:00:00-04:00,50.72205855084123,51.35660147373492,48.68039022711605,49.07758331298828,187272000
2019-08-26 00:00:00-04:00,49.85743589320227,50.1795503439603,49.66368236775234,50.01001739501953,104174400
2019-08-27 00:00:00-04:00,50.341822844373105,50.50893523042844,49.29313534098286,49.445716857910156,103493200
2019-08-28 00:00:00-04:00,49.431184058875495,49.823532292180104,49.24227537650354,49.77751541137695,63755200
2019-08-29 00:00:00-04:00,50.49682236311714,50.69542075250577,50.05119182007997,50.620338439941406,83962000
2019-08-30 00:00:00-04:00,50.89886917223886,50.969102946860566,50.18198207739324,50.55495834350586,84573600
2019-09-03 00:00:00-04:00,49.995478175891016,50.128683943204194,49.460238222970034,49.81867980957031,80092000
2019-09-04 00:00:00-04:00,50.47018687318482,50.734174199954595,50.2110444016016,50.6639404296875,76752400
2019-09-05 00:00:00-04:00,51.344491060573134,51.821607617486855,51.22581614234957,51.65449523925781,95654800
2019-09-06 00:00:00-04:00,51.84098353043355,51.930593016548904,51.46800732638875,51.64965057373047,77449200
2019-09-09 00:00:00-04:00,52.03231988392486,52.419827009290024,51.11926236362151,51.870052337646484,109237600
2019-09-10 00:00:00-04:00,51.79497407374057,52.50217144129062,51.27426483494279,52.48279571533203,127111600
2019-09-11 00:00:00-04:00,52.81459376810359,54.18055087642691,52.73224601851883,54.151485443115234,177158400
2019-09-12 00:00:00-04:00,54.44454379141067,54.83689207389392,53.97469260616728,54.0303955078125,128906800
2019-09-13 00:00:00-04:00,53.28202497209821,53.4733542539142,52.56029675950057,52.979286193847656,159053200
2019-09-16 00:00:00-04:00,52.73224701324744,53.31350764840726,52.69107498544911,53.2578010559082,84632400
2019-09-17 00:00:00-04:00,53.27233436858607,53.480618777903416,53.068891118513704,53.45155334472656,73274800
2019-09-18 00:00:00-04:00,53.53874405055101,53.97226802772137,53.146395797135085,53.9528923034668,101360000
2019-09-19 00:00:00-04:00,53.76882396731753,54.192658228256214,53.37163086488808,53.5145263671875,88242400
2019-09-20 00:00:00-04:00,53.61624578307618,53.90202939465577,52.669278068122175,52.73224639892578,221652400
2019-09-23 00:00:00-04:00,53.02772591306783,53.24327578452196,52.71287683119705,52.972023010253906,76662000
2019-09-24 00:00:00-04:00,53.53147218421004,53.88507264217403,52.60145970497857,52.720130920410156,124763200
2019-09-25 00:00:00-04:00,52.93084243723069,53.645305129874714,52.58935224902257,53.53147506713867,87613600
2019-09-26 00:00:00-04:00,53.282023697512216,53.50968384459734,52.99866065131317,53.2553825378418,75334000
2019-09-27 00:00:00-04:00,53.412803846791704,53.51452732331094,52.623262482703005,52.996238708496094,101408000
2019-09-30 00:00:00-04:00,53.49999068187121,54.39125548788557,53.47334952392004,54.2435188293457,103909600
2019-10-01 00:00:00-04:00,54.509931100642845,55.27283128581706,54.29922241397625,54.3936767578125,139223200
2019-10-02 00:00:00-04:00,54.023128520671484,54.149068886267855,52.78068740111103,53.030147552490234,138449200
2019-10-03 00:00:00-04:00,52.90178504171601,53.51453174905125,52.102557597145044,53.48062515258789,114426000
2019-10-04 00:00:00-04:00,54.647974006406464,55.096028809322995,54.22413978033884,54.979774475097656,138478800
2019-10-07 00:00:00-04:00,54.800568285247785,55.6869846932214,54.69642421516926,54.99189758300781,122306000
2019-10-08 00:00:00-04:00,54.69157070516925,55.23407615335267,54.330704802514866,54.34765625,111820000
2019-10-09 00:00:00-04:00,54.984622955322266,55.16868678667132,54.64797760995429,54.984622955322266,74770400
2019-10-10 00:00:00-04:00,55.20259362706316,55.810495410699204,55.0500158079005,55.72572708129883,113013600
2019-10-11 00:00:00-04:00,56.418390341267084,57.55426667484585,56.263388255598976,57.20793533325195,166795600
2019-10-14 00:00:00-04:00,56.89066950613469,57.67294916683726,56.83496660590808,57.12559509277344,96427600
2019-10-15 00:00:00-04:00,57.25152830334776,57.55668762208558,56.88582123676615,56.99238586425781,87360000
2019-10-16 00:00:00-04:00,56.52011140332705,56.97301107760822,56.47893937758173,56.76230239868164,73903200
2019-10-17 00:00:00-04:00,56.93668346486658,57.193405343327285,56.55644550211106,56.98270034790039,67585200
2019-10-18 00:00:00-04:00,56.81558875705055,57.539741215095894,56.74293071416461,57.256378173828125,97433600
2019-10-21 00:00:00-04:00,57.52522166989333,58.36562494467085,57.476784196947946,58.24937057495117,87247200
2019-10-22 00:00:00-04:00,58.40677834281365,58.658655339076596,58.03380215951869,58.11614990234375,82293600
2019-10-23 00:00:00-04:00,58.634440703583515,58.910538286934596,58.421311447824344,58.89600372314453,75828800
2019-10-24 00:00:00-04:00,59.21812145095567,59.28835891208538,58.56420647492084,58.99288558959961,69275200
2019-10-25 00:00:00-04:00,58.89116296332571,59.755782889862424,58.8233497806774,59.71945571899414,73477200
2019-10-28 00:00:00-04:00,59.922896404671526,60.36610637538606,59.75336344483187,60.31766891479492,96572800
2019-10-29 00:00:00-04:00,60.298300150142644,60.487208855127925,58.74827905909882,58.92265319824219,142839600
2019-10-30 00:00:00-04:00,59.2786727299829,59.40945795029767,58.418897565341155,58.91538619995117,124522000
2019-10-31 00:00:00-04:00,59.87930125276982,60.34672808613454,57.462232529751944,60.24742889404297,139162000
2019-11-01 00:00:00-04:00,60.436342966581535,61.98394337156439,60.34431289581492,61.957305908203125,151125200
2019-11-04 00:00:00-05:00,62.323005797126264,62.44894984543721,61.850737789208154,62.36418151855469,103272000
2019-11-05 00:00:00-05:00,62.255206300914935,62.53130764499164,62.07841156512109,62.27458572387695,79897600
2019-11-06 00:00:00-05:00,62.18737843406581,62.361756244170685,61.848312523051504,62.30120849609375,75864400
2019-11-07 00:00:00-05:00,62.852641920154596,63.24374401000625,62.699602294268026,63.02025604248047,94940400
2019-11-08 00:00:00-05:00,62.84049188011429,63.26559860921994,62.39352340881882,63.192726135253906,69986400
2019-11-11 00:00:00-05:00,62.74573643123022,63.758708075894134,62.74088073845961,63.69312286376953,81821200
2019-11-12 00:00:00-05:00,63.53522934446144,63.83645284491749,63.3821971607705,63.63482666015625,87388800
2019-11-13 00:00:00-05:00,63.433222083562434,64.31987190974095,63.418647586616146,64.24456787109375,102734400
2019-11-14 00:00:00-05:00,64.06965386417309,64.34415252467213,63.66884045061573,63.800018310546875,89182800
2019-11-15 00:00:00-05:00,64.05264094928089,64.56277042696628,63.88988997848896,64.55791473388672,100206400
2019-11-18 00:00:00-05:00,64.56764007340955,64.96359783648255,64.18626421927019,64.88343811035156,86703200
2019-11-19 00:00:00-05:00,65.07774766066129,65.10204094963999,64.46802836294079,64.68665313720703,76167200
2019-11-20 00:00:00-05:00,64.50448336501718,64.63565381979397,63.25588059813886,63.933624267578125,106234400
2019-11-21 00:00:00-05:00,64.05506943887393,64.13280500406032,63.445342682680035,63.646968841552734,121395200
2019-11-22 00:00:00-05:00,63.78786950282475,63.93119030686667,63.362762784416844,63.59110641479492,65325200
2019-11-25 00:00:00-05:00,63.817019227242234,64.723106511985,63.77086418993556,64.70610046386719,84020400
2019-11-26 00:00:00-05:00,64.8445831705958,64.89802546970063,63.76602579831656,64.20085144042969,105207600
2019-11-27 00:00:00-05:00,64.51420446665863,65.09721400654226,64.44861922939512,65.06320190429688,65235600
2019-11-29 00:00:00-05:00,64.76198078254438,65.10206471256723,64.59193511089612,64.91987609863281,46617600
2019-12-02 00:00:00-05:00,64.92472999078294,65.16279244182789,63.99678831032172,64.16925811767578,94487200
2019-12-03 00:00:00-05:00,62.74817812601864,63.04453852489664,62.25748619910732,63.025108337402344,114430400
2019-12-04 00:00:00-05:00,63.418643186523646,63.96277747016316,63.32390154967197,63.58139419555664,67181600
2019-12-05 00:00:00-05:00,64.07938015707803,64.5895097491033,63.821887513981444,64.51419830322266,74424400
2019-12-06 00:00:00-05:00,64.97576256732057,65.83083195941661,64.93203165739128,65.76038360595703,106075600
2019-12-09 00:00:00-05:00,65.58788323471221,65.78221473824712,64.35143106628745,64.8396987915039,128042400
2019-12-10 00:00:00-05:00,65.2478074350597,65.60489736208217,64.58220675624733,65.21865844726562,90420400
2019-12-11 00:00:00-05:00,65.298823023681,65.8551076263955,65.22351899518415,65.77494049072266,78756800
2019-12-12 00:00:00-05:00,65.04863633630056,66.20978505427749,64.93689603823654,65.94257354736328,137310400
2019-12-13 00:00:00-05:00,65.94253706503372,66.87534156224027,65.81379078474075,66.83890533447266,133587600
2019-12-16 00:00:00-05:00,67.2883280180737,68.20898988869466,67.28347232381843,67.98307037353516,128186000
2019-12-17 00:00:00-05:00,67.91262598314762,68.44704144164254,67.72557427139209,68.1166763305664,114158400
2019-12-18 00:00:00-05:00,67.96848532141267,68.47861484338853,67.80330278310353,67.95391082763672,116028400
2019-12-19 00:00:00-05:00,67.89562736119716,68.30372810067618,67.76202533527726,68.02194213867188,98369200
2019-12-20 00:00:00-05:00,68.55877842972434,68.66079988088414,67.66726573570988,67.88103485107422,275978000
2019-12-23 00:00:00-05:00,68.14582046325577,69.04947617356206,68.10695267414582,68.9887466430664,98572000
2019-12-24 00:00:00-05:00,69.15636542783999,69.2049520208389,68.7264029915653,69.05433654785156,48478800
2019-12-26 00:00:00-05:00,69.18794786072802,70.44140637893105,69.15879886944224,70.42440032958984,93121200
2019-12-27 00:00:00-05:00,70.71832828705523,71.41064647415672,69.98957386132172,70.39767456054688,146266000
2019-12-30 00:00:00-05:00,70.31506481600805,71.09969287710341,69.28509453703916,70.81547546386719,144114400
2019-12-31 00:00:00-05:00,70.42923027631763,71.34017298734489,70.32963298365281,71.3328857421875,100805600
2020-01-02 00:00:00-05:00,71.96206707208269,73.02119401224431,71.70700599162996,72.96046447753906,135480400
2020-01-03 00:00:00-05:00,72.18311237850111,73.01631968746577,72.0252170951796,72.25112915039062,146322800
2020-01-06 00:00:00-05:00,71.36691800126124,72.8657186806961,71.11428107560928,72.82685089111328,118387200
2020-01-07 00:00:00-05:00,72.83659432291418,73.09408702936275,72.26331091256465,72.48436737060547,108872000
2020-01-08 00:00:00-05:00,72.18554889244729,73.95399249637669,72.18554889244729,73.65034484863281,132079200
2020-01-09 00:00:00-05:00,74.63414394575426,75.40905316645043,74.38151449561664,75.2147216796875,170108400
2020-01-10 00:00:00-05:00,75.45036588810156,75.9532081512511,74.87950685118822,75.38477325439453,140644800
2020-01-13 00:00:00-05:00,75.70301945406717,77.02206329262506,75.5839845138338,76.9953384399414,121532000
2020-01-14 00:00:00-05:00,76.93219382842413,77.14353146784771,75.83177472296616,75.95565795898438,161954400
2020-01-15 00:00:00-05:00,75.7540099252728,76.640659495418,75.19529385499752,75.63011932373047,121923600
2020-01-16 00:00:00-05:00,76.17670118665582,76.68926233414037,75.8123239644409,76.5775146484375,108829200
2020-01-17 00:00:00-05:00,76.82770907210639,77.4277171088592,76.51920573680277,77.42529296875,137816400
2020-01-21 00:00:00-05:00,77.0512123222152,77.49574929639834,76.76213911665702,76.90060424804688,110843200
2020-01-22 00:00:00-05:00,77.38885633655732,77.73137179716441,77.08035297328732,77.17509460449219,101832400
2020-01-23 00:00:00-05:00,77.2285535846783,77.62693555806383,76.67712455346616,77.5467758178711,104472000
2020-01-24 00:00:00-05:00,77.79452681478972,78.54271135182425,77.13135768791828,77.3232650756836,146537600
2020-01-27 00:00:00-05:00,75.31919611753946,75.73458405141831,74.0608819612257,75.049560546875,161940000
2020-01-28 00:00:00-05:00,75.9362084433021,77.34513062313609,75.83661112103543,77.17266082763672,162234000
2020-01-29 00:00:00-05:00,78.8148107936701,79.6407311683627,78.06905016093792,78.7880859375,216229200
2020-01-30 00:00:00-05:00,77.86498264545966,78.72733907686397,77.43015709928753,78.67389678955078,126743200
2020-01-31 00:00:00-05:00,77.95971353947277,78.38482026619714,74.88923223677699,75.18559265136719,199588400
2020-02-03 00:00:00-05:00,73.91996877533134,76.15238652349159,73.41470243079377,74.97909545898438,173788400
2020-02-04 00:00:00-05:00,76.59451265540486,77.646352277853,76.18641198856126,77.4544448852539,136616400
2020-02-05 00:00:00-05:00,78.58887926099938,78.89010281585138,77.4787489207456,78.08604431152344,118826800
2020-02-06 00:00:00-05:00,78.35811245075733,79.00184409046255,77.79697209564884,78.9994125366211,105425600
2020-02-07 00:00:00-05:00,78.49537477478988,78.74617398508578,77.43130426672991,77.92559814453125,117684000
2020-02-10 00:00:00-05:00,76.50116063882659,78.29571533203125,76.42081065995445,78.29571533203125,109348800
2020-02-11 00:00:00-05:00,78.79487487464553,78.86792030160802,77.60418239908495,77.82332611083984,94323200
2020-02-12 00:00:00-05:00,78.27624330393425,79.67633786108895,78.27624330393425,79.67147064208984,113730400
2020-02-13 00:00:00-05:00,78.93852851537181,79.4328223409646,78.73399390797482,79.1041030883789,94747600
2020-02-14 00:00:00-05:00,79.07244933588716,79.37438775133607,78.61224831683451,79.12358856201172,80113600
2020-02-18 00:00:00-05:00,76.7884729229772,77.85741805432357,76.60585192675909,77.67479705810547,152531200
2020-02-19 00:00:00-05:00,77.91828659478442,79.03105890862423,77.91828659478442,78.79973602294922,93984000
2020-02-20 00:00:00-05:00,78.55867970058027,79.05053621585193,77.48243008372343,77.9913330078125,100566000
2020-02-21 00:00:00-05:00,77.58227268657049,78.02787210613334,75.60509710107856,76.22600555419922,129554000
2020-02-24 00:00:00-05:00,72.38120611254982,74.06618455855828,70.42594480045447,72.60521697998047,222195200
2020-02-25 00:00:00-05:00,73.27971742619408,73.66443570117842,69.67112495261816,70.14593505859375,230673600
2020-02-26 00:00:00-05:00,69.7685041868108,72.53216925408847,69.76119964638609,71.2586898803711,198054800
2020-02-27 00:00:00-05:00,68.44634038639119,69.63946255945332,66.46429057749864,66.60064697265625,320605600
2020-02-28 00:00:00-05:00,62.641433521304165,67.79134367581914,62.42471972469086,66.56169128417969,426510000
2020-03-02 00:00:00-05:00,68.73366296113703,73.39902090268653,67.62332805731323,72.75862884521484,341397200
2020-03-03 00:00:00-05:00,73.94203379997515,74.02238377593946,69.59077756437482,70.44788360595703,319475600
2020-03-04 00:00:00-05:00,72.18156267839852,73.87628355047495,71.37559589161776,73.715576171875,219178400
2020-03-05 00:00:00-05:00,71.95753539866956,72.93881852874044,70.95677596642219,71.32445526123047,187572800
2020-03-06 00:00:00-05:00,68.6654986545679,70.81312348100202,68.47801042909869,70.37726593017578,226176800
2020-03-09 00:00:00-04:00,64.22172135980415,67.71343415264822,64.03910035119807,64.81098175048828,286744800
2020-03-10 00:00:00-04:00,67.48211558399798,69.7466130149121,65.59015726551814,69.47876739501953,285290000
2020-03-11 00:00:00-04:00,67.54298976448986,68.4755710766778,66.1964571120094,67.06573486328125,255598800
2020-03-12 00:00:00-04:00,62.32002194958239,65.74355616894786,60.386673814441,60.44267654418945,418474000
2020-03-13 00:00:00-04:00,64.49929026961834,68.1590139300383,61.59196034066127,67.68419647216797,370732000
2020-03-16 00:00:00-04:00,58.913526175247235,63.08458674489255,58.4387123802444,58.976837158203125,322423600
2020-03-17 00:00:00-04:00,60.26736279474311,62.726656665584784,58.049126262766514,61.57006072998047,324056000
2020-03-18 00:00:00-04:00,58.38271637578499,60.87366573743958,57.73745328970791,60.062828063964844,300233600
2020-03-19 00:00:00-04:00,60.23814034603847,61.56518542410815,59.07423623499288,59.60261917114258,271857200
2020-03-20 00:00:00-04:00,60.18700909550111,61.319261509189396,55.51678323647268,55.81871795654297,401693200
2020-03-23 00:00:00-04:00,55.53625550355206,55.63852280201889,51.7693932905746,54.63288879394531,336752800
2020-03-24 00:00:00-04:00,57.55240281697703,60.31119799219328,57.05080436974389,60.11396789550781,287531200
2020-03-25 00:00:00-04:00,61.0562862479358,62.88249620550118,59.48574642751631,59.78281021118164,303602000
2020-03-26 00:00:00-04:00,60.02630826579849,62.98720068732998,59.98734822613039,62.92876434326172,252087200
2020-03-27 00:00:00-04:00,61.543267191128244,62.30296924110682,60.155348555423856,60.323360443115234,204216800
2020-03-30 00:00:00-04:00,61.05385472646732,62.21775894865112,60.72756904582952,62.04487609863281,167976400
2020-03-31 00:00:00-04:00,62.23723980909522,63.91491423942951,61.36065750147208,61.91825866699219,197002000
2020-04-01 00:00:00-04:00,60.02143160419394,60.56199002784368,58.22687721129531,58.66029739379883,176218400
2020-04-02 00:00:00-04:00,58.52150905033826,59.69271783766639,57.68388677741071,59.6391487121582,165934000
2020-04-03 00:00:00-04:00,59.120500866782685,59.82663385490386,58.187915925569236,58.78204345703125,129880000
2020-04-06 00:00:00-04:00,61.092810539696266,64.06587834680094,60.72270132051076,63.9100456237793,201820400
2020-04-07 00:00:00-04:00,65.93835201804121,66.157503160266,63.06511795609506,63.16981887817383,202887200
2020-04-08 00:00:00-04:00,63.975772241780106,65.1031534889093,63.60810042913869,64.78661346435547,168895200
2020-04-09 00:00:00-04:00,65.42702934974372,65.7606159022898,64.4530505424881,65.25414276123047,161834800
2020-04-13 00:00:00-04:00,65.33204047057576,66.64448003061048,64.7281711418122,66.53490447998047,131022800
2020-04-14 00:00:00-04:00,68.17849971943602,70.18733051474082,67.70368219547181,69.89513397216797,194994800
2020-04-15 00:00:00-04:00,68.76289300903163,69.71982527437042,68.33191012020447,69.25718688964844,131154400
2020-04-16 00:00:00-04:00,69.97550705220138,70.17517448669156,68.75072902633704,69.8074951171875,157125200
2020-04-17 00:00:00-04:00,69.3204990259651,69.87079936462531,67.41393157577333,68.86029052734375,215250000
2020-04-20 00:00:00-04:00,67.67933852818582,68.5875687845674,67.41149293655674,67.43096923828125,130015200
2020-04-21 00:00:00-04:00,67.27270819046615,67.5088983213228,64.63078949316058,65.34666442871094,180991600
2020-04-22 00:00:00-04:00,66.62256747635776,67.66716160325328,66.27924655975932,67.22887420654297,116862400
2020-04-23 00:00:00-04:00,67.17288029410463,68.60463028907647,66.92938559920107,66.96834564208984,124814400
2020-04-24 00:00:00-04:00,67.49672603996707,68.91142948959171,67.44802413322778,68.90168762207031,126161200
2020-04-27 00:00:00-04:00,68.61679212169155,69.2839725421677,68.16633294600224,68.95038604736328,117087600
2020-04-28 00:00:00-04:00,69.41544049785138,69.59806145626858,67.74020381456492,67.83272552490234,112004800
2020-04-29 00:00:00-04:00,69.33025345873462,70.53311795539601,69.12571878812287,70.06073760986328,137280800
2020-04-30 00:00:00-04:00,70.60370822131503,71.71648058025063,70.21168539281415,71.53872680664062,183064000
2020-05-01 00:00:00-04:00,69.70035188855948,72.80490904691453,69.6029555030984,70.38700866699219,240616800
2020-05-04 00:00:00-04:00,70.41136261968127,71.51195594091152,69.71740126855697,71.38290405273438,133568000
2020-05-05 00:00:00-04:00,71.84553276779938,73.29189162218836,71.69943448769467,72.45426940917969,147751200
2020-05-06 00:00:00-04:00,73.16040012545845,73.83731495214363,72.77324452542415,73.20179748535156,142333600
2020-05-07 00:00:00-04:00,73.83244612938577,74.30726365675095,73.52807782488676,73.95906066894531,115215200
2020-05-08 00:00:00-04:00,74.62318069611192,75.7731431571258,74.29357153312526,75.71942901611328,133838400
2020-05-11 00:00:00-04:00,75.22379999319729,77.4089724021975,75.01382381517192,76.91090393066406,145946400
2020-05-12 00:00:00-04:00,77.59940767405652,78.05353766747311,75.90986736121816,76.03194427490234,162301200
2020-05-13 00:00:00-04:00,76.21259884012554,77.14038764919046,74.02986351089602,75.11390686035156,200622400
2020-05-14 00:00:00-04:00,74.34726243821125,75.63639396863273,73.61968156479492,75.57535552978516,158929200
2020-05-15 00:00:00-04:00,73.33159455448138,75.17495274484031,73.29740944636666,75.1285629272461,166348400
2020-05-18 00:00:00-04:00,76.46165927300639,77.27468825967537,75.76581935772253,76.89868927001953,135178400
2020-05-19 00:00:00-04:00,76.91577728765138,77.76787173149299,76.42258925571434,76.45433044433594,101729600
2020-05-20 00:00:00-04:00,77.3186264608708,78.01202238444726,77.27956095730528,77.94122314453125,111504800
2020-05-21 00:00:00-04:00,77.80204040352113,78.34650598710459,77.12084930629028,77.36012268066406,102688800
2020-05-22 00:00:00-04:00,77.09643404437159,77.94121146175758,76.99389363249216,77.85820007324219,81803200
2020-05-26 00:00:00-04:00,78.98375192908799,79.1644233513502,77.27467538039056,77.3308334350586,125522000
2020-05-27 00:00:00-04:00,77.18677175271108,77.81424124088873,76.44209832869176,77.6677474975586,112945200
2020-05-28 00:00:00-04:00,77.34059975189885,78.96910894388525,77.06226828286405,77.70195007324219,133560800
2020-05-29 00:00:00-04:00,77.94609972823672,78.40999045255437,77.26735247030264,77.62625885009766,153532400
2020-06-01 00:00:00-04:00,77.57986249619655,78.70297135848581,77.44801737058897,78.58089447021484,80791200
2020-06-02 00:00:00-04:00,78.3123218887695,78.96909612750055,77.8679602382188,78.9446792602539,87642800
2020-06-03 00:00:00-04:00,79.26697143168234,79.64297035966213,78.69076460494867,79.37928009033203,104491200
2020-06-04 00:00:00-04:00,79.20105598481533,79.50136039483631,78.31965687865682,78.6956558227539,87560400
2020-06-05 00:00:00-04:00,78.9471293073878,80.99801964853324,78.91783204481152,80.93698120117188,137250400
2020-06-08 00:00:00-04:00,80.6317805885282,81.44969718840376,79.91641184799956,81.41551208496094,95654400
2020-06-09 00:00:00-04:00,81.09324144334067,84.3819857628694,81.0615002592443,83.98645782470703,147712400
2020-06-10 00:00:00-04:00,84.94109655621673,86.61843179285773,84.49917882098167,86.147216796875,166651600
2020-06-11 00:00:00-04:00,85.28536438062527,85.71263353612964,81.90872056155743,82.01126098632812,201662400
2020-06-12 00:00:00-04:00,84.16468523826246,84.91667554771608,81.60107073410737,82.71929168701172,200146000
2020-06-15 00:00:00-04:00,81.36423911451597,84.39906851065685,81.20065281970993,83.74229431152344,138808800
2020-06-16 00:00:00-04:00,85.81029575222759,86.23512844718654,84.16470146143968,85.961669921875,165428800
2020-06-17 00:00:00-04:00,86.71121260885714,86.77225105324617,85.71994886805788,85.84202575683594,114406400
2020-06-18 00:00:00-04:00,85.79806682975827,86.29614254657474,85.2633695420687,85.8761978149414,96820400
2020-06-19 00:00:00-04:00,86.58669977115488,87.05547085433976,84.2696753415062,85.38545989990234,264476000
2020-06-22 00:00:00-04:00,85.78099843306158,87.76352617167421,85.7346086132334,87.61947631835938,135445200
2020-06-23 00:00:00-04:00,88.87198386738886,90.91799391891071,88.44959510786316,89.48969268798828,212155600
2020-06-24 00:00:00-04:00,89.11614705445108,90.04149214712747,87.53402756959608,87.91002655029297,192623200
2020-06-25 00:00:00-04:00,88.06627927873896,89.11613764595577,87.30207668704244,89.07707214355469,137522400
2020-06-26 00:00:00-04:00,88.97208848417426,89.19426933961859,86.19117308406777,86.3401107788086,205256800
2020-06-29 00:00:00-04:00,86.24733201582278,88.42518724494494,85.76634871970514,88.32996368408203,130646000
2020-06-30 00:00:00-04:00,87.91489271166832,89.35540602176984,87.89536368705896,89.06729888916016,140223200
2020-07-01 00:00:00-04:00,89.14543194441399,89.69233405786997,88.85000794037562,88.89883422851562,110737200
2020-07-02 00:00:00-04:00,89.81197448342532,90.45165623062455,88.78408909844448,88.89883422851562,114041600
2020-07-06 00:00:00-04:00,90.33690760818679,91.74811629926997,90.3051664214645,91.27690124511719,118655600
2020-07-07 00:00:00-04:00,91.65776614377663,92.44149764598211,90.88135895650832,90.99366760253906,112424400
2020-07-08 00:00:00-04:00,91.97761665726026,93.1446714829125,91.88971741778518,93.11293029785156,117092000
2020-07-09 00:00:00-04:00,94.01141983900362,94.06513397425958,92.45860521230342,93.51335144042969,125642800
2020-07-10 00:00:00-04:00,93.10559909390358,93.73552000209378,92.49033426702692,93.67691802978516,90257200
2020-07-13 00:00:00-04:00,94.99049527161061,97.617593053901,93.0299401750642,93.24479675292969,191649200
2020-07-14 00:00:00-04:00,92.62217620847721,94.9807026633358,91.68219009795327,94.78782653808594,170989200
2020-07-15 00:00:00-04:00,96.675130073421,96.92660817250388,94.23359223728362,95.43971252441406,153198000
2020-07-16 00:00:00-04:00,94.30440821574882,95.12720535546748,93.66228250939758,94.26534271240234,110577600
2020-07-17 00:00:00-04:00,94.71947504038641,94.87572960670107,93.59880247822326,94.07490539550781,92186800
2020-07-20 00:00:00-04:00,94.16279805681046,96.19659590499906,93.81609638704539,96.05742645263672,90318000
2020-07-21 00:00:00-04:00,96.85336350753889,96.92905058320035,94.48018846977993,94.7316665649414,103433200
2020-07-22 00:00:00-04:00,94.43135653677633,95.68386664326017,94.34346475083889,94.99779510498047,89001600
2020-07-23 00:00:00-04:00,94.72923460187538,94.80736560951277,89.85837055040406,90.67384338378906,197004400
2020-07-24 00:00:00-04:00,88.85977501150069,90.79591278146435,87.06035531712318,90.44921112060547,185438800
2020-07-27 00:00:00-04:00,91.51860507118201,92.68565988069297,91.29398775859691,92.59288024902344,121214000
2020-07-28 00:00:00-04:00,92.16074712290555,92.33898210234857,91.0669352748551,91.07182312011719,103625600
2020-07-29 00:00:00-04:00,91.55767796923244,93.00307179053921,91.52105638824133,92.81751251220703,90329200
2020-07-30 00:00:00-04:00,91.98492364775946,94.04558185654422,91.57474714341829,93.94059753417969,158130000
2020-07-31 00:00:00-04:00,100.4790549895124,103.92650538649285,98.4672226498631,103.77513122558594,374336800
2020-08-03 00:00:00-04:00,105.66977313859148,109.02688825327733,105.36946870059809,106.39002990722656,308151200
2020-08-04 00:00:00-04:00,106.58043806655502,108.19917864972125,105.85285719638765,107.1004867553711,173071600
2020-08-05 00:00:00-04:00,106.81974464439148,107.81100859901085,106.35096601193399,107.48872375488281,121776800
2020-08-06 00:00:00-04:00,107.82317547040506,111.73695969729873,107.22988365941485,111.23888397216797,202428800
2020-08-07 00:00:00-04:00,110.75706674724277,111.2169047025514,107.9075478860454,108.7098159790039,198045600
2020-08-10 00:00:00-04:00,110.16515638182712,111.31475137916429,107.62137980655574,110.28990173339844,212403600
2020-08-11 00:00:00-04:00,109.54875147960229,110.0501661460751,106.74814746059798,107.0098648071289,187902400
2020-08-12 00:00:00-04:00,108.10810231160939,110.82554559947154,107.91243009259728,110.56627655029297,165598000
2020-08-13 00:00:00-04:00,111.95557323385566,113.53320762186083,111.46393687338188,112.52303314208984,210082000
2020-08-14 00:00:00-04:00,112.34691358163057,112.51323570381982,110.60050890539499,112.42273712158203,165565200
2020-08-17 00:00:00-04:00,113.55275784318347,113.5772187346328,111.49816985651312,112.12921905517578,119561600
2020-08-18 00:00:00-04:00,111.87974923777884,113.49162290004732,111.54220830295043,113.06358337402344,105633600
2020-08-19 00:00:00-04:00,113.47449924450767,114.62898329039486,113.11005655187263,113.2054443359375,145538000
2020-08-20 00:00:00-04:00,113.24702906768638,115.83238960049731,113.22990569515777,115.7174301147461,126907200
2020-08-21 00:00:00-04:00,116.6835648181217,122.16736558734742,116.67133810387742,121.68062591552734,338054800
2020-08-24 00:00:00-04:00,125.91454787328712,126.00016473601822,121.25748319223584,123.1359634399414,345937600
2020-08-25 00:00:00-04:00,122.00103271552395,122.47309730291535,120.39160015574076,122.12577056884766,211495600
2020-08-26 00:00:00-04:00,123.4514827350648,124.24641322705756,122.37771150296085,123.78657531738281,163022400
2020-08-27 00:00:00-04:00,124.39317210037261,124.72826468533572,121.15474247162683,122.3067855834961,155552400
2020-08-28 00:00:00-04:00,123.28759517183335,123.7082971246726,121.88362808633751,122.10865783691406,187630000
2020-08-31 00:00:00-04:00,124.82120563122602,128.167249592486,123.27536983704762,126.24962615966797,225702700
2020-09-01 00:00:00-04:00,129.8891808947566,131.8850761183329,127.70740678784415,131.27847290039062,151948100
2020-09-02 00:00:00-04:00,134.61475924160493,134.99632530991826,124.25376029300593,128.55860900878906,200119000
2020-09-03 00:00:00-04:00,124.16571206291543,126.05397073401764,117.89431779875048,118.26609802246094,257599600
2020-09-04 00:00:00-04:00,117.47359116008403,121.025092903601,108.49210031773707,118.34434509277344,332607200
2020-09-08 00:00:00-04:00,111.48594860876113,116.41696482732065,110.24341430183604,110.38038635253906,231366600
2020-09-09 00:00:00-04:00,114.7243732531883,116.5637174684947,112.767621229256,114.78307342529297,176940500
2020-09-10 00:00:00-04:00,117.75733438959035,117.8943064306137,110.06729853480532,111.035888671875,182274400
2020-09-11 00:00:00-04:00,112.092543515265,112.73827528983331,107.6213652747018,109.57811737060547,180860300
2020-09-14 00:00:00-04:00,112.23929558642392,113.42312964723563,110.36081546337145,112.8654556274414,140150100
2020-09-15 00:00:00-04:00,115.77123490142078,116.26042290577286,111.15329894603059,113.04156494140625,184642000
2020-09-16 00:00:00-04:00,112.73826314140469,113.49160933280524,109.61724149613941,109.70529174804688,154679000
2020-09-17 00:00:00-04:00,107.34740646161745,109.77377454788555,106.35924469859539,107.95399475097656,178011000
2020-09-18 00:00:00-04:00,108.01270953385405,108.48232582352426,103.79590399014711,104.5296859741211,287104900
2020-09-21 00:00:00-04:00,102.27943410408307,107.8072603303431,100.87057019050285,107.69963836669922,195713800
2020-09-22 00:00:00-04:00,110.24340936132316,110.41951734210869,106.79952908247097,109.39221954345703,183055400
2020-09-23 00:00:00-04:00,109.20632642663574,109.68572855297916,104.46119708889326,104.80363464355469,150718700
2020-09-24 00:00:00-04:00,102.89579508405569,107.86594661524757,102.72947296690245,105.87984466552734,167743300
2020-09-25 00:00:00-04:00,106.08530485601875,110.00859451661087,105.34173704188692,109.85205078125,149981400
2020-09-28 00:00:00-04:00,112.5230199887847,112.82631414437303,110.34123833808904,112.4740982055664,137672400
2020-09-29 00:00:00-04:00,112.07297671574563,112.81653712080501,111.11416492633568,111.62291717529297,99382200
2020-09-30 00:00:00-04:00,111.32940131463846,114.72436708802591,111.16307919300216,113.30571746826172,142675200
2020-10-01 00:00:00-04:00,115.09616747398425,115.17443935593826,113.32530906517556,114.2645492553711,116120400
2020-10-02 00:00:00-04:00,110.44886361467357,112.87523932567396,109.79335350054465,110.5760498046875,144712000
2020-10-05 00:00:00-04:00,111.44682163620256,114.12756997603142,111.09460565410335,113.9808120727539,106243800
2020-10-06 00:00:00-04:00,113.19808853972691,113.60901209030351,109.82269467360945,110.71302032470703,161498200
2020-10-07 00:00:00-04:00,112.1414549133779,113.0513448522473,111.66204531991927,112.59150695800781,96849000
2020-10-08 00:00:00-04:00,113.73620676886618,113.88296465758023,112.11209907208556,112.48388671875,83477200
2020-10-09 00:00:00-04:00,112.78718546176049,114.46999339659833,112.43496950030993,114.44064331054688,100506900
2020-10-12 00:00:00-04:00,117.46380573775923,122.47309292942181,116.70067374583742,121.7099609375,240226800
2020-10-13 00:00:00-04:00,122.56116484968493,122.6785726632108,117.06269621018596,118.48133850097656,262330500
2020-10-14 00:00:00-04:00,118.38349551540938,120.36959759297284,117.03333932812605,118.56938934326172,150712000
2020-10-15 00:00:00-04:00,116.15279588054166,118.57916409620528,115.59512187848527,118.09976196289062,112559200
2020-10-16 00:00:00-04:00,118.65743609699801,118.92160178819127,116.24084626392556,116.44630432128906,115393800
2020-10-19 00:00:00-04:00,117.36598588827506,117.81603795953941,113.15897350154306,113.47205352783203,120639300
2020-10-20 00:00:00-04:00,113.6873011007538,116.40719295916496,113.1296270161178,114.96897888183594,124423700
2020-10-21 00:00:00-04:00,114.14713951227388,116.14302768202143,113.93189557272991,114.34281921386719,89946000
2020-10-22 00:00:00-04:00,114.91026852905979,115.48751430237236,112.11211232073227,113.24703216552734,101988000
2020-10-23 00:00:00-04:00,113.8731741799784,114.0297179120891,111.80880036536875,112.5523681640625,82572600
2020-10-26 00:00:00-04:00,111.54464478769486,114.02972061064217,110.43907518064347,112.5621566772461,111850700
2020-10-27 00:00:00-04:00,112.99265336329546,114.74394747282295,112.06319905682349,114.07865142822266,92276800
2020-10-28 00:00:00-04:00,112.56214800793607,112.9339281552395,108.69755880231956,108.79539489746094,143937800
2020-10-29 00:00:00-04:00,109.94009583235845,114.40148727432285,109.77376626659623,112.82630157470703,146129200
2020-10-30 00:00:00-04:00,108.65843617723998,109.56832615586565,105.39066391998387,106.50601196289062,190272600
2020-11-02 00:00:00-05:00,106.7506128636237,108.28666298442525,104.99931881458981,106.41796112060547,122866900
2020-11-03 00:00:00-05:00,107.28872484419921,109.07914740312383,106.37883478843678,108.0518569946289,107624400
2020-11-04 00:00:00-05:00,111.67183515667934,113.09047735965515,109.92054123484668,112.46431732177734,138235500
2020-11-05 00:00:00-05:00,115.39943741419518,117.03333088255557,114.34279708772816,116.45608520507812,126387100
2020-11-06 00:00:00-05:00,115.96116515405402,116.82361872996607,113.81482273138072,116.32379150390625,114457900
2020-11-09 00:00:00-05:00,118.09771308373608,119.55800636349403,113.73643123463229,114.00104522705078,154515300
2020-11-10 00:00:00-05:00,113.24640254764086,115.2457266045377,111.8547059313565,113.65802764892578,138023400
2020-11-11 00:00:00-05:00,114.85369885073243,117.24504984909308,114.11865087442474,117.10784149169922,112295000
2020-11-12 00:00:00-05:00,117.23524194320177,118.12709617002945,116.20617189649134,116.83341217041016,103162300
2020-11-13 00:00:00-05:00,117.05885048468535,117.28426102497163,115.52015025209295,116.88243865966797,81581900
2020-11-16 00:00:00-05:00,116.54920222560106,118.57793428710224,115.79455628002775,117.90169525146484,91183000
2020-11-17 00:00:00-05:00,117.16664047089516,118.26430723689143,116.58839889041295,117.00982666015625,74271000
2020-11-18 00:00:00-05:00,116.24537977450626,117.43125619620365,115.6475401973365,115.67694091796875,76322100
2020-11-19 00:00:00-05:00,115.24571018950566,116.68640531609257,114.4812615453479,116.2747802734375,74113000
2020-11-20 00:00:00-05:00,116.2747726201051,116.40217822664737,114.95168794020401,115.00068664550781,73604300
2020-11-23 00:00:00-05:00,114.84389115766973,115.2751216778811,111.48227159210823,111.58027648925781,127959300
2020-11-24 00:00:00-05:00,111.63908721911127,113.54040618197637,110.34539563750577,112.87396240234375,113874200
2020-11-25 00:00:00-05:00,113.24640084882232,114.42247468550693,112.87397173461262,113.71682739257812,76499200
2020-11-27 00:00:00-05:00,114.24604227187098,115.14769921597782,113.9030214211014,114.26564025878906,46691300
2020-11-30 00:00:00-05:00,114.63807060648827,118.55832603643171,114.48125680018948,116.67660522460938,169410200
2020-12-01 00:00:00-05:00,118.59753672805938,121.00849306738158,117.61747281074331,120.27344512939453,127728200
2020-12-02 00:00:00-05:00,119.58739366202643,120.91048590746811,118.47992414801884,120.62626647949219,89004200
2020-12-03 00:00:00-05:00,121.05749083311038,121.3123095432684,119.7736095041696,120.48905944824219,78967600
2020-12-04 00:00:00-05:00,120.1558413289036,120.4106600549632,119.09737044585115,119.81282043457031,78260400
2020-12-07 00:00:00-05:00,119.87160365307572,122.08654998401273,119.81280221650094,121.28289794921875,86712000
2020-12-08 00:00:00-05:00,121.890564850875,122.48840450121764,120.63607662443309,121.90036010742188,82225500
2020-12-09 00:00:00-05:00,122.04736400617581,123.43905303783252,118.58773941626674,119.35218811035156,115089200
2020-12-10 00:00:00-05:00,118.09770788196823,121.40052613862612,117.75468698938825,120.7830810546875,81312200
2020-12-11 00:00:00-05:00,119.98922536865444,120.31264825503678,118.14670790095431,119.9696273803711,86939800
2020-12-14 00:00:00-05:00,120.15584026019646,120.89088823178488,119.11697485308576,119.35218811035156,79184500
2020-12-15 00:00:00-05:00,121.86115420674315,125.35018713232998,121.65534166395801,125.33058166503906,157243700
2020-12-16 00:00:00-05:00,124.86995092353497,125.81080393693354,124.036890587769,125.26197052001953,98208600
2020-12-17 00:00:00-05:00,126.33023373173084,126.996684975962,125.487378159508,126.13422393798828,94359800
2020-12-18 00:00:00-05:00,126.38906078811301,126.52626915076327,123.60567512300442,124.1349105834961,192541500
2020-12-21 00:00:00-05:00,122.52758734438038,125.75199852150806,120.98888729715962,125.67359161376953,121251600
2020-12-22 00:00:00-05:00,128.98621777813545,131.73039984438088,127.06528584538691,129.25083923339844,168904800
2020-12-23 00:00:00-05:00,129.52525588400755,129.78986238455767,128.17276284061703,128.34918212890625,88223700
2020-12-24 00:00:00-05:00,128.70201465994697,130.79935107068,128.48639937855094,129.33905029296875,54930100
2020-12-28 00:00:00-05:00,131.31876579488107,134.60197084838103,130.84832436112944,133.96493530273438,124486200
2020-12-29 00:00:00-05:00,135.29782435661724,136.02306207152367,131.6617807083858,132.18121337890625,121047300
2020-12-30 00:00:00-05:00,132.87704205735017,133.27887177499292,130.74049535359504,131.0541229248047,96452100
2020-12-31 00:00:00-05:00,131.40699675727623,132.0538426545181,129.0940448754408,130.04470825195312,99116600
2021-01-04 00:00:00-05:00,130.85814151850497,130.9463436840457,124.23290718730225,126.830078125,143301900
2021-01-05 00:00:00-05:00,126.3204622366295,129.11365092526427,125.86962616709094,128.398193359375,97664900
2021-01-06 00:00:00-05:00,125.1737852995654,128.43740047544776,123.86049554621133,124.07611083984375,155088000
2021-01-07 00:00:00-05:00,125.80100579015793,129.00581900656206,125.31097382851888,128.30996704101562,109578200
2021-01-08 00:00:00-05:00,129.7898640898504,129.98588884710045,127.63372635140396,129.41744995117188,105158200
2021-01-11 00:00:00-05:00,126.61446564191951,127.57492413738241,125.93821911541374,126.40864562988281,100384500
2021-01-12 00:00:00-05:00,125.93820137265125,127.1044797158401,124.33089729961958,126.23222351074219,91951100
2021-01-13 00:00:00-05:00,126.19302246069479,128.8293967461075,125.9284159748299,128.2805633544922,88636800
2021-01-14 00:00:00-05:00,128.19236230431835,128.38837209522544,126.19302355513615,126.34004211425781,90221800
2021-01-15 00:00:00-05:00,126.21265117459579,127.62394584419158,124.46813830650964,124.6053466796875,111598500
2021-01-19 00:00:00-05:00,125.23255662212397,126.14402377220796,124.40930658336823,125.28156280517578,90757300
2021-01-20 00:00:00-05:00,126.09503167391821,129.84867840523907,125.98722404099712,129.39784240722656,104319500
2021-01-21 00:00:00-05:00,131.13256866157343,136.8855396644958,130.92674863767607,134.141357421875,120150900
2021-01-22 00:00:00-05:00,133.56314372251208,137.06197998319664,132.3282682535253,136.2975311279297,114459400
2021-01-25 00:00:00-05:00,140.21775831324345,142.1974767504739,133.81792687897592,140.07073974609375,157611700
2021-01-26 00:00:00-05:00,140.73719980149374,141.42324162724535,138.55164626108407,140.30596923828125,98390600
2021-01-27 00:00:00-05:00,140.57055750870995,141.42322326785728,137.6107753083326,139.22787475585938,140843800
2021-01-28 00:00:00-05:00,136.73852730030507,139.15928646749475,133.97473976675025,134.35696411132812,142621100
2021-01-29 00:00:00-05:00,133.12211281368337,134.01397476270157,127.6141571785717,129.3292694091797,177523800
2021-02-01 00:00:00-05:00,131.08356541730922,132.68107458879848,128.31977764488664,131.46578979492188,106239800
2021-02-02 00:00:00-05:00,133.02409650783196,133.59253548210125,131.92642949798307,132.29885864257812,83305400
2021-02-03 00:00:00-05:00,133.0534686394964,133.06327884935618,130.9463372528154,131.26976013183594,89880900
2021-02-04 00:00:00-05:00,133.58273473731816,134.66079623353684,131.90681861007633,134.6510009765625,84183100
2021-02-05 00:00:00-05:00,134.81295417727625,134.88165338870863,133.35047122607472,134.2338409423828,75693800
2021-02-08 00:00:00-05:00,133.51729278813727,134.4301218906118,132.42779578146764,134.38104248046875,71297200
2021-02-09 00:00:00-05:00,134.09638297023847,135.33311813431573,133.34061701100495,133.49765014648438,76774200
2021-02-10 00:00:00-05:00,133.95899200150973,134.45958107135732,131.91741112979258,132.88912963867188,73046600
2021-02-11 00:00:00-05:00,133.3897231044704,133.87067748260384,131.299077490606,132.6339569091797,64280000
2021-02-12 00:00:00-05:00,131.8683585600043,133.02655498872804,131.22054616244554,132.8695068359375,60145100
2021-02-16 00:00:00-05:00,132.98726958446588,133.49765349721602,130.33713129603007,130.72975158691406,80576300
2021-02-17 00:00:00-05:00,128.82560223470594,129.77768597890005,127.07848288445861,128.4231719970703,97918500
2021-02-18 00:00:00-05:00,126.81345212435386,127.59867775206087,125.0565230743876,127.31404113769531,96856700
2021-02-19 00:00:00-05:00,127.83425262474066,128.29557212909566,126.42084946049839,127.47107696533203,87668800
2021-02-22 00:00:00-05:00,125.64545132384158,127.32387156093618,123.2799716565258,123.6725845336914,103916400
2021-02-23 00:00:00-05:00,121.47396325826719,124.369469194897,116.20315277769646,123.53517150878906,158273000
2021-02-24 00:00:00-05:00,122.63216129344057,123.24070411180445,119.97222021501788,123.03458404541016,111039900
2021-02-25 00:00:00-05:00,122.3769772494847,124.12409683229626,118.31344974002211,118.75513458251953,148199500
2021-02-26 00:00:00-05:00,120.32556103199894,122.54381727719795,118.9612371769546,119.02013397216797,164560400
2021-03-01 00:00:00-05:00,121.46414387584821,125.56693303519334,120.52187747651836,125.42951965332031,116307900
2021-03-02 00:00:00-05:00,126.03808293223928,126.34235438216184,122.70088441135088,122.80885314941406,102260900
2021-03-03 00:00:00-05:00,122.5045620943898,123.38793918732114,119.58942143195023,119.80535888671875,112966300
2021-03-04 00:00:00-05:00,119.50108953700885,121.31691568320412,116.42890816508859,117.9110107421875,178155000
2021-03-05 00:00:00-05:00,118.74531002210136,119.68757639458867,115.39829455840514,119.17717742919922,153766600
2021-03-08 00:00:00-05:00,118.69623216415458,118.76493885403558,114.0634168222721,114.21064758300781,154376600
2021-03-09 00:00:00-05:00,116.8313253575827,119.80535523952439,116.59576063612812,118.853271484375,129525800
2021-03-10 00:00:00-05:00,119.44219132282679,119.91332075312215,117.2435623532242,117.76377868652344,111943300
2021-03-11 00:00:00-05:00,120.27649501414214,120.93411726666837,119.02013981872855,119.70720672607422,103026500
2021-03-12 00:00:00-05:00,118.1760351757061,118.93180884034872,116.95894190901598,118.79439544677734,88105100
2021-03-15 00:00:00-04:00,119.16736192133101,121.70951678223773,118.19564345209908,121.69969940185547,92403800
2021-03-16 00:00:00-04:00,123.37813006740238,124.8700575883546,122.41623632616705,123.25053405761719,115227900
2021-03-17 00:00:00-04:00,121.75861340540118,123.5351775938727,120.08019308075576,122.45549774169922,111932600
2021-03-18 00:00:00-04:00,120.61020967641802,120.90467119810454,118.0974993149721,118.30361938476562,121229700
2021-03-19 00:00:00-04:00,117.6852561267535,119.18699337382358,117.46931868157291,117.77359008789062,185549500
2021-03-22 00:00:00-04:00,118.10731942601221,121.58193101527807,118.03861273449289,121.11079406738281,111912300
2021-03-23 00:00:00-04:00,121.05189758097374,121.94508451777594,119.88387640591895,120.2764892578125,95467100
2021-03-24 00:00:00-04:00,120.55131808198517,120.62984215140854,117.85211497541303,117.87174224853516,88530500
2021-03-25 00:00:00-04:00,117.3319103148798,119.41275329818407,116.80188406002492,118.36251068115234,98844700
2021-03-26 00:00:00-04:00,118.12694664627888,119.23607857975979,116.72336067290651,118.97106170654297,94071200
2021-03-29 00:00:00-04:00,119.40293508443916,120.31575682446841,118.49993072548722,119.14773559570312,80819200
2021-03-30 00:00:00-04:00,117.89139230943181,118.17603648168054,116.66448164722264,117.68527221679688,85671900
2021-03-31 00:00:00-04:00,119.40293542926133,121.23838880723004,118.91217121252657,119.8936996459961,118323800
2021-04-01 00:00:00-04:00,121.37580918409384,121.88620067249823,120.22741523036558,120.72799682617188,75089100
2021-04-05 00:00:00-04:00,121.58194584625535,123.82964715509546,120.79672000013466,123.57444763183594,88651200
2021-04-06 00:00:00-04:00,124.16334439507897,124.78170460017057,123.32904674071067,123.87870025634766,80171300
2021-04-07 00:00:00-04:00,123.5057272431835,125.55711811889329,122.82847021317987,125.53749084472656,83466700
2021-04-08 00:00:00-04:00,126.56809054733358,127.98149391069653,126.14604050304536,127.9520492553711,88844600
2021-04-09 00:00:00-04:00,127.40237122828569,130.58251320756796,127.07846510503792,130.5432586669922,106686700
2021-04-12 00:00:00-04:00,130.07216649198747,130.39607270786226,128.21707814793137,128.81581115722656,91420000
2021-04-13 00:00:00-04:00,129.99365180214463,132.17264651948537,129.49306262465893,131.94688415527344,91266500
2021-04-14 00:00:00-04:00,132.44745320425238,132.50634251572743,129.2280410435066,129.59120178222656,87222800
2021-04-15 00:00:00-04:00,131.3481622345635,132.5063587741781,131.17147930152368,132.01559448242188,89347100
2021-04-16 00:00:00-04:00,131.81929817492525,132.18245897587482,130.81813477748727,131.681884765625,84922400
2021-04-19 00:00:00-04:00,131.04385434082866,132.96765663943418,130.87699630617917,132.3492889404297,94264200
2021-04-20 00:00:00-04:00,132.5259524663497,133.02652649710333,129.37524009990526,130.65122985839844,94812300
2021-04-21 00:00:00-04:00,129.91511570178113,131.27943974755678,128.87469786532532,131.0340576171875,68847100
2021-04-22 00:00:00-04:00,130.58252559654815,131.6720226683172,128.98264456420796,129.5028533935547,84566500
2021-04-23 00:00:00-04:00,129.7187928337014,132.62410841868342,129.7187928337014,131.83889770507812,78657500
2021-04-26 00:00:00-04:00,132.33947507000002,132.56522240692433,131.0929298169284,132.23150634765625,66905100
2021-04-27 00:00:00-04:00,132.51615087969503,132.90877124655825,131.6327812638901,131.90760803222656,66015800
2021-04-28 00:00:00-04:00,131.8291063021705,132.52599821088205,130.62183029543672,131.1125946044922,107760100
2021-04-29 00:00:00-04:00,133.94914835093502,134.53807123400367,130.00340097900948,131.01437377929688,151101000
2021-04-30 00:00:00-04:00,129.34578900940835,131.0929080614394,128.64891235287703,129.03170776367188,109839500
2021-05-03 00:00:00-04:00,129.6010173631324,131.59353400941282,129.3949047639238,130.09178161621094,75135100
2021-05-04 00:00:00-04:00,128.76671986971198,129.06118140036872,124.35965173347995,125.48841094970703,137564700
2021-05-05 00:00:00-04:00,126.81346742960302,128.0403779406807,125.60619168024435,125.73379516601562,84000900
2021-05-06 00:00:00-04:00,125.52766472455559,127.35330812214698,124.78170105419838,127.34349822998047,78128300
2021-05-07 00:00:00-04:00,128.65115623421457,129.05425504712596,127.30416799805948,128.02191162109375,78973300
2021-05-10 00:00:00-04:00,127.23536231533876,127.36316755791523,124.67904743054316,124.71837615966797,88071200
2021-05-11 00:00:00-04:00,121.42466147327356,124.14811009405446,120.7069253559455,123.7941665649414,126142800
2021-05-12 00:00:00-04:00,121.32635015593348,122.54551071632264,120.19567360744591,120.7069320678711,112172300
2021-05-13 00:00:00-04:00,122.48650367561282,124.03012039229569,122.17188139900188,122.86994934082031,105861300
2021-05-14 00:00:00-04:00,124.12845673836881,125.7408970812514,123.7351769593562,125.30828857421875,81918000
2021-05-17 00:00:00-04:00,124.68888536059961,124.7970374937547,123.06661086446172,124.14812469482422,74244600
2021-05-18 00:00:00-04:00,124.43323194901853,124.85600635439347,122.68314499227161,122.75196838378906,63342900
2021-05-19 00:00:00-04:00,121.09036987758189,122.82078867815264,120.79540820640963,122.59465789794922,92612000
2021-05-20 00:00:00-04:00,123.12558272461226,125.57373755765043,122.99776250162854,125.17062377929688,76857100
2021-05-21 00:00:00-04:00,125.67206442042914,125.84903993288225,123.10592324045273,123.32222747802734,79295400
2021-05-24 00:00:00-04:00,123.89249264747666,125.79006065449973,123.82366924830745,124.96417236328125,63092900
2021-05-25 00:00:00-04:00,125.67207056710683,126.1636759045766,124.19727705826054,124.76753234863281,72009500
2021-05-26 00:00:00-04:00,124.82652828946416,125.24930275107069,124.29560169806145,124.71837615966797,56575900
2021-05-27 00:00:00-04:00,124.31526184973359,125.49509364314675,122.97811514989861,123.17475128173828,94625600
2021-05-28 00:00:00-04:00,123.45986567400413,123.68600395241938,122.4570095073484,122.51599884033203,71311100
2021-06-01 00:00:00-04:00,122.9781183883373,123.24357792343007,121.85727590472285,122.19155883789062,67637100
2021-06-02 00:00:00-04:00,122.19155888107954,123.13542584123648,121.96542807354795,122.95845031738281,59278900
2021-06-03 00:00:00-04:00,122.58482397821969,122.75196542484925,121.06086784411349,121.46398162841797,76229200
2021-06-04 00:00:00-04:00,121.98507470970668,124.03995736240245,121.76877048298219,123.77449035644531,75169300
2021-06-07 00:00:00-04:00,124.04979179702298,124.19727264290202,122.73231324319497,123.78433227539062,71057600
2021-06-08 00:00:00-04:00,124.47256744287704,126.30131944806311,124.08912174054063,124.61021423339844,74403800
2021-06-09 00:00:00-04:00,125.07232505942952,125.60325164165815,124.39391762082829,124.99366760253906,56877900
2021-06-10 00:00:00-04:00,124.88551073893055,126.03585537406526,123.82366511592663,123.99080657958984,71186400
2021-06-11 00:00:00-04:00,124.40374840793106,125.29846007886702,123.98097396474365,125.20996856689453,53522400
2021-06-14 00:00:00-04:00,125.67205720528779,128.34634284932687,124.93466052926681,128.287353515625,96906500
2021-06-15 00:00:00-04:00,127.75644087258483,128.4053535803708,127.21568028276322,127.46147918701172,62746300
2021-06-16 00:00:00-04:00,128.17921776595227,128.69048372725788,126.30132539309784,127.9629135131836,91815000
2021-06-17 00:00:00-04:00,127.61879816161276,130.32258619468772,127.47130981292912,129.57534790039062,96721700
2021-06-18 00:00:00-04:00,128.5134990869158,129.30004353814738,128.0513959705117,128.2677001953125,108953300
2021-06-21 00:00:00-04:00,128.11037597809394,130.18491907230072,127.03869648928806,130.07676696777344,79663300
2021-06-22 00:00:00-04:00,129.90964323076963,131.82687170640548,129.4082038585747,131.72854614257812,74783600
2021-06-23 00:00:00-04:00,131.52209322936739,132.0628538658281,130.99115914906932,131.45326232910156,60214200
2021-06-24 00:00:00-04:00,132.19063810426115,132.37744765830323,130.696176674298,131.16812133789062,68711000
2021-06-25 00:00:00-04:00,131.21729341159795,131.6400603250134,130.5782072602642,130.8731689453125,70783700
2021-06-28 00:00:00-04:00,131.16814808855636,132.97722466082084,131.10915874417026,132.51512145996094,62111300
2021-06-29 00:00:00-04:00,132.53477438110713,134.19637740191195,132.09233934655774,134.0390625,64556100
2021-06-30 00:00:00-04:00,133.8817448474553,135.1009128086626,133.58678316302417,134.65847778320312,63261400
2021-07-01 00:00:00-04:00,134.30451762022733,135.02224616833342,133.47862195956412,134.9632568359375,52485800
2021-07-02 00:00:00-04:00,135.58266720663053,137.64738396708654,135.4351938676155,137.60806274414062,78852600
2021-07-06 00:00:00-04:00,137.71620976225645,140.7444388953446,137.71620976225645,139.63343811035156,108181800
2021-07-07 00:00:00-04:00,141.12788921658873,142.45520927183549,140.26268729392064,142.14059448242188,104911600
2021-07-08 00:00:00-04:00,139.2008535206326,141.63917473504324,138.3061418040465,140.8329620361328,105575500
2021-07-09 00:00:00-04:00,140.35118167023117,143.20244310776562,140.25285610243677,142.67152404785156,99890800
2021-07-12 00:00:00-04:00,143.7530176976154,143.86116980048456,141.5801490862889,142.07174682617188,76299700
2021-07-13 00:00:00-04:00,141.60968121185522,144.98205040081098,141.21640891686175,143.192626953125,100827100
2021-07-14 00:00:00-04:00,145.61127235875068,147.05657107106734,145.1983170103396,146.64361572265625,127050800
2021-07-15 00:00:00-04:00,146.73213213472107,147.47935546823817,144.61825237158413,145.98489379882812,106820300
2021-07-16 00:00:00-04:00,145.9652146189182,147.2433568028154,143.42856835759264,143.92999267578125,93251400
2021-07-19 00:00:00-04:00,141.33435529017248,141.64898505613135,139.2893068185586,140.0561981201172,121434600
2021-07-20 00:00:00-04:00,141.04924720297706,144.62807858246546,140.55764940358372,143.69403076171875,96350000
2021-07-21 00:00:00-04:00,143.0844700229289,143.67439344801087,142.19959988768187,142.95664978027344,74993500
2021-07-22 00:00:00-04:00,143.4875809917174,145.70959784395538,143.35976075162,144.3331298828125,77338200
2021-07-23 00:00:00-04:00,145.07051543121153,146.22085249601614,144.45109739540348,146.06353759765625,71447400
2021-07-26 00:00:00-04:00,145.77842604313076,147.312208886389,145.21799731066125,146.486328125,72434100
2021-07-27 00:00:00-04:00,146.61413549796362,146.70263451126905,143.10413470969752,144.3036346435547,104818600
2021-07-28 00:00:00-04:00,142.37655971161834,144.50026591671784,140.14470138489685,142.543701171875,118931200
2021-07-29 00:00:00-04:00,142.2585940007332,144.087338676968,142.15044186925354,143.192626953125,56699500
2021-07-30 00:00:00-04:00,141.9537949046414,143.87102345079725,141.68832787444282,143.40892028808594,70440600
2021-08-02 00:00:00-04:00,143.9004961101712,144.48057786318836,142.8091484889217,143.07461547851562,62880000
2021-08-03 00:00:00-04:00,143.35974139983117,145.55226328567963,142.7403233997428,144.88369750976562,64786600
2021-08-04 00:00:00-04:00,144.79522061432493,145.30647152603365,143.82185156677008,144.4805908203125,56368300
2021-08-05 00:00:00-04:00,144.51010291798636,145.35565183841098,143.71371678410264,144.58876037597656,46397700
2021-08-06 00:00:00-04:00,144.10627740463974,144.85462024482135,143.39731470347704,143.8994903564453,54126800
2021-08-09 00:00:00-04:00,143.95856440474532,144.45089876661166,143.28899688453623,143.85025024414062,48908700
2021-08-10 00:00:00-04:00,144.19488542796634,145.4454188717486,143.0723637218903,143.36776733398438,69023100
2021-08-11 00:00:00-04:00,143.81086875660495,144.47059499233268,143.2988368181102,143.623779296875,48493500
2021-08-12 00:00:00-04:00,143.94874267097734,146.7648962042078,143.60410256093672,146.6073455810547,72282600
2021-08-13 00:00:00-04:00,146.68612093097752,147.14891649607674,145.99685573557053,146.8141326904297,59375000
2021-08-16 00:00:00-04:00,146.2626840209437,148.87206512535602,144.224427597917,148.80313110351562,103296000
2021-08-17 00:00:00-04:00,147.9267855354857,149.35455225112045,146.80426373545217,147.8874053955078,92229700
2021-08-18 00:00:00-04:00,147.50338230128767,148.40927575166054,143.90933233556453,144.11611938476562,86326000
2021-08-19 00:00:00-04:00,142.80653243896154,145.7310003368999,142.28465911271647,144.450927734375,86960300
2021-08-20 00:00:00-04:00,145.17952839818085,146.2232746211302,144.5296435716787,145.91802978515625,60549600
2021-08-23 00:00:00-04:00,146.0362191465778,147.88740119487213,145.6226600767179,147.41476440429688,60131800
2021-08-24 00:00:00-04:00,147.15871898114872,148.54710531043452,146.8633153967485,147.32611083984375,48606400
2021-08-25 00:00:00-04:00,147.51320042365154,148.01539102508477,145.53402194845424,146.08543395996094,58991300
2021-08-26 00:00:00-04:00,146.07562475676193,146.833808926633,145.2484915330377,145.2780303955078,48597200
2021-08-27 00:00:00-04:00,145.21892302012154,146.4694563671556,144.57889443081038,146.32176208496094,55802400
2021-08-30 00:00:00-04:00,146.71563085209257,151.1367985598706,146.33161067434628,150.7724609375,90956700
2021-08-31 00:00:00-04:00,150.3195505094801,150.45740354772667,148.97054396572332,149.5022735595703,86453100
2021-09-01 00:00:00-04:00,150.48689986144083,152.60393128411016,150.00440685157454,150.1717987060547,80313700
2021-09-02 00:00:00-04:00,151.5109550796541,152.3479294128833,150.06349101268404,151.29432678222656,71115500
2021-09-03 00:00:00-04:00,151.40264247645553,152.2593143977005,150.74291630022836,151.9343719482422,57808700
2021-09-07 00:00:00-04:00,152.59410368546335,154.84898830952363,152.0229940587707,154.28773498535156,82278300
2021-09-08 00:00:00-04:00,154.5732897898968,154.63236750848262,151.61928366178768,152.73196411132812,74420200
2021-09-09 00:00:00-04:00,153.10612863383824,153.71661836829668,151.5897305500631,151.70790100097656,57305700
2021-09-10 00:00:00-04:00,152.623663076271,153.09629989045146,146.42024666884544,146.6861114501953,140893200
2021-09-13 00:00:00-04:00,148.3206614807167,149.0985431972824,146.469479387065,147.25721740722656,102404300
2021-09-14 00:00:00-04:00,148.0449275948845,148.75389017725936,144.65766526239364,145.84910583496094,109296300
2021-09-15 00:00:00-04:00,146.2823675113393,147.148880703281,144.12594083357118,146.7451629638672,83281300
2021-09-16 00:00:00-04:00,146.1642098427053,146.68608300034086,144.96291294497993,146.5088348388672,68034100
2021-09-17 00:00:00-04:00,146.5384200283099,146.5384200283099,143.52532083830147,143.8207244873047,129868800
2021-09-20 00:00:00-04:00,141.59538147289192,142.6194304503194,139.1041705224196,140.74856567382812,123478900
2021-09-21 00:00:00-04:00,141.72335239422588,142.38309361537333,140.59098945018127,141.23101806640625,75834000
2021-09-22 00:00:00-04:00,142.2354072811998,144.18504732738452,141.4969056701605,143.61395263671875,76404300
2021-09-23 00:00:00-04:00,144.40165502400936,144.82507036672828,143.40714507227207,144.5789031982422,64838200
2021-09-24 00:00:00-04:00,143.42686419731675,145.2091123608971,143.32839130518974,144.66754150390625,53477900
2021-09-27 00:00:00-04:00,143.2397692751045,143.7222623884294,141.61507179071268,143.14129638671875,74150700
2021-09-28 00:00:00-04:00,141.05381239076866,142.53081566187618,139.5177313927935,139.73435974121094,108972300
2021-09-29 00:00:00-04:00,140.2857469484525,142.23538671270202,139.85249032865227,140.64022827148438,74602000
2021-09-30 00:00:00-04:00,141.45751553693583,142.16647823544568,139.11399911548088,139.33062744140625,89056700
2021-10-01 00:00:00-04:00,139.72446548398798,140.728831642488,136.97724675688076,140.4629669189453,94639600
2021-10-04 00:00:00-04:00,139.5866326643969,140.02974560931406,136.15014843947304,137.00680541992188,98322000
2021-10-05 00:00:00-04:00,137.35145091184316,140.05929000520442,137.2234391649313,138.9466094970703,80861100
2021-10-06 00:00:00-04:00,137.3317417172538,139.97064656226135,136.2486001615557,139.8229522705078,83221100
2021-10-07 00:00:00-04:00,140.8667158082713,142.00893521967586,140.53193202298655,141.0931854248047,61732700
2021-10-08 00:00:00-04:00,141.82183266855282,141.96952696466334,140.37436846726104,140.7091522216797,58773200
2021-10-11 00:00:00-04:00,140.08884511060103,142.5898974431896,139.6358908169794,140.6205596923828,64452200
2021-10-12 00:00:00-04:00,141.03410081181468,141.05379839376735,138.87767384600681,139.34046936035156,73035900
2021-10-13 00:00:00-04:00,139.07460676700143,139.2321423335101,137.06587428928947,138.74966430664062,78762700
2021-10-14 00:00:00-04:00,139.93127186641965,141.67413970113003,139.3404646267324,141.55596923828125,69907100
2021-10-15 00:00:00-04:00,141.5658275547607,142.67849300304164,141.30980406899056,142.61941528320312,67940300
2021-10-18 00:00:00-04:00,141.250728281981,144.5887547222052,140.96518095723673,144.30320739746094,85589200
2021-10-19 00:00:00-04:00,144.75615395185758,146.88304215219924,144.30321472067675,146.4793243408203,76378900
2021-10-20 00:00:00-04:00,146.42023708532687,147.45414225636873,145.84912741918134,146.97164916992188,58418800
2021-10-21 00:00:00-04:00,146.52856713963058,147.34584407681908,145.60297602944473,147.18829345703125,61421000
2021-10-22 00:00:00-04:00,147.3950845124542,147.877562639437,146.36117920129115,146.41041564941406,58883400
2021-10-25 00:00:00-04:00,146.4005556797091,147.07997958217402,145.3568091149937,146.36117553710938,50720600
2021-10-26 00:00:00-04:00,147.04060299842462,148.5274475714305,146.7255017505838,147.03076171875,60893400
2021-10-27 00:00:00-04:00,147.07012303419114,147.4344456586184,146.21346604168278,146.5679473876953,56094900
2021-10-28 00:00:00-04:00,147.5230723211598,150.8217034618748,147.42459944090174,150.2309112548828,100077900
2021-10-29 00:00:00-04:00,144.96292517909671,147.64122520745175,144.16534594727992,147.5033721923828,124953200
2021-11-01 00:00:00-04:00,146.70580839295405,147.40491481975465,145.5340501291818,146.67626953125,74588300
2021-11-02 00:00:00-04:00,146.3808360795793,149.2462252801769,146.3709797777829,147.71998596191406,69122000
2021-11-03 00:00:00-04:00,148.08433878935335,149.64011728118973,147.52308539174118,149.16748046875,54511500
2021-11-04 00:00:00-04:00,149.25607385365473,150.0930331804981,148.33048293056237,148.6455841064453,60394600
2021-11-05 00:00:00-04:00,149.77962579179942,150.08531621585053,147.97505017421364,149.1781005859375,65463900
2021-11-08 00:00:00-05:00,149.3062858119983,149.46406635441994,148.07365353704313,148.34976196289062,55020900
2021-11-09 00:00:00-05:00,148.11308972191154,149.32599565568023,147.97503551031818,148.71461486816406,56787900
2021-11-10 00:00:00-05:00,147.93560493044342,148.04407717662147,145.79575702564097,145.86477661132812,65187100
2021-11-11 00:00:00-05:00,146.8903115941205,147.35376742977328,145.62808245593004,145.81544494628906,41000000
2021-11-12 00:00:00-05:00,146.3676984606521,148.31032837958517,145.43090082055127,147.90603637695312,63804000
2021-11-15 00:00:00-05:00,148.28074794381857,149.76977756887675,147.35380593672394,147.9158935546875,59222800
2021-11-16 00:00:00-05:00,147.85672293801403,149.38519011185173,147.26505337176005,148.90199279785156,59256200
2021-11-17 00:00:00-05:00,148.9019823899126,152.8464057644798,148.89212674831737,151.35739135742188,88807000
2021-11-18 00:00:00-05:00,151.57432508902485,156.46540130015464,150.92349166718563,155.676513671875,137827700
2021-11-19 00:00:00-05:00,155.45955931252195,158.78274579023247,154.35512573122747,158.31927490234375,117305600
2021-11-22 00:00:00-05:00,159.43357901457668,163.3977285559339,158.76303429095768,158.7827606201172,117467900
2021-11-23 00:00:00-05:00,158.88136402722836,159.5519238054563,156.84998845671595,159.16734313964844,96041900
2021-11-24 00:00:00-05:00,158.51650364179443,159.8871900698585,157.42192562752888,159.68997192382812,69463600
2021-11-26 00:00:00-05:00,157.35291788249174,158.2206807996486,154.18751147987683,154.63125610351562,76959800
2021-11-29 00:00:00-05:00,157.15567332076904,158.9503930625624,156.5837301628386,158.0135955810547,88748200
2021-11-30 00:00:00-05:00,157.76707637463977,163.22024038370205,157.698041744428,163.0032958984375,174048100
2021-12-01 00:00:00-05:00,165.15297455489537,167.93379978622022,162.2439658173823,162.4806365966797,152052500
2021-12-02 00:00:00-05:00,156.53443990006545,161.91856913468743,155.60749804181688,161.48468017578125,136739200
2021-12-03 00:00:00-05:00,161.74108823958633,162.66803016045324,157.50083000944053,159.59136962890625,118023100
2021-12-06 00:00:00-05:00,162.00730748561855,165.54743857325744,161.99745184493253,163.02301025390625,107497000
2021-12-07 00:00:00-05:00,166.7307616644604,169.19602603426827,166.0010379941566,168.80157470703125,120405400
2021-12-08 00:00:00-05:00,169.73837589044794,173.51516245885162,168.32823694059044,172.6473846435547,116998900
2021-12-09 00:00:00-05:00,172.47977134913282,174.294202433679,171.50352117750063,172.13462829589844,108923700
2021-12-10 00:00:00-05:00,172.77560139492624,177.1341871636668,172.26282217308025,176.95668029785156,115402700
2021-12-13 00:00:00-05:00,178.6034875565474,179.59946409955734,173.0911594409817,173.29824829101562,153237000
2021-12-14 00:00:00-05:00,172.8150218238406,175.27043040382708,169.8172671528713,171.90780639648438,139380400
2021-12-15 00:00:00-05:00,172.67700595691468,177.00601028627887,169.9159064082737,176.8087921142578,131063300
2021-12-16 00:00:00-05:00,176.78904397391406,178.62320133632988,168.37756282956738,169.8665771484375,150185800
2021-12-17 00:00:00-05:00,167.56896650851485,171.05978978204763,167.33231072507652,168.7621612548828,195432700
2021-12-20 00:00:00-05:00,165.9419025897497,168.20994920930954,165.13330356174305,167.3914794921875,107499100
2021-12-21 00:00:00-05:00,169.17631710990722,170.79353010099774,166.7702164299669,170.58645629882812,91185900
2021-12-22 00:00:00-05:00,170.6357495108841,173.41657522785326,169.75811590703987,173.1996307373047,92135300
2021-12-23 00:00:00-05:00,173.40670074753936,174.3928064895287,172.834757611572,173.83071899414062,68356600
2021-12-27 00:00:00-05:00,174.6294746427773,177.9132088024812,174.60976336021855,177.824462890625,74919600
2021-12-28 00:00:00-05:00,177.65682670722546,178.81056870169127,176.04946941864068,176.7989044189453,79144300
2021-12-29 00:00:00-05:00,176.8383412405909,178.1202816907847,175.6648730218776,176.8876495361328,62348900
2021-12-30 00:00:00-05:00,176.97641870545397,178.0611411628575,175.6155878128534,175.72406005859375,59773000
2021-12-31 00:00:00-05:00,175.6155779018272,176.7397379093382,174.79710828411947,175.10281372070312,64062300
2022-01-03 00:00:00-05:00,175.35920954320588,180.33904722092433,175.24088165318517,179.4811248779297,104487900
2022-01-04 00:00:00-05:00,180.09248347495358,180.39817382542006,176.6312429404732,177.20318603515625,99310400
2022-01-05 00:00:00-05:00,177.11447828187931,177.66669516898145,172.21353083867552,172.48963928222656,94537600
2022-01-06 00:00:00-05:00,170.3004547099591,172.86433559879362,169.25518505500906,169.6101837158203,96904000
2022-01-07 00:00:00-05:00,170.48781408107757,171.7204462075955,168.65365687494773,169.77781677246094,86709100
2022-01-10 00:00:00-05:00,166.7307719778938,170.1032520387883,165.8334120805488,169.7975616455078,106765600
2022-01-11 00:00:00-05:00,169.92573837754875,172.7459861837066,168.44657985426275,172.6473846435547,76138300
2022-01-12 00:00:00-05:00,173.6729395271779,174.7182092125996,172.3910140921692,173.0911407470703,74805200
2022-01-13 00:00:00-05:00,173.3376778883051,174.16600315657104,169.4031102938713,169.7975616455078,84505800
2022-01-14 00:00:00-05:00,168.95938541478773,171.36548627694478,168.7128589337763,170.6653594970703,80440800
2022-01-18 00:00:00-05:00,169.12699784780307,170.14268560308685,167.0561847264003,167.44076538085938,90956700
2022-01-19 00:00:00-05:00,167.6379874920702,168.70298357116292,163.63440031592094,163.9203643798828,94815000
2022-01-20 00:00:00-05:00,164.65994093280054,167.3224235618079,161.8988417058824,162.22425842285156,91420500
2022-01-21 00:00:00-05:00,162.13550957191273,164.018975211671,160.0449701457903,160.1534423828125,122848900
2022-01-24 00:00:00-05:00,157.79664475106264,160.04496463485032,152.55055499103835,159.37440490722656,162294600
2022-01-25 00:00:00-05:00,156.7710946565593,160.498573347944,154.8383357297274,157.5599822998047,115798400
2022-01-26 00:00:00-05:00,161.2282822401037,162.1059157128117,155.62720907647937,157.47122192382812,108275300
2022-01-27 00:00:00-05:00,160.1928686770902,161.56355500439207,156.08080969518454,157.00775146484375,121954600
2022-01-28 00:00:00-05:00,163.407620105867,167.98315101429512,160.5380482414127,167.9634246826172,179935700
2022-01-31 00:00:00-05:00,167.79575873097082,172.56850696964707,167.15478096273003,172.3515625,115541600
2022-02-01 00:00:00-05:00,171.5922599614729,172.41072955781118,169.91588315850126,172.18392944335938,86213900
2022-02-02 00:00:00-05:00,172.3219988111612,173.4363032464838,170.92173029739385,173.3968505859375,84914300
2022-02-03 00:00:00-05:00,172.0557295775927,173.79128535305918,169.72851937149161,170.4976806640625,89418100
2022-02-04 00:00:00-05:00,169.51034616876737,171.89977610451427,168.52298390525138,170.2113800048828,82465400
2022-02-07 00:00:00-05:00,170.6754322247577,171.7516534178389,168.78956678781253,169.4906005859375,77251200
2022-02-08 00:00:00-05:00,169.55971542408858,173.13397702342317,169.26350373511193,172.62054443359375,74829200
2022-02-09 00:00:00-05:00,173.8251264779847,174.4175347862059,172.68965085514432,174.05221557617188,71285000
2022-02-10 00:00:00-05:00,171.93923888340709,173.26230050768066,169.38197460978498,169.94476318359375,90865900
2022-02-11 00:00:00-05:00,170.15215860934512,170.8926803850143,165.916365615583,166.5087890625,98670700
2022-02-14 00:00:00-05:00,165.2548161474416,167.43689336462154,164.45505512975402,166.74574279785156,86185500
2022-02-15 00:00:00-05:00,168.80930151484074,170.764274278377,168.0983995888366,170.60629272460938,62527400
2022-02-16 00:00:00-05:00,169.67820370653195,171.14936377362403,167.90094869552794,170.36935424804688,61177400
2022-02-17 00:00:00-05:00,168.8685656242063,169.7374492315471,166.34092065661758,166.74574279785156,69589300
2022-02-18 00:00:00-05:00,167.67384094259808,168.38472780193263,164.0897116581168,165.18568420410156,82772700
2022-02-22 00:00:00-05:00,162.89499470249845,164.5833905190231,160.10075815736585,162.24334716796875,91162800
2022-02-23 00:00:00-05:00,163.44793069584418,164.0502222358277,157.73111023104286,158.0470733642578,90009200
2022-02-24 00:00:00-05:00,150.65171619572152,160.791929529162,150.07904435015553,160.68331909179688,141147500
2022-02-25 00:00:00-05:00,161.76943231160672,163.0332548245136,158.83696513523378,162.7666778564453,91974200
2022-02-28 00:00:00-05:00,160.99928508936446,163.32946058774525,160.37724205456573,163.0332489013672,95056600
2022-03-01 00:00:00-05:00,162.61852474738183,164.49452166032762,159.92303060041732,161.13748168945312,83474400
2022-03-02 00:00:00-05:00,162.3124884754547,165.24495572222943,160.89068434781203,164.45506286621094,79724800
2022-03-03 00:00:00-05:00,166.34092360336714,166.77536541473373,163.45782756951482,164.1292266845703,76678400
2022-03-04 00:00:00-05:00,162.41120490372586,163.45780636847792,160.05140997619694,161.10787963867188,83737200
2022-03-07 00:00:00-05:00,161.29547674246137,162.9345014796907,157.0300651466767,157.2867889404297,96418800
2022-03-08 00:00:00-05:00,156.81288212936013,160.82157051395112,153.83104387115623,155.4503173828125,131148300
2022-03-09 00:00:00-05:00,159.4392319861884,161.34484872483597,157.39540021840412,160.89065551757812,91454900
2022-03-10 00:00:00-05:00,158.17542388780763,158.3630251192787,154.0087541337037,156.51666259765625,105342000
2022-03-11 00:00:00-05:00,156.9215010296158,157.26708390046664,152.5474927727103,152.7745819091797,96970100
2022-03-14 00:00:00-04:00,149.53601948678707,152.17227505804033,148.20308940206078,148.7165069580078,108732100
2022-03-15 00:00:00-04:00,148.99293987531303,153.6039342954496,148.47952241352715,153.12998962402344,92964300
2022-03-16 00:00:00-04:00,155.06521189768904,157.97792691193808,152.50794782162984,157.57310485839844,102300200
2022-03-17 00:00:00-04:00,156.6055106586952,158.96530558618755,155.6378999735933,158.59010314941406,75615400
2022-03-18 00:00:00-04:00,158.48149073880904,162.40131961691125,157.7409691381492,161.9076385498047,123511700
2022-03-21 00:00:00-04:00,161.44357015385552,164.24768994377544,160.94988910811642,163.28994750976562,95811400
2022-03-22 00:00:00-04:00,163.41831140047717,167.2789011970964,162.82590312330262,166.68649291992188,81532000
2022-03-23 00:00:00-04:00,165.86698411818526,170.45821239699626,165.531269514564,168.05892944335938,98062700
2022-03-24 00:00:00-04:00,168.89817780076183,171.93925522571595,168.05892895900692,171.87014770507812,90131400
2022-03-25 00:00:00-04:00,171.68255170441498,173.06485281880148,170.5668275482623,172.51193237304688,80546200
2022-03-28 00:00:00-04:00,169.99413835500738,173.50914517358927,169.82628859860887,173.38079833984375,90371900
2022-03-29 00:00:00-04:00,174.45700241728773,176.74767453101398,174.11141967461194,176.6983184814453,100589400
2022-03-30 00:00:00-04:00,176.29351774903256,177.34011923441986,174.466891715588,175.52337646484375,92633200
2022-03-31 00:00:00-04:00,175.59248056937776,175.78008178782005,172.19595237386665,172.40330505371094,103049300
2022-04-01 00:00:00-04:00,171.83062599740478,172.66988981337443,169.76704281294778,172.10708618164062,78751300
2022-04-04 00:00:00-04:00,172.36381927286234,176.23427712698367,172.2354573711293,176.18490600585938,76468400
2022-04-05 00:00:00-04:00,175.25679193064042,176.0466847102787,172.2157145219016,172.84762573242188,73401800
2022-04-06 00:00:00-04:00,170.1817480221285,171.43570222448182,167.97993455235246,169.658447265625,89058800
2022-04-07 00:00:00-04:00,168.99692777936303,171.1691217348555,167.70348563129056,169.96453857421875,77594700
2022-04-08 00:00:00-04:00,169.60908959371594,169.60908959371594,167.06169312832463,167.94044494628906,76575500
2022-04-11 00:00:00-04:00,166.57787197828293,166.8938200263416,163.40843290441177,163.6552734375,72246700
2022-04-12 00:00:00-04:00,165.89661924648988,167.72323047713485,164.53405444003388,165.54116821289062,79265200
2022-04-13 00:00:00-04:00,165.2745660540053,168.8784322320377,164.66240628148364,168.24652099609375,70618900
2022-04-14 00:00:00-04:00,168.4637222986735,169.1055167246455,162.9542397890342,163.20108032226562,75329400
2022-04-18 00:00:00-04:00,161.84841114128506,164.49454968997628,161.50284340845351,162.98388671875,69023900
2022-04-19 00:00:00-04:00,162.9344970296072,165.6991139070027,161.83852450223057,165.28440856933594,67723800
2022-04-20 00:00:00-04:00,166.62725551360083,166.74574923387243,164.00088325850268,165.11659240722656,67929800
2022-04-21 00:00:00-04:00,166.77534009266884,169.36222403818198,163.8132537186796,164.31680297851562,87227800
2022-04-22 00:00:00-04:00,164.3562943491108,165.74846339691877,159.45897192595842,159.74530029296875,84882400
2022-04-25 00:00:00-04:00,159.08378147191706,161.10787685042922,156.45740965776784,160.82154846191406,96046400
2022-04-26 00:00:00-04:00,160.1995106580401,160.28836963672174,154.73939911176635,154.81838989257812,95623200
2022-04-27 00:00:00-04:00,153.93964591872134,157.77060105220286,153.41634515221546,154.59130859375,88063200
2022-04-28 00:00:00-04:00,157.23744070831216,162.4408440635626,156.92147755184075,161.57196044921875,130216800
2022-04-29 00:00:00-04:00,159.79470407647912,164.0996041201606,155.2627149321267,155.65765380859375,131747600
2022-05-02 00:00:00-04:00,154.72952718660352,156.23030678802172,151.3329990232718,155.96372985839844,123055300
2022-05-03 00:00:00-04:00,156.15132974917535,158.67898969882359,154.34447013671496,157.4645233154297,88966500
2022-05-04 00:00:00-04:00,157.65211906720614,164.37605317046095,157.2472969534834,163.921875,108256500
2022-05-05 00:00:00-04:00,161.77931454639537,162.0064036508435,152.9917812722914,154.78878784179688,130525300
2022-05-06 00:00:00-04:00,154.2646959391929,157.65633205050835,152.45516651174685,155.52049255371094,116124600
2022-05-09 00:00:00-04:00,153.1967749052356,154.08671556547696,149.79527121320913,150.35888671875,131577900
2022-05-10 00:00:00-04:00,153.7801742291684,154.98652707848316,151.21913755445752,152.78146362304688,115366700
2022-05-11 00:00:00-04:00,151.78277400410622,153.710956063414,144.1788006969076,144.861083984375,142689800
2022-05-12 00:00:00-04:00,141.17282153170223,144.56444252618667,137.24723312349994,140.9651641845703,182602000
2022-05-13 00:00:00-04:00,142.97248121938472,146.44322482548418,141.50904206923863,145.46429443359375,113990900
2022-05-16 00:00:00-04:00,143.92173250299058,145.8696952839723,142.56704845817126,143.91183471679688,86643800
2022-05-17 00:00:00-04:00,147.1946808606408,148.0945041716511,145.03906101053295,147.5704345703125,78336300
2022-05-18 00:00:00-04:00,145.2071849310372,145.71147409406072,138.33492299113666,139.24464416503906,109742900
2022-05-19 00:00:00-04:00,138.31514125742,140.07522685938108,135.0718364343848,135.81344604492188,136095600
2022-05-20 00:00:00-04:00,137.53396994552125,139.1259591711047,131.12646716959603,136.05075073242188,137426100
2022-05-23 00:00:00-04:00,136.24851126273052,141.6573185726959,136.11007807202935,141.50900268554688,117726300
2022-05-24 00:00:00-04:00,139.2347271440917,140.381753606561,135.7936628447696,138.78976440429688,104132700
2022-05-25 00:00:00-04:00,136.8813675428628,140.20377961267315,136.79237799972836,138.947998046875,92482700
2022-05-26 00:00:00-04:00,135.85299535116755,142.72524156482692,135.6057921414094,142.1715087890625,90601500
2022-05-27 00:00:00-04:00,143.76348810793996,148.0054882548772,143.63493761958003,147.9659423828125,90978500
2022-05-31 00:00:00-04:00,147.40234933421254,148.9745582570184,145.19728565758075,147.17491149902344,103718400
2022-06-01 00:00:00-04:00,148.22303074377103,150.04245773889076,146.02786514947005,147.04635620117188,74286600
2022-06-02 00:00:00-04:00,146.1762097397921,149.57772845826625,145.21706003994026,149.51840209960938,72348100
2022-06-03 00:00:00-04:00,145.25661641334162,146.31465351280556,142.84392548778143,143.75363159179688,88570300
2022-06-06 00:00:00-04:00,145.38515454192162,146.90793480552912,143.27897830827027,144.50511169433594,71598400
2022-06-07 00:00:00-04:00,142.73513184610434,147.33310527065905,142.48792864934148,147.04635620117188,67808200
2022-06-08 00:00:00-04:00,146.91782296573172,148.1933849720813,145.81035734235303,146.3047637939453,53950200
2022-06-09 00:00:00-04:00,145.43459725957024,146.29485961958363,140.9354957289467,141.0442657470703,69473000
2022-06-10 00:00:00-04:00,138.7106557142319,139.18528162445682,135.5266773523054,135.5959014892578,91437900
2022-06-13 00:00:00-04:00,131.38354755152648,133.68748310970517,129.96955253669157,130.40463256835938,122207100
2022-06-14 00:00:00-04:00,131.6406665661292,132.3921589404782,130.00911622380323,131.27479553222656,84784300
2022-06-15 00:00:00-04:00,132.78767094705634,135.80355315624965,130.68150983710063,133.9149169921875,91533000
2022-06-16 00:00:00-04:00,130.60240189166277,130.90893145837705,127.59640240473193,128.60499572753906,108123900
2022-06-17 00:00:00-04:00,128.61488962689282,131.59121075763036,128.3577886395421,130.0882110595703,134520300
2022-06-21 00:00:00-04:00,131.92743245994976,135.5267112803858,131.82856020994737,134.3500213623047,81000500
2022-06-22 00:00:00-04:00,133.28208279611738,136.21885828628317,132.41193771287044,133.83583068847656,73409200
2022-06-23 00:00:00-04:00,135.2893841458369,137.03957206270437,134.1126944161807,136.72315979003906,72433800
2022-06-24 00:00:00-04:00,138.33490563376427,140.322429031774,138.20637022878094,140.07522583007812,89116800
2022-06-27 00:00:00-04:00,141.10358451037501,141.8847550770621,139.39294257930382,140.07522583007812,70207900
2022-06-28 00:00:00-04:00,140.5399855848393,141.81554761684743,135.78379783894255,135.90245056152344,67083400
2022-06-29 00:00:00-04:00,135.92222117429225,139.09630197753944,135.1410505724606,137.6724090576172,66242400
2022-06-30 00:00:00-04:00,135.71456031317572,136.82202584965663,132.27349590476265,135.19049072265625,98964500
2022-07-01 00:00:00-04:00,134.5180943871052,137.48453295721393,134.1423557614571,137.37576293945312,71051600
2022-07-05 00:00:00-04:00,136.2287398502937,140.02577727439103,135.39812565470294,139.97633361816406,73353800
2022-07-06 00:00:00-04:00,139.76872317377484,142.50772431228754,139.5017394398959,141.32115173339844,74064300
2022-07-07 00:00:00-04:00,141.68698851950882,144.91052810969663,141.67710582258877,144.7127685546875,66253700
2022-07-08 00:00:00-04:00,143.6349641985853,145.89935431150678,143.37787826237835,145.39505004882812,64547800
2022-07-11 00:00:00-04:00,144.04035131238908,144.99950088580692,142.1714958206122,143.24929809570312,63141600
2022-07-12 00:00:00-04:00,144.12935364789075,146.78926259274837,143.42730498315143,144.22824096679688,77588800
2022-07-13 00:00:00-04:00,141.39036395608215,144.81164818801975,140.53008646129757,143.86239624023438,71185600
2022-07-14 00:00:00-04:00,142.4681487068605,147.28366216979555,141.6474322799387,146.8090362548828,78140700
2022-07-15 00:00:00-04:00,148.1044147904069,149.1723346760027,146.54208838859583,148.49005126953125,76259900
2022-07-18 00:00:00-04:00,149.05365448476786,149.87437096108084,145.05884212025853,145.42471313476562,81420900
2022-07-19 00:00:00-04:00,146.26521469850945,149.53818325957113,145.26651901695632,149.31076049804688,82982400
2022-07-20 00:00:00-04:00,149.4293925224022,152.000311958322,148.6877828875892,151.32791137695312,64823400
2022-07-21 00:00:00-04:00,152.77157888336905,153.8296158305384,150.24022050819792,153.61207580566406,65086600
2022-07-22 00:00:00-04:00,153.65164024364876,154.53168314584622,151.69379487131613,152.36618041992188,66675400
2022-07-25 00:00:00-04:00,152.28707668870828,153.30555281809416,150.57643451334488,151.2389373779297,53623900
2022-07-26 00:00:00-04:00,150.55664250435638,151.377358998934,149.11298416013028,149.90403747558594,55138700
2022-07-27 00:00:00-04:00,150.8730563372651,155.56991705952098,150.45775677870958,155.03594970703125,78620700
2022-07-28 00:00:00-04:00,155.22385063308002,155.8764707926726,152.68260923067325,155.5897216796875,81378700
2022-07-29 00:00:00-04:00,159.43618936909112,161.79945147711774,157.71564957834343,160.6919708251953,101786900
2022-08-01 00:00:00-04:00,159.20876431172698,161.759903479841,159.09011158840147,159.7031707763672,67829400
2022-08-02 00:00:00-04:00,158.30892954245755,160.59308461307148,157.84418633635767,158.2199249267578,59907000
2022-08-03 00:00:00-04:00,159.04065592445167,164.72632983882096,158.95166638867192,164.271484375,82507500
2022-08-04 00:00:00-04:00,164.15282242658068,165.3196294825107,162.59049624991118,163.95506286621094,55474100
2022-08-05 00:00:00-04:00,161.60834223298872,164.22243393880652,161.4003964239712,163.7273406982422,56697000
2022-08-08 00:00:00-04:00,164.73730904156167,166.1631798967207,162.58860633392882,163.2520294189453,60276900
2022-08-09 00:00:00-04:00,162.4103672707324,164.1927056996402,161.64791956049652,163.30152893066406,63135500
2022-08-10 00:00:00-04:00,166.0344439041626,167.6781569108188,165.2620997413328,167.5791473388672,70170500
2022-08-11 00:00:00-04:00,168.3910867742428,169.3119679283014,166.53944315101367,166.8365020751953,57149200
2022-08-12 00:00:00-04:00,168.15346323228857,170.4803922280606,167.73757164453966,170.4110870361328,68039400
2022-08-15 00:00:00-04:00,169.83674724606126,171.68839067049032,169.66841739920798,171.4903564453125,54091700
2022-08-16 00:00:00-04:00,171.08439311443897,172.00527425925722,169.9753892582697,171.33193969726562,56377100
2022-08-17 00:00:00-04:00,171.07450558022083,174.42132527980368,170.87647132547755,172.8370361328125,79542000
2022-08-18 00:00:00-04:00,172.04489520983532,173.18360358055534,171.4210729131725,172.4409637451172,62290100
2022-08-19 00:00:00-04:00,171.3319373753637,172.03497630904332,169.62881569987354,169.83676147460938,70346300
2022-08-22 00:00:00-04:00,168.0247119249734,168.19304177914185,165.49973389435925,165.92552185058594,69026800
2022-08-23 00:00:00-04:00,165.44034527134596,167.05435393576505,165.0145572632954,165.5888671875,54147100
2022-08-24 00:00:00-04:00,165.67799461140083,166.4602352142795,164.6184879180228,165.88592529296875,53841500
2022-08-25 00:00:00-04:00,167.12365618385147,168.47031026643288,166.6978832923443,168.36138916015625,51218200
2022-08-26 00:00:00-04:00,168.8960892965453,169.3713745036703,161.95487346430244,162.0142822265625,78961000
2022-08-29 00:00:00-04:00,159.56855663957526,161.30138310371171,158.25162182279354,159.7963104248047,73314000
2022-08-30 00:00:00-04:00,160.53894189620846,160.96471483837874,156.17221581003352,157.3505401611328,77906200
2022-08-31 00:00:00-04:00,158.73676559014643,159.00412012547605,155.59787678764897,155.67709350585938,87991100
2022-09-01 00:00:00-04:00,155.10279776817575,156.86532835914005,153.15212934294357,156.40985107421875,74229900
2022-09-02 00:00:00-04:00,158.1822661206891,158.7862803859812,153.44917667490938,154.2809295654297,76957800
2022-09-06 00:00:00-04:00,154.9344835227276,155.5483943204438,152.18176624974282,153.01351928710938,73714800
2022-09-07 00:00:00-04:00,153.30064686521618,155.13248241472235,152.10251482044345,154.42945861816406,87449600
2022-09-08 00:00:00-04:00,153.12242490877495,154.82554673236277,151.18165290897298,152.94419860839844,84923800
2022-09-09 00:00:00-04:00,153.94428959373738,156.27123381002446,153.23135413636626,155.8256378173828,68028800
2022-09-12 00:00:00-04:00,158.02382955398045,162.64799780763684,157.73668217211932,161.82614135742188,104956000
2022-09-13 00:00:00-04:00,158.33078796689082,158.9645066131027,151.86487244710517,152.33026123046875,122656600
2022-09-14 00:00:00-04:00,153.27094175194492,155.5582849610427,152.1025290862562,153.7858428955078,87965400
2022-09-15 00:00:00-04:00,153.13231857593865,153.71654002664707,149.89441997170982,150.87469482421875,90481100
2022-09-16 00:00:00-04:00,149.72608931882488,149.86471480780293,146.91394851391368,149.22108459472656,162278800
2022-09-19 00:00:00-04:00,147.8447126877767,153.04319071538654,147.6367820277368,152.96397399902344,81474200
2022-09-20 00:00:00-04:00,151.89457732918356,156.52865722098906,151.57772555955486,155.3602294921875,107689800
2022-09-21 00:00:00-04:00,155.79592627154594,157.182196312293,152.0926387644096,152.21145629882812,101696800
2022-09-22 00:00:00-04:00,150.88459068326173,152.9540763891761,149.4290156380958,151.24105834960938,86652500
2022-09-23 00:00:00-04:00,149.7062866977392,149.98353768557936,147.1020915879774,148.9537353515625,96029900
2022-09-26 00:00:00-04:00,148.19129778337148,152.26096442398944,148.1714898251685,149.2904052734375,93339400
2022-09-27 00:00:00-04:00,151.24105380738652,153.20161835889513,148.47842569890133,150.27066040039062,84442700
2022-09-28 00:00:00-04:00,146.191100067192,149.16165887249315,143.4185754937689,148.3695068359375,146691400
2022-09-29 00:00:00-04:00,144.66624169874436,145.28015244294747,139.29941801776852,141.08175659179688,128138200
2022-09-30 00:00:00-04:00,139.89352575886807,141.69567216099017,136.64571575260226,136.84375,124925300
2022-10-03 00:00:00-04:00,136.85365231607366,141.66595823804587,136.33875122028275,141.05203247070312,114311700
2022-10-04 00:00:00-04:00,143.60673776677558,144.7850620443956,142.84428997966037,144.66624450683594,87830100
2022-10-05 00:00:00-04:00,142.65615125091543,145.93366557279842,141.60654105367178,144.96327209472656,79471000
2022-10-06 00:00:00-04:00,144.37908330163478,146.09210162301196,143.79487692455325,144.0028076171875,68402200
2022-10-07 00:00:00-04:00,141.1411791589597,141.6956962987976,138.08150645467327,138.71522521972656,85925600
2022-10-10 00:00:00-04:00,139.04197692871094,140.4975521920596,137.21014109546078,139.04197692871094,74899000
2022-10-11 00:00:00-04:00,138.52705845754087,139.96284069150002,136.86355271229837,137.6160888671875,77033700
2022-10-12 00:00:00-04:00,137.76464712249995,138.98257223872005,136.80416504682466,136.98239135742188,70433700
2022-10-13 00:00:00-04:00,133.66525571849522,142.18084893769327,133.05132993080255,141.5867462158203,113224000
2022-10-14 00:00:00-04:00,142.89378554537785,143.1017313207372,136.83385009662922,137.02198791503906,88598000
2022-10-17 00:00:00-04:00,139.68560500019998,141.49763284607423,138.8934528453485,141.012451171875,85250900
2022-10-18 00:00:00-04:00,144.0622242019941,145.26034128016104,139.23010975432786,142.33929443359375,99136600
2022-10-19 00:00:00-04:00,140.29950906195717,143.52751118612187,140.11137123437197,142.44821166992188,61758300
2022-10-20 00:00:00-04:00,141.61645449282847,144.4582844520385,141.25007527309683,141.98281860351562,64522000
2022-10-21 00:00:00-04:00,141.46793846130385,146.39907804153984,141.2500962255964,145.82476806640625,86548600
2022-10-24 00:00:00-04:00,145.7455368635644,148.7556968350301,144.5672126444263,147.9833526611328,75981900
2022-10-25 00:00:00-04:00,148.61705162579196,150.99350770703978,147.89421988901157,150.844970703125,74732300
2022-10-26 00:00:00-04:00,149.47855444042654,150.49844528407576,146.58719668531143,147.8843536376953,88194300
2022-10-27 00:00:00-04:00,146.61691165297458,147.5872901219259,142.71557470902968,143.37899780273438,109180200
2022-10-28 00:00:00-04:00,146.74561077212027,155.95434664334576,146.3693502416706,154.2116241455078,164762400
2022-10-31 00:00:00-04:00,151.6569330251628,152.72633601186325,150.42909660879334,151.8351593017578,97943200
2022-11-01 00:00:00-04:00,153.55808756981278,153.9244516524453,147.66648232329203,149.1715545654297,80379300
2022-11-02 00:00:00-04:00,147.48823283890275,150.67663364125815,143.5770003343614,143.60670471191406,93604600
2022-11-03 00:00:00-04:00,140.6658596843281,141.39860296643405,137.38834553443115,137.51707458496094,97918500
2022-11-04 00:00:00-04:00,140.92897510960222,141.50423772990558,133.28198220459782,137.24929809570312,140814800
2022-11-07 00:00:00-05:00,135.98964341986616,138.01296745403712,134.56140756793087,137.78485107421875,83374600
2022-11-08 00:00:00-05:00,139.26270591231952,140.27436054047985,136.36656720666915,138.36013793945312,89908500
2022-11-09 00:00:00-05:00,137.36830336333728,137.4178978354164,133.49024871201308,133.76795959472656,74917800
2022-11-10 00:00:00-05:00,140.08593483915797,145.669921875,138.36014691325087,145.669921875,118854000
2022-11-11 00:00:00-05:00,144.62852019494832,148.78427122649472,143.19035595661262,148.476806640625,93979700
2022-11-14 00:00:00-05:00,147.75276959325802,149.05206318160856,146.2253444348707,147.0684051513672,73374100
2022-11-15 00:00:00-05:00,150.9762056244079,152.33500645779537,147.34610799567685,148.8140106201172,89868300
2022-11-16 00:00:00-05:00,147.9114520856414,148.64539580261246,146.0864753659452,147.57421875,64218300
2022-11-17 00:00:00-05:00,145.23350957668575,150.24224892835457,144.95579867435367,149.48846435546875,80389400
2022-11-18 00:00:00-05:00,151.06548766769154,151.4523004109895,148.74461120790386,150.05381774902344,74829600
2022-11-21 00:00:00-05:00,148.93305495815272,149.14133058519832,146.5129896355539,146.8006134033203,58724100
2022-11-22 00:00:00-05:00,146.9196433951246,149.19092528188366,145.72943641669167,148.952880859375,51804100
2022-11-23 00:00:00-05:00,148.22884376451958,150.58940167109074,148.1197419671375,149.8356170654297,58301400
2022-11-25 00:00:00-05:00,147.09815830775,147.66350810880695,145.91787936233752,146.89979553222656,35195900
2022-11-28 00:00:00-05:00,143.95406106799004,145.44180457432896,142.2084474688318,143.0415802001953,69246000
2022-11-29 00:00:00-05:00,143.11099631373747,143.62675161890067,139.20320286024722,140.01649475097656,83763800
2022-11-30 00:00:00-05:00,140.24460395405254,147.5047989500818,139.40155844819125,146.8204345703125,111380900
2022-12-01 00:00:00-05:00,146.99897071983125,147.91145150906826,145.41203839604884,147.09814453125,71250400
2022-12-02 00:00:00-05:00,144.76738955520813,146.7907143644659,144.45990980570974,146.60226440429688,65447400
2022-12-05 00:00:00-05:00,146.5625845483336,149.686840036132,144.5789264267828,145.43190002441406,68826400
2022-12-06 00:00:00-05:00,145.86830682500616,146.09642327079612,140.76037809581985,141.74229431152344,64727200
2022-12-07 00:00:00-05:00,141.0281620528127,142.198512959655,138.85605421189774,139.7883758544922,69721100
2022-12-08 00:00:00-05:00,141.19676652921908,142.34729171571578,139.9470675305744,141.48439025878906,62128300
2022-12-09 00:00:00-05:00,141.176935040063,144.3805535796691,139.74869887062152,140.9984130859375,76097000
2022-12-12 00:00:00-05:00,141.53397456412327,143.31926952972327,139.9073758474893,143.30935668945312,70462700
2022-12-13 00:00:00-05:00,148.27844190216373,148.74460276301977,143.06142658519002,144.2813720703125,93886200
2022-12-14 00:00:00-05:00,144.16235419694846,145.46164779246874,140.006588179203,142.0398406982422,82291200
2022-12-15 00:00:00-05:00,139.95699111942795,140.6413555524701,134.91849797166844,135.38465881347656,98931900
2022-12-16 00:00:00-05:00,135.57311437396447,136.52526178059813,132.63729374627195,133.41091918945312,160156900
2022-12-19 00:00:00-05:00,134.00600783994648,134.09526881179502,130.24698284016458,131.28839111328125,79592600
2022-12-20 00:00:00-05:00,130.31642601929576,132.16122876730324,128.82868235587395,131.218994140625,77432800
2022-12-21 00:00:00-05:00,131.8934124301394,135.692119208161,131.66529600417988,134.34323120117188,85928000
2022-12-22 00:00:00-05:00,133.25223927437037,133.4605149003207,129.23532858440024,131.14955139160156,77852100
2022-12-23 00:00:00-05:00,129.8502406477536,131.33798403070327,128.5807008383652,130.78256225585938,63814900
2022-12-27 00:00:00-05:00,130.30648914184002,130.3362427988916,127.66822056647285,128.96751403808594,69007800
2022-12-28 00:00:00-05:00,128.61045279206675,129.9593407134417,124.84150747874008,125.01011657714844,85438400
2022-12-29 00:00:00-05:00,126.94418349501579,129.41383542873174,126.68631341974158,128.5509490966797,75703700
2022-12-30 00:00:00-05:00,127.36076275845284,128.88817272629979,126.38876703004108,128.8683319091797,77034200
2023-01-03 00:00:00-05:00,129.21547799204924,129.83040711525132,123.15540233349964,124.04804992675781,112117500
2023-01-04 00:00:00-05:00,125.85317515303767,127.60871663617384,124.05796717081702,125.32750701904297,89113600
2023-01-05 00:00:00-05:00,126.0912264261529,126.72599642297669,123.74059638284004,123.99846649169922,80962700
2023-01-06 00:00:00-05:00,124.9803568261858,129.22537557120106,123.86950577832374,128.56085205078125,87754700
2023-01-09 00:00:00-05:00,129.40390982681552,132.31988903474692,128.82864728413932,129.08651733398438,70790800
2023-01-10 00:00:00-05:00,129.19561293888412,130.18744173043305,127.0730999303337,129.66177368164062,63896200
2023-01-11 00:00:00-05:00,130.17755901907103,132.41908715847225,129.39402075141217,132.39926147460938,69458900
2023-01-12 00:00:00-05:00,132.78606131816082,133.16294601845647,130.36599631977188,132.3199005126953,71379600
2023-01-13 00:00:00-05:00,130.95117055018392,133.81755551165315,130.58419869423057,133.6588592529297,57809700
2023-01-17 00:00:00-05:00,133.72827780979978,136.1681681624427,133.03400068238537,134.82920837402344,63646600
2023-01-18 00:00:00-05:00,135.70203924835408,137.47740634502057,133.92665701757943,134.10519409179688,69672800
2023-01-19 00:00:00-05:00,132.98442452300233,135.13669148132752,132.67695997668562,134.16470336914062,58280400
2023-01-20 00:00:00-05:00,134.17462060326434,136.89223740407417,133.12328432629752,136.7434539794922,80223600
2023-01-23 00:00:00-05:00,136.99139649264873,142.1489186415283,136.77319293400657,139.95697021484375,81760300
2023-01-24 00:00:00-05:00,139.16352535964495,141.99024407935778,139.153612517868,141.36538696289062,66435100
2023-01-25 00:00:00-05:00,139.73877617563352,141.26618605607322,137.6757702023649,140.7008514404297,65799300
2023-01-26 00:00:00-05:00,142.0001532954897,143.07133041032213,140.7405262529401,142.78370666503906,54105100
2023-01-27 00:00:00-05:00,141.99023924889724,146.02697529477953,141.91089111505244,144.7375946044922,70555800
2023-01-30 00:00:00-05:00,143.7755344125045,144.3607098736859,141.68277467662222,141.83154296875,64015300
2023-01-31 00:00:00-05:00,141.53397294383652,143.16057164184912,141.11740664564994,143.11097717285156,65874500
2023-02-01 00:00:00-05:00,142.79360699192455,145.41203466510683,140.16526647808718,144.24166870117188,77663600
2023-02-02 00:00:00-05:00,147.68333668532975,149.94470566563427,146.95930573013743,149.58766174316406,118339000
2023-02-03 00:00:00-05:00,146.82044455331288,156.09405168710114,146.622081781629,153.23757934570312,154357300
2023-02-06 00:00:00-05:00,151.32335168571237,151.84901982376329,149.54796937228014,150.49020385742188,69858300
2023-02-07 00:00:00-05:00,149.40910873715893,153.96159987317645,149.40910873715893,153.38633728027344,83322600
2023-02-08 00:00:00-05:00,152.6226412728321,153.31691850011063,149.93477820152208,150.67864990234375,64120100
2023-02-09 00:00:00-05:00,152.5234635934223,153.06897257447937,149.19091752218492,149.63723754882812,56007100
2023-02-10 00:00:00-05:00,148.46509080976415,150.3325658379595,148.22668296996216,150.0047607421875,57450700
2023-02-13 00:00:00-05:00,149.9451621492811,153.23312591656256,149.91536306404168,152.82586669921875,62199000
2023-02-14 00:00:00-05:00,151.10739360478777,152.74641931396778,149.8557863736828,152.18020629882812,61707600
2023-02-15 00:00:00-05:00,152.09079711349656,154.4648870542148,151.8623323927424,154.2960205078125,65573800
2023-02-16 00:00:00-05:00,152.48813255825456,155.28936808726482,152.32920914136784,152.6868133544922,68167900
2023-02-17 00:00:00-05:00,151.33586500166115,151.98153211442403,149.8458499809315,151.53453063964844,59144100
2023-02-21 00:00:00-05:00,149.2001593398352,150.29284302328347,147.4220815173684,147.49160766601562,58867200
2023-02-22 00:00:00-05:00,147.87901998490375,148.9518326240964,146.1804113407612,147.91876220703125,51011300
2023-02-23 00:00:00-05:00,149.0908963816531,149.3392322135196,146.2598769927045,148.40548706054688,48394200
2023-02-24 00:00:00-05:00,146.1307296843223,146.21019896512982,144.74998313937397,145.7333984375,55469600
2023-02-27 00:00:00-05:00,146.72675489244764,148.177027715123,146.46847591731765,146.9353485107422,44998500
2023-02-28 00:00:00-05:00,146.07113725599223,148.08762296946617,145.85260051448327,146.42874145507812,50547000
2023-03-01 00:00:00-05:00,145.8525984613652,146.24992971821598,144.04470638109774,144.34271240234375,55479000
2023-03-02 00:00:00-05:00,143.41890670694306,145.73339835352715,142.9420910223725,144.938720703125,52238100
2023-03-03 00:00:00-05:00,147.05454091070584,150.10411223014592,146.349275629619,150.02464294433594,70732300
2023-03-06 00:00:00-05:00,152.76625753631316,155.25955888889672,152.4384675897432,152.80599975585938,87558000
2023-03-07 00:00:00-05:00,152.67687814265383,153.0046832847955,150.1239934764731,150.5908660888672,56182000
2023-03-08 00:00:00-05:00,151.79280355415065,152.44841384031125,150.81933125959608,151.85240173339844,47204800
2023-03-09 00:00:00-05:00,152.53780112788675,153.51127335874227,149.2299659811253,149.5875701904297,53833600
2023-03-10 00:00:00-05:00,149.21009825890013,149.93523459713467,146.62739971127073,147.511474609375,68572400
2023-03-13 00:00:00-04:00,146.82608668649712,152.1206088691079,146.7168183053469,149.4683837890625,84457100
2023-03-14 00:00:00-04:00,150.2729871081838,152.37887024862,149.10084918125187,151.5742645263672,73695900
2023-03-15 00:00:00-04:00,150.18358234598927,152.22986720595216,148.92203205726028,151.9716033935547,77167900
2023-03-16 00:00:00-04:00,151.1471217935264,155.4185010609706,150.63057902794299,154.81256103515625,76161100
2023-03-17 00:00:00-04:00,155.04102855620215,155.69663879085002,153.25300753316992,153.9682159423828,98944600
2023-03-20 00:00:00-04:00,154.03775726901713,156.76945142315574,153.12386806819134,156.35223388671875,73641400
2023-03-21 00:00:00-04:00,156.27276702598087,158.33890764314316,155.49794534802618,158.21971130371094,73938300
2023-03-22 00:00:00-04:00,158.23958901679225,161.06068032066997,156.75950205913892,156.7793731689453,75701800
2023-03-23 00:00:00-04:00,157.77271456151547,160.4746094885044,156.63036069822533,157.87203979492188,67622100
2023-03-24 00:00:00-04:00,157.80252665239888,159.2726705800277,156.79925531618204,159.1832733154297,59196500
2023-03-27 00:00:00-04:00,158.875332942598,159.69980971663136,156.81910499581306,157.22637939453125,52390300
2023-03-28 00:00:00-04:00,156.91843253156964,157.43497525938974,154.94167403119943,156.60055541992188,45992200
2023-03-29 00:00:00-04:00,158.30912406524232,159.97794876683633,158.28926811153536,159.69981384277344,51305700
2023-03-30 00:00:00-04:00,160.45475899483912,161.38850422068091,160.196495166141,161.27923583984375,49501700
2023-03-31 00:00:00-04:00,161.3586910538678,163.90164752362523,160.83222030773285,163.80230712890625,68749800
2023-04-03 00:00:00-04:00,163.17651178292027,165.18305438058218,163.1268415853667,165.06385803222656,56976200
2023-04-04 00:00:00-04:00,165.4910100935727,165.72940279972084,164.01092302829684,164.5274658203125,46278300
2023-04-05 00:00:00-04:00,163.64337869268445,163.95131268675533,160.7229470013281,162.66989135742188,51511700
2023-04-06 00:00:00-04:00,161.3487524915601,163.86192510276695,160.92162212804223,163.5639190673828,45390100
2023-04-10 00:00:00-04:00,160.3454759875675,160.951416015625,159.0143995840367,160.951416015625,47716900
2023-04-11 00:00:00-04:00,161.26929948702247,161.27922746395842,159.44153619728579,159.7296142578125,47644200
2023-04-12 00:00:00-04:00,160.1468109058442,160.98121565505156,158.7163941030795,159.03427124023438,50133100
2023-04-13 00:00:00-04:00,160.55406942366903,164.6963088302621,160.34546067839233,164.45790100097656,68445600
2023-04-14 00:00:00-04:00,163.4943616300111,165.2128563630808,162.7294982418744,164.11024475097656,49386500
2023-04-17 00:00:00-04:00,163.9910442365238,164.2890502624687,162.93810274777258,164.13011169433594,41516200
2023-04-18 00:00:00-04:00,164.99434523275826,166.2956226649938,164.5473285758197,165.36187744140625,49923000
2023-04-19 00:00:00-04:00,164.69633990267727,167.04063094935265,164.43806091625274,166.51416015625,47720200
2023-04-20 00:00:00-04:00,164.98439481710608,166.75254478310427,164.45792404954577,165.54066467285156,52456400
2023-04-21 00:00:00-04:00,163.9513231358082,165.34199776450657,163.39505328432884,163.92152404785156,58337300
2023-04-24 00:00:00-04:00,163.90165653797987,164.49766862464114,162.79904478770843,164.22946166992188,41949600
2023-04-25 00:00:00-04:00,164.09037039517085,165.20290996114895,162.64008261190818,162.67982482910156,48714100
2023-04-26 00:00:00-04:00,161.97455408738838,164.1797773989344,161.71629028915186,162.66989135742188,45498800
2023-04-27 00:00:00-04:00,164.09038891801433,167.43795112673368,164.09038891801433,167.28895568847656,64902300
2023-04-28 00:00:00-04:00,167.36844063749712,168.71938831391478,166.76250053651825,168.55050659179688,55209200
2023-05-01 00:00:00-04:00,168.15317131458366,169.3153812859868,167.51743213816098,168.4611053466797,52472900
2023-05-02 00:00:00-04:00,168.95774533136765,169.21602427022344,166.4247170787406,167.41806030273438,48425700
2023-05-03 00:00:00-04:00,168.3716838787086,169.7822295000066,166.04726426997317,166.3353271484375,65136000
2023-05-04 00:00:00-04:00,163.7923679869456,165.92804991287304,163.21622708272545,164.68637084960938,81235400
2023-05-05 00:00:00-04:00,169.84182600004652,173.13973289189948,169.6232892707206,172.4145965576172,113316400
2023-05-08 00:00:00-04:00,171.33184784756818,172.69273847315233,170.96431567750452,172.34506225585938,55962800
2023-05-09 00:00:00-04:00,171.89806515550893,172.38479368338398,170.45772036794094,170.6265869140625,45326900
2023-05-10 00:00:00-04:00,171.86826436576024,172.87153565591404,170.75570954760406,172.4046630859375,53724500
2023-05-11 00:00:00-04:00,172.69273944112518,173.42780378537267,171.02391480886706,172.59339904785156,49514700
2023-05-12 00:00:00-04:00,172.70279663779016,173.14047463741815,170.09664241223433,171.65835571289062,45497800
2023-05-15 00:00:00-04:00,172.24526429695766,172.29500320134395,170.56418950470632,171.16102600097656,37266700
2023-05-16 00:00:00-04:00,171.08144678959502,172.22536569956662,170.89244805983668,171.16102600097656,42110300
2023-05-17 00:00:00-04:00,170.802921731771,172.01646292692044,169.5197278588666,171.77774047851562,57951600
2023-05-18 00:00:00-04:00,172.0860859807688,174.31425810732384,171.66830655294862,174.12525939941406,65496700
2023-05-19 00:00:00-04:00,175.45819353055688,175.45819353055688,174.01585640235388,174.2346954345703,55772400
2023-05-22 00:00:00-04:00,173.0609156133476,173.78707018746078,172.53371664638868,173.27975463867188,43570900
2023-05-23 00:00:00-04:00,172.21543066582518,172.46411001921396,170.37519737947483,170.65371704101562,50747300
2023-05-24 00:00:00-04:00,170.1861824697135,171.50915832540235,169.6192014905221,170.93222045898438,45143500
2023-05-25 00:00:00-04:00,171.49920353501065,172.9813225132751,170.78300590568506,172.07614135742188,56058300
2023-05-26 00:00:00-04:00,172.40441117246095,174.8414655423346,172.19551385930305,174.5032501220703,54835000
2023-05-30 00:00:00-04:00,176.0251725779241,178.04444739653601,175.63723345459917,176.36337280273438,55964400
2023-05-31 00:00:00-04:00,176.39322361590837,178.40255684580796,175.82622745978463,176.3136444091797,99625300
2023-06-01 00:00:00-04:00,176.76125247575317,179.16846640190982,175.99531594255492,179.1386260986328,68901800
2023-06-02 00:00:00-04:00,180.07365878956216,180.81969671146936,178.31300504397063,179.99407958984375,61945900
2023-06-05 00:00:00-04:00,181.6652076435012,183.97294366184053,177.0994441462492,178.63131713867188,121946500
2023-06-06 00:00:00-04:00,179.01927007383526,179.16847159454443,176.49267968316457,178.26329040527344,64848400
2023-06-07 00:00:00-04:00,177.49735033746626,180.25272139809334,176.38327186306722,176.88063049316406,61944600
2023-06-08 00:00:00-04:00,176.96019566720025,179.88466685968396,176.5225328195427,179.61610412597656,50214900
2023-06-09 00:00:00-04:00,180.54118422567086,181.26732358175673,179.67578505912772,180.00404357910156,48870700
2023-06-12 00:00:00-04:00,180.31241504815586,182.91856960136246,180.0139968128754,182.819091796875,54274900
2023-06-13 00:00:00-04:00,181.83432866057996,183.1771879321921,181.47622981918036,182.3416290283203,54929100
2023-06-14 00:00:00-04:00,182.40130312192284,183.4159189993345,181.05844389828908,182.97824096679688,57462900
2023-06-15 00:00:00-04:00,182.98821578246964,185.53468984508032,182.80915876153279,185.02737426757812,65433200
2023-06-16 00:00:00-04:00,185.74355105954828,186.00218726306332,183.29655508194935,183.943115234375,101235600
2023-06-20 00:00:00-04:00,183.43581728857993,185.1168919206648,183.43581728857993,184.0326385498047,49799100
2023-06-21 00:00:00-04:00,183.9232264876442,184.4305420351313,181.62543190581744,182.9882049560547,49515700
2023-06-22 00:00:00-04:00,182.76934288672476,186.06185437390522,182.69970539754337,186.01211547851562,51245300
2023-06-23 00:00:00-04:00,184.56979691773458,186.56917321431695,184.03264107925006,185.69381713867188,53079300
2023-06-26 00:00:00-04:00,185.84303155530625,187.056587853195,184.25147783336593,184.29127502441406,48088700
2023-06-27 00:00:00-04:00,184.90799365480206,187.39478684246586,184.68915464003317,187.0665283203125,50730800
2023-06-28 00:00:00-04:00,186.93721005316613,188.89680429757664,186.60896670948247,188.250244140625,51216800
2023-06-29 00:00:00-04:00,188.08113960762984,189.065915150093,187.94187979964138,188.58843994140625,46347300
2023-06-30 00:00:00-04:00,190.6176777017229,193.45261284992773,190.24962198603617,192.9453125,85069600
2023-07-03 00:00:00-04:00,192.75633264734074,192.85581045659583,190.7469992902124,191.4433135986328,31458200
2023-07-05 00:00:00-04:00,190.5580125336322,191.96055248017748,189.61301889614603,190.31927490234375,46920300
2023-07-06 00:00:00-04:00,188.83712812170648,191.005619722992,188.2005096584099,190.79672241210938,45094300
2023-07-07 00:00:00-04:00,190.3988382587058,191.65217656769724,189.23502086217493,189.6726837158203,46778000
2023-07-10 00:00:00-04:00,188.26019238153464,188.98634694518068,186.051918741953,187.61363220214844,59922200
2023-07-11 00:00:00-04:00,188.16072225318817,188.29998206372565,185.61424847297073,187.08642578125,46638100
2023-07-12 00:00:00-04:00,188.67796574074268,190.68729888937372,187.4743663358331,188.7675018310547,60750200
2023-07-13 00:00:00-04:00,189.49364999232415,190.18000737356135,188.77745230565768,189.53343200683594,41342300
2023-07-14 00:00:00-04:00,189.22507106062216,190.17004947662323,188.62824977702334,189.68264770507812,41573900
2023-07-17 00:00:00-04:00,190.88622422293344,193.2934531988666,190.79670331787756,192.96519470214844,50520200
2023-07-18 00:00:00-04:00,192.32859124289226,193.30340992275686,191.40349628424582,192.70657348632812,48353800
2023-07-19 00:00:00-04:00,192.07991659736527,197.1828060224414,191.63228167006224,194.06935119628906,80507300
2023-07-20 00:00:00-04:00,194.05939387250237,195.43210859968838,191.48307971545793,192.10975646972656,59581200
2023-07-21 00:00:00-04:00,193.07464908684346,193.94004834844196,190.21979989162114,190.92605590820312,71917800
2023-07-24 00:00:00-04:00,192.38826751793056,193.8803433972168,191.2343918618525,191.73175048828125,45377800
2023-07-25 00:00:00-04:00,192.30869138043565,193.41282815582724,191.9008536575025,192.59715270996094,37283200
2023-07-26 00:00:00-04:00,192.64690172314465,194.60649605963144,192.2987597677282,193.47251892089844,47471900
2023-07-27 00:00:00-04:00,194.98447580790904,196.1582348545856,191.5328058031928,192.1992645263672,47460200
2023-07-28 00:00:00-04:00,193.64162593289265,195.59127862967463,193.1144269482991,194.79550170898438,48291400
2023-07-31 00:00:00-04:00,195.0242770354596,195.4520133794531,194.22850013686713,195.41221618652344,38824100
2023-08-01 00:00:00-04:00,195.20332163169834,195.69072337772218,194.24838637848805,194.57664489746094,35175100
2023-08-02 00:00:00-04:00,194.0096640120874,194.14892383306034,190.83652843576235,191.5626678466797,50389300
2023-08-03 00:00:00-04:00,190.55800651320928,191.3537682359983,189.682650404323,190.1601104736328,61235200
2023-08-04 00:00:00-04:00,184.53996114899044,186.39013596823676,180.9589727316809,181.0286102294922,115799700
2023-08-07 00:00:00-04:00,181.16785317075306,182.16257039643656,176.4131060462404,177.90518188476562,97576100
2023-08-08 00:00:00-04:00,178.74073919038509,179.31767699775307,176.64188525492818,178.85015869140625,67823000
2023-08-09 00:00:00-04:00,179.9145074791464,179.9741880867417,176.07489821598116,177.24867248535156,60378500
2023-08-10 00:00:00-04:00,178.53186391046853,179.7951591819979,176.6618056326716,177.02984619140625,54686900
2023-08-11 00:00:00-04:00,176.62148034917087,177.9163470249328,175.85450939913832,177.08961486816406,51988100
2023-08-14 00:00:00-04:00,177.26890077886847,178.98212617439026,176.6114971552821,178.75303649902344,43675600
2023-08-15 00:00:00-04:00,178.1753205708948,178.77294779686,176.3525278942784,176.75094604492188,43622600
2023-08-16 00:00:00-04:00,176.43221164716573,177.8366454841051,175.80468863153288,175.87442016601562,46964900
2023-08-17 00:00:00-04:00,176.44217435879924,176.81071191781265,172.79658890927436,173.31454467773438,66062900
2023-08-18 00:00:00-04:00,171.6212372500288,174.41020985325144,171.2825803078595,173.8026123046875,61114200
2023-08-21 00:00:00-04:00,174.3803221762426,175.43614389350165,173.05555986350222,175.14727783203125,46311900
2023-08-22 00:00:00-04:00,176.36247085413768,176.98002350460862,175.55566427563798,176.53179931640625,42084200
2023-08-23 00:00:00-04:00,177.81674565486915,180.83480810937422,177.62749170579477,180.406494140625,52722800
2023-08-24 00:00:00-04:00,179.958242865256,180.38655676965442,175.31659743835633,175.68515014648438,54945800
2023-08-25 00:00:00-04:00,176.68122187267136,178.44423806969624,175.1273698759211,177.9063720703125,51449600
2023-08-28 00:00:00-04:00,179.38053618352316,179.87856644570098,177.84660966343355,179.4801483154297,43820700
2023-08-29 00:00:00-04:00,178.9920826524724,184.17159461329035,178.79287357680212,183.39466857910156,53003900
2023-08-30 00:00:00-04:00,184.2114508710661,187.1099908816683,184.01224178963898,186.9107666015625,60813900
2023-08-31 00:00:00-04:00,187.10001746950064,188.3749738080676,186.74143504936131,187.12989807128906,60794500
2023-09-01 00:00:00-04:00,188.74351890624058,189.1718176469559,187.5382789545023,188.71363830566406,45732600
2023-09-05 00:00:00-04:00,187.53827834394804,189.23157823204195,186.8709196021154,188.9526824951172,45280000
2023-09-06 00:00:00-04:00,187.65780052908354,188.10603993310986,180.75510825015328,182.18943786621094,81755800
2023-09-07 00:00:00-04:00,174.48989029474924,177.50796792462836,172.85635150294877,176.8605194091797,112488800
2023-09-08 00:00:00-04:00,177.64740152618924,179.52995531910727,177.0895948627475,177.47805786132812,65551300
2023-09-11 00:00:00-04:00,179.36063682675422,179.58972650566207,176.64138048680076,178.65342712402344,58953100
2023-09-12 00:00:00-04:00,178.7829041688317,179.4203822792883,174.13130346932107,175.60546875,90370200
2023-09-13 00:00:00-04:00,175.81462376514213,176.60152002835235,173.2945920539003,173.52369689941406,84267900
2023-09-14 00:00:00-04:00,173.3145480228564,175.40628140605207,172.89620438595304,175.04769897460938,60895800
2023-09-15 00:00:00-04:00,175.78475152221694,175.80467698770343,173.13524216223524,174.32054138183594,109205100
2023-09-18 00:00:00-04:00,175.7847698787979,178.6733547289085,175.47599352555886,177.26890563964844,67257600
2023-09-19 00:00:00-04:00,176.8206661565984,178.9223544426158,176.43220316528132,178.36456298828125,51826900
2023-09-20 00:00:00-04:00,178.55379737004205,178.99206641596786,174.70900328352505,174.7986602783203,58436200
2023-09-21 00:00:00-04:00,173.86237991578693,175.60548595722543,173.17509567337405,173.24481201171875,63047900
2023-09-22 00:00:00-04:00,173.9818875144472,176.38239699201054,173.36433486162306,174.10140991210938,56725400
2023-09-25 00:00:00-04:00,173.51373864876115,176.27283053055115,173.4639325832827,175.38633728027344,46172700
2023-09-26 00:00:00-04:00,174.13131127312985,174.50980394404405,170.98375631226943,171.28257751464844,64588900
2023-09-27 00:00:00-04:00,171.93995025984225,172.35829382559578,168.38402235159904,169.75857543945312,66921800
2023-09-28 00:00:00-04:00,168.67289029975677,171.35229561756515,166.9596649336937,170.017578125,56294400
2023-09-29 00:00:00-04:00,171.3423290226458,172.38819557246933,169.66893950319277,170.5355224609375,51814200
2023-10-02 00:00:00-04:00,170.54548925476,173.6133575846153,170.25662318286922,173.06552124023438,52164500
2023-10-03 00:00:00-04:00,171.58139257878477,172.94600592868312,170.1470780892458,171.72084045410156,49594600
2023-10-04 00:00:00-04:00,170.41599298863576,173.5237121875235,170.29647058822079,172.9758758544922,53020300
2023-10-05 00:00:00-04:00,173.1053643215982,174.75882855892928,171.9997364518983,174.22096252441406,48527900
2023-10-06 00:00:00-04:00,173.11533594293326,177.28883230374598,172.49776803360862,176.79080200195312,57224100
2023-10-09 00:00:00-04:00,176.11346171048461,178.34464279243045,175.107446036238,178.28488159179688,42390800
2023-10-10 00:00:00-04:00,177.39838972900156,179.01200295364612,177.24897152755216,177.68724060058594,43698000
2023-10-11 00:00:00-04:00,177.4979871028153,179.14149613074932,176.9003598915757,179.09169006347656,47551100
2023-10-12 00:00:00-04:00,179.36062976882246,181.6216762646302,178.33467342391498,179.99810791015625,56743100
2023-10-13 00:00:00-04:00,180.70529917229268,181.21328457006672,177.43822185623165,178.1454315185547,51427100
2023-10-16 00:00:00-04:00,176.0537049051645,178.3745278460018,175.81464489798415,178.0159454345703,52517000
2023-10-17 00:00:00-04:00,175.95408765178922,177.7171190566085,174.11138477890506,176.45211791992188,57549400
2023-10-18 00:00:00-04:00,174.88830756888308,176.8804286048216,174.42015790954335,175.14727783203125,54764400
2023-10-19 00:00:00-04:00,175.34650059885732,177.13941271104983,174.4998582116265,174.768798828125,59302900
2023-10-20 00:00:00-04:00,174.6193638112663,174.7289310742059,171.95988410028949,172.19894409179688,64189300
2023-10-23 00:00:00-04:00,170.2367184674421,173.32449716604125,169.26056814973236,172.3184814453125,55980100
2023-10-24 00:00:00-04:00,172.36828137785076,172.9858340558493,170.7745784168946,172.75674438476562,43816600
2023-10-25 00:00:00-04:00,171.20290568858636,172.37824993483963,169.9777401724937,170.4259796142578,57157000
2023-10-26 00:00:00-04:00,169.69884596738163,170.70487693853036,165.01736401031343,166.23255920410156,70625300
2023-10-27 00:00:00-04:00,166.2524750834875,168.2944023125671,166.17278841323267,167.55731201171875,58499100
2023-10-30 00:00:00-04:00,168.35415469749302,170.49567875321318,168.20473649908715,169.619140625,51131000
2023-10-31 00:00:00-04:00,168.68285540471834,170.22673705418583,167.23855548952244,170.09725952148438,44846000
2023-11-01 00:00:00-04:00,170.3263517013589,173.54362297786597,169.44981356586865,173.28465270996094,56934900
2023-11-02 00:00:00-04:00,174.8285561822571,177.07964760769158,174.7687949796131,176.8704833984375,77334800
2023-11-03 00:00:00-04:00,173.5535919806981,176.1234299684149,172.667098718161,175.95408630371094,79763700
2023-11-06 00:00:00-05:00,175.68516237015973,178.72313484890373,175.51583390272017,178.52392578125,63841300
2023-11-07 00:00:00-05:00,178.47411491056127,181.72128190075364,178.26495071469225,181.10372924804688,70530000
2023-11-08 00:00:00-05:00,181.63164388842938,182.7273013532089,180.8746281577945,182.1695098876953,49340300
2023-11-09 00:00:00-05:00,182.2392272804333,183.39464585563024,181.09374863957265,181.69139099121094,53763500
2023-11-10 00:00:00-05:00,183.48666979314862,186.0798450837419,183.04782333916816,185.9102783203125,66133400
2023-11-13 00:00:00-05:00,185.3318234319476,185.54126320022215,183.7260525941369,184.3144989013672,43627500
2023-11-14 00:00:00-05:00,187.2068669849832,187.61579347557358,185.81055118626102,186.9475555419922,60108400
2023-11-15 00:00:00-05:00,187.35648416635163,189.00214317778068,187.28666076626993,187.51605224609375,53790500
2023-11-16 00:00:00-05:00,189.07197729733983,190.45832494142388,188.15438088861924,189.21160888671875,54412900
2023-11-17 00:00:00-05:00,189.75017672813084,189.87984006315943,188.07459771561332,189.191650390625,50922700
2023-11-20 00:00:00-05:00,189.39112233533035,191.40581967333242,189.38115408596002,190.947021484375,46505100
2023-11-21 00:00:00-05:00,190.90714151457556,191.0168531371935,189.24153067570467,190.13916015625,38134500
2023-11-22 00:00:00-05:00,190.98692332373932,192.4231273748353,190.3286536219654,190.80738830566406,39617700
2023-11-24 00:00:00-05:00,190.36854620290188,190.39846617015027,188.75280709668226,189.47091674804688,24048300
2023-11-27 00:00:00-05:00,189.42104517322366,190.1690747922717,188.4037206300819,189.2913818359375,40552600
2023-11-28 00:00:00-05:00,189.281413990356,190.57800170987989,188.90240744591168,189.8997802734375,38415400
2023-11-29 00:00:00-05:00,190.39846146658158,191.5853375337861,188.47353926721377,188.8724822998047,43014200
2023-11-30 00:00:00-05:00,189.34124663640054,189.8199965326488,187.69558762181254,189.45095825195312,48794400
2023-12-01 00:00:00-05:00,189.82996644714217,191.05673072730082,188.7328502819914,190.73757934570312,45679300
2023-12-04 00:00:00-05:00,189.4808853689729,189.55070877182374,186.95753333473502,188.9323272705078,43389500
2023-12-05 00:00:00-05:00,189.71029172996927,193.8892710828005,189.68035654401535,192.91184997558594,66628400
2023-12-06 00:00:00-05:00,193.93915217222312,194.2483353279582,191.60530330115625,191.81475830078125,41089700
2023-12-07 00:00:00-05:00,193.12131027911408,194.4877062169098,193.0814068425452,193.75962829589844,47477700
2023-12-08 00:00:00-05:00,193.68978867781158,195.47509445662575,193.16118232778743,195.19583129882812,53377300
2023-12-11 00:00:00-05:00,192.60266191053654,192.9816684443119,190.91709944447388,192.67247009277344,60943700
2023-12-12 00:00:00-05:00,192.5727484810618,194.2084393189364,191.21632081901691,194.19847106933594,52696900
2023-12-13 00:00:00-05:00,194.57745586327718,197.479814363225,194.3380961312905,197.43992614746094,70404200
2023-12-14 00:00:00-05:00,197.49976341714512,199.0955507441078,195.644649425759,197.5895233154297,66831600
2023-12-15 00:00:00-05:00,197.01104566267367,197.87875511854236,196.48243930235122,197.0509490966797,128256700
2023-12-18 00:00:00-05:00,195.57482246204646,196.11341227934187,193.87929179986224,195.37535095214844,55751900
2023-12-19 00:00:00-05:00,195.64465783257836,196.43257567143465,195.37536290745211,196.422607421875,40714100
2023-12-20 00:00:00-05:00,196.38269954805867,197.16064911977392,194.31814575195312,194.31814575195312,52242800
2023-12-21 00:00:00-05:00,195.58480075220214,196.56222177791878,192.99162553607198,194.16851806640625,46482500
2023-12-22 00:00:00-05:00,194.66722055776037,194.89662726483317,192.46303513835062,193.0913848876953,37122800
2023-12-26 00:00:00-05:00,193.10135778099138,193.38062096103786,192.32340817676163,192.54283142089844,28919300
2023-12-27 00:00:00-05:00,191.98429313460466,192.99163417014543,190.58796210241144,192.64254760742188,48087700
2023-12-28 00:00:00-05:00,193.62995271865404,194.14859083036032,192.6624998954735,193.07142639160156,34049900
2023-12-29 00:00:00-05:00,193.39058105531936,193.88926745847252,191.22628389187872,192.02418518066406,42628800
2024-01-02 00:00:00-05:00,186.65831013752612,187.94492954928668,183.40688034565454,185.15228271484375,82488700
2024-01-03 00:00:00-05:00,183.73602546692106,185.39166803078743,182.94809240228628,183.7659454345703,58414500
2024-01-04 00:00:00-05:00,181.67145813216527,182.6089910440528,180.4048055729743,181.43209838867188,71983600
2024-01-05 00:00:00-05:00,181.51187949442337,182.2798455851046,179.696653712011,180.70399475097656,62303300
2024-01-08 00:00:00-05:00,181.61160967008922,185.11239794134607,181.0231633700248,185.07249450683594,59144500
2024-01-09 00:00:00-05:00,183.43679896760196,184.6635632197217,182.2499229302573,184.65359497070312,42841800
2024-01-10 00:00:00-05:00,183.86567396005478,185.9102759382746,183.4367957605415,185.70083618164062,46792900
2024-01-11 00:00:00-05:00,186.0499181222305,186.55858799759886,183.1375913301092,185.1024169921875,49128400
2024-01-12 00:00:00-05:00,185.57118065545922,186.2494020729004,184.7034711898062,185.43154907226562,40444700
2024-01-16 00:00:00-05:00,181.68142855063,183.7759022492629,180.454649078537,183.14756774902344,65603000
2024-01-17 00:00:00-05:00,180.79377388475157,182.4494011863878,179.8263210396568,182.20005798339844,47317400
2024-01-18 00:00:00-05:00,185.60110963400695,188.64309986418297,185.34179817225657,188.1344451904297,78005800
2024-01-19 00:00:00-05:00,188.83259508280878,191.4457069631133,188.32394043075982,191.05673217773438,68741000
2024-01-22 00:00:00-05:00,191.79478097126298,194.8168191563691,191.75487753918551,193.38059997558594,60133900
2024-01-23 00:00:00-05:00,194.50765298322878,195.23573088570404,193.32077688410376,194.66722106933594,42355600
2024-01-24 00:00:00-05:00,194.90657950992693,195.86406403893943,193.82941512180048,193.98899841308594,53631300
2024-01-25 00:00:00-05:00,194.70712611253646,195.75437063327604,192.60266882143753,193.65988159179688,54822100
2024-01-26 00:00:00-05:00,193.75962027533646,194.24832321281087,191.43573979920887,191.9144744873047,44594000
2024-01-29 00:00:00-05:00,191.50555101583493,191.69505428793966,189.0819423514257,191.22628784179688,47145600
2024-01-30 00:00:00-05:00,190.43836498444998,191.29610620172704,186.9774801488193,187.5459747314453,55859400
2024-01-31 00:00:00-05:00,186.54860624835527,186.60846140148647,183.86568613631536,183.91554260253906,55467800
2024-02-01 00:00:00-05:00,183.50663958553142,186.45885475432468,183.3370880241016,186.3690948486328,64885400
2024-02-02 00:00:00-05:00,179.38747158913486,186.83784758825826,178.77907357519368,185.3617401123047,102518000
2024-02-05 00:00:00-05:00,187.65568660043076,188.7528027700622,185.35175786290594,187.18692016601562,69668800
2024-02-06 00:00:00-05:00,186.3690812824401,188.81264158907206,186.27932138328205,188.80267333984375,43490800
2024-02-07 00:00:00-05:00,190.13916366301672,190.54809019292566,188.1144979508461,188.9123992919922,53439000
2024-02-08 00:00:00-05:00,188.89243734894671,189.04203718413183,186.85780349692203,187.82525634765625,40962000
2024-02-09 00:00:00-05:00,188.3944664742411,189.7326630180708,187.74535299795403,188.59420776367188,45155200
2024-02-12 00:00:00-05:00,188.16478368820478,188.4144450637445,186.536986643487,186.89649963378906,41781900
2024-02-13 00:00:00-05:00,185.51837458687666,185.95778103499313,183.2614260557549,184.7893524169922,56529500
2024-02-14 00:00:00-05:00,185.06898708917217,185.27869410596878,182.19288323956735,183.9005584716797,54630500
2024-02-15 00:00:00-05:00,183.30138424771062,184.240113454146,181.10436719922916,183.6109619140625,65434500
2024-02-16 00:00:00-05:00,183.1715463740003,184.59961728947957,181.423916838756,182.06304931640625,49701400
2024-02-20 00:00:00-05:00,181.54375584994284,182.18288835024262,179.75618713817525,181.31407165527344,53665600
2024-02-21 00:00:00-05:00,181.69356890706246,182.64227910636305,180.41530385657126,182.07305908203125,41529700
2024-02-22 00:00:00-05:00,183.23147587149185,184.70948221357625,182.2128684118245,184.12026977539062,52292200
2024-02-23 00:00:00-05:00,184.75939892074908,184.7893570667726,181.98316564301484,182.2727813720703,45119700
2024-02-26 00:00:00-05:00,181.99316607141998,182.51245077328556,180.4053081047406,180.9146270751953,40867400
2024-02-27 00:00:00-05:00,180.8547030249424,183.67087536253175,179.31678044812858,182.38262939453125,54318900
2024-02-28 00:00:00-05:00,182.26277525240613,182.87194958529,179.88600944777951,181.17425537109375,48953900
2024-02-29 00:00:00-05:00,181.0244726521513,182.32271483973864,179.2868240098617,180.5051727294922,136682600
2024-03-01 00:00:00-05:00,179.30680487820328,180.28547321411338,177.1397459439131,179.41665649414062,73488000
2024-03-04 00:00:00-05:00,175.91138901291154,176.66037309653981,173.55458515356978,174.86282348632812,81510100
2024-03-05 00:00:00-05:00,170.52870467118385,171.80696972644216,169.3902493801531,169.8895721435547,95132400
2024-03-06 00:00:00-05:00,170.82828954287993,171.00805364907467,168.45150847753882,168.8909149169922,68587700
2024-03-07 00:00:00-05:00,168.9208783745909,170.49874007583668,168.26178393280134,168.77108764648438,71765100
2024-03-08 00:00:00-05:00,168.77108115758023,173.46471172794804,168.71116486864128,170.4987335205078,76114600
2024-03-11 00:00:00-04:00,172.7057515488056,174.1438034764355,171.81695768216224,172.51600646972656,60139500
2024-03-12 00:00:00-04:00,172.91545260520832,173.79426547249196,170.77835196368503,172.99534606933594,59825400
2024-03-13 00:00:00-04:00,172.53598662218928,172.95541590196297,170.52869942269697,170.89820861816406,52488700
2024-03-14 00:00:00-04:00,172.67579633889267,174.07389393778828,171.81696060296508,172.7656707763672,72913500
2024-03-15 00:00:00-04:00,170.93815173679513,172.3861846923828,170.0593388034746,172.3861846923828,121664700
2024-03-18 00:00:00-04:00,175.33219568304634,177.46929641833623,173.28496938454825,173.4846954345703,75604200
2024-03-19 00:00:00-04:00,174.103843140035,176.37077256576342,172.7956200458163,175.84149169921875,55215200
2024-03-20 00:00:00-04:00,175.4819925290467,178.42799377441406,174.8528409733276,178.42799377441406,53423100
2024-03-21 00:00:00-04:00,176.81019291301712,177.24959938128188,170.60859750977383,171.13787841796875,106181300
2024-03-22 00:00:00-04:00,171.52734618968756,172.8156074225072,169.8296518814187,172.04664611816406,71106600
2024-03-25 00:00:00-04:00,170.3389717851223,171.7071112562591,169.22047845311536,170.61859130859375,54288300
2024-03-26 00:00:00-04:00,169.7697335443843,171.18780831365112,169.35030426655504,169.48013305664062,57388400
2024-03-27 00:00:00-04:00,170.17917536928525,173.3648568036976,169.87957868564428,173.0752410888672,60273300
2024-03-28 00:00:00-04:00,171.51736499268162,171.99671056703528,170.27903908430343,171.2477264404297,65672700
2024-04-01 00:00:00-04:00,170.9581303453955,171.0180466389652,169.25043978805195,169.79969787597656,46240500
2024-04-02 00:00:00-04:00,168.85097800610131,169.11062034274696,168.00212326080046,168.61129760742188,49329500
2024-04-03 00:00:00-04:00,168.56136082635754,170.4488001400144,168.35165381268482,169.42019653320312,47691700
2024-04-04 00:00:00-04:00,170.0593339640827,171.6871309906733,168.59133911132812,168.59133911132812,53704400
2024-04-05 00:00:00-04:00,169.36027698921268,170.15919639108571,168.72114451533827,169.3502960205078,42055200
2024-04-08 00:00:00-04:00,168.80104849688502,168.9708164041663,168.01212525268127,168.22183227539062,37425500
2024-04-09 00:00:00-04:00,168.4714829904534,169.84961857638837,168.1219662286822,169.44017028808594,42451200
2024-04-10 00:00:00-04:00,168.57135701279026,168.86095749196215,166.88364374411555,167.552734375,49709300
2024-04-11 00:00:00-04:00,168.11198039609073,175.2223467426814,167.93223151976522,174.8029022216797,91070300
2024-04-12 00:00:00-04:00,174.02396056517827,178.11841323915218,173.97404048032485,176.3108673095703,101593300
2024-04-15 00:00:00-04:00,175.12246672810386,176.3907507163252,172.26634013147174,172.45608520507812,73531800
2024-04-16 00:00:00-04:00,171.51735860621622,173.5246305050547,168.04207665484262,169.15057373046875,73711200
2024-04-17 00:00:00-04:00,169.38026555932345,170.41885018494213,167.77244567871094,167.77244567871094,50901200
2024-04-18 00:00:00-04:00,167.80240048283883,168.4115748413261,166.3244094241613,166.81373596191406,43122900
2024-04-19 00:00:00-04:00,165.98487225449642,166.17460209603956,163.85775250181075,164.77650451660156,67772100
2024-04-22 00:00:00-04:00,165.2957978276927,167.0334311443882,164.54681374618735,165.6153564453125,48116400
2024-04-23 00:00:00-04:00,165.12603141917054,166.8237256382575,164.69660595141522,166.67391967773438,49537800
2024-04-24 00:00:00-04:00,166.314409667324,169.07068091357843,165.98487007216977,168.7910614013672,48251800
2024-04-25 00:00:00-04:00,169.30036860607288,170.37890756324487,167.92223295444407,169.65988159179688,50558300
2024-04-26 00:00:00-04:00,169.64989490386353,171.10790873595283,168.95083089432222,169.0706787109375,44838400
2024-04-29 00:00:00-04:00,173.135155347243,175.79155587925112,172.86553204943687,173.26498413085938,68169400
2024-04-30 00:00:00-04:00,173.0952254245227,174.75298060286988,169.76973409860494,170.0992889404297,65934800
2024-05-01 00:00:00-04:00,169.35029821950587,172.47606337229135,168.88093363624031,169.0706787109375,50383100
2024-05-02 00:00:00-04:00,172.27632387025395,173.18509490154895,170.65852309137927,172.79562377929688,94214900
2024-05-03 00:00:00-04:00,186.39716669784414,186.74669869974952,182.41258111434803,183.13160705566406,163224100
2024-05-06 00:00:00-04:00,182.1030149635848,183.95050001542788,180.17562120419342,181.46388244628906,78569700
2024-05-07 00:00:00-04:00,183.2015043518014,184.6495372034914,181.07439990990315,182.15292358398438,77305800
2024-05-08 00:00:00-04:00,182.60232902746063,182.82203224839753,181.20421623621485,182.4924774169922,45057100
2024-05-09 00:00:00-04:00,182.31272011600538,184.4098817621062,181.86333268844692,184.32000732421875,48983000
2024-05-10 00:00:00-04:00,184.89999389648438,185.08999633789062,182.1300048828125,183.0500030517578,50759500
2024-05-13 00:00:00-04:00,185.44000244140625,187.10000610351562,184.6199951171875,186.27999877929688,72044800
2024-05-14 00:00:00-04:00,187.50999450683594,188.3000030517578,186.2899932861328,187.42999267578125,52393600
2024-05-15 00:00:00-04:00,187.91000366210938,190.64999389648438,187.3699951171875,189.72000122070312,70400000
2024-05-16 00:00:00-04:00,190.47000122070312,191.10000610351562,189.66000366210938,189.83999633789062,52845200
2024-05-17 00:00:00-04:00,189.50999450683594,190.80999755859375,189.17999267578125,189.8699951171875,41282900
2024-05-20 00:00:00-04:00,189.3300018310547,191.9199981689453,189.00999450683594,191.0399932861328,44361300
2024-05-21 00:00:00-04:00,191.08999633789062,192.72999572753906,190.9199981689453,192.35000610351562,42309400
2024-05-22 00:00:00-04:00,192.27000427246094,192.82000732421875,190.27000427246094,190.89999389648438,34648500
2024-05-23 00:00:00-04:00,190.97999572753906,191.0,186.6300048828125,186.8800048828125,51005900
2024-05-24 00:00:00-04:00,188.82000732421875,190.5800018310547,188.0399932861328,189.97999572753906,36294600
2024-05-28 00:00:00-04:00,191.50999450683594,193.0,189.10000610351562,189.99000549316406,52280100
2024-05-29 00:00:00-04:00,189.61000061035156,192.25,189.50999450683594,190.2899932861328,53068000
2024-05-30 00:00:00-04:00,190.75999450683594,192.17999267578125,190.6300048828125,191.2899932861328,49947900
2024-05-31 00:00:00-04:00,191.44000244140625,192.57000732421875,189.91000366210938,192.25,75158300
2024-06-03 00:00:00-04:00,192.89999389648438,194.99000549316406,192.52000427246094,194.02999877929688,50080500
2024-06-04 00:00:00-04:00,194.63999938964844,195.32000732421875,193.02999877929688,194.35000610351562,47471400
2024-06-05 00:00:00-04:00,195.39999389648438,196.89999389648438,194.8699951171875,195.8699951171875,54156800
2024-06-06 00:00:00-04:00,195.69000244140625,196.5,194.1699981689453,194.47999572753906,41181800
2024-06-07 00:00:00-04:00,194.64999389648438,196.94000244140625,194.13999938964844,196.88999938964844,53103900
2024-06-10 00:00:00-04:00,196.89999389648438,197.3000030517578,192.14999389648438,193.1199951171875,97262100
2024-06-11 00:00:00-04:00,193.64999389648438,207.16000366210938,193.6300048828125,207.14999389648438,172373300
2024-06-12 00:00:00-04:00,207.3699951171875,220.1999969482422,206.89999389648438,213.07000732421875,198134300
2024-06-13 00:00:00-04:00,214.74000549316406,216.75,211.60000610351562,214.24000549316406,97862700
2024-06-14 00:00:00-04:00,213.85000610351562,215.1699981689453,211.3000030517578,212.49000549316406,70122700
2024-06-17 00:00:00-04:00,213.3699951171875,218.9499969482422,212.72000122070312,216.6699981689453,93728300
2024-06-18 00:00:00-04:00,217.58999633789062,218.6300048828125,213.0,214.2899932861328,79943300
2024-06-20 00:00:00-04:00,213.92999267578125,214.24000549316406,208.85000610351562,209.67999267578125,86172500
2024-06-21 00:00:00-04:00,210.38999938964844,211.88999938964844,207.11000061035156,207.49000549316406,246421400
2024-06-24 00:00:00-04:00,207.72000122070312,212.6999969482422,206.58999633789062,208.13999938964844,80727000
2024-06-25 00:00:00-04:00,209.14999389648438,211.3800048828125,208.61000061035156,209.07000732421875,56713900
2024-06-26 00:00:00-04:00,211.5,214.86000061035156,210.63999938964844,213.25,66213200
2024-06-27 00:00:00-04:00,214.69000244140625,215.74000549316406,212.35000610351562,214.10000610351562,49772700
2024-06-28 00:00:00-04:00,215.77000427246094,216.07000732421875,210.3000030517578,210.6199951171875,82542700
2024-07-01 00:00:00-04:00,212.08999633789062,217.50999450683594,211.9199981689453,216.75,60402900
2024-07-02 00:00:00-04:00,216.14999389648438,220.3800048828125,215.10000610351562,220.27000427246094,58046200
2024-07-03 00:00:00-04:00,220.0,221.5500030517578,219.02999877929688,221.5500030517578,37369800
2024-07-05 00:00:00-04:00,221.64999389648438,226.4499969482422,221.64999389648438,226.33999633789062,60412400
2024-07-08 00:00:00-04:00,227.08999633789062,227.85000610351562,223.25,227.82000732421875,59085900
2024-07-09 00:00:00-04:00,227.92999267578125,229.39999389648438,226.3699951171875,228.67999267578125,48076100
2024-07-10 00:00:00-04:00,229.3000030517578,233.0800018310547,229.25,232.97999572753906,62627700
2024-07-11 00:00:00-04:00,231.38999938964844,232.38999938964844,225.77000427246094,227.57000732421875,64710600
2024-07-12 00:00:00-04:00,228.9199981689453,232.63999938964844,228.67999267578125,230.5399932861328,53046500
2024-07-15 00:00:00-04:00,236.47999572753906,237.22999572753906,233.08999633789062,234.39999389648438,62631300
2024-07-16 00:00:00-04:00,235.0,236.27000427246094,232.3300018310547,234.82000732421875,43234300
2024-07-17 00:00:00-04:00,229.4499969482422,231.4600067138672,226.63999938964844,228.8800048828125,57345900
2024-07-18 00:00:00-04:00,230.27999877929688,230.44000244140625,222.27000427246094,224.17999267578125,66034600
2024-07-19 00:00:00-04:00,224.82000732421875,226.8000030517578,223.27999877929688,224.30999755859375,49151500
2024-07-22 00:00:00-04:00,227.00999450683594,227.77999877929688,223.08999633789062,223.9600067138672,48201800
2024-07-23 00:00:00-04:00,224.3699951171875,226.94000244140625,222.67999267578125,225.00999450683594,39960300
2024-07-24 00:00:00-04:00,224.0,224.8000030517578,217.1300048828125,218.5399932861328,61777600
2024-07-25 00:00:00-04:00,218.92999267578125,220.85000610351562,214.6199951171875,217.49000549316406,51391200
2024-07-26 00:00:00-04:00,218.6999969482422,219.49000549316406,216.00999450683594,217.9600067138672,41601300
2024-07-29 00:00:00-04:00,216.9600067138672,219.3000030517578,215.75,218.24000549316406,36311800
2024-07-30 00:00:00-04:00,219.19000244140625,220.3300018310547,216.1199951171875,218.8000030517578,41518300
