Date,Open,High,Low,Close,Volume
2014-01-02 00:00:00-05:00,19.292975038373665,19.32290908980103,19.060979359651153,19.300458908081055,31833300
2014-01-03 00:00:00-05:00,19.35284400054541,19.38277805109409,19.15826767607146,19.2929744720459,27796700
2014-01-06 00:00:00-05:00,19.285487223673268,19.300454960026283,19.04600915163262,19.053491592407227,28682300
2014-01-07 00:00:00-05:00,19.11336181206126,19.255551019810106,19.060974736814906,19.150779724121094,19665100
2014-01-08 00:00:00-05:00,19.188206746543603,19.240592419260285,18.933760827003265,19.031049728393555,29680500
2014-01-09 00:00:00-05:00,19.023563365736383,19.12085082698397,18.896340422626565,18.941242218017578,20878000
2014-01-10 00:00:00-05:00,19.083429130345426,19.345358835261948,19.083429130345426,19.105880737304688,30588800
2014-01-13 00:00:00-05:00,19.18071677961844,19.45013035643248,19.023559811411626,19.08342933654785,40274500
2014-01-14 00:00:00-05:00,19.46509622906269,19.869215128151563,19.382775104614133,19.83928108215332,74142900
2014-01-15 00:00:00-05:00,19.996436618973412,20.29578562216491,19.9141169277574,19.95901870727539,58277700
2014-01-16 00:00:00-05:00,19.936572139907422,20.01140940960962,19.70457788849259,19.861736297607422,48960800
2014-01-17 00:00:00-05:00,18.97865876799411,19.3528436716066,18.896337632430683,19.345359802246094,111758900
2014-01-21 00:00:00-05:00,19.300454227164124,19.307936667654612,18.911301661173727,19.150779724121094,42286400
2014-01-22 00:00:00-05:00,19.001111754339707,19.113368383920747,18.82150314537332,18.941242218017578,48749900
2014-01-23 00:00:00-05:00,18.836475023960382,18.89634457343357,18.634414759212376,18.80653953552246,40241000
2014-01-24 00:00:00-05:00,18.619440407308193,18.851436078163267,18.55208843703011,18.567054748535156,34838700
2014-01-27 00:00:00-05:00,18.53711989190519,18.701760730517318,18.454798758898082,18.49970054626465,32564900
2014-01-28 00:00:00-05:00,18.492214494263095,18.746660304974935,18.38744319364125,18.6344051361084,32453800
2014-01-29 00:00:00-05:00,18.522152273655372,18.679309244157626,18.432347270938305,18.46976661682129,27145700
2014-01-30 00:00:00-05:00,18.522151379801763,18.626922688413813,18.36499441688369,18.514667510986328,24610100
2014-01-31 00:00:00-05:00,18.29764255883777,18.4473156654875,18.260223211623728,18.3649959564209,28623300
2014-02-03 00:00:00-05:00,18.335060937198616,18.34254480682859,17.878554881585384,17.923458099365234,52868200
2014-02-04 00:00:00-05:00,17.95339674380345,17.990816101526953,17.646565147483457,17.826173782348633,50816300
2014-02-05 00:00:00-05:00,17.90549203737108,17.95082199201639,17.754390267202346,17.769500732421875,32476200
2014-02-06 00:00:00-05:00,17.829943022424743,18.192585579650444,17.792166855413672,18.124589920043945,28008400
2014-02-07 00:00:00-05:00,18.28324630247888,18.328576260299446,17.95837848256915,18.290800094604492,30808400
2014-02-10 00:00:00-05:00,18.215252643385504,18.411684403506957,18.177476473546648,18.35124397277832,24571300
2014-02-11 00:00:00-05:00,18.396576086761776,18.525012197205406,18.381465617059302,18.48723602294922,17911700
2014-02-12 00:00:00-05:00,18.517458492885424,18.65344984942044,18.41168807825322,18.547677993774414,25874100
2014-02-13 00:00:00-05:00,18.457014213048843,18.69122070005097,18.366352847201895,18.661001205444336,22922000
2014-02-14 00:00:00-05:00,18.570339924168778,18.706331253051758,18.44190382922524,18.706331253051758,20539700
2014-02-18 00:00:00-05:00,18.638335588610268,18.721441720930653,18.547674222350434,18.706331253051758,17738100
2014-02-19 00:00:00-05:00,18.623226683326237,18.676111884326204,18.44946061117959,18.50990104675293,25686000
2014-02-20 00:00:00-05:00,18.54011898585064,18.774325455683545,18.50989805244592,18.691219329833984,20193800
2014-02-21 00:00:00-05:00,18.849881726403975,18.857435520896974,18.396577683091024,18.449462890625,30579800
2014-02-24 00:00:00-05:00,18.517454319306413,18.796990763834668,18.44190342259133,18.60811424255371,24145500
2014-02-25 00:00:00-05:00,18.638337782446406,18.668557280747667,18.479680733070268,18.600563049316406,21539100
2014-02-26 00:00:00-05:00,18.69122512633596,18.872546459955196,18.593009944339077,18.736555099487305,19820200
2014-02-27 00:00:00-05:00,18.736550747796013,18.736550747796013,18.51745472760618,18.706331253051758,20863900
2014-02-28 00:00:00-05:00,18.728996954870098,18.774326917493248,18.56278469022933,18.706331253051758,23482700
2014-03-03 00:00:00-05:00,18.54767577860615,18.577896716899645,18.358799237312752,18.50990104675293,25728500
2014-03-04 00:00:00-05:00,18.67611082761086,18.7214422324862,18.509899999441977,18.593006134033203,23661200
2014-03-05 00:00:00-05:00,18.661002856193107,18.66855664975283,18.43435014203284,18.50990104675293,21036200
2014-03-06 00:00:00-05:00,18.562784280930064,18.62322471009943,18.419237721272758,18.60811424255371,22371700
2014-03-07 00:00:00-05:00,18.66099874058223,18.774324352162015,18.562782153803305,18.61566734313965,25373400
2014-03-10 00:00:00-04:00,18.59301093142411,18.804551778036785,18.570345223138204,18.76677703857422,24908100
2014-03-11 00:00:00-04:00,18.72144622272628,18.77433143200576,18.59301009689874,18.683670043945312,26656800
2014-03-12 00:00:00-04:00,18.623225120731373,18.796991178298057,18.593005625987118,18.706331253051758,21244800
2014-03-13 00:00:00-04:00,18.736546397470022,18.887648159148487,18.457010011682012,18.562780380249023,26243300
2014-03-14 00:00:00-04:00,18.49479057760618,18.623226683326237,18.43435014203284,18.50990104675293,21807200
2014-03-17 00:00:00-04:00,18.6156698020141,18.75166113027776,18.502344175465556,18.661001205444336,18525800
2014-03-18 00:00:00-04:00,18.64589659682482,18.812107471924367,18.547679966209742,18.751667022705078,26344000
2014-03-19 00:00:00-04:00,18.774327269348625,19.076529427522505,18.713886837713847,18.90276336669922,34229400
2014-03-20 00:00:00-04:00,18.887658366937572,19.333407219678417,18.842328390340832,19.212526321411133,37009100
2014-03-21 00:00:00-04:00,19.348513511988745,19.40139871342814,19.008535158430256,19.016090393066406,56861900
2014-03-24 00:00:00-04:00,19.046307667807724,19.1747437596059,18.82721165298348,18.978313446044922,36950600
2014-03-25 00:00:00-04:00,19.031198173518945,19.39384073873633,19.016087706381523,19.235183715820312,32317400
2014-03-26 00:00:00-04:00,19.333400678272096,19.446726301927495,19.129413691084288,19.17474365234375,26442800
2014-03-27 00:00:00-04:00,19.159638587871385,19.454285558506882,19.106753381963863,19.121862411499023,27201100
2014-03-28 00:00:00-04:00,19.197408729351835,19.499610862945808,19.12941306916651,19.35606575012207,22884500
2014-03-31 00:00:00-04:00,19.37873383825558,19.688491266516312,19.356069574391547,19.499614715576172,29336300
2014-04-01 00:00:00-04:00,19.492060178409922,19.64316200097679,19.371179296761934,19.63560676574707,23778700
2014-04-02 00:00:00-04:00,19.61294189424498,19.680937573190718,19.371180120666278,19.560056686401367,22464700
2014-04-03 00:00:00-04:00,19.75648155197495,19.990688007782044,19.748926319076226,19.952913284301758,38581300
2014-04-04 00:00:00-04:00,20.013356955363754,20.194678251328064,19.726265263673657,19.764039993286133,47918000
2014-04-07 00:00:00-04:00,19.869812488306337,20.202235619869008,19.794263021099397,20.01335906982422,49813500
2014-04-08 00:00:00-04:00,19.91515282716543,20.38356607433036,19.90759758885446,20.33068084716797,56699500
2014-04-09 00:00:00-04:00,20.345787344859662,20.413783035346388,20.194685490219364,20.383562088012695,34481800
2014-04-10 00:00:00-04:00,20.406220609739822,20.466661042100963,19.915141916678863,19.968027114868164,40478200
2014-04-11 00:00:00-04:00,19.847143759807803,20.088905458917097,19.7715928685828,19.77914810180664,36121100
2014-04-14 00:00:00-04:00,19.877371355504483,20.13424362578583,19.74893522036381,20.066247940063477,26957900
2014-04-15 00:00:00-04:00,20.02847319323704,20.270234990834023,19.915147530740203,20.224905014038086,45074400
2014-04-16 00:00:00-04:00,20.3835541473828,20.579985905487476,20.096462464622746,20.345779418945312,59033600
2014-04-17 00:00:00-04:00,20.308004107238837,20.519546342058778,20.24000988138221,20.42888641357422,38108500
2014-04-21 00:00:00-04:00,20.43643506116083,20.43643506116083,20.194673391389447,20.360885620117188,20398600
2014-04-22 00:00:00-04:00,20.330671457620625,20.383556660358437,20.14179491012061,20.277786254882812,29601600
2014-04-23 00:00:00-04:00,20.24756400677578,20.376000108414114,20.187123573123245,20.209789276123047,25574300
2014-04-24 00:00:00-04:00,20.255119241109046,20.368444874080847,20.12668313947071,20.209789276123047,25432800
2014-04-25 00:00:00-04:00,20.134244728957878,20.187129944969783,19.786712486014462,19.839597702026367,33614400
2014-04-28 00:00:00-04:00,19.77159616580902,19.937807001411596,19.650715296095576,19.89247703552246,33472800
2014-04-29 00:00:00-04:00,19.915138427691783,20.141789649085023,19.907583194843564,20.00579833984375,22146000
2014-04-30 00:00:00-04:00,19.884926966106267,20.172020187007774,19.809376042657764,20.164464950561523,25863900
2014-05-01 00:00:00-04:00,20.028472828754218,20.14935372535289,19.937811435798235,19.983142852783203,19755200
2014-05-02 00:00:00-04:00,20.06623889575594,20.126679317932396,19.945358051403034,19.952913284301758,24235200
2014-05-05 00:00:00-04:00,19.93386429813479,20.010064376330753,19.80432460122033,19.941484451293945,20738900
2014-05-06 00:00:00-04:00,19.933871031120784,20.101510097058217,19.81195144618518,19.964351654052734,21818000
2014-05-07 00:00:00-04:00,20.010065187001985,20.154845196100254,19.979584573130488,20.09388542175293,24692800
2014-05-08 00:00:00-04:00,20.055789352580074,20.21580970609964,19.979589253446758,20.071029663085938,24166900
2014-05-09 00:00:00-04:00,20.093879847319062,20.124358999339382,19.979579030405898,20.040538787841797,20324400
2014-05-12 00:00:00-04:00,20.12436458222876,20.223425123915455,20.040544347477812,20.09388542175293,20607800
2014-05-13 00:00:00-04:00,20.185327263620252,20.223428036446805,20.063407697367026,20.154848098754883,20525000
2014-05-14 00:00:00-04:00,20.185327465421324,20.2081879293458,20.06340789794922,20.06340789794922,17811900
2014-05-15 00:00:00-04:00,20.06340390576139,20.192943602099362,19.819564819335938,19.819564819335938,31752700
2014-05-16 00:00:00-04:00,19.850048631487255,19.865288941310226,19.613829642815006,19.674789428710938,30017200
2014-05-19 00:00:00-04:00,19.62144432212217,19.8805237032296,19.62144432212217,19.842424392700195,22679600
2014-05-20 00:00:00-04:00,19.827184087130224,19.941483472113962,19.720503401535936,19.842424392700195,22292600
2014-05-21 00:00:00-04:00,19.888151550118955,20.002450979321576,19.81195144618518,19.964351654052734,18721300
2014-05-22 00:00:00-04:00,19.971969937807287,20.017690871246973,19.872910822146775,19.926250457763672,15926500
2014-05-23 00:00:00-04:00,19.926245859436804,20.040545259867308,19.918625705622006,20.032926559448242,17172200
2014-05-27 00:00:00-04:00,20.063409582237167,20.375828681785954,19.94911015981132,20.352968215942383,27271900
2014-05-28 00:00:00-04:00,20.345349272443904,20.52822863683266,20.314868651681117,20.482507705688477,27150100
2014-05-29 00:00:00-04:00,20.50536534334136,20.54346466064453,20.36058532147688,20.54346466064453,20638900
2014-05-30 00:00:00-04:00,20.52822477985059,20.81778335571289,20.520604626091618,20.81778335571289,43641000
2014-06-02 00:00:00-04:00,20.81016543582192,20.840646054129746,20.665386859047363,20.772066116333008,20264900
2014-06-03 00:00:00-04:00,20.7415828437044,21.10734294961227,20.665384214477797,21.076862335205078,33256300
2014-06-04 00:00:00-04:00,20.962565159536748,21.15306465958336,20.95494500512738,21.031145095825195,21612500
2014-06-05 00:00:00-04:00,21.000662252582785,21.076862335205078,20.901603162550785,21.076862335205078,26546200
2014-06-06 00:00:00-04:00,21.16830397081098,21.49596187459723,21.130203200559716,21.465482711791992,34795600
2014-06-09 00:00:00-04:00,21.41214069122097,21.65597977996498,21.206400915069857,21.26736068725586,39933000
2014-06-10 00:00:00-04:00,21.221644864903773,21.58740356081508,21.122584309722047,21.518823623657227,34256900
2014-06-11 00:00:00-04:00,21.442621177044238,21.4959607993321,21.18354176587832,21.282602310180664,27747700
2014-06-12 00:00:00-04:00,21.22926325162212,21.412142584349176,21.160683320175004,21.305461883544922,31211400
2014-06-13 00:00:00-04:00,22.669437222977095,22.905656161879186,22.5246572169552,22.76087760925293,122194300
2014-06-16 00:00:00-04:00,22.646581211241873,22.974240600777808,22.608481890624358,22.86756134033203,36407800
2014-06-17 00:00:00-04:00,22.7684954005446,22.93613585979436,22.738016241932737,22.821836471557617,28440600
2014-06-18 00:00:00-04:00,22.76850170247241,22.8447018001863,22.608482805329622,22.806602478027344,34412300
2014-06-19 00:00:00-04:00,22.837081701822274,22.92852210998535,22.77612191417888,22.92852210998535,27166600
2014-06-20 00:00:00-04:00,22.913281889322576,23.01234245300293,22.88280272207969,23.01234245300293,39826400
2014-06-23 00:00:00-04:00,22.936137216229945,23.096156078545732,22.745637740104108,23.03519630432129,26528900
2014-06-24 00:00:00-04:00,22.981854987267994,23.492393603738417,22.928515370433043,23.240934371948242,53397600
2014-06-25 00:00:00-04:00,23.22569770096422,23.621936992885676,23.20283869211215,23.53049659729004,44293300
2014-06-26 00:00:00-04:00,23.47715511910841,23.545735047043333,23.324756409671878,23.454296112060547,26722300
2014-06-27 00:00:00-04:00,23.522874514355703,23.62193359639492,23.393334820368683,23.568593978881836,30776300
2014-06-30 00:00:00-04:00,23.52287539909253,23.621934484857537,23.36285508713906,23.545734405517578,21558400
2014-07-01 00:00:00-04:00,23.614317236730557,23.690517325445015,23.522878292989855,23.60669708251953,28240000
2014-07-02 00:00:00-04:00,23.614317236730557,23.66003670860091,23.46953721351267,23.60669708251953,16831200
2014-07-03 00:00:00-04:00,23.68289914614329,23.896259121656627,23.637179670460405,23.728618621826172,20437600
2014-07-07 00:00:00-04:00,23.690517751501176,23.774337995934104,23.560978034375665,23.644798278808594,22233400
2014-07-08 00:00:00-04:00,23.621938671464505,23.68289845506148,23.393339846324814,23.4619197845459,37608700
2014-07-09 00:00:00-04:00,23.500017138540404,23.606696387562632,23.38571773553148,23.538116455078125,28302400
2014-07-10 00:00:00-04:00,23.317140234238504,23.873398452704475,23.195220664530783,23.820058822631836,32455100
2014-07-11 00:00:00-04:00,23.820057211761014,23.964837236021413,23.652418178098742,23.812437057495117,20045000
2014-07-14 00:00:00-04:00,23.934355773180616,24.06389548433163,23.88101614860004,23.995315551757812,24244600
2014-07-15 00:00:00-04:00,24.06389713583004,24.23153617507341,23.743857912986616,24.16295623779297,61006100
2014-07-16 00:00:00-04:00,25.38215144349265,26.471808687977667,25.30594990837297,26.403228759765625,135834600
2014-07-17 00:00:00-04:00,26.060341404742253,26.182261011620877,25.62600262356261,25.67934226989746,70591100
2014-07-18 00:00:00-04:00,25.755540934149334,25.786021562567168,25.443121759848314,25.67934226989746,46528800
2014-07-21 00:00:00-04:00,25.565036479219202,26.08319543609023,25.55741777696764,25.953657150268555,32097200
2014-07-22 00:00:00-04:00,26.029851039266884,26.540391200511962,25.961271104376998,26.509910583496094,42915100
2014-07-23 00:00:00-04:00,26.426092682229154,26.448951693621222,26.13653260849811,26.28893280029297,26077000
2014-07-24 00:00:00-04:00,26.197493098746097,26.418470318397734,25.984131673618176,26.098432540893555,33180400
2014-07-25 00:00:00-04:00,26.022233900571173,26.18987149063878,25.854593403711764,26.098432540893555,31614000
2014-07-28 00:00:00-04:00,26.083181381225586,26.151761291704155,25.81648334424816,26.083181381225586,30972200
2014-07-29 00:00:00-04:00,26.113663165155003,26.18986177721648,25.976503338011767,26.052701950073242,26141700
2014-07-30 00:00:00-04:00,26.144149596537815,26.342267776104674,25.938409809992592,26.17462730407715,32782800
2014-07-31 00:00:00-04:00,25.976519795337357,26.09843939595185,25.76316122096013,25.824119567871094,35431200
2014-08-01 00:00:00-04:00,25.71743849648927,25.930797056064364,25.61075921670172,25.709819793701172,33472400
2014-08-04 00:00:00-04:00,25.747907689146665,25.976506459592386,25.56502692871544,25.946025848388672,27250100
2014-08-05 00:00:00-04:00,25.896174507517184,25.91151619502396,25.006377115017994,25.175132751464844,49845100
2014-08-06 00:00:00-04:00,25.006374414091916,25.458943905213093,24.84529110186083,25.19814109802246,27923900
2014-08-07 00:00:00-04:00,25.25951000172285,25.428265634375197,24.96035441738652,25.0677433013916,27820100
2014-08-08 00:00:00-04:00,25.144442769587528,25.313198361692763,24.960348420133567,25.006370544433594,35484000
2014-08-11 00:00:00-04:00,25.17512688878826,25.497296399149715,25.16745750988473,25.328540802001953,27718600
2014-08-12 00:00:00-04:00,25.24417007578881,25.428267408447017,25.067745050310602,25.412925720214844,24805600
2014-08-13 00:00:00-04:00,25.49730171002144,26.19533238071695,25.48962940339282,26.1569766998291,36291000
2014-08-14 00:00:00-04:00,26.118612780692214,26.256684979712283,25.880824047144827,26.03423500061035,25458000
2014-08-15 00:00:00-04:00,26.156979837557778,26.241357663828605,25.857824217963373,26.210674285888672,28577600
2014-08-18 00:00:00-04:00,26.2797027758052,26.440789000049826,26.06492504498187,26.394763946533203,27232200
2014-08-19 00:00:00-04:00,26.463798811933984,26.463798811933984,26.27203215387649,26.341068267822266,29281900
2014-08-20 00:00:00-04:00,26.25669775305964,26.471475533297475,26.218344996035423,26.46380615234375,27140300
2014-08-21 00:00:00-04:00,26.433114967593603,26.993073247886137,26.42544558890551,26.962392807006836,37164900
2014-08-22 00:00:00-04:00,27.000750488793567,27.000750488793567,26.778300426521987,26.801311492919922,21196700
2014-08-25 00:00:00-04:00,26.91636922016826,26.962394273180376,26.578860943127324,26.70159149169922,18614500
2014-08-26 00:00:00-04:00,26.68625075612024,26.885686807342328,26.609542331706216,26.693920135498047,19664700
2014-08-27 00:00:00-04:00,26.76296192322568,26.80131468049282,26.56352582975988,26.686256408691406,17168900
2014-08-28 00:00:00-04:00,26.5481797727055,26.701593702655178,26.5481797727055,26.5788631439209,18908900
2014-08-29 00:00:00-04:00,26.701599602269813,26.801316191560865,26.594207779288098,26.785974502563477,32302800
2014-09-02 00:00:00-04:00,26.66323773148346,26.77829890920846,26.410107237066686,26.51749610900879,32094800
2014-09-03 00:00:00-04:00,26.70926278779892,26.755287844114378,26.425448922505172,26.51749610900879,26668800
2014-09-04 00:00:00-04:00,26.486820702337212,26.916379245394996,26.47915132037555,26.77830696105957,27632400
2014-09-05 00:00:00-04:00,26.785969071881844,26.939383004624062,26.716935874581605,26.847335815429688,20841900
2014-09-08 00:00:00-04:00,26.816647123773333,27.276888830697306,26.75528331852622,27.1004638671875,24859600
2014-09-09 00:00:00-04:00,27.06979321978193,27.06979321978193,26.732281890905035,26.77830696105957,22333100
2014-09-10 00:00:00-04:00,26.732268063515214,26.947048687011918,26.594195850598283,26.8626708984375,19964200
2014-09-11 00:00:00-04:00,26.686245943294015,26.8626708984375,26.486807001913263,26.8626708984375,21949000
2014-09-12 00:00:00-04:00,26.77062974707406,26.77829912679197,26.46380188806585,26.555849075317383,26732600
2014-09-15 00:00:00-04:00,26.624883879395032,26.670908933806288,26.256692222486517,26.494483947753906,22438000
2014-09-16 00:00:00-04:00,26.44079580273731,26.90870705909559,26.44079580273731,26.79364585876465,20875700
2014-09-17 00:00:00-04:00,26.778308185199727,27.00075831192343,26.64790820299306,26.832002639770508,26278900
2014-09-18 00:00:00-04:00,26.939378958818093,26.977731704711914,26.739942924494052,26.977731704711914,23809600
2014-09-19 00:00:00-04:00,26.970067574659872,27.016092634365616,26.709264755249023,26.709264755249023,46851900
2014-09-22 00:00:00-04:00,26.678581907414188,26.870348604106074,26.50215689759296,26.624887466430664,25447700
2014-09-23 00:00:00-04:00,26.624883432112348,26.624883432112348,26.37175295242083,26.402433395385742,25690700
2014-09-24 00:00:00-04:00,26.38710066565964,26.732278405363328,26.36408667051901,26.65557289123535,18829000
2014-09-25 00:00:00-04:00,26.601871181113914,26.68624897928768,25.98821845729609,26.187654495239258,34639700
2014-09-26 00:00:00-04:00,26.279706954956055,26.356415389682383,25.79645698375435,26.279706954956055,25882300
2014-09-29 00:00:00-04:00,26.126291855088954,26.839664092865718,26.034241747801733,26.770627975463867,29003100
2014-09-30 00:00:00-04:00,26.77063150152335,26.84733700823874,26.3947674959119,26.709264755249023,35274600
2014-10-01 00:00:00-04:00,26.54817607948299,26.678575999817,25.957534433326,26.072595596313477,35086600
2014-10-02 00:00:00-04:00,26.049590279566587,26.080273656727552,25.512642883761323,25.712081909179688,32910800
2014-10-03 00:00:00-04:00,25.81947279781863,26.21834795334287,25.67373113423652,26.103286743164062,25834600
2014-10-06 00:00:00-04:00,26.195329519589546,26.448460014261496,25.98054884936152,26.16464614868164,24321100
2014-10-07 00:00:00-04:00,26.11094712327075,26.118616501586068,25.635363736170973,25.67371940612793,25972100
2014-10-08 00:00:00-04:00,25.68906344468659,26.364079991154526,25.420588361001492,26.28737449645996,34960600
2014-10-09 00:00:00-04:00,26.195329468164335,26.410107211843417,25.758101675030606,25.788782119750977,28185700
2014-10-10 00:00:00-04:00,25.021719023386254,25.20581634896487,23.395538172973986,24.477102279663086,80917600
2014-10-13 00:00:00-04:00,24.331350223445256,24.829943183909396,24.139583587646484,24.139583587646484,42110200
2014-10-14 00:00:00-04:00,24.538458985806674,25.06006301565605,24.3236798231181,24.653518676757812,68671000
2014-10-15 00:00:00-04:00,23.42621584887443,24.277658822973905,22.743525545527675,23.993844985961914,92305200
2014-10-16 00:00:00-04:00,23.694694822523275,24.17027691917643,23.587305930370338,23.664012908935547,47787400
2014-10-17 00:00:00-04:00,23.932482046470938,24.32368478286067,23.756055590437228,24.070552825927734,37504500
2014-10-20 00:00:00-04:00,23.809753211403436,24.316017161885004,23.702362868862913,24.223968505859375,30523700
2014-10-21 00:00:00-04:00,24.29300445542606,25.02171700281858,24.223968329674886,25.014047622680664,33278400
2014-10-22 00:00:00-04:00,25.05239996466295,25.213483280064096,24.714891647709013,24.753244400024414,26725600
2014-10-23 00:00:00-04:00,25.098422925915035,25.244164542986486,25.00637281669678,25.075408935546875,22254900
2014-10-24 00:00:00-04:00,25.09842110904984,25.5663322222589,24.98335994391985,25.451271057128906,27814300
2014-10-27 00:00:00-04:00,25.374560888021502,25.543313526017485,25.13676922276958,25.46660804748535,23751900
2014-10-28 00:00:00-04:00,25.489628880999188,25.88850395981159,25.489628880999188,25.880834579467773,21857800
2014-10-29 00:00:00-04:00,25.896171266385455,26.057257501981415,25.70440458574356,26.018901824951172,24615200
2014-10-30 00:00:00-04:00,25.758102191225802,25.78111325675905,24.85296321597159,24.99103546142578,55217900
2014-10-31 00:00:00-04:00,25.880834757949952,26.087940216064453,25.029390153663915,26.087940216064453,52089700
2014-11-03 00:00:00-05:00,25.934532204227125,26.448465608057507,25.919190515528438,26.318065643310547,28703600
2014-11-04 00:00:00-05:00,26.27203390729027,26.678578313144577,26.241350537682766,26.494483947753906,34695900
2014-11-05 00:00:00-05:00,26.289876174514557,26.328480397145825,25.94243228020636,26.065967559814453,34705500
2014-11-06 00:00:00-05:00,26.01192371277349,26.4288564284783,25.79573768773264,26.11229705810547,25240600
2014-11-07 00:00:00-05:00,26.235832996557054,26.251275276628018,25.625876187665984,25.9269962310791,27604500
2014-11-10 00:00:00-05:00,25.811180008805433,25.857506847951473,25.54094747707111,25.679922103881836,30653600
2014-11-11 00:00:00-05:00,25.757129152973935,25.896106701629872,25.633593881425675,25.718524932861328,19676600
2014-11-12 00:00:00-05:00,25.656755957469144,25.803453172782998,25.47917418777978,25.772571563720703,22864200
2014-11-13 00:00:00-05:00,25.749412490564367,26.143183284498818,25.741692822883678,26.00420570373535,26449300
2014-11-14 00:00:00-05:00,26.058253319264086,26.228115468586438,25.74941358328054,26.21267318725586,18104600
2014-11-17 00:00:00-05:00,26.112298655249486,26.4443003256196,26.065971813344166,26.436580657958984,17646300
2014-11-18 00:00:00-05:00,26.397974700367946,26.94616537958119,26.37481275100471,26.79946517944336,30674800
2014-11-19 00:00:00-05:00,26.784014349621234,26.861225731712317,26.444293104359684,26.521501541137695,21289600
2014-11-20 00:00:00-05:00,26.359372707682788,27.7723106450847,26.251279674391455,27.756868362426758,61994700
2014-11-21 00:00:00-05:00,27.780019851917256,28.150625660196475,27.409414043638037,27.47890281677246,56721600
2014-11-24 00:00:00-05:00,27.710537805685227,28.12747054570475,27.67193357686428,27.988492965698242,33321100
2014-11-25 00:00:00-05:00,28.07341842952582,28.166069149254856,27.911278933671692,28.04253387451172,29093200
2014-11-26 00:00:00-05:00,28.081137737826907,28.559839498506303,28.011648962587202,28.4903507232666,24060000
2014-11-28 00:00:00-05:00,28.59845006981577,29.100310939936055,28.521238666118414,28.760589599609375,19128500
2014-12-01 00:00:00-05:00,28.729698947020815,29.046258271780104,28.490351009588956,28.698814392089844,30904000
2014-12-02 00:00:00-05:00,28.706539915478636,29.030818939208984,28.706539915478636,29.030818939208984,28361100
2014-12-03 00:00:00-05:00,29.092584977855278,29.25472447256896,28.88411865094629,28.899560928344727,30660800
2014-12-04 00:00:00-05:00,28.876417020464373,28.922740936279297,28.598461744314445,28.922740936279297,23359100
2014-12-05 00:00:00-05:00,29.007660924456072,29.26245414504273,28.969056694301297,29.084869384765625,20527600
2014-12-08 00:00:00-05:00,28.92272669804263,29.13119305253013,28.52123626850896,28.721982955932617,28134800
2014-12-09 00:00:00-05:00,28.31277903681966,28.637061118948825,28.027104138390452,28.482641220092773,28487300
2014-12-10 00:00:00-05:00,28.513514074744133,28.58300285341561,28.027092624043796,28.11974334716797,27499900
2014-12-11 00:00:00-05:00,28.181511945355243,28.72969955303353,28.13518511198159,28.3359317779541,25088200
2014-12-12 00:00:00-05:00,28.142909376838656,28.42858416947535,27.965327589777278,27.973047256469727,29322500
2014-12-15 00:00:00-05:00,28.096582165164577,28.397699232474512,27.718256650708206,27.73369598388672,30633400
2014-12-16 00:00:00-05:00,27.687377846599176,28.181519079761177,27.45574951171875,27.45574951171875,31166300
2014-12-17 00:00:00-05:00,27.5020795515269,28.05027036568515,27.278173780165357,27.98078155517578,31637700
2014-12-18 00:00:00-05:00,28.374545227192424,28.583011627197266,28.12747459281208,28.583011627197266,32128100
2014-12-19 00:00:00-05:00,28.58300815474029,28.691101175985533,27.9730513116405,28.081144332885742,76786800
2014-12-22 00:00:00-05:00,28.096577683195033,28.768300491218778,28.096577683195033,28.72969627380371,29227100
2014-12-23 00:00:00-05:00,28.8763989849037,29.108027255253713,28.799187597911526,28.899560928344727,22169700
2014-12-24 00:00:00-05:00,28.93045249202261,29.030822901458944,28.70654383346961,28.90728759765625,12109100
2014-12-26 00:00:00-05:00,28.969059880697664,29.1389220464391,28.969059880697664,28.99222183227539,14037200
2014-12-29 00:00:00-05:00,28.915005497484316,28.969052000005817,28.698816542084813,28.706539154052734,12203300
2014-12-30 00:00:00-05:00,28.629332900477024,28.71426102143885,28.382259368896484,28.382259368896484,15214100
2014-12-31 00:00:00-05:00,28.281878075637415,28.59843732645416,28.019365310668945,28.019365310668945,20393600
2015-01-02 00:00:00-05:00,28.312767518730272,28.691095969751764,27.880395512206732,28.07341957092285,23605600
2015-01-05 00:00:00-05:00,27.949892477679636,28.142916592932515,27.749145748440657,27.756868362426758,32785000
2015-01-06 00:00:00-05:00,27.85723082757576,27.973043484225858,27.224109267573485,27.239551544189453,30847600
2015-01-07 00:00:00-05:00,27.51751185052895,27.84951349744375,27.231837042246568,27.810909271240234,27725200
2015-01-08 00:00:00-05:00,28.081149715706612,28.567571349865354,27.996218626929668,28.32822036743164,31765400
2015-01-09 00:00:00-05:00,28.389981981456287,28.652494847529002,28.10430716833159,28.382259368896484,22850500
2015-01-12 00:00:00-05:00,28.49036315747433,28.567571632409088,27.97305695040499,28.258731842041016,29400800
2015-01-13 00:00:00-05:00,28.46719532422359,28.94589724447893,28.01938091419846,28.181520462036133,31478000
2015-01-14 00:00:00-05:00,28.050249758423213,28.49806391747203,27.725967899176595,28.065689086914062,34250300
2015-01-15 00:00:00-05:00,28.20467824713938,28.47491373226836,27.81863007865266,27.94216537475586,47181800
2015-01-16 00:00:00-05:00,27.88811492735338,28.30504759729897,27.41713575707929,28.142908096313477,62812200
2015-01-20 00:00:00-05:00,27.87267938500359,28.150634565470646,27.463469227823808,27.864959716796875,35929400
2015-01-21 00:00:00-05:00,27.679653223159907,28.320494613286208,27.61788704615679,28.166074752807617,27442600
2015-01-22 00:00:00-05:00,28.227842947260044,28.56756427289503,27.903560956382943,28.498075485229492,31809900
2015-01-23 00:00:00-05:00,28.536675876608733,28.59072237693723,28.088861595984977,28.142908096313477,27427100
2015-01-26 00:00:00-05:00,27.942161922488435,28.027092980312446,27.46346307739623,27.648767471313477,30906800
2015-01-27 00:00:00-05:00,26.56010881529674,26.807179348389568,25.90382531870204,26.397966384887695,58456200
2015-01-28 00:00:00-05:00,26.614161625505155,26.791743429221288,26.035089373916712,26.08141326904297,34929100
2015-01-29 00:00:00-05:00,26.127741078786226,26.467462418675012,25.83434363574225,26.413415908813477,29569400
2015-01-30 00:00:00-05:00,26.019646625807148,26.243555265936326,25.47917861164882,25.51006317138672,38719700
2015-02-02 00:00:00-05:00,25.525511528000724,26.058257056396073,25.208952078609673,25.981048583984375,38733800
2015-02-03 00:00:00-05:00,26.081419510366178,26.289885924262,25.178067995465437,26.0196533203125,36038300
2015-02-04 00:00:00-05:00,26.18294750412221,26.31514688800622,25.895223621230667,26.12851333618164,25052800
2015-02-05 00:00:00-05:00,26.190716904766656,26.43178454533631,26.01186141651383,26.392900466918945,20491400
2015-02-06 00:00:00-05:00,26.37735803343665,26.43957021076489,25.77080413668575,25.895225524902344,29342400
2015-02-09 00:00:00-05:00,25.661930422146696,25.848563948631952,25.405309694034383,25.60749626159668,28705500
2015-02-10 00:00:00-05:00,25.817468193548127,26.229613564411814,25.70082182203101,26.20628547668457,20200000
2015-02-11 00:00:00-05:00,26.182949240531357,26.252936456302052,25.910778382778588,26.08963394165039,18364200
2015-02-12 00:00:00-05:00,26.424018318495385,26.540664672851562,26.25293778982366,26.540664672851562,20056700
2015-02-13 00:00:00-05:00,26.633976500976768,26.72729179242089,26.40068678914665,26.71951675415039,18037900
2015-02-17 00:00:00-05:00,26.750620778372426,27.022791593457388,26.64174948589904,27.015016555786133,19374100
2015-02-18 00:00:00-05:00,26.945030375632623,26.991686536313164,26.587316333924562,26.64952850341797,19992900
2015-02-19 00:00:00-05:00,26.633978937317423,26.766175365085946,26.47845145972394,26.602872848510742,11017500
2015-02-20 00:00:00-05:00,26.556216321756025,26.882821350479112,26.369582757885787,26.758399963378906,20955600
2015-02-23 00:00:00-05:00,26.750618074905685,26.82838030951705,26.112958258487364,26.2529296875,25565500
2015-02-24 00:00:00-05:00,26.136293027877887,26.820612140148942,26.058527806915347,26.758399963378906,29607500
2015-02-25 00:00:00-05:00,26.462897380126627,26.55621564289617,26.229607656082344,26.40068817138672,24686300
2015-02-26 00:00:00-05:00,26.144075026433786,26.3462616883196,25.996325516933116,26.16740608215332,25928400
2015-02-27 00:00:00-05:00,26.151846130460164,26.159621169353848,25.825238134567993,25.85634422302246,24427300
2015-03-02 00:00:00-05:00,25.887457551044733,26.540670759063826,25.755258121362896,26.486236572265625,25406400
2015-03-03 00:00:00-05:00,26.400682999030696,26.735065959010615,26.369576917535074,26.51732635498047,27332000
2015-03-04 00:00:00-05:00,26.33069528285172,26.758393512497197,26.22182696618987,26.532878875732422,23005800
2015-03-05 00:00:00-05:00,26.641755764934054,26.828389343864142,26.120742091422724,26.229610443115234,21225800
2015-03-06 00:00:00-05:00,26.081860501644183,26.190728851419195,25.724149361971982,25.8096866607666,32373100
2015-03-09 00:00:00-04:00,25.81746470109191,25.871898876052196,25.257566939854623,25.44420051574707,33058800
2015-03-10 00:00:00-04:00,25.070927972192674,25.203124362612815,24.495477357606198,24.651004791259766,50278900
2015-03-11 00:00:00-04:00,24.86096276318055,25.630820378881054,24.84541120772655,25.140913009643555,49683600
2015-03-12 00:00:00-04:00,24.11444344891598,24.573247873599005,23.780060412294127,23.951139450073242,107402400
2015-03-13 00:00:00-04:00,23.81893963855333,24.09111195941896,23.60897948997226,24.052230834960938,47954700
2015-03-16 00:00:00-04:00,24.052230053461727,24.192204470114312,23.834491907199958,23.97446632385254,33074600
2015-03-17 00:00:00-04:00,23.78005764622871,23.89670249856558,23.647859751388317,23.78783416748047,29215600
2015-03-18 00:00:00-04:00,23.647863520546373,24.262195448373962,23.562323256362784,24.021127700805664,39834100
2015-03-19 00:00:00-04:00,23.935591796217658,24.184434612960995,23.86560456860607,23.90448570251465,27414200
2015-03-20 00:00:00-04:00,24.098887886476284,24.588798348593127,24.05223024163366,24.34773063659668,64777100
2015-03-23 00:00:00-04:00,24.332180893909054,24.720998090808436,24.26219367980957,24.26219367980957,29694000
2015-03-24 00:00:00-04:00,24.23109093924129,24.355512340778287,23.904484389401656,23.94336700439453,28471400
2015-03-25 00:00:00-04:00,23.95891191353484,24.021122597026793,23.220160232470402,23.243488311767578,37691000
2015-03-26 00:00:00-04:00,22.94021321215582,23.64008382706916,22.79246227108107,23.3912410736084,45450100
2015-03-27 00:00:00-04:00,23.336811566717415,25.661938548088074,23.21239016514187,24.88430404663086,73857200
2015-03-30 00:00:00-04:00,24.619903916118485,24.962061969340482,24.33995506964608,24.46437644958496,51391500
2015-03-31 00:00:00-04:00,24.44104888501295,24.82986607635399,24.26219333296884,24.316627502441406,32098500
2015-04-01 00:00:00-04:00,24.207756556693845,24.35550749784727,23.834492426303957,23.958913803100586,31532100
2015-04-02 00:00:00-04:00,23.95113728164832,24.285520287996693,23.85004546920849,23.958913803100586,20909600
2015-04-06 00:00:00-04:00,23.958914573729956,24.301074112536025,23.678967208543046,24.137771606445312,21490900
2015-04-07 00:00:00-04:00,24.161100292465235,24.565470531781617,24.10666612240724,24.30885124206543,23258300
2015-04-08 00:00:00-04:00,24.285519949066583,24.542139220530714,24.15332205266265,24.34773063659668,18250300
2015-04-09 00:00:00-04:00,23.857825741411766,24.58880255742559,23.772285475208644,24.29330062866211,34167600
2015-04-10 00:00:00-04:00,24.363283605284654,24.837641023273243,24.363283605284654,24.829864501953125,28084900
2015-04-13 00:00:00-04:00,24.736549987453756,24.923182066514247,24.658786250373574,24.674339294433594,23489000
2015-04-14 00:00:00-04:00,24.635460008582367,24.837645146812758,24.316629997624453,24.487709045410156,39754000
2015-04-15 00:00:00-04:00,25.086479409573343,25.654155018236043,24.938729971111638,25.529733657836914,61083500
2015-04-16 00:00:00-04:00,25.5452894696901,25.65416078012601,25.428646086740034,25.560842514038086,28903200
2015-04-17 00:00:00-04:00,25.280891403795987,25.428643828762,25.055379696874585,25.249788284301758,30593600
2015-04-20 00:00:00-04:00,25.358651965141938,25.498626359718397,25.296439804690586,25.451967239379883,20649300
2015-04-21 00:00:00-04:00,25.607500433755032,25.638606520977145,25.1020368989348,25.21868324279785,19023800
2015-04-22 00:00:00-04:00,25.203127613385963,25.44419531496456,24.907625747973395,25.42864227294922,21144200
2015-04-23 00:00:00-04:00,24.9154083798766,25.203132294502318,24.892077329300463,25.15647315979004,23775300
2015-04-24 00:00:00-04:00,25.203128097020254,25.257562261898784,24.899851188000024,24.946510314941406,22759900
2015-04-27 00:00:00-04:00,24.946508287998416,25.42086269104934,24.946508287998416,25.273113250732422,25869600
2015-04-28 00:00:00-04:00,25.11759247371353,25.69304327955338,25.063158298809224,25.677490234375,29572800
2015-04-29 00:00:00-04:00,25.319779112612892,25.661937207460614,25.312001106798142,25.576396942138672,21819000
2015-04-30 00:00:00-04:00,25.436423582367574,25.5452919368782,25.11759355854067,25.312002182006836,22013300
2015-05-01 00:00:00-04:00,25.37420613106919,26.042972053397932,25.366428127448135,25.988534927368164,27091200
2015-05-04 00:00:00-04:00,25.871895530763034,26.050751077711876,25.83301440602453,25.99631690979004,21397300
2015-05-05 00:00:00-04:00,25.84749824107859,25.92582279816815,25.510697267390885,25.56552505493164,29779200
2015-05-06 00:00:00-04:00,25.455870069427014,25.68301547329406,25.00941351031753,25.23655891418457,31985400
2015-05-07 00:00:00-04:00,25.27572264729885,25.557695856193405,25.20522934507521,25.252225875854492,21475300
2015-05-08 00:00:00-04:00,25.46370387760803,25.753511347903284,25.33055151657294,25.69084930419922,26926500
2015-05-11 00:00:00-04:00,25.596859290220667,25.620356062722806,25.40104488499431,25.604690551757812,18358600
2015-05-12 00:00:00-04:00,25.408873398226955,25.45586992603864,25.064241157945737,25.260055541992188,24530200
2015-05-13 00:00:00-04:00,25.27572060823187,25.769173683989028,25.27572060823187,25.56552505493164,20470800
2015-05-14 00:00:00-04:00,25.737834903314607,25.949314729141257,25.667341628039058,25.823993682861328,21098900
2015-05-15 00:00:00-04:00,25.917990921805725,25.941487690796244,25.651683250982206,25.83966636657715,17149700
2015-05-18 00:00:00-04:00,25.831831549061004,26.16863250732422,25.73000723919556,26.16863250732422,23689500
2015-05-19 00:00:00-04:00,26.129473994628643,26.145139505163865,25.83966951945356,25.964990615844727,21867100
2015-05-20 00:00:00-04:00,25.89449448165543,26.239126712084087,25.855329215653512,26.13730239868164,21359800
2015-05-21 00:00:00-04:00,26.01197833652264,26.28612022768376,25.90232277521417,26.27828598022461,21269800
2015-05-22 00:00:00-04:00,26.215624306724326,26.246952329744264,26.09813450975819,26.19995880126953,20845000
2015-05-26 00:00:00-04:00,26.058974712024725,26.074640218965552,25.722173782521768,25.925819396972656,28594500
2015-05-27 00:00:00-04:00,26.004155845237037,26.51327154982108,25.949328046095538,26.403615951538086,30172700
2015-05-28 00:00:00-04:00,26.427112934783207,26.748248433650673,26.380116402793828,26.63858985900879,27065700
2015-05-29 00:00:00-04:00,26.81874748586064,27.218207635771012,26.79524772088383,26.99106216430664,43545500
2015-06-01 00:00:00-04:00,26.920558492957994,27.092876093031187,26.38011191257862,26.560260772705078,46734500
2015-06-02 00:00:00-04:00,26.348785419734572,26.43494423456157,25.957156616259585,26.05898094177246,36351100
2015-06-03 00:00:00-04:00,25.980654858670203,26.03548564311915,25.526366974632776,25.636022567749023,38138700
2015-06-04 00:00:00-04:00,25.463705570897602,25.628191952613466,25.22089760512481,25.307056427001953,33761800
2015-06-05 00:00:00-04:00,25.283547426372944,25.299212932616435,24.931082499563804,24.938915252685547,27778500
2015-06-08 00:00:00-04:00,24.915418345887023,25.02507540159944,24.44546359068448,24.51595687866211,38171600
2015-06-09 00:00:00-04:00,24.53946146917285,24.79793642711523,24.398474856850576,24.4768009185791,33976700
2015-06-10 00:00:00-04:00,24.641280828187213,25.18956168901056,24.570789025913793,24.923254013061523,33336800
2015-06-11 00:00:00-04:00,25.025078599752266,25.142565436136245,24.938919793669804,24.946752548217773,24293600
2015-06-12 00:00:00-04:00,24.84492846277045,25.142565668619447,24.43763568012632,24.531625747680664,31629800
2015-06-15 00:00:00-04:00,24.374970312323782,24.680440212328424,24.233983744953978,24.586448669433594,23175000
2015-06-16 00:00:00-04:00,24.484627542179396,24.876256258796577,24.382803239249732,24.782264709472656,20254500
2015-06-17 00:00:00-04:00,24.86842572163743,25.134733392187897,24.821430689759442,25.02507781982422,28194200
2015-06-18 00:00:00-04:00,25.12690080052105,25.45586750018231,25.064238769410277,25.36187744140625,27722400
2015-06-19 00:00:00-04:00,25.377544558641457,25.510696901361296,25.03290934145545,25.119068145751953,39008400
2015-06-22 00:00:00-04:00,25.267885208129883,25.369709518017633,25.126901609372485,25.267885208129883,23608400
2015-06-23 00:00:00-04:00,25.307058487250448,25.330555263169487,25.00941971141432,25.134740829467773,17995900
2015-06-24 00:00:00-04:00,25.1817327551116,25.1817327551116,24.970251352971285,24.993749618530273,23313900
2015-06-25 00:00:00-04:00,25.079908101064696,25.31488477777626,25.05640983581543,25.05640983581543,22743300
2015-06-26 00:00:00-04:00,24.68044014655209,24.696105652650296,24.09299711337345,24.29664421081543,62157200
2015-06-29 00:00:00-04:00,24.046004937470947,24.265316073045454,23.740533508149923,23.803194046020508,35194500
2015-06-30 00:00:00-04:00,23.991177855259476,24.038174383422245,23.615214593628533,23.82669448852539,34412200
2015-07-01 00:00:00-04:00,23.88152712033296,23.928522164080576,23.50556378246102,23.638717651367188,27178900
2015-07-02 00:00:00-04:00,23.6387107789613,24.21832112982534,23.576050240866405,23.93634796142578,27105200
2015-07-06 00:00:00-04:00,23.685705236199688,23.850190078436338,23.372402553302543,23.529054641723633,32468100
2015-07-07 00:00:00-04:00,23.395898681418235,23.442893706081353,22.784957385018078,23.419395446777344,43833700
2015-07-08 00:00:00-04:00,23.02777211973419,23.239252020900143,22.831957728420218,23.106098175048828,45223800
2015-07-09 00:00:00-04:00,23.278402199795543,23.411555976423937,22.573471056328245,22.659629821777344,47167800
2015-07-10 00:00:00-04:00,22.871123999765018,22.98861234858991,22.667476831294014,22.847625732421875,31423800
2015-07-13 00:00:00-04:00,22.925947609610247,23.356738641280053,22.863287068750182,23.286245346069336,26452400
2015-07-14 00:00:00-04:00,23.23142360721977,23.583890175028287,23.05910744848312,23.223590850830078,39778300
2015-07-15 00:00:00-04:00,23.223588030370347,23.48989573949522,23.08260142036949,23.254919052124023,47852500
2015-07-16 00:00:00-04:00,23.86585191593923,23.873684669040568,22.792790138119415,23.419395446777344,81166700
2015-07-17 00:00:00-04:00,23.23142091349846,23.341076502348354,22.792797064153532,23.08260154724121,43697600
2015-07-20 00:00:00-04:00,23.20008752756096,23.20008752756096,22.76929501138891,22.79279327392578,33812900
2015-07-21 00:00:00-04:00,22.683136959145976,22.91811511044649,22.455993056228483,22.495155334472656,45191000
2015-07-22 00:00:00-04:00,22.377669375659003,22.59698204130967,22.268013789806325,22.409000396728516,36387200
2015-07-23 00:00:00-04:00,22.448160040680328,22.69096944964927,22.268011172540316,22.401165008544922,33775200
2015-07-24 00:00:00-04:00,22.346342521086417,22.432499851441104,21.97821044921875,21.97821044921875,31621000
2015-07-27 00:00:00-04:00,21.986032568037665,22.260172926765133,21.63356767305501,22.205345153808594,42161100
2015-07-28 00:00:00-04:00,22.330671015411347,22.855453588680632,22.275843230642852,22.683135986328125,33182400
2015-07-29 00:00:00-04:00,22.67530644891732,22.816291551628254,22.54998536165524,22.722301483154297,26470200
2015-07-30 00:00:00-04:00,22.792793648152617,23.06693407313674,22.59697927229898,22.64397430419922,26582400
2015-07-31 00:00:00-04:00,22.80846016139363,22.80846016139363,22.53431972433467,22.67530632019043,27158800
2015-08-03 00:00:00-04:00,22.7144655031205,22.98860590280923,22.636139461217294,22.75362777709961,26213600
2015-08-04 00:00:00-04:00,22.698799680137096,22.83195350133645,22.604809626316946,22.816287994384766,25741700
2015-08-05 00:00:00-04:00,23.05322141870072,23.211173382286418,22.918961421157118,22.99793815612793,23622700
2015-08-06 00:00:00-04:00,23.029528500076093,23.08481176397824,22.784701971499757,22.91106414794922,27958200
2015-08-07 00:00:00-04:00,22.74521239144228,22.871574565344833,22.658339338356736,22.808393478393555,25606100
2015-08-10 00:00:00-04:00,22.95844779814626,23.440204499784173,22.95054997443923,23.408613204956055,22807400
2015-08-11 00:00:00-04:00,23.27435102796292,23.282248850927928,22.87157109488167,22.87946891784668,23758900
2015-08-12 00:00:00-04:00,22.63464573805871,23.353331162954845,22.63464573805871,23.266456604003906,33589100
2015-08-13 00:00:00-04:00,23.21907313164902,23.258562255586664,22.800498962402344,22.800498962402344,18821900
2015-08-14 00:00:00-04:00,22.839981938470746,22.934754310305514,22.76100521300106,22.91895866394043,14302700
2015-08-17 00:00:00-04:00,22.768901875593137,23.061115293029367,22.67412950858916,22.96634292602539,15548300
2015-08-18 00:00:00-04:00,22.863681679202838,22.942656919978567,22.745215805326925,22.832090377807617,19182600
2015-08-19 00:00:00-04:00,22.626753171502084,22.745217548098754,22.334541142987387,22.397722244262695,30530100
2015-08-20 00:00:00-04:00,22.137098339941467,22.302948153369538,21.742216110229492,21.742216110229492,31936600
2015-08-21 00:00:00-04:00,21.584255969276356,21.821184631602687,20.976137161254883,20.976137161254883,52288400
2015-08-24 00:00:00-04:00,19.902058097659445,21.82118380506415,19.641435976429992,20.73130989074707,83234200
2015-08-25 00:00:00-04:00,21.355230160421414,21.442103220348958,20.43120574951172,20.43120574951172,59371900
2015-08-26 00:00:00-04:00,20.93665290119388,21.59215724523832,20.597053992889666,21.560565948486328,47386700
2015-08-27 00:00:00-04:00,21.89226722717285,22.042322875366573,21.331535262044873,21.89226722717285,38649400
2015-08-28 00:00:00-04:00,21.852785005354225,22.59516409892272,21.67903734786216,22.44510841369629,43452400
2015-08-31 00:00:00-04:00,22.37402752211795,23.005838499734235,22.239767501079964,22.539878845214844,42401800
2015-09-01 00:00:00-04:00,22.042319899686674,22.24765878361134,21.844878838954006,21.971240997314453,44144000
2015-09-02 00:00:00-04:00,22.3898219988555,22.587263107299805,22.223970684457104,22.587263107299805,34618800
2015-09-03 00:00:00-04:00,22.745208407253227,23.234862875121706,22.65833536938489,22.96634292602539,38665900
2015-09-04 00:00:00-04:00,22.563565981899146,22.82418814263064,22.437203813444835,22.524078369140625,29116500
2015-09-08 00:00:00-04:00,22.887372074997984,23.298049926757812,22.863680106936954,23.298049926757812,27805000
2015-09-09 00:00:00-04:00,23.471795100568276,23.787702034359004,23.037425326139875,23.092708587646484,30774100
2015-09-10 00:00:00-04:00,23.045322764086606,23.4244092706583,22.824188215408515,23.11640167236328,25195800
2015-09-11 00:00:00-04:00,22.96635108334917,23.31384787731548,22.93476128736471,23.27435874938965,21786900
2015-09-14 00:00:00-04:00,23.274357012188386,23.321743962162415,22.974247194133316,23.2111759185791,24065100
2015-09-15 00:00:00-04:00,23.345430570371455,23.645541825873075,23.28224949126939,23.479690551757812,29819000
2015-09-16 00:00:00-04:00,23.392821426999532,23.527081430870062,23.21907230060473,23.51128578186035,25957800
2015-09-17 00:00:00-04:00,23.392822202239557,23.850885494209383,23.337537428873432,23.463899612426758,29805200
2015-09-18 00:00:00-04:00,23.076910608524052,23.234864059463423,22.753107389818517,22.91895866394043,60693400
2015-09-21 00:00:00-04:00,22.974248207828953,23.171689322364195,22.855783840379043,23.029531478881836,24417100
2015-09-22 00:00:00-04:00,22.642545700073242,22.824191152888854,22.49249004035962,22.642545700073242,28576200
2015-09-23 00:00:00-04:00,22.918964789340457,22.97424806003771,22.57936583350747,22.697830200195312,25984000
2015-09-24 00:00:00-04:00,22.41351022228419,22.642542592856973,22.01073175395941,22.49248695373535,32754700
2015-09-25 00:00:00-04:00,22.855777264501192,22.997935067083066,22.610949268340978,22.75310707092285,29192300
2015-09-28 00:00:00-04:00,22.650441958683864,23.187481961486505,22.618850661410313,22.713623046875,42291000
2015-09-29 00:00:00-04:00,22.768905336231295,23.179583145074524,22.71362207472469,23.092708587646484,34169600
2015-09-30 00:00:00-04:00,23.34543030488607,23.94565130270782,23.32963616505697,23.80349349975586,41051700
2015-10-01 00:00:00-04:00,23.85878001005767,23.91406477924696,23.26645675451873,23.692930221557617,29832800
2015-10-02 00:00:00-04:00,23.432308572861775,24.11150640308721,23.32174204472497,24.09571075439453,27901500
2015-10-05 00:00:00-04:00,24.269459668121872,24.782806227223936,24.135199659770002,24.64854621887207,34842500
2015-10-06 00:00:00-04:00,24.609054475754082,25.153992242572894,24.56956686488776,25.06711769104004,34899800
2015-10-07 00:00:00-04:00,25.27245838120393,25.604157951355564,25.051323828080267,25.525182723999023,36930100
2015-10-08 00:00:00-04:00,25.45409983034734,25.746311741085183,25.25665878014665,25.68313217163086,27794600
2015-10-09 00:00:00-04:00,25.56467156485587,25.706829391091077,25.225074154395738,25.383026123046875,24209900
2015-10-12 00:00:00-04:00,25.39881919690112,25.525181361553894,25.272457032248344,25.43830680847168,18795000
2015-10-13 00:00:00-04:00,25.296149208200845,25.65154374073134,25.25666159630005,25.304048538208008,35588600
2015-10-14 00:00:00-04:00,24.790704380414237,26.006942296461972,24.364232381759468,25.904272079467773,75954800
2015-10-15 00:00:00-04:00,25.93586124502765,26.109610365228043,25.635749949966577,25.864782333374023,37634800
2015-10-16 00:00:00-04:00,25.86478246527806,26.220177025358613,25.651545729229728,26.093814849853516,29371300
2015-10-19 00:00:00-04:00,25.9674529199346,26.551876857405873,25.95955358924038,26.52818489074707,37624000
2015-10-20 00:00:00-04:00,26.37812927693426,26.615057968450433,26.30705036820823,26.409717559814453,24416100
2015-10-21 00:00:00-04:00,26.591361740068113,26.891473008656906,26.314945448415035,26.354433059692383,31928800
2015-10-22 00:00:00-04:00,26.61506246273514,27.246873417704677,26.528187891543276,27.167898178100586,39572600
2015-10-23 00:00:00-04:00,27.278460922206452,27.665443760206117,27.16789439706369,27.562776565551758,42796600
2015-10-26 00:00:00-04:00,27.460110955212144,27.610165119781524,27.286361807922702,27.31795310974121,22646900
2015-10-27 00:00:00-04:00,27.175788108577876,27.286354623116885,27.096812887539034,27.223175048828125,22630100
2015-10-28 00:00:00-04:00,27.223174182320452,27.412715911865234,26.94675489205973,27.412715911865234,21908400
2015-10-29 00:00:00-04:00,27.009946268606814,27.081025193499695,26.670347295531116,26.87568473815918,21325200
2015-10-30 00:00:00-04:00,26.930962498285492,27.081019649401725,26.74142074584961,26.74142074584961,24693900
2015-11-02 00:00:00-05:00,26.638750557200392,27.073120337263987,26.56767164681094,26.938861846923828,21743100
2015-11-03 00:00:00-05:00,26.851988973735295,27.175792249674796,26.836193324578243,27.096817016601562,18167000
2015-11-04 00:00:00-05:00,27.25588465554051,27.25588465554051,26.96161421272119,27.160446166992188,20762100
2015-11-05 00:00:00-05:00,27.12067115262471,27.20020573652244,26.82640077703849,27.041139602661133,16486100
2015-11-06 00:00:00-05:00,26.98546471930477,27.017278550280135,26.571894018426722,26.91388511657715,23701700
2015-11-09 00:00:00-05:00,26.72301331933667,26.905941386299606,26.309445526189993,26.524181365966797,24168700
2015-11-10 00:00:00-05:00,26.381022234004252,26.460556836066377,26.09470676838515,26.4128360748291,22451700
2015-11-11 00:00:00-05:00,26.373061926561558,26.54803496167077,26.086743517813353,26.134464263916016,19864700
2015-11-12 00:00:00-05:00,26.01516533951301,26.18218340911289,25.760660747570128,25.76861572265625,23265400
2015-11-13 00:00:00-05:00,25.66522380007002,25.75271032758068,25.41867113471582,25.53797149658203,23673200
2015-11-16 00:00:00-05:00,25.52206400399208,25.65726824605357,25.394811703373083,25.53001594543457,29899700
2015-11-17 00:00:00-05:00,25.56978667191011,26.15037552664313,25.45843824582615,25.959495544433594,22636400
2015-11-18 00:00:00-05:00,26.031067270303744,26.43668597185863,25.943580764716085,26.373058319091797,18619800
2015-11-19 00:00:00-05:00,26.42078150353513,27.621724738271386,26.349201904515503,27.279733657836914,45381600
2015-11-20 00:00:00-05:00,27.422897980408695,28.06711449197045,27.422897980408695,27.566057205200195,41137700
2015-11-23 00:00:00-05:00,27.566054643003763,27.7171657956008,27.367222741933645,27.422895431518555,20152900
2015-11-24 00:00:00-05:00,27.303600475991217,27.391083971534393,26.961609333816174,27.32745933532715,21413500
2015-11-25 00:00:00-05:00,27.247918428201437,27.629678292642787,27.152479979057897,27.399032592773438,17939400
2015-11-27 00:00:00-05:00,27.47062536657287,27.58197078297824,27.359279950167508,27.406997680664062,6620900
2015-11-30 00:00:00-05:00,27.478568518609645,27.756935004495094,27.383130054216902,27.653541564941406,21785800
2015-12-01 00:00:00-05:00,27.836470919102872,27.995537073998943,27.6058251462003,27.908050537109375,23560200
2015-12-02 00:00:00-05:00,27.90805496756695,28.16255964222995,27.68536413572059,27.701271057128906,18688200
2015-12-03 00:00:00-05:00,27.81260718227066,27.828514098365282,27.041138438318566,27.072952270507812,30131100
2015-12-04 00:00:00-05:00,27.12862181076707,27.86032166257948,27.04113529936913,27.788742065429688,24901000
2015-12-07 00:00:00-05:00,27.66944417921188,27.971666441787608,27.637630351382768,27.828510284423828,17731900
2015-12-08 00:00:00-05:00,27.574008515604653,27.796702323477465,27.375176600606864,27.637636184692383,13380200
2015-12-09 00:00:00-05:00,27.741026920835793,28.011438420182074,27.44675353094481,27.685354232788086,22548300
2015-12-10 00:00:00-05:00,27.71716619655854,27.892139242890305,27.566055041775527,27.653541564941406,17400700
2015-12-11 00:00:00-05:00,27.28768655334417,27.558098014158915,27.200200046325648,27.25587272644043,21251400
2015-12-14 00:00:00-05:00,27.343365991159992,27.422897544141428,26.94570215838427,27.414945602416992,19357100
2015-12-15 00:00:00-05:00,27.558108673204558,28.114835689685705,27.550153696435,27.979631423950195,24365900
2015-12-16 00:00:00-05:00,28.122790185487347,28.210276724848065,27.653546683953657,28.075069427490234,23257900
2015-12-17 00:00:00-05:00,28.09097491563998,28.130740694977593,27.64559029882904,27.764890670776367,24963600
2015-12-18 00:00:00-05:00,27.6217322085217,27.637639127487365,26.929797920155348,26.9377498626709,41336600
2015-12-21 00:00:00-05:00,27.128627882998362,27.27973905127857,26.89798212567514,27.23202133178711,18006800
2015-12-22 00:00:00-05:00,27.32745662931635,27.661492762679735,27.255877024462198,27.621726989746094,18422000
2015-12-23 00:00:00-05:00,27.79670577646466,27.876237338769716,27.661498479824512,27.836471557617188,12526500
2015-12-24 00:00:00-05:00,27.892143888720206,28.04325506867292,27.804657350982207,27.82056427001953,5893800
2015-12-28 00:00:00-05:00,27.79670296866654,27.83646874580225,27.494477601353363,27.78079605102539,9449400
2015-12-29 00:00:00-05:00,27.844417886537084,28.305709349921997,27.844417886537084,28.18640899658203,14188600
2015-12-30 00:00:00-05:00,28.138687520923636,28.194360202657776,27.796696456594717,27.828510284423828,11566800
2015-12-31 00:00:00-05:00,27.693302914093948,27.804648277083675,27.391077618883543,27.399032592773438,14736700
2016-01-04 00:00:00-05:00,26.945703241403113,27.04909365764766,26.611664030799773,27.03318977355957,27882200
2016-01-05 00:00:00-05:00,27.009319951325335,27.041133778031767,26.66732889906496,26.905929565429688,16709500
2016-01-06 00:00:00-05:00,26.44464294239531,26.659381760435718,26.08674491232796,26.309438705444336,25491300
2016-01-07 00:00:00-05:00,25.67317185924759,26.253760595732466,25.32322883605957,25.32322883605957,37680500
2016-01-08 00:00:00-05:00,25.522065757515037,25.625459206976167,24.99714960215493,25.060775756835938,29953800
2016-01-11 00:00:00-05:00,25.299371758325645,25.625457485751184,25.195979832776388,25.498205184936523,27732400
2016-01-12 00:00:00-05:00,26.054929023498914,26.1583224537878,25.665220225687726,25.991304397583008,28587700
2016-01-13 00:00:00-05:00,26.054935525313514,26.19014281926723,25.31528199858839,25.378908157348633,34445700
2016-01-14 00:00:00-05:00,25.426625868746523,26.14242049101368,25.291420099887503,26.039030075073242,48728200
2016-01-15 00:00:00-05:00,23.64509446980104,24.257497222776074,23.42240366287728,23.668954849243164,76373900
2016-01-19 00:00:00-05:00,23.843926761895155,23.907552924367806,23.446262867199234,23.700767517089844,28878100
2016-01-20 00:00:00-05:00,23.34287014563981,23.756440946440016,23.231523227290637,23.533748626708984,39598200
2016-01-21 00:00:00-05:00,23.581468765983725,23.88369417691424,23.255384492115326,23.58942222595215,30157400
2016-01-22 00:00:00-05:00,23.955275696557067,24.05071418980065,23.470125218838433,23.804162979125977,25326500
2016-01-25 00:00:00-05:00,23.851875750091978,24.03480074328528,23.517838080493863,23.541698455810547,26441000
2016-01-26 00:00:00-05:00,23.54965471638294,23.899597827530894,23.54965471638294,23.81211280822754,24754900
2016-01-27 00:00:00-05:00,23.764388128380702,24.03479963496523,23.57350968555051,23.708715438842773,26384100
2016-01-28 00:00:00-05:00,23.875733397881007,24.00298568443203,23.660994595463567,23.835966110229492,22028100
2016-01-29 00:00:00-05:00,24.026844164939227,24.67901401953992,23.93935916740557,24.67106056213379,38311400
2016-02-01 00:00:00-05:00,24.432467959122064,24.750600273024425,24.368841799735055,24.512001037597656,19015100
2016-02-02 00:00:00-05:00,24.217731793768436,24.249544116521076,23.565561732214537,23.700767517089844,24994300
2016-02-03 00:00:00-05:00,23.845182361477836,23.845182361477836,22.882389891551018,23.540298461914062,44660100
2016-02-04 00:00:00-05:00,23.379834163612163,23.973556617017554,23.355765306379418,23.88530158996582,29257800
2016-02-05 00:00:00-05:00,23.732858770559886,23.877278034671203,23.195299026544973,23.299602508544922,27957500
2016-02-08 00:00:00-05:00,23.058902668648756,23.25146117271225,22.70587797937287,23.123088836669922,28725900
2016-02-09 00:00:00-05:00,22.858318071092036,23.387854278891943,22.79413191045928,23.115062713623047,22902600
2016-02-10 00:00:00-05:00,23.171226282232606,23.267506291953392,22.617621199874314,22.64971351623535,27267800
2016-02-11 00:00:00-05:00,22.328785719401452,22.794135846933074,22.208436838721024,22.641693115234375,28450200
2016-02-12 00:00:00-05:00,22.922505510493686,23.026808983789884,22.577504303976646,22.978668212890625,19699000
2016-02-16 00:00:00-05:00,23.066921591736076,23.227387745371267,22.754014275497973,23.090991973876953,30705200
2016-02-17 00:00:00-05:00,23.15518659664428,23.764956060992084,23.05088309954416,23.64460563659668,27691700
2016-02-18 00:00:00-05:00,23.692741108128995,23.87727613970649,23.57239071070823,23.60448455810547,20623300
2016-02-19 00:00:00-05:00,23.427975936576207,23.53227789310494,23.034833908081055,23.034833908081055,42056700
2016-02-22 00:00:00-05:00,23.355764177462785,23.700765397433603,23.26750762435799,23.548322677612305,23893100
2016-02-23 00:00:00-05:00,23.50820431182554,23.548321620672063,22.946575760843913,23.107040405273438,26638200
2016-02-24 00:00:00-05:00,22.882387034733362,23.508201679474436,22.770060112859852,23.419946670532227,21593600
2016-02-25 00:00:00-05:00,23.52424865550975,23.76494789123535,23.227388254195805,23.76494789123535,17571400
2016-02-26 00:00:00-05:00,23.973556592115596,24.134022781655887,23.829138857912135,23.90937042236328,19902200
2016-02-29 00:00:00-05:00,23.845182912301727,24.182160667140018,23.7328575041286,23.740880966186523,22903100
2016-03-01 00:00:00-05:00,24.013670751608466,24.495067726701777,23.869251506048595,24.366695404052734,25502600
2016-03-02 00:00:00-05:00,24.310535577656925,24.767863781546637,24.16611783625494,24.503095626831055,23779800
2016-03-03 00:00:00-05:00,24.976466494097842,25.15297960896093,24.503094447806017,24.535186767578125,25625200
2016-03-04 00:00:00-05:00,24.470998274419216,24.759836776540624,24.109950146767456,24.575300216674805,20356800
2016-03-07 00:00:00-05:00,24.543214803140994,24.968449214166405,24.471005157300468,24.82402992248535,18858200
2016-03-08 00:00:00-05:00,24.735767220030862,24.775882999861203,24.374719080282162,24.51913833618164,19104900
2016-03-09 00:00:00-05:00,24.73576656532771,24.90425620285718,24.607394236885675,24.767860412597656,14707800
2016-03-10 00:00:00-05:00,24.984487819624132,25.193093236416694,24.374718492919463,25.072744369506836,29584800
2016-03-11 00:00:00-05:00,25.409722060347118,25.50600207185907,25.297396655515566,25.481931686401367,22811200
2016-03-14 00:00:00-04:00,25.40170003460456,25.425770421423074,25.112861514058185,25.217164993286133,17438600
2016-03-15 00:00:00-04:00,25.144955546813605,25.3936767578125,24.920303192490078,25.3936767578125,16927700
2016-03-16 00:00:00-04:00,25.265303624973953,25.514024828135014,25.008558959734287,25.425769805908203,26298400
2016-03-17 00:00:00-04:00,25.481929986289096,25.81088271701734,25.433790748904325,25.6584415435791,22865300
2016-03-18 00:00:00-04:00,25.802859107542616,26.228091815697226,25.722627560560085,26.220069885253906,49934200
2016-03-21 00:00:00-04:00,25.859024337075603,26.011465515538543,25.634373534995976,25.947280883789062,21760900
2016-03-22 00:00:00-04:00,25.802862033629133,26.04355976250957,25.634373929476595,25.93123435974121,22200400
2016-03-23 00:00:00-04:00,26.051586961249996,26.051586961249996,25.658444957621214,25.67449188232422,18765300
2016-03-24 00:00:00-04:00,25.57018508547926,25.634371241805614,25.433789311995923,25.57820701599121,14211900
2016-03-28 00:00:00-04:00,25.57018468823977,25.674486616780232,25.369602761546176,25.594253540039062,11433000
2016-03-29 00:00:00-04:00,25.618327705734178,26.027513549941457,25.45786152855255,25.9793758392334,15313200
2016-03-30 00:00:00-04:00,26.035536751457848,26.276234470356503,25.907164430669393,26.244140625,16598000
2016-03-31 00:00:00-04:00,26.099718605547572,26.20402206154363,25.931230526302784,25.955299377441406,17880000
2016-04-01 00:00:00-04:00,25.891118470888866,26.0515846430016,25.754721153369857,26.035537719726562,18049700
2016-04-04 00:00:00-04:00,25.834958068716332,25.97937733040544,25.46588645214206,25.67449188232422,21581600
2016-04-05 00:00:00-04:00,25.58623007933308,25.770765084614712,25.44983430796869,25.594253540039062,20080000
2016-04-06 00:00:00-04:00,25.650414195719524,25.859019566537132,25.48994958531112,25.738672256469727,15740600
2016-04-07 00:00:00-04:00,25.586237668564422,25.594261131650274,25.152981374162156,25.313446044921875,23738200
2016-04-08 00:00:00-04:00,25.481929885025117,25.690535286621824,25.257277560924333,25.377626419067383,17031900
2016-04-11 00:00:00-04:00,25.594260242817764,25.94728495473995,25.401701726401768,25.409725189208984,19707700
2016-04-12 00:00:00-04:00,25.57820588257494,25.62634664542551,25.177042040731855,25.56216049194336,16774200
2016-04-13 00:00:00-04:00,25.650421375603397,25.818911023560965,25.634375981294216,25.77879524230957,19968100
2016-04-14 00:00:00-04:00,25.497977434568536,25.58623244987378,25.31344088187111,25.514022827148438,21620900
2016-04-15 00:00:00-04:00,25.50600541683348,25.586236984910034,25.177049560379547,25.241235733032227,28782800
2016-04-18 00:00:00-04:00,25.217165177477632,25.44983946381364,25.177047865820416,25.3936767578125,21566600
2016-04-19 00:00:00-04:00,25.433788755553554,25.522043762122266,25.19308952685676,25.35355567932129,33619300
2016-04-20 00:00:00-04:00,25.128908684973794,25.88309578218741,25.072745978832245,25.67449188232422,57629800
2016-04-21 00:00:00-04:00,25.626342758379092,25.72262273915771,25.522039318342387,25.65041160583496,28431400
2016-04-22 00:00:00-04:00,25.465879892597847,25.562159885696946,25.048669139699374,25.38564682006836,29625600
2016-04-25 00:00:00-04:00,25.161001182399556,25.273326588647052,25.0326288523113,25.185070037841797,19315700
2016-04-26 00:00:00-04:00,25.185068884638415,25.433791601824623,25.00855732142911,25.193092346191406,20976400
2016-04-27 00:00:00-04:00,25.07274169621505,25.514021337940953,25.024602460647554,25.473905563354492,20006200
2016-04-28 00:00:00-04:00,25.23321799223637,25.441821940271687,24.89624014725108,24.960426330566406,25146400
2016-04-29 00:00:00-04:00,24.759835131145977,24.76785859237381,24.150065850699644,24.294485092163086,36443700
2016-05-02 00:00:00-04:00,24.430879473620433,24.623437941107262,24.358669857023038,24.55925178527832,21086600
2016-05-03 00:00:00-04:00,24.39879078505023,24.519139661364644,24.14204610749442,24.358675003051758,27111100
2016-05-04 00:00:00-04:00,24.41531918033302,24.447688704665484,24.03496839408613,24.156356811523438,23278800
2016-05-05 00:00:00-04:00,24.172544453286662,24.293932881308955,24.075432784746265,24.196821212768555,23393300
2016-05-06 00:00:00-04:00,23.962134559202923,24.366763638319284,23.889301201478983,24.310115814208984,19632200
2016-05-09 00:00:00-04:00,24.34248524943348,24.41531860689273,24.083522886706117,24.11589241027832,16888300
2016-05-10 00:00:00-04:00,24.277745151891782,24.423411869769126,24.132078434014435,24.391040802001953,17013800
2016-05-11 00:00:00-04:00,24.407227705127443,24.480061068152057,24.253468211682417,24.32630157470703,15754200
2016-05-12 00:00:00-04:00,24.36676152885058,24.471964401156782,23.92976142033872,24.083520889282227,20826700
2016-05-13 00:00:00-04:00,24.164455606321567,24.439603577701863,24.148270068349113,24.204917907714844,19999600
2016-05-16 00:00:00-04:00,24.19682073918319,24.73093104685764,24.180635204153646,24.59335708618164,21826100
2016-05-17 00:00:00-04:00,24.739024845929745,24.739024845929745,24.16445222026072,24.26156234741211,25709900
2016-05-18 00:00:00-04:00,24.302022479434598,24.480058714411395,24.09970794460475,24.269651412963867,22469900
2016-05-19 00:00:00-04:00,24.09162019549439,24.22110140126926,23.873120081922654,23.978322982788086,21740900
2016-05-20 00:00:00-04:00,24.059243306025987,24.58526077026533,24.03496655052312,24.399131774902344,22777300
2016-05-23 00:00:00-04:00,24.463878631591797,24.666193211496203,24.382952490922484,24.463878631591797,20881900
2016-05-24 00:00:00-04:00,24.68237305246713,25.184113774001606,24.6419107632387,25.135557174682617,23699200
2016-05-25 00:00:00-04:00,25.248856645706237,25.54828131755816,25.208392809281968,25.40261459350586,18359600
2016-05-26 00:00:00-04:00,25.483537673950195,25.59683331530832,25.410704320637876,25.483537673950195,12692300
2016-05-27 00:00:00-04:00,25.57256665386991,25.613028957886947,25.451178198280843,25.548288345336914,13341300
2016-05-31 00:00:00-04:00,25.49972778516892,25.61302344686976,25.337875516849746,25.564468383789062,23040200
2016-06-01 00:00:00-04:00,25.58873949035162,25.66966405821382,25.467349551483938,25.621109008789062,17753500
2016-06-02 00:00:00-04:00,25.54018746687161,25.70203971862793,25.451170117589356,25.70203971862793,14140100
2016-06-03 00:00:00-04:00,25.685851408216877,25.685851408216877,25.410703536095895,25.588741302490234,15777500
2016-06-06 00:00:00-04:00,25.604927516903302,25.75059423169326,25.556372459819126,25.637298583984375,15139600
2016-06-07 00:00:00-04:00,25.693945681605232,25.912445747614314,25.653483392434982,25.799148559570312,19339100
2016-06-08 00:00:00-04:00,25.734409986127773,25.89626224255877,25.726318762489985,25.80724334716797,12732100
2016-06-09 00:00:00-04:00,25.63730042786554,25.896262808989427,25.63730042786554,25.847707748413086,11276800
2016-06-10 00:00:00-04:00,25.65348483249819,26.09048498904744,25.613020997519104,25.928632736206055,35749100
2016-06-13 00:00:00-04:00,25.936722438868017,26.300889214639522,25.928631215884106,26.033832550048828,23004800
2016-06-14 00:00:00-04:00,25.904353294953086,26.09048539521705,25.72631859242343,26.009557723999023,18754300
2016-06-15 00:00:00-04:00,26.09857699183672,26.10666821553667,25.564466702463527,25.580652236938477,23783300
2016-06-16 00:00:00-04:00,25.44308260159889,25.710137791635518,25.265044779215945,25.645397186279297,18547900
2016-06-17 00:00:00-04:00,25.677761417803243,25.742502009798276,25.467354107935016,25.70203971862793,27047900
2016-06-20 00:00:00-04:00,25.952907971910616,26.25233261551173,25.904351372782823,26.033832550048828,21961600
2016-06-21 00:00:00-04:00,26.106674860046894,26.203788091613262,25.96910241260829,26.155231475830078,15476500
2016-06-22 00:00:00-04:00,26.1390383364436,26.406095014981776,26.098576045261282,26.13094711303711,18304800
2016-06-23 00:00:00-04:00,26.365630147689068,26.705517064901077,26.30088801846318,26.697425842285156,22048800
2016-06-24 00:00:00-04:00,25.734417190245,26.155231939938865,25.410714130302775,25.532102584838867,38094300
2016-06-27 00:00:00-04:00,25.418795365339378,25.418795365339378,24.633815608241132,24.86040687561035,34965100
2016-06-28 00:00:00-04:00,25.0627249256171,25.248855477481705,24.933243742125395,25.24076271057129,23693900
2016-06-29 00:00:00-04:00,25.370243295841217,25.880075250875954,25.33787222896286,25.83961296081543,22771100
2016-06-30 00:00:00-04:00,25.896262794500743,26.60841088573054,25.871984492457383,26.543668746948242,34528900
2016-07-01 00:00:00-04:00,26.414189257379977,26.616503823489904,26.276616834221365,26.50320816040039,17084600
2016-07-05 00:00:00-04:00,26.30088558639764,26.48701456009861,26.268514524778077,26.446552276611328,20107200
2016-07-06 00:00:00-04:00,26.5436721919514,26.70552447283825,26.20378518045697,26.68124771118164,21070200
2016-07-07 00:00:00-04:00,26.673147295434973,27.15060971689844,26.673147295434973,26.86737060546875,26119400
2016-07-08 00:00:00-04:00,27.231539008859887,27.51477813720703,27.110149046953985,27.51477813720703,23341900
2016-07-11 00:00:00-04:00,27.547152024264047,27.919410084492544,27.547152024264047,27.82229995727539,23820700
2016-07-12 00:00:00-04:00,27.927493347347983,28.29975438852899,27.90321659423324,28.275474548339844,28064100
2016-07-13 00:00:00-04:00,28.35640837024933,28.526351853157358,28.2269271803563,28.332128524780273,29120900
2016-07-14 00:00:00-04:00,28.429243510983305,28.56681593325556,28.291668001635777,28.485891342163086,25296400
2016-07-15 00:00:00-04:00,28.534449511278837,28.558729362222856,28.243119083632546,28.380691528320312,23661900
2016-07-18 00:00:00-04:00,28.469710222220048,28.485895760363995,28.28358116417828,28.364505767822266,19347200
2016-07-19 00:00:00-04:00,28.23501808033282,28.45351816459815,28.202647011462023,28.44542694091797,20395400
2016-07-20 00:00:00-04:00,28.566815090373797,29.076648643024168,28.372594842652347,28.88242530822754,42994200
2016-07-21 00:00:00-04:00,27.78183105543909,27.911312223298456,27.401478774257072,27.733274459838867,63708600
2016-07-22 00:00:00-04:00,27.822301635321985,28.081264048236726,27.725188415172354,28.048892974853516,33033700
2016-07-25 00:00:00-04:00,28.016506645426873,28.12980225349891,27.976044369268827,28.07315444946289,20277700
2016-07-26 00:00:00-04:00,28.121723643610956,28.510167225649223,28.081261349308566,28.39687156677246,29644400
2016-07-27 00:00:00-04:00,28.32404055385502,28.550631890421723,28.02461584666682,28.18646812438965,23601800
2016-07-28 00:00:00-04:00,28.186459808614934,28.186459808614934,27.9355886978046,28.137903213500977,21667400
2016-07-29 00:00:00-04:00,28.137909584813997,28.259296469472943,28.000334077710264,28.210742950439453,18171200
2016-08-01 00:00:00-04:00,28.17836949802832,28.25120285749781,27.967963730158118,28.202646255493164,18824400
2016-08-02 00:00:00-04:00,28.170278719969016,28.218832235666387,27.78183515901501,27.96796417236328,20057300
2016-08-03 00:00:00-04:00,27.804882570712007,27.95165346725334,27.71519200991496,27.92719268798828,18388800
2016-08-04 00:00:00-04:00,27.95980923504245,28.228887139357052,27.902732009567366,28.196273803710938,16362600
2016-08-05 00:00:00-04:00,28.375657617667468,28.64473862848654,28.29411961404224,28.522428512573242,20046200
2016-08-08 00:00:00-04:00,28.457201359894068,28.677354612109227,28.424584911241546,28.57135581970215,19497300
2016-08-09 00:00:00-04:00,28.571356275007094,28.669202512048162,28.40827713962145,28.473506927490234,12578900
2016-08-10 00:00:00-04:00,28.53874166025176,28.53874166025176,28.13104535081959,28.155506134033203,19579000
2016-08-11 00:00:00-04:00,28.261504734040088,28.32673762893442,28.122889498103067,28.277812957763672,16364100
2016-08-12 00:00:00-04:00,28.14735278794836,28.343045269127213,28.082119887238136,28.188121795654297,15708300
2016-08-15 00:00:00-04:00,28.294123223690306,28.669203064978227,28.237045991775876,28.465354919433594,18931100
2016-08-16 00:00:00-04:00,28.351191343767564,28.709962844848633,28.351191343767564,28.709962844848633,16320900
2016-08-17 00:00:00-04:00,28.677347345237685,28.709963785625163,28.351192272787763,28.55504035949707,18221600
2016-08-18 00:00:00-04:00,28.506120837712032,28.612122732842813,28.33488916052228,28.5142765045166,16085200
2016-08-19 00:00:00-04:00,28.40827398589594,28.75889299938481,28.3267359824929,28.734432220458984,16417600
2016-08-22 00:00:00-04:00,28.701820327595385,28.905668478912858,28.636587426145343,28.83228302001953,14941400
2016-08-23 00:00:00-04:00,28.946430957538542,29.101354397821886,28.78335185117567,28.864892959594727,18316000
2016-08-24 00:00:00-04:00,28.799662210700667,28.873047658487707,28.555045088235694,28.661046981811523,16343500
2016-08-25 00:00:00-04:00,28.57950894742457,28.718127301728433,28.457201928248487,28.612125396728516,12428000
2016-08-26 00:00:00-04:00,28.628438732304346,29.01167430385374,28.579514049614094,28.75074577331543,14469900
2016-08-29 00:00:00-04:00,28.930122563010485,29.085046002368234,28.66104468302332,28.987199783325195,15264300
2016-08-30 00:00:00-04:00,29.01981675662696,29.142126865521515,28.962739535269574,29.10951042175293,15183200
2016-08-31 00:00:00-04:00,29.04427469157809,29.27258666513743,29.01166136147673,29.26443099975586,20562700
2016-09-01 00:00:00-04:00,29.345976842923175,29.386745844993563,29.011666049185244,29.370437622070312,18925800
2016-09-02 00:00:00-04:00,29.525359893551485,29.623209227178464,29.31335922497707,29.419361114501953,16726700
2016-09-06 00:00:00-04:00,29.663983311642713,29.843367566418948,29.492748503685743,29.818906784057617,22337800
2016-09-07 00:00:00-04:00,29.884132631532506,29.884132631532506,29.663976310810753,29.729206085205078,18495600
2016-09-08 00:00:00-04:00,29.639520423741033,29.835216020694443,29.451980494835173,29.712905883789062,20356500
2016-09-09 00:00:00-04:00,29.435665595379362,29.672130147529863,28.897506713867188,28.897506713867188,29457900
2016-09-12 00:00:00-04:00,28.693659220574286,29.45197444856893,28.587660441524754,29.419361114501953,22796600
2016-09-13 00:00:00-04:00,29.150279626624595,29.25628151438177,28.79966062982997,29.03612518310547,23591300
2016-09-14 00:00:00-04:00,28.95459113292921,29.20736396983596,28.86490055577784,29.04428482055664,14074500
2016-09-15 00:00:00-04:00,29.142133088348125,29.88414023491292,28.979053945157588,29.810754776000977,23736000
2016-09-16 00:00:00-04:00,30.756603867018267,31.025681755076135,30.373368424431725,30.715831756591797,74577900
2016-09-19 00:00:00-04:00,30.732144859947372,31.001225901219517,30.24291056187632,30.29998779296875,30531700
2016-09-20 00:00:00-04:00,30.511985046040895,30.52014071269044,30.120597029700058,30.283676147460938,24796900
2016-09-21 00:00:00-04:00,30.340755760905953,30.54460389653764,30.055369615211877,30.53645133972168,21233700
2016-09-22 00:00:00-04:00,30.6587556805522,30.846298686193204,30.52829300954678,30.61798667907715,17013400
2016-09-23 00:00:00-04:00,30.53643991132416,30.699518980891586,30.267358979966723,30.32443618774414,18062500
2016-09-26 00:00:00-04:00,30.104285593686196,30.12059381476917,29.843360277308914,29.884132385253906,25518800
2016-09-27 00:00:00-04:00,30.08798480939108,30.348910163286483,29.867828458827663,30.316293716430664,22391600
2016-09-28 00:00:00-04:00,30.42229672652159,30.57722018904149,30.29183404480071,30.528295516967773,19020800
2016-09-29 00:00:00-04:00,30.569066877653636,30.601680214422014,30.169523175103805,30.430448532104492,17675000
2016-09-30 00:00:00-04:00,30.552757989738556,30.919682126590946,30.528294099599666,30.78106689453125,24279300
2016-10-03 00:00:00-04:00,30.732146253451003,30.94415007324372,30.601683560684698,30.707685470581055,14113600
2016-10-04 00:00:00-04:00,30.7973841647166,30.935999437495372,30.438612478868794,30.609844207763672,14393100
2016-10-05 00:00:00-04:00,30.781072886821985,31.237693895775394,30.69137919662791,30.976768493652344,22420800
2016-10-06 00:00:00-04:00,30.85444659851443,31.115371901254406,30.642445956466307,31.0419864654541,15171400
2016-10-07 00:00:00-04:00,31.05014500775215,31.16429944946848,30.80552479210259,31.066450119018555,16942500
2016-10-10 00:00:00-04:00,31.188766346283604,31.278460028223563,30.90338018599815,31.0012264251709,14954300
2016-10-11 00:00:00-04:00,30.911533539439503,30.984918998328265,30.022755475331575,30.38968276977539,27650500
2016-10-12 00:00:00-04:00,30.33260518697159,30.37337419466791,30.014602572274033,30.275527954101562,14053900
2016-10-13 00:00:00-04:00,30.04721025295829,30.2755222519133,29.729207698154347,30.14505958557129,16936000
2016-10-14 00:00:00-04:00,30.324447536798335,30.740299475353368,30.29998675587476,30.53645133972168,19123900
2016-10-17 00:00:00-04:00,30.617993227229867,30.756611594461333,30.36522349774041,30.40599250793457,15788100
2016-10-18 00:00:00-04:00,30.960454239997247,31.025684022591356,30.601679549065253,30.78106689453125,42907800
2016-10-19 00:00:00-04:00,29.411210819306216,29.427519044555645,28.72628091120985,28.95458984375,75229000
2016-10-20 00:00:00-04:00,28.87305410866746,29.085054832704163,28.62028126304863,28.889362335205078,25669500
2016-10-21 00:00:00-04:00,28.709968540019233,28.864895102278247,28.38381341355776,28.661046981811523,20813200
2016-10-24 00:00:00-04:00,28.889364152366294,28.938288835056543,28.628438732304346,28.75074577331543,21524700
2016-10-25 00:00:00-04:00,28.65289003441881,28.742583701091178,28.546888145580983,28.62027359008789,17860300
2016-10-26 00:00:00-04:00,28.571356275007094,28.709971518275626,28.326739127166526,28.473506927490234,19977600
2016-10-27 00:00:00-04:00,28.620271471038162,28.72627335202759,28.334885380460967,28.38381004333496,14634700
2016-10-28 00:00:00-04:00,28.432740977732138,28.67735815186862,28.302278277494274,28.32674217224121,22296400
2016-10-31 00:00:00-04:00,28.47351017603994,28.603975987613968,28.408280380729078,28.432741165161133,19188600
2016-11-01 00:00:00-04:00,28.45719841309252,28.669199086429312,27.94350028667492,28.147348403930664,25368200
2016-11-02 00:00:00-04:00,28.21257972717285,28.45719996964029,28.10658093994426,28.21257972717285,21416400
2016-11-03 00:00:00-04:00,28.302960640166365,28.36047003243218,27.826450665361808,27.87574577331543,19400000
2016-11-04 00:00:00-04:00,27.547104337687987,27.875731959810786,27.456731584902954,27.612831115722656,21914700
2016-11-07 00:00:00-05:00,28.13041236450763,28.549409513650822,28.056471322420645,28.50011444091797,19296600
2016-11-08 00:00:00-05:00,28.42619397696376,28.713744075030192,28.335824312570505,28.541215896606445,14833100
2016-11-09 00:00:00-05:00,28.040054964445815,28.63158049057665,27.66213213488637,28.54942512512207,25999400
2016-11-10 00:00:00-05:00,28.713729954463012,28.713729954463012,27.957887667217765,28.344024658203125,28249900
2016-11-11 00:00:00-05:00,28.401542880816947,28.648012110519115,28.21258303357774,28.434406280517578,22665000
2016-11-14 00:00:00-05:00,28.393327275465975,28.532992016649246,28.097562959988284,28.327600479125977,22558900
2016-11-15 00:00:00-05:00,28.459050636588966,28.99306988210823,28.434404655235376,28.68087387084961,20676100
2016-11-16 00:00:00-05:00,28.67265476862272,28.689083330746115,28.37689050599225,28.62335968017578,18565500
2016-11-17 00:00:00-05:00,28.59871403121747,28.771242141723636,28.45083189820486,28.771242141723633,15748500
2016-11-18 00:00:00-05:00,28.672652188734837,28.754807528062038,28.459043292043635,28.713729858398438,16806900
2016-11-21 00:00:00-05:00,28.836969395794373,28.91912788774675,28.623363584770228,28.73838233947754,14259500
2016-11-22 00:00:00-05:00,28.90269878459028,29.16559971439228,28.84518940207274,29.149168014526367,22327400
2016-11-23 00:00:00-05:00,29.14916400908037,29.182027404296367,28.836968022580127,28.919126510620117,15843100
2016-11-25 00:00:00-05:00,28.84518918688376,29.12452181446781,28.84518918688376,29.116304397583008,6372800
2016-11-28 00:00:00-05:00,29.108093009425165,29.297052874225454,28.927347428300283,29.173816680908203,13549000
2016-11-29 00:00:00-05:00,29.280611840089595,29.280611840089595,28.976633296562678,29.009496688842773,19581000
2016-11-30 00:00:00-05:00,28.919125770529647,29.001281122441277,28.508342742919922,28.508342742919922,27016100
2016-12-01 00:00:00-05:00,28.639793269360805,28.6973026426707,27.571758021286684,27.736068725585938,29618700
2016-12-02 00:00:00-05:00,27.70321496575259,28.146858359098438,27.60462475920771,28.0647029876709,21492500
2016-12-05 00:00:00-05:00,28.18793653784744,28.278306184340185,27.908603913527973,28.253660202026367,14462000
2016-12-06 00:00:00-05:00,28.253667583098675,28.549431984235806,28.179726482814395,28.5247859954834,15297700
2016-12-07 00:00:00-05:00,28.48369092812506,29.2231015612914,28.302948544259777,29.165592193603516,21710300
2016-12-08 00:00:00-05:00,29.14916283856757,29.601023535552102,28.935557046292864,29.32990837097168,19966500
2016-12-09 00:00:00-05:00,29.3709895139557,29.49422568860372,29.239539056876662,29.37920379638672,16326900
2016-12-12 00:00:00-05:00,29.395639147196572,29.650325810564233,29.305266359097516,29.551738739013672,21985800
2016-12-13 00:00:00-05:00,29.584596911111085,30.307576030662123,29.518873246075323,30.23363494873047,35773600
2016-12-14 00:00:00-05:00,30.151474456781113,30.307570876970413,29.95429722715054,30.02823829650879,30819400
2016-12-15 00:00:00-05:00,30.184332792893425,30.529388969395487,30.011801570617173,30.22541046142578,23721500
2016-12-16 00:00:00-05:00,30.167913892898202,30.291146950758456,29.650326274610798,29.831071853637695,38212800
2016-12-19 00:00:00-05:00,29.85571822119321,30.356874144719402,29.798208833315773,30.307579040527344,18744300
2016-12-20 00:00:00-05:00,30.3568688120447,30.595123739413097,30.30757371651212,30.57047462463379,18551800
2016-12-21 00:00:00-05:00,30.603336815697407,30.68549217098824,30.324004220072286,30.381513595581055,14323600
2016-12-22 00:00:00-05:00,30.58691191211744,30.59512932988741,30.24185558241733,30.340442657470703,10793900
2016-12-23 00:00:00-05:00,30.34043525001629,30.381512926757416,30.20898480402918,30.37329864501953,6287300
2016-12-27 00:00:00-05:00,30.32400722546906,30.66906664674624,30.32400722546906,30.45545768737793,9033700
2016-12-28 00:00:00-05:00,30.480103309498396,30.562261805987177,30.052891663861477,30.093969345092773,12868600
2016-12-29 00:00:00-05:00,29.995368525960174,30.167899740468798,29.929644886072428,30.11860466003418,8447300
2016-12-30 00:00:00-05:00,30.225426931780326,30.233641216352815,29.740702657303398,29.7982120513916,17468000
2017-01-03 00:00:00-05:00,30.07753809549577,30.34043902013823,29.798205471309878,30.069320678710938,20196500
2017-01-04 00:00:00-05:00,30.159688637600652,30.208983728350216,29.85571007970934,29.913219451904297,15915700
2017-01-05 00:00:00-05:00,29.946090160534887,30.1679134220531,29.83107138804985,29.86393165588379,13986000
2017-01-06 00:00:00-05:00,30.06110068383564,30.13504175071792,29.732473023464255,29.970727920532227,15114000
2017-01-09 00:00:00-05:00,29.97073495916214,30.307576979838654,29.97073495916214,30.077539443969727,19461400
2017-01-10 00:00:00-05:00,30.028247166589665,30.34044323321399,30.011815464764528,30.02003288269043,15918800
2017-01-11 00:00:00-05:00,29.99536822234202,30.397936873420498,29.99536822234202,30.35685920715332,22398400
2017-01-12 00:00:00-05:00,30.2582867864385,30.2582867864385,29.839286239804103,30.159696578979492,20391900
2017-01-13 00:00:00-05:00,30.159683684553833,30.282919824176126,30.085742627585503,30.22541046142578,15072200
2017-01-17 00:00:00-05:00,30.126830467267794,30.25828406539187,30.061106802232032,30.23363494873047,20195200
2017-01-18 00:00:00-05:00,30.307577726574845,30.40616479665824,30.077540185038117,30.200773239135742,15382500
2017-01-19 00:00:00-05:00,29.995380726541036,30.324008461723885,29.995380726541036,30.044675827026367,13654500
2017-01-20 00:00:00-05:00,30.200773527135055,30.422596787457863,30.052894487612996,30.348655700683594,23950900
2017-01-23 00:00:00-05:00,30.455451643061924,30.57047038265181,30.028236943138342,30.208982467651367,27752600
2017-01-24 00:00:00-05:00,30.266495644409837,31.005906397671264,30.241849663976456,30.907316207885742,35140900
2017-01-25 00:00:00-05:00,31.112702314395644,31.21950676770703,30.825155479355892,31.055192947387695,32276400
2017-01-26 00:00:00-05:00,31.071628488856707,31.153783842172807,30.743000807540618,30.858022689819336,34144800
2017-01-27 00:00:00-05:00,31.21951092125342,31.589216282652384,31.063414494896463,31.203079223632812,44368600
2017-01-30 00:00:00-05:00,31.005907896660407,31.08806325809417,30.669065900340147,30.743003845214844,23954700
2017-01-31 00:00:00-05:00,30.57869834177974,30.70193140496485,30.102188388855936,30.250070571899414,27059100
2017-02-01 00:00:00-05:00,30.25006264059907,30.356867107910983,29.592810407190854,30.00359344482422,28380600
2017-02-02 00:00:00-05:00,29.789986599740267,30.15147770399002,29.74069463754336,30.135046005249023,31916900
2017-02-03 00:00:00-05:00,30.358446656922137,30.46601358631543,30.159864955702922,30.217784881591797,21038100
2017-02-06 00:00:00-05:00,30.209520422007003,30.209520422007003,29.911647755610264,30.01093864440918,21427000
2017-02-07 00:00:00-05:00,30.159872483157663,30.21779242350249,29.98611266212318,30.07712745666504,18581900
2017-02-08 00:00:00-05:00,30.068851684310214,30.32535650754303,29.903364803398713,30.10194969177246,20807400
2017-02-09 00:00:00-05:00,30.20123889450802,30.20123889450802,29.29106583421965,29.340709686279297,47802700
2017-02-10 00:00:00-05:00,29.175230439316504,29.315895421846697,28.827710758477856,29.241426467895508,44106500
2017-02-13 00:00:00-05:00,29.43173287051571,29.663412638495444,29.24142403876091,29.622041702270508,28180600
2017-02-14 00:00:00-05:00,29.655131978032955,29.754422830352016,29.39862719010949,29.72960090637207,25734800
2017-02-15 00:00:00-05:00,29.770983249143505,29.837179280342284,29.514478362848983,29.828903198242188,18452200
2017-02-16 00:00:00-05:00,29.93645932602769,30.250884047518127,29.870263318808924,30.126768112182617,21317500
2017-02-17 00:00:00-05:00,30.052294010812844,30.184682846069336,29.870258178685614,30.184682846069336,18909900
2017-02-21 00:00:00-05:00,30.22605780397625,30.32535181098509,30.060574105093313,30.217784881591797,20556000
2017-02-22 00:00:00-05:00,30.06885053280098,30.118497542093074,29.613763995022016,29.845443725585938,29904400
2017-02-23 00:00:00-05:00,29.98611132337143,30.0357551806506,29.70478455865658,29.936464309692383,22775000
2017-02-24 00:00:00-05:00,29.903363202824345,30.22606086730957,29.746152410392952,30.22606086730957,18617600
2017-02-27 00:00:00-05:00,30.135045676528176,30.350179576726475,30.010932878475163,30.209514617919922,14065200
2017-02-28 00:00:00-05:00,30.135050955455323,30.168148969960694,29.787531272350094,29.953018188476562,24977000
2017-03-01 00:00:00-05:00,29.66340490055984,29.870262684124132,29.32415826177037,29.72960090637207,34085900
2017-03-02 00:00:00-05:00,29.729613202023028,29.80408216116121,29.497933398660052,29.713064193725586,23602100
2017-03-03 00:00:00-05:00,29.737881155319478,29.861997118595795,29.514474315262145,29.70478630065918,17538100
2017-03-06 00:00:00-05:00,29.613762323082486,29.622035245964295,29.307610517665395,29.431726455688477,24416700
2017-03-07 00:00:00-05:00,29.40691094006077,29.622041702270508,29.282794974985848,29.622041702270508,23434900
2017-03-08 00:00:00-05:00,29.514473504068434,29.70478548423482,29.398633624941052,29.473102569580078,20920100
2017-03-09 00:00:00-05:00,29.45655206151959,29.737878820646003,29.373810196764687,29.638587951660156,23616800
2017-03-10 00:00:00-05:00,29.886824046247817,30.035761964524184,29.605497217992525,29.713064193725586,25402300
2017-03-13 00:00:00-04:00,29.66340996430248,29.820623926744364,28.91044762984872,29.092483520507812,53582900
2017-03-14 00:00:00-04:00,29.009744612553714,29.1504064286557,28.678770806054697,29.10903549194336,28586900
2017-03-15 00:00:00-04:00,28.91044066760698,29.10074943637485,28.695309976599535,29.042829513549805,27996100
2017-03-16 00:00:00-04:00,29.10074965680259,29.257963582574895,29.018007811111232,29.075927734375,19616100
2017-03-17 00:00:00-04:00,29.21659065909222,29.233139658377098,29.04282774480043,29.18349266052246,30778900
2017-03-20 00:00:00-04:00,29.266246155591617,29.481380075571497,29.17522820147706,29.315893173217773,17322300
2017-03-21 00:00:00-04:00,29.448279243314722,29.456552167259986,28.960094664148794,28.993192672729492,22814500
2017-03-22 00:00:00-04:00,29.142128285694966,29.34071000891629,28.960092409075767,29.2662410736084,19144500
2017-03-23 00:00:00-04:00,29.36552849625726,29.36552849625726,28.976634904059786,29.18349266052246,20640400
2017-03-24 00:00:00-04:00,29.497926234321294,29.564119095033806,29.059385511951646,29.092483520507812,22188000
2017-03-27 00:00:00-04:00,29.018003942361688,29.37379951291737,28.91043703218473,29.28278160095215,16992200
2017-03-28 00:00:00-04:00,29.24142176004804,29.547570451935282,29.13385480912555,29.456552505493164,18398100
2017-03-29 00:00:00-04:00,29.39035552848059,29.53929339154852,29.324159519828434,29.431726455688477,17202600
2017-03-30 00:00:00-04:00,29.440005696833726,29.696507366910623,29.390358685012508,29.58066749572754,16433000
2017-03-31 00:00:00-04:00,29.580665988827285,29.99438159706263,29.5723930654784,29.845443725585938,21438400
2017-04-03 00:00:00-04:00,29.94473617336606,30.39982589164195,29.886816237658174,29.91991424560547,32013600
2017-04-04 00:00:00-04:00,29.886820015955013,30.10195393840993,29.77925621112772,30.019208908081055,18918000
2017-04-05 00:00:00-04:00,30.14331658980026,30.41636722383099,29.92818272647976,29.96955680847168,22455500
2017-04-06 00:00:00-04:00,29.895088607009324,30.01920138680609,29.81234359741211,29.81234359741211,20198200
2017-04-07 00:00:00-04:00,29.845441601250997,30.052299390644972,29.7792487499726,29.81234359741211,15689500
2017-04-10 00:00:00-04:00,29.80407760934036,29.861997551335296,29.464830882055704,29.622041702270508,19973700
2017-04-11 00:00:00-04:00,29.59720579935206,29.613754797309486,29.13384332574,29.572383880615234,22711800
2017-04-12 00:00:00-04:00,29.679946861388355,29.795786687681154,29.37379829812902,29.481365203857422,19289800
2017-04-13 00:00:00-04:00,29.415173187430213,29.588932950342535,29.16694450378418,29.16694450378418,15764000
2017-04-17 00:00:00-04:00,29.3241636487285,29.448279604227352,29.233148858615856,29.357261657714844,12560700
2017-04-18 00:00:00-04:00,29.31588890633124,29.63031365939922,29.20832196199752,29.59721565246582,12321100
2017-04-19 00:00:00-04:00,29.762711218617905,29.969569087735017,29.696515185428147,29.713064193725586,16594600
2017-04-20 00:00:00-04:00,29.936464309692383,30.010933252011014,29.671686549537217,29.936464309692383,22968300
2017-04-21 00:00:00-04:00,29.95300674298787,30.135039440409233,29.663403961327976,30.052297592163086,20390500
2017-04-24 00:00:00-04:00,30.34189839983204,30.490836257598488,30.168138617904283,30.40809440612793,26305800
2017-04-25 00:00:00-04:00,30.42465671767875,30.614965584435538,30.333638747403615,30.50739860534668,22066800
2017-04-26 00:00:00-04:00,30.432925198440365,30.805269951357708,30.432925198440365,30.55704116821289,27241000
2017-04-27 00:00:00-04:00,30.50739194696202,31.028674563419468,30.432923001753814,30.970754623413086,39890000
2017-04-28 00:00:00-04:00,29.870258461857883,30.192959209978692,29.68822578440378,29.911632537841797,56769300
2017-05-01 00:00:00-04:00,29.87854804832653,30.118503909367377,29.737883070461105,30.044034957885742,24825600
2017-05-02 00:00:00-04:00,30.09367115739821,30.63977561038846,30.077122155016752,30.590131759643555,35813000
2017-05-03 00:00:00-04:00,30.60930341175377,30.984414867777975,30.52594283717446,30.826034545898438,22040300
2017-05-04 00:00:00-04:00,30.834384829655303,30.934414380263203,30.54262746888265,30.717679977416992,16437100
2017-05-05 00:00:00-04:00,30.726015062856238,30.784365894162526,30.42592325620572,30.692670822143555,18119200
2017-05-08 00:00:00-04:00,30.617645114555568,30.717674647808042,30.409248398682024,30.459264755249023,17660200
2017-05-09 00:00:00-04:00,30.409239975500206,30.63430874788668,30.242522013004965,30.31754493713379,17819100
2017-05-10 00:00:00-04:00,30.23419038021386,30.32588542717648,29.950770771366194,30.0174560546875,25133800
2017-05-11 00:00:00-04:00,29.934099633608586,30.009122567221883,29.55065049730998,29.750709533691406,21508900
2017-05-12 00:00:00-04:00,29.77571595605855,29.792388070532528,29.50896848423627,29.617332458496094,19730800
2017-05-15 00:00:00-04:00,29.617324949862443,29.77570840727126,29.525629933442577,29.700685501098633,22120100
2017-05-16 00:00:00-04:00,29.800728538493832,29.91743018343,29.525643364103157,29.859079360961914,22291800
2017-05-17 00:00:00-04:00,29.73403875725102,30.000789450915256,29.19220926107724,29.208881378173828,26670200
2017-05-18 00:00:00-04:00,29.333915102170096,29.567321542668715,29.242223235413814,29.358924865722656,17171900
2017-05-19 00:00:00-04:00,29.30056979921402,29.63400252601987,29.283897685891656,29.50896644592285,18340100
2017-05-22 00:00:00-04:00,29.575657153518392,30.100817690083385,29.492299751471084,29.817398071289062,14638100
2017-05-23 00:00:00-04:00,29.900750467223126,30.00078314878926,29.642340656211932,29.89241600036621,16903700
2017-05-24 00:00:00-04:00,29.99244830666851,30.15916627832146,29.91742537841872,30.109149932861328,20640600
2017-05-25 00:00:00-04:00,30.109155134651154,30.334223958284394,30.059141960431347,30.22585678100586,13148500
2017-05-26 00:00:00-04:00,30.225856781005863,30.284210784064587,30.1174927836087,30.22585678100586,11145500
2017-05-30 00:00:00-04:00,30.234195000732853,30.37590323687267,30.084149115478084,30.15917205810547,13026900
2017-05-31 00:00:00-04:00,30.267532787411536,30.32588359925588,29.90075262166907,30.100814819335938,17741900
2017-06-01 00:00:00-04:00,30.109149932861328,30.11748758037843,29.842402450168933,30.109149932861328,17510900
2017-06-02 00:00:00-04:00,30.234186860101214,30.28420320167959,30.0091180928194,30.27586555480957,19127400
2017-06-05 00:00:00-04:00,30.259199177214867,30.425917167533754,30.175841771996016,30.292543411254883,11685700
2017-06-06 00:00:00-04:00,30.142495444937012,30.384236355119455,29.99244958205694,30.117488861083984,18420900
2017-06-07 00:00:00-04:00,30.1174927836087,30.484269840706553,30.092483016617425,30.22585678100586,17192000
2017-06-08 00:00:00-04:00,30.29253529994882,30.45091559940828,30.142489466827087,30.409236907958984,17154200
2017-06-09 00:00:00-04:00,30.425921803297495,30.47593816197812,29.433954538577524,29.76738739013672,33322100
2017-06-12 00:00:00-04:00,29.667354067687896,30.017458994140814,29.51730819067057,29.784055709838867,28488300
2017-06-13 00:00:00-04:00,29.742375868736943,29.967444675655457,29.61733658271072,29.909093856811523,20588200
2017-06-14 00:00:00-04:00,30.00078473163623,30.050797895177475,29.358922633851147,29.617332458496094,19149000
2017-06-15 00:00:00-04:00,29.350580328311803,29.575649068167817,29.29222952685434,29.433940887451172,20410000
2017-06-16 00:00:00-04:00,29.40893483896832,29.450616713735222,29.183866070725532,29.350584030151367,30762800
2017-06-19 00:00:00-04:00,29.68402663457063,29.68402663457063,29.442285697951235,29.600666046142578,21583800
2017-06-20 00:00:00-04:00,29.550654255780326,29.550654255780326,29.042165772159226,29.058837890625,21536500
2017-06-21 00:00:00-04:00,28.617035132742995,28.842100760714054,28.416972910247313,28.82543182373047,27138500
2017-06-22 00:00:00-04:00,28.80875823292196,28.867109049022556,28.583689436584955,28.642040252685547,24602900
2017-06-23 00:00:00-04:00,28.517002087977346,28.800421711500874,28.425307036266627,28.500329971313477,29260900
2017-06-26 00:00:00-04:00,28.558677485075346,28.767074149437747,28.36695293544763,28.400297164916992,18854800
2017-06-27 00:00:00-04:00,28.341949787476594,28.466989073197325,28.050195693969727,28.050195693969727,27078900
2017-06-28 00:00:00-04:00,28.150220674770807,28.542007405622417,28.125214093611977,28.508663177490234,25940100
2017-06-29 00:00:00-04:00,28.275264436754185,28.425310324203593,27.7917857171028,27.95850372314453,25215700
2017-06-30 00:00:00-04:00,28.233587166329897,28.283603524650964,27.950167495607115,28.12522315979004,24432000
2017-07-03 00:00:00-04:00,27.93348625119733,28.366951675402497,27.866800975101473,27.891807556152344,12676900
2017-07-05 00:00:00-04:00,27.941830985255496,28.70039487504531,27.916824397861998,28.6253719329834,30010800
2017-07-06 00:00:00-04:00,28.441979290222843,28.583690692609217,27.975172740905666,28.033523559570312,20733200
2017-07-07 00:00:00-04:00,28.09187080476298,28.441975672215204,28.09187080476298,28.24191665649414,18304500
2017-07-10 00:00:00-04:00,27.7167597186352,28.12521862942594,27.70008760188036,28.050195693969727,29918400
2017-07-11 00:00:00-04:00,28.041855762145353,28.283596665583367,27.866803320296114,28.275259017944336,25737500
2017-07-12 00:00:00-04:00,28.575352959613564,28.667048011495165,28.291933335561854,28.55034637451172,23768300
2017-07-13 00:00:00-04:00,28.61703419447729,28.675385011650146,28.44197856307768,28.542011260986328,15046200
2017-07-14 00:00:00-04:00,28.742068799070566,28.933793356914993,28.567016356675335,28.90878677368164,16316400
2017-07-17 00:00:00-04:00,28.95880484032099,28.95880484032099,28.64204098773075,28.733736038208008,21044400
2017-07-18 00:00:00-04:00,28.700393127899417,28.82543241701793,28.550347252909685,28.783750534057617,14362800
2017-07-19 00:00:00-04:00,28.908785382634814,28.908785382634814,28.725395301398997,28.80875587463379,17036200
2017-07-20 00:00:00-04:00,28.792083947941922,29.04215930951734,28.74206760367454,28.96713638305664,17506200
2017-07-21 00:00:00-04:00,28.792085825319802,29.0254890873584,28.6753841943005,28.95046615600586,22245000
2017-07-24 00:00:00-04:00,28.950458259466636,29.0088090590605,28.658704261497327,28.75873374938965,16146300
2017-07-25 00:00:00-04:00,28.80042974155872,28.958813304084984,28.67539360153914,28.90045928955078,18096700
2017-07-26 00:00:00-04:00,28.925457686107528,29.15052646548963,28.833762644891035,28.96713638305664,15499300
2017-07-27 00:00:00-04:00,28.992146342759256,29.38393313546069,28.900451290860527,29.150529861450195,43062800
2017-07-28 00:00:00-04:00,29.283895060880496,29.89241283313704,29.175527923939413,29.433940887451172,36291500
2017-07-31 00:00:00-04:00,29.56732177734375,29.79239057181757,29.442282498231307,29.56732177734375,27057000
2017-08-01 00:00:00-04:00,29.725706655955932,30.36756890582624,29.650683712987156,30.300880432128906,38710200
2017-08-02 00:00:00-04:00,30.28421361591446,30.567630109345707,30.059144771235232,30.54262351989746,35004300
2017-08-03 00:00:00-04:00,30.696310317696174,30.729904860559373,30.360374500320017,30.64592170715332,26611300
2017-08-04 00:00:00-04:00,30.612319378259848,30.704702745760606,30.318372008598242,30.48634147644043,20520300
2017-08-07 00:00:00-04:00,30.561927392763497,30.696302325477927,30.419155428395527,30.595521926879883,18169300
2017-08-08 00:00:00-04:00,30.545133184687216,30.822283313276284,30.486344345971613,30.57872772216797,22819900
2017-08-09 00:00:00-04:00,30.46953993191869,30.788681555642118,30.251181897003086,30.72989273071289,22796800
2017-08-10 00:00:00-04:00,30.57033389270853,30.70470885295937,30.32677827608145,30.351972579956055,22693300
2017-08-11 00:00:00-04:00,30.452750453696606,30.57033133737044,30.05802584306469,30.125211715698242,19275100
2017-08-14 00:00:00-04:00,30.335176458553892,30.629123897816694,30.301585120032563,30.519943237304688,18469400
2017-08-15 00:00:00-04:00,30.486339023709057,30.503136289516988,30.08321425557127,30.234386444091797,21706600
2017-08-16 00:00:00-04:00,30.217595362476782,30.29318147220615,29.864862319574087,30.0748233795166,22014000
2017-08-17 00:00:00-04:00,29.898458240187978,29.965647327475885,29.537324905395508,29.537324905395508,19525000
2017-08-18 00:00:00-04:00,29.638106968835263,29.65490423976887,29.386154312334842,29.4029483795166,16231400
2017-08-21 00:00:00-04:00,29.470137260624945,29.629706527769308,29.14259848905125,29.327362060546875,26493300
2017-08-22 00:00:00-04:00,29.411344563706802,29.554116541339415,29.075405598833807,29.100603103637695,26097800
2017-08-23 00:00:00-04:00,29.008228351143007,29.234986739276138,28.873853365999565,29.1090087890625,19648100
2017-08-24 00:00:00-04:00,29.142598221060673,29.302167486737662,29.016620292959193,29.1509952545166,14301900
2017-08-25 00:00:00-04:00,29.243384799724254,29.335768205953674,29.041823916816853,29.117406845092773,14726800
2017-08-28 00:00:00-04:00,29.209780544032725,29.226577812651517,29.050211297781324,29.100603103637695,20712900
2017-08-29 00:00:00-04:00,28.983026495634405,29.184590545020626,28.94103491977324,29.16779327392578,15843700
2017-08-30 00:00:00-04:00,29.184597798715185,29.36096438341829,29.083817350849504,29.302175521850586,18565000
2017-08-31 00:00:00-04:00,29.34416557078459,29.545729659708517,29.285376712296884,29.453346252441406,16366800
2017-09-01 00:00:00-04:00,29.59611456907348,29.722089291939152,29.45333937199028,29.470136642456055,12822000
2017-09-05 00:00:00-04:00,29.411344528198242,29.67169738584806,29.335758421380643,29.411344528198242,18772000
2017-09-06 00:00:00-04:00,29.5793176983193,30.184003424499636,29.486934311385024,30.0328311920166,28076400
2017-09-07 00:00:00-04:00,30.133605809487158,30.19239463746442,29.671692216629737,29.848058700561523,16297100
2017-09-08 00:00:00-04:00,29.747290589645463,29.848074236135343,29.461746535848327,29.554126739501953,14125000
2017-09-11 00:00:00-04:00,29.806075775344056,30.234394960973738,29.51212834652797,30.041231155395508,20037600
2017-09-12 00:00:00-04:00,30.1336271351495,30.519954907762838,30.01604939598484,30.309993743896484,19489900
2017-09-13 00:00:00-04:00,30.234393132411252,30.57033211538312,30.209198830001416,30.51154327392578,15509800
2017-09-14 00:00:00-04:00,30.39396043490626,30.822282770869723,30.368766134114775,30.637516021728516,18093900
2017-09-15 00:00:00-04:00,30.69630349495895,31.141423079581628,30.419156587317687,31.074234008789062,33596100
2017-09-18 00:00:00-04:00,31.074234008789062,31.351384120181557,30.906264535558876,31.074234008789062,19393800
2017-09-19 00:00:00-04:00,31.242208345332315,31.326191493145018,31.09103611626807,31.26740264892578,23850500
2017-09-20 00:00:00-04:00,31.267401075034268,31.31779288343638,30.788690108344706,31.133026123046875,23957500
2017-09-21 00:00:00-04:00,31.065838154249544,31.300993503433748,30.94825727590609,31.242204666137695,22954200
2017-09-22 00:00:00-04:00,31.032248557800507,31.2590069107921,31.032248557800507,31.225412368774414,21631800
2017-09-25 00:00:00-04:00,31.11622715950289,31.26739937272731,30.948257677725604,31.20861053466797,23180800
2017-09-26 00:00:00-04:00,31.250609910459673,31.61174326517761,31.074243352225942,31.468971252441406,29790400
2017-09-27 00:00:00-04:00,31.59494926089239,31.653738119718607,31.158229735502946,31.52776336669922,25981400
2017-09-28 00:00:00-04:00,31.342990308904245,31.8133042895999,31.31779600406851,31.771312713623047,21171400
2017-09-29 00:00:00-04:00,31.779709602102546,32.040062497972386,31.662131908403865,31.981273651123047,23217300
2017-10-02 00:00:00-04:00,32.014862961058434,32.82951293542911,31.981271624809903,32.78752136230469,37394500
2017-10-03 00:00:00-04:00,32.71193343582192,33.341816609026125,32.71193343582192,33.07306671142578,34002200
2017-10-04 00:00:00-04:00,33.08145842195122,33.08985865701001,32.636342076364215,33.039466857910156,28368800
2017-10-05 00:00:00-04:00,33.173845158991725,33.29982306767829,32.930289577531724,33.199039459228516,17710300
2017-10-06 00:00:00-04:00,33.25784157896547,33.50139725770284,33.10666930966315,33.28303909301758,18887500
2017-10-09 00:00:00-04:00,33.32501265741558,33.49298211067137,33.19063773556111,33.4761848449707,18494100
2017-10-10 00:00:00-04:00,33.53498679470065,33.551784066973795,33.07307302032159,33.29983139038086,29890000
2017-10-11 00:00:00-04:00,33.15705833441905,33.31662762576389,32.80432520499814,33.00588607788086,30754700
2017-10-12 00:00:00-04:00,33.047872888578695,33.081467430460165,32.73713138555477,32.91349792480469,18286900
2017-10-13 00:00:00-04:00,33.12345607991968,33.43420075924529,32.989081128015904,33.316619873046875,16829400
2017-10-16 00:00:00-04:00,33.350216524938254,33.417405607022836,33.123458178530434,33.392208099365234,12489100
2017-10-17 00:00:00-04:00,33.22424037771786,33.48459005025802,33.06466791648189,33.41740417480469,15532800
2017-10-18 00:00:00-04:00,33.42580324154049,33.83732836733005,33.257833737060025,33.803733825683594,21424600
2017-10-19 00:00:00-04:00,33.492994564691195,33.870925174108564,33.451002986700836,33.66936111450195,19222700
2017-10-20 00:00:00-04:00,33.87091189647249,33.97169228489316,33.67774494668595,33.95489501953125,18335700
2017-10-23 00:00:00-04:00,34.055692960499215,34.46721816459202,33.9297182109828,34.29085159301758,28647000
2017-10-24 00:00:00-04:00,34.4336083858875,34.47559995048594,34.198453061135424,34.39161682128906,19652400
2017-10-25 00:00:00-04:00,34.3412313427982,34.484006533215116,34.005295560423114,34.24884796142578,24031700
2017-10-26 00:00:00-04:00,34.35802404863641,34.92072129509172,34.19005457788477,34.72755432128906,38247400
2017-10-27 00:00:00-04:00,36.365254805631984,37.79299064866519,36.197285317554275,37.289085388183594,90028300
2017-10-30 00:00:00-04:00,37.35627269492018,37.95256135691801,36.85236741509839,37.26388931274414,48161500
2017-10-31 00:00:00-04:00,37.96096933734082,38.46487471995393,37.49905553598675,38.204524993896484,47000900
2017-11-01 00:00:00-04:00,38.60764299670409,39.2291259765625,38.28850126978257,39.2291259765625,47813700
2017-11-02 00:00:00-04:00,39.1451453933493,39.66584798967067,38.809206374189245,39.55666732788086,44602300
2017-11-03 00:00:00-04:00,39.64064726897856,39.72463040830052,38.29689461356744,38.91838073730469,39298100
2017-11-06 00:00:00-05:00,39.36867906664364,39.48695677910426,38.93782153654913,39.453163146972656,34035000
2017-11-07 00:00:00-05:00,39.4531602871044,39.782640119659,39.19126449117587,39.52074432373047,24461400
2017-11-08 00:00:00-05:00,39.38557588270944,39.453163146972656,39.098336455067056,39.453163146972656,21565800
2017-11-09 00:00:00-05:00,38.904032796423806,39.19127226018526,38.566106100829394,39.115238189697266,25570400
2017-11-10 00:00:00-05:00,38.89557119537685,38.9378116134075,38.337989298255344,38.506954193115234,24095400
2017-11-13 00:00:00-05:00,38.23660233575797,38.81108095311201,38.22815554259253,38.65056610107422,18999000
2017-11-14 00:00:00-05:00,38.608332297617316,38.79419078369804,38.287299315859904,38.74350357055664,22201200
2017-11-15 00:00:00-05:00,38.34644518416755,38.701271869771446,38.16058343348274,38.405582427978516,17157200
2017-11-16 00:00:00-05:00,38.54920044520459,38.92092069196285,38.405579134879886,38.566097259521484,26439400
2017-11-17 00:00:00-05:00,38.439373752028615,38.54075141779922,37.69593001665574,37.70438003540039,63798000
2017-11-20 00:00:00-05:00,37.788865175967054,38.11834504417537,37.59455661837595,37.6959342956543,22420000
2017-11-21 00:00:00-05:00,37.78040055249473,38.202811101703354,37.771950536777986,37.96625900268555,21871000
2017-11-22 00:00:00-05:00,37.96627107676477,37.974721095168796,37.628344463572084,37.721275329589844,19538300
2017-11-24 00:00:00-05:00,37.63678690213248,37.83109540733972,37.53540925218466,37.80575180053711,6465800
2017-11-27 00:00:00-05:00,37.52696107531341,37.68747918690243,37.400239812347785,37.58610153198242,18202100
2017-11-28 00:00:00-05:00,37.72127247791349,37.881787365339974,37.44247990093654,37.788856506347656,20194100
2017-11-29 00:00:00-05:00,37.89023922691227,38.09299778480196,36.97783377325355,37.12990188598633,27036900
2017-11-30 00:00:00-05:00,37.47628761397308,38.18593790434794,37.45094399662571,37.88180160522461,34145300
2017-12-01 00:00:00-05:00,37.788868241348126,37.881799129199315,36.77508171811292,37.74662780761719,26656300
2017-12-04 00:00:00-05:00,38.03385579538855,38.27040473111441,37.45093025117656,37.58610153198242,28000800
2017-12-05 00:00:00-05:00,37.67903996083271,37.93248900483018,36.52163533601559,36.69904708862305,30626900
2017-12-06 00:00:00-05:00,36.44558944242844,36.935587330920484,36.0485224102185,36.70748519897461,27710800
2017-12-07 00:00:00-05:00,36.715938729413814,36.83421321447527,36.141459896768446,36.3949089050293,32708400
2017-12-08 00:00:00-05:00,36.62299728393555,36.817308993572716,36.42024200314288,36.62299728393555,23154700
2017-12-11 00:00:00-05:00,36.56386991312879,36.98628062182109,36.5385263018834,36.88490295410156,20425900
2017-12-12 00:00:00-05:00,36.724391743241526,36.85111303496766,36.39491187291999,36.606117248535156,16557400
2017-12-13 00:00:00-05:00,36.8764511227015,36.884897917717296,36.53007451777873,36.61455535888672,21399500
2017-12-14 00:00:00-05:00,36.69059933285635,36.80887383150569,36.3442226342097,36.54697799682617,19644900
2017-12-15 00:00:00-05:00,36.665236993461484,37.88177821609396,36.38644448381879,37.64522933959961,47477000
2017-12-18 00:00:00-05:00,38.14368711965479,39.15747021137972,38.05075625094118,39.08143615722656,50369300
2017-12-19 00:00:00-05:00,39.11522916906264,39.92625691873874,38.768852532884026,39.74039840698242,41421100
2017-12-20 00:00:00-05:00,40.103672519278305,40.24729060903909,39.4193660314061,40.17970657348633,40935000
2017-12-21 00:00:00-05:00,40.16280806442391,40.205048487704474,39.33488352172148,39.50384521484375,42963500
2017-12-22 00:00:00-05:00,39.14058010660064,39.72350575854924,38.87868429168789,39.453163146972656,33913500
2017-12-26 00:00:00-05:00,39.09834024106426,39.258858397863726,38.819550805827916,38.929378509521484,15533300
2017-12-27 00:00:00-05:00,38.954708099365234,39.165913410489324,38.861777246832666,38.954708099365234,13359700
2017-12-28 00:00:00-05:00,39.16591622122988,39.16591622122988,38.81953961503816,39.04764175415039,9504400
2017-12-29 00:00:00-05:00,39.03919247839639,39.2757446397891,38.93781482222098,38.996952056884766,17394500
2018-01-02 00:00:00-05:00,39.182812133226435,39.62211958851998,39.03919083883362,39.57987594604492,23370800
2018-01-03 00:00:00-05:00,38.414029166313014,39.03919518255911,36.87645451307492,38.23661422729492,116479000
2018-01-04 00:00:00-05:00,36.76662455568174,37.721273558023384,36.065421307016045,37.5354118347168,89209100
2018-01-05 00:00:00-05:00,37.53541408808274,38.14368651161159,37.08765978895055,37.79730987548828,41824000
2018-01-08 00:00:00-05:00,37.40024279649164,37.88179072420604,37.13834700908609,37.79730987548828,33733800
2018-01-09 00:00:00-05:00,37.76350548213808,37.88177992572306,36.74127267945433,36.851097106933594,44282300
2018-01-10 00:00:00-05:00,36.60611049107769,36.83420941862552,35.854216785586495,35.9049072265625,45735000
2018-01-11 00:00:00-05:00,36.15835683344978,36.81731974530505,35.862670619804355,36.67369842529297,35371500
2018-01-12 00:00:00-05:00,36.70747910946174,36.83420034658455,36.3357557459996,36.530067443847656,29973600
2018-01-16 00:00:00-05:00,36.7919714337073,36.994729988308556,36.234389436976215,36.445594787597656,38367200
2018-01-17 00:00:00-05:00,36.79196740239965,37.552307870421245,36.7581737765459,37.501617431640625,32368600
2018-01-18 00:00:00-05:00,37.510071755507944,37.79731116276387,37.315759995911314,37.57765579223633,26826500
2018-01-19 00:00:00-05:00,37.695937537849275,37.92403974839812,37.38335445942539,37.86490249633789,25780200
2018-01-22 00:00:00-05:00,37.847985395411655,38.68435971920959,37.839538602246215,38.65056610107422,27706800
2018-01-23 00:00:00-05:00,38.701270231911494,38.93781919714448,38.54920211919373,38.9124755859375,22135100
2018-01-24 00:00:00-05:00,38.77730564168089,38.97161418743804,37.983171420273834,38.44782257080078,32464200
2018-01-25 00:00:00-05:00,38.76039886034968,39.17435945752206,38.160573338921,38.27040100097656,36758700
2018-01-26 00:00:00-05:00,40.87246152978682,42.367795841908794,40.6528061540918,42.308658599853516,86916100
2018-01-29 00:00:00-05:00,41.903141455152856,42.959168238022016,41.70883291383349,42.22417449951172,46304000
2018-01-30 00:00:00-05:00,41.801759487348164,42.291757411120855,41.17659350091681,41.218833923339844,32814600
2018-01-31 00:00:00-05:00,41.59055215244624,41.60744896515043,40.17970213038966,40.66969680786133,41619900
2018-02-01 00:00:00-05:00,40.29797390756334,40.94848665094847,40.08676859696053,40.255733489990234,28840400
2018-02-02 00:00:00-05:00,39.97694965417429,40.3740167560049,38.946266482309966,38.98851013183594,28663000
2018-02-05 00:00:00-05:00,39.1574677544056,39.92625504361013,37.59454956711498,37.611446380615234,47869000
2018-02-06 00:00:00-05:00,37.44133837722214,38.21534137258485,36.59928959366844,38.19832992553711,58145400
2018-02-07 00:00:00-05:00,37.91764264655865,39.38059115071296,37.7135085616574,38.444984436035156,37508400
2018-02-08 00:00:00-05:00,38.513027162111385,38.63210402698697,36.35262566093731,36.36112976074219,43151300
2018-02-09 00:00:00-05:00,36.999048365413095,37.66247853921007,35.757242003577176,37.381797790527344,49301100
2018-02-12 00:00:00-05:00,37.551907195568226,38.410964090858776,37.50087285981378,38.13028335571289,28379500
2018-02-13 00:00:00-05:00,37.92614741245141,38.08775126757744,37.64546344635744,37.815574645996094,19517600
2018-02-14 00:00:00-05:00,37.48385826039161,38.708653014022104,37.458342716962164,38.59808349609375,19922000
2018-02-15 00:00:00-05:00,39.02336865495602,39.116929994757356,38.23235418431083,39.05738830566406,23536800
2018-02-16 00:00:00-05:00,38.972332505607525,39.627258609258845,38.708659946079834,38.751190185546875,21475200
2018-02-20 00:00:00-05:00,38.6661262164557,39.72931712591346,38.606587785094156,39.39760208129883,25512000
2018-02-21 00:00:00-05:00,39.695301252256115,40.02701960008646,39.0573865938621,39.074398040771484,27527500
2018-02-22 00:00:00-05:00,39.24452191115892,39.6017559221652,38.80223388280022,38.9553337097168,16946400
2018-02-23 00:00:00-05:00,39.41462148491193,40.647923837866294,39.3891059362045,40.59688949584961,26040900
2018-02-26 00:00:00-05:00,40.99664977414216,41.787664218076614,40.91159253873956,41.770652770996094,26992300
2018-02-27 00:00:00-05:00,41.99179623124519,43.29314438903876,41.94076513322315,42.45109558105469,43624100
2018-02-28 00:00:00-05:00,42.680735600690554,42.816823905633086,41.915236857513115,41.923744201660156,35541200
2018-03-01 00:00:00-05:00,42.102362425104474,42.289485074155145,40.37574132755949,40.69044494628906,36326600
2018-03-02 00:00:00-05:00,40.14608582944422,41.7196069380439,39.941951765308694,41.66006851196289,33310600
2018-03-05 00:00:00-05:00,41.31134986262488,42.35752943313059,40.86055791006429,42.31500244140625,30826500
2018-03-06 00:00:00-05:00,42.6637311542396,43.65887968358373,42.65522705329893,43.131534576416016,39132300
2018-03-07 00:00:00-05:00,42.680738101707135,43.79496339437903,42.61269232294794,43.650367736816406,31801900
2018-03-08 00:00:00-05:00,44.05013867692365,44.29679981458709,42.92740902674767,43.15705871582031,29481200
2018-03-09 00:00:00-05:00,43.607854550087794,44.483923138995806,43.3782048409891,44.39036178588867,32727900
2018-03-12 00:00:00-04:00,44.10967610623651,44.186226000826586,42.95292358558735,43.82048797607422,32044400
2018-03-13 00:00:00-04:00,44.67104425792983,45.74273961770789,43.70991845280197,44.04163360595703,45573900
2018-03-14 00:00:00-04:00,44.27978759944499,44.38185304462079,43.64187288904274,44.109676361083984,24993500
2018-03-15 00:00:00-04:00,44.42437574608814,44.4839141870653,43.27613067626953,43.27613067626953,25631200
2018-03-16 00:00:00-04:00,43.522796630859375,43.973591939393,43.3697000717487,43.522796630859375,42559800
2018-03-19 00:00:00-04:00,43.157043118369,43.57381210211117,42.468094300145104,43.23359298706055,31115200
2018-03-20 00:00:00-04:00,43.27613179456461,44.067146238960795,43.250613001628054,43.84600067138672,22215000
2018-03-21 00:00:00-04:00,43.84600010055371,44.37334197508508,43.522789099246594,43.85450744628906,23239500
2018-03-22 00:00:00-04:00,43.157043118369,44.19471515056441,43.03796302127036,43.23359298706055,30916000
2018-03-23 00:00:00-04:00,43.02946348318731,43.36968587890013,41.98328399658203,41.98328399658203,37683900
2018-03-26 00:00:00-04:00,43.1570560509936,44.64552364245784,42.79982214184922,44.63701629638672,39306200
2018-03-27 00:00:00-04:00,45.087816497666914,45.291950660664,43.19108355418765,43.53981018066406,38777000
2018-03-28 00:00:00-04:00,42.95291875109884,43.123029969330446,41.68559358210508,42.18741989135742,37970900
2018-03-29 00:00:00-04:00,42.51062826218755,44.296791076660156,42.417066935695,44.296791076660156,45265800
2018-04-02 00:00:00-04:00,43.96507889380193,44.26277436003782,40.22264802430889,41.609046936035156,67187800
2018-04-03 00:00:00-04:00,41.67708783173681,42.49361775340934,41.17526154234613,42.31500244140625,39432400
2018-04-04 00:00:00-04:00,40.91158705612337,42.663726935389114,40.835037176820464,42.519134521484375,30370000
2018-04-05 00:00:00-04:00,42.53613850619003,43.140033380665244,42.50211886456125,42.85084533691406,25115400
2018-04-06 00:00:00-04:00,42.34902696680781,42.867864721829655,41.25181301713228,41.49847412109375,28215200
2018-04-09 00:00:00-04:00,41.81317854932983,43.47175727848353,41.81317854932983,42.144893646240234,31437000
2018-04-10 00:00:00-04:00,43.48026868725838,43.79497563507829,42.81683838193401,43.607852935791016,25906400
2018-04-11 00:00:00-04:00,43.3696911187895,43.99909840892108,43.22509544753119,43.46324920654297,17568400
2018-04-12 00:00:00-04:00,43.794968734975306,45.30895180637617,43.76094584144678,44.841148376464844,29781400
2018-04-13 00:00:00-04:00,45.13034054664799,45.257921541967235,43.888530777834085,44.109676361083984,20884900
2018-04-16 00:00:00-04:00,44.47540458914997,44.67953543452756,44.05012820924515,44.568965911865234,18855500
2018-04-17 00:00:00-04:00,45.00275548093441,45.67469307559933,44.985744032950265,45.538604736328125,21228700
2018-04-18 00:00:00-04:00,45.52159082706399,46.23605538075834,45.368491048086504,45.598140716552734,22164700
2018-04-19 00:00:00-04:00,45.03678159092126,45.04528569321925,43.89704045146236,44.41587829589844,25422400
2018-04-20 00:00:00-04:00,44.37334428602933,44.46690562638047,43.276133484952744,43.8289909362793,26910100
2018-04-23 00:00:00-04:00,43.96507551631893,44.135186734728045,43.25061099468199,43.46324920654297,21706700
2018-04-24 00:00:00-04:00,44.118178848496356,45.62365789930729,43.49727560911137,43.760948181152344,42494700
2018-04-25 00:00:00-04:00,44.109677234315285,44.313808128708025,43.03797868264616,43.701412200927734,25752800
2018-04-26 00:00:00-04:00,44.44989618532376,45.308956490419504,44.288292291259175,45.12183380126953,39575000
2018-04-27 00:00:00-04:00,47.1546487786657,47.452344222565074,44.424374912186494,44.84965133666992,69888100
2018-04-30 00:00:00-04:00,44.70505451285213,45.394000176209964,43.55680633292022,43.90553283691406,36417400
2018-05-01 00:00:00-04:00,43.92254525508349,45.43652817262265,43.75243404933045,45.359981536865234,27600800
2018-05-02 00:00:00-04:00,45.15584262982762,45.24940394525319,44.356324265956296,44.49241256713867,25778300
2018-05-03 00:00:00-04:00,44.13519236751842,44.705064535229084,43.556816097872684,44.4669075012207,28561000
2018-05-04 00:00:00-04:00,44.15893628325348,45.20260070179813,43.62855089202339,45.15127182006836,25642500
2018-05-07 00:00:00-04:00,45.21970095288624,45.83563435262087,45.19403814900631,45.621768951416016,20285700
2018-05-08 00:00:00-04:00,45.58755703113274,45.878414154052734,45.16837934153455,45.878414154052734,21026800
2018-05-09 00:00:00-04:00,45.989628433903135,46.511460693769216,45.50201543184126,46.48579788208008,19827500
2018-05-10 00:00:00-04:00,46.665434446587774,47.050392859008774,46.280476034166774,47.03328323364258,18715900
2018-05-11 00:00:00-04:00,46.72532829597892,47.212941320330735,46.56279170897104,46.76810073852539,15405000
2018-05-14 00:00:00-04:00,46.853636632500816,47.25570466659984,46.82797382635061,46.964847564697266,21878200
2018-05-15 00:00:00-04:00,46.69109551860175,46.836522423657236,45.8185242982878,46.126487731933594,21712600
2018-05-16 00:00:00-04:00,46.34035977354456,46.79375670388968,46.16071359566899,46.742427825927734,16260500
2018-05-17 00:00:00-04:00,46.6654374636689,47.42679789338869,46.55422652326214,46.88785934448242,16872600
2018-05-18 00:00:00-04:00,46.64832496746426,46.656881411837865,45.74153766350464,45.7672004699707,23679900
2018-05-21 00:00:00-04:00,46.50290058815926,47.23859820478731,46.07516971926644,46.46868133544922,25367400
2018-05-22 00:00:00-04:00,46.81941944164554,47.09316693038089,46.23770521225107,46.579891204833984,19009600
2018-05-23 00:00:00-04:00,46.19493358999569,47.24715113016851,46.0580598432251,47.23004150390625,20555400
2018-05-24 00:00:00-04:00,47.20436604169185,47.30702050841843,46.30613211534926,46.836517333984375,19667100
2018-05-25 00:00:00-04:00,46.879308529312326,47.478132474448444,46.65688988511615,47.42680358886719,18550000
2018-05-29 00:00:00-04:00,47.15304565715754,47.74331628948077,46.88785463180861,47.32413864135742,24253500
2018-05-30 00:00:00-04:00,47.811760609445955,48.07695494850932,47.58078552638971,47.63211441040039,24711500
2018-05-31 00:00:00-04:00,47.623553753519374,47.78609357351631,47.101724830530074,47.22148895263672,30962100
2018-06-01 00:00:00-04:00,47.76898742868765,48.84686786953679,47.73476817321236,48.82976150512695,31183200
2018-06-04 00:00:00-04:00,48.76987443511246,49.27459701370514,48.57311861814619,48.61589431762695,22538100
2018-06-05 00:00:00-04:00,48.67577229527631,48.86397165121872,48.09405807510356,48.359249114990234,21687000
2018-06-06 00:00:00-04:00,48.35925638807386,48.81265337874731,47.97430117378391,48.7869873046875,22955400
2018-06-07 00:00:00-04:00,48.692873552718424,48.76131204830603,47.58077410603651,47.80319595336914,27596100
2018-06-08 00:00:00-04:00,47.52945749970125,47.649221626335674,46.759540595154675,47.093170166015625,30822900
2018-06-11 00:00:00-04:00,46.87930256475733,47.127387251843764,46.41735244328484,46.639774322509766,25752400
2018-06-12 00:00:00-04:00,46.93918814787078,47.07606190561644,46.38313993473493,46.89641571044922,23294900
2018-06-13 00:00:00-04:00,47.03328881195453,47.64922234487999,46.9734067477343,47.0760612487793,22631400
2018-06-14 00:00:00-04:00,47.43534505855686,47.786084174307206,47.204370041356356,47.51233673095703,23419800
2018-06-15 00:00:00-04:00,47.19581871464039,47.37546814526792,46.69109946269991,47.144493103027344,39194700
2018-06-18 00:00:00-04:00,46.451572626792796,46.451572626792796,44.77486837080656,45.52767562866211,40764400
2018-06-19 00:00:00-04:00,44.603775042212874,45.29670023325782,44.381356423479204,45.27959060668945,31780900
2018-06-20 00:00:00-04:00,45.50200758016796,45.98106731677786,45.07427672140724,45.73298263549805,21403000
2018-06-21 00:00:00-04:00,46.52002056538039,46.64833789660276,44.43269137221583,44.64655685424805,44435600
2018-06-22 00:00:00-04:00,45.01440148669367,45.41646959914942,44.74065395665128,44.911746978759766,34682100
2018-06-25 00:00:00-04:00,43.773981949536335,44.27015139631764,42.69610143835989,43.380470275878906,45356500
2018-06-26 00:00:00-04:00,42.73031520123176,43.1238268242862,42.225592636591465,42.49078369140625,37543000
2018-06-27 00:00:00-04:00,42.20848014025916,42.824413604609106,41.703757609934044,41.712310791015625,33338800
2018-06-28 00:00:00-04:00,41.558342314831116,42.33681254413896,41.48990379372224,42.131500244140625,29055700
2018-06-29 00:00:00-04:00,42.37102575622841,42.86719521166862,42.345362944163604,42.52500915527344,28906500
2018-07-02 00:00:00-04:00,41.951840331258744,43.00405777497991,41.77219416696355,42.944175720214844,23755500
2018-07-03 00:00:00-04:00,43.269257599433,43.508785849143045,42.285475265276496,42.31969451904297,16327900
2018-07-05 00:00:00-04:00,42.755985862862495,43.59433814291922,42.559230015195645,43.41469192504883,26163500
2018-07-06 00:00:00-04:00,43.431785084051235,44.056271649818356,43.11526521117244,43.94506072998047,19968000
2018-07-09 00:00:00-04:00,44.176051338330495,44.389916810156905,43.62855625258739,44.364253997802734,21361600
2018-07-10 00:00:00-04:00,44.569562683399894,44.70643645379186,44.34714403026099,44.62089157104492,17362900
2018-07-11 00:00:00-04:00,44.21881507026899,44.37279844072021,43.79108421086613,43.79964065551758,18665600
2018-07-12 00:00:00-04:00,44.52678648751228,44.89463532629756,44.253038969810845,44.783424377441406,20292700
2018-07-13 00:00:00-04:00,44.82620171499839,44.84330808006738,44.278703396280264,44.672218322753906,13749300
2018-07-16 00:00:00-04:00,44.61233254384471,44.75775947812906,44.37280102954155,44.4925651550293,15951500
2018-07-17 00:00:00-04:00,43.67132530366982,44.38136018140428,43.637106047635605,44.27014923095703,15754500
2018-07-18 00:00:00-04:00,44.372801255718684,44.4583493910229,44.03061850448491,44.244483947753906,14649000
2018-07-19 00:00:00-04:00,44.14183107769139,44.49257031299236,43.671327703018584,44.4669075012207,15954600
2018-07-20 00:00:00-04:00,44.3385777062041,44.54388666927831,43.91084689258451,44.407012939453125,17380500
2018-07-23 00:00:00-04:00,44.28724507616402,44.911731619464014,43.91084316691285,44.74919509887695,15945500
2018-07-24 00:00:00-04:00,45.134158960092414,45.59610907259003,44.5524479921253,44.63799285888672,17788700
2018-07-25 00:00:00-04:00,44.66365741614495,44.868969673074844,43.70554116490321,44.85186004638672,19854800
2018-07-26 00:00:00-04:00,44.86897629967038,45.49346308104172,44.37280684241946,44.62089157104492,28282500
2018-07-27 00:00:00-04:00,41.712314839019946,42.08872010968563,40.617324807980225,40.78841781616211,67816700
2018-07-30 00:00:00-04:00,40.74564475009986,41.05361150740114,39.71908998020482,40.79697036743164,35696600
2018-07-31 00:00:00-04:00,41.26748010488543,41.64388213519454,40.79697348783916,41.14771270751953,36581200
2018-08-01 00:00:00-04:00,41.113492499585746,41.8406336750302,41.06216362026249,41.755088806152344,28060700
2018-08-02 00:00:00-04:00,41.489898684631,42.36247014135042,41.233260788731855,42.328250885009766,26452500
2018-08-03 00:00:00-04:00,42.345362529589266,42.58489080872398,42.06305854632787,42.456573486328125,22008200
2018-08-06 00:00:00-04:00,41.97459697194199,42.43935646714375,41.58729739260719,42.430747985839844,26669000
2018-08-07 00:00:00-04:00,42.54263323344259,42.88690023937465,42.52541955482863,42.7750129699707,28322700
2018-08-08 00:00:00-04:00,42.68894347089558,43.145097734413326,42.551237328725215,42.998783111572266,21990600
2018-08-09 00:00:00-04:00,42.91271686064199,43.54960652002217,42.79222439984971,43.15370178222656,23795600
2018-08-10 00:00:00-04:00,41.75081962274743,42.31885787328912,41.57008092556904,42.0434455871582,28712400
2018-08-13 00:00:00-04:00,42.103694390898475,42.379109977022935,41.63893818165247,41.69918441772461,17070600
2018-08-14 00:00:00-04:00,41.88853351132498,41.96599343632057,41.01065873894029,41.41516876220703,23061600
2018-08-15 00:00:00-04:00,41.1225344740549,41.311881648894484,40.365152341043334,40.84712219238281,26739900
2018-08-16 00:00:00-04:00,41.096717196917965,41.268850700450756,40.494251576139966,40.597530364990234,24358000
2018-08-17 00:00:00-04:00,40.45121593276802,40.7868744332854,39.87457251560704,40.53728103637695,26382000
2018-08-20 00:00:00-04:00,40.49425398269343,40.55450022003428,39.75408217173585,40.02088928222656,24334000
2018-08-21 00:00:00-04:00,40.15859956713411,41.18278899044582,40.141385885669955,40.98483657836914,19254300
2018-08-22 00:00:00-04:00,40.66637709154666,40.75244218482047,40.38235637403193,40.49424362182617,23182500
2018-08-23 00:00:00-04:00,40.33073075239923,40.59753459163742,40.20162979051545,40.43400955200195,31343200
2018-08-24 00:00:00-04:00,40.70081174970156,41.21720896840604,40.52007305147233,41.019256591796875,18214700
2018-08-27 00:00:00-04:00,41.31187845482586,41.647536941963615,40.99343364435838,41.61310958862305,17170300
2018-08-28 00:00:00-04:00,41.7852574782837,41.991818386369154,41.57869985337249,41.80247116088867,13472400
2018-08-29 00:00:00-04:00,41.91435726783776,42.05206344159893,41.65615860243232,41.95738983154297,13479100
2018-08-30 00:00:00-04:00,41.7594366696788,42.026243812987225,41.38935071867883,41.51845169067383,16418800
2018-08-31 00:00:00-04:00,41.277455452506544,41.793855957529075,41.24302809553702,41.681968688964844,16484000
2018-09-04 00:00:00-04:00,41.638938896732284,41.68197145421231,40.933194447904086,41.27745819091797,15682900
2018-09-05 00:00:00-04:00,41.096711206640194,41.415156007696396,40.85572630672448,41.070892333984375,20857200
2018-09-06 00:00:00-04:00,41.105323738984914,41.2774572481472,40.63195905116885,40.674991607666016,19318100
2018-09-07 00:00:00-04:00,40.37376045548435,40.86433882285567,39.900395767357914,39.97785568237305,25958300
2018-09-10 00:00:00-04:00,40.072540939039726,40.24467121523674,39.78852007360043,39.8487663269043,21522400
2018-09-11 00:00:00-04:00,39.590557754074716,39.616376632429166,38.63521985687511,38.669647216796875,32455300
2018-09-12 00:00:00-04:00,38.35120234545492,38.71267977511221,37.920870195954116,38.669647216796875,29778700
2018-09-13 00:00:00-04:00,39.31513637543963,39.461447696608836,38.82455810078419,39.220462799072266,18657100
2018-09-14 00:00:00-04:00,39.4012024788088,39.56473076332027,39.031116643467044,39.194644927978516,22998700
2018-09-17 00:00:00-04:00,38.97948563751545,39.50449136834825,38.89341724047602,39.09136962890625,17603200
2018-09-18 00:00:00-04:00,39.22906664903347,40.046694821518095,39.082752061958594,39.67660903930664,20528100
2018-09-19 00:00:00-04:00,39.668013049387575,39.96924420566306,39.495879553013,39.71965408325195,15918900
2018-09-20 00:00:00-04:00,40.26186380775557,40.76105054010981,40.038092596020356,40.62334442138672,21999300
2018-09-21 00:00:00-04:00,40.55448927127397,40.81268783062347,39.908991231313834,40.15858459472656,52650600
2018-09-24 00:00:00-04:00,39.85735544989406,40.451212493926455,39.719649325922504,40.37375259399414,17847000
2018-09-25 00:00:00-04:00,39.779910637886445,39.92622201371176,39.41842987337376,39.51310348510742,23389900
2018-09-26 00:00:00-04:00,39.62498146530994,39.84875271784896,39.22907671218599,39.33235549926758,23957700
2018-09-27 00:00:00-04:00,39.51309686233748,39.73686812996831,39.35817702968011,39.48727798461914,15415500
2018-09-28 00:00:00-04:00,39.26350596434813,41.096721913495344,39.125799802352375,40.7008171081543,46223500
2018-10-01 00:00:00-04:00,40.27048166318871,40.64056755901951,39.762689616572516,39.97785568237305,23796200
2018-10-02 00:00:00-04:00,40.890157178610345,42.06926956804348,40.726632152630096,41.39794921875,42121100
2018-10-03 00:00:00-04:00,41.84548807977673,42.792220570021385,41.79385033444342,41.965980529785156,39211900
2018-10-04 00:00:00-04:00,42.034849470602865,42.052063152601484,40.98483785090613,41.42377853393555,30108300
2018-10-05 00:00:00-04:00,41.50984884801119,41.60452246924736,40.158605832416605,40.47705078125,28901400
2018-10-08 00:00:00-04:00,40.416804528313264,40.752463161296376,40.038113326543126,40.47705078125,19376800
2018-10-09 00:00:00-04:00,40.6061500480762,40.98484123378042,40.0553253113521,40.06393051147461,23285700
2018-10-10 00:00:00-04:00,39.64219321942587,39.69383096887341,38.55775451660156,38.55775451660156,43109500
2018-10-11 00:00:00-04:00,38.85900126488526,39.254906124270995,37.63685603756165,38.06718826293945,43648800
2018-10-12 00:00:00-04:00,38.96228370273437,39.02252995723553,38.067191802753385,38.626625061035156,32087400
2018-10-15 00:00:00-04:00,38.41145063707134,38.85038800842975,38.24792231028818,38.325382232666016,21633000
2018-10-16 00:00:00-04:00,38.64382914702545,39.59916378104071,38.58358290748864,39.538917541503906,21472000
2018-10-17 00:00:00-04:00,39.59055753933485,39.87457833238826,39.194652751903206,39.49588394165039,23124400
2018-10-18 00:00:00-04:00,39.28932297749188,39.37538808626899,38.58357857936454,38.704071044921875,26638800
2018-10-19 00:00:00-04:00,38.747106323615625,38.88481247724518,37.74873588900796,37.86922836303711,28368500
2018-10-22 00:00:00-04:00,38.29956888240892,39.02252716792069,37.95530178143211,38.73850631713867,34508800
2018-10-23 00:00:00-04:00,38.0241558138357,38.8073603351021,37.79177601743696,38.29956817626953,38590300
2018-10-24 00:00:00-04:00,38.006929819605375,38.17906331116273,36.45773496193572,36.50937271118164,33631800
2018-10-25 00:00:00-04:00,37.473327769492904,38.678255927611985,37.24955319285393,38.13603973388672,48255300
2018-10-26 00:00:00-04:00,39.23769204070366,39.969255503107775,38.471701212658935,39.32375717163086,67280400
2018-10-29 00:00:00-04:00,40.02088315616278,40.23604919463677,38.24791381719472,39.074153900146484,35732200
2018-10-30 00:00:00-04:00,39.18604651393249,41.20860969131955,39.12580027253372,41.10532760620117,43975200
2018-10-31 00:00:00-04:00,41.56148278479624,41.79386255627029,40.30491360557269,40.34794616699219,33369100
2018-11-01 00:00:00-04:00,40.408184416182486,41.716394380227456,40.3307245076807,41.50122833251953,28335300
2018-11-02 00:00:00-04:00,41.423772579497324,41.52705137346914,40.23605495771362,40.545894622802734,30759800
2018-11-05 00:00:00-05:00,40.74384852856567,41.527052918605165,40.38236781145387,41.286067962646484,23751200
2018-11-06 00:00:00-05:00,41.39864970337712,41.50257844448942,40.73176728222253,40.922306060791016,23839600
2018-11-07 00:00:00-05:00,41.25142552889986,42.221435008114845,41.216781507254666,42.19545364379883,29913200
2018-11-08 00:00:00-05:00,41.99625046409719,42.689114295149615,41.97026579904591,42.429290771484375,26581700
2018-11-09 00:00:00-05:00,42.25608380932728,42.463941355037576,41.45928774054147,41.66714859008789,21761400
2018-11-12 00:00:00-05:00,41.32069976864556,41.398647145622704,40.359349887205774,40.40265655517578,24412800
2018-11-13 00:00:00-05:00,40.69712598009022,41.788386005510425,40.69712598009022,41.043556213378906,29315900
2018-11-14 00:00:00-05:00,41.44195701069542,41.545889065525216,40.61052039506962,40.78373718261719,25632700
2018-11-15 00:00:00-05:00,40.7144577101013,41.779740021252046,40.46329678435436,41.66714859008789,29581000
2018-11-16 00:00:00-05:00,41.3726751678675,42.481257399469925,41.30338712647452,42.29072189331055,31670600
2018-11-19 00:00:00-05:00,42.100178592324184,42.567862910330106,41.38133010681486,41.571868896484375,26859000
2018-11-20 00:00:00-05:00,41.052218868916285,41.67579461036994,40.78373271245363,41.043556213378906,29200800
2018-11-21 00:00:00-05:00,41.44195927068718,41.46794393772939,40.723114023341175,40.731773376464844,19011400
2018-11-23 00:00:00-05:00,40.437306055707815,40.76641764158996,40.29007392487157,40.307395935058594,8906900
2018-11-26 00:00:00-05:00,40.93964046751902,41.104194632771,40.445974667926954,41.09553527832031,20723000
2018-11-27 00:00:00-05:00,40.65382011200964,41.76240547037253,40.350693238923185,41.63249206542969,27621000
2018-11-28 00:00:00-05:00,41.51990782938783,42.334025806955786,41.26874693572551,42.31670379638672,28003200
2018-11-29 00:00:00-05:00,41.996250530702774,42.056875909526305,41.25142067220186,41.31204605102539,23592500
2018-11-30 00:00:00-05:00,41.528569706050774,42.71509932512776,41.19079876589158,42.70643997192383,43313700
2018-12-03 00:00:00-05:00,43.304034561628285,43.73707490724457,42.89697557952157,43.4166259765625,30870400
2018-12-04 00:00:00-05:00,42.88831362121279,42.95759835430842,41.29472511398779,41.355350494384766,35397700
2018-12-06 00:00:00-05:00,40.53257610538372,41.909644550746115,40.29007456657433,41.8923225402832,31661700
2018-12-07 00:00:00-05:00,41.51989972914136,41.623831772279374,40.03890280469272,40.04756546020508,34016400
2018-12-10 00:00:00-05:00,40.08220956351712,41.10418494736756,39.84836740241554,40.887664794921875,23289000
2018-12-11 00:00:00-05:00,41.485270696882964,42.0828652458943,40.818388099608065,41.034908294677734,23851000
2018-12-12 00:00:00-05:00,42.074197293281834,42.126160015024155,41.0608812694475,41.42463684082031,31305000
2018-12-13 00:00:00-05:00,41.79704771490757,42.07419654254107,41.45061746207739,41.82303237915039,19526000
2018-12-14 00:00:00-05:00,41.47660392219583,42.23009320117706,41.44195990150262,41.45062255859375,26372100
2018-12-17 00:00:00-05:00,41.4506157789754,41.926959422172,40.411318455015014,40.77507400512695,26598700
2018-12-18 00:00:00-05:00,41.11284896275965,41.96160759194552,41.01757956392039,41.3466911315918,29014300
2018-12-19 00:00:00-05:00,41.1301692601872,41.338026754607974,39.30273866057515,39.46729278564453,39717600
2018-12-20 00:00:00-05:00,39.3287194807344,40.10819333368447,38.982285923015425,39.44131088256836,37750900
2018-12-21 00:00:00-05:00,39.62318956076279,40.40266346382018,38.80041228616565,38.83505630493164,52768300
2018-12-24 00:00:00-05:00,38.65318916922563,39.12087031620481,37.709160912803185,37.752464294433594,19241600
2018-12-26 00:00:00-05:00,38.107549359615625,40.012927488363516,37.683168378968624,40.00426483154297,28677600
2018-12-27 00:00:00-05:00,39.51059203982145,40.168815079213225,38.68781489249921,40.151493072509766,29970700
2018-12-28 00:00:00-05:00,40.281408452709954,41.346690529830724,40.099532314210464,40.4892692565918,24758700
2018-12-31 00:00:00-05:00,40.783741086980356,41.12151203792456,40.31605670697958,40.64516830444336,20490400
2019-01-02 00:00:00-05:00,39.8050614073852,41.11284489205118,39.64050729176023,40.77507400512695,18774600
2019-01-03 00:00:00-05:00,39.969622742211754,40.08221084632539,38.445318970061905,38.53192901611328,32267300
2019-01-04 00:00:00-05:00,39.70114319703076,41.19946255410966,39.441319623080176,40.89633560180664,35447300
2019-01-07 00:00:00-05:00,40.79239692097105,41.5718708203875,40.489270017773244,41.08686447143555,22736800
2019-01-08 00:00:00-05:00,41.39865385544198,41.59785200581704,40.51525120779902,41.3466911315918,22749200
2019-01-09 00:00:00-05:00,41.53724013283105,42.06555002267735,41.38134530291455,41.580543518066406,22554500
2019-01-10 00:00:00-05:00,41.355354378374436,42.1348283478781,41.06088680143258,42.056880950927734,27202600
2019-01-11 00:00:00-05:00,41.6584821815568,42.68912037436263,41.61517880541846,42.3773307800293,21751300
2019-01-14 00:00:00-05:00,41.97025793429464,42.29071008047351,41.83168519405111,41.8749885559082,19193900
2019-01-15 00:00:00-05:00,42.18679162584716,42.55054725096315,41.95294943195169,42.091522216796875,22480800
2019-01-16 00:00:00-05:00,42.09151916857312,42.34268335536467,41.64116012831764,41.68446350097656,19057700
2019-01-17 00:00:00-05:00,41.571861118893885,42.29936882062792,41.49391374714257,41.978919982910156,17448700
2019-01-18 00:00:00-05:00,42.53322380675168,42.767065992768,42.169468193892165,42.602508544921875,29874600
2019-01-22 00:00:00-05:00,42.403300378255686,42.420622384671425,41.45927250352504,41.80570602416992,25940700
2019-01-23 00:00:00-05:00,41.92696405226245,42.26473497648749,41.15615280388521,41.51990509033203,18960700
2019-01-24 00:00:00-05:00,42.17812521109694,43.338673328824115,42.09151517017089,43.096168518066406,50578300
2019-01-25 00:00:00-05:00,40.57587150940435,41.07819980265059,39.623184247928066,40.74042892456055,86455700
2019-01-28 00:00:00-05:00,39.95229160958444,40.47193855188552,39.8830035885658,40.45461654663086,35928700
2019-01-29 00:00:00-05:00,40.515253449631594,40.67981089449049,40.12551978384831,40.307395935058594,20988300
2019-01-30 00:00:00-05:00,40.42865473539039,41.294735593811204,40.229456534413956,41.173484802246094,26931700
2019-01-31 00:00:00-05:00,40.445970581166115,40.86168893335232,39.92632016305652,40.809722900390625,43051300
2019-02-01 00:00:00-05:00,40.75775242493003,42.481250892647694,40.71444575377484,42.204105377197266,37442900
2019-02-04 00:00:00-05:00,42.108840078161975,42.64581245737613,41.779731811484815,42.62849044799805,20905000
2019-02-05 00:00:00-05:00,42.59384553191194,43.92761049140648,42.59384553191194,43.31269073486328,31641600
2019-02-06 00:00:00-05:00,43.53494519818869,44.1363276194456,43.42164010730465,43.49136734008789,21647800
2019-02-07 00:00:00-05:00,43.14273407096546,43.447782375899806,42.42804662102457,42.90740966796875,27825900
2019-02-08 00:00:00-05:00,42.5064952116021,42.72438784443288,41.844099745921,42.5675048828125,18851200
2019-02-11 00:00:00-05:00,42.724377565761536,42.98584799729812,42.34088782115967,42.50648498535156,18004100
2019-02-12 00:00:00-05:00,43.02072325884227,43.700547229900494,42.94228177566033,43.587242126464844,18050100
2019-02-13 00:00:00-05:00,43.691836477506044,44.28450477005255,43.57853136501913,43.9881706237793,17712800
2019-02-14 00:00:00-05:00,43.93585922383191,44.4849494504409,43.88356380827686,44.284488677978516,17545400
2019-02-15 00:00:00-05:00,44.66798583614568,45.03404383149507,44.52853469628247,45.02532958984375,22520400
2019-02-19 00:00:00-05:00,44.755136321283665,45.068902180500764,44.74642208065077,44.7987174987793,15611800
2019-02-20 00:00:00-05:00,44.999179267851304,45.086334975199634,44.502384421456156,44.790000915527344,21607700
2019-02-21 00:00:00-05:00,44.728992613125904,45.182209619603775,44.63311933726634,44.80743408203125,16162100
2019-02-22 00:00:00-05:00,45.93176634356791,46.17580502138502,45.37396175154159,45.74873733520508,31934100
2019-02-25 00:00:00-05:00,46.24553521216703,46.7248983562651,46.07122043482833,46.2803955078125,20711800
2019-02-26 00:00:00-05:00,46.20194546457542,46.51571134069921,46.114789754442015,46.39369201660156,16082200
2019-02-27 00:00:00-05:00,45.98405567100075,46.52443174609561,45.766163057591434,46.40241241455078,17590300
2019-02-28 00:00:00-05:00,46.12349973154396,46.35010987658482,46.02762978917104,46.158363342285156,18388800
2019-03-01 00:00:00-05:00,46.5767197908936,46.78589814445937,46.09735674807774,46.4547004699707,18359300
2019-03-04 00:00:00-05:00,46.846918807978504,47.151967181933244,46.37626989549583,47.012516021728516,21706100
2019-03-05 00:00:00-05:00,46.93406549053751,47.05608814137945,46.28910524568796,46.7859001159668,21057700
2019-03-06 00:00:00-05:00,46.742326403497295,46.759758212305606,46.140940636332054,46.149658203125,14740500
2019-03-07 00:00:00-05:00,45.99276554401077,46.18451207566551,45.63542185078496,45.84459686279297,17803000
2019-03-08 00:00:00-05:00,45.29550991423713,45.809736528307326,45.060185532397185,45.74000930786133,16793900
2019-03-11 00:00:00-04:00,46.088647524931346,46.759757187848955,45.81845948148841,46.49828338623047,18963000
2019-03-12 00:00:00-04:00,46.48956833802684,47.02994109076224,46.35011719781198,46.69002914428711,20782100
2019-03-13 00:00:00-04:00,47.06480319718926,47.561598076066296,46.75975487674804,47.38728332519531,25522300
2019-03-14 00:00:00-04:00,47.32628002296058,47.45701693488251,46.48085885347285,46.57672882080078,26647100
2019-03-15 00:00:00-04:00,46.785902493462004,47.66618719393092,46.785902493462004,47.35242462158203,46512500
2019-03-18 00:00:00-04:00,47.43086073442866,47.509302205342,46.95149766763703,47.15195846557617,16274000
2019-03-19 00:00:00-04:00,47.47444069847267,47.631323636278196,47.06480154700521,47.21296691894531,18274800
2019-03-20 00:00:00-04:00,47.1171068694217,47.413441000353075,46.724899442486354,46.907928466796875,24325300
2019-03-21 00:00:00-04:00,46.99507640573049,47.927659832881325,46.92535249959747,47.62260818481445,19127200
2019-03-22 00:00:00-04:00,47.41342710220973,47.60517031323467,46.376256285583445,46.41983413696289,21438400
2019-03-25 00:00:00-04:00,46.167080590033045,46.67258964319816,45.6528539718541,46.00148010253906,16971400
2019-03-26 00:00:00-04:00,46.472141286129904,46.86434869711792,46.22810259697194,46.57672882080078,17724300
2019-03-27 00:00:00-04:00,46.707455265628234,46.942779659485076,46.14093320729394,46.332679748535156,19656000
2019-03-28 00:00:00-04:00,46.41111996091498,46.57671712629713,45.99276660249405,46.289100646972656,13607900
2019-03-29 00:00:00-04:00,46.890485174739354,47.0996635261455,46.611582922715904,46.80332946777344,18736100
2019-04-01 00:00:00-04:00,47.36114246795121,47.561603289755226,47.15196407902049,47.509307861328125,17830400
2019-04-02 00:00:00-04:00,47.526735938381655,47.762060360656314,47.26526546633561,47.378570556640625,13704500
2019-04-03 00:00:00-04:00,47.962517543206225,48.79922764522951,47.84049822045499,48.3547248840332,24552800
2019-04-04 00:00:00-04:00,48.17170516145113,48.929970616316766,48.17170516145113,48.738224029541016,16520500
2019-04-05 00:00:00-04:00,48.59005315259352,48.76436790957625,47.82307021673597,48.45931625366211,19268400
2019-04-08 00:00:00-04:00,48.18040800480153,48.58133289363671,48.11068410551087,48.52903747558594,11758800
2019-04-09 00:00:00-04:00,48.241420859159895,48.311148087846576,47.84921683451771,48.215274810791016,13339700
2019-04-10 00:00:00-04:00,48.21527799137924,48.68592684172958,48.21527799137924,48.59005355834961,13084000
2019-04-11 00:00:00-04:00,48.59876141845247,48.868949424791495,48.48545966640643,48.63362503051758,10845800
2019-04-12 00:00:00-04:00,48.99096700200491,49.23500895301487,48.668486913800265,49.17399597167969,12910200
2019-04-15 00:00:00-04:00,49.20886582347875,49.29602486159954,48.73821699195852,49.05198287963867,11676900
2019-04-16 00:00:00-04:00,49.38317995637413,50.08915319481154,48.86895327462332,49.4267578125,30301900
2019-04-17 00:00:00-04:00,50.93457845843234,51.93688585616773,50.655676166411254,51.03916931152344,38788400
2019-04-18 00:00:00-04:00,51.16990028145815,51.3180689867263,50.65567358336999,50.97815704345703,20464200
2019-04-22 00:00:00-04:00,50.68182316564811,51.27449133959765,50.446498744393665,51.26577377319336,12327500
2019-04-23 00:00:00-04:00,51.326780716883704,51.40522218647517,50.98686879024642,51.23090744018555,17739900
2019-04-24 00:00:00-04:00,51.004300823007526,51.67541043808651,50.67310313606967,51.17861557006836,17723700
2019-04-25 00:00:00-04:00,50.812552562684985,50.88227978907907,49.87997252071561,50.2111701965332,27949900
2019-04-26 00:00:00-04:00,45.96662586546863,46.27167418555577,44.903308878689465,45.69643783569336,72364500
2019-04-29 00:00:00-04:00,45.46982577543648,45.69643593933482,44.45009001222554,44.545963287353516,42142300
2019-04-30 00:00:00-04:00,44.450095031102784,44.82487060813154,44.3367899363603,44.48495864868164,27130900
2019-05-01 00:00:00-04:00,44.537243628898196,44.9730288046204,44.22348109519092,44.240909576416016,20467600
2019-05-02 00:00:00-04:00,44.27577682205174,44.73771140707578,43.6831086684482,44.057884216308594,22655400
2019-05-03 00:00:00-04:00,44.519820598643584,45.16478087580571,44.21476894342155,45.1037712097168,25656600
2019-05-06 00:00:00-04:00,44.064627948607495,44.96784213760723,44.012012263224925,44.91522979736328,26245200
2019-05-07 00:00:00-04:00,44.371551131148486,44.61708768828138,43.78402427526652,44.26632308959961,29713400
2019-05-08 00:00:00-04:00,44.02078602716035,44.53816192513519,43.02987896592606,43.178955078125,36812400
2019-05-09 00:00:00-04:00,42.00390302392772,42.34589667779709,40.38162088910173,40.8814582824707,59642200
2019-05-10 00:00:00-04:00,40.72360530296302,41.03929271033412,39.54854847838089,40.51314926147461,42522800
2019-05-13 00:00:00-04:00,39.75024890646585,40.02208829796696,39.19779582335647,39.25040817260742,39091900
2019-05-14 00:00:00-04:00,39.61871052998327,39.89055326104467,39.34686779892186,39.60993957519531,24706500
2019-05-15 00:00:00-04:00,39.390710771922436,40.11854611030061,39.25040560785591,40.004547119140625,23407900
2019-05-16 00:00:00-04:00,39.87301631180691,40.29393183992294,39.82916822636917,39.925628662109375,19954700
2019-05-17 00:00:00-04:00,39.61870307507194,40.10100179834401,39.2503999814801,39.36439895629883,22500400
2019-05-20 00:00:00-04:00,38.583946938228266,39.0399394398239,38.10164827052803,38.1981086730957,28675000
2019-05-21 00:00:00-04:00,38.88210716463769,39.26794554301202,38.74180199567074,38.987335205078125,25543400
2019-05-22 00:00:00-04:00,38.71549140180948,38.98733075400709,38.45241631303427,38.583953857421875,16932500
2019-05-23 00:00:00-04:00,38.03150792908433,39.23287457890447,37.58428621622073,39.04872131347656,35783900
2019-05-24 00:00:00-04:00,39.10133601991345,39.504712981323344,39.01364653965538,39.083797454833984,27168100
2019-05-28 00:00:00-04:00,39.162716270373394,39.189022443371044,37.970120699108094,38.206886291503906,34779900
2019-05-29 00:00:00-04:00,38.01396821198338,39.04872013055291,37.99643299213034,38.785648345947266,28450300
2019-05-30 00:00:00-04:00,38.847019905691084,39.48716228123939,38.785636619346604,39.224090576171875,21618900
2019-05-31 00:00:00-04:00,38.74180423998941,39.43456251539366,38.522577191707505,38.61903762817383,25532500
2019-06-03 00:00:00-04:00,38.80318610614549,39.10133501455195,37.88243320655292,38.11042785644531,31155700
2019-06-04 00:00:00-04:00,38.72426505024782,39.33810144456637,38.38227139566528,39.27671813964844,28094900
2019-06-05 00:00:00-04:00,39.557327245852846,39.618710548841236,38.75057000707258,39.06625747680664,20802000
2019-06-06 00:00:00-04:00,39.24164454395927,39.60994440663783,39.031185090186135,39.548561096191406,19076200
2019-06-07 00:00:00-04:00,39.68008752836783,40.44299656188769,39.54854998856089,40.36407470703125,24370300
2019-06-10 00:00:00-04:00,40.539457886294514,41.38128879352402,40.51315171579943,41.0392951965332,20806100
2019-06-11 00:00:00-04:00,41.44267734625191,41.495293039056506,40.793767194024014,41.08314514160156,18415500
2019-06-12 00:00:00-04:00,40.925297986427594,40.925297986427594,40.55699820300745,40.61838150024414,15900600
2019-06-13 00:00:00-04:00,40.863921551148536,41.17960904431319,40.802538243604225,40.95161437988281,12267600
2019-06-14 00:00:00-04:00,40.18869898768089,40.70607154452101,39.9431624501245,40.5043830871582,15381100
2019-06-17 00:00:00-04:00,40.460538391434625,40.80253200838831,40.16238950957828,40.4517707824707,12643300
2019-06-18 00:00:00-04:00,40.99545290411049,42.091588008498476,40.863915353528384,41.53913497924805,25732300
2019-06-19 00:00:00-04:00,41.63559802952465,41.723290850489605,41.214682524310085,41.276065826416016,17436400
2019-06-20 00:00:00-04:00,41.97759205802783,42.1354357920906,41.10068391107427,41.38129425048828,20126800
2019-06-21 00:00:00-04:00,41.17083559583719,41.85482283727584,41.03929804395796,41.61805725097656,31096300
2019-06-24 00:00:00-04:00,41.565443353176704,41.960049303791514,41.36375155579471,41.76713180541992,14479900
2019-06-25 00:00:00-04:00,41.7057524651358,41.810980505605905,41.03930040350061,41.08314514160156,16665600
2019-06-26 00:00:00-04:00,41.78467375101754,42.512505759766825,41.70575188547711,42.258201599121094,21886300
2019-06-27 00:00:00-04:00,42.22312597545435,42.45988821661473,41.425139745396294,41.61805725097656,23062900
2019-06-28 00:00:00-04:00,41.88991060422208,42.26698144724055,41.810988722075436,41.97760009765625,26646200
2019-07-01 00:00:00-04:00,43.22279679099429,43.363101939357655,41.87235764728523,42.13542938232422,27423300
2019-07-02 00:00:00-04:00,42.012669396473754,42.284512127636525,41.81974853273636,42.19681930541992,15381600
2019-07-03 00:00:00-04:00,42.249428048088625,42.5826540274128,42.09158433920552,42.547576904296875,10739100
2019-07-05 00:00:00-04:00,42.11789508283654,42.249432636236534,41.60051916867629,42.1617431640625,14339200
2019-07-08 00:00:00-04:00,41.75836024483561,42.04774150589671,41.27606148820584,41.93374252319336,16564300
2019-07-09 00:00:00-04:00,41.53037040187802,41.916208782537744,41.328681929364585,41.87236404418945,17853200
2019-07-10 00:00:00-04:00,42.021433616246505,42.62650233274305,42.00389839835688,42.27573776245117,16032300
2019-07-11 00:00:00-04:00,42.58265921945514,42.77557672983775,42.363432190958406,42.617733001708984,16615100
2019-07-12 00:00:00-04:00,42.96849940257804,43.78402425068708,42.80188805812425,43.77525329589844,20148700
2019-07-15 00:00:00-04:00,43.84539835388046,44.064625345649866,43.64370992286922,43.950626373291016,14345100
2019-07-16 00:00:00-04:00,43.76648629713654,43.84540816564026,42.93342287296154,43.11757278442383,17131400
2019-07-17 00:00:00-04:00,43.40695007882729,43.58233236433518,43.17895544926425,43.310489654541016,11928600
2019-07-18 00:00:00-04:00,43.214026480775814,43.836633721972554,42.87203288562105,43.79278564453125,15671600
2019-07-19 00:00:00-04:00,43.81033724976165,44.42417372016702,43.76649250440548,44.08218002319336,29141100
2019-07-22 00:00:00-04:00,43.85417497397596,45.17830814965766,43.748946932940434,45.029232025146484,21688000
2019-07-23 00:00:00-04:00,45.59921662703805,45.59921662703805,44.98538034956943,45.37998962402344,18413500
2019-07-24 00:00:00-04:00,45.58168667373687,46.4498272414889,45.42384293414559,46.40597915649414,20896400
2019-07-25 00:00:00-04:00,46.046445168341975,46.12536703510542,45.493995446136964,45.73952865600586,27765400
2019-07-26 00:00:00-04:00,46.204286442260724,46.914583205320255,45.18707318320326,45.239688873291016,36401500
2019-07-29 00:00:00-04:00,45.18707063896502,46.090288203018794,44.52938960302369,46.04644012451172,21897500
2019-07-30 00:00:00-04:00,45.34491873251142,45.87106561913859,45.21338451970892,45.336151123046875,16487700
2019-07-31 00:00:00-04:00,45.169536386802434,45.3536896367439,43.88925131750129,44.32770538330078,24169800
2019-08-01 00:00:00-04:00,44.301398587377854,45.502761774150784,43.38064573116299,43.406951904296875,34020800
2019-08-02 00:00:00-04:00,43.047417460743446,43.28418304199863,42.53004156358704,42.68788528442383,27881600
2019-08-05 00:00:00-04:00,41.88112840619204,42.05651069112456,40.83760899580879,41.18837356567383,38936600
2019-08-06 00:00:00-04:00,41.62538506697557,41.987344790700355,41.28990913326904,41.457645416259766,26119600
2019-08-07 00:00:00-04:00,40.874972430512564,41.387014746812014,40.58364068012376,41.25458908081055,29440400
2019-08-08 00:00:00-04:00,40.751372752003654,41.81959467323256,40.5306655764907,41.643028259277344,30643700
2019-08-09 00:00:00-04:00,41.43998311068997,41.492954051647416,40.41590182625192,40.59246826171875,24975500
2019-08-12 00:00:00-04:00,40.3982448148076,40.67192295795657,40.115739865368184,40.25699234008789,18494300
2019-08-13 00:00:00-04:00,40.15988233359038,41.537093063030056,40.045113650228906,41.35169982910156,28959500
2019-08-14 00:00:00-04:00,40.66309714657217,41.16630931055604,40.301137460764046,40.495357513427734,25650200
2019-08-15 00:00:00-04:00,40.69840152182972,40.7690294339884,40.1157347174175,40.345272064208984,21896000
2019-08-16 00:00:00-04:00,40.9102802942798,41.21044217379356,40.66308934681815,41.05153274536133,22701800
2019-08-19 00:00:00-04:00,41.89904550934376,42.022640977344494,41.528259105341526,41.69599533081055,21403600
2019-08-20 00:00:00-04:00,41.51943289654711,41.59888761466411,41.01622080438085,41.13981628417969,23113300
2019-08-21 00:00:00-04:00,41.59007131906496,41.74898079545476,41.3958478773163,41.62538528442383,15915000
2019-08-22 00:00:00-04:00,41.74013947411061,41.87256512498133,41.21927041119624,41.29872512817383,19783000
2019-08-23 00:00:00-04:00,40.91910197164632,41.16629625585689,39.550718391813696,39.69197082519531,32814000
2019-08-26 00:00:00-04:00,40.45121368426864,40.45121368426864,39.948001558365746,40.2216796875,22080500
2019-08-27 00:00:00-04:00,40.49534911944369,40.716056281327305,40.168703462818655,40.42472457885742,16925500
2019-08-28 00:00:00-04:00,40.34526986587036,40.53066307359883,40.05393479567645,40.42472457885742,14888800
2019-08-29 00:00:00-04:00,41.01622181445599,41.68717353235017,40.963254246223094,41.37818145751953,17803800
2019-08-30 00:00:00-04:00,41.70482872895586,42.190383834114165,41.63420081736416,41.85490798950195,16922600
2019-09-03 00:00:00-04:00,41.5988876858208,41.68717257705973,41.051534831036435,41.47529220581055,15003800
2019-09-04 00:00:00-04:00,41.98733638579356,43.214467804296675,41.96967940674089,43.18798065185547,23450700
2019-09-05 00:00:00-04:00,44.07963798966342,45.17434370984846,44.02666705440635,44.22971725463867,30014200
2019-09-06 00:00:00-04:00,44.362142551915696,45.01543727726497,44.20323311514761,44.953636169433594,17067900
2019-09-09 00:00:00-04:00,45.07724111217688,45.93358278418444,45.041927150848295,45.54513931274414,20749700
2019-09-10 00:00:00-04:00,45.315603793932894,45.76584499887646,44.87418939516585,45.74818801879883,18532000
2019-09-11 00:00:00-04:00,45.5539582421226,46.60452651977539,45.35973822384891,46.60452651977539,18968900
2019-09-12 00:00:00-04:00,46.789925025112886,47.081260137060035,45.9688939958203,46.79875183105469,23308700
2019-09-13 00:00:00-04:00,46.57804342998039,46.78992381206017,46.11014526953161,46.38382339477539,18010800
2019-09-16 00:00:00-04:00,45.81881218173598,46.16311484570379,45.64224576316357,46.08366012573242,13354600
2019-09-17 00:00:00-04:00,45.95123471192423,46.03068943231413,45.333253927527714,45.862953186035156,19641100
2019-09-18 00:00:00-04:00,46.02185771325019,46.02185771325019,45.1655128591124,45.677555084228516,14906800
2019-09-19 00:00:00-04:00,45.642245942084905,45.8982670816323,45.46567952282035,45.5274772644043,11428400
2019-09-20 00:00:00-04:00,45.55395974059238,45.80115406755477,44.63582044868316,44.77707290649414,37067900
2019-09-23 00:00:00-04:00,44.874187820944044,45.22731730693486,44.48574100831232,44.93598556518555,18916600
2019-09-24 00:00:00-04:00,45.112548425062066,45.18317634258296,43.82361923982588,43.98252868652344,28197400
2019-09-25 00:00:00-04:00,43.92073059900841,45.209659774162624,43.62939549310022,45.04192352294922,19486700
2019-09-26 00:00:00-04:00,45.006607104264376,45.15668973575613,44.44159727029974,44.953636169433594,11351800
2019-09-27 00:00:00-04:00,44.697621498066674,45.21849060625998,44.441600346913724,44.83004379272461,14845700
2019-09-30 00:00:00-04:00,45.19199891124718,45.55395853529359,44.9712917412744,45.49216079711914,13652100
2019-10-01 00:00:00-04:00,45.88060699305292,46.118971137744616,44.521050034910985,44.812381744384766,18413100
2019-10-02 00:00:00-04:00,44.415113245846875,44.468080812666116,43.240949454731606,43.602909088134766,20078700
2019-10-03 00:00:00-04:00,43.70002102162826,44.203233115489674,42.843676097674084,44.16791915893555,16320100
2019-10-04 00:00:00-04:00,44.45042407557607,44.99778029898804,44.167919158593755,44.953636169433594,12644900
2019-10-07 00:00:00-04:00,44.75942492403269,45.22732315312124,44.63582941957345,44.68879699707031,12081400
2019-10-08 00:00:00-04:00,44.28269282833662,44.5651977771837,43.79713765798851,43.903076171875,17409100
2019-10-09 00:00:00-04:00,44.55637018485057,44.83887512871371,44.27386524098744,44.5651969909668,11834900
2019-10-10 00:00:00-04:00,44.50340279016588,45.712877387910694,44.49457598334651,45.12138366699219,13907900
2019-10-11 00:00:00-04:00,45.90709846393442,46.60453403731349,45.7481890075259,45.98655319213867,24072500
2019-10-14 00:00:00-04:00,45.81881655115548,45.862957318076894,45.41271273939438,45.58927917480469,15016800
2019-10-15 00:00:00-04:00,45.845303902647146,46.85172828470238,45.75702236193963,46.48094177246094,18878100
2019-10-16 00:00:00-04:00,46.2160897875901,46.40148640891931,46.01303955253893,46.30437469482422,14769300
2019-10-17 00:00:00-04:00,46.47210990819712,46.64867635091773,45.359747044189376,45.783504486083984,16533900
2019-10-18 00:00:00-04:00,45.686389478209435,45.748187223544605,45.05075167736249,45.34208679199219,16974100
2019-10-21 00:00:00-04:00,45.483339743065464,46.05717643691655,45.3244302911745,46.02186584472656,12189000
2019-10-22 00:00:00-04:00,45.818804313972045,46.18959069835271,45.80997414231131,45.91591262817383,13114300
2019-10-23 00:00:00-04:00,45.35090860490268,45.87177766375493,45.200829344962216,45.6599006652832,15887500
2019-10-24 00:00:00-04:00,45.98654627724513,46.28670816446825,45.403879480603095,46.11014175415039,23413000
2019-10-25 00:00:00-04:00,47.84049117139959,49.97693860574516,47.60212699270868,49.844512939453125,59767700
2019-10-28 00:00:00-04:00,49.77388344262188,50.15350005604218,49.4913785258055,50.10935592651367,32307500
2019-10-29 00:00:00-04:00,49.76505113469647,50.533114501582425,49.65028583247369,49.73856735229492,18155800
2019-10-30 00:00:00-04:00,49.720910550910496,49.994588651684325,49.10292980680051,49.968101501464844,15248000
2019-10-31 00:00:00-04:00,49.729744167961904,49.96810496237783,49.10293320778959,49.906307220458984,19249700
2019-11-01 00:00:00-04:00,49.38543689086343,50.012247835269584,49.10293197270472,49.888648986816406,17953500
2019-11-04 00:00:00-05:00,50.25944405795727,51.02750417412013,50.18881613716203,50.85976791381836,19068000
2019-11-05 00:00:00-05:00,50.73616485565249,51.51305166222265,50.506627515015396,50.80678939819336,20865400
2019-11-06 00:00:00-05:00,51.033151752472605,51.22844068407917,50.58042926764994,51.130794525146484,17721000
2019-11-07 00:00:00-05:00,51.48587829282142,51.97410577179459,51.36160257667472,51.5302619934082,16962800
2019-11-08 00:00:00-05:00,51.35272109023349,51.75218114691715,50.873372408472214,51.72555160522461,11888900
2019-11-11 00:00:00-05:00,51.45924718630283,51.92972049349566,51.39710933011733,51.796566009521484,11228900
2019-11-12 00:00:00-05:00,51.840944525936536,52.19601744741035,51.5124977560935,51.66340637207031,11952500
2019-11-13 00:00:00-05:00,51.37047902695992,51.459249816232585,50.90888108152018,51.38823318481445,15332700
2019-11-14 00:00:00-05:00,51.1396805922418,51.52138651184397,51.10417227733478,51.31721878051758,12119000
2019-11-15 00:00:00-05:00,51.63676905165739,52.10724562728611,51.14854170978607,51.450355529785156,16112100
2019-11-18 00:00:00-05:00,51.219570545740716,51.91196572725774,51.104170220068156,51.70779800415039,16097500
2019-11-19 00:00:00-05:00,51.91196633654849,52.06287497746984,51.26395484614315,51.796566009521484,17061900
2019-11-20 00:00:00-05:00,51.716670817281624,51.80544159656059,50.926629506123234,51.3971061706543,18542300
2019-11-21 00:00:00-05:00,51.03315613051806,51.752180842053875,50.962139504744144,51.68116760253906,16139000
2019-11-22 00:00:00-05:00,51.78768658018433,52.0628709119881,51.03315359327508,51.13967514038086,15690200
2019-11-25 00:00:00-05:00,51.48587832316005,52.23153600673894,51.48587832316005,52.20490646362305,15011700
2019-11-26 00:00:00-05:00,52.32917755044621,52.488961567524626,51.88533381106373,52.284793853759766,22338700
2019-11-27 00:00:00-05:00,51.956348974699814,52.00961144445356,51.40598366561424,51.938594818115234,18184200
2019-11-29 00:00:00-05:00,51.61903278084105,51.75218388260139,51.299464718601364,51.5302619934082,9481100
2019-12-02 00:00:00-05:00,51.97410044583452,52.09837614924628,51.015399743616015,51.184059143066406,19154500
2019-12-03 00:00:00-05:00,50.47391419942468,50.47391419942468,49.488580485622464,49.772640228271484,25737400
2019-12-04 00:00:00-05:00,50.29636799086802,50.29636799086802,49.58621874752225,49.728248596191406,18881400
2019-12-05 00:00:00-05:00,50.07445981961673,50.07445981961673,49.49746149700805,49.781524658203125,17673700
2019-12-06 00:00:00-05:00,50.29636519610365,50.5893036474769,50.0833187418087,50.42951965332031,16476800
2019-12-09 00:00:00-05:00,50.18985563961363,50.562682790779775,50.15434732438086,50.18097686767578,14298600
2019-12-10 00:00:00-05:00,50.34075540401067,50.447280338079125,50.10107938174508,50.23423385620117,16157900
2019-12-11 00:00:00-05:00,50.51829423565532,50.7490914899728,50.225359128780866,50.66032409667969,20051100
2019-12-12 00:00:00-05:00,50.376261261228414,51.53025423401361,50.251985563795074,51.08641052246094,27883300
2019-12-13 00:00:00-05:00,51.08641867394992,51.787692662802456,50.93551341334737,51.29946517944336,22795200
2019-12-16 00:00:00-05:00,51.672293149848535,51.99186122002176,51.17519027292074,51.219573974609375,19131200
2019-12-17 00:00:00-05:00,51.485872404965605,51.57463979598784,50.71358526704361,50.8644905090332,21653100
2019-12-18 00:00:00-05:00,50.944388262538766,51.00652612051594,50.54492818535742,50.74909591674805,28261000
2019-12-19 00:00:00-05:00,50.74908174416106,51.476988451665726,50.57154699166847,51.450355529785156,18865100
2019-12-20 00:00:00-05:00,51.769930019471204,52.41794142916905,51.388224158295124,52.32917404174805,49953000
2019-12-23 00:00:00-05:00,52.426826831225924,53.065959551271405,52.409072674244214,52.57773208618164,23593000
2019-12-24 00:00:00-05:00,52.595488435033445,52.79965616944279,52.51559641841593,52.737518310546875,6313200
2019-12-26 00:00:00-05:00,52.737522962216445,53.12810430776445,52.684260484353686,53.10147476196289,11480300
2019-12-27 00:00:00-05:00,53.18135912216182,53.68734073703707,53.1724837369268,53.33226776123047,14085800
2019-12-30 00:00:00-05:00,53.25237027879387,53.30562935725135,52.7108804060841,52.92392349243164,12750500
2019-12-31 00:00:00-05:00,52.92392220771705,53.19910652268296,52.69312497206663,53.128089904785156,14432900
2020-01-02 00:00:00-05:00,53.47429348646952,54.12230491872165,53.45653933111563,54.00690460205078,18056000
2020-01-03 00:00:00-05:00,53.09259074543035,53.88263208088146,53.09259074543035,53.35001754760742,15293900
2020-01-06 00:00:00-05:00,52.89729805420298,53.43878796889315,52.666500795056855,53.19911193847656,17755200
2020-01-07 00:00:00-05:00,53.06594953079461,53.083703684423796,52.2759083187182,52.31141662597656,21876100
2020-01-08 00:00:00-05:00,52.27591483415162,52.657620719106674,51.9474714167225,52.34693145751953,23133500
2020-01-09 00:00:00-05:00,52.41794780812356,52.826283257966196,52.2226588547801,52.639869689941406,18813300
2020-01-10 00:00:00-05:00,52.87954899548842,53.332271558670605,52.258167010758406,52.32030487060547,15200600
2020-01-13 00:00:00-05:00,52.52446640421269,53.0659563071442,52.444577782067704,52.89729690551758,16453300
2020-01-14 00:00:00-05:00,52.808526747126606,53.0304486048219,52.5422178088852,52.75526428222656,17051200
2020-01-15 00:00:00-05:00,52.639872941967155,52.950565627461856,52.151645449057646,52.32030487060547,18498800
2020-01-16 00:00:00-05:00,52.6043657437784,53.11922617774799,52.4357063186467,52.959442138671875,21365500
2020-01-17 00:00:00-05:00,53.24349206557411,53.26124622066539,52.586605258490856,52.90616989135742,21803400
2020-01-21 00:00:00-05:00,53.09258299737489,54.37085159542234,53.07482884356413,53.74946975708008,28358500
2020-01-22 00:00:00-05:00,54.18445196545174,55.79116435569124,54.12231410429659,55.68464279174805,29475100
2020-01-23 00:00:00-05:00,55.80003478611966,56.554567779495024,55.75565108996681,56.208370208740234,42778700
2020-01-24 00:00:00-05:00,59.09336054474358,61.50787178935831,58.99571437143059,60.77996826171875,84711000
2020-01-27 00:00:00-05:00,59.22651962689863,59.847898257523866,58.2323070453791,58.31220245361328,30764000
2020-01-28 00:00:00-05:00,59.03121565582192,59.989919730974876,58.534112849083854,59.750240325927734,30915400
2020-01-29 00:00:00-05:00,60.03429967762713,60.416005551215484,58.73827681608749,58.88031005859375,18055800
2020-01-30 00:00:00-05:00,58.26780683200191,59.031218622149964,57.637549521069104,59.00458908081055,18522400
2020-01-31 00:00:00-05:00,58.409840749361564,58.569624771740465,56.51906202245819,56.74986267089844,25268400
2020-02-03 00:00:00-05:00,57.22033802622281,57.73519842492195,57.07831154150629,57.18482971191406,16646600
2020-02-04 00:00:00-05:00,58.38320556282277,58.640635757878506,57.62867252077298,58.10802459716797,20970800
2020-02-05 00:00:00-05:00,59.19987929248053,60.00767136507322,58.70276970605944,59.77687072753906,23401400
2020-02-06 00:00:00-05:00,60.03557829304609,60.12478283910926,59.56278126775713,59.84823989868164,17408000
2020-02-07 00:00:00-05:00,59.643074826602216,60.03558302727695,58.884825916466056,58.893741607666016,18134600
2020-02-10 00:00:00-05:00,58.48339000334225,59.23272315545511,58.376347271519364,59.22380065917969,22299300
2020-02-11 00:00:00-05:00,59.616301681713516,60.401311113128294,59.38436444743676,60.133697509765625,17975600
2020-02-12 00:00:00-05:00,60.30317901972364,60.740285965953646,60.044481127420816,60.17829132080078,15586600
2020-02-13 00:00:00-05:00,59.75902700109507,60.347789173397615,59.53601226416889,60.160457611083984,11602700
2020-02-14 00:00:00-05:00,60.23184203853486,60.53514574511313,59.607403239509686,60.008827209472656,13405500
2020-02-18 00:00:00-05:00,59.46465650656497,59.49141718776065,58.7688447661267,59.00078201293945,12758400
2020-02-19 00:00:00-05:00,59.22379010840244,59.946355642963276,59.03645855521516,59.86607360839844,13551200
2020-02-20 00:00:00-05:00,59.803635043114056,60.026649788886765,57.591325770466014,58.385257720947266,26452600
2020-02-21 00:00:00-05:00,58.14440603794194,58.20684989586362,57.12745931986312,57.39507293701172,20775900
2020-02-24 00:00:00-05:00,54.95976007523717,55.994548464613835,54.701062127159176,55.09356689453125,26903100
2020-02-25 00:00:00-05:00,55.29874751502676,55.557442079064224,53.04183557972279,53.282691955566406,34495700
2020-02-26 00:00:00-05:00,53.62166912370757,54.255030221680535,52.87233939839436,53.21132278442383,26190100
2020-02-27 00:00:00-05:00,51.67698805946454,52.194380609230116,49.776901072000754,49.80366516113281,42226900
2020-02-28 00:00:00-05:00,48.43880928778294,50.29429388130632,47.81436722638812,49.527122497558594,60721700
2020-03-02 00:00:00-05:00,49.76797338970001,51.93567707387924,48.635058029426226,51.899993896484375,43140300
2020-03-03 00:00:00-05:00,51.76618244454589,52.64932234780232,49.420069735378284,49.92854309082031,49740300
2020-03-04 00:00:00-05:00,50.85627952068936,52.37278042458044,50.098030770211246,52.34601974487305,29223100
2020-03-05 00:00:00-05:00,50.90088778187839,52.32818082117607,50.49946055115872,50.81167984008789,29099200
2020-03-06 00:00:00-05:00,49.22381853997649,49.96422578027667,48.65290129373655,49.7501335144043,36259200
2020-03-09 00:00:00-04:00,46.31571296031014,47.02044055916109,44.602960895338356,45.361209869384766,56197000
2020-03-10 00:00:00-04:00,47.06504134455741,48.17119623691914,44.986545202379894,48.15335464477539,36569000
2020-03-11 00:00:00-04:00,46.73497345525965,47.76084273206056,45.50393100368561,46.083770751953125,38563500
2020-03-12 00:00:00-04:00,42.809919981384276,44.68324282976608,40.47272256506263,40.62437438964844,50661700
2020-03-13 00:00:00-04:00,43.05076564862683,49.06324477881274,42.586897965300864,48.554771423339844,48805100
2020-03-16 00:00:00-04:00,42.381723183671234,46.610084499690615,38.920536583855366,39.79475402832031,53878900
2020-03-17 00:00:00-04:00,40.82062187662525,46.05701111006236,40.321070971256624,44.674320220947266,52085200
2020-03-18 00:00:00-04:00,41.66807749892524,44.647554868487376,40.32106982780311,42.47093200683594,49309900
2020-03-19 00:00:00-04:00,42.67609923687348,43.91606060189495,40.285381038425776,40.98118591308594,44538000
2020-03-20 00:00:00-04:00,41.48966511083265,44.085556822267186,40.5619262807562,40.8830680847168,52344000
2020-03-23 00:00:00-04:00,41.052551945233475,45.040056410310335,40.95442491947193,44.2282829284668,46698500
2020-03-24 00:00:00-04:00,47.40401828848637,48.74210688934136,45.80723174142828,46.743896484375,50019800
2020-03-25 00:00:00-04:00,46.81525706548909,47.98385560934779,44.5226656512191,45.72694396972656,41106100
2020-03-26 00:00:00-04:00,46.15513278839947,49.91070025031057,46.08376643710727,49.54495620727539,41459800
2020-03-27 00:00:00-04:00,47.65378612941811,48.74209910661347,46.44950794211173,46.717124938964844,31633500
2020-03-30 00:00:00-04:00,47.270207295699805,50.04450789133991,47.12747799366387,49.5003547668457,31628600
2020-03-31 00:00:00-04:00,49.11677022011013,49.77689198058237,47.47538150878571,48.27823257446289,48074700
2020-04-01 00:00:00-04:00,46.83308957163406,48.78669722585154,45.87858687545647,46.28001403808594,29586600
2020-04-02 00:00:00-04:00,45.75370766096636,48.67074104613153,45.69126380219906,48.48340606689453,27810000
2020-04-03 00:00:00-04:00,48.03736872470797,49.179206390791265,47.038263744452806,48.287147521972656,23906100
2020-04-06 00:00:00-04:00,50.51730687234674,52.42631276735762,50.06235483392954,52.12301254272461,32323400
2020-04-07 00:00:00-04:00,53.47002477497845,54.852719194024566,51.926762837984356,52.096256256103516,41410000
2020-04-08 00:00:00-04:00,52.62256232725779,53.086430016376966,51.65913696616014,52.61363983154297,26719500
2020-04-09 00:00:00-04:00,52.95262004383495,53.27376181168343,50.008826176782,50.97224807739258,40499700
2020-04-13 00:00:00-04:00,50.46378191882198,52.42631257678796,50.46378191882198,52.363868713378906,23251900
2020-04-14 00:00:00-04:00,53.55921767306299,54.32638887869957,53.08642413765052,54.1122932434082,25674000
2020-04-15 00:00:00-04:00,53.29161205447131,53.371897509472994,52.087330229446046,52.51551818847656,22841600
2020-04-16 00:00:00-04:00,53.17563777272655,54.37991606694839,52.46199125011602,54.228267669677734,24433500
2020-04-17 00:00:00-04:00,55.325506401775,55.423633448329106,53.37189817624169,53.844688415527344,27385600
2020-04-20 00:00:00-04:00,52.8812577637303,53.55922452645947,52.53335528943235,52.79205322265625,26420300
2020-04-21 00:00:00-04:00,51.83755845937082,52.27466554320029,49.89286921356026,50.27645492553711,25248000
2020-04-22 00:00:00-04:00,51.980284609653005,53.9695760113042,51.56993823685007,53.61275100708008,23350400
2020-04-23 00:00:00-04:00,53.22916242066829,53.61274808829867,52.46199448834278,52.66716766357422,35092000
2020-04-24 00:00:00-04:00,50.133712788607646,52.988302058975144,50.04450485341614,52.86341094970703,50187000
2020-04-27 00:00:00-04:00,53.27375782479499,53.37188484684229,52.08731787158249,53.050743103027344,25902200
2020-04-28 00:00:00-04:00,53.514624893495395,53.71979807042616,51.971359713957646,52.408470153808594,28784700
2020-04-29 00:00:00-04:00,53.023989633496484,55.334422749486926,52.9169434984478,55.129249572753906,30451500
2020-04-30 00:00:00-04:00,54.745656737434366,54.897308528263125,53.300522193136764,53.50569534301758,26279900
2020-05-01 00:00:00-04:00,52.479832870727456,52.91693987731035,51.123902775468494,51.266632080078125,21194800
2020-05-04 00:00:00-04:00,50.954413057003705,51.80186985295026,50.23184738915472,51.730506896972656,18957200
2020-05-05 00:00:00-04:00,52.44415333317097,52.89910195976783,52.05164516605536,52.408470153808594,17252100
2020-05-06 00:00:00-04:00,52.964666380402946,53.78102541795377,52.87495452771989,53.09025955200195,17848700
2020-05-07 00:00:00-04:00,53.76309151254032,53.915596552877886,52.85702047964346,53.081295013427734,14733500
2020-05-08 00:00:00-04:00,53.52983093261719,53.62851225078871,52.973631183654106,53.52983093261719,20384500
2020-05-11 00:00:00-04:00,53.59264478258513,54.57945137496269,53.56572951112032,53.94251251220703,18684400
2020-05-12 00:00:00-04:00,54.0232486287668,54.40002818779409,52.26493375349978,52.38155746459961,16754900
2020-05-13 00:00:00-04:00,52.435381633870904,53.13511701680554,51.044880342739845,51.79844284057617,21065000
2020-05-14 00:00:00-04:00,51.421658685587325,53.06334971928408,50.32719799645615,53.000553131103516,21569400
2020-05-15 00:00:00-04:00,51.4934312137774,52.36361402520443,51.09870586799092,52.282875061035156,21373300
2020-05-18 00:00:00-04:00,53.59264155008949,54.07707191918513,53.25174331674559,53.75411605834961,20428700
2020-05-19 00:00:00-04:00,53.94250875495423,55.41374906532803,53.69131896433991,54.08604431152344,21865000
2020-05-20 00:00:00-04:00,54.86651506634519,56.95675510701096,54.74092189040357,56.60688400268555,30584000
2020-05-21 00:00:00-04:00,56.6068835258159,57.2348528223912,55.45859915870041,55.602134704589844,20987700
2020-05-22 00:00:00-04:00,55.60213852311908,55.90715200685089,55.09976236692622,55.85332489013672,14103000
2020-05-26 00:00:00-04:00,57.12720617202642,57.539870468692214,55.727731931235674,55.92509460449219,20933600
2020-05-27 00:00:00-04:00,55.90715103388651,57.04646598499354,54.78577845470529,57.019554138183594,19886300
2020-05-28 00:00:00-04:00,56.51717896648909,56.92087378639553,55.16256237320036,55.3509521484375,17253500
2020-05-29 00:00:00-04:00,55.53037389984226,57.109265054101336,55.27918410413733,56.454383850097656,33393900
2020-06-01 00:00:00-04:00,56.059660510913794,56.21216554183997,55.315067462064576,55.49448776245117,14317700
2020-06-02 00:00:00-04:00,55.350946470839716,55.77258019757526,54.570472180515786,55.727725982666016,20702400
2020-06-03 00:00:00-04:00,56.02377288226749,56.10451184217708,55.198440911840756,55.557281494140625,16737300
2020-06-04 00:00:00-04:00,55.38683096958098,56.93881006932751,55.02799040756077,56.49026107788086,22010100
2020-06-05 00:00:00-04:00,56.840131819621696,58.41005337464275,56.6607115289021,57.71928405761719,26813100
2020-06-08 00:00:00-04:00,57.38736871963943,57.54884665751115,56.46335531467178,57.11823654174805,21546200
2020-06-09 00:00:00-04:00,56.50820440879187,57.15411264038805,56.42746545207269,56.55305862426758,23594100
2020-06-10 00:00:00-04:00,56.32878905496842,57.67443616996246,56.29290431058409,57.29765319824219,21367800
2020-06-11 00:00:00-04:00,56.57997055114195,56.78630268035513,53.395273337548254,53.5567512512207,26998200
2020-06-12 00:00:00-04:00,53.924562168567064,54.68709411159681,52.13933561497499,53.22482681274414,30419800
2020-06-15 00:00:00-04:00,53.224829696897494,54.148839606288625,52.552006149944916,53.915592193603516,29651700
2020-06-16 00:00:00-04:00,55.16256378289117,55.30609934228625,53.36836757937379,54.18472671508789,23226600
2020-06-17 00:00:00-04:00,54.489739304441436,54.974169670531076,53.8797123315725,54.265464782714844,20454800
2020-06-18 00:00:00-04:00,54.1398651307054,54.283400679650605,53.21585524825551,53.89765167236328,24899700
2020-06-19 00:00:00-04:00,54.40899867995567,54.62430029783703,53.01849394994287,53.4849853515625,60336100
2020-06-22 00:00:00-04:00,53.58366798353003,54.31928813639788,52.77628176368261,53.90662384033203,22846000
2020-06-23 00:00:00-04:00,53.99633295397625,54.2475227469359,53.70029236298212,53.75411605834961,22809600
2020-06-24 00:00:00-04:00,53.502924704853314,53.65543314589269,52.632738541103905,53.009521484375,27764500
2020-06-25 00:00:00-04:00,52.91083773201186,53.00951905601842,51.56519078026541,52.489200592041016,21906900
2020-06-26 00:00:00-04:00,52.47126608120996,52.68656769528752,51.19738507964749,51.58313751220703,38477500
2020-06-29 00:00:00-04:00,51.55622514973187,52.34566895632115,50.919282944249886,52.273902893066406,22150300
2020-06-30 00:00:00-04:00,52.66862571045877,53.807940644969754,52.51612068454723,53.673377990722656,31542100
2020-07-01 00:00:00-04:00,53.745141554043585,53.85279235686293,52.71347747537312,52.75833511352539,14748100
2020-07-02 00:00:00-04:00,53.09923766916072,53.65544097985714,52.90187840544835,53.045413970947266,15578600
2020-07-06 00:00:00-04:00,52.677591790253146,53.48497787772266,52.56993757419825,53.413211822509766,20536700
2020-07-07 00:00:00-04:00,52.99158461678169,53.44013366782752,52.15728310806383,52.309791564941406,15996500
2020-07-08 00:00:00-04:00,52.43539051121142,52.65966506136874,51.968899036225245,52.57892608642578,13277900
2020-07-09 00:00:00-04:00,52.2111108958841,52.70451417393192,51.76256183908468,52.408470153808594,20683700
2020-07-10 00:00:00-04:00,51.98682667873904,53.547775189079914,51.87917588337414,53.404239654541016,17742300
2020-07-13 00:00:00-04:00,53.68235170948186,54.38208714892722,52.381558749310614,52.55200958251953,19082900
2020-07-14 00:00:00-04:00,51.915070992303264,53.153067445439255,51.448579525583064,52.910850524902344,24190900
2020-07-15 00:00:00-04:00,52.955692291259766,53.233793895077255,52.40846197976961,52.955692291259766,19986300
2020-07-16 00:00:00-04:00,52.516121044528546,53.25174117702573,52.39052786417403,53.054378509521484,12425900
2020-07-17 00:00:00-04:00,53.305563456444844,54.23854623170143,53.17997027942135,53.82588195800781,16322800
2020-07-20 00:00:00-04:00,53.89765685714272,55.0638837322794,53.23380274056217,54.85755157470703,16868700
2020-07-21 00:00:00-04:00,55.18947375180137,55.55728382411319,54.22060619225362,54.453853607177734,19803700
2020-07-22 00:00:00-04:00,55.00109260531856,55.41375696148777,54.38209264890666,54.767845153808594,18959900
2020-07-23 00:00:00-04:00,54.95622820798792,55.386838308330844,53.80794373282725,54.18472671508789,43518600
2020-07-24 00:00:00-04:00,46.783667700860875,46.8105795490103,44.40635634580807,45.384193420410156,182269900
2020-07-27 00:00:00-04:00,45.77892074309329,45.87760209413065,44.37944972011424,44.46915817260742,107526500
2020-07-28 00:00:00-04:00,44.38840875140075,45.061232253250886,44.083395293675736,44.1731071472168,62362600
2020-07-29 00:00:00-04:00,44.39738569790407,44.40635517299775,42.97099960697602,43.123504638671875,60500800
2020-07-30 00:00:00-04:00,42.90820318185283,43.50925725803958,42.69289813503277,43.05173873901367,39735200
2020-07-31 00:00:00-04:00,43.177333506539455,43.34778091749189,42.1366998234368,42.8184928894043,46536000
2020-08-03 00:00:00-04:00,43.30292976333325,43.62588565720053,42.827468820783096,43.32984161376953,31767100
2020-08-04 00:00:00-04:00,43.59896426042809,44.08339803318246,43.50925582346951,44.07442855834961,29045800
2020-08-05 00:00:00-04:00,44.60372098962645,44.60372098962645,43.652795721281805,43.88603973388672,29438600
2020-08-06 00:00:00-04:00,44.0666763900722,44.093771009350064,43.44347258348789,43.86797332763672,23795500
2020-08-07 00:00:00-04:00,43.83184823622619,43.94023361245575,43.08220166700214,43.380252838134766,36765200
2020-08-10 00:00:00-04:00,43.533785203486275,44.6085807177516,43.407339077737234,44.455039978027344,37442600
2020-08-11 00:00:00-04:00,44.82535809091718,44.9156757881679,43.407348882605085,43.52476119995117,35348100
2020-08-12 00:00:00-04:00,43.95829598302683,44.491178709824176,43.5699270964182,44.427955627441406,30659800
2020-08-13 00:00:00-04:00,44.49117083645691,44.5543973530504,43.705395919182905,43.85894012451172,24774500
2020-08-14 00:00:00-04:00,44.01248348820173,44.446014621496936,43.94023002201878,44.1569938659668,22321200
2020-08-17 00:00:00-04:00,44.35569364269354,44.53633246287261,44.012480228893196,44.193119049072266,20018300
2020-08-18 00:00:00-04:00,44.49116706101944,44.77115738497783,43.91312563320737,43.940223693847656,19251400
2020-08-19 00:00:00-04:00,44.066677704763954,44.23828270764208,43.5789538708165,43.65121078491211,27775000
2020-08-20 00:00:00-04:00,44.98792648872173,45.34017028290798,44.25634083859726,44.409881591796875,55081300
2020-08-21 00:00:00-04:00,44.27441870616037,44.53634489627312,43.94023903504403,44.509246826171875,34621500
2020-08-24 00:00:00-04:00,44.491167705053115,44.61761728394128,44.093765079029374,44.38278579711914,36295300
2020-08-25 00:00:00-04:00,44.572465066318564,45.05115853817855,44.44601890426481,44.64472198486328,38384300
2020-08-26 00:00:00-04:00,44.60858716310116,44.86147945113882,44.464076792022645,44.75309753417969,28616600
2020-08-27 00:00:00-04:00,44.96987389014562,45.09632005968614,44.40989307446657,44.61763000488281,24420600
2020-08-28 00:00:00-04:00,44.77116795365109,45.88209223098423,44.67181641378073,45.54791259765625,35384700
2020-08-31 00:00:00-04:00,46.06272552665844,46.51432087495902,45.448555577337736,46.0175666809082,46114100
2020-09-01 00:00:00-04:00,45.981432595305314,46.06271988586102,45.35823233131072,45.873050689697266,30472800
2020-09-02 00:00:00-04:00,46.25239232361638,47.580083680610976,46.1440104104124,47.19171142578125,53000700
2020-09-03 00:00:00-04:00,47.41751275376178,47.525894675344325,45.285982105376426,45.51177978515625,47394300
2020-09-04 00:00:00-04:00,45.638217815536606,46.27045189552558,44.69890225326004,45.23178482055664,43318400
2020-09-08 00:00:00-04:00,44.49117182048376,45.069216755531144,44.120863775840355,44.17505645751953,39752700
2020-09-09 00:00:00-04:00,44.7350388322487,45.132444985846675,44.29247727352297,44.81632614135742,33437300
2020-09-10 00:00:00-04:00,45.15953397737517,45.2408212763504,43.99441717386312,44.22021484375,32649100
2020-09-11 00:00:00-04:00,44.49118259457101,45.2047042385058,44.21119561825727,44.509246826171875,29333600
2020-09-14 00:00:00-04:00,44.12086750966801,44.90664595621859,44.12086750966801,44.62665557861328,27212500
2020-09-15 00:00:00-04:00,44.96986903520883,45.701451350111746,44.91567634894222,45.15953826904297,27598300
2020-09-16 00:00:00-04:00,45.62016334756425,46.08982295184647,45.31307835420277,45.493717193603516,26531400
2020-09-17 00:00:00-04:00,44.59052315286282,45.602099200730265,44.527300080545984,45.44855499267578,26959900
2020-09-18 00:00:00-04:00,45.457590600696584,45.61113136933641,44.29247374476229,45.060184478759766,50123500
2020-09-21 00:00:00-04:00,44.6085921170293,44.933741349414596,44.102807484784975,44.906646728515625,27377100
2020-09-22 00:00:00-04:00,45.06018719598976,45.349207968245594,44.680848724428756,45.1143798828125,22290900
2020-09-23 00:00:00-04:00,45.0059974905989,45.29501825987521,43.94926250354544,44.093772888183594,30078800
2020-09-24 00:00:00-04:00,43.83183359770027,44.83437559790801,43.732482092036676,44.40084457397461,29343400
2020-09-25 00:00:00-04:00,44.220220121536904,45.41243168520093,44.03055088309022,45.1053466796875,26633400
2020-09-28 00:00:00-04:00,45.620162134758594,46.478194015052004,45.30404675826064,46.45109939575195,29652200
2020-09-29 00:00:00-04:00,46.34271458487638,46.73108684916839,46.017565391943634,46.23432922363281,19558200
2020-09-30 00:00:00-04:00,46.27949156947267,47.30912838473863,46.1982042711412,46.7672119140625,27711300
2020-10-01 00:00:00-04:00,47.32719623287516,47.616216994523924,46.95688816667523,47.18268585205078,22127600
2020-10-02 00:00:00-04:00,46.514319398831816,46.94785050599441,46.05369367415874,46.071754455566406,25811800
2020-10-05 00:00:00-04:00,46.333680719705875,46.79430989120495,46.30658610211145,46.6859245300293,20883200
2020-10-06 00:00:00-04:00,46.703985118948374,47.598145329303726,46.270454044212016,46.39690017700195,25642800
2020-10-07 00:00:00-04:00,46.83044396295535,47.77879710708936,46.77625471727888,47.57106018066406,21978700
2020-10-08 00:00:00-04:00,47.787818334911314,48.39295787697668,47.571051057577705,48.203285217285156,22369500
2020-10-09 00:00:00-04:00,48.36586030875314,48.63681682414299,47.57105154426377,47.7065315246582,24343900
2020-10-12 00:00:00-04:00,48.365862946540396,48.95293829973562,48.0587779602443,48.663917541503906,27303500
2020-10-13 00:00:00-04:00,49.01616568614032,49.03422991579342,48.429090281312924,48.6187629699707,20005800
2020-10-14 00:00:00-04:00,48.78132686919788,49.13357412678829,48.32973153143475,48.36585998535156,21874200
2020-10-15 00:00:00-04:00,47.64331327470766,48.754237512025426,47.525897509508404,48.63682174682617,18272900
2020-10-16 00:00:00-04:00,48.68197341887951,49.404525190515486,48.68197341887951,48.91680145263672,23414400
2020-10-19 00:00:00-04:00,49.19679867895794,50.78641279974601,48.62778757154101,49.29615020751953,43537200
2020-10-20 00:00:00-04:00,49.314204317341314,49.40452544263086,48.11296263687871,48.25747299194336,27224900
2020-10-21 00:00:00-04:00,47.995552401582785,48.83552001342373,47.70653165830408,48.320701599121094,21866000
2020-10-22 00:00:00-04:00,47.97748528433129,48.97099704422772,47.93232644192664,48.681976318359375,41522700
2020-10-23 00:00:00-04:00,43.669270946979765,43.958291708453196,43.04607057606504,43.53379440307617,97322500
2020-10-26 00:00:00-04:00,43.21767019013172,43.22670402583892,41.77256656287294,42.19706726074219,54161300
2020-10-27 00:00:00-04:00,41.528707438910956,41.91707971055233,40.968730176818376,41.221622467041016,50130500
2020-10-28 00:00:00-04:00,40.54422799194768,40.90550563246601,39.92102767972244,39.9661865234375,45066000
2020-10-29 00:00:00-04:00,39.95716415612336,40.16489763524398,39.668139918434214,39.83974838256836,36796800
2020-10-30 00:00:00-04:00,39.83070771963517,40.46294188645775,39.38814621463868,39.993282318115234,46781300
2020-11-02 00:00:00-05:00,40.60745628693125,40.69777743138135,39.95716127388744,40.155860900878906,33856700
2020-11-03 00:00:00-05:00,40.39972429978633,41.05905317407953,40.37262967816042,40.50810623168945,34349500
2020-11-04 00:00:00-05:00,40.742935191978255,41.68225439675798,40.44488059135806,41.27581787109375,34748200
2020-11-05 00:00:00-05:00,41.98542676450503,42.19467115490917,41.42137304728435,41.557838439941406,31103200
2020-11-06 00:00:00-05:00,41.43047556480568,41.667011662535515,40.84822965920054,41.294010162353516,36233700
2020-11-09 00:00:00-05:00,42.43120523543721,43.07713399325186,41.430470637990815,41.48505401611328,48481700
2020-11-10 00:00:00-05:00,41.30311265838992,42.28565182669856,41.166647246185576,41.339500427246094,39224500
2020-11-11 00:00:00-05:00,41.75798444286155,42.26744781023451,41.721593210775225,42.16737365722656,31496900
2020-11-12 00:00:00-05:00,41.96722812561727,42.021811502382555,40.529805716178025,40.89371109008789,42881300
2020-11-13 00:00:00-05:00,40.93010783756546,41.46686642766706,40.91191221937192,41.35769271850586,30884700
2020-11-16 00:00:00-05:00,41.8853581281701,42.53128700159418,41.65791809072842,42.021820068359375,36306300
2020-11-17 00:00:00-05:00,41.6215197693989,41.95812999580542,41.3122012322943,41.42137145996094,31118000
2020-11-18 00:00:00-05:00,41.439570160098086,41.56693601359709,40.97559405514325,40.99378967285156,32817900
2020-11-19 00:00:00-05:00,40.86642118577201,41.54874124674027,40.666276327800304,41.50325393676758,29469100
2020-11-20 00:00:00-05:00,41.53964580449181,41.73979413596583,41.23942677774013,41.294010162353516,24199300
2020-11-23 00:00:00-05:00,41.375886698987024,42.04001111969711,41.348595008006626,41.90354919433594,35489600
2020-11-24 00:00:00-05:00,42.112797330691855,43.031653536736975,41.858062133895004,42.767822265625,33901200
2020-11-25 00:00:00-05:00,42.78600741880836,42.922472793370794,42.36751869348957,42.804203033447266,28126900
2020-11-27 00:00:00-05:00,43.08624278267725,43.759463374023014,43.08624278267725,43.168121337890625,15921400
2020-11-30 00:00:00-05:00,43.14081940065066,44.1233619089803,43.004357477022076,43.98689651489258,46332700
2020-12-01 00:00:00-05:00,44.35080816391375,45.69725279530664,44.314416924304844,45.08771514892578,57768000
2020-12-02 00:00:00-05:00,44.77839273790596,45.54259135228268,44.74200150139771,45.397029876708984,33753500
2020-12-03 00:00:00-05:00,45.41522158074491,46.49783829830145,45.28785572466985,46.388668060302734,50261200
2020-12-04 00:00:00-05:00,46.45234669231365,47.89886522624144,46.39775984313297,47.298423767089844,39767700
2020-12-07 00:00:00-05:00,46.39776356917053,46.66159482237603,45.087710317759274,45.66995620727539,51040300
2020-12-08 00:00:00-05:00,45.33333964943695,46.1430254438609,45.31514403411229,46.11573028564453,28956500
2020-12-09 00:00:00-05:00,45.742737941149855,46.252204860144346,45.242370566856046,45.55168914794922,34068400
2020-12-10 00:00:00-05:00,45.17868981242924,46.14303684005331,45.11500687829421,45.724544525146484,33706000
2020-12-11 00:00:00-05:00,45.61536827179955,45.61536827179955,44.68741260597041,45.242366790771484,29398800
2020-12-14 00:00:00-05:00,45.324254286545965,46.707090249720494,45.2514752729367,45.91559982299805,33436400
2020-12-15 00:00:00-05:00,46.37956868460131,46.40686037658536,45.6790530031832,46.09754180908203,25465600
2020-12-16 00:00:00-05:00,46.13392983511482,46.81624985091089,46.106638145029876,46.50693130493164,28351000
2020-12-17 00:00:00-05:00,46.53423341094338,46.68889097178689,45.68815618743826,46.07935333251953,26399000
2020-12-18 00:00:00-05:00,46.006557983626514,46.10663212815714,42.85878955444501,43.17720413208008,119298400
2020-12-21 00:00:00-05:00,42.14008810221625,42.258357888482465,41.157548986081366,42.17647933959961,53775700
2020-12-22 00:00:00-05:00,42.076406439361264,42.15828499071029,41.63972198898628,42.003623962402344,32171200
2020-12-23 00:00:00-05:00,42.003617802848126,42.78601196312601,41.91264319044982,42.367523193359375,22564200
2020-12-24 00:00:00-05:00,42.39482219645162,42.840606203206455,42.15828608113614,42.822410583496094,11865600
2020-12-28 00:00:00-05:00,42.93158083129865,43.340973598632765,42.63136178222671,42.822410583496094,21269200
2020-12-29 00:00:00-05:00,42.95887060850836,46.09754000003529,42.29474618943801,44.933048248291016,84531400
2020-12-30 00:00:00-05:00,44.67831371257511,44.75109270721531,44.17794641162484,44.350799560546875,37385400
2020-12-31 00:00:00-05:00,44.35080247616886,45.66085569994578,44.323510785192006,45.32424545288086,28576800
2021-01-04 00:00:00-05:00,45.38793061919864,46.75257076274862,44.942150115762885,45.187782287597656,46102500
2021-01-05 00:00:00-05:00,44.98763949977585,46.24310946143058,44.878469254989206,46.04296112060547,24866600
2021-01-06 00:00:00-05:00,45.888297495636536,47.44398988048841,45.66995701841967,46.488739013671875,36809600
2021-01-07 00:00:00-05:00,46.84355168289022,47.9352610872774,46.67069503317659,47.48038101196289,32092300
2021-01-08 00:00:00-05:00,47.71692802311419,47.78970704185572,46.64341060061092,46.98912048339844,34625400
2021-01-11 00:00:00-05:00,46.661594256502504,47.525867006597714,46.62520302123426,46.889034271240234,32925000
2021-01-12 00:00:00-05:00,47.21655580526142,48.990585420286706,46.907237198200136,48.43563461303711,39883900
2021-01-13 00:00:00-05:00,54.130720295883854,54.81304029961348,51.76534567113808,51.81083297729492,124070700
2021-01-14 00:00:00-05:00,53.17547106718913,54.71296417078432,52.6205169288945,53.90327835083008,74680900
2021-01-15 00:00:00-05:00,53.53937968217339,54.26719052746668,52.31120495404476,52.38398742675781,50265400
2021-01-19 00:00:00-05:00,52.71149774505839,53.07540316496059,51.94729913963118,52.756988525390625,35647100
2021-01-20 00:00:00-05:00,52.98442437050483,53.87598876151254,52.84795898117896,53.37561798095703,28701300
2021-01-21 00:00:00-05:00,53.71223449026684,58.17915622234313,52.966231522662504,56.823612213134766,86519500
2021-01-22 00:00:00-05:00,53.539377975515926,54.23989363598205,51.53790862613751,51.54700469970703,85729300
2021-01-25 00:00:00-05:00,51.29227230542699,51.401442539091185,49.1816292788037,50.437095642089844,61968500
2021-01-26 00:00:00-05:00,50.291534793970236,51.12851585027609,49.900337692184756,50.22785186767578,31485900
2021-01-27 00:00:00-05:00,49.68200317879438,49.900343674993564,48.490216112970174,48.75404739379883,49722900
2021-01-28 00:00:00-05:00,49.84575078321091,52.220224917062275,49.76387224513124,51.0102424621582,49202600
2021-01-29 00:00:00-05:00,50.92836652678343,52.00188364959739,50.364316274774794,50.50077819824219,37256200
2021-02-01 00:00:00-05:00,50.90107079778573,52.21112389961481,50.682726878918125,51.57429122924805,26926600
2021-02-02 00:00:00-05:00,52.02917211428751,53.02081063335384,51.74714874099877,52.76607894897461,23580900
2021-02-03 00:00:00-05:00,52.66600910606898,53.0663057519511,52.202033004339214,52.47496032714844,21893200
2021-02-04 00:00:00-05:00,52.729407352788996,53.89181614928563,52.34498701864844,53.80944061279297,29853800
2021-02-05 00:00:00-05:00,54.00165268578159,54.07487694162637,53.196203329112514,53.251121520996094,23432600
2021-02-08 00:00:00-05:00,53.434178951309505,54.20301618411701,53.040607302876815,54.14809799194336,34358300
2021-02-09 00:00:00-05:00,53.791141681937255,54.28539496642349,53.0314556900575,53.80029296875,28754100
2021-02-10 00:00:00-05:00,54.2762351897133,54.386068078976166,53.196201885975455,53.873512268066406,16325100
2021-02-11 00:00:00-05:00,54.09317747062129,55.823063788596116,53.87351169443451,55.521018981933594,27539100
2021-02-12 00:00:00-05:00,55.46610278171478,57.214291734142904,55.31050647562823,56.5735969543457,26214200
2021-02-16 00:00:00-05:00,56.747500997793374,57.54379559868385,56.47291701385094,57.17768478393555,26326300
2021-02-17 00:00:00-05:00,56.280704129512536,56.92139887760483,56.024422738751106,56.61020278930664,21055400
2021-02-18 00:00:00-05:00,55.51186718229875,56.72919070050593,55.50271240498637,56.39053726196289,17846100
2021-02-19 00:00:00-05:00,56.66512315631019,57.90075277972231,56.61020496513812,57.671932220458984,28290100
2021-02-22 00:00:00-05:00,56.637662052294495,57.38819315760776,55.52101667981769,55.56678009033203,32288200
2021-02-23 00:00:00-05:00,55.3562632946886,56.28985149455685,54.1572424367989,55.94204330444336,27374600
2021-02-24 00:00:00-05:00,55.40203449069931,57.91906072433494,55.264744245597676,57.83668518066406,24669900
2021-02-25 00:00:00-05:00,57.12276636462,58.157036307954954,55.03592390508113,55.283050537109375,36394000
2021-02-26 00:00:00-05:00,55.73153716920229,56.463762290938014,54.624046454356716,55.630855560302734,38216800
2021-03-01 00:00:00-05:00,56.49122074356525,57.73600514361777,56.42715126634413,57.552947998046875,28495400
2021-03-02 00:00:00-05:00,57.47972561274647,57.79092172288131,55.93289983998716,56.05188751220703,23320000
2021-03-03 00:00:00-05:00,55.50271585473064,56.30816522358068,54.64235178469122,54.825408935546875,28740400
2021-03-04 00:00:00-05:00,54.76133577748001,55.13660134033674,53.00399213546285,53.38841247558594,40210400
2021-03-05 00:00:00-05:00,54.23962881743886,55.99697268971634,53.55316707654649,55.5942497253418,39511700
2021-03-08 00:00:00-05:00,55.34711769558657,56.472914422151945,54.66065602147174,54.779640197753906,33112400
2021-03-09 00:00:00-05:00,55.99697197569181,57.81838181638057,55.685775850794364,57.360740661621094,36387500
2021-03-10 00:00:00-05:00,57.864147106763426,58.68790255890212,56.866489277628716,56.976322174072266,27160300
2021-03-11 00:00:00-05:00,57.60786101290023,58.66043345898211,57.10445649594589,57.94651794433594,30701800
2021-03-12 00:00:00-05:00,57.34243796802079,57.937369373048654,56.96717236156402,57.571258544921875,20173000
2021-03-15 00:00:00-04:00,58.2211055410966,58.46823217207866,57.186835602140135,58.38585662841797,21247400
2021-03-16 00:00:00-04:00,58.715359239717145,60.161506907731805,58.65128975989622,59.29198455810547,30186600
2021-03-17 00:00:00-04:00,58.77942590291558,60.674059838888674,58.312630010560106,60.2072639465332,32394700
2021-03-18 00:00:00-04:00,60.06997451232258,60.13404399365632,58.25771947856841,58.33094024658203,30094200
2021-03-19 00:00:00-04:00,57.82753651431022,59.48419525765971,57.58956115891228,58.3583984375,54951700
2021-03-22 00:00:00-04:00,59.3285928186506,60.756430837589804,59.09061748781102,60.069969177246094,34380100
2021-03-23 00:00:00-04:00,60.40862727324681,60.45439417803715,57.81837688241667,58.102115631103516,35160000
2021-03-24 00:00:00-04:00,60.93949323164087,61.726636516898054,56.73834760924176,56.78411102294922,74584700
2021-03-25 00:00:00-04:00,56.43629833696349,57.150217310687154,55.81390618342641,56.76580047607422,35401400
2021-03-26 00:00:00-04:00,56.564443184483935,59.46588977529429,56.53698583386759,59.37436294555664,34705800
2021-03-29 00:00:00-04:00,58.587211644371735,59.612323170405986,58.22109739233869,59.03569793701172,26161600
2021-03-30 00:00:00-04:00,58.3675537109375,58.578068224636795,57.80007965263832,58.3675537109375,20709500
2021-03-31 00:00:00-04:00,58.587214927298646,59.02654646791734,58.19364330634289,58.578060150146484,33013200
2021-04-01 00:00:00-04:00,59.23707061675478,59.39266692931033,58.19364937024745,59.08147430419922,31416300
2021-04-05 00:00:00-04:00,59.447579216750746,61.085935278702,59.21875865474162,60.90288162231445,27947500
2021-04-06 00:00:00-04:00,60.46354629982618,60.93949700473139,59.75878200374122,60.00590515136719,28771400
2021-04-07 00:00:00-04:00,60.106578209874975,60.93033355649578,59.8228429727801,60.63744354248047,17793300
2021-04-08 00:00:00-04:00,61.29645424037843,61.58934428507301,60.73813150157791,61.36967849731445,22224200
2021-04-09 00:00:00-04:00,61.14085777493148,62.60530799465001,60.98525448357899,62.477169036865234,27177100
2021-04-12 00:00:00-04:00,62.422245481097896,62.68767816656457,59.227912444014905,59.868614196777344,51266900
2021-04-13 00:00:00-04:00,60.05168081109958,60.06998338716338,58.77028401205934,59.69472122192383,26822000
2021-04-14 00:00:00-04:00,59.7770838901007,59.841153370826596,58.431621303332,58.75197219848633,25768400
2021-04-15 00:00:00-04:00,58.550607892383056,59.69471072916387,58.28517519628396,59.51165008544922,24927700
2021-04-16 00:00:00-04:00,59.79539175420769,59.969290635228504,59.09977528097604,59.2645263671875,24625500
2021-04-19 00:00:00-04:00,59.21875863461008,59.25537076248502,57.72685108471554,58.239410400390625,23997700
2021-04-20 00:00:00-04:00,58.24855905488283,58.35839194202063,57.12276236002798,57.3881950378418,19872100
2021-04-21 00:00:00-04:00,57.470571558589754,58.37669900313559,57.02208173352923,58.3034782409668,24364200
2021-04-22 00:00:00-04:00,57.98313372427208,58.49569308173716,57.003781918679415,57.26921463012695,38257600
2021-04-23 00:00:00-04:00,54.14810066081366,54.91693793151588,52.994846500522776,54.2213249206543,77479500
2021-04-26 00:00:00-04:00,54.09318619398982,54.47760660159731,53.507406040992834,53.78199005126953,39645900
2021-04-27 00:00:00-04:00,53.59893086226298,53.66300034169052,52.87585703269529,53.05891418457031,38167700
2021-04-28 00:00:00-04:00,52.64702909084923,53.23280910157243,52.308375676810684,52.738555908203125,30387400
2021-04-29 00:00:00-04:00,52.976536753309084,53.36095361617799,52.60127117652173,53.342647552490234,23290600
2021-04-30 00:00:00-04:00,52.729409403888035,53.47994054711597,52.23515616570634,52.656185150146484,30731800
2021-05-03 00:00:00-04:00,52.95823674543893,52.97654281122,52.024648339754734,52.40906524658203,22281700
2021-05-04 00:00:00-04:00,52.06125326292546,52.152780087632976,51.08190157415197,52.079559326171875,35323600
2021-05-05 00:00:00-04:00,52.13446836484498,52.4456644232025,51.67682730793828,52.03378677368164,21001900
2021-05-06 00:00:00-04:00,52.142461265755955,52.72264153617776,51.80172203336243,52.66738510131836,25529300
2021-05-07 00:00:00-04:00,53.137058380936175,53.422541191181196,52.71343623390667,53.10942840576172,19959000
2021-05-10 00:00:00-04:00,52.63056217319493,52.7042339222976,51.46099373456506,51.54387664794922,35046500
2021-05-11 00:00:00-04:00,50.69661609622839,51.23075107482243,50.00592649406444,50.687408447265625,35968100
2021-05-12 00:00:00-04:00,50.088808101959565,50.32824912519712,49.19551511523979,49.37969970703125,30232300
2021-05-13 00:00:00-04:00,49.76649105808565,50.088811480691085,49.232356057163344,49.738861083984375,29192500
2021-05-14 00:00:00-04:00,50.28220690138655,51.433356358955194,49.96909410840671,50.972896575927734,28158300
2021-05-17 00:00:00-04:00,50.917645405187706,51.47019575865265,50.429555629496555,50.95448303222656,20010200
2021-05-18 00:00:00-04:00,51.52545236756057,51.70042582702261,50.46639342142477,50.503231048583984,18703400
2021-05-19 00:00:00-04:00,49.79411822966569,51.04656934056787,49.582307161355644,50.98210525512695,23769700
2021-05-20 00:00:00-04:00,51.17549744421861,51.79251534938005,50.982105188149916,51.525447845458984,23145200
2021-05-21 00:00:00-04:00,51.95828908182482,52.22535664460361,51.55308566842353,51.645179748535156,17723100
2021-05-24 00:00:00-04:00,52.17009503205532,52.85157354638049,51.93986513961559,52.4555778503418,19164400
2021-05-25 00:00:00-04:00,53.00812882516439,53.00812882516439,51.95827762163232,52.3726921081543,22309900
2021-05-26 00:00:00-04:00,52.538459844496266,52.70422564523149,52.114837692852625,52.418739318847656,15173600
2021-05-27 00:00:00-04:00,52.59371516801415,53.30282363101639,52.492413457152516,53.1646842956543,32387600
2021-05-28 00:00:00-04:00,52.9989123524145,53.091006402985954,52.4371509395295,52.6029167175293,20303900
2021-06-01 00:00:00-04:00,53.05417648956776,53.24756875431733,52.11483811546071,52.39111328125,20326400
2021-06-02 00:00:00-04:00,52.409539557317345,53.12785579326578,52.27140019823657,52.93446350097656,18483600
2021-06-03 00:00:00-04:00,52.47399327129871,52.58450262887806,51.65437546927935,51.79251480102539,21831300
2021-06-04 00:00:00-04:00,52.07799903288542,53.18310317815421,52.068791383262756,52.833152770996094,21493800
2021-06-07 00:00:00-04:00,52.869988454142096,52.89761491502486,52.28980818440027,52.575294494628906,17364400
2021-06-08 00:00:00-04:00,52.90682320835594,53.081796639507,52.12403956651095,52.492408752441406,33254500
2021-06-09 00:00:00-04:00,52.82394031717303,52.9344496677406,52.46478229305674,52.492408752441406,13904800
2021-06-10 00:00:00-04:00,52.63055798734951,53.440964728174364,52.427954545628516,52.842369079589844,26738100
2021-06-11 00:00:00-04:00,52.925245376241364,53.358075157182725,52.44636680936592,53.27519226074219,18119700
2021-06-14 00:00:00-04:00,53.431751792451934,53.597517589639736,52.70422451735315,53.58830642700195,21784500
2021-06-15 00:00:00-04:00,53.60672895099966,53.80012122343292,53.22915205637925,53.40412902832031,20806500
2021-06-16 00:00:00-04:00,53.55147424699448,53.75407416295295,52.280604260394234,52.69501876831055,21879700
2021-06-17 00:00:00-04:00,52.538463517495316,53.32124730080973,52.216143056326146,52.65818405151367,21498800
2021-06-18 00:00:00-04:00,52.19772416410418,52.262188256241316,50.74266948322689,51.26759338378906,55118300
2021-06-21 00:00:00-04:00,51.34126904062786,51.608336574728625,50.99131859984166,51.451778411865234,19254600
2021-06-22 00:00:00-04:00,51.51624250450617,51.82935531720338,51.11103913461607,51.451778411865234,18682800
2021-06-23 00:00:00-04:00,51.45177229976046,51.54386635904279,50.86238437247011,50.890010833740234,20287900
2021-06-24 00:00:00-04:00,51.101828105387575,51.6635860879695,50.963688765702095,51.63595962524414,21209700
2021-06-25 00:00:00-04:00,51.589918665866705,51.949076763462045,51.341269941447706,51.488616943359375,21101200
2021-06-28 00:00:00-04:00,51.90303442907089,53.1646934240913,51.884615613658134,52.93446350097656,22480900
2021-06-29 00:00:00-04:00,52.998919075957524,53.25677893724137,51.46098512311165,52.262184143066406,26360000
2021-06-30 00:00:00-04:00,51.88460498299876,51.9214426062766,51.00973075181016,51.70042037963867,29891600
2021-07-01 00:00:00-04:00,51.69121661348704,52.16088404996003,51.451775557222874,51.58070373535156,24871600
2021-07-02 00:00:00-04:00,52.07799675668207,52.483203582953244,51.86618569432626,52.27138900756836,17219400
2021-07-06 00:00:00-04:00,52.41873450162098,52.50161739437174,51.295215138035026,51.65437316894531,26186600
2021-07-07 00:00:00-04:00,51.912229552226876,51.985904796097785,51.30442284240783,51.53465270996094,14857400
2021-07-08 00:00:00-04:00,50.93606336760463,51.3136402558702,50.45718476318962,51.009735107421875,19162000
2021-07-09 00:00:00-04:00,51.1202381261229,51.67279191477461,50.936057042934635,51.56228256225586,18708000
2021-07-12 00:00:00-04:00,51.810929679504525,52.27138943088416,51.6727938619081,52.2437629699707,15392800
2021-07-13 00:00:00-04:00,52.142462228200884,52.768687782716505,51.8846058868224,52.3726921081543,15716000
2021-07-14 00:00:00-04:00,52.64896867350794,52.9160361845435,51.87539962862579,52.05037307739258,16263600
2021-07-15 00:00:00-04:00,51.939861354356765,51.939861354356765,51.175496480907924,51.39651870727539,18917000
2021-07-16 00:00:00-04:00,51.61754673787589,52.42795703013481,50.5584912264867,50.622955322265625,25263800
2021-07-19 00:00:00-04:00,50.10723493559264,50.47560417815869,49.70203157919355,50.31904602050781,27007700
2021-07-20 00:00:00-04:00,50.576896010598496,51.166287427056076,49.97830045812905,50.8715934753418,19867000
2021-07-21 00:00:00-04:00,50.81634503578609,51.82935521502911,50.65978687323133,51.78330993652344,18497200
2021-07-22 00:00:00-04:00,51.62674676479957,52.068787688938066,51.276796382470735,51.53465270996094,36691000
2021-07-23 00:00:00-04:00,50.26378943160383,50.38350644064156,48.18250933487379,48.80873489379883,67742300
2021-07-26 00:00:00-04:00,48.633753830971465,50.22694394036176,48.58770505144584,50.015132904052734,32881200
2021-07-27 00:00:00-04:00,48.91924231470064,48.99291756013885,48.173299776298606,48.9744987487793,39878000
2021-07-28 00:00:00-04:00,48.8363656501694,49.655983538568584,48.75348274499254,48.87320327758789,28478800
2021-07-29 00:00:00-04:00,49.25077715935442,49.821746297250144,49.103430171735226,49.4533805847168,16886600
2021-07-30 00:00:00-04:00,49.40733766721757,49.63756756592216,49.03896842407843,49.4718017578125,16465700
2021-08-02 00:00:00-04:00,49.720441886724565,50.162482794364216,49.30602743799087,49.43495559692383,18098100
2021-08-03 00:00:00-04:00,49.62835395918881,49.87700265911091,49.04817365937059,49.784912109375,16375900
2021-08-04 00:00:00-04:00,49.959886053085015,50.134859504525075,49.45338099847066,49.63756561279297,17612700
2021-08-05 00:00:00-04:00,50.04355159704635,50.071357587283806,49.66352107508153,49.95085906982422,15310000
2021-08-06 00:00:00-04:00,49.92304479754973,50.17330927574403,49.802546300080365,49.97865676879883,19256000
2021-08-09 00:00:00-04:00,50.126968764411174,50.4328452381203,49.89524277020259,50.099159240722656,14670100
2021-08-10 00:00:00-04:00,50.275277874166164,50.414311361938715,49.598634797411236,49.9972038269043,16215700
2021-08-11 00:00:00-04:00,50.29380652394023,50.386499039999265,49.90450856406614,50.182579040527344,18590800
2021-08-12 00:00:00-04:00,50.21038894089128,50.21965996114875,49.366906426230464,49.626441955566406,15070100
2021-08-13 00:00:00-04:00,49.58936468283635,49.6449801965111,49.181528190129455,49.58009719848633,15281100
2021-08-16 00:00:00-04:00,49.33909925508267,49.580096273987955,49.12591176042531,49.56155776977539,17690300
2021-08-17 00:00:00-04:00,49.283483129103544,49.29275414902352,48.40292717304299,48.83856964111328,22014900
2021-08-18 00:00:00-04:00,48.75515259702763,49.15372162941892,48.30097158346629,48.3751220703125,15061700
2021-08-19 00:00:00-04:00,48.245346278617404,48.82002569455591,47.80970385911359,48.60683822631836,22999400
2021-08-20 00:00:00-04:00,48.347311853797635,48.55123186255273,47.66140134716747,48.208274841308594,25728300
2021-08-23 00:00:00-04:00,48.74588565393351,49.62644523611707,48.64392563951058,49.33910369873047,23976300
2021-08-24 00:00:00-04:00,49.644979171272375,50.02500966722283,49.41325317286702,49.876705169677734,20348800
2021-08-25 00:00:00-04:00,50.12696967225849,50.266003149786826,49.802551152976115,49.876705169677734,15048400
2021-08-26 00:00:00-04:00,49.821093717409845,49.821093717409845,49.098109674938875,49.24641418457031,19570000
2021-08-27 00:00:00-04:00,49.459601051051216,49.9972035655061,49.051761002990574,49.95085906982422,16525000
2021-08-30 00:00:00-04:00,50.293812843849125,50.85922488735596,49.83036081289053,49.9972038269043,14581300
2021-08-31 00:00:00-04:00,50.460653752792254,50.51626926709619,49.737669746132305,50.10843276977539,22350100
2021-09-01 00:00:00-04:00,50.15477298175778,50.2011174717919,49.61716699695972,49.74693298339844,18615000
2021-09-02 00:00:00-04:00,49.86743808603502,49.950859593480295,49.45033054880864,49.802555084228516,15869500
2021-09-03 00:00:00-04:00,49.53374600392402,50.126967504306194,49.42251851954023,49.598628997802734,13456200
2021-09-07 00:00:00-04:00,49.65424716661701,50.006471677859544,49.53374865616543,49.72840118408203,13915000
2021-09-08 00:00:00-04:00,49.802547957267045,49.9786584318456,49.11664102608073,49.65424346923828,18235100
2021-09-09 00:00:00-04:00,49.737670894513116,49.95085840047974,49.44106188309361,49.49667739868164,13495800
2021-09-10 00:00:00-04:00,49.913774166677285,50.96117657559497,49.87670069750878,49.90450668334961,20324700
2021-09-13 00:00:00-04:00,50.6182192762891,51.43389564566058,50.432837801087736,50.97044372558594,22639200
2021-09-14 00:00:00-04:00,51.32267613886963,51.387559139349776,50.303083100588786,50.53480911254883,22072700
2021-09-15 00:00:00-04:00,50.673838700889725,51.118755721189814,50.44211270675171,51.090946197509766,18796200
2021-09-16 00:00:00-04:00,50.84994954077134,50.9333710348807,50.275270101272326,50.8221435546875,19863100
2021-09-17 00:00:00-04:00,50.59968415358482,50.59968415358482,49.74693072506557,50.29380416870117,35359200
2021-09-20 00:00:00-04:00,49.32056360562983,49.58936662848369,48.495619567640986,49.10737609863281,35051900
2021-09-21 00:00:00-04:00,49.31129306991954,49.54301906786479,48.968339583000855,49.00541305541992,17968900
2021-09-22 00:00:00-04:00,49.49667411417348,49.932316581867134,49.12591110657309,49.58936309814453,18594100
2021-09-23 00:00:00-04:00,49.82108783476564,50.330884305438154,49.68205082646495,50.08061981201172,16474300
2021-09-24 00:00:00-04:00,49.84889294264456,50.44211090066029,49.80254845264795,50.25673294067383,12976200
2021-09-27 00:00:00-04:00,49.99720164253589,50.859222665326016,49.88597415000569,50.664573669433594,13899900
2021-09-28 00:00:00-04:00,50.21966130886965,50.59969182488567,50.01574128803138,50.052818298339844,24691300
2021-09-29 00:00:00-04:00,50.052816689218,50.09916118268452,49.292755681620754,49.58009719848633,20514300
2021-09-30 00:00:00-04:00,49.83035814268946,50.03427815685871,49.366906136565326,49.38544464111328,20534100
2021-10-01 00:00:00-04:00,49.728404735495545,50.15477975879502,49.17226017236462,49.92305374145508,19895100
2021-10-04 00:00:00-04:00,49.98793275909011,50.35869577162525,49.2000657772756,49.56155776977539,27353300
2021-10-05 00:00:00-04:00,49.635710511835164,50.367965550226685,49.570827512064604,50.006473541259766,18129400
2021-10-06 00:00:00-04:00,49.570826856902606,50.117700373353976,49.19079634790136,50.034278869628906,20059600
2021-10-07 00:00:00-04:00,50.349423889356835,50.97045139433939,50.164042386263915,50.21965789794922,20704400
2021-10-08 00:00:00-04:00,50.56261214487703,50.5904216690692,49.77474516464208,49.876705169677734,16068000
2021-10-11 00:00:00-04:00,49.87670949460263,50.4328505246565,49.51521393562333,49.53375244140625,14398800
2021-10-12 00:00:00-04:00,49.654253644361184,49.79329067731738,48.20828193787958,48.35658645629883,32784300
2021-10-13 00:00:00-04:00,48.55122964596525,48.736611142201085,48.07850665377099,48.439998626708984,18534000
2021-10-14 00:00:00-04:00,49.03322100742047,50.052813951345414,48.87564549522377,49.96012496948242,26586700
2021-10-15 00:00:00-04:00,50.238193546495765,50.50699653390985,49.87670158073236,50.47918701171875,25231100
2021-10-18 00:00:00-04:00,50.22892502394808,50.57188203977579,49.79328256102167,50.488460540771484,22407600
2021-10-19 00:00:00-04:00,50.636767322037116,51.18364083224095,50.39577029809199,51.17436981201172,18392900
2021-10-20 00:00:00-04:00,51.21144630698097,51.43390482409205,51.05387432324833,51.32267379760742,16850300
2021-10-21 00:00:00-04:00,50.91483310444216,51.97150301779818,50.822144125882396,51.906620025634766,38390900
2021-10-22 00:00:00-04:00,46.70669031389675,46.85499480712688,45.548060355580766,45.844669342041016,109971900
2021-10-25 00:00:00-04:00,46.18762993446438,46.410084923617944,45.705639410153935,45.7983283996582,43178800
2021-10-26 00:00:00-04:00,45.7890581632603,45.826131635319015,44.42650817711146,44.75092315673828,68405400
2021-10-27 00:00:00-04:00,44.97338149671324,45.251451983311675,44.37089249586822,44.38943099975586,41081500
2021-10-28 00:00:00-04:00,44.62115992256929,44.82507994285632,44.38016642793233,44.565547943115234,31317200
2021-10-29 00:00:00-04:00,44.584078040039905,45.677824970646,44.41723504819437,45.41829299926758,42301000
2021-11-01 00:00:00-04:00,45.7890594766541,45.97443744983926,45.41829645856742,45.92809295654297,28013700
2021-11-02 00:00:00-04:00,45.98370143180968,46.25250440198699,45.631476972124155,46.21542739868164,27193300
2021-11-03 00:00:00-04:00,46.280316752852684,46.76230725455185,46.076396742479695,46.70669174194336,23962100
2021-11-04 00:00:00-04:00,46.89150248956252,46.99416799204952,46.41549202694776,46.95683670043945,24806000
2021-11-05 00:00:00-04:00,47.180830403495364,48.142183092631896,47.17149847234408,47.52616882324219,36816200
2021-11-08 00:00:00-05:00,48.03017989406585,48.52485770958764,47.65684211001864,48.11418151855469,31647800
2021-11-09 00:00:00-05:00,48.10485282898193,48.31952287037649,47.38617300668859,47.787513732910156,22508400
2021-11-10 00:00:00-05:00,47.5821767985069,47.96485010965044,47.330171901834724,47.37683868408203,25040700
2021-11-11 00:00:00-05:00,47.61017794537555,47.66618022244573,47.05016941646328,47.16217041015625,25420000
2021-11-12 00:00:00-05:00,47.227505476737846,47.5075133067218,46.83550021147624,46.95683670043945,23884800
2021-11-15 00:00:00-05:00,47.050161441700375,47.255499529039895,46.77948915574315,46.96615982055664,24695800
2021-11-16 00:00:00-05:00,47.01282995387436,47.74084524259049,46.98483059830925,47.23683547973633,30927800
2021-11-17 00:00:00-05:00,47.227502459817856,47.54484156114007,46.648826531682246,46.882164001464844,23546900
2021-11-18 00:00:00-05:00,46.89149738094934,46.89149738094934,45.70614266061791,46.36882019042969,30658200
2021-11-19 00:00:00-05:00,46.294152375138616,46.41548885581204,45.958149410919226,46.219486236572266,27607600
2021-11-22 00:00:00-05:00,46.24748302319955,47.46083708115809,46.11681461763514,46.50882339477539,33389600
2021-11-23 00:00:00-05:00,46.8168286305004,47.08750094322435,45.39813642224922,45.827476501464844,44713300
2021-11-24 00:00:00-05:00,45.60347256219544,46.46215268357635,45.38880253185022,46.443485260009766,26035800
2021-11-26 00:00:00-05:00,45.64080550107202,45.90214229918364,44.91279025420178,45.52880096435547,25269000
2021-11-29 00:00:00-05:00,46.01415383655549,46.788836037971485,45.47281269329833,46.66749954223633,31478900
2021-11-30 00:00:00-05:00,46.20081876427846,47.04083507508059,45.435472152413055,45.920814514160156,49460800
2021-12-01 00:00:00-05:00,46.51816099988652,46.95683660959507,45.28613936795148,45.36080551147461,35093500
2021-12-02 00:00:00-05:00,45.37013631971962,46.47148941642654,45.10879950370343,46.2008171081543,37240800
2021-12-03 00:00:00-05:00,46.368820422595526,46.7234943593828,45.51013671676008,45.96747970581055,32224900
2021-12-06 00:00:00-05:00,46.182150494853424,47.796845320131,45.902146249856514,47.59151077270508,40336000
2021-12-07 00:00:00-05:00,51.01689757623786,51.33423663604218,48.73018995945208,49.06619644165039,91731500
2021-12-08 00:00:00-05:00,49.06620030543612,49.35554003465728,47.955515288881976,48.30085372924805,37143400
2021-12-09 00:00:00-05:00,47.88084801876424,48.151520337831954,47.06883462200832,47.115501403808594,31694200
2021-12-10 00:00:00-05:00,47.451507634011264,47.666177677313584,46.71416038063771,47.218170166015625,23783600
2021-12-13 00:00:00-05:00,47.460845610275285,47.61951696015167,46.62083275478363,46.66749954223633,35726900
2021-12-14 00:00:00-05:00,46.499494130393764,46.91950231913628,46.03281915633485,46.38749313354492,34120400
2021-12-15 00:00:00-05:00,46.546156066972905,47.395504288865176,46.04214985343197,47.2928352355957,32590300
2021-12-16 00:00:00-05:00,47.358175185973636,47.97418597356735,47.20883934535841,47.442176818847656,33132300
2021-12-17 00:00:00-05:00,47.21816687438354,47.619507576193904,46.67682227735675,47.24616622924805,50102300
2021-12-20 00:00:00-05:00,46.58348720393865,46.78882529411711,45.69680420415065,46.29414749145508,30140300
2021-12-21 00:00:00-05:00,46.611491148465625,47.4515074542465,46.611491148465625,47.386173248291016,31956300
2021-12-22 00:00:00-05:00,47.26483828350936,47.61951224181314,46.86349754237682,47.572845458984375,23307900
2021-12-23 00:00:00-05:00,47.67551245503364,48.28218772645745,47.647509538189944,47.89018249511719,25198200
2021-12-27 00:00:00-05:00,47.92751103399561,48.59019210109018,47.880844255862826,48.478187561035156,20985400
2021-12-28 00:00:00-05:00,48.46885962472362,48.64619482042417,48.188855372400084,48.31018829345703,19290400
2021-12-29 00:00:00-05:00,48.35685900319966,48.66486261496096,48.21685509575081,48.375526428222656,14174800
2021-12-30 00:00:00-05:00,48.45952267773078,48.664860784814316,48.207521350515535,48.29152297973633,18359400
2021-12-31 00:00:00-05:00,48.431518347967796,48.68352320975143,48.030177667399066,48.06751251220703,16319000
2022-01-03 00:00:00-05:00,48.20752394494469,49.68221494119475,48.160853601407,49.66354751586914,33857600
2022-01-04 00:00:00-05:00,49.99954624714928,50.34488466065604,49.140866178873715,49.59820556640625,45681400
2022-01-05 00:00:00-05:00,50.57822794663841,52.426260253694224,50.24222498572141,50.27955627441406,59109300
2022-01-06 00:00:00-05:00,50.97023697284629,51.0262356863628,49.85954834880616,50.41022491455078,35757900
2022-01-07 00:00:00-05:00,50.5782359290269,50.764906643739764,49.60755462132593,49.87822341918945,30717200
2022-01-10 00:00:00-05:00,50.3728911322056,51.62358003857449,49.75688039088642,51.530242919921875,49260800
2022-01-11 00:00:00-05:00,51.80092042620628,52.342265087422824,51.082240562408835,52.18359375,39795200
2022-01-12 00:00:00-05:00,52.39826305738272,52.52893147431228,51.156909536104564,52.024925231933594,29136800
2022-01-13 00:00:00-05:00,52.26758845234034,52.46359105452936,51.11956863323007,51.278236389160156,29605400
2022-01-14 00:00:00-05:00,51.19424122864232,52.05292499877313,50.895569541757,51.98759078979492,30151500
2022-01-18 00:00:00-05:00,51.62358624951275,51.940925370217315,51.035574792820995,51.1102409362793,35313800
2022-01-19 00:00:00-05:00,50.988904231599314,51.1942387812371,49.990220158736,50.04621887207031,30595100
2022-01-20 00:00:00-05:00,50.27022986053523,50.48489992598295,48.478196070029746,48.571533203125,28582600
2022-01-21 00:00:00-05:00,48.6088680563631,49.58888481095399,48.48753156356306,48.571533203125,46372400
2022-01-24 00:00:00-05:00,48.04884750549841,48.65552630256547,46.55548924256757,48.478187561035156,64198400
2022-01-25 00:00:00-05:00,47.610177269402904,48.17952128330031,46.900832905488855,47.60084533691406,44095400
2022-01-26 00:00:00-05:00,47.72218031973047,49.20620677005488,47.36750636871437,48.24485397338867,54895400
2022-01-27 00:00:00-05:00,46.64882728092937,46.723496981473765,44.595456801773025,44.84746170043945,89642800
2022-01-28 00:00:00-05:00,44.530118739809694,44.98746171494159,43.21409564542215,44.54878616333008,61945400
2022-01-31 00:00:00-05:00,44.50211724023536,45.612802182822776,44.1567788228673,45.56613540649414,51828400
2022-02-01 00:00:00-05:00,45.528801980120754,45.7621394294825,45.136796774207546,45.68747329711914,35386100
2022-02-02 00:00:00-05:00,45.034132372850415,46.27548944053643,44.88479653227026,46.21015167236328,37962700
2022-02-03 00:00:00-05:00,45.96747658401594,46.378149204731564,45.03412680566029,45.06212615966797,42145800
2022-02-04 00:00:00-05:00,45.01040337697539,45.36777907988854,44.32386820267458,45.15147018432617,32431500
2022-02-07 00:00:00-05:00,45.264333316113586,45.76277588563017,45.1044532770272,45.31135559082031,27558500
2022-02-08 00:00:00-05:00,45.12326334028657,46.02610393862715,45.048028417543,45.903846740722656,28051200
2022-02-09 00:00:00-05:00,46.39288206305849,46.99477574038038,45.9226521792046,46.93834686279297,35217300
2022-02-10 00:00:00-05:00,46.251809710478774,46.95715450648538,45.856814759179116,45.950862884521484,32762700
2022-02-11 00:00:00-05:00,46.03550837618123,46.18598180214499,44.671840935376885,44.79410171508789,37208200
2022-02-14 00:00:00-05:00,45.06683466418004,45.311356236249416,44.30506447539922,44.7470817565918,28456900
2022-02-15 00:00:00-05:00,44.85993559045512,45.57468349836968,44.38029905761739,45.55587387084961,35837900
2022-02-16 00:00:00-05:00,45.198499105963656,45.60289710541633,44.76588487307212,45.358375549316406,26022900
2022-02-17 00:00:00-05:00,45.01040893025912,45.38659071717617,44.55898863341688,44.737674713134766,32030600
2022-02-18 00:00:00-05:00,43.43984124041746,43.458650868818,41.85986833047047,42.358314514160156,76520100
2022-02-22 00:00:00-05:00,42.02914810180664,42.70628032083356,41.239161708798406,42.02914810180664,57093300
2022-02-23 00:00:00-05:00,42.48057116858425,42.98842036612818,41.89748704597995,41.99153518676758,38176700
2022-02-24 00:00:00-05:00,41.286185723766344,44.00411391044898,41.032261152985605,43.93828201293945,72740100
2022-02-25 00:00:00-05:00,44.13578144762984,44.94457749997332,43.4962684568266,44.86933898925781,39266300
2022-02-28 00:00:00-05:00,44.201609386362364,44.97278611418272,44.06053898520795,44.85993194580078,41946100
2022-03-01 00:00:00-05:00,44.70946179426341,45.048027911732035,43.468055088591534,44.03232955932617,53853000
2022-03-02 00:00:00-05:00,44.690643200376634,46.07312004014334,44.653023953190186,45.960262298583984,46936500
2022-03-03 00:00:00-05:00,45.31135550018371,45.65932463740096,44.784696696840896,45.07624053955078,36389900
2022-03-04 00:00:00-05:00,44.54957844236456,45.3959936730899,44.54957844236456,45.20790100097656,38310700
2022-03-07 00:00:00-05:00,45.15147537015322,45.64992152523485,44.765886978997386,44.84112548828125,43813700
2022-03-08 00:00:00-05:00,44.85052290891456,45.81919886337985,44.09815584785109,44.671836853027344,44813900
2022-03-09 00:00:00-05:00,45.527659218215014,45.57468149115941,44.09815987777461,44.79410171508789,36076500
2022-03-10 00:00:00-05:00,44.4743457014751,44.49315532836342,43.41162510148687,43.88185501098633,36456000
2022-03-11 00:00:00-05:00,44.34268703007244,44.4649442376341,43.0448513252101,43.101280212402344,27082100
2022-03-14 00:00:00-04:00,43.16710206931554,43.24233698048426,41.66236438268127,41.756412506103516,35993900
2022-03-15 00:00:00-04:00,41.85046208403009,42.22664744790311,41.44606407351593,42.142005920410156,34448900
2022-03-16 00:00:00-04:00,42.60282825307826,43.853641510009766,42.57461560708022,43.853641510009766,38885500
2022-03-17 00:00:00-04:00,43.56209433626195,44.47434142091123,43.00722295295505,44.33327102661133,28555000
2022-03-18 00:00:00-04:00,44.032329997758964,44.76588753453199,43.590312719154895,44.624820709228516,46237100
2022-03-21 00:00:00-04:00,44.634221792376984,45.03861979832395,44.267443039906354,44.568389892578125,32910900
2022-03-22 00:00:00-04:00,44.67184143220087,45.58408860525963,44.577796885266146,45.50885009765625,27923300
2022-03-23 00:00:00-04:00,45.57468216862265,46.62799975359586,45.198500391906094,45.39599609375,37126400
2022-03-24 00:00:00-04:00,45.762771656084766,48.57474790951797,45.696939760065824,48.546531677246094,51677900
2022-03-25 00:00:00-04:00,47.67190661345775,48.88510063283757,47.44619826745235,48.74403381347656,33239800
2022-03-28 00:00:00-04:00,48.302014089933465,48.49950977950764,47.54964699567283,48.44308090209961,22932400
2022-03-29 00:00:00-04:00,48.903904088946625,49.17663826122847,48.22677196123143,49.13901901245117,27303700
2022-03-30 00:00:00-04:00,49.139031936944974,49.38354994317219,48.17035934534912,48.367855072021484,24623300
2022-03-31 00:00:00-04:00,48.15154154805103,48.20796683891743,46.562162220686176,46.609188079833984,43698300
2022-04-01 00:00:00-04:00,46.86310959811824,46.92894149155273,44.51196029668913,45.24551773071289,46598600
2022-04-04 00:00:00-04:00,45.30194996777274,46.298838716038425,45.06683500156034,46.270626068115234,23784900
2022-04-05 00:00:00-04:00,45.92265827461406,46.063725105952734,45.160884470133986,45.26433563232422,25779200
2022-04-06 00:00:00-04:00,44.615409269874284,45.30194445719527,44.42732018983946,44.70945739746094,31518700
2022-04-07 00:00:00-04:00,44.60601070010214,45.05743099483702,43.98530734639549,44.728271484375,24117000
2022-04-08 00:00:00-04:00,44.464938810249755,44.747079624202996,44.06054080365754,44.220420837402344,22167300
2022-04-11 00:00:00-04:00,44.10756797761786,44.48374976147347,43.75959525340021,43.79721450805664,30352500
2022-04-12 00:00:00-04:00,44.50255332548817,45.05742469957782,43.64673513028914,43.73137664794922,29861400
2022-04-13 00:00:00-04:00,43.96649582351088,44.45553535194918,43.7784031452547,44.21101379394531,22171300
2022-04-14 00:00:00-04:00,43.96649635703496,43.96649635703496,42.90377576142568,42.95079803466797,36181800
2022-04-18 00:00:00-04:00,42.81913750493804,44.09816352520499,42.809734484599204,43.8630485534668,25593100
2022-04-19 00:00:00-04:00,43.82542722695019,45.14207244152243,43.580909246422564,45.07624053955078,31483100
2022-04-20 00:00:00-04:00,45.480632660855804,45.84741137786769,45.12325696251922,45.24551773071289,22787100
2022-04-21 00:00:00-04:00,45.72515073851621,45.988481900565276,44.577792315732836,44.671836853027344,27316900
2022-04-22 00:00:00-04:00,44.624819302187476,44.812911984231086,43.73138175315745,43.76900100708008,28219900
2022-04-25 00:00:00-04:00,43.458644619138724,44.333272482351674,43.43043197438001,44.25803756713867,35999300
2022-04-26 00:00:00-04:00,43.91006286108983,44.05113325355787,42.800320108886496,42.80972671508789,35356600
2022-04-27 00:00:00-04:00,42.772109665599785,43.317578051127825,42.33009242819391,42.527591705322266,28320900
2022-04-28 00:00:00-04:00,43.06365397033288,44.45553400721456,42.828539026517,44.0511360168457,41097000
2022-04-29 00:00:00-04:00,42.3112854258736,42.6592545263446,40.90999882994948,40.9946403503418,70765900
2022-05-02 00:00:00-04:00,41.116897817068384,42.311282025474384,40.91939856031244,42.28306579589844,45446500
2022-05-03 00:00:00-04:00,42.12319638862714,42.781518983107496,41.59653759552896,42.37712097167969,40158400
2022-05-04 00:00:00-04:00,42.37712090006857,43.863045554317125,41.76582058031921,43.76900100708008,44625600
2022-05-05 00:00:00-04:00,43.22396361168469,43.5178120442961,41.83056193377613,42.27606964111328,52996700
2022-05-06 00:00:00-04:00,42.17179754362304,42.797407318714534,41.55566511570096,41.991695404052734,40916600
2022-05-09 00:00:00-04:00,41.52723348952464,41.89691153579324,40.63621090013027,40.82579040527344,44925800
2022-05-10 00:00:00-04:00,42.03909622903814,42.40877791564945,41.233387798879725,41.71681213378906,42770000
2022-05-11 00:00:00-04:00,41.72628562789889,41.982217388533925,40.550895721567024,40.59829330444336,40351700
2022-05-12 00:00:00-04:00,40.503503924718615,40.67412510761686,39.821019193125636,40.60777282714844,42329600
2022-05-13 00:00:00-04:00,41.157549592595394,41.555666893372276,40.73100024909402,41.32817077636719,32034100
2022-05-16 00:00:00-04:00,41.15755037463995,41.33765252533685,40.560379836019806,40.835269927978516,25071900
2022-05-17 00:00:00-04:00,41.53670666826939,42.10544151068247,41.375566455425925,42.08648681640625,28596600
2022-05-18 00:00:00-04:00,41.688374859892356,41.688374859892356,40.02008312400011,40.143306732177734,35218400
2022-05-19 00:00:00-04:00,40.11487045096136,40.47507115343287,39.54613554468286,39.821022033691406,29181000
2022-05-20 00:00:00-04:00,40.04852086378298,40.08643749100351,38.209607834730555,39.47978591918945,44802300
2022-05-23 00:00:00-04:00,39.51769410976634,40.048515978313624,39.17645535419468,39.81154251098633,27199500
2022-05-24 00:00:00-04:00,39.527176611221954,39.707275151663474,38.958438097952225,39.49873733520508,29837500
2022-05-25 00:00:00-04:00,39.280720164172656,40.30444726620761,39.23332619446988,40.001121520996094,26283100
2022-05-26 00:00:00-04:00,39.97268188899427,41.404003626344775,39.88737491384896,41.21442413330078,28826700
2022-05-27 00:00:00-04:00,41.318694762060666,42.22867202758789,41.28077813868164,42.22867202758789,30553300
2022-05-31 00:00:00-04:00,41.944301832222706,42.41824874558115,41.37556698256376,42.10544204711914,41111500
2022-06-01 00:00:00-04:00,42.437209549195664,42.58887242574338,41.261819544004716,41.81159973144531,29885500
2022-06-02 00:00:00-04:00,41.8874229226315,42.54147191514183,41.650449488458804,42.50355529785156,28727600
2022-06-03 00:00:00-04:00,41.811600828688576,41.94430539715931,41.08172208617125,41.12911605834961,33174700
2022-06-06 00:00:00-04:00,41.52722584278864,41.74524096798352,40.83526384997158,41.08171463012695,25437100
2022-06-07 00:00:00-04:00,40.81631028363317,41.31869286458558,40.43715129911147,41.261817932128906,25168700
2022-06-08 00:00:00-04:00,40.048517250379504,40.05799459836524,38.892085535993395,39.0816650390625,59649900
2022-06-09 00:00:00-04:00,38.87312970828351,39.19541379931809,37.925235748291016,37.925235748291016,39047200
2022-06-10 00:00:00-04:00,37.77356828070559,37.99158704709437,37.13848114013672,37.13848114013672,43066200
2022-06-13 00:00:00-04:00,36.54130843302697,36.78776286730125,35.70716080429037,35.80195236206055,50335900
2022-06-14 00:00:00-04:00,36.02945055289544,36.20955273310779,35.583942816840526,35.95362091064453,31351700
2022-06-15 00:00:00-04:00,36.55079017320169,37.12900241620563,35.94413503837019,36.63610076904297,37652300
2022-06-16 00:00:00-04:00,35.73559813143902,35.82090872081733,35.00571944807527,35.39435577392578,45576500
2022-06-17 00:00:00-04:00,35.52706058803537,36.133712065357905,34.69291299875287,35.043636322021484,71393200
2022-06-21 00:00:00-04:00,35.4133107844157,36.04839785599555,35.38487512924874,35.76403045654297,34004900
2022-06-22 00:00:00-04:00,35.38488751363235,35.801959604405674,35.280618586956784,35.432281494140625,32571000
2022-06-23 00:00:00-04:00,35.65029194555517,35.659769294022055,34.98676545909097,35.46071243286133,30163000
2022-06-24 00:00:00-04:00,35.87778131645358,36.62661833705392,35.77351602876291,36.598182678222656,38159900
2022-06-27 00:00:00-04:00,36.844634230700635,37.02473638271821,36.46547884694487,36.61714172363281,29585300
2022-06-28 00:00:00-04:00,36.56974603379364,36.98681802110012,35.77351506462452,35.81142807006836,37824200
2022-06-29 00:00:00-04:00,35.58393159357669,35.640802903345325,35.091026418658664,35.34695816040039,25437200
2022-06-30 00:00:00-04:00,35.271132920167496,36.019970006547496,34.81614425925936,35.46071243286133,35141000
2022-07-01 00:00:00-04:00,35.15738496497633,35.2616538727305,34.01043421153704,34.44646453857422,40596300
2022-07-05 00:00:00-04:00,34.05782719163495,34.825622531524175,33.6881491592199,34.77822494506836,33215000
2022-07-06 00:00:00-04:00,34.90145532859682,35.47019025839931,34.56021292434392,35.062599182128906,26258300
2022-07-07 00:00:00-04:00,35.91570213490745,36.33277779810992,35.76403924354161,36.15267562866211,33165400
2022-07-08 00:00:00-04:00,35.697683698609445,36.15267233120784,35.44175191478631,36.01049041748047,22566300
2022-07-11 00:00:00-04:00,35.69768036565451,35.707157712646854,35.100506259156376,35.26165008544922,25904300
2022-07-12 00:00:00-04:00,35.68820907990785,35.73560305477466,35.062599210251925,35.27113342285156,30546300
2022-07-13 00:00:00-04:00,34.76875078059213,35.479671251379706,34.71187584119486,35.27113342285156,27059200
2022-07-14 00:00:00-04:00,35.06259787342354,36.17163202992245,34.399071402800985,35.745079040527344,36690700
2022-07-15 00:00:00-04:00,36.27589699496464,36.655052354135876,35.7640334633591,36.60765838623047,32892300
2022-07-18 00:00:00-04:00,37.062648300948176,37.290144417259775,36.52234909262723,36.692970275878906,30814400
2022-07-19 00:00:00-04:00,37.27119204354485,38.6077224479737,37.195362403313375,38.124298095703125,53095300
2022-07-20 00:00:00-04:00,38.11481015371762,38.55084044903612,37.498681331879226,38.44657516479492,36387900
2022-07-21 00:00:00-04:00,38.39918121649595,38.53188940305006,37.74513571158542,38.49397277832031,29661200
2022-07-22 00:00:00-04:00,38.266478199143314,38.39918277515568,36.91098954542532,37.15744400024414,41350000
2022-07-25 00:00:00-04:00,37.233268341427184,37.35649555131086,36.54130628211241,37.11952209472656,32263400
2022-07-26 00:00:00-04:00,37.06265147197982,37.50816277924635,36.85411726477437,36.92994689941406,35925500
2022-07-27 00:00:00-04:00,37.22379290849542,38.313868695286146,37.18587628566926,38.08637619018555,42571600
2022-07-28 00:00:00-04:00,38.001062163681205,38.02949782026779,37.00577440794444,37.64086151123047,56662300
2022-07-29 00:00:00-04:00,33.74502234899699,34.71187458828131,33.403783572715795,34.41802978515625,125292400
2022-08-01 00:00:00-04:00,34.1715697957681,35.726115005044456,34.1715697957681,35.03415298461914,52513400
2022-08-02 00:00:00-04:00,34.68343571030824,34.74978798975761,34.12417820071495,34.1336555480957,53929400
2022-08-03 00:00:00-04:00,34.20949362032456,34.68344060668764,33.42273988731613,34.617088317871094,59513900
2022-08-04 00:00:00-04:00,34.478245705338765,34.564417533138815,33.855896862277945,34.14313507080078,54046300
2022-08-05 00:00:00-04:00,33.84631745311374,34.17185503713999,33.68355048731647,33.88461685180664,40205100
2022-08-08 00:00:00-04:00,33.85589988846032,34.43037635685512,33.70270592005955,33.87504959106445,41534600
2022-08-09 00:00:00-04:00,33.72186082704044,33.79845599684579,32.93674116126304,33.0516357421875,48202300
2022-08-10 00:00:00-04:00,33.50164128954339,33.89420108256624,33.11865452211171,33.865474700927734,42243300
2022-08-11 00:00:00-04:00,34.1239909030158,34.74634349942131,33.98037360168324,34.07611846923828,35569700
2022-08-12 00:00:00-04:00,34.277182584148406,34.602720225412625,34.15271134272706,34.573997497558594,37675200
2022-08-15 00:00:00-04:00,34.564423358996656,34.880387998330235,34.191013259735236,34.79421615600586,25400600
2022-08-16 00:00:00-04:00,34.621870075978386,35.024006529813775,34.18143786898486,34.65059280395508,25000200
2022-08-17 00:00:00-04:00,34.28675631556213,34.54527180133192,33.76972534402255,34.25802993774414,29176100
2022-08-18 00:00:00-04:00,34.162290164289494,34.784642758022095,34.05696861897174,34.66017150878906,24598200
2022-08-19 00:00:00-04:00,34.27718238845435,34.49739848975344,33.69312924254133,33.87504959106445,31425500
2022-08-22 00:00:00-04:00,33.51121181681382,33.56866092337539,32.29523312116899,32.40055465698242,51006100
2022-08-23 00:00:00-04:00,32.534597359476166,32.92715710440552,32.46757523125155,32.50587463378906,30687100
2022-08-24 00:00:00-04:00,32.525022146232935,32.54417184621298,32.17075817524982,32.419700622558594,25105700
2022-08-25 00:00:00-04:00,32.42927848825047,33.44419082413549,32.38140605736857,33.40589141845703,29799100
2022-08-26 00:00:00-04:00,33.46334193067989,33.53993709281743,31.931398511171473,31.940975189208984,44851500
2022-08-29 00:00:00-04:00,31.81650264571843,31.988846319048193,31.414369842903888,31.538837432861328,32976800
2022-08-30 00:00:00-04:00,31.63458782324723,31.663310553028126,30.782446083709978,30.88776397705078,40182500
2022-08-31 00:00:00-04:00,31.012234322684026,31.012234322684026,30.41860812577928,30.562227249145508,44074500
2022-09-01 00:00:00-04:00,30.227114294115847,30.476054956481327,29.805829955788404,30.409032821655273,36440700
2022-09-02 00:00:00-04:00,30.839888539347857,31.002659181261116,29.73880623373354,29.892000198364258,34893300
2022-09-06 00:00:00-04:00,30.054768434816523,30.054768434816523,29.039857982144344,29.06858253479004,46989600
2022-09-07 00:00:00-04:00,29.126034407689215,29.480296641330167,28.77177217404826,29.346250534057617,37329500
2022-09-08 00:00:00-04:00,29.078160380819558,29.53774231319267,28.63772632596646,29.44199562072754,37359500
2022-09-09 00:00:00-04:00,29.86327815971176,30.160091244748124,29.7579566217695,30.12179183959961,34069500
2022-09-12 00:00:00-04:00,30.38988442433426,30.50478082198466,29.777108506775537,30.217540740966797,38305500
2022-09-13 00:00:00-04:00,29.51859228091253,29.61433897231199,28.005800400692976,28.044099807739258,71417900
2022-09-14 00:00:00-04:00,28.29303830335712,28.503681387108276,27.77600909805637,27.938777923583984,40767200
2022-09-15 00:00:00-04:00,27.910054301722695,28.15899497415891,27.488769946352463,27.61324119567871,39919100
2022-09-16 00:00:00-04:00,27.479198021112136,28.072824256974112,27.21110763400961,27.996227264404297,72748000
2022-09-19 00:00:00-04:00,27.78558469629086,28.245166630288395,27.670688299683345,28.187719345092773,33151900
2022-09-20 00:00:00-04:00,27.83345760914225,27.929204303595473,27.48877023959716,27.72813606262207,31129000
2022-09-21 00:00:00-04:00,27.910053187908844,28.331337526466772,27.249403038431943,27.25897789001465,39977300
2022-09-22 00:00:00-04:00,27.191954605292416,27.28770129085443,26.84726909397175,26.875991821289062,36092700
2022-09-23 00:00:00-04:00,26.713225274512098,26.713225274512098,26.033427219044793,26.349390029907227,43491100
2022-09-26 00:00:00-04:00,26.387685965232002,26.52173205853651,25.71746280357416,25.822782516479492,44786400
2022-09-27 00:00:00-04:00,26.23449370573253,26.425987093671424,25.48767351044668,25.746187210083008,44121400
2022-09-28 00:00:00-04:00,25.71746136826657,26.11959597330436,25.468520724555933,25.975975036621094,40433400
2022-09-29 00:00:00-04:00,25.64086601098385,25.64086601098385,25.075962557993645,25.25787925720215,41831300
2022-09-30 00:00:00-04:00,25.181284419831332,25.439799952822337,24.64510547549974,24.673830032348633,43821000
2022-10-03 00:00:00-04:00,25.21000663697148,26.090872876872332,24.96106597936731,25.822782516479492,44096200
2022-10-04 00:00:00-04:00,26.263218707431697,26.617479107048688,25.937681038141513,26.5217342376709,42427500
2022-10-05 00:00:00-04:00,26.205771195052304,26.655778286390944,25.746187425398713,26.464284896850586,30120000
2022-10-06 00:00:00-04:00,26.27279013289391,26.579178057860307,25.85150582295707,26.023849487304688,33985100
2022-10-07 00:00:00-04:00,25.056812859285362,25.162134399214704,24.558931540258165,24.625953674316406,57215500
2022-10-10 00:00:00-04:00,24.83659723230559,24.884469664349872,24.022753104039204,24.128074645996094,43409300
2022-10-11 00:00:00-04:00,23.946153759029468,24.396160785068112,23.639765841197534,23.974878311157227,48134900
2022-10-12 00:00:00-04:00,23.98445214546474,24.434461012913587,23.61104208627621,24.25254249572754,39634100
2022-10-13 00:00:00-04:00,23.678067219738807,25.698315388375704,23.544022940718236,25.296180725097656,62447000
2022-10-14 00:00:00-04:00,25.33447683158259,25.49724565785831,24.66425364931851,24.807872772216797,48185400
2022-10-17 00:00:00-04:00,25.190859176600732,25.6121435443721,25.05681489758016,25.296180725097656,39416500
2022-10-18 00:00:00-04:00,25.60256712511484,25.813208383000013,24.453612319082684,24.769575119018555,51126900
2022-10-19 00:00:00-04:00,24.645104208191697,25.133410692214966,24.59723177545493,24.894044876098633,33882300
2022-10-20 00:00:00-04:00,25.03766422676734,25.80363594099073,24.84617266787369,24.97064208984375,33247700
2022-10-21 00:00:00-04:00,24.750424727340473,25.899379501417993,24.692977445190643,25.822782516479492,53058700
2022-10-24 00:00:00-04:00,25.612140028300058,26.311087710406667,25.391923935507467,26.023849487304688,43831600
2022-10-25 00:00:00-04:00,26.023850140086832,26.38768535355685,25.851506471416144,26.24406623840332,32205300
2022-10-26 00:00:00-04:00,26.033426280637848,26.617477621351142,25.84193290013814,26.052574157714844,37111100
2022-10-27 00:00:00-04:00,26.282368167580685,26.41641244443712,25.0185150846714,25.15256118774414,56305100
2022-10-28 00:00:00-04:00,26.981316190860923,27.97707707709121,26.67492822586699,27.833457946777344,91695700
2022-10-31 00:00:00-04:00,27.84303097829157,27.938777667645333,26.856843182515345,27.220680236816406,59507700
2022-11-01 00:00:00-04:00,27.574942126560053,27.622816386972207,26.70365067543818,27.096210479736328,44418700
2022-11-02 00:00:00-04:00,27.06748718371449,27.62281580936924,26.244068184006455,26.253643035888672,51956100
2022-11-03 00:00:00-04:00,26.282365564993487,26.694073206885896,26.01427521161171,26.224916458129883,39678200
2022-11-04 00:00:00-04:00,26.753785407970256,27.40395002396251,26.59852238184207,27.365135192871094,43051900
2022-11-07 00:00:00-05:00,27.52039732079974,27.62713949097827,27.06431057691266,27.56891632080078,34389800
2022-11-08 00:00:00-05:00,27.908553930780464,28.092929456142908,27.103126342152287,27.636842727661133,36258000
2022-11-09 00:00:00-05:00,27.38453833126856,27.46216983483101,26.705263137817383,26.705263137817383,30544800
2022-11-10 00:00:00-05:00,28.02500163933678,28.946877460403897,27.801811274533158,28.878950119018555,62943900
2022-11-11 00:00:00-05:00,28.07351977052759,29.723189697207985,28.015296605108084,29.529111862182617,49826500
2022-11-14 00:00:00-05:00,29.441776695927874,30.072532909670816,29.286513684879797,29.451480865478516,39395300
2022-11-15 00:00:00-05:00,30.17927843962882,30.412172967898275,29.276810985783946,29.800823211669922,40933200
2022-11-16 00:00:00-05:00,29.218584845514254,29.335031172368218,28.56842032612313,28.6557559967041,35582800
2022-11-17 00:00:00-05:00,28.209378657986136,29.063327182599114,28.14145131302674,29.005102157592773,31983300
2022-11-18 00:00:00-05:00,29.364144418679995,29.364144418679995,28.73338822151406,28.98569107055664,27122200
2022-11-21 00:00:00-05:00,28.781908820521195,28.840131988657333,28.0541127407355,28.08322525024414,36086800
2022-11-22 00:00:00-05:00,28.277303191943812,28.975988615514012,28.199671683867248,28.937171936035156,25584100
2022-11-23 00:00:00-05:00,28.849835792519617,29.189474328954027,28.616941272048308,28.79161262512207,23143900
2022-11-25 00:00:00-05:00,28.801316504508737,28.801316504508737,28.47138214111328,28.47138214111328,11314900
2022-11-28 00:00:00-05:00,28.23848910606415,28.325824786307493,27.69506853523538,27.87944221496582,28267900
2022-11-29 00:00:00-05:00,27.9958878954758,28.31611807736253,27.889143884553214,28.04440689086914,24361500
2022-11-30 00:00:00-05:00,27.91825709519393,29.1894736854904,27.38453887802502,29.17976951599121,72072500
2022-12-01 00:00:00-05:00,29.34473824190378,29.5776327695124,28.64605465907792,28.946876525878906,38896300
2022-12-02 00:00:00-05:00,28.30641403743568,28.558716886572054,27.860031504077153,28.539308547973633,31546000
2022-12-05 00:00:00-05:00,28.549014250729225,28.869244451279602,28.034704355532075,28.306415557861328,34040400
2022-12-06 00:00:00-05:00,28.325821279362795,28.44226760468288,27.500985429674827,27.75328826904297,27701200
2022-12-07 00:00:00-05:00,27.442766323188795,27.704771519325107,27.31661395941831,27.49128532409668,28239900
2022-12-08 00:00:00-05:00,27.481579994482875,27.753291200396657,27.23898129841451,27.5980281829834,28486100
2022-12-09 00:00:00-05:00,27.54950475670311,27.92795994577433,27.355426928528043,27.403945922851562,25641300
2022-12-12 00:00:00-05:00,27.297205243016343,27.860034159855406,27.035200050485958,27.840627670288086,35117900
2022-12-13 00:00:00-05:00,28.90806203763606,29.199179737859748,27.53010134487364,27.87944221496582,58546800
2022-12-14 00:00:00-05:00,27.665953783363843,28.257895156858247,27.18075642171428,27.423355102539062,37141100
2022-12-15 00:00:00-05:00,27.1128289167925,27.17105208157776,26.317105544830113,26.346216201782227,45682700
2022-12-16 00:00:00-05:00,26.200659310621003,26.336513988838544,25.66694291686823,26.123027801513672,81104200
2022-12-19 00:00:00-05:00,26.10361792487772,26.171545259987823,25.71546040219068,25.996875762939453,37662500
2022-12-20 00:00:00-05:00,25.754277852896408,26.074508050084834,25.63782966715465,25.657238006591797,31863300
2022-12-21 00:00:00-05:00,25.802797686815868,26.17154689366633,25.793093516782807,26.03569221496582,28100900
2022-12-22 00:00:00-05:00,25.666941779041505,25.666941779041505,24.599507187974623,25.20115089416504,47478300
2022-12-23 00:00:00-05:00,25.1526311667859,25.414638184880165,24.91973665655134,25.317598342895508,23600900
2022-12-27 00:00:00-05:00,25.084703360926735,25.32730203588564,24.890623680607213,25.172039031982422,29548100
2022-12-28 00:00:00-05:00,25.074999817981187,25.346711007037335,24.745065463727666,24.78388214111328,26176900
2022-12-29 00:00:00-05:00,25.00707530484624,25.511681062504778,24.987666963963697,25.43404769897461,30944800
2022-12-30 00:00:00-05:00,25.13322353537517,25.67664407454579,25.036183690660142,25.647533416748047,31030100
2023-01-03 00:00:00-05:00,26.249176142010917,26.268584480405256,25.5893092945326,25.938650131225586,31308000
2023-01-04 00:00:00-05:00,26.598520011253758,27.093421557009815,26.355921323189875,26.86052703857422,37665200
2023-01-05 00:00:00-05:00,26.627633252862204,26.957567625778513,26.569408233490275,26.74407958984375,33552600
2023-01-06 00:00:00-05:00,27.103127113781863,27.976482065334114,26.56940886219684,27.87944221496582,31788600
2023-01-09 00:00:00-05:00,27.9861854019291,28.985692684455547,27.9861854019291,28.442270278930664,37493200
2023-01-10 00:00:00-05:00,28.37434262471182,28.636349654718117,28.06381659694782,28.568422317504883,23008100
2023-01-11 00:00:00-05:00,28.80131471939612,28.995392547029624,28.14144603350403,28.96628189086914,30375400
2023-01-12 00:00:00-05:00,29.092431555568936,29.480589050633316,28.597530055281503,29.39325523376465,28963900
2023-01-13 00:00:00-05:00,29.0827294469607,29.276809133681343,28.927466437936605,29.218585968017578,31361900
2023-01-17 00:00:00-05:00,29.2865151236822,29.36414663302016,28.646054708923764,28.72368621826172,34759100
2023-01-18 00:00:00-05:00,28.917761852932063,28.937170191501423,27.782399958959143,27.95707130432129,44199600
2023-01-19 00:00:00-05:00,27.7629945249402,27.9085533679726,27.40394765130457,27.5786190032959,36886600
2023-01-20 00:00:00-05:00,27.578619611826305,28.36463886224991,27.413652425847904,28.354934692382812,35158500
2023-01-23 00:00:00-05:00,28.461680123023413,29.587337971154348,28.316121269552927,29.373851776123047,38795800
2023-01-24 00:00:00-05:00,29.05361663513857,29.296215300109278,28.849832794105094,29.034208297729492,24855100
2023-01-25 00:00:00-05:00,28.64605313815188,29.005098155071686,28.306414609341548,28.820724487304688,28268000
2023-01-26 00:00:00-05:00,29.17006618634295,29.218587035235885,28.46167845043631,29.19917869567871,56088100
2023-01-27 00:00:00-05:00,26.268584542604763,27.403946429027613,25.987171038744602,27.32631492614746,148548200
2023-01-30 00:00:00-05:00,26.899343492385082,27.665956281434863,26.85082449219157,27.122535705566406,55145800
2023-01-31 00:00:00-05:00,26.95756607956693,27.452467610555214,26.71496739874215,27.423355102539062,52621600
2023-02-01 00:00:00-05:00,27.064311098275844,28.558720018375396,26.860529073288404,28.20937728881836,63330600
2023-02-02 00:00:00-05:00,28.38404541435553,29.402959124774853,27.9473670522438,29.29621696472168,62230700
2023-02-03 00:00:00-05:00,28.74309191444217,30.247202963592958,28.655756243110215,29.422367095947266,57603100
2023-02-06 00:00:00-05:00,29.024571986922997,29.122794265962778,28.101287434877857,28.17986488342285,48726400
2023-02-07 00:00:00-05:00,28.14057151870182,28.749548069850462,27.924484032002056,28.533458709716797,50780800
2023-02-08 00:00:00-05:00,28.435239984859095,28.60221728501347,27.708396297057224,27.737863540649414,36479100
2023-02-09 00:00:00-05:00,28.17003761995274,28.307547662881685,27.07977406977659,27.236928939819336,43906400
2023-02-10 00:00:00-05:00,27.138707753118453,27.49230716144374,26.853865242416113,27.30568504333496,31232500
2023-02-13 00:00:00-05:00,27.37444344491586,28.04235076904297,27.22710910106314,28.04235076904297,32347500
2023-02-14 00:00:00-05:00,27.87537349952594,28.209328098664386,27.492308701339958,28.13075065612793,27928900
2023-02-15 00:00:00-05:00,27.855731873979995,28.36648433813659,27.659287321542315,28.337018966674805,23359400
2023-02-16 00:00:00-05:00,27.99324091801093,28.31737310633475,27.629819071255607,27.698575973510742,28972500
2023-02-17 00:00:00-05:00,27.50212910117942,27.57088412418295,26.893152561056688,27.119064331054688,32086200
2023-02-21 00:00:00-05:00,26.62795734235338,26.785112230429846,25.576983325804257,25.59662628173828,63668400
2023-02-22 00:00:00-05:00,25.449295359243962,26.421691991013393,24.850141141043277,25.017118453979492,89195300
2023-02-23 00:00:00-05:00,25.321606055706372,25.61627100122729,24.869784349349057,25.15462875366211,56473200
2023-02-24 00:00:00-05:00,24.771561067821338,24.89925057953331,24.476896134297327,24.692983627319336,44089900
2023-02-27 00:00:00-05:00,25.09569251479783,25.125159756667504,24.437605767179658,24.457250595092773,37657000
2023-02-28 00:00:00-05:00,24.49653963783182,24.673339337757206,24.290272696774252,24.486717224121094,50255300
2023-03-01 00:00:00-05:00,24.584941307550988,25.45911558473897,24.52600682092434,24.879606246948242,47823400
2023-03-02 00:00:00-05:00,24.761738197160618,25.83235697516249,24.673340217479968,25.7341365814209,48309300
2023-03-03 00:00:00-05:00,25.73413747144898,26.009157580931422,25.547515344704475,25.930580139160156,36744900
2023-03-06 00:00:00-05:00,25.99933482261377,26.068091722508857,25.46893756603226,25.527870178222656,37879800
2023-03-07 00:00:00-05:00,25.380535216063734,25.527867668773585,25.046580657423387,25.076047897338867,43164600
2023-03-08 00:00:00-05:00,25.105515307533672,25.547514575077933,24.99747249924924,25.518047332763672,36071900
2023-03-09 00:00:00-05:00,25.518046047408273,26.500264927201666,25.508223633798277,25.969867706298828,54886100
2023-03-10 00:00:00-05:00,26.077911406638872,27.0306649518261,25.852001506135593,26.735998153686523,65187000
2023-03-13 00:00:00-04:00,26.26453156180667,26.82439600096425,26.136843936893126,26.47079849243164,50977000
2023-03-14 00:00:00-04:00,26.863687126349507,27.60035129687042,26.765464862259943,27.511951446533203,47689800
2023-03-15 00:00:00-04:00,27.236931277633445,27.993240325526205,27.168176250267557,27.90484046936035,49322800
2023-03-16 00:00:00-04:00,27.885193179662817,29.731765708349826,27.885193179662817,29.64336585998535,75779500
2023-03-17 00:00:00-04:00,29.38799005383879,30.44878640862114,28.916525423587505,29.279945373535156,80628500
2023-03-20 00:00:00-04:00,29.27012186384062,29.368344126491195,28.12092569972674,28.641502380371094,38780100
2023-03-21 00:00:00-04:00,28.484350023014176,28.65132732222438,27.48248622775297,27.953950881958008,55650800
2023-03-22 00:00:00-04:00,27.973593035312135,28.60221438756031,27.60035068812457,27.62981605529785,37415500
2023-03-23 00:00:00-04:00,27.875373016340752,28.641504472866778,27.718218133991925,28.513816833496094,43785500
2023-03-24 00:00:00-04:00,28.523639980041434,29.279947168222304,28.4155952931153,28.837949752807617,55912100
2023-03-27 00:00:00-04:00,28.84777210837361,29.201369665295225,28.562927706490687,28.661149978637695,34758200
2023-03-28 00:00:00-04:00,28.562926697724667,28.80848143270285,28.12092742539036,28.769193649291992,37407900
2023-03-29 00:00:00-04:00,29.240659983783324,31.32296320783517,29.23083756900343,30.959543228149414,85556200
2023-03-30 00:00:00-04:00,31.28367304846146,32.00069428551631,31.244383392323037,31.519405364990234,70077600
2023-03-31 00:00:00-04:00,31.234559078674348,32.31500207556386,31.16580405804755,32.089088439941406,59765000
2023-04-03 00:00:00-04:00,32.354289792446984,32.963268219020534,31.961404473581407,32.305179595947266,57038300
2023-04-04 00:00:00-04:00,32.26588936679276,33.23828772643085,32.25606882641441,32.511444091796875,55714100
2023-04-05 00:00:00-04:00,32.216781036011525,32.40340503581261,31.764961215098953,32.24625015258789,39615700
2023-04-06 00:00:00-04:00,32.020335638625546,32.4132247096104,31.88282558784121,32.22660446166992,28551900
2023-04-10 00:00:00-04:00,32.020336585244884,32.177491468911235,31.627451249513012,31.941761016845703,30534400
2023-04-11 00:00:00-04:00,32.07927141035894,32.52127069623301,31.745316810683867,31.774782180786133,27059100
2023-04-12 00:00:00-04:00,32.18731537992254,32.3051806045754,31.391716683062842,31.450651168823242,37070800
2023-04-13 00:00:00-04:00,31.254203737513286,31.853357839926314,31.087226456845745,31.558692932128906,29722300
2023-04-14 00:00:00-04:00,31.431006491564602,31.666740688873237,31.126519140739084,31.322961807250977,24623600
2023-04-17 00:00:00-04:00,31.381897426029237,32.05962717909389,31.20509770838314,31.568517684936523,29601100
2023-04-18 00:00:00-04:00,31.853358340128754,31.88282370731092,31.21491644758621,31.264026641845703,26041400
2023-04-19 00:00:00-04:00,30.54701063475303,30.959542681048198,30.527365805540395,30.596120834350586,25746600
2023-04-20 00:00:00-04:00,30.21305511986217,30.69434218043938,30.163943048313083,30.311277389526367,30255100
2023-04-21 00:00:00-04:00,30.291631489464233,30.291631489464233,29.69247735179581,29.761232376098633,28655800
2023-04-24 00:00:00-04:00,29.59425443385575,29.829988616893743,29.08350203309706,29.132612228393555,38732500
2023-04-25 00:00:00-04:00,28.91652572887335,29.04421336504342,28.356661240359944,28.36648178100586,38289900
2023-04-26 00:00:00-04:00,28.68079304560208,29.279945309362212,28.327193636971646,28.533458709716797,41218800
2023-04-27 00:00:00-04:00,28.238794087474865,29.417457546586515,28.00306177033932,29.329057693481445,60186200
2023-04-28 00:00:00-04:00,31.41136051856717,31.990869829518584,30.262164310647204,30.507719039916992,80229700
2023-05-01 00:00:00-04:00,30.556831046147032,30.684518680790283,29.741589421607756,29.761232376098633,36918500
2023-05-02 00:00:00-04:00,29.761230695622764,30.036252650738763,29.221011072232326,29.24065589904785,33463400
2023-05-03 00:00:00-04:00,30.095188571838715,30.556832685670965,29.712123773921746,30.105010986328125,45554500
2023-05-04 00:00:00-04:00,30.021180873911767,31.283568331121693,29.96200505102578,30.81017303466797,46104000
2023-05-05 00:00:00-04:00,30.948245417855574,30.97783332855795,30.307189068149285,30.56361198425293,35010800
2023-05-08 00:00:00-04:00,30.27760495894871,30.415678122105973,29.9718688389494,30.346641540527344,30882800
2023-05-09 00:00:00-04:00,29.96200600467698,30.15925499169705,29.498473330617287,29.68585968017578,30706500
2023-05-10 00:00:00-04:00,29.873244537417033,29.981729781863518,29.084250509856673,29.557645797729492,40526500
2023-05-11 00:00:00-04:00,29.192739392246057,29.27163861163973,28.423470592328403,28.462921142578125,47144400
2023-05-12 00:00:00-04:00,28.630582646475215,28.699619229337397,28.324846520791546,28.55168342590332,24147300
2023-05-15 00:00:00-04:00,28.50236936370482,29.41957395043022,28.48264408889001,29.389986038208008,28717500
2023-05-16 00:00:00-04:00,29.212464436133047,29.48861076127212,28.80810382369728,28.81796646118164,22812000
2023-05-17 00:00:00-04:00,29.113838490681953,29.153287157546597,28.285395794362135,28.472782135009766,41667300
2023-05-18 00:00:00-04:00,28.6009926952661,29.350536177840237,28.472782176387607,29.271636962890625,36529200
2023-05-19 00:00:00-04:00,29.19273850802639,29.823932244057538,29.094114016495094,29.518198013305664,40668700
2023-05-22 00:00:00-04:00,29.439300229371696,30.0310453262592,29.40971231614029,29.863384246826172,28693400
2023-05-23 00:00:00-04:00,29.636546457926233,29.784484138569745,29.08425192846924,29.10397720336914,29400900
2023-05-24 00:00:00-04:00,28.906726420285597,29.084250121141693,28.423468501902693,28.60099220275879,28045800
2023-05-25 00:00:00-04:00,27.90076231929999,27.90076231929999,26.490437210072532,27.023006439208984,78009400
2023-05-26 00:00:00-04:00,27.06245659718203,28.689754053186835,26.727134469143994,28.60099220275879,71910600
2023-05-30 00:00:00-04:00,29.291362644532136,29.626684783010845,28.600993093286394,29.57737159729004,54874800
2023-05-31 00:00:00-04:00,29.291362161938906,31.84572682591545,29.261774250993902,31.007421493530273,136243800
2023-06-01 00:00:00-04:00,31.362468519667978,31.50054356291094,30.593201609354086,30.70168685913086,52667400
2023-06-02 00:00:00-04:00,30.967975197044915,31.155361563210644,30.40581797965366,30.879213333129883,36496200
2023-06-05 00:00:00-04:00,30.87921007753537,30.96797193209224,29.419573617653487,29.449161529541016,48244100
2023-06-06 00:00:00-04:00,29.36039957465176,31.017285012577048,29.29136299492249,30.534025192260742,42295300
2023-06-07 00:00:00-04:00,30.603062447913878,30.93838457719844,30.50443796028213,30.84962272644043,39098000
2023-06-08 00:00:00-04:00,30.997561055006635,31.411782432086454,30.63265098522683,31.38219451904297,35199000
2023-06-09 00:00:00-04:00,31.490680654787045,31.549854597893553,30.257879200284613,30.908798217773438,40218000
2023-06-12 00:00:00-04:00,30.967974899649377,32.84183289999361,30.92852622779149,32.61499786376953,59881600
2023-06-13 00:00:00-04:00,33.305366315358214,33.48289003521287,32.614996711724736,33.44343948364258,51990000
2023-06-14 00:00:00-04:00,33.403986514399435,35.11018324310313,33.334949935253896,35.09046173095703,74404300
2023-06-15 00:00:00-04:00,34.79458872465243,35.91890310338333,34.735416659800265,35.3271598815918,67676300
2023-06-16 00:00:00-04:00,35.85972618917542,36.29367090899221,35.110180863242334,35.86958694458008,110188500
2023-06-20 00:00:00-04:00,36.264091540986556,36.599413719498884,34.242297712696846,34.5184440612793,65970200
2023-06-21 00:00:00-04:00,34.439542086228585,34.56775450007089,32.378301518843365,32.44733810424805,70973500
2023-06-22 00:00:00-04:00,32.24022345501473,32.78265912447126,31.687930791148602,32.25994873046875,45740300
2023-06-23 00:00:00-04:00,31.766828024774,32.989768763362065,31.589304308491673,32.54595947265625,46199200
2023-06-26 00:00:00-04:00,32.733345116797146,33.52234111171129,32.644583255479894,32.881282806396484,38952400
2023-06-27 00:00:00-04:00,32.76293173726051,33.75903362910865,32.55581823944874,33.630821228027344,33038900
2023-06-28 00:00:00-04:00,33.14756670007873,33.34481568874909,32.575545009155825,33.108116149902344,33906900
2023-06-29 00:00:00-04:00,32.88128313136317,32.88128313136317,32.04297958124657,32.45719909667969,38313000
2023-06-30 00:00:00-04:00,32.90100683563031,33.09825582688364,32.70375784437698,32.97990417480469,33798400
2023-07-03 00:00:00-04:00,33.07852759463609,33.42371047681471,32.68402964739375,33.15742492675781,15753000
2023-07-05 00:00:00-04:00,32.85169429976381,32.8714195743726,32.052837608059136,32.06269836425781,37664700
2023-07-06 00:00:00-04:00,31.461093803549407,31.59916885026147,30.948247929717848,31.53013038635254,41693600
2023-07-07 00:00:00-04:00,31.55971710876133,31.964075833728877,31.38219339904763,31.411781311035156,28345700
2023-07-10 00:00:00-04:00,31.43150864437838,32.378301197828726,31.332884145732695,32.2895393371582,36305700
2023-07-11 00:00:00-04:00,32.368435882744855,32.901007033671064,32.05283899972449,32.84183120727539,28148800
2023-07-12 00:00:00-04:00,33.22646322162632,33.61110043307564,32.60513400157041,33.512474060058594,37762200
2023-07-13 00:00:00-04:00,33.680137974641795,33.828071895073684,33.157427588256795,33.403987884521484,32745800
2023-07-14 00:00:00-04:00,33.31522649380809,33.40398835219456,32.54595956259981,32.69389724731445,30426200
2023-07-17 00:00:00-04:00,32.703759001261346,34.12394501654305,32.61499714016801,33.89710998535156,34111200
2023-07-18 00:00:00-04:00,33.80834768896761,34.22257095614054,33.36454215142673,34.02532196044922,29679500
2023-07-19 00:00:00-04:00,33.92669448993717,34.36063920860579,33.85765791565378,33.98586654663086,26486700
2023-07-20 00:00:00-04:00,33.23633101812798,33.739312402383845,32.77279642475811,32.91086959838867,37878000
2023-07-21 00:00:00-04:00,33.2659148117975,33.77876068089991,32.96017868919465,33.55192565917969,79724100
2023-07-24 00:00:00-04:00,33.37440330351772,33.9858718114128,33.098256963606076,33.167293548583984,25225800
2023-07-25 00:00:00-04:00,33.236327031009154,33.867520756007345,32.940455442692674,33.630821228027344,31771100
2023-07-26 00:00:00-04:00,33.25605146909345,34.05490436124267,33.236326195406754,33.887245178222656,32643200
2023-07-27 00:00:00-04:00,34.340916297373,34.54802603446677,33.64068598879229,34.07463073730469,58890800
2023-07-28 00:00:00-04:00,36.2443639740961,36.48106351664698,35.02142323497119,36.323265075683594,90863000
2023-07-31 00:00:00-04:00,36.36270714591903,36.678303986894626,35.179217111154976,35.2778434753418,55630700
2023-08-01 00:00:00-04:00,35.32715935742652,35.52440834916757,34.79458820838915,35.30743408203125,24702200
2023-08-02 00:00:00-04:00,34.666381237316806,34.695967270734016,33.80834864609997,33.91683578491211,39052000
2023-08-03 00:00:00-04:00,33.81821035377514,34.54802670694328,33.66041191831624,34.390228271484375,24817900
2023-08-04 00:00:00-04:00,34.12793204174856,35.19690621763417,34.12793204174856,34.781192779541016,26664300
2023-08-07 00:00:00-04:00,35.04843978502875,35.1870096861634,34.39517898271779,34.870277404785156,22486900
2023-08-08 00:00:00-04:00,34.31599365531949,34.74160336179518,33.51426672859513,34.66242218017578,34753600
2023-08-09 00:00:00-04:00,34.64262695108196,34.74160437492923,33.88048870506855,33.92997741699219,28720200
2023-08-10 00:00:00-04:00,34.34568582439346,34.73170300635493,34.1279309932373,34.325889587402344,30957300
2023-08-11 00:00:00-04:00,34.10813891882363,34.59313734493017,34.00916149753491,34.533748626708984,28752000
2023-08-14 00:00:00-04:00,34.315992180348886,35.34537392738224,34.1180373469356,35.31568145751953,36896100
2023-08-15 00:00:00-04:00,35.048438756819145,35.26619360978344,34.39517797367277,34.414974212646484,27420300
2023-08-16 00:00:00-04:00,34.16752264045272,34.276400053396245,33.1183447597877,33.18762969970703,35757300
2023-08-17 00:00:00-04:00,33.217330406278286,33.24702287716365,32.01968247869894,32.247337341308594,39906700
2023-08-18 00:00:00-04:00,31.90090892997078,32.57396596117977,31.85142021974147,32.41559982299805,23692300
2023-08-21 00:00:00-04:00,32.267129542626925,32.83130913934534,31.693053714275948,32.80161666870117,43718200
2023-08-22 00:00:00-04:00,32.88080097478728,33.4548767917904,32.4947837610574,32.554168701171875,23434200
2023-08-23 00:00:00-04:00,32.54427461613644,33.80130753333303,32.4650896564327,33.63304138183594,32324300
2023-08-24 00:00:00-04:00,33.375695605456414,33.741916580482595,32.15825524868307,32.257232666015625,37931000
2023-08-25 00:00:00-04:00,32.19784248852752,33.05896183836477,32.01968012481956,32.910491943359375,27324800
2023-08-28 00:00:00-04:00,33.15794066931487,33.43508045771506,32.87090087375957,33.27671432495117,22341800
2023-08-29 00:00:00-04:00,33.14804412576729,34.12793338309593,33.12824788738991,33.95967102050781,29943600
2023-08-30 00:00:00-04:00,33.71222319016435,34.30609522944119,33.43507963285499,34.17742156982422,26279200
2023-08-31 00:00:00-04:00,33.969565916700276,35.19690621763417,33.94976967910096,34.781192779541016,48157600
2023-09-01 00:00:00-04:00,35.42456005492964,36.37475687947974,35.36517133749031,36.23618698120117,43782600
2023-09-05 00:00:00-04:00,36.20649323017249,37.0280163590967,36.08771579949353,36.33516311645508,43379400
2023-09-06 00:00:00-04:00,36.1866958807217,36.66179426161183,35.66210501736164,36.6024055480957,39643400
2023-09-07 00:00:00-04:00,36.45394321888864,37.94852346154762,36.3747582592991,37.790157318115234,67659700
2023-09-08 00:00:00-04:00,37.73076462713381,38.43351785441042,37.32495119131737,37.62188720703125,44255200
2023-09-11 00:00:00-04:00,37.84954388876171,38.344438530856806,37.45362666478704,38.19596862792969,36349300
2023-09-12 00:00:00-04:00,38.2553562221662,39.660855152132704,38.2553562221662,38.46321105957031,55326600
2023-09-13 00:00:00-04:00,38.40382423035957,38.75025275212008,37.859440868446256,38.31474304199219,35407800
2023-09-14 00:00:00-04:00,38.41372014375823,38.50280132263152,37.90892553822754,38.275146484375,30616500
2023-09-15 00:00:00-04:00,38.02770465736998,38.12668585688809,37.2358739399586,37.493221282958984,68868800
2023-09-18 00:00:00-04:00,37.235875581571804,37.99801386060138,37.126998145175165,37.60210037231445,29322200
2023-09-19 00:00:00-04:00,37.65158717255529,37.710972116119024,35.65221226473173,35.96894454956055,53288100
2023-09-20 00:00:00-04:00,35.85017287402136,35.87986534744922,34.2764075946482,34.335792541503906,57660800
2023-09-21 00:00:00-04:00,34.21701484443456,34.89007185171892,34.10813742035232,34.296199798583984,45215900
2023-09-22 00:00:00-04:00,34.45456576280876,34.53374694082492,33.791404990159734,33.830997467041016,29232700
2023-09-25 00:00:00-04:00,33.65283674853859,34.01905773829893,33.42518565891748,33.939876556396484,21729400
2023-09-26 00:00:00-04:00,33.7914056264998,34.4248701655437,33.296510983403444,33.48457336425781,34198300
2023-09-27 00:00:00-04:00,33.57365378518337,34.47436574108437,33.53406507975385,34.25661087036133,44369100
2023-09-28 00:00:00-04:00,34.296202194385145,35.295887768004,34.028958619081884,34.8207893371582,32265300
2023-09-29 00:00:00-04:00,35.285989096811996,35.5433326464932,34.80099069165771,35.187007904052734,28758500
2023-10-02 00:00:00-04:00,35.24639699635811,35.612617974114784,34.622828690423724,35.09792709350586,26086200
2023-10-03 00:00:00-04:00,34.90987088163864,36.166903811174436,34.90987088163864,35.32558059692383,45292600
2023-10-04 00:00:00-04:00,36.14710913342097,36.14710913342097,34.96926111345671,35.563133239746094,39842200
2023-10-05 00:00:00-04:00,35.6027216369475,35.73139152490802,35.2364968845312,35.523536682128906,25771200
2023-10-06 00:00:00-04:00,35.50374044944995,36.087716276223574,34.82078720488275,35.820472717285156,33252300
2023-10-09 00:00:00-04:00,35.33548200838846,35.80068045457868,35.13752337506968,35.69180679321289,19376100
2023-10-10 00:00:00-04:00,35.770985550089804,36.36486140968625,35.444357036696395,36.05802536010742,24044100
2023-10-11 00:00:00-04:00,36.24608208767368,36.65189553821132,36.00853477678387,36.5034294128418,19262600
2023-10-12 00:00:00-04:00,36.424248003702026,36.839961501838125,36.01843451366861,36.46384048461914,23639200
2023-10-13 00:00:00-04:00,36.36486037860607,36.41434908823259,35.49384474134249,35.60272216796875,28390100
2023-10-16 00:00:00-04:00,35.77098543561245,36.562816136793664,35.71160049286549,36.18669891357422,29555800
2023-10-17 00:00:00-04:00,35.55323310686693,35.9788428469909,34.7119136349457,35.69180679321289,24993600
2023-10-18 00:00:00-04:00,35.15731506029776,35.65220969159292,35.088030113976146,35.27608871459961,22086000
2023-10-19 00:00:00-04:00,35.5928221196641,35.988739347714024,35.1573161894064,35.305782318115234,29201800
2023-10-20 00:00:00-04:00,35.28598788269601,35.90955238476486,34.51394970872373,34.563438415527344,32291800
2023-10-23 00:00:00-04:00,34.24670983734997,34.83068570211142,33.04906563570678,33.50436782836914,53924700
2023-10-24 00:00:00-04:00,33.29651198620114,34.355586252263976,33.29651198620114,34.236812591552734,52673900
2023-10-25 00:00:00-04:00,33.83099938550992,34.09824295599365,32.21764173069923,32.49478530883789,44658500
2023-10-26 00:00:00-04:00,32.55417113678657,32.88080343483971,31.82172913176812,32.187950134277344,59142500
2023-10-27 00:00:00-04:00,34.306100659587905,36.008539646080315,34.24671193596133,35.17711639404297,84128200
2023-10-30 00:00:00-04:00,35.10782950709447,35.592824174927195,34.56344234315424,35.32558059692383,36656300
2023-10-31 00:00:00-04:00,35.2958884915817,36.196596659810844,35.25629601092955,36.12731170654297,41185200
2023-11-01 00:00:00-04:00,36.1273063368575,36.93893319085871,35.909551501382865,36.90924072265625,41710700
2023-11-02 00:00:00-04:00,37.196282193208724,37.43382950112721,36.533121425797994,37.31505584716797,35440000
2023-11-03 00:00:00-04:00,37.61199467262615,37.928726957283274,37.285362380216,37.75056457519531,30493400
2023-11-06 00:00:00-05:00,37.75552885145669,37.93427705328496,37.586709421658085,37.68601608276367,23877200
2023-11-07 00:00:00-05:00,37.97400074563581,38.62940957402664,37.715807207934105,38.50031280517578,32052000
2023-11-08 00:00:00-05:00,38.57975443765512,38.619477103264856,37.487407650520595,37.65622329711914,33483400
2023-11-09 00:00:00-05:00,37.78532076635332,38.25205262551057,37.507269678257245,37.53705978393555,48955800
2023-11-10 00:00:00-05:00,37.97400117753621,38.71878411773126,37.97400117753621,38.58968734741211,38862500
2023-11-13 00:00:00-05:00,38.083229751882406,38.30170060891218,37.874691454623964,37.96406555175781,24558300
2023-11-14 00:00:00-05:00,38.53010305033764,39.21530577443907,37.805181448736185,39.135860443115234,45457400
2023-11-15 00:00:00-05:00,39.31460938412701,40.55591429801311,39.30468061160718,40.3275146484375,47392100
2023-11-16 00:00:00-05:00,40.71480248667232,43.09810951335212,40.53605427026323,43.04845428466797,86405700
2023-11-17 00:00:00-05:00,42.61151184953165,43.505252838134766,42.263948014053604,43.505252838134766,49735000
2023-11-20 00:00:00-05:00,43.475462176714274,44.61746421498649,43.475462176714274,44.42878723144531,44564900
2023-11-21 00:00:00-05:00,44.19045562555966,44.34934250549586,42.998802131957106,43.3364372253418,37252100
2023-11-22 00:00:00-05:00,43.7237226138275,44.3195512391122,43.23713321408168,43.36622619628906,31481200
2023-11-24 00:00:00-05:00,43.37615805588729,43.693931802305656,43.30664528561839,43.65420913696289,13037100
2023-11-27 00:00:00-05:00,43.3463710668164,44.24010837230163,43.3463710668164,43.773380279541016,33339900
2023-11-28 00:00:00-05:00,43.386088129940184,44.07129086909578,43.35629802412019,43.922332763671875,24548900
2023-11-29 00:00:00-05:00,44.289760521128215,45.024614741886644,44.289760521128215,44.62739562988281,38982000
2023-11-30 00:00:00-05:00,44.33941334954787,44.77635131855501,44.10108113762271,44.38906478881836,46263000
2023-12-01 00:00:00-05:00,44.051427575805214,44.051427575805214,42.56186174049076,43.43574142456055,43922500
2023-12-04 00:00:00-05:00,42.99880095899045,43.00873351955666,41.399999642405035,42.0554084777832,50417600
2023-12-05 00:00:00-05:00,41.61847012295338,41.99582786949656,41.32055770754009,41.62839889526367,31859300
2023-12-06 00:00:00-05:00,42.184503792379296,42.293739225866666,40.8836149389161,40.9829216003418,31992300
2023-12-07 00:00:00-05:00,41.45958479985737,42.144783759757395,40.89355005294821,41.85680389404297,29118700
2023-12-08 00:00:00-05:00,41.54895859535873,42.66116674731897,41.5191684893747,42.402976989746094,42805900
2023-12-11 00:00:00-05:00,42.85977341270767,44.41885199046676,42.78033187270148,44.23017501831055,48288200
2023-12-12 00:00:00-05:00,44.05142776539861,44.130869307113144,43.326506177004994,43.7336540222168,31452200
2023-12-13 00:00:00-05:00,43.773378398010685,44.40892590921429,43.0285954480386,44.25996780395508,35216100
2023-12-14 00:00:00-05:00,44.69690702769567,46.74257895154607,44.33941438371283,44.865726470947266,70620800
2023-12-15 00:00:00-05:00,45.62043826524763,46.94118855345118,45.35231594084175,45.83890914916992,84553800
2023-12-18 00:00:00-05:00,45.8289802241772,45.90842177105477,45.08419725490994,45.37217712402344,27895700
2023-12-19 00:00:00-05:00,45.282802203844305,46.35529147866728,45.19342809760906,46.33543014526367,35358800
2023-12-20 00:00:00-05:00,46.315564368002796,46.62340932397885,45.38210451656813,45.44168472290039,38159100
2023-12-21 00:00:00-05:00,46.1566814395457,46.79222894902154,45.69988214063019,46.75251007080078,28320500
2023-12-22 00:00:00-05:00,46.921324253082275,47.82499405013368,46.87167281573784,47.666107177734375,30053700
2023-12-26 00:00:00-05:00,48.57970851849958,50.1685811213009,48.371170196858564,50.148719787597656,60287400
2023-12-27 00:00:00-05:00,50.277816954791916,50.923293258453405,49.8408751862361,50.40690994262695,52148000
2023-12-28 00:00:00-05:00,50.45656252955944,50.516142739852405,49.81108247153177,50.03948211669922,27705200
2023-12-29 00:00:00-05:00,49.950106911723495,50.218229216615555,49.42379486221045,49.900455474853516,29266500
2024-01-02 00:00:00-05:00,48.857757860850136,49.036506055744105,47.119931134617794,47.46749496459961,45905700
2024-01-03 00:00:00-05:00,46.77236872523137,47.4774328116815,46.474456296618584,46.72271728515625,35858400
2024-01-04 00:00:00-05:00,45.40196994764577,46.831951851165215,44.92530931313929,46.543968200683594,47797800
2024-01-05 00:00:00-05:00,46.702856879583614,47.49729508922105,46.31557033587454,46.5638313293457,34332100
2024-01-08 00:00:00-05:00,46.74257447820036,48.42081724831211,46.6432716068467,48.11297607421875,42135100
2024-01-09 00:00:00-05:00,47.67603661165214,48.222213794507084,47.46749829901401,47.71575927734375,30097000
2024-01-10 00:00:00-05:00,47.90443762520187,47.96401783256745,46.61347757257603,47.139793395996094,31480200
2024-01-11 00:00:00-05:00,47.11000327731659,47.50722236965606,46.40494298716795,47.30861282348633,31707900
2024-01-12 00:00:00-05:00,47.26888547473107,47.338398240781075,46.285774190217225,46.7922248840332,27448800
2024-01-16 00:00:00-05:00,46.6532016124255,46.89153381340319,46.05737679222401,46.73264694213867,43720700
2024-01-17 00:00:00-05:00,46.09709758402704,46.09709758402704,45.33245708866073,45.73960494995117,33488000
2024-01-18 00:00:00-05:00,46.70285489168308,47.23909952391453,45.84883650438751,46.41487503051758,46681300
2024-01-19 00:00:00-05:00,46.67306151985457,48.420817050402654,46.1169555933266,47.8150634765625,55912900
2024-01-22 00:00:00-05:00,48.51019364264883,48.82796739180739,47.308611416882904,47.884578704833984,45639500
2024-01-23 00:00:00-05:00,47.78527106167214,48.59956675072919,46.990836705050846,48.5499153137207,37224100
2024-01-24 00:00:00-05:00,48.82796525188531,49.4237938465664,47.93422804210627,48.7485237121582,49375800
2024-01-25 00:00:00-05:00,49.65219660742145,49.950109029433584,48.6293625695204,49.205326080322266,84845100
2024-01-26 00:00:00-05:00,43.87268278758925,45.094126413045544,43.04845447623918,43.346370697021484,127665300
2024-01-29 00:00:00-05:00,43.40594885343627,43.68400372711062,42.512211597934076,43.5350456237793,51790900
2024-01-30 00:00:00-05:00,43.366223786550115,43.51518188163459,42.59165078369897,42.62144088745117,47958800
2024-01-31 00:00:00-05:00,42.2738799452105,43.485394756268505,42.06534162833848,42.78033447265625,51584200
2024-02-01 00:00:00-05:00,42.84984563262509,43.26692225067569,42.19443681271569,43.05838394165039,38819900
2024-02-02 00:00:00-05:00,42.70088805439149,42.83991359543943,41.31062506758841,42.30366897583008,53669900
2024-02-05 00:00:00-05:00,42.323530301843,42.84984614907745,42.13485332304537,42.47248840332031,28890300
2024-02-06 00:00:00-05:00,42.52726524090838,42.60693963902528,41.96952925702779,42.56710433959961,34068200
2024-02-07 00:00:00-05:00,42.716496848985905,42.92564642599269,42.377872096051526,42.60694122314453,34269200
2024-02-08 00:00:00-05:00,42.54718666211154,42.79617534098763,42.158764930947356,42.32807540893555,33206500
2024-02-09 00:00:00-05:00,42.37787224834163,43.34394953503378,42.22848132105666,43.13479995727539,51193000
2024-02-12 00:00:00-05:00,43.21447255321332,44.85779927955259,43.144756030206494,43.85188293457031,51107300
2024-02-13 00:00:00-05:00,42.82605236723798,43.45350489594772,42.58702156606951,42.98540496826172,36622200
2024-02-14 00:00:00-05:00,43.6427359122812,44.11083585058447,43.21447507495392,44.01123809814453,36186200
2024-02-15 00:00:00-05:00,44.57893020094635,45.086869219845155,43.84192585879111,43.871803283691406,44024500
2024-02-16 00:00:00-05:00,43.85188509993953,44.04111892824417,42.945566456832005,43.333988189697266,29858600
2024-02-20 00:00:00-05:00,44.08095442922952,44.987273076441554,43.24435230878258,44.33990478515625,61514100
2024-02-21 00:00:00-05:00,44.300063864778934,44.50921343648363,42.90572958748202,43.294151306152344,57715000
2024-02-22 00:00:00-05:00,44.499257048602125,44.499257048602125,42.3579528878703,42.80613327026367,62809300
2024-02-23 00:00:00-05:00,42.95552649240208,43.33398653603752,42.48742657616304,42.81609344482422,33810700
2024-02-26 00:00:00-05:00,43.324028660895785,43.503300807571776,42.646779173289964,42.81609344482422,27035400
2024-02-27 00:00:00-05:00,43.075041068479486,43.09496061852708,42.3380329137812,42.55714416503906,25126400
2024-02-28 00:00:00-05:00,42.26831742829176,42.278279103193526,41.74046263647212,41.82014083862305,26928500
2024-02-29 00:00:00-05:00,42.19859739779716,42.97544460721322,42.18863952298787,42.87584686279297,48875100
2024-03-01 00:00:00-05:00,43.23439325370441,44.09091490118334,42.95552715425198,43.64273452758789,41396900
2024-03-04 00:00:00-05:00,44.090915677967246,46.421449862456726,43.672612722153374,45.42549514770508,59990800
2024-03-05 00:00:00-05:00,44.37974307666877,44.688486604065325,42.51730504057573,42.98540496826172,56655100
2024-03-06 00:00:00-05:00,43.75228906153689,45.325895468277125,43.383786896551136,44.32994079589844,52652000
2024-03-07 00:00:00-05:00,45.36573515101968,46.23221466334955,44.99723298128995,45.96331024169922,50378200
2024-03-08 00:00:00-05:00,46.25213429399644,46.441368116046014,43.82200622558594,43.82200622558594,54793800
2024-03-11 00:00:00-04:00,43.69253102098952,44.748244356125895,43.48338144870558,44.67852783203125,35051000
2024-03-12 00:00:00-04:00,44.87771943008197,45.08686900190431,44.28014434010521,45.05699157714844,31795800
2024-03-13 00:00:00-04:00,44.32994320978551,44.798043147057804,43.025244949454994,43.05512237548828,53195900
2024-03-14 00:00:00-04:00,43.05512232647743,43.17463582974031,42.338033708368634,42.577064514160156,38100000
2024-03-15 00:00:00-04:00,42.278276389627074,42.975445416637825,42.17867864333094,42.467506408691406,66930200
2024-03-18 00:00:00-04:00,42.915687661181366,43.20451543254726,42.42766819234707,42.53722381591797,27668300
2024-03-19 00:00:00-04:00,42.07908595588105,42.11892505559204,41.27236128342911,41.8798942565918,34673000
2024-03-20 00:00:00-04:00,42.816094373157775,42.836010123873045,41.24248411805316,42.02928924560547,74865000
2024-03-21 00:00:00-04:00,42.816095518629346,43.423624712606426,42.14880387384486,42.24839782714844,50807600
2024-03-22 00:00:00-04:00,42.079087604518854,42.626861949576586,41.91973499869722,42.39779281616211,28435300
2024-03-25 00:00:00-04:00,40.72458585359974,42.04920738851577,40.40588066310043,41.66078567504883,47276500
2024-03-26 00:00:00-04:00,41.78030173754758,42.09900694761972,41.49147395364915,41.82014083862305,39109700
2024-03-27 00:00:00-04:00,42.36791365016716,43.652696118936454,42.32807455053114,43.59293746948242,51017800
2024-03-28 00:00:00-04:00,43.5829764695973,44.41957857857594,43.533179493914254,43.99131774902344,54204200
2024-04-01 00:00:00-04:00,44.11083565446154,45.22630388196887,44.00128002689759,44.33990478515625,31712600
2024-04-02 00:00:00-04:00,43.75229111740507,43.90168584498798,43.32403028421753,43.76224899291992,32748400
2024-04-03 00:00:00-04:00,41.23252608302607,41.48151475792535,40.05729923356025,40.16685485839844,83718000
2024-04-04 00:00:00-04:00,40.4258003440209,40.61503036422542,39.53940129260493,39.569278717041016,57307200
2024-04-05 00:00:00-04:00,39.190816165747044,39.30037179130172,38.354214060643486,38.55340576171875,67189100
2024-04-08 00:00:00-04:00,38.483688740765466,38.70279998905383,37.75664227057711,37.826358795166016,56967800
2024-04-09 00:00:00-04:00,37.89607592919282,38.42393450862502,37.17899112199407,38.17494583129883,78783000
2024-04-10 00:00:00-04:00,37.8661973022853,38.06538899767957,36.870242624579525,37.04951477050781,51108400
2024-04-11 00:00:00-04:00,37.27858387840068,37.51761087338396,36.93000126102274,37.47777557373047,41909100
2024-04-12 00:00:00-04:00,36.54157461106459,36.5515362851179,35.455983894447144,35.54561996459961,80139400
2024-04-15 00:00:00-04:00,35.89420823068422,36.55153817944744,35.744813506265714,36.163116455078125,50751600
2024-04-16 00:00:00-04:00,36.123277256817815,36.362304256116765,35.615338234592656,36.11331558227539,30607500
2024-04-17 00:00:00-04:00,35.95396275043675,35.98384397460509,35.22691628343438,35.53566360473633,41173300
2024-04-18 00:00:00-04:00,35.27671445367831,35.51574525879844,34.629346163495754,34.89825439453125,42334400
2024-04-19 00:00:00-04:00,34.98789135667283,34.98789135667283,34.041733586337614,34.06165313720703,58968800
2024-04-22 00:00:00-04:00,34.28075941964888,34.430154146400334,33.94213846430827,34.27080154418945,39909900
2024-04-23 00:00:00-04:00,34.20108555578996,34.46003211372842,34.04173295107419,34.141326904296875,46834000
2024-04-24 00:00:00-04:00,34.71897976835717,35.03768495298024,34.20108289352831,34.360435485839844,53261100
2024-04-25 00:00:00-04:00,34.42019369540273,35.15719800075603,34.36043504932053,34.96796798706055,66549400
2024-04-26 00:00:00-04:00,31.651441737849094,32.10958189761639,30.51605206341974,31.751035690307617,119742500
2024-04-29 00:00:00-04:00,31.731116372751174,31.780913346364585,30.94431127215637,31.233139038085938,58533300
2024-04-30 00:00:00-04:00,30.914434586074016,31.053867635227434,30.29694184050506,30.346738815307617,72346400
2024-05-01 00:00:00-04:00,30.047953001717982,30.914434415792662,29.898560178500365,30.24714469909668,60654800
2024-05-02 00:00:00-04:00,30.466253904855638,30.545930203510103,30.06787241158331,30.386577606201172,50899400
2024-05-03 00:00:00-04:00,30.854675917945496,30.93435221736072,30.575809819808626,30.774999618530273,36794800
2024-05-06 00:00:00-04:00,31.1200008392334,31.200000762939453,30.729999542236328,30.969999313354492,36185600
2024-05-07 00:00:00-04:00,31.09000015258789,31.450000762939453,30.610000610351562,30.68000030517578,44683400
2024-05-08 00:00:00-04:00,30.0,30.149999618530273,29.729999542236328,30.0,63734600
2024-05-09 00:00:00-04:00,29.93000030517578,30.389999389648438,29.809999465942383,30.09000015258789,45003400
2024-05-10 00:00:00-04:00,30.329999923706055,30.459999084472656,29.84000015258789,29.850000381469727,42931300
2024-05-13 00:00:00-04:00,30.030000686645508,31.1299991607666,30.0,30.510000228881836,51459100
2024-05-14 00:00:00-04:00,30.6200008392334,31.110000610351562,30.610000610351562,31.049999237060547,47759900
2024-05-15 00:00:00-04:00,31.3799991607666,31.399999618530273,30.809999465942383,31.270000457763672,36992900
2024-05-16 00:00:00-04:00,31.6299991607666,32.2599983215332,31.520000457763672,32.029998779296875,47752800
2024-05-17 00:00:00-04:00,32.060001373291016,32.11000061035156,31.59000015258789,31.829999923706055,41449800
2024-05-20 00:00:00-04:00,31.850000381469727,32.41999816894531,31.760000228881836,32.099998474121094,31989000
2024-05-21 00:00:00-04:00,31.979999542236328,32.2400016784668,31.6200008392334,31.739999771118164,42975400
2024-05-22 00:00:00-04:00,31.90999984741211,32.06999969482422,31.100000381469727,31.420000076293945,36706400
2024-05-23 00:00:00-04:00,31.450000762939453,31.56999969482422,29.8700008392334,30.079999923706055,62014500
2024-05-24 00:00:00-04:00,30.290000915527344,31.020000457763672,30.1299991607666,30.719999313354492,42408200
2024-05-28 00:00:00-04:00,30.940000534057617,31.3700008392334,30.65999984741211,31.059999465942383,36799100
2024-05-29 00:00:00-04:00,30.469999313354492,30.670000076293945,30.110000610351562,30.1299991607666,35848600
2024-05-30 00:00:00-04:00,30.209999084472656,30.5,30.059999465942383,30.190000534057617,33382800
2024-05-31 00:00:00-04:00,30.219999313354492,30.959999084472656,29.940000534057617,30.850000381469727,95797500
2024-06-03 00:00:00-04:00,31.030000686645508,31.06999969482422,30.049999237060547,30.290000915527344,35544900
2024-06-04 00:00:00-04:00,30.75,30.75,29.940000534057617,30.030000686645508,51027200
2024-06-05 00:00:00-04:00,30.270000457763672,30.84000015258789,30.010000228881836,30.780000686645508,44161700
2024-06-06 00:00:00-04:00,30.549999237060547,30.59000015258789,30.15999984741211,30.420000076293945,34248100
2024-06-07 00:00:00-04:00,30.25,30.780000686645508,30.209999084472656,30.739999771118164,34085500
2024-06-10 00:00:00-04:00,30.549999237060547,30.950000762939453,30.290000915527344,30.90999984741211,37445800
2024-06-11 00:00:00-04:00,30.770000457763672,31.030000686645508,30.530000686645508,30.920000076293945,25326900
2024-06-12 00:00:00-04:00,31.459999084472656,31.479999542236328,30.389999389648438,30.760000228881836,51323900
2024-06-13 00:00:00-04:00,30.3799991607666,30.579999923706055,30.139999389648438,30.459999084472656,33787200
2024-06-14 00:00:00-04:00,30.290000915527344,30.559999465942383,30.209999084472656,30.450000762939453,28125900
2024-06-17 00:00:00-04:00,30.34000015258789,31.0,30.18000030517578,30.979999542236328,36235300
2024-06-18 00:00:00-04:00,30.989999771118164,31.469999313354492,30.5,30.6299991607666,33294700
2024-06-20 00:00:00-04:00,30.559999465942383,31.110000610351562,30.450000762939453,30.6200008392334,43826300
2024-06-21 00:00:00-04:00,30.850000381469727,31.360000610351562,30.670000076293945,31.09000015258789,92549000
2024-06-24 00:00:00-04:00,31.139999389648438,31.420000076293945,30.530000686645508,30.56999969482422,40611800
2024-06-25 00:00:00-04:00,30.700000762939453,30.829999923706055,30.290000915527344,30.739999771118164,29498600
2024-06-26 00:00:00-04:00,30.639999389648438,30.68000030517578,30.270000457763672,30.540000915527344,30743000
2024-06-27 00:00:00-04:00,30.420000076293945,30.65999984741211,30.290000915527344,30.59000015258789,30184300
2024-06-28 00:00:00-04:00,30.75,31.309999465942383,30.719999313354492,30.969999313354492,41467700
2024-07-01 00:00:00-04:00,30.90999984741211,31.020000457763672,30.610000610351562,30.84000015258789,32401800
2024-07-02 00:00:00-04:00,30.860000610351562,31.309999465942383,30.59000015258789,31.06999969482422,35999300
2024-07-03 00:00:00-04:00,31.1200008392334,31.34000015258789,30.90999984741211,31.229999542236328,24065700
2024-07-05 00:00:00-04:00,31.399999618530273,32.34000015258789,31.309999465942383,32.02000045776367,45309400
2024-07-08 00:00:00-04:00,33.029998779296875,34.09000015258789,32.81999969482422,33.9900016784668,82315900
2024-07-09 00:00:00-04:00,35.02000045776367,35.220001220703125,33.720001220703125,34.59000015258789,97546900
2024-07-10 00:00:00-04:00,34.439998626708984,34.970001220703125,34.130001068115234,34.869998931884766,52256200
2024-07-11 00:00:00-04:00,35.029998779296875,35.150001525878906,33.310001373291016,33.5,55213700
2024-07-12 00:00:00-04:00,33.77000045776367,35.47999954223633,33.77000045776367,34.4900016784668,62792600
2024-07-15 00:00:00-04:00,34.70000076293945,35.22999954223633,34.310001373291016,34.459999084472656,39847900
2024-07-16 00:00:00-04:00,34.36000061035156,34.45000076293945,33.84000015258789,34.34000015258789,28409900
2024-07-17 00:00:00-04:00,36.08000183105469,37.15999984741211,34.400001525878906,34.459999084472656,112304200
2024-07-18 00:00:00-04:00,34.959999084472656,36.29999923706055,34.529998779296875,34.869998931884766,84188600
2024-07-19 00:00:00-04:00,34.56999969482422,34.58000183105469,32.849998474121094,32.97999954223633,69628700
2024-07-22 00:00:00-04:00,33.279998779296875,33.40999984741211,32.7599983215332,33.369998931884766,48503700
2024-07-23 00:00:00-04:00,32.959999084472656,33.22999954223633,32.83000183105469,32.95000076293945,29466400
2024-07-24 00:00:00-04:00,32.529998779296875,32.79999923706055,31.65999984741211,31.700000762939453,62216700
2024-07-25 00:00:00-04:00,31.3700008392334,31.989999771118164,30.950000762939453,31.100000381469727,49774000
2024-07-26 00:00:00-04:00,31.43000030517578,31.559999465942383,31.020000457763672,31.350000381469727,38352500
2024-07-29 00:00:00-04:00,31.420000076293945,31.469999313354492,30.790000915527344,30.829999923706055,32342200
2024-07-30 00:00:00-04:00,30.850000381469727,30.90999984741211,30.010000228881836,30.1299991607666,47980500
