Date,Open,High,Low,Close,Volume
2014-01-02 00:00:00-05:00,0.37543898468089465,0.3768539656176639,0.3707224190422621,0.37402400374412537,260092000
2014-01-03 00:00:00-05:00,0.3747315310703106,0.3754390216082825,0.3683641724544665,0.36954331398010254,259332000
2014-01-06 00:00:00-05:00,0.373316426445247,0.37732552879595765,0.3697790030390497,0.37449559569358826,409492000
2014-01-07 00:00:00-05:00,0.37826893200472483,0.3820421958961048,0.3756748376782321,0.38062721490859985,333288000
2014-01-08 00:00:00-05:00,0.38204217789483963,0.3877020734652237,0.3806271969740065,0.38581544160842896,308192000
2014-01-09 00:00:00-05:00,0.3799197217225506,0.3806272122112895,0.37025077875295165,0.3714299201965332,292172000
2014-01-10 00:00:00-05:00,0.3726090593412922,0.3752031536333975,0.36765665406362386,0.37095823884010315,218492000
2014-01-13 00:00:00-05:00,0.37095829767682054,0.3733165809234752,0.36152516469020174,0.36223265528678894,243332000
2014-01-14 00:00:00-05:00,0.3641193080774458,0.37425993223354137,0.36246848722116215,0.37355244159698486,241828000
2014-01-15 00:00:00-05:00,0.3752030781991276,0.3789763412818777,0.37355228614277836,0.3775613605976105,175044000
2014-01-16 00:00:00-05:00,0.37756137803151374,0.379448009660004,0.3759105858989391,0.378740519285202,220652000
2014-01-17 00:00:00-05:00,0.3787405310295893,0.38322128480031586,0.37473145626532045,0.3770897388458252,340400000
2014-01-21 00:00:00-05:00,0.37756139340135164,0.3808630059138486,0.3744956485073172,0.3785047233104706,246076000
2014-01-22 00:00:00-05:00,0.3792121831607254,0.3796838340208106,0.3735522885008715,0.3780330419540405,337940000
2014-01-23 00:00:00-05:00,0.376853896973548,0.3808629714135411,0.37378812424427904,0.37661805748939514,185028000
2014-01-24 00:00:00-05:00,0.37355245964004413,0.3749674409815026,0.36694926023483276,0.36694926023483276,246696000
2014-01-27 00:00:00-05:00,0.3669490161686385,0.37213723078159106,0.3624682636429091,0.36459073424339294,233812000
2014-01-28 00:00:00-05:00,0.36388323768763503,0.36836399013510346,0.3624682573120266,0.3681281507015228,167996000
2014-01-29 00:00:00-05:00,0.36671317673093873,0.36883564733142254,0.36435489480569316,0.36459073424339294,162944000
2014-01-30 00:00:00-05:00,0.3667133098445136,0.37142990352002314,0.3655341684538733,0.3707224130630493,202896000
2014-01-31 00:00:00-05:00,0.36553416784133586,0.3723732047633582,0.36529835643137193,0.37025076150894165,335348000
2014-02-03 00:00:00-05:00,0.3728448295188681,0.3733164804186297,0.363883349971613,0.365298330783844,431728000
2014-02-04 00:00:00-05:00,0.3650624802368959,0.36812825316204734,0.3631758485819608,0.3674207627773285,280692000
2014-02-05 00:00:00-05:00,0.36482672218905265,0.3660058636316619,0.3612892697482754,0.3641192317008972,214676000
2014-02-06 00:00:00-05:00,0.36459089192273575,0.36977910877950365,0.3641192409562933,0.36883580684661865,168380000
2014-02-07 00:00:00-05:00,0.36977907546132893,0.37473148044512455,0.3664774908807637,0.3742598295211792,157248000
2014-02-10 00:00:00-05:00,0.37378819584232714,0.38039139342105055,0.37355235631299993,0.37543898820877075,324372000
2014-02-11 00:00:00-05:00,0.37756134446919765,0.38416454052546756,0.375674741121357,0.38322123885154724,235384000
2014-02-12 00:00:00-05:00,0.38440040995983554,0.39972927420281157,0.38440040995983554,0.3968993127346039,744528000
2014-02-13 00:00:00-05:00,0.40680416360292043,0.41175656857010223,0.39972931542863077,0.40939825773239136,902836000
2014-02-14 00:00:00-05:00,0.4056249779182271,0.42331209642129414,0.4053891384263417,0.4223687946796417,817536000
2014-02-18 00:00:00-05:00,0.42260476724417373,0.4240197203022023,0.4185956632973758,0.42213308811187744,428988000
2014-02-19 00:00:00-05:00,0.42213292299706207,0.4315660802589624,0.42024629154468196,0.42779281735420227,450340000
2014-02-20 00:00:00-05:00,0.42873621045271465,0.4438292371774288,0.42802874810602903,0.4428859353065491,398088000
2014-02-21 00:00:00-05:00,0.4421784970483869,0.4478383932806905,0.43675444036811945,0.4395843744277954,451052000
2014-02-24 00:00:00-05:00,0.43864101245274995,0.4492532848098112,0.43463193740711636,0.4459517002105713,403112000
2014-02-25 00:00:00-05:00,0.44535935668218535,0.44725450672626327,0.4392001260989018,0.4439379870891571,242184000
2014-02-26 00:00:00-05:00,0.4429904761419654,0.44962348792428647,0.4418060107608324,0.4432273805141449,360884000
2014-02-27 00:00:00-05:00,0.4432274240371126,0.4477283816314391,0.437068192154459,0.43825265765190125,388848000
2014-02-28 00:00:00-05:00,0.4358837735352271,0.44014785543258755,0.4290138559672887,0.4354099929332733,321692000
2014-03-03 00:00:00-05:00,0.42569727264981766,0.43327784538269043,0.4219069721634402,0.43327784538269043,375948000
2014-03-04 00:00:00-05:00,0.43541004799066385,0.44062169175094174,0.4346993628779233,0.4377789795398712,260344000
2014-03-05 00:00:00-05:00,0.43730506805786085,0.44180605388947697,0.435409945854954,0.44156914949417114,241472000
2014-03-06 00:00:00-05:00,0.4422798822613237,0.4446488135109808,0.43469930791039857,0.4354099929332733,290144000
2014-03-07 00:00:00-05:00,0.43730497710113747,0.438015661899352,0.4316195551951795,0.4349360466003418,268452000
2014-03-10 00:00:00-04:00,0.433514727175763,0.435409877320253,0.42664481143197175,0.4285399615764618,300888000
2014-03-11 00:00:00-04:00,0.43067202318619985,0.4365943784637596,0.42925068164108715,0.43280407786369324,297220000
2014-03-12 00:00:00-04:00,0.43067202129421084,0.43659437654575306,0.4290137753789227,0.4339885413646698,239428000
2014-03-13 00:00:00-04:00,0.4349361434000593,0.43659441771158636,0.4181167218051153,0.42024877667427063,385172000
2014-03-14 00:00:00-04:00,0.4159846144147733,0.42593411715286855,0.4159846144147733,0.422143816947937,460048000
2014-03-17 00:00:00-04:00,0.42332828223199315,0.426407897618515,0.42167003648229057,0.422143816947937,299656000
2014-03-18 00:00:00-04:00,0.4238021242417576,0.4349360931388653,0.4219069739903626,0.43209338188171387,293904000
2014-03-19 00:00:00-04:00,0.43540996641575636,0.4479653069222661,0.4342254726231783,0.4396740198135376,366168000
2014-03-20 00:00:00-04:00,0.4373050829963568,0.44370121948925906,0.4354099607287119,0.4399109184741974,191800000
2014-03-21 00:00:00-04:00,0.44370117825699956,0.4472545745384526,0.4368312618355936,0.43920019268989563,566116000
2014-03-24 00:00:00-04:00,0.43943715512048254,0.44299055187133574,0.4306720872098017,0.43706822395324707,306096000
2014-03-25 00:00:00-04:00,0.441806086287718,0.44227986687318765,0.4337517033751852,0.43706822395324707,304424000
2014-03-26 00:00:00-04:00,0.4410953072661874,0.4493865645841564,0.4233282990592301,0.42711859941482544,557756000
2014-03-27 00:00:00-04:00,0.4261710419339339,0.4297244379564325,0.41669529096738966,0.4214331805706024,540728000
2014-03-28 00:00:00-04:00,0.42072254399658643,0.4266448713803455,0.4195380785198346,0.4240390360355377,398820000
2014-03-31 00:00:00-04:00,0.42474968539692,0.4285399859010432,0.4219069741387686,0.4242759048938751,273404000
2014-04-01 00:00:00-04:00,0.43777895975809866,0.44701778108657914,0.43256728799342725,0.4418061375617981,656272000
2014-04-02 00:00:00-04:00,0.44180606525123073,0.4427536263770522,0.437068203142352,0.4389633536338806,239948000
2014-04-03 00:00:00-04:00,0.43991093627170313,0.4543614277063784,0.43967403185872006,0.44370123744010925,599548000
2014-04-04 00:00:00-04:00,0.44607018100072987,0.44867601665637635,0.4280662923105437,0.4299614429473877,368032000
2014-04-07 00:00:00-04:00,0.4301982502735897,0.43967397370132694,0.4278293194166554,0.4313827157020569,428576000
2014-04-08 00:00:00-04:00,0.4313827505672599,0.44796529614591735,0.43067206560476395,0.44678083062171936,470692000
2014-04-09 00:00:00-04:00,0.44891277888763487,0.4527030791992235,0.4427535479412736,0.4463069438934326,421968000
2014-04-10 00:00:00-04:00,0.44441193732994794,0.4505711416351235,0.4339886228875238,0.4354099929332733,372748000
2014-04-11 00:00:00-04:00,0.43209345872812677,0.43872647166772794,0.42356529520008424,0.4292507469654083,353112000
2014-04-14 00:00:00-04:00,0.4320933910729622,0.43564678727995787,0.4292506797553422,0.4339885413646698,290184000
2014-04-15 00:00:00-04:00,0.43446238837333323,0.43943715512048254,0.430198306624332,0.43706822395324707,304636000
2014-04-16 00:00:00-04:00,0.4392002543871042,0.43967403497654284,0.43256724141530095,0.43801578879356384,235136000
2014-04-17 00:00:00-04:00,0.4363575275619552,0.44370122528459854,0.43540996641575636,0.4396740198135376,153532000
2014-04-21 00:00:00-04:00,0.43991086050304323,0.4444118458952779,0.43706814923630055,0.4432273805141449,117004000
2014-04-22 00:00:00-04:00,0.44393799472845374,0.44986034930806396,0.4415690641925615,0.4470176100730896,255120000
2014-04-23 00:00:00-04:00,0.4477283356311864,0.45341378637870877,0.4470176507577609,0.4522293210029602,261580000
2014-04-24 00:00:00-04:00,0.4553089775397426,0.4609944005582474,0.4553089775397426,0.45625653862953186,391492000
2014-04-25 00:00:00-04:00,0.4553090171184235,0.45957309887290854,0.44275364802806416,0.44370123744010925,313600000
2014-04-28 00:00:00-04:00,0.44725468552675157,0.44962361696891484,0.43635758959684456,0.4418061375617981,226788000
2014-04-29 00:00:00-04:00,0.44346429793797676,0.44441188727504377,0.4377788748751143,0.4427536129951477,171300000
2014-04-30 00:00:00-04:00,0.4420429172817127,0.4425166977884924,0.43659437085404007,0.4375419318675995,305740000
2014-05-01 00:00:00-04:00,0.4441750000561702,0.44512256118999266,0.43635752186253435,0.4399109184741974,198104000
2014-05-02 00:00:00-04:00,0.44204297375568885,0.44204297375568885,0.4339885911519024,0.4365944266319275,156376000
2014-05-05 00:00:00-04:00,0.4361205803216259,0.4446487427593625,0.43564679979505905,0.44133225083351135,239260000
2014-05-06 00:00:00-04:00,0.44559636532063246,0.44938663805603246,0.4311458746222274,0.43233034014701843,416188000
2014-05-07 00:00:00-04:00,0.4323302973486557,0.4363574740862994,0.42806621623355173,0.43280407786369324,293900000
2014-05-08 00:00:00-04:00,0.43114586466724786,0.4451225462411122,0.4290138098279208,0.43825265765190125,432728000
2014-05-09 00:00:00-04:00,0.42498656022826015,0.4290137365840423,0.4195380142222584,0.42759236693382263,539532000
2014-05-12 00:00:00-04:00,0.42853998004488586,0.4410953185233534,0.42830307567665976,0.4401477575302124,299856000
2014-05-13 00:00:00-04:00,0.4342254718773327,0.4413322934211625,0.4316196646098185,0.4330410063266754,221104000
2014-05-14 00:00:00-04:00,0.433277905827236,0.43493615193140445,0.4285400436782486,0.42877691984176636,214320000
2014-05-15 00:00:00-04:00,0.4278293627940391,0.43019829389115805,0.42214391121702194,0.42640799283981323,325896000
2014-05-16 00:00:00-04:00,0.42309152655934984,0.4285400740650061,0.42309152655934984,0.42546045780181885,283960000
2014-05-19 00:00:00-04:00,0.429961373654071,0.4415691235441977,0.4280662233226527,0.43920019268989563,360076000
2014-05-20 00:00:00-04:00,0.4393192275275452,0.44050914848908423,0.4319417345879753,0.43408358097076416,256200000
2014-05-21 00:00:00-04:00,0.4357494646429281,0.43955722306783446,0.43146574350739686,0.43408358097076416,216712000
2014-05-22 00:00:00-04:00,0.43313154939113047,0.438367194664681,0.43313154939113047,0.43598735332489014,130364000
2014-05-23 00:00:00-04:00,0.43836731368678195,0.4421750722122791,0.4357494761542584,0.4400331974029541,182656000
2014-05-27 00:00:00-04:00,0.4426509700637975,0.4478866159915924,0.44122305373351245,0.4478866159915924,209680000
2014-05-28 00:00:00-04:00,0.44955243422962277,0.4545500836051302,0.4452687145006562,0.4516942799091339,224676000
2014-05-29 00:00:00-04:00,0.45145638754401685,0.4552641455882016,0.4500284995549106,0.45098042488098145,171884000
2014-05-30 00:00:00-04:00,0.4509805402692264,0.4533603825632626,0.44860069797519025,0.4521704614162445,239128000
2014-06-02 00:00:00-04:00,0.45359825765701595,0.4564540619773162,0.4469346953296818,0.4507424533367157,181500000
2014-06-03 00:00:00-04:00,0.45169433602174186,0.4521702986352113,0.44288890000779324,0.4488385319709778,243212000
2014-06-04 00:00:00-04:00,0.44764862149161033,0.4526462716022742,0.447410625994458,0.44931450486183167,161236000
2014-06-05 00:00:00-04:00,0.45002847564590115,0.45264628433849297,0.4474106385833601,0.4512183964252472,188696000
2014-06-06 00:00:00-04:00,0.4533603387878996,0.4569301018842663,0.4516944550169195,0.45288437604904175,161052000
2014-06-09 00:00:00-04:00,0.4524083342216253,0.4576439801736934,0.4493145344049645,0.45336025953292847,247456000
2014-06-10 00:00:00-04:00,0.4516943395812598,0.45788193871496574,0.44979046074243123,0.4557400643825531,217608000
2014-06-11 00:00:00-04:00,0.45407431227006745,0.4628797508982804,0.45407431227006745,0.461689829826355,266228000
2014-06-12 00:00:00-04:00,0.4616898028351591,0.46668745402310063,0.4576440487311697,0.4645456075668335,337148000
2014-06-13 00:00:00-04:00,0.46930518152637396,0.46954317701901904,0.46049974547777656,0.4650214612483978,227852000
2014-06-16 00:00:00-04:00,0.4628796425980069,0.4666873721152973,0.4595478473541845,0.46359357237815857,198620000
2014-06-17 00:00:00-04:00,0.46406954285728685,0.46859123032460204,0.46168970137555293,0.4666873514652252,157608000
2014-06-18 00:00:00-04:00,0.4654975394983187,0.4683533726396876,0.4612138181562202,0.4662114977836609,215536000
2014-06-19 00:00:00-04:00,0.45764399866488115,0.4600238404092474,0.4521703569788486,0.45550215244293213,474592000
2014-06-20 00:00:00-04:00,0.45669220263722315,0.4583580866560197,0.44693483737433576,0.4505046010017395,353148000
2014-06-23 00:00:00-04:00,0.4445548516260959,0.4455067769385073,0.43931917729798214,0.44526880979537964,414200000
2014-06-24 00:00:00-04:00,0.4445549076058135,0.4481246705317973,0.43646342795161125,0.4383673071861267,275780000
2014-06-25 00:00:00-04:00,0.43955723749209374,0.4431270004938542,0.4355115117640895,0.442889004945755,215420000
2014-06-26 00:00:00-04:00,0.44288902356899923,0.44312701912710595,0.4355115300771141,0.43693941831588745,256908000
2014-06-27 00:00:00-04:00,0.4364633779090079,0.4400331404257014,0.4338455407154524,0.43741533160209656,302820000
2014-06-30 00:00:00-04:00,0.4357494431001434,0.4424130058293164,0.4357494431001434,0.4412230849266052,180512000
2014-07-01 00:00:00-04:00,0.4407470844180087,0.448838562884068,0.43931916810930716,0.446220725774765,321180000
2014-07-02 00:00:00-04:00,0.44455498456954956,0.4464588641336748,0.44193714662263245,0.44455498456954956,179284000
2014-07-03 00:00:00-04:00,0.4405090528212243,0.44979045132750683,0.4405090528212243,0.44860053062438965,136892000
2014-07-07 00:00:00-04:00,0.4493145290383921,0.44955252454835043,0.4443168502888664,0.4450308084487915,127496000
2014-07-08 00:00:00-04:00,0.4438409281099799,0.44574480725339966,0.43717736529298706,0.44146108627319336,221940000
2014-07-09 00:00:00-04:00,0.4452687823852512,0.4566920272807407,0.4419369872570113,0.4547881484031677,387668000
2014-07-10 00:00:00-04:00,0.44622080258201924,0.45431228244085164,0.44265103956575763,0.45240840315818787,266308000
2014-07-11 00:00:00-04:00,0.4528842968772769,0.45478817586983356,0.45121841339752117,0.45336025953292847,191188000
2014-07-14 00:00:00-04:00,0.45526417592525587,0.4602618551450307,0.45359829230864845,0.45907193422317505,272636000
2014-07-15 00:00:00-04:00,0.4597858156565092,0.4621656571027376,0.45669201610242266,0.4609757363796234,395440000
2014-07-16 00:00:00-04:00,0.4628796933111402,0.4664494560828001,0.4578820140828353,0.4604998230934143,319728000
2014-07-17 00:00:00-04:00,0.4552640916490789,0.4640695275367553,0.4552640916490789,0.45930981636047363,324832000
2014-07-18 00:00:00-04:00,0.4497905035602665,0.45336026608416335,0.4381292622935663,0.4388432204723358,567816000
2014-07-21 00:00:00-04:00,0.43717736529298706,0.44455488633500634,0.43717736529298706,0.44146108627319336,243364000
2014-07-22 00:00:00-04:00,0.4447928107714776,0.4471726523796649,0.4386052396121604,0.43955716490745544,298816000
2014-07-23 00:00:00-04:00,0.43979522382136227,0.44003319099451876,0.4297998649299886,0.4302758276462555,297352000
2014-07-24 00:00:00-04:00,0.4326557155548836,0.4338456366569229,0.4278960311467263,0.4309898316860199,254576000
2014-07-25 00:00:00-04:00,0.4295618067795933,0.4305137604433367,0.4226602774747153,0.4233742356300354,266132000
2014-07-28 00:00:00-04:00,0.42527816811192,0.42527816811192,0.4145688788297184,0.4217084050178528,330352000
2014-07-29 00:00:00-04:00,0.4219463134976481,0.42884787107725264,0.4217083179925086,0.42313623428344727,217972000
2014-07-30 00:00:00-04:00,0.4257541392867894,0.4314657486218996,0.4245642183111453,0.4302758276462555,246184000
2014-07-31 00:00:00-04:00,0.42504023610829983,0.42837200392388497,0.4157588342735283,0.41647279262542725,401880000
2014-08-01 00:00:00-04:00,0.41647262586856326,0.4233741826802397,0.41504470973650714,0.4209943413734436,219884000
2014-08-04 00:00:00-04:00,0.4205185073683637,0.42408827066091853,0.4179006979757976,0.4200425446033478,241724000
2014-08-05 00:00:00-04:00,0.41885245105888835,0.4264679656435655,0.4152826892360504,0.4202803671360016,298136000
2014-08-06 00:00:00-04:00,0.4174246136186109,0.42504012963794247,0.4143308421519517,0.41980448365211487,223456000
2014-08-07 00:00:00-04:00,0.4233743315924184,0.42718206200060593,0.4126650135751336,0.4155208468437195,407696000
2014-08-08 00:00:00-04:00,0.4336076858487707,0.4545503037102807,0.4336076858487707,0.4521704614162445,894348000
2014-08-11 00:00:00-04:00,0.4526463119254987,0.4545501909624761,0.4486005867031409,0.44979050755500793,344624000
2014-08-12 00:00:00-04:00,0.4495525404066051,0.45217034925874205,0.44479282862918595,0.44979050755500793,296152000
2014-08-13 00:00:00-04:00,0.4505045238755241,0.45621616172351537,0.4476487191365057,0.45240840315818787,256596000
2014-08-14 00:00:00-04:00,0.45407423545253317,0.45407423545253317,0.4455067938360758,0.4474106729030609,255992000
2014-08-15 00:00:00-04:00,0.44883856738950784,0.4557400967542935,0.44455484679035295,0.4531222879886627,369796000
2014-08-18 00:00:00-04:00,0.45502609616078327,0.4597858073370649,0.45050440884274456,0.45930981636047363,284076000
2014-08-19 00:00:00-04:00,0.4594293473767444,0.4654052695560982,0.4577560663701696,0.4630149006843567,248260000
2014-08-20 00:00:00-04:00,0.46134173108832943,0.4634930806896983,0.4589513616393317,0.46014654636383057,221468000
2014-08-21 00:00:00-04:00,0.45895132178202697,0.4613416910234347,0.455126748093044,0.45584383606910706,272796000
2014-08-22 00:00:00-04:00,0.45536576403159,0.4599074826487529,0.4524973266654838,0.45608288049697876,251224000
2014-08-25 00:00:00-04:00,0.45799513867449976,0.46110262406982083,0.45584378947984083,0.4567999541759491,153380000
2014-08-26 00:00:00-04:00,0.4579952271834662,0.46588345209741344,0.4563219742612233,0.4649273157119751,269636000
2014-08-27 00:00:00-04:00,0.46205876693502146,0.4656443204823901,0.45895128149487935,0.4596683979034424,182972000
2014-08-28 00:00:00-04:00,0.45871234006704636,0.46444921532489086,0.45727810700485955,0.46349307894706726,179704000
2014-08-29 00:00:00-04:00,0.4651663355606089,0.46588345209741344,0.4601465482984283,0.4649273157119751,207932000
2014-09-02 00:00:00-04:00,0.46612250804901123,0.46612250804901123,0.4618198372534121,0.46612250804901123,192636000
2014-09-03 00:00:00-04:00,0.46851288720445566,0.4720984415254547,0.46540540109383255,0.47042518854141235,259456000
2014-09-04 00:00:00-04:00,0.4697081239172892,0.48166000147101473,0.4694690755379415,0.4787915349006653,491832000
2014-09-05 00:00:00-04:00,0.4783132853451878,0.4804646345857031,0.47424966366258786,0.4773571491241455,253792000
2014-09-08 00:00:00-04:00,0.47687916055167473,0.47783529693218973,0.47114225678223,0.47305455803871155,319288000
2014-09-09 00:00:00-04:00,0.47090313846206894,0.4740106237920993,0.46660046865859967,0.4670785367488861,198588000
2014-09-10 00:00:00-04:00,0.46970795281296845,0.47042506919432603,0.4644491183466434,0.46875178813934326,172376000
2014-09-11 00:00:00-04:00,0.46540543082333075,0.46707868391425833,0.4589514098368957,0.46397119760513306,250720000
2014-09-12 00:00:00-04:00,0.46683949297678184,0.46683949297678184,0.45656090070658245,0.4570389688014984,262536000
2014-09-15 00:00:00-04:00,0.45847319722540325,0.4591903136086863,0.4489117214361513,0.4508240222930908,294152000
2014-09-16 00:00:00-04:00,0.4496288930674023,0.45990748650291524,0.4481946601246055,0.4575171172618866,219936000
2014-09-17 00:00:00-04:00,0.4563218680384881,0.46205874200659036,0.45417051892886595,0.45775607228279114,173584000
2014-09-18 00:00:00-04:00,0.4606246193268603,0.4651663096478687,0.459190386333147,0.464688241481781,219604000
2014-09-19 00:00:00-04:00,0.4661224540215237,0.4666005221666332,0.45536576403159,0.45608288049697876,601316000
2014-09-22 00:00:00-04:00,0.4654053324064938,0.4654053324064938,0.45106308874376,0.4515411853790283,221464000
2014-09-23 00:00:00-04:00,0.4491507036079637,0.45464855742531385,0.4474774511841032,0.4496288001537323,196144000
2014-09-24 00:00:00-04:00,0.4493898218142211,0.45369249192761124,0.4489117536894995,0.45225825905799866,159592000
2014-09-25 00:00:00-04:00,0.4517801313662627,0.45297531576820615,0.44150153981046075,0.4424576759338379,298440000
2014-09-26 00:00:00-04:00,0.4438920112244908,0.4467604487531346,0.4419797100402447,0.44341394305229187,241188000
2014-09-29 00:00:00-04:00,0.4398283723487427,0.44580429551337586,0.43552570197111695,0.44269680976867676,208540000
2014-09-30 00:00:00-04:00,0.44078451005269753,0.4441310441327589,0.4357647231803302,0.4410235583782196,277204000
2014-10-01 00:00:00-04:00,0.4417406344972022,0.44484809147236165,0.43552566355598954,0.4367208480834961,350976000
2014-10-02 00:00:00-04:00,0.43600367703827686,0.4381549975200575,0.42476892109103087,0.43480849266052246,288996000
2014-10-03 00:00:00-04:00,0.43743795145698744,0.4434138739163494,0.4357646703720093,0.4357646703720093,239140000
2014-10-06 00:00:00-04:00,0.4374379709361382,0.4410235245714204,0.43026683517012654,0.4331353008747101,199032000
2014-10-07 00:00:00-04:00,0.43122302329678813,0.4355256935916308,0.4281155376118769,0.42859360575675964,301896000
2014-10-08 00:00:00-04:00,0.4281155411198735,0.43863318287072073,0.42476900708737475,0.4364818334579468,260172000
2014-10-09 00:00:00-04:00,0.43456959853814076,0.4350476952551885,0.4245300519028456,0.4281156063079834,306956000
2014-10-10 00:00:00-04:00,0.4247689705102765,0.4262032033286232,0.4025385327985819,0.4027775526046753,691376000
2014-10-13 00:00:00-04:00,0.4054070575856337,0.4135343311542398,0.40086536683806906,0.401343435049057,397628000
2014-10-14 00:00:00-04:00,0.40684138535362946,0.4219007227233008,0.4044510152471883,0.41066598892211914,376620000
2014-10-15 00:00:00-04:00,0.4046899207273926,0.41903216580597813,0.40206053145108883,0.4168808162212372,404428000
2014-10-16 00:00:00-04:00,0.40947062573068094,0.42190053917750947,0.4085144610068037,0.4171198010444641,351116000
2014-10-17 00:00:00-04:00,0.4221396610241768,0.42692039999008474,0.4147295042288388,0.41640275716781616,290716000
2014-10-20 00:00:00-04:00,0.4164026911162819,0.42381284673619013,0.4135342538908311,0.4199882447719574,200336000
2014-10-21 00:00:00-04:00,0.42309567163134154,0.43839404887125655,0.42190048724519713,0.43791598081588745,351092000
2014-10-22 00:00:00-04:00,0.43719896493591753,0.43863319792699756,0.4276374876499176,0.4276374876499176,239512000
2014-10-23 00:00:00-04:00,0.43504761608583253,0.4403064225572871,0.43194013046778496,0.4371989369392395,214476000
2014-10-24 00:00:00-04:00,0.43982842014457624,0.44437011084505995,0.43719900226822095,0.4417407214641571,210156000
2014-10-27 00:00:00-04:00,0.4415016678893311,0.4436529890387462,0.4367209288946734,0.4419797360897064,145092000
2014-10-28 00:00:00-04:00,0.4407846229601869,0.45297552077553466,0.4403065546821345,0.4524974524974823,192580000
2014-10-29 00:00:00-04:00,0.4505849362543831,0.4532143532743376,0.4455651504873584,0.4496288001537323,168340000
2014-10-30 00:00:00-04:00,0.4484337271681418,0.4503459998444392,0.4410235708134135,0.4467604458332062,170260000
2014-10-31 00:00:00-04:00,0.4570389643756426,0.46731758504175214,0.45464859542876473,0.4670785367488861,256316000
2014-11-03 00:00:00-05:00,0.47783526147888905,0.47950854276381744,0.47257645478533394,0.474966824054718,308732000
2014-11-04 00:00:00-05:00,0.47807434419493994,0.4828550830776171,0.47018611933943233,0.4811818301677704,360196000
2014-11-05 00:00:00-05:00,0.48405029629373786,0.48428931614060083,0.4775962760057625,0.4811818301677704,335652000
2014-11-06 00:00:00-05:00,0.4821377491205883,0.48405007800581434,0.4747275957959516,0.48333296179771423,394088000
2014-11-07 00:00:00-05:00,0.48883103628082175,0.494567911554815,0.46827381914523336,0.47305455803871155,450800000
2014-11-10 00:00:00-05:00,0.472576449464205,0.4816598867801259,0.47138126484297055,0.4785524010658264,293388000
2014-11-11 00:00:00-05:00,0.47568398108183835,0.47831337040501987,0.4687518925124649,0.47281554341316223,212992000
2014-11-12 00:00:00-05:00,0.4711422299445508,0.472337414599839,0.46325400552055845,0.46970802545547485,204584000
2014-11-13 00:00:00-05:00,0.47138135296111455,0.47209846956699997,0.46349312728728387,0.46731773018836975,225328000
2014-11-14 00:00:00-05:00,0.46779575095497583,0.47305455803871155,0.46325403190890063,0.47305455803871155,160248000
2014-11-17 00:00:00-05:00,0.4709031879901886,0.4759229747047758,0.4677957023333227,0.4709031879901886,158732000
2014-11-18 00:00:00-05:00,0.4711422961082695,0.4833332211978422,0.46994711128513844,0.4821380078792572,207772000
2014-11-19 00:00:00-05:00,0.4824979243566691,0.48393822674786036,0.47529646963278743,0.4803374707698822,240300000
2014-11-20 00:00:00-05:00,0.47697680371909135,0.48873919694694196,0.47553650132677094,0.48825907707214355,220968000
2014-11-21 00:00:00-05:00,0.4925801055795257,0.49330025695307084,0.48681895182325363,0.4908997714519501,198976000
2014-11-24 00:00:00-05:00,0.49209992034131295,0.49618073942895324,0.4901795550878638,0.49402034282684326,136004000
2014-11-25 00:00:00-05:00,0.49306022307349073,0.4973811317944113,0.49210004021287346,0.49378037452697754,190240000
2014-11-26 00:00:00-05:00,0.49089973161934564,0.5026621267900393,0.49065964302625265,0.5021820068359375,219264000
2014-11-28 00:00:00-05:00,0.5038622065800257,0.5062626912467901,0.4993012685435526,0.5033820867538452,124832000
2014-12-01 00:00:00-05:00,0.5012217983753994,0.504102346255573,0.4933001915487795,0.49402034282684326,190060000
2014-12-02 00:00:00-05:00,0.4935401257668038,0.49690079291498784,0.48897918764737114,0.49474039673805237,245952000
2014-12-03 00:00:00-05:00,0.4971410050284042,0.5077031289334156,0.4957007023977017,0.5074630975723267,284424000
2014-12-04 00:00:00-05:00,0.506742998089461,0.5086633636387672,0.49954154143142765,0.5029022097587585,185332000
2014-12-05 00:00:00-05:00,0.5031423869099874,0.5084234795487019,0.502902355454807,0.505782961845398,165680000
2014-12-08 00:00:00-05:00,0.5050627348918021,0.5101037380911061,0.4952207026804632,0.4993015229701996,226944000
2014-12-09 00:00:00-05:00,0.49618087567539354,0.4988214501640637,0.4887393867348162,0.49762117862701416,239448000
2014-12-10 00:00:00-05:00,0.4961808241107141,0.49810124692399754,0.48609881896131746,0.48657888174057007,204364000
2014-12-11 00:00:00-05:00,0.4894594908519281,0.4928201592591429,0.4853786710385827,0.48633885383605957,135652000
2014-12-12 00:00:00-05:00,0.47985751549771805,0.4841783952797432,0.47073566453923055,0.47121578454971313,323964000
2014-12-15 00:00:00-05:00,0.4767368041804754,0.48537859101320674,0.46833510593159805,0.46977540850639343,254696000
2014-12-16 00:00:00-05:00,0.4692953770308382,0.4767368649734353,0.46425434599226856,0.46449437737464905,185308000
2014-12-17 00:00:00-05:00,0.4738561622193458,0.48417825293738315,0.45849304180160466,0.48345810174942017,345596000
2014-12-18 00:00:00-05:00,0.48945926210095053,0.4952204134254035,0.4808175064982388,0.4853784441947937,226156000
2014-12-19 00:00:00-05:00,0.48873923621875315,0.49209990391615843,0.4841782973539435,0.49017953872680664,325528000
2014-12-22 00:00:00-05:00,0.48969938151016923,0.4988212585449219,0.4880190477894674,0.4988212585449219,148976000
2014-12-23 00:00:00-05:00,0.5026620510748078,0.5050625360195669,0.4952205076836019,0.4957006275653839,109280000
2014-12-24 00:00:00-05:00,0.49690101174805507,0.4976211632015418,0.49330031171271643,0.49378037452697754,45644000
2014-12-26 00:00:00-05:00,0.4937802805786692,0.4969009172060038,0.49258006653927816,0.49426040053367615,52636000
2014-12-29 00:00:00-05:00,0.49282013564619703,0.49690095526401434,0.49041965015147576,0.49354028701782227,82944000
2014-12-30 00:00:00-05:00,0.4901796408193235,0.49258012642201576,0.488259217997915,0.48897936940193176,112120000
2014-12-31 00:00:00-05:00,0.48969940032586207,0.4923399739016306,0.47985740032981966,0.48129773139953613,166300000
2015-01-02 00:00:00-05:00,0.4832181930541992,0.4868189499077568,0.47553661658800217,0.4832181930541992,113680000
2015-01-05 00:00:00-05:00,0.4832181969522676,0.4846584997053094,0.4728961035315868,0.475056529045105,197952000
2015-01-06 00:00:00-05:00,0.4757765439732502,0.4762566352145635,0.46017339262633195,0.46065348386764526,197764000
2015-01-07 00:00:00-05:00,0.46401425508298166,0.46809510308808966,0.458013041682579,0.4594533443450928,321808000
2015-01-08 00:00:00-05:00,0.46473435842003646,0.47961738900886386,0.4644942984623948,0.47673678398132324,283780000
2015-01-09 00:00:00-05:00,0.4784171546856091,0.48225794237773123,0.471935821878148,0.47865718603134155,209540000
2015-01-12 00:00:00-05:00,0.4798574676277057,0.4800975276089989,0.46833513223044154,0.4726560115814209,190732000
2015-01-13 00:00:00-05:00,0.47625668753719363,0.4858586278824956,0.46857514098416,0.47193580865859985,236720000
2015-01-14 00:00:00-05:00,0.46689493274136834,0.4752966328035593,0.465694689875341,0.4738563299179077,155260000
2015-01-15 00:00:00-05:00,0.477216885804964,0.4800974621072601,0.4702554620737065,0.4704955220222473,188932000
2015-01-16 00:00:00-05:00,0.46977547992462965,0.4796174822445458,0.46833517713087036,0.4791373908519745,181512000
2015-01-20 00:00:00-05:00,0.48249798315122605,0.4851384997021191,0.47457637626646515,0.48057761788368225,140308000
2015-01-21 00:00:00-05:00,0.477937230538859,0.4884993860783374,0.4745765329788226,0.4872991144657135,144780000
2015-01-22 00:00:00-05:00,0.488259084174178,0.49714092997865444,0.48321808295980667,0.4957006275653839,159712000
2015-01-23 00:00:00-05:00,0.4961806447238874,0.4981010668428704,0.4920998264151452,0.49714088439941406,120416000
2015-01-26 00:00:00-05:00,0.49498057365417475,0.49738105907078317,0.49185993688937524,0.4949805736541748,133240000
2015-01-27 00:00:00-05:00,0.4872990322676528,0.4877791522781354,0.4702555731447934,0.47121578454971313,357948000
2015-01-28 00:00:00-05:00,0.4769769061788144,0.47889730024241695,0.46329411636067325,0.4635341763496399,272728000
2015-01-29 00:00:00-05:00,0.4637742562625331,0.4774570180524476,0.4616138021171499,0.4748165011405945,235340000
2015-01-30 00:00:00-05:00,0.4714557840242979,0.4769769062266932,0.4601735082465601,0.4608936309814453,298200000
2015-02-02 00:00:00-05:00,0.4637741820031535,0.4728960312745237,0.4546523327317833,0.4709756374359131,259604000
2015-02-03 00:00:00-05:00,0.47433637834000103,0.4832181976362567,0.4719358928255632,0.48273807764053345,183468000
2015-02-04 00:00:00-05:00,0.4812978195450961,0.4894594586345688,0.4798574882115953,0.4839383363723755,181516000
2015-02-05 00:00:00-05:00,0.48441839773316264,0.4920999740494949,0.4839383349834465,0.49185994267463684,140448000
2015-02-06 00:00:00-05:00,0.49137984689103803,0.4971410580280442,0.4875390585437307,0.48969951272010803,210524000
2015-02-09 00:00:00-05:00,0.48681888234559084,0.49065961281357284,0.48369824591629496,0.4892193675041199,273944000
2015-02-10 00:00:00-05:00,0.4896995106029858,0.5031422411443993,0.48753905643594875,0.5029022097587585,226204000
2015-02-11 00:00:00-05:00,0.5041023131508666,0.5041023131508666,0.4961807068444636,0.49954143166542053,320832000
2015-02-12 00:00:00-05:00,0.5281073806332021,0.5401098093955736,0.524986743431776,0.535308837890625,676904000
2015-02-13 00:00:00-05:00,0.5341085034623035,0.5362689575545843,0.5259468643120268,0.5355488061904907,310084000
2015-02-17 00:00:00-05:00,0.5345886632922482,0.5398697546118413,0.531227994830731,0.5372291803359985,203340000
2015-02-18 00:00:00-05:00,0.5365090412183185,0.5374692812854172,0.5300277355419175,0.5309879183769226,170948000
2015-02-19 00:00:00-05:00,0.5377092360970819,0.5386694187953225,0.5300276600469861,0.5324281454086304,169432000
2015-02-20 00:00:00-05:00,0.5319479803722305,0.5365088616197539,0.5281071930858361,0.5362688302993774,157752000
2015-02-23 00:00:00-05:00,0.5360289691062132,0.5360289691062132,0.5293075749137393,0.5319481492042542,125008000
2015-02-24 00:00:00-05:00,0.5339963247243233,0.5376108884811401,0.5291768680802644,0.5376108884811401,149356000
2015-02-25 00:00:00-05:00,0.5354421402197374,0.5378519261043242,0.531104652022888,0.5335143804550171,123820000
2015-02-26 00:00:00-05:00,0.5339963304746335,0.5380928629209514,0.530622664825499,0.5349602103233337,152864000
2015-02-27 00:00:00-05:00,0.5335143470731474,0.5347192399400509,0.5296587703324918,0.5315865874290466,157492000
2015-03-02 00:00:00-05:00,0.5301407459695205,0.5474908128053273,0.529417821730324,0.5445991158485413,301512000
2015-03-03 00:00:00-05:00,0.5405026571002435,0.543153341370127,0.5327915024665385,0.5344783067703247,160344000
2015-03-04 00:00:00-05:00,0.5325505570130167,0.5417075030445887,0.530381783958514,0.540502667427063,226840000
2015-03-05 00:00:00-05:00,0.5405026198937932,0.5518283379838536,0.5390567713179433,0.5508644580841064,323056000
2015-03-06 00:00:00-05:00,0.5477316953587099,0.5503823789139813,0.5429122393750632,0.5433942079544067,257392000
2015-03-09 00:00:00-04:00,0.54363532141239,0.548936747515137,0.5424304283403032,0.5448401570320129,222388000
2015-03-10 00:00:00-04:00,0.5472497921272524,0.5578526425193344,0.5462859123059143,0.5542380213737488,527212000
2015-03-11 00:00:00-04:00,0.554238300581069,0.5614674890616176,0.5499008104737331,0.5513466596603394,262120000
2015-03-12 00:00:00-04:00,0.5460449121184977,0.5501414441139639,0.5359240311898787,0.54628586769104,406972000
2015-03-13 00:00:00-04:00,0.5436352044752902,0.5484546608220343,0.5361650069211208,0.5470088124275208,359288000
2015-03-16 00:00:00-04:00,0.5513461239982835,0.5568885021939042,0.5477315045435627,0.553514838218689,236956000
2015-03-17 00:00:00-04:00,0.5523100965273059,0.5605031587367005,0.5484545209427564,0.5602622032165527,299900000
2015-03-18 00:00:00-04:00,0.560262321583102,0.5631539607931026,0.5460449087468058,0.5511053204536438,413844000
2015-03-19 00:00:00-04:00,0.5530332946154015,0.5614673165247219,0.5489367614805223,0.5595395565032959,310756000
2015-03-20 00:00:00-04:00,0.5641178284362753,0.5689372839779037,0.5588164043595075,0.5655636191368103,462084000
2015-03-23 00:00:00-04:00,0.5486956424695465,0.5559248273330868,0.5470088384132993,0.5472497940063477,426012000
2015-03-24 00:00:00-04:00,0.5455627586153955,0.5494183337315636,0.5373696974013071,0.5397794246673584,330480000
2015-03-25 00:00:00-04:00,0.539538595695422,0.539538595695422,0.5053203800601017,0.5070072412490845,542552000
2015-03-26 00:00:00-04:00,0.49664551329932827,0.507489262159628,0.4930308920442579,0.5053204894065857,311920000
2015-03-27 00:00:00-04:00,0.5082122651786358,0.5171282557197608,0.5000191990005711,0.5152004957199097,318288000
2015-03-30 00:00:00-04:00,0.5176101663298736,0.5200198947853611,0.5108628921830334,0.5173692107200623,253252000
2015-03-31 00:00:00-04:00,0.5159233535610375,0.5164052647726314,0.5038747114843289,0.5043566226959229,357276000
2015-04-01 00:00:00-04:00,0.5062844157218933,0.5079712197868329,0.49760938235045077,0.5062844157218933,330768000
2015-04-02 00:00:00-04:00,0.5091761279218455,0.5106219765989645,0.503151835037134,0.5074893236160278,192204000
2015-04-06 00:00:00-04:00,0.5053205069757988,0.5238754676428612,0.5000191388873161,0.522188663482666,515864000
2015-04-07 00:00:00-04:00,0.522188751836265,0.5325505916109995,0.5192970542423977,0.5267672538757324,413964000
2015-04-08 00:00:00-04:00,0.5272490529406589,0.5325504782501099,0.5221886406810388,0.530622661113739,366432000
2015-04-09 00:00:00-04:00,0.5265262332342182,0.5445992280321307,0.5262852775890025,0.5429124236106873,379432000
2015-04-10 00:00:00-04:00,0.5433942895931189,0.5486956575001312,0.5414664724385597,0.5484547019004822,258728000
2015-04-13 00:00:00-04:00,0.5472497267793663,0.5503823789139813,0.5409844225101362,0.5433942079544067,236724000
2015-04-14 00:00:00-04:00,0.541225524764419,0.5433942975503858,0.5335143709381744,0.5388157963752747,220276000
2015-04-15 00:00:00-04:00,0.5402617662759589,0.5494187132309498,0.5376110242356574,0.5453221797943115,243560000
2015-04-16 00:00:00-04:00,0.542189452920018,0.5467679545029163,0.5380929200388581,0.5419484972953796,155284000
2015-04-17 00:00:00-04:00,0.530622664825499,0.5402616356698687,0.5303817092264379,0.5349602103233337,293636000
2015-04-20 00:00:00-04:00,0.5373698843443033,0.5407434921999172,0.5313455353571787,0.5323094725608826,231624000
2015-04-21 00:00:00-04:00,0.5388157722731056,0.5388157722731056,0.5289358461028405,0.5315865874290466,230456000
2015-04-22 00:00:00-04:00,0.5347192489661777,0.5383338127229945,0.5265261267093134,0.5376108884811401,207420000
2015-04-23 00:00:00-04:00,0.5277309589981283,0.5405025233835936,0.5217066101585925,0.535442054271698,259380000
2015-04-24 00:00:00-04:00,0.53520125063377,0.5354422062709695,0.5248394113521503,0.5308637619018555,240960000
2015-04-27 00:00:00-04:00,0.5325504819753553,0.5443581681161868,0.5279719808784593,0.5349602103233337,248456000
2015-04-28 00:00:00-04:00,0.5339963247243233,0.5395387056102368,0.5289358550313429,0.5376108884811401,234484000
2015-04-29 00:00:00-04:00,0.5337553360624927,0.5390567615941599,0.5313456076303636,0.5335143804550171,195156000
2015-04-30 00:00:00-04:00,0.5308636778770158,0.5376108942703735,0.5296587849767987,0.5349602103233337,218844000
2015-05-01 00:00:00-04:00,0.5392976741276941,0.5499005243441741,0.536887945888031,0.5482137203216553,256968000
2015-05-04 00:00:00-04:00,0.5477318544430502,0.5513464762068467,0.5431533526930625,0.5448401570320129,200720000
2015-05-05 00:00:00-04:00,0.5429124055488012,0.5436353299128643,0.5284540331724663,0.5308637619018555,292928000
2015-05-06 00:00:00-04:00,0.5337551700455088,0.5388156383957133,0.5255621074150972,0.5325503349304199,316484000
2015-05-07 00:00:00-04:00,0.5303817655258148,0.5436353015727713,0.5286949612484233,0.5419484972953796,534564000
2015-05-08 00:00:00-04:00,0.50628441189143,0.5262851623775472,0.49375380184387807,0.5019468665122986,1146552000
2015-05-11 00:00:00-04:00,0.4949584926820123,0.5021877328689142,0.49110297451891444,0.4971272647380829,544144000
2015-05-12 00:00:00-04:00,0.49351284625141106,0.5060433988465088,0.49327183320648993,0.5019468665122986,388800000
2015-05-13 00:00:00-04:00,0.5055614504255417,0.5094170268833108,0.5000190700398329,0.5048385262489319,308524000
2015-05-14 00:00:00-04:00,0.5062845625038461,0.5156825228352688,0.5050796692781642,0.5130317807197571,293052000
2015-05-15 00:00:00-04:00,0.5152005822267685,0.5176103113574303,0.510140168288121,0.5132728219032288,215824000
2015-05-18 00:00:00-04:00,0.5120676106356876,0.5156822308133654,0.5096578830013819,0.5125495791435242,324972000
2015-05-19 00:00:00-04:00,0.5132275999306918,0.5149222697863457,0.5083858344761304,0.5093542337417603,253808000
2015-05-20 00:00:00-04:00,0.5095963046989692,0.5156485403763696,0.5088700341089453,0.5093542337417603,196824000
2015-05-21 00:00:00-04:00,0.5095961240840106,0.5117749350818515,0.5052385020883288,0.50572270154953,239692000
2015-05-22 00:00:00-04:00,0.5069331590323362,0.5088698413933553,0.5037860069068988,0.5049964189529419,212592000
2015-05-26 00:00:00-04:00,0.5025755043717757,0.5059647271417506,0.4979758119163117,0.5018492341041565,259732000
2015-05-27 00:00:00-04:00,0.505238659548628,0.5311421555691382,0.5035440474838536,0.528721272945404,432332000
2015-05-28 00:00:00-04:00,0.5287212134389002,0.5376784723667556,0.5277528720420703,0.5359838604927063,327656000
2015-05-29 00:00:00-04:00,0.5359838173257432,0.5393730408008811,0.5350154760069015,0.5357417464256287,335168000
2015-06-01 00:00:00-04:00,0.5391308706758826,0.5471197860931702,0.5357416478245176,0.5417938232421875,372660000
2015-06-02 00:00:00-04:00,0.5384047024978815,0.541309784189063,0.5306578564669869,0.5311420559883118,224304000
2015-06-03 00:00:00-04:00,0.5325948021528462,0.5367102976563156,0.5243637534275011,0.5253321528434753,250788000
2015-06-04 00:00:00-04:00,0.5221848571677842,0.5364680809111977,0.5221848571677842,0.5347734689712524,323712000
2015-06-05 00:00:00-04:00,0.5330787675766291,0.5413098135756955,0.527510732511843,0.5388889312744141,313320000
2015-06-08 00:00:00-04:00,0.5371943541442235,0.5408256489715751,0.52049024787059,0.5265424251556396,342812000
2015-06-09 00:00:00-04:00,0.5270263924890297,0.5330785671070587,0.5260580514763489,0.5292052030563354,256888000
2015-06-10 00:00:00-04:00,0.5229111592789345,0.5263003833636759,0.516858923940416,0.5197640061378479,529460000
2015-06-11 00:00:00-04:00,0.5197641159344505,0.5289634486389577,0.5197641159344505,0.5253321528434753,283052000
2015-06-12 00:00:00-04:00,0.5219428578464287,0.5250900115770918,0.5098384426201877,0.5110489130020142,323728000
2015-06-15 00:00:00-04:00,0.5083859652560381,0.5125015188976796,0.504512598070701,0.5100806355476379,306548000
2015-06-16 00:00:00-04:00,0.509112059687484,0.5171009777472741,0.504028223728851,0.5163747072219849,256892000
2015-06-17 00:00:00-04:00,0.5161325976454847,0.525331985131498,0.5149221853395494,0.5224269032478333,233544000
2015-06-18 00:00:00-04:00,0.5267844911699234,0.5345312794824343,0.5253319503243327,0.5311420559883118,299404000
2015-06-19 00:00:00-04:00,0.531142227440718,0.5354997936657263,0.5246058492440046,0.529447615146637,355656000
2015-06-22 00:00:00-04:00,0.5304158607912216,0.5333209428944135,0.5192797896868423,0.5272687077522278,514236000
2015-06-23 00:00:00-04:00,0.5282370454839673,0.5323525399555017,0.5095962560358203,0.5137117505073547,414064000
2015-06-24 00:00:00-04:00,0.5129853966334641,0.5156484073493471,0.5062069498331412,0.5086278319358826,253368000
2015-06-25 00:00:00-04:00,0.5086279352907459,0.5156485121308146,0.5086279352907459,0.5125013589859009,350460000
2015-06-26 00:00:00-04:00,0.5083855922016065,0.5088697916036731,0.4999125355532138,0.5020912885665894,421296000
2015-06-29 00:00:00-04:00,0.49628127348738243,0.5013651661080762,0.48635567456808954,0.48708194494247437,391724000
2015-06-30 00:00:00-04:00,0.48998695335726433,0.4921657644120985,0.4834505779111399,0.48683980107307434,315916000
2015-07-01 00:00:00-04:00,0.49894443695235685,0.5059649565248626,0.48950297691132105,0.49386054277420044,302892000
2015-07-02 00:00:00-04:00,0.4936183217183816,0.4974917444844672,0.49119743970437557,0.4943445920944214,145764000
2015-07-06 00:00:00-04:00,0.49022928606364985,0.4970077352097717,0.4846612495285917,0.48829254508018494,214776000
2015-07-07 00:00:00-04:00,0.48538749999198466,0.48732418317648746,0.46384159654279244,0.47909316420555115,594252000
2015-07-08 00:00:00-04:00,0.4764300761041152,0.47933512892121105,0.4718303826894544,0.47570380568504333,332492000
2015-07-09 00:00:00-04:00,0.4832086365868299,0.48538744822582697,0.46698870020246236,0.46989375352859497,357588000
2015-07-10 00:00:00-04:00,0.47594595592148004,0.4824823619234995,0.474735514640987,0.4781247675418854,216708000
2015-07-13 00:00:00-04:00,0.48296653461604905,0.483934876100679,0.47812476947450616,0.4812719225883484,212472000
2015-07-14 00:00:00-04:00,0.4819981766357218,0.4824823473614667,0.47521969989770607,0.48151397705078125,249216000
2015-07-15 00:00:00-04:00,0.4803035503030942,0.4834507034042153,0.4737671731602712,0.4781247675418854,265732000
2015-07-16 00:00:00-04:00,0.4810297776163719,0.48877662420272827,0.47933516574780416,0.48877662420272827,282848000
2015-07-17 00:00:00-04:00,0.48708202347963153,0.48756616532836455,0.47957724764037735,0.4858715534210205,220372000
2015-07-20 00:00:00-04:00,0.4858714544864364,0.48780819464217146,0.4757037562535543,0.4769141972064972,188412000
2015-07-21 00:00:00-04:00,0.47594601074193427,0.4858716419289105,0.47594601074193427,0.47909316420555115,149720000
2015-07-22 00:00:00-04:00,0.47570388904005695,0.47570388904005695,0.46408364687632975,0.46989375352859497,356472000
2015-07-23 00:00:00-04:00,0.470862041370153,0.48272435239795763,0.46989367119165987,0.47570380568504333,169916000
2015-07-24 00:00:00-04:00,0.479093036537309,0.4795772072044134,0.4681990666610958,0.47013577818870544,188844000
2015-07-27 00:00:00-04:00,0.46602033995457376,0.4727988171019276,0.46214694505551257,0.4674728810787201,192420000
2015-07-28 00:00:00-04:00,0.4686832519210418,0.4807876632714929,0.46384148738086134,0.4776405394077301,198308000
2015-07-29 00:00:00-04:00,0.47667220434308016,0.4873241044326673,0.4747354926123193,0.48345068097114563,232680000
2015-07-30 00:00:00-04:00,0.4822402208840902,0.4895028968051642,0.4822402208840902,0.48466113209724426,190180000
2015-07-31 00:00:00-04:00,0.48659780610466774,0.4868398770201753,0.48006142963886744,0.48296648263931274,218340000
2015-08-03 00:00:00-04:00,0.4868399920428853,0.49168175780729306,0.48054571386467543,0.4911976158618927,397132000
2015-08-04 00:00:00-04:00,0.489502905834241,0.49458674155581384,0.4875661652843162,0.49313420057296753,260100000
2015-08-05 00:00:00-04:00,0.5052387287185063,0.5057229283969005,0.49724980919461853,0.49821820855140686,234628000
2015-08-06 00:00:00-04:00,0.4970077666950171,0.5006391201950573,0.48684003461331044,0.49507108330726624,655676000
2015-08-07 00:00:00-04:00,0.5437307438010893,0.5657607573689472,0.5296895905850455,0.5563193559646606,1405248000
2015-08-10 00:00:00-04:00,0.5524457979313997,0.5798017694603748,0.5490565170611229,0.5756862759590149,662304000
2015-08-11 00:00:00-04:00,0.5672133479495007,0.5783494200329822,0.5672133479495007,0.5727813839912415,435008000
2015-08-12 00:00:00-04:00,0.5635819592900617,0.5783493241553042,0.5635819592900617,0.5742338299751282,384048000
2015-08-13 00:00:00-04:00,0.5749601805747043,0.5761706507649546,0.567939603539081,0.5693921446800232,276884000
2015-08-14 00:00:00-04:00,0.5689080330295229,0.5732656571261612,0.5655188083221849,0.5698764324188232,214652000
2015-08-17 00:00:00-04:00,0.5689080330652596,0.5689080330652596,0.5592245009188831,0.5662450790405273,273880000
2015-08-18 00:00:00-04:00,0.5644943692043968,0.5683840884580971,0.5567149306969961,0.561090886592865,287084000
2015-08-19 00:00:00-04:00,0.5603616908059358,0.5666824788166331,0.5528253398879983,0.5589030385017395,249248000
2015-08-20 00:00:00-04:00,0.5525822178596813,0.5552563749519724,0.536050922657054,0.5387251377105713,426932000
2015-08-21 00:00:00-04:00,0.5348355077754957,0.5438304540187365,0.5214646041417684,0.5219508409500122,382664000
2015-08-24 00:00:00-04:00,0.4927780246034202,0.5307027613531119,0.4862141456925098,0.503474771976471,682284000
2015-08-25 00:00:00-04:00,0.5255975282391081,0.5275424179330251,0.4930212199687958,0.4930212199687958,622684000
2015-08-26 00:00:00-04:00,0.509066111615068,0.5307026326034876,0.5051763915104536,0.53021639585495,614976000
2015-08-27 00:00:00-04:00,0.5358080260772378,0.550394437584087,0.5326476311212957,0.5501513481140137,463764000
2015-08-28 00:00:00-04:00,0.5501511960340857,0.5559857474317136,0.5462614757819234,0.5525822639465332,320944000
2015-08-31 00:00:00-04:00,0.5499082784565437,0.5537979999240954,0.5443168147146724,0.5465047359466553,219352000
2015-09-01 00:00:00-04:00,0.530702744919321,0.5396976919617059,0.5202491452838487,0.5241388082504272,353408000
2015-09-02 00:00:00-04:00,0.5384821813101192,0.5401839235142097,0.5294872333908207,0.5399408340454102,344044000
2015-09-03 00:00:00-04:00,0.5479634788190932,0.5506376953708386,0.5404271820852169,0.5413995981216431,262556000
2015-09-04 00:00:00-04:00,0.5321613543684381,0.5406701227575356,0.5285147807454268,0.5287578701972961,287972000
2015-09-08 00:00:00-04:00,0.5416427081885223,0.5535549644801152,0.5394547865138757,0.5513669848442078,238448000
2015-09-09 00:00:00-04:00,0.55306848591451,0.5576874742517037,0.5392113470192402,0.5404269099235535,289392000
2015-09-10 00:00:00-04:00,0.5372663735740209,0.5557424959111303,0.5348353063707489,0.5489354729652405,357076000
2015-09-11 00:00:00-04:00,0.5428580423748318,0.5542840568212501,0.540670063663421,0.5506374835968018,301584000
2015-09-14 00:00:00-04:00,0.5533117351696669,0.5550134773583769,0.5486926875367422,0.551609992980957,192460000
2015-09-15 00:00:00-04:00,0.5518531461936207,0.56060500557597,0.5501514038083378,0.5576876997947693,327976000
2015-09-16 00:00:00-04:00,0.5567151242271923,0.5647376548639317,0.552582314196332,0.5615772604942322,173508000
2015-09-17 00:00:00-04:00,0.5713014461019092,0.5764067289783719,0.5654668950614651,0.5666824579238892,268712000
2015-09-18 00:00:00-04:00,0.5589030590091012,0.5710583987213597,0.5554995754819152,0.5661962628364563,326412000
2015-09-21 00:00:00-04:00,0.5669258530543303,0.5732466442407849,0.5640085469801948,0.5720310807228088,281840000
2015-09-22 00:00:00-04:00,0.5596326374242659,0.5635223594776013,0.5535549358481935,0.5564722418785095,228356000
2015-09-23 00:00:00-04:00,0.5569581278715788,0.5625495895136224,0.5547702074612516,0.5591461062431335,161632000
2015-09-24 00:00:00-04:00,0.5557426466242362,0.5756774262817096,0.5469907907267789,0.5698428750038147,382440000
2015-09-25 00:00:00-04:00,0.5768932883506921,0.5851589705691391,0.5683845745451425,0.5739760398864746,369692000
2015-09-28 00:00:00-04:00,0.5739759230747576,0.5776224974032196,0.5627929946679675,0.5664395689964294,395584000
2015-09-29 00:00:00-04:00,0.5725172933772792,0.5773794313199148,0.5644947599758048,0.5764070153236389,380736000
2015-09-30 00:00:00-04:00,0.581754952906759,0.5999879872820508,0.578351470158662,0.5992586612701416,556380000
2015-10-01 00:00:00-04:00,0.599258966167709,0.6009607084075886,0.5705723216411709,0.5875898599624634,489296000
2015-10-02 00:00:00-04:00,0.5844292080383382,0.6029053330421448,0.5783515101723448,0.6029053330421448,386144000
2015-10-05 00:00:00-04:00,0.6067951129522772,0.6255143291812251,0.6036347190220515,0.617978036403656,482024000
2015-10-06 00:00:00-04:00,0.6114141177813898,0.6286746805728977,0.6089830501504214,0.6260005235671997,453216000
2015-10-07 00:00:00-04:00,0.6274594962472289,0.6388855141531202,0.6172489837970954,0.6325647234916687,310152000
2015-10-08 00:00:00-04:00,0.6298904271725534,0.6379129584918655,0.6191936801059764,0.6362112164497375,460068000
2015-10-09 00:00:00-04:00,0.6328077671648854,0.6388854678873107,0.6218679870102695,0.6337802410125732,423248000
2015-10-12 00:00:00-04:00,0.6345093918500005,0.644233722795724,0.6298904027552377,0.6405870914459229,227588000
2015-10-13 00:00:00-04:00,0.6354818794012151,0.6456923314812547,0.6332939005435323,0.6418026685714722,298444000
2015-10-14 00:00:00-04:00,0.6425318706249417,0.675594465637916,0.6418026023755048,0.6651408672332764,612148000
2015-10-15 00:00:00-04:00,0.6663562835075514,0.6804565110871698,0.6595493170630643,0.666842520236969,526048000
2015-10-16 00:00:00-04:00,0.6690308368244093,0.6836172505467806,0.6673290363916691,0.6772964596748352,448396000
2015-10-19 00:00:00-04:00,0.6794843055752866,0.6826447003901133,0.6683013789937837,0.6760807633399963,294712000
2015-10-20 00:00:00-04:00,0.673163541495074,0.6782687680999079,0.6680582569289933,0.6751083731651306,264824000
2015-10-21 00:00:00-04:00,0.6792410514485733,0.6833739193735072,0.6651408796877921,0.6663563847541809,386280000
2015-10-22 00:00:00-04:00,0.6741359316725402,0.6926120636798656,0.673163515874522,0.6904240846633911,306884000
2015-10-23 00:00:00-04:00,0.6965016201290428,0.6996620141961863,0.6860480223595444,0.6950429677963257,381776000
2015-10-26 00:00:00-04:00,0.6955290615893088,0.6972308029739284,0.6855616446721128,0.6918824315071106,247436000
2015-10-27 00:00:00-04:00,0.6884791698356367,0.6957723743809495,0.6879929330147876,0.6913964748382568,208268000
2015-10-28 00:00:00-04:00,0.6957723044060935,0.6969878673553467,0.6855617958850466,0.6969878673553467,217036000
2015-10-29 00:00:00-04:00,0.6858050725135205,0.6928551302875641,0.6717048410429484,0.6729203462600708,327168000
2015-10-30 00:00:00-04:00,0.6802136356939992,0.6945569571700316,0.6751083512933169,0.6896947622299194,301160000
2015-11-02 00:00:00-05:00,0.6918825787720103,0.6984464563558478,0.6877497691066767,0.6977171301841736,190088000
2015-11-03 00:00:00-05:00,0.6935844460088313,0.6974741669744496,0.6850757357352051,0.6928551197052002,376768000
2015-11-04 00:00:00-05:00,0.6909103927455541,0.6960156196822083,0.6782688121847908,0.6814292073249817,442264000
2015-11-05 00:00:00-05:00,0.6848324130582649,0.6867773020239422,0.6717046588751577,0.6736494898796082,478800000
2015-11-06 00:00:00-05:00,0.7402608954224196,0.7764838242935963,0.7249451619523578,0.7670026421546936,1172272000
2015-11-09 00:00:00-05:00,0.7594664662969557,0.7657872553649463,0.7529025298301074,0.7635992765426636,492568000
2015-11-10 00:00:00-05:00,0.7536319366974177,0.7577648053463327,0.7329678832590694,0.7490129470825195,552260000
2015-11-11 00:00:00-05:00,0.7494989263483595,0.7548472988518214,0.7390453287015224,0.7417195439338684,619896000
2015-11-12 00:00:00-05:00,0.7400179762214223,0.7468250031741906,0.7358851653392495,0.7390455603599548,291080000
2015-11-13 00:00:00-05:00,0.7397747882386154,0.7429351828384854,0.7208124206393955,0.7244590520858765,292940000
2015-11-16 00:00:00-05:00,0.7339403336163146,0.7395317972713127,0.7281057225250136,0.7390455603599548,344280000
2015-11-17 00:00:00-05:00,0.7409904500441379,0.7453663504013655,0.7358851653392495,0.7390455603599548,257048000
2015-11-18 00:00:00-05:00,0.7420956942047175,0.7582017393231594,0.7340427007361588,0.7572255730628967,350216000
2015-11-19 00:00:00-05:00,0.7599099085169144,0.7669867354040175,0.7538091314831258,0.7594218254089355,254072000
2015-11-20 00:00:00-05:00,0.7650347721131197,0.7704034553494902,0.7603981846899516,0.7660108804702759,239744000
2015-11-23 00:00:00-05:00,0.7723555299094554,0.7723555299094554,0.7518570254566227,0.7545413374900818,242552000
2015-11-24 00:00:00-05:00,0.7545412151545593,0.7672307939486663,0.7511248079965522,0.7606419920921326,195428000
2015-11-25 00:00:00-05:00,0.7591778814585912,0.768206983411131,0.756981594546462,0.7596659064292908,138300000
2015-11-27 00:00:00-05:00,0.761130280503154,0.7684511804538369,0.7572257888931883,0.7660108804702759,86996000
2015-11-30 00:00:00-05:00,0.7667428080535947,0.7774801721704667,0.7660107124010204,0.7740637063980103,327244000
2015-12-01 00:00:00-05:00,0.7808965906828332,0.799930961553316,0.78016449502002,0.7991988658905029,409496000
2015-12-02 00:00:00-05:00,0.8004191108724312,0.8087161187646731,0.7913900072036576,0.7930982112884521,294240000
2015-12-03 00:00:00-05:00,0.7994429970790924,0.8077400049144076,0.7874855103862337,0.7913900017738342,246656000
2015-12-04 00:00:00-05:00,0.7913899234963201,0.8250660929294116,0.7913899234963201,0.8236019015312195,458756000
2015-12-07 00:00:00-05:00,0.8233580092565719,0.8233580092565719,0.8055438137336817,0.8079841136932373,333588000
2015-12-08 00:00:00-05:00,0.7979790179557574,0.8223820228975974,0.792854404372377,0.8189656138420105,314488000
2015-12-09 00:00:00-05:00,0.8187212833602208,0.8236018824535875,0.7899257138005591,0.7982227206230164,372676000
2015-12-10 00:00:00-05:00,0.8006630944973859,0.809204172794334,0.7979787822012416,0.8048116564750671,236596000
2015-12-11 00:00:00-05:00,0.7967585614470335,0.8023712560394326,0.7911458668546344,0.7928540706634521,227320000
2015-12-14 00:00:00-05:00,0.7935860023890172,0.7991986958219907,0.7852889393698499,0.7948061227798462,275892000
2015-12-15 00:00:00-05:00,0.8038355988148165,0.8101803907201909,0.7994430819010501,0.8045676946640015,307296000
2015-12-16 00:00:00-05:00,0.8062756089571232,0.8121323736443331,0.7991987819289496,0.8094480037689209,236356000
2015-12-17 00:00:00-05:00,0.8106681907205335,0.8189651965367334,0.7967584908095341,0.797246515750885,254160000
2015-12-18 00:00:00-05:00,0.7916339217683588,0.7996869161322877,0.7833369149028959,0.7843130230903625,395896000
2015-12-21 00:00:00-05:00,0.7928542722449815,0.8035915809937719,0.7857773845367896,0.8028594851493835,284216000
2015-12-22 00:00:00-05:00,0.8052998730351675,0.8116446655907156,0.7987110678986673,0.8035916686058044,130012000
2015-12-23 00:00:00-05:00,0.8048116113641316,0.8099362231462565,0.8033474199460009,0.8067638278007507,122524000
2015-12-24 00:00:00-05:00,0.8043233928489353,0.8114002780584318,0.8031032141453256,0.8094480037689209,52448000
2015-12-28 00:00:00-05:00,0.800907016605109,0.8087159395217896,0.7896816280947226,0.8087159395217896,142024000
2015-12-29 00:00:00-05:00,0.8092040522096198,0.8243339318215349,0.8070077652866012,0.8218936324119568,203660000
2015-12-30 00:00:00-05:00,0.821161563243486,0.8282384492138046,0.8145727604433486,0.8148167729377747,180344000
2015-12-31 00:00:00-05:00,0.8135966072809153,0.8172570272201501,0.8043234348297119,0.8043234348297119,148528000
2016-01-04 00:00:00-05:00,0.787973478148607,0.7950503059338385,0.7818727003405613,0.7899256944656372,358076000
2016-01-05 00:00:00-05:00,0.8048113926361036,0.8160367795492102,0.7930979226558249,0.8026151061058044,490272000
2016-01-06 00:00:00-05:00,0.7894375397564339,0.7930980177458125,0.7603979610388849,0.7694271206855774,449344000
2016-01-07 00:00:00-05:00,0.7501487617307943,0.7552734314684648,0.7291621741457857,0.7389234304428101,645304000
2016-01-08 00:00:00-05:00,0.7484405454171604,0.7491726410817812,0.7215972510459417,0.7230614423751831,398472000
2016-01-11 00:00:00-05:00,0.7237937031674697,0.7294063990891667,0.7113481322108909,0.7242817282676697,409372000
2016-01-12 00:00:00-05:00,0.7372151331135306,0.7472204014300234,0.7313584261607832,0.7364830374717712,469356000
2016-01-13 00:00:00-05:00,0.7420958913569874,0.7469765494109698,0.7133003753809318,0.7140324711799622,481672000
2016-01-14 00:00:00-05:00,0.699390540911318,0.7076876063801578,0.678892035206499,0.6996346116065979,600236000
2016-01-15 00:00:00-05:00,0.6715711697789921,0.6796241649557333,0.65009649658057,0.661565899848938,841452000
2016-01-19 00:00:00-05:00,0.6752314967561382,0.6942658675092481,0.6642501200629858,0.6669344902038574,457140000
2016-01-20 00:00:00-05:00,0.6542449295407763,0.6791360081337319,0.6454598395561254,0.6705949306488037,481180000
2016-01-21 00:00:00-05:00,0.6779158294124552,0.68889714731708,0.6640060708552314,0.6784038543701172,481456000
2016-01-22 00:00:00-05:00,0.6913374599102997,0.6989024287124224,0.6898732686465775,0.6942658424377441,257996000
2016-01-25 00:00:00-05:00,0.6940218017144575,0.7020747951559265,0.6920695273818238,0.693533718585968,270728000
2016-01-26 00:00:00-05:00,0.6949981104019523,0.703295118711943,0.6879212229933879,0.700366735458374,227944000
2016-01-27 00:00:00-05:00,0.6993904283593055,0.7015867151753763,0.6788919259532844,0.6920695304870605,231700000
2016-01-28 00:00:00-05:00,0.6976822936221513,0.7001225931540614,0.6710830112699312,0.6845046877861023,276776000
2016-01-29 00:00:00-05:00,0.6903614200153885,0.7162286076262153,0.6876771078875225,0.714764416217804,310504000
2016-02-01 00:00:00-05:00,0.7140326271053221,0.7186691572698871,0.7079318468416039,0.7150087356567383,289884000
2016-02-02 00:00:00-05:00,0.7076875716455464,0.7113479919004133,0.6798681100744364,0.6847487092018127,341908000
2016-02-03 00:00:00-05:00,0.690117343049049,0.6942658461978457,0.6723031516670434,0.6881650686264038,326772000
2016-02-04 00:00:00-05:00,0.689141008108188,0.7040268714855142,0.6815760992976205,0.6884089708328247,348140000
2016-02-05 00:00:00-05:00,0.6837725017880998,0.6913374118833646,0.6430194526251197,0.6449716687202454,600428000
2016-02-08 00:00:00-05:00,0.6352105932700558,0.6383829886668683,0.6064150221855533,0.6154441833496094,608852000
2016-02-09 00:00:00-05:00,0.6081233556314048,0.6479002508311242,0.6051949724043961,0.6220330595970154,425372000
2016-02-10 00:00:00-05:00,0.6259374344769864,0.6439956391933145,0.6171523446151341,0.6205687522888184,335800000
2016-02-11 00:00:00-05:00,0.6047066572567383,0.623741024570636,0.6047066572567383,0.6173962354660034,340144000
2016-02-12 00:00:00-05:00,0.6271575970641513,0.6291098717091408,0.6039747211062365,0.6278896927833557,340816000
2016-02-16 00:00:00-05:00,0.6369187224225963,0.6596135707426181,0.6349665061836808,0.6586374044418335,485352000
2016-02-17 00:00:00-05:00,0.6669345007581297,0.6813322852969693,0.6642501305747778,0.6749874949455261,771468000
2016-02-18 00:00:00-05:00,0.7303824253584785,0.7560056020412791,0.7296503296091411,0.733066737651825,1068660000
2016-02-19 00:00:00-05:00,0.7291623197850019,0.7494168739200733,0.723549623929293,0.7428280115127563,525628000
2016-02-22 00:00:00-05:00,0.7535652529995904,0.7777242366041086,0.7521010615966502,0.7691831588745117,449668000
2016-02-23 00:00:00-05:00,0.7630823367438292,0.778456228053135,0.7594218587266972,0.7711353302001953,369380000
2016-02-24 00:00:00-05:00,0.7679630204135056,0.7777242186324359,0.7467323619241346,0.7765040397644043,336852000
2016-02-25 00:00:00-05:00,0.7794325475521048,0.7821168600385733,0.7643026646128439,0.7782123684883118,349616000
2016-02-26 00:00:00-05:00,0.7818726503582186,0.7838248665504506,0.7652785799989448,0.7730875611305237,361964000
2016-02-29 00:00:00-05:00,0.7741898286922735,0.784231491835778,0.767577020437448,0.7680668234825134,323344000
2016-03-01 00:00:00-05:00,0.7700261213333418,0.8021105527877808,0.7688014970764204,0.8021105527877808,348700000
2016-03-02 00:00:00-05:00,0.7977018907617446,0.8097029385950303,0.7962323651669272,0.8067638874053955,233812000
2016-03-03 00:00:00-05:00,0.805784404369739,0.8092132592666387,0.7888849730150552,0.7996614575386047,302004000
2016-03-04 00:00:00-05:00,0.8057844403093678,0.8065192033048046,0.7910892971872456,0.7972123026847839,175304000
2016-03-07 00:00:00-05:00,0.7928037212747219,0.7981919637534608,0.7817823347842627,0.7920689582824707,239968000
2016-03-08 00:00:00-05:00,0.7839865530513381,0.7886400321181173,0.7751694563328682,0.7776186466217041,274940000
2016-03-09 00:00:00-05:00,0.7844763260850041,0.7857008918948076,0.7670870361180857,0.7771287560462952,222788000
2016-03-10 00:00:00-05:00,0.781782163269863,0.7861907402561765,0.7602293148699804,0.77590411901474,286084000
2016-03-11 00:00:00-05:00,0.7874154258463991,0.7893748131584128,0.7781085258925717,0.7891298532485962,277400000
2016-03-14 00:00:00-04:00,0.785456093130609,0.7942731900087869,0.7817822784341584,0.7910892367362976,190312000
2016-03-15 00:00:00-04:00,0.7869255682613593,0.7920688501114029,0.7732100916012766,0.7871704697608948,226216000
2016-03-16 00:00:00-04:00,0.7812924316335687,0.8133768640763419,0.7776186171429341,0.8106827139854431,363644000
2016-03-17 00:00:00-04:00,0.8077437368603259,0.8116623945372501,0.7928036354921716,0.8038250207901001,353680000
2016-03-18 00:00:00-04:00,0.8133768116376142,0.8388483763550835,0.8082334716823192,0.8280719518661499,545512000
2016-03-21 00:00:00-04:00,0.8207244058841976,0.8307660678176365,0.8119073098091618,0.8305211663246155,337780000
2016-03-22 00:00:00-04:00,0.8278269884722149,0.8349295981762055,0.8187649334550132,0.8290515542030334,242012000
2016-03-23 00:00:00-04:00,0.8327254862740221,0.8493799562920582,0.8290516717739844,0.8432570099830627,429008000
2016-03-24 00:00:00-04:00,0.8356644908828793,0.8459511132300389,0.8329703991416262,0.8444815874099731,244956000
2016-03-28 00:00:00-04:00,0.8430120281642106,0.8567275046188333,0.8420323637874444,0.8530537486076355,265388000
2016-03-29 00:00:00-04:00,0.8493798459460822,0.8687284635482646,0.8474205173961391,0.8667691349983215,261812000
2016-03-30 00:00:00-04:00,0.8699533791773261,0.8878324771610534,0.8694635176790587,0.8758314251899719,376700000
2016-03-31 00:00:00-04:00,0.8797498944196275,0.8817092230746836,0.8657895171707886,0.872647225856781,379884000
2016-04-01 00:00:00-04:00,0.8672589576420399,0.8858728712558447,0.8606461506441324,0.8853830099105835,348292000
2016-04-04 00:00:00-04:00,0.8927307951736032,0.8973842747000846,0.87338217246242,0.8768110275268555,393940000
2016-04-05 00:00:00-04:00,0.8689735824374573,0.8836687244311758,0.8655446692576134,0.8755863904953003,339568000
2016-04-06 00:00:00-04:00,0.8645650748729373,0.8773008889903355,0.8481555041560178,0.8768110275268555,453376000
2016-04-07 00:00:00-04:00,0.8711778306101824,0.8790152631904966,0.8640752193771588,0.8677489757537842,378104000
2016-04-08 00:00:00-04:00,0.8748516770880949,0.8804848210106179,0.864809955281872,0.8733821511268616,255936000
2016-04-11 00:00:00-04:00,0.8785254510872701,0.8932206525988434,0.8758313590335806,0.8787704110145569,387524000
2016-04-12 00:00:00-04:00,0.8817091078478041,0.8829337318921452,0.8606460647887597,0.8777904510498047,292764000
2016-04-13 00:00:00-04:00,0.8817092678224325,0.9000782230673371,0.8817092678224325,0.8998333215713501,350716000
2016-04-14 00:00:00-04:00,0.8973841556182577,0.9062012520377221,0.893710341112939,0.9022825360298157,416564000
2016-04-15 00:00:00-04:00,0.902037811073719,0.917467718229392,0.899098758894234,0.9093853831291199,436972000
2016-04-18 00:00:00-04:00,0.9076706661671307,0.9076706661671307,0.8966492824004602,0.9054663777351379,307320000
2016-04-19 00:00:00-04:00,0.9088952975360445,0.9106097247535948,0.8836686338597649,0.8893017768859863,309152000
2016-04-20 00:00:00-04:00,0.8878322730029451,0.8981188949546385,0.8868526086249979,0.8927306532859802,200172000
2016-04-21 00:00:00-04:00,0.8929755572219069,0.8971392330278317,0.8878322754286574,0.8917509913444519,178280000
2016-04-22 00:00:00-04:00,0.8946900808835976,0.9008130273175569,0.8853831228890894,0.8883221745491028,223540000
2016-04-25 00:00:00-04:00,0.8885670358847303,0.8976290335690154,0.8861178457432127,0.8927306532859802,191972000
2016-04-26 00:00:00-04:00,0.8981189383585356,0.9084055608073562,0.8895467432523014,0.8934654593467712,214536000
2016-04-27 00:00:00-04:00,0.8912611689500662,0.9142836040651007,0.8895467416106438,0.9137937426567078,352396000
2016-04-28 00:00:00-04:00,0.9081604941262775,0.9135487354217972,0.8844033572380815,0.8866075873374939,381224000
2016-04-29 00:00:00-04:00,0.882933943432313,0.8848932723007439,0.860646270989074,0.870198130607605,321904000
2016-05-02 00:00:00-04:00,0.8785253245734091,0.8870975193545945,0.8743617071288218,0.8817092776298523,256076000
2016-05-03 00:00:00-04:00,0.8716675943233303,0.8753413502880993,0.8635852611288803,0.8711777329444885,224024000
2016-05-04 00:00:00-04:00,0.8606464203541067,0.8613811834056119,0.8425224207991456,0.8513395190238953,525764000
2016-05-05 00:00:00-04:00,0.8584421316865327,0.8665244663145818,0.8501148371289641,0.856482744216919,246884000
2016-05-06 00:00:00-04:00,0.8550128441386916,0.8675037513135275,0.8532984173486715,0.8652994632720947,183240000
2016-05-09 00:00:00-04:00,0.8675040385838992,0.8711777948095533,0.8569725145339606,0.8640751838684082,333336000
2016-05-10 00:00:00-04:00,0.8694633880523028,0.8821992011753693,0.861136152576438,0.8807296752929688,269676000
2016-05-11 00:00:00-04:00,0.8834237900462165,0.8929755911114253,0.8785253511705972,0.8831788301467896,328176000
2016-05-12 00:00:00-04:00,0.8895466879482288,0.8934654037990679,0.8555029279344304,0.8711777329444885,670540000
2016-05-13 00:00:00-04:00,0.9598381179242722,1.0041684822585586,0.9551846994309412,1.0036786794662476,2110256000
2016-05-16 00:00:00-04:00,0.9960867459801844,1.0482546284126653,0.9929027923592343,1.0333144664764404,973032000
2016-05-17 00:00:00-04:00,1.0286608202379857,1.0428661584608279,1.0154352048116364,1.0355186462402344,628392000
2016-05-18 00:00:00-04:00,1.028660934929873,1.073971104750721,1.028660934929873,1.0619699954986572,541072000
2016-05-19 00:00:00-04:00,1.0578062937454575,1.0742159804995493,1.0563368846020513,1.0666234493255615,398880000
2016-05-20 00:00:00-04:00,1.0732360666059073,1.0901355534000796,1.0715216394571179,1.0857269763946533,391084000
2016-05-23 00:00:00-04:00,1.0903803763128601,1.094543934751376,1.0808285185493256,1.087441325187683,413636000
2016-05-24 00:00:00-04:00,1.0907563937604663,1.1172764290146409,1.087809710166684,1.11383855342865,415788000
2016-05-25 00:00:00-04:00,1.1172763804492365,1.1219418259984177,1.1003330090664103,1.109173059463501,458076000
2016-05-26 00:00:00-04:00,1.1111379123705996,1.1290634405539555,1.1079456902109648,1.1209601163864136,309964000
2016-05-27 00:00:00-04:00,1.1221876977217746,1.1288176782578565,1.118504284131819,1.127098798751831,277416000
2016-05-31 00:00:00-04:00,1.1320100596337992,1.1496900492565822,1.13127332997582,1.1472344398498535,412524000
2016-06-01 00:00:00-04:00,1.1418317388734316,1.1604938700193228,1.1383939809541843,1.1494439840316772,387132000
2016-06-02 00:00:00-04:00,1.1555831781736363,1.1673699147285628,1.1442876337017573,1.1575477123260498,329208000
2016-06-03 00:00:00-04:00,1.146252189376401,1.1477254143835398,1.1212054908167899,1.141340970993042,461076000
2016-06-06 00:00:00-04:00,1.1442874359347324,1.1531274868231025,1.129554134877317,1.1354475021362305,322512000
2016-06-07 00:00:00-04:00,1.1423233257240009,1.1487077696042978,1.137166686533738,1.1376577615737915,193400000
2016-06-08 00:00:00-04:00,1.1379030280912117,1.1420775162071726,1.1246430684485518,1.1339741945266724,234616000
2016-06-09 00:00:00-04:00,1.1300451546647747,1.1651594641433405,1.1275895463178216,1.1634405851364136,472168000
2016-06-10 00:00:00-04:00,1.1496898312182564,1.1600031077548445,1.1329919948529834,1.1344653367996216,400024000
2016-06-13 00:00:00-04:00,1.1356931199958338,1.1712986293445407,1.1356931199958338,1.1489530801773071,475588000
2016-06-14 00:00:00-04:00,1.1462521194118724,1.1565653963716902,1.1334832334102598,1.1511632204055786,298344000
2016-06-15 00:00:00-04:00,1.1607399650822665,1.1730176598696438,1.1479710781986718,1.1629499197006226,301036000
2016-06-16 00:00:00-04:00,1.1543549811472824,1.169579353024026,1.143059441661364,1.1676149368286133,246456000
2016-06-17 00:00:00-04:00,1.169088918628115,1.1693344561508077,1.1425688756489898,1.1472344398498535,471000000
2016-06-20 00:00:00-04:00,1.165651030252451,1.1828398258394985,1.164914300675927,1.167860984802246,293768000
2016-06-21 00:00:00-04:00,1.1727720552775505,1.1759642768158367,1.159020902078054,1.1607398986816406,212508000
2016-06-22 00:00:00-04:00,1.163194655735371,1.1708068985378597,1.1577924831183402,1.1597568988800049,202620000
2016-06-23 00:00:00-04:00,1.170807492346328,1.1919252359467667,1.1700707628809184,1.190697431564331,297880000
2016-06-24 00:00:00-04:00,1.1418319985874068,1.1629497428159836,1.112365395071701,1.1229242086410522,1017684000
2016-06-27 00:00:00-04:00,1.1135929671438318,1.122187480097119,1.0944396417140314,1.1108919382095337,449088000
2016-06-28 00:00:00-04:00,1.1320098997818873,1.133237587221988,1.111628766107717,1.127098798751831,381920000
2016-06-29 00:00:00-04:00,1.1369205707780277,1.1543550138217056,1.1339738878565835,1.145514965057373,318932000
2016-06-30 00:00:00-04:00,1.1474796534081566,1.1614763420591059,1.1381486447307252,1.1543552875518799,430940000
2016-07-01 00:00:00-04:00,1.1479708458734024,1.1629496843439497,1.1418319411771536,1.1457607746124268,218488000
2016-07-05 00:00:00-04:00,1.139376646907658,1.1646688850332134,1.1302911731724812,1.1627044677734375,371084000
2016-07-06 00:00:00-04:00,1.154600618381345,1.1769461618973502,1.1487072521956325,1.1700705289840698,273104000
2016-07-07 00:00:00-04:00,1.177928594622202,1.2046941692099609,1.1725264190469125,1.2005196809768677,395400000
2016-07-08 00:00:00-04:00,1.21328866905919,1.2545420115960246,1.2086231054931262,1.2486486434936523,481932000
2016-07-11 00:00:00-04:00,1.2665740906166518,1.2867095685832237,1.265100748681308,1.2773785591125488,448776000
2016-07-12 00:00:00-04:00,1.291620696044524,1.3083184140234712,1.275413935889832,1.2965317964553833,436760000
2016-07-13 00:00:00-04:00,1.2989872184796678,1.3063539272459763,1.2940761183320835,1.2960405349731445,324604000
2016-07-14 00:00:00-04:00,1.3029162168316606,1.3210872763378878,1.2921117492731538,1.3093005418777466,316892000
2016-07-15 00:00:00-04:00,1.2926027433752219,1.2999694519522988,1.2729583432894973,1.2940760850906372,428616000
2016-07-18 00:00:00-04:00,1.3100371538525404,1.3120015703897876,1.2957949290502464,1.3007060289382935,252992000
2016-07-19 00:00:00-04:00,1.2999697363028384,1.3193686031942065,1.2975141272100619,1.3142119646072388,382652000
2016-07-20 00:00:00-04:00,1.3186318658759442,1.3385219247228317,1.3132296898294449,1.331400752067566,296460000
2016-07-21 00:00:00-04:00,1.3284538872674871,1.3326283752967465,1.3024250434458702,1.3068450689315796,361308000
2016-07-22 00:00:00-04:00,1.311510324155212,1.3424502611160278,1.3019336630614067,1.3424502611160278,315768000
2016-07-25 00:00:00-04:00,1.3505536809209124,1.3704436167806233,1.3446603145521754,1.3672513961791992,312528000
2016-07-26 00:00:00-04:00,1.3792839191673179,1.3977005168107517,1.3773195023809295,1.3905794620513916,514508000
2016-07-27 00:00:00-04:00,1.4026121928815112,1.4050678026895569,1.368234475198315,1.3765833377838135,446676000
2016-07-28 00:00:00-04:00,1.3797746559397916,1.3898423919562954,1.375354631436262,1.3795291185379028,221916000
2016-07-29 00:00:00-04:00,1.38468649500127,1.4058042450136121,1.3598854478131457,1.4021209478378296,409588000
2016-08-01 00:00:00-04:00,1.4080140113715658,1.4131706497163574,1.3839495820059906,1.3930350542068481,301120000
2016-08-02 00:00:00-04:00,1.3996651971474194,1.4004019267622079,1.3628319949250354,1.3760919570922852,282748000
2016-08-03 00:00:00-04:00,1.3743729904014304,1.3824763131115319,1.3667607426768238,1.3797751665115356,299828000
2016-08-04 00:00:00-04:00,1.3864052219442327,1.4116974584994266,1.3837041922884565,1.4053130149841309,272712000
2016-08-05 00:00:00-04:00,1.421519499025842,1.4298683587260053,1.4146439812833402,1.4291317462921143,371588000
2016-08-08 00:00:00-04:00,1.4487761961885621,1.4522139551703432,1.4271672581746762,1.4423917531967163,305064000
2016-08-09 00:00:00-04:00,1.4495127213908074,1.4600716522762833,1.4423916663700485,1.4460749626159668,372344000
2016-08-10 00:00:00-04:00,1.458843988471493,1.4610539430141203,1.4320784110157776,1.436743974685669,375740000
2016-08-11 00:00:00-04:00,1.4443558586857699,1.4721035791317265,1.4414091753111824,1.465964674949646,681064000
2016-08-12 00:00:00-04:00,1.5199870477711295,1.5563291675605653,1.4888015658733187,1.5479803085327148,1425744000
2016-08-15 00:00:00-04:00,1.549699222130037,1.5592758857506774,1.5256347943466229,1.5465070009231567,573304000
2016-08-16 00:00:00-04:00,1.5442969481338806,1.5467524397033494,1.5325103310027268,1.5371758937835693,287652000
2016-08-17 00:00:00-04:00,1.5371759687283524,1.5406137273471354,1.4895381888055121,1.5015703439712524,595212000
2016-08-18 00:00:00-04:00,1.499360519159055,1.5273537825352865,1.4934671512525302,1.5248982906341553,331684000
2016-08-19 00:00:00-04:00,1.5241613890960906,1.5403680319201996,1.5175314094943977,1.5288269519805908,291560000
2016-08-22 00:00:00-04:00,1.5334925645815582,1.5374215152331898,1.5153215044511432,1.535211443901062,244748000
2016-08-23 00:00:00-04:00,1.5508329438083255,1.5577211312764656,1.543206669222516,1.5476348400115967,339764000
2016-08-24 00:00:00-04:00,1.5530471530556786,1.5537851228986843,1.5166379427707803,1.523772120475769,298448000
2016-08-25 00:00:00-04:00,1.524264091289761,1.5250020610715767,1.4947431885156093,1.513685703277588,406032000
2016-08-26 00:00:00-04:00,1.5176220688012076,1.534596548794163,1.505567622531565,1.5259863138198853,300024000
2016-08-29 00:00:00-04:00,1.5321362968621506,1.5382863967255298,1.5225419862318397,1.5250020027160645,274652000
2016-08-30 00:00:00-04:00,1.523033773016955,1.5311520258054556,1.5119634069770682,1.5161455869674683,285544000
2016-08-31 00:00:00-04:00,1.5190979149532533,1.5232799782291946,1.5045834538369094,1.5090115070343018,388544000
2016-09-01 00:00:00-04:00,1.510241410542974,1.5591969187839794,1.5090113437631718,1.5535387992858887,428492000
2016-09-02 00:00:00-04:00,1.5567373409196135,1.5584593879740287,1.5208202254353418,1.5382866859436035,323148000
2016-09-06 00:00:00-04:00,1.5436986800826864,1.5528008937835693,1.5358264159997348,1.5528008937835693,306812000
2016-09-07 00:00:00-04:00,1.547880802401396,1.5555070768514812,1.5210660228180803,1.5299222469329834,397988000
2016-09-08 00:00:00-04:00,1.5284461925600596,1.5434527515521113,1.5109797342342994,1.5409926176071167,315808000
2016-09-09 00:00:00-04:00,1.52401842996209,1.5326286658012944,1.451446107015467,1.4642385244369507,697760000
2016-09-12 00:00:00-04:00,1.4448038074704317,1.497449413363325,1.4101166419432973,1.494497299194336,598260000
2016-09-13 00:00:00-04:00,1.4908070907571704,1.5080276771024461,1.464484290006848,1.4728485345840454,471768000
2016-09-14 00:00:00-04:00,1.4762925014392119,1.4908069625562501,1.463992184226613,1.485886812210083,319048000
2016-09-15 00:00:00-04:00,1.4883468398063717,1.543944546480379,1.484902629234809,1.542222499847412,515212000
2016-09-16 00:00:00-04:00,1.5476346700834132,1.5559989135628645,1.5282000594995937,1.5459126234054565,902444000
2016-09-19 00:00:00-04:00,1.562148968189695,1.6054463551603146,1.5550147923089905,1.566331148147583,417128000
2016-09-20 00:00:00-04:00,1.5842898940337344,1.5842898940337344,1.5434526355230402,1.5520628690719604,331112000
2016-09-21 00:00:00-04:00,1.5567374522403672,1.5985587990764702,1.5564914622586685,1.5956066846847534,336212000
2016-09-22 00:00:00-04:00,1.6049547465274534,1.6098748972773977,1.590440284219271,1.599542498588562,308732000
2016-09-23 00:00:00-04:00,1.6015104826321687,1.6061845256383727,1.59068610520972,1.5978202819824219,276132000
2016-09-26 00:00:00-04:00,1.5796156364688458,1.589209946392142,1.5628871502308241,1.5828137397766113,230040000
2016-09-27 00:00:00-04:00,1.5766639481247007,1.6393959643880873,1.5759259782265511,1.636935830116272,402752000
2016-09-28 00:00:00-04:00,1.6393959337375201,1.644070094922053,1.6219293561122987,1.642840027809143,319788000
2016-09-29 00:00:00-04:00,1.6401335870693796,1.66325839856741,1.6248811566523091,1.6580921411514282,336684000
2016-09-30 00:00:00-04:00,1.667194688262004,1.7021278413057421,1.6573543865916422,1.685645341873169,429932000
2016-10-03 00:00:00-04:00,1.6856451701149398,1.7099999318633123,1.6809710097019426,1.6839230060577393,242596000
2016-10-04 00:00:00-04:00,1.686382979950869,1.714673812361126,1.6676863400719593,1.6802327632904053,281624000
2016-10-05 00:00:00-04:00,1.6945013021494264,1.7117218860393528,1.6733446451275555,1.6785107851028442,305440000
2016-10-06 00:00:00-04:00,1.658338615650207,1.6686708981592369,1.630047657776112,1.6566165685653687,360212000
2016-10-07 00:00:00-04:00,1.6676862201420508,1.6721143898958126,1.6398873695259557,1.644561529159546,286260000
2016-10-10 00:00:00-04:00,1.653172029747725,1.6620283706923986,1.6352134752442684,1.650712013244629,287876000
2016-10-11 00:00:00-04:00,1.645299704940979,1.6477597211777057,1.6143026322966074,1.6268490552902222,388540000
2016-10-12 00:00:00-04:00,1.6202070594319022,1.642839774677266,1.6066766751916488,1.6342295408248901,419920000
2016-10-13 00:00:00-04:00,1.6150408157599874,1.6187308989883256,1.56706926456907,1.6076605319976807,390116000
2016-10-14 00:00:00-04:00,1.6273411721476483,1.6384115394094365,1.613810788441926,1.6234050989151,330636000
2016-10-17 00:00:00-04:00,1.6231593963130941,1.6384118294210597,1.6118430371343924,1.6140570640563965,195328000
2016-10-18 00:00:00-04:00,1.636443781396792,1.6480061304547238,1.6298015833700155,1.638657808303833,269372000
2016-10-19 00:00:00-04:00,1.6275874561306296,1.6428398881952806,1.6192230943181973,1.6352136135101318,199060000
2016-10-20 00:00:00-04:00,1.6544018391114879,1.67162242117498,1.6310311580948227,1.6662101745605469,312084000
2016-10-21 00:00:00-04:00,1.6603065073234855,1.664488571032334,1.6457920447046746,1.6615365743637085,279508000
2016-10-24 00:00:00-04:00,1.6728527118626588,1.7414888248134854,1.6726066046426369,1.739520788192749,339836000
2016-10-25 00:00:00-04:00,1.7365686474071318,1.7786359720549867,1.7282044039207942,1.7680575847625732,397460000
2016-10-26 00:00:00-04:00,1.753297276235716,1.7946266344958457,1.751575229417014,1.7751920223236084,333792000
2016-10-27 00:00:00-04:00,1.7887223543669062,1.7921664479030779,1.73164858648559,1.7387827634811401,388664000
2016-10-28 00:00:00-04:00,1.747147501519496,1.7737162958462587,1.7326330371691478,1.7358311414718628,290856000
2016-10-31 00:00:00-04:00,1.741488946772569,1.7621536260015653,1.7405048697404673,1.7505912780761719,252388000
2016-11-01 00:00:00-04:00,1.7569873319910307,1.7665816423194898,1.6799868594532381,1.698683500289917,473224000
2016-11-02 00:00:00-04:00,1.7117222411426438,1.7348469395277937,1.688597425451839,1.69154953956604,295848000
2016-11-03 00:00:00-04:00,1.6994216684634667,1.7008977254021773,1.6393957830765997,1.6718688011169434,309664000
2016-11-04 00:00:00-04:00,1.6607983038325864,1.6908113028494922,1.6379195990166873,1.6622743606567383,328780000
2016-11-07 00:00:00-05:00,1.7109840096949371,1.7643676972909723,1.7097539427001271,1.7532973289489746,487580000
2016-11-08 00:00:00-05:00,1.7599394820057472,1.7655977196554578,1.7343547695331694,1.7505912780761719,429884000
2016-11-09 00:00:00-05:00,1.7031114979757433,1.744194861578001,1.6905651918276505,1.7210700511932373,456532000
2016-11-10 00:00:00-05:00,1.7587099238561081,1.758955913842483,1.6423482142926293,1.6671949625015259,869280000
2016-11-11 00:00:00-05:00,1.9560081498951494,2.1838112937450407,1.9311612850706694,2.164130687713623,2175344000
2016-11-14 00:00:00-05:00,2.1670824645960107,2.1695425986196497,2.0571171013858414,2.0576090812683105,1348796000
2016-11-15 00:00:00-05:00,2.0735996883363397,2.1513381481280027,2.064743345741876,2.1203413009643555,626092000
2016-11-16 00:00:00-05:00,2.1486323711385094,2.277048296749828,2.124277602355879,2.2541697025299072,987984000
2016-11-17 00:00:00-05:00,2.2708980946249984,2.3319080675327286,2.2300607078287227,2.2728662490844727,832988000
2016-11-18 00:00:00-05:00,2.27286559173167,2.3205909188047715,2.2583511312984617,2.2967283725738525,576060000
2016-11-21 00:00:00-05:00,2.314687335948153,2.3210835439592152,2.273111866570597,2.2873804569244385,436436000
2016-11-22 00:00:00-05:00,2.295252337819964,2.306076598345186,2.272619622459025,2.3038625717163086,330368000
2016-11-23 00:00:00-05:00,2.309036256699721,2.346731761948171,2.2856307013253625,2.3151957988739014,443236000
2016-11-25 00:00:00-05:00,2.3262834092386964,2.343036945840966,2.3013992276343234,2.3198776245117188,195564000
2016-11-28 00:00:00-05:00,2.312732647509763,2.33416734352638,2.306080387039914,2.318645715713501,278736000
2016-11-29 00:00:00-05:00,2.3159348990723436,2.326775599983772,2.279717775692752,2.297456741333008,444568000
2016-11-30 00:00:00-05:00,2.306079870348761,2.319877104720321,2.2691235547995516,2.271587371826172,440500000
2016-12-01 00:00:00-05:00,2.2691237664335366,2.2708483915205164,2.0885301438717963,2.1592400074005127,1035524000
2016-12-02 00:00:00-05:00,2.12499355771185,2.1878194823962254,2.097153083081719,2.179196357727051,478292000
2016-12-05 00:00:00-05:00,2.217138468879335,2.2816890290546414,2.192747240127744,2.2637035846710205,602284000
2016-12-06 00:00:00-05:00,2.2718340313753345,2.3092833052038486,2.2560659284455684,2.3009064197540283,498796000
2016-12-07 00:00:00-05:00,2.287355789475795,2.347964145994195,2.2691238698946177,2.3422975540161133,480804000
2016-12-08 00:00:00-05:00,2.3452543874810083,2.3804860874974114,2.292529957851803,2.303123950958252,381544000
2016-12-09 00:00:00-05:00,2.32086288059888,2.322587505779931,2.2348776273453215,2.262225389480591,382312000
2016-12-12 00:00:00-05:00,2.213688564075356,2.2161523807876256,2.1567757138118995,2.207282781600952,601332000
2016-12-13 00:00:00-05:00,2.2196027147602706,2.273805534102753,2.2186172815788496,2.246211290359497,387796000
2016-12-14 00:00:00-05:00,2.2799646971048864,2.392558772003945,2.2560661817748926,2.376297950744629,983980000
2016-12-15 00:00:00-05:00,2.38738398282532,2.4622825176249625,2.379992766614181,2.431978225708008,746548000
2016-12-16 00:00:00-05:00,2.459571983192948,2.481006672572797,2.4078330048739147,2.4738619327545166,1089528000
2016-12-19 00:00:00-05:00,2.4563695352433115,2.524122861930293,2.4391230502068253,2.503920078277588,744656000
2016-12-20 00:00:00-05:00,2.5766007418563444,2.6147889633106027,2.565267325285479,2.591136932373047,848056000
2016-12-21 00:00:00-05:00,2.602716636593239,2.610354328014341,2.5551660981896975,2.6073977947235107,576136000
2016-12-22 00:00:00-05:00,2.6317901111110307,2.682297203780568,2.6246451331107328,2.638935089111328,718612000
2016-12-23 00:00:00-05:00,2.620949234962409,2.7061955439152707,2.6182391763984794,2.7047171592712402,647692000
2016-12-27 00:00:00-05:00,2.760890505911253,2.891469765955632,2.7401947699100857,2.89048433303833,1194272000
2016-12-28 00:00:00-05:00,2.9466587248511615,2.9547891358151013,2.6778624464619214,2.691659450531006,2295764000
2016-12-29 00:00:00-05:00,2.5844849359260214,2.7468468649322957,2.532745951466836,2.745368480682373,2175368000
2016-12-30 00:00:00-05:00,2.743398179352824,2.757441657803531,2.6189782093435996,2.6298186779022217,1212932000
2017-01-03 00:00:00-05:00,2.5721662667382117,2.620702480349585,2.448485505728275,2.513282537460327,1501996000
2017-01-04 00:00:00-05:00,2.547527983430338,2.599266954978318,2.501455601847084,2.5719192028045654,1199220000
2017-01-05 00:00:00-05:00,2.57536893309557,2.607151372925646,2.489629935814701,2.5066299438476562,984296000
2017-01-06 00:00:00-05:00,2.533977510614882,2.5684702404857034,2.4933254737854322,2.5401370525360107,822856000
2017-01-09 00:00:00-05:00,2.549993370127552,2.660862596010789,2.549993370127552,2.6431233882904053,916248000
2017-01-10 00:00:00-05:00,2.6561811585674535,2.6901809507059244,2.6024710593647207,2.623166799545288,880920000
2017-01-11 00:00:00-05:00,2.6115871011244436,2.6165145015988767,2.566007413182339,2.5908913612365723,525664000
2017-01-12 00:00:00-05:00,2.5679779545167203,2.579557613314189,2.503673641872756,2.5485141277313232,625616000
2017-01-13 00:00:00-05:00,2.552456287327823,2.5869490255888614,2.539152002489472,2.5482680797576904,457820000
2017-01-17 00:00:00-05:00,2.5376742545496263,2.542601655102198,2.4778048458234077,2.4911091327667236,580612000
2017-01-18 00:00:00-05:00,2.469673906786674,2.5433403032536823,2.441833429977947,2.5364418029785156,654424000
2017-01-19 00:00:00-05:00,2.5393988397176654,2.622920286689453,2.537181497756041,2.5908913612365723,644872000
2017-01-20 00:00:00-05:00,2.613557736171741,2.6312969402209636,2.5406305238695657,2.5625579357147217,492024000
2017-01-23 00:00:00-05:00,2.5573834862246203,2.6091224673173516,2.554919669276748,2.5891659259796143,369904000
2017-01-24 00:00:00-05:00,2.5992683209672593,2.650514603140433,2.5844856492009223,2.644355058670044,428052000
2017-01-25 00:00:00-05:00,2.6867313006234004,2.6928908440915658,2.6197171594201825,2.6556880474090576,522760000
2017-01-26 00:00:00-05:00,2.658397906051248,2.7089049838869785,2.6288328045105187,2.7015137672424316,458800000
2017-01-27 00:00:00-05:00,2.708412117284095,2.7567018509455226,2.6818035508688767,2.7537453174591064,471996000
2017-01-30 00:00:00-05:00,2.732803827637628,2.735021169405581,2.6586447065034657,2.710629940032959,496004000
2017-01-31 00:00:00-05:00,2.684267423874712,2.7113687072753683,2.6657890304588894,2.689934015274048,362756000
2017-02-01 00:00:00-05:00,2.72442612950004,2.8116432694175466,2.7066871656848264,2.807455062866211,590004000
2017-02-02 00:00:00-05:00,2.791440906990289,2.8515567763478646,2.760890373357773,2.842933416366577,483240000
2017-02-03 00:00:00-05:00,2.8444117568955836,2.8554986988813638,2.806223531701525,2.818049430847168,372744000
2017-02-06 00:00:00-05:00,2.8086872441612654,2.89073052467782,2.8086872441612654,2.890237808227539,506768000
2017-02-07 00:00:00-05:00,2.9244841561251693,2.979179678105952,2.9047740877489927,2.9350783824920654,746224000
2017-02-08 00:00:00-05:00,2.917092370570339,2.9395124926148606,2.867324257904061,2.9222662448883057,449580000
2017-02-09 00:00:00-05:00,2.928426378812825,2.9333540138189207,2.848107948891563,2.8673250675201416,842568000
2017-02-10 00:00:00-05:00,2.9547879288714767,2.973758801717426,2.7741943359233234,2.7993247509002686,1651092000
2017-02-13 00:00:00-05:00,2.7936584779612468,2.808194671319333,2.6657892715538933,2.670224189758301,1180724000
2017-02-14 00:00:00-05:00,2.6606151570180545,2.713832525950622,2.6187312058531993,2.6800789833068848,850632000
2017-02-15 00:00:00-05:00,2.6830358472433993,2.7052094991530033,2.6549488925436475,2.685499429702759,373020000
2017-02-16 00:00:00-05:00,2.695108481348997,2.696340390177743,2.6032101503952663,2.6423840522766113,647176000
2017-02-17 00:00:00-05:00,2.6288329552477667,2.646325682447509,2.581775124812032,2.64189076423645,563740000
2017-02-21 00:00:00-05:00,2.6665279378094855,2.74044079869151,2.666281462139084,2.7364988327026367,551952000
2017-02-22 00:00:00-05:00,2.7485871063699516,2.7579612404359493,2.7133107102249414,2.7323057651519775,433772000
2017-02-23 00:00:00-05:00,2.6025476916213965,2.624502770779996,2.458975923534242,2.478957414627075,1592888000
2017-02-24 00:00:00-05:00,2.3945904415326424,2.516207129248794,2.360794304834437,2.5028860569000244,1029904000
2017-02-27 00:00:00-05:00,2.521141511091485,2.5907071518814533,2.505353509184898,2.5756592750549316,715400000
2017-02-28 00:00:00-05:00,2.585280104093871,2.595147811686949,2.4861120424262313,2.503380060195923,625360000
2017-03-01 00:00:00-05:00,2.5603648320380317,2.574672820276283,2.4942527889136787,2.535696268081665,504804000
2017-03-02 00:00:00-05:00,2.5228684293201113,2.536929630195514,2.4394881359730682,2.442201614379883,754332000
2017-03-03 00:00:00-05:00,2.4315935274947007,2.4365271445146175,2.373621939512261,2.4281399250030518,864692000
2017-03-06 00:00:00-05:00,2.3918770792801207,2.4199994751844933,2.347720132541249,2.4093918800354004,883568000
2017-03-07 00:00:00-05:00,2.4093918420995495,2.455275589517529,2.3965641075303044,2.4357872009277344,603400000
2017-03-08 00:00:00-05:00,2.4841388199894907,2.498940148301557,2.4291277065528365,2.4313478469848633,638712000
2017-03-09 00:00:00-05:00,2.4153126296565297,2.4533022639580375,2.4027314452177384,2.430853843688965,478060000
2017-03-10 00:00:00-05:00,2.4572491875492064,2.469090010481596,2.4269066523779403,2.4451613426208496,499740000
2017-03-13 00:00:00-04:00,2.455523215409871,2.5223753889022995,2.4547830902082017,2.512507915496826,774136000
2017-03-14 00:00:00-04:00,2.5253351106747446,2.534709008421228,2.478464445646966,2.5107805728912354,522016000
2017-03-15 00:00:00-04:00,2.5223748364697474,2.5406295288793426,2.474764046575113,2.529775381088257,615036000
2017-03-16 00:00:00-04:00,2.5403827043398985,2.561351107887951,2.5263215063946327,2.5608575344085693,523100000
2017-03-17 00:00:00-04:00,2.578372677061226,2.617842798289604,2.5608578739920107,2.6166093349456787,1119688000
2017-03-20 00:00:00-04:00,2.634124769610341,2.7039372118540173,2.618089977553658,2.6999900341033936,748568000
2017-03-21 00:00:00-04:00,2.682721531861602,2.7125707349072856,2.604768431803378,2.6126623153686523,913484000
2017-03-22 00:00:00-04:00,2.601561717534166,2.6706342663615037,2.5976147752392356,2.665947198867798,616764000
2017-03-23 00:00:00-04:00,2.6580519370962987,2.6780336620650487,2.6321499188581243,2.641770601272583,533940000
2017-03-24 00:00:00-04:00,2.6881486540276534,2.696042537387892,2.6252434328902603,2.6511454582214355,439500000
2017-03-27 00:00:00-04:00,2.604521311734528,2.674333732506824,2.5551839576171753,2.670386791229248,506644000
2017-03-28 00:00:00-04:00,2.6716204568386166,2.686174995050029,2.64621177047701,2.6565725803375244,432444000
2017-03-29 00:00:00-04:00,2.663973042496592,2.676307440391978,2.645718350049767,2.6479384899139404,349992000
2017-03-30 00:00:00-04:00,2.6550923643424023,2.713557304714037,2.649418621049525,2.698755979537964,525532000
2017-03-31 00:00:00-04:00,2.6891347952757942,2.7108433230833113,2.6740869213754723,2.6871612071990967,440808000
2017-04-03 00:00:00-04:00,2.6876554373007755,2.704923454969342,2.6499121147037568,2.6735942363739014,445232000
2017-04-04 00:00:00-04:00,2.5507434120038455,2.5759055423195534,2.475257256315759,2.4861114025115967,1271280000
2017-04-05 00:00:00-04:00,2.467364049208102,2.525335661478336,2.454536310219372,2.4676108360290527,747048000
2017-04-06 00:00:00-04:00,2.472791328706898,2.4977066823549054,2.4276474538412995,2.485619068145752,635120000
2017-04-07 00:00:00-04:00,2.4920320964497744,2.5095468976644386,2.4599627586806045,2.475010633468628,429068000
2017-04-10 00:00:00-04:00,2.475751418146022,2.482411838961848,2.407665783338147,2.4118595123291016,756332000
2017-04-11 00:00:00-04:00,2.3817631298616226,2.4397347305566424,2.376829511759814,2.4204931259155273,618148000
2017-04-12 00:00:00-04:00,2.420492753001014,2.434800502076912,2.3953306223070845,2.4005110263824463,414092000
2017-04-13 00:00:00-04:00,2.376336519944662,2.398044819172206,2.35561466217041,2.35561466217041,506892000
2017-04-17 00:00:00-04:00,2.368441459211423,2.4481213359201663,2.3632610556414133,2.4478747844696045,497292000
2017-04-18 00:00:00-04:00,2.433567362785024,2.4555226804175057,2.4076653389611824,2.449355363845825,370116000
2017-04-19 00:00:00-04:00,2.466870390805539,2.491045615239359,2.4523158517356407,2.4589765071868896,380828000
2017-04-20 00:00:00-04:00,2.473531400199638,2.5026404825047144,2.452316202642763,2.497953414916992,404016000
2017-04-21 00:00:00-04:00,2.4875920378520404,2.511027372683155,2.475751212299816,2.5083138942718506,341896000
2017-04-24 00:00:00-04:00,2.5398893623246463,2.552717098258562,2.5189211921247776,2.539642810821533,371820000
2017-04-25 00:00:00-04:00,2.55419718919607,2.598354137186479,2.53273544680883,2.5837996006011963,388440000
2017-04-26 00:00:00-04:00,2.597367343151413,2.5998340342125656,2.564064543605902,2.566038131713867,327004000
2017-04-27 00:00:00-04:00,2.5734391730484916,2.614389075690736,2.555431030895057,2.606001853942871,319700000
2017-04-28 00:00:00-04:00,2.5990948864092327,2.606002093870139,2.5672720924169177,2.572946071624756,348248000
2017-05-01 00:00:00-04:00,2.5838001122931797,2.635851188121839,2.576646118327649,2.6306705474853516,307732000
2017-05-02 00:00:00-04:00,2.603781603307365,2.6050150666535776,2.5300220008619707,2.5527172088623047,629972000
2017-05-03 00:00:00-04:00,2.5458102318093605,2.5813331795014367,2.5310091408388034,2.5717124938964844,336904000
2017-05-04 00:00:00-04:00,2.5778791390365368,2.5889800730126655,2.5539504695883943,2.56184458732605,209788000
2017-05-05 00:00:00-04:00,2.5502507631756983,2.5692455829677705,2.534709311723084,2.562091588973999,228428000
2017-05-08 00:00:00-04:00,2.5739320200210574,2.5754120346614253,2.5238545448401064,2.5352022647857666,365240000
2017-05-09 00:00:00-04:00,2.540876774775944,2.5884873380146223,2.5324893168360534,2.5393965244293213,847672000
2017-05-10 00:00:00-04:00,2.8193857647750384,3.0051411441298583,2.8127253454815495,2.9920666217803955,2129096000
2017-05-11 00:00:00-04:00,2.961477682359564,3.217538833655299,2.958024079160601,3.1205906867980957,1939792000
2017-05-12 00:00:00-04:00,3.1237978553099945,3.1970638855324727,3.102829448563954,3.1548802852630615,962620000
2017-05-15 00:00:00-04:00,3.196076975937037,3.3157200908485005,3.191636461082411,3.313253164291382,1087540000
2017-05-16 00:00:00-04:00,3.364317539886642,3.3904665866813963,3.289818282131824,3.374925136566162,1120700000
2017-05-17 00:00:00-04:00,3.3080726967119487,3.3268209617746956,3.146492774441199,3.150686502456665,1271368000
2017-05-18 00:00:00-04:00,3.1945969440330098,3.2915450940678177,3.1341586508111434,3.2826642990112305,1156032000
2017-05-19 00:00:00-04:00,3.3839120824368902,3.4132986240863503,3.3392147710670046,3.3584766387939453,1018372000
2017-05-22 00:00:00-04:00,3.402186647889173,3.4444144398204126,3.391320832667577,3.430091619491577,836608000
2017-05-23 00:00:00-04:00,3.44984741854746,3.4520698967727843,3.3513155880009293,3.3839125633239746,681248000
2017-05-24 00:00:00-04:00,3.4809623687230276,3.483678940169291,3.409841656884519,3.4219422340393066,815996000
2017-05-25 00:00:00-04:00,3.457255063799473,3.45799596822814,3.369342019651239,3.4142863750457764,608228000
2017-05-26 00:00:00-04:00,3.4061381941503868,3.5876440567718015,3.385888605676257,3.5026943683624268,779140000
2017-05-30 00:00:00-04:00,3.548626253368599,3.6125854450347794,3.532574811528441,3.577519178390503,989652000
2017-05-31 00:00:00-04:00,3.622463090839598,3.630118476741642,3.5078798200159147,3.5646777153015137,887316000
2017-06-01 00:00:00-04:00,3.5804818218530365,3.5814697730398724,3.5194860217366872,3.5649242401123047,503340000
2017-06-02 00:00:00-04:00,3.561961330607992,3.5881376836589527,3.541217885532205,3.547144651412964,487456000
2017-06-05 00:00:00-04:00,3.5308464257045618,3.667901778236995,3.5192399397856984,3.6550605297088623,817376000
2017-06-06 00:00:00-04:00,3.6503682919515574,3.6965474214484964,3.6251798899594743,3.638514995574951,758728000
2017-06-07 00:00:00-04:00,3.662962356134846,3.701239048649897,3.647404773749276,3.6824710369110107,612612000
2017-06-08 00:00:00-04:00,3.789645741060701,3.951149027259975,3.748405668305987,3.949667453765869,1161744000
2017-06-09 00:00:00-04:00,4.068202730164366,4.161054612244374,3.5251662704883002,3.6943249702453613,3692928000
2017-06-12 00:00:00-04:00,3.602460760245758,3.7461837738628083,3.509361832585756,3.7034618854522705,1697532000
2017-06-13 00:00:00-04:00,3.812859117106661,3.8219963122420513,3.596780631475931,3.7387752532958984,1672504000
2017-06-14 00:00:00-04:00,3.7417385843990445,3.8044630094812115,3.667160628227676,3.7466773986816406,1184640000
2017-06-15 00:00:00-04:00,3.6291306052663956,3.793103189624434,3.617770932493945,3.7627289295196533,963824000
2017-06-16 00:00:00-04:00,3.772359877511846,3.82026762405067,3.710129310552366,3.7442078590393066,924960000
2017-06-19 00:00:00-04:00,3.7884111716289715,3.8901534262901776,3.784707119951684,3.884967565536499,778176000
2017-06-20 00:00:00-04:00,3.9271957071117396,3.994118280541346,3.8750900482361357,3.8792879581451416,1095444000
2017-06-21 00:00:00-04:00,3.9069453608236353,3.941764808874752,3.8449616139540748,3.9380605220794678,682652000
2017-06-22 00:00:00-04:00,3.946210327417311,3.9595456675794427,3.886943143281225,3.9108970165252686,469132000
2017-06-23 00:00:00-04:00,3.9185516961807485,3.9343563228702028,3.78371862928769,3.7987825870513916,1088588000
2017-06-26 00:00:00-04:00,3.8316269932152824,3.8671873502002767,3.6629624031001,3.757296085357666,1063960000
2017-06-27 00:00:00-04:00,3.7397628612302256,3.748405962725137,3.6140669662609706,3.619746685028076,999492000
2017-06-28 00:00:00-04:00,3.6874103130160987,3.7521104068484004,3.5992502030692366,3.7474184036254883,994948000
2017-06-29 00:00:00-04:00,3.719018698451399,3.721981845099333,3.558009288573292,3.622215509414673,1064424000
2017-06-30 00:00:00-04:00,3.6395027072021335,3.6530848595107273,3.543687442944009,3.569863796234131,731060000
2017-07-03 00:00:00-04:00,3.5819642745079876,3.596780954397649,3.4221895769706645,3.4407105445861816,709072000
2017-07-05 00:00:00-04:00,3.5041758242843972,3.5614675822176314,3.485160999046886,3.5325748920440674,820188000
2017-07-06 00:00:00-04:00,3.503434598826634,3.590112891090071,3.4513287105959987,3.5431928634643555,746284000
2017-07-07 00:00:00-04:00,3.5999910760321225,3.6424659158571493,3.5770249180101272,3.6241917610168457,654972000
2017-07-10 00:00:00-04:00,3.69778160314492,3.802980857812432,3.671605253936315,3.795572519302368,958492000
2017-07-11 00:00:00-04:00,3.7992776793661047,3.857063298239857,3.7572966923173277,3.849407911300659,757956000
2017-07-12 00:00:00-04:00,3.9091690083916606,4.025233869957408,3.866200304939367,4.013133525848389,1145208000
2017-07-13 00:00:00-04:00,4.0252332712255265,4.106725708929655,3.920281053474989,3.9667069911956787,1369132000
2017-07-14 00:00:00-04:00,3.9830057488253745,4.0748699147381195,3.976091267036982,4.073388576507568,941948000
2017-07-17 00:00:00-04:00,4.107465822975434,4.136358740650508,3.9943641477152645,4.056100845336914,930792000
2017-07-18 00:00:00-04:00,3.9951045546786186,4.112898452985662,3.983251027312852,4.098328590393066,776640000
2017-07-19 00:00:00-04:00,4.107465950340097,4.133889344408008,4.064991353522648,4.077091693878174,687044000
2017-07-20 00:00:00-04:00,4.097588665971169,4.136606025949569,4.04770549147339,4.136359214782715,699596000
2017-07-21 00:00:00-04:00,4.115863139446826,4.180810282139902,4.101540082602476,4.151176452636719,648332000
2017-07-24 00:00:00-04:00,4.158338909328595,4.167969728891433,4.0924040398365475,4.103022575378418,652524000
2017-07-25 00:00:00-04:00,4.080055352044848,4.097588836910145,4.039556181348467,4.083265781402588,496556000
2017-07-26 00:00:00-04:00,4.1408033712382375,4.1963664889397965,4.095611972705826,4.130431652069092,640404000
2017-07-27 00:00:00-04:00,4.155373728973978,4.166980447147414,3.8908936811547505,3.994117498397827,782856000
2017-07-28 00:00:00-04:00,3.9583102375148016,4.084006355528141,3.933368886750172,4.059558391571045,513348000
2017-07-31 00:00:00-04:00,4.073141623947934,4.109195845052216,3.9664607699993133,4.013133525848389,559672000
2017-08-01 00:00:00-04:00,4.003748938969855,4.063757028387443,3.9758442023922833,4.062028408050537,431384000
2017-08-02 00:00:00-04:00,4.093143549494111,4.097094412063654,3.9825113903147153,4.059558391571045,478444000
2017-08-03 00:00:00-04:00,4.059066293681816,4.114876252052725,4.042026897163777,4.111172199249268,442420000
2017-08-04 00:00:00-04:00,4.133891751267422,4.199826633746278,4.111172866233416,4.129199981689453,589096000
2017-08-07 00:00:00-04:00,4.158337399531393,4.25662193346061,4.148706112451636,4.256128311157227,717412000
2017-08-08 00:00:00-04:00,4.294158626011715,4.310703925027022,4.166240248357025,4.205504894256592,755336000
2017-08-09 00:00:00-04:00,4.159325734161163,4.252671703880466,4.140557721539189,4.250202178955078,530784000
2017-08-10 00:00:00-04:00,4.251437222404755,4.2637848485317695,4.0580780602920905,4.068202972412109,1328088000
2017-08-11 00:00:00-04:00,3.880522466180973,3.926454545026038,3.776064108575968,3.8513827323913574,1497196000
2017-08-14 00:00:00-04:00,3.9429999794579844,4.1622886463986,3.931393495572367,4.1585845947265625,1279020000
2017-08-15 00:00:00-04:00,4.16377131114314,4.189947431428555,4.089193342931547,4.123518943786621,764532000
2017-08-16 00:00:00-04:00,4.138582554759038,4.162042336530423,4.045977483694563,4.078327178955078,596632000
2017-08-17 00:00:00-04:00,4.06993074084869,4.08696966061312,3.9852278803053025,3.987450122833252,525444000
2017-08-18 00:00:00-04:00,4.041779067791326,4.058818460017149,3.942259286049125,3.9881913661956787,601204000
2017-08-21 00:00:00-04:00,4.012639241155772,4.023998678707914,3.8862024414282788,3.930158853530884,623672000
2017-08-22 00:00:00-04:00,3.9667387413355506,4.023586402051,3.9474599140991553,4.0176544189453125,450456000
2017-08-23 00:00:00-04:00,3.9842871011938485,4.109104814444772,3.975635920502036,4.097982406616211,579520000
2017-08-24 00:00:00-04:00,4.130114134391156,4.134563475300052,4.05645958092822,4.0829057693481445,469700000
2017-08-25 00:00:00-04:00,4.107129351479917,4.117263178380707,4.042372047869937,4.048798561096191,357200000
2017-08-28 00:00:00-04:00,4.067828623553394,4.080681173819637,4.012216581879429,4.077467918395996,389496000
2017-08-29 00:00:00-04:00,4.018642351923533,4.092544384474126,4.010485700648413,4.070793628692627,324096000
2017-08-30 00:00:00-04:00,4.090567139404684,4.1061388868543895,4.060166144043081,4.0950164794921875,384400000
2017-08-31 00:00:00-04:00,4.115285112809774,4.191905906587563,4.107870486222906,4.187951564788818,612684000
2017-09-01 00:00:00-04:00,4.200555465935948,4.248752405830108,4.191904285881978,4.213160514831543,445432000
2017-09-05 00:00:00-04:00,4.161751312112254,4.166694710056446,4.042618533084498,4.100701808929443,695364000
2017-09-06 00:00:00-04:00,4.133574754177501,4.147415890519123,4.063380015792121,4.098229885101318,397672000
2017-09-07 00:00:00-04:00,4.115038169391869,4.149641017988595,4.076975035935469,4.117262840270996,352868000
2017-09-08 00:00:00-04:00,4.105645575072986,4.1204752988071345,4.021609688198777,4.045831680297852,498856000
2017-09-11 00:00:00-04:00,4.091558269313617,4.187705172471604,4.086120341371556,4.177076816558838,567444000
2017-09-12 00:00:00-04:00,4.201792751355673,4.201792751355673,4.126902099126856,4.192153453826904,411488000
2017-09-13 00:00:00-04:00,4.1669419164181765,4.2398553892084845,4.134563742786708,4.2109375,580960000
2017-09-14 00:00:00-04:00,4.171885856456551,4.265066990929506,4.147416833838155,4.186963081359863,513712000
2017-09-15 00:00:00-04:00,4.27248123195635,4.4516754150390625,4.2672908051163105,4.4516754150390625,1364792000
2017-09-18 00:00:00-04:00,4.575997947849592,4.725779674389824,4.569077380475243,4.63556432723999,1684460000
2017-09-19 00:00:00-04:00,4.5851441610398975,4.692413449596842,4.563146369245697,4.630622386932373,874280000
2017-09-20 00:00:00-04:00,4.634328736480034,4.681784123198814,4.553011598003047,4.593299388885498,724920000
2017-09-21 00:00:00-04:00,4.4894903459717135,4.515689973257193,4.389883205172894,4.467740058898926,1075600000
2017-09-22 00:00:00-04:00,4.45637124946003,4.506051312633213,4.414353311381777,4.424239635467529,491232000
2017-09-25 00:00:00-04:00,4.393344291584329,4.3945803767898095,4.205746911661471,4.226508617401123,874580000
2017-09-26 00:00:00-04:00,4.3612135911193555,4.416331116893079,4.210443237849923,4.250236511230469,1125620000
2017-09-27 00:00:00-04:00,4.340699393307512,4.3567652043959955,4.269763078853001,4.343418121337891,713720000
2017-09-28 00:00:00-04:00,4.350585849123967,4.354540662740098,4.294726758581375,4.342182636260986,435244000
2017-09-29 00:00:00-04:00,4.426217862649741,4.442283200341749,4.380986662906221,4.418555736541748,619092000
2017-10-02 00:00:00-04:00,4.468729272424311,4.497894659191236,4.37480707218205,4.424239635467529,503480000
2017-10-03 00:00:00-04:00,4.430418191566858,4.463291358986868,4.389141814537612,4.433384418487549,390332000
2017-10-04 00:00:00-04:00,4.439563458508529,4.492703800713125,4.40298297862558,4.470458984375,427848000
2017-10-05 00:00:00-04:00,4.494929203797818,4.498389488173341,4.43808106864914,4.467988014221191,437364000
2017-10-06 00:00:00-04:00,4.44030677315912,4.494435721963968,4.42424096134818,4.481088638305664,318800000
2017-10-09 00:00:00-04:00,4.51791441124652,4.615297358525602,4.499129878558897,4.58217716217041,563492000
2017-10-10 00:00:00-04:00,4.731465463090578,4.7690345371685625,4.628398009299463,4.669674396514893,974876000
2017-10-11 00:00:00-04:00,4.686232530384641,4.7208358354460325,4.640260261618932,4.719352722167969,529508000
2017-10-12 00:00:00-04:00,4.722816119632044,4.772496204350652,4.694392277344566,4.721580505371094,528292000
2017-10-13 00:00:00-04:00,4.783863778259172,4.819702706398278,4.7369029118303905,4.809568881988525,628728000
2017-10-16 00:00:00-04:00,4.8394764407613815,4.895088496406322,4.776202258719652,4.892122268676758,576640000
2017-10-17 00:00:00-04:00,4.871358638849155,4.916095294220722,4.853068636968668,4.88767147064209,478596000
2017-10-18 00:00:00-04:00,4.8965705859627775,4.897311671311704,4.77817890147341,4.88347053527832,567316000
2017-10-19 00:00:00-04:00,4.805861099874795,4.89385131228924,4.7566755677346135,4.888908386230469,570772000
2017-10-20 00:00:00-04:00,4.905963144332622,4.9331508896875915,4.857765722372608,4.866663932800293,451620000
2017-10-23 00:00:00-04:00,4.888413975831951,4.914860634454753,4.839475470957099,4.859743118286133,428696000
2017-10-24 00:00:00-04:00,4.868888873217971,4.912389932409509,4.842936737661274,4.9106597900390625,407244000
2017-10-25 00:00:00-04:00,4.871111906935233,4.92400521713685,4.7250379685476345,4.786581516265869,828160000
2017-10-26 00:00:00-04:00,4.814264385540183,4.848372693969181,4.790289428269861,4.836756229400635,322744000
2017-10-27 00:00:00-04:00,4.8889076901440465,4.989503410399209,4.862955092746071,4.989256381988525,572192000
2017-10-30 00:00:00-04:00,4.989258050626978,5.093808146132519,4.973439269915672,5.038196563720703,504056000
2017-10-31 00:00:00-04:00,5.070080797332855,5.138297905878355,5.064395841858883,5.1116042137146,411908000
2017-11-01 00:00:00-04:00,5.1743833505582595,5.189707601673878,5.056980239591658,5.121243000030518,502576000
2017-11-02 00:00:00-04:00,5.091583879025172,5.136320549994851,5.033500126740225,5.0901007652282715,342308000
2017-11-03 00:00:00-04:00,5.121243523257921,5.158071041107178,5.0752712366425525,5.158071041107178,353640000
2017-11-06 00:00:00-05:00,5.121242115432029,5.1899537336810155,5.108884093855797,5.181303024291992,389944000
2017-11-07 00:00:00-05:00,5.204042985084816,5.26212673051654,5.191931990505397,5.2406229972839355,427700000
2017-11-08 00:00:00-05:00,5.236174228350697,5.239882012476638,5.1222318771614415,5.169687271118164,522988000
2017-11-09 00:00:00-05:00,5.073540082121315,5.099739240695399,4.952429670114966,5.074775695800781,978564000
2017-11-10 00:00:00-05:00,5.266575242210364,5.404740042414641,5.230736317828275,5.342207431793213,1253256000
2017-11-13 00:00:00-05:00,5.3422081971421616,5.367665801951592,5.240129335139779,5.255453586578369,582376000
2017-11-14 00:00:00-05:00,5.264597774774225,5.309087410456385,5.220849695877215,5.293763160705566,529292000
2017-11-15 00:00:00-05:00,5.238645277114422,5.23988136214578,5.13607237664236,5.189953804016113,501948000
2017-11-16 00:00:00-05:00,5.264104969167741,5.294258947504216,5.221345465344048,5.23024320602417,441768000
2017-11-17 00:00:00-05:00,5.287337571321637,5.322681971568713,5.208986645299419,5.224063396453857,515664000
2017-11-20 00:00:00-05:00,5.239633540023683,5.303402229441328,5.202806034064232,5.291291236877441,396100000
2017-11-21 00:00:00-05:00,5.331086199890312,5.351600879557124,5.299202080717928,5.339983940124512,399176000
2017-11-22 00:00:00-05:00,5.367189641320873,5.367189641320873,5.283342591012531,5.315990924835205,356640000
2017-11-24 00:00:00-05:00,5.332316111591469,5.367190667835818,5.307829620663328,5.366200923919678,180752000
2017-11-27 00:00:00-05:00,5.3748573916107425,5.3760938637052185,5.293236080699681,5.296451568603516,422896000
2017-11-28 00:00:00-05:00,5.301647382222257,5.3110461772687225,5.150525061026423,5.2116169929504395,512752000
2017-11-29 00:00:00-05:00,5.194304821716072,5.197025439310402,4.729807604548396,4.858175277709961,1396788000
2017-11-30 00:00:00-05:00,4.926931680079639,5.013004476921435,4.863861226326487,4.9642791748046875,823768000
2017-12-01 00:00:00-05:00,4.929653330615445,4.949935062021194,4.76047551742671,4.889337539672852,811548000
2017-12-04 00:00:00-05:00,4.947956192457626,4.954139969512515,4.563349130494836,4.61677360534668,1240844000
2017-12-05 00:00:00-05:00,4.511408966446616,4.766165237909764,4.466394006874949,4.643486499786377,981488000
2017-12-06 00:00:00-05:00,4.5930294561221645,4.702846700784355,4.571758450621041,4.681081295013428,467032000
2017-12-07 00:00:00-05:00,4.747861748625717,4.788425215822602,4.70235191985506,4.748603820800781,542600000
2017-12-08 00:00:00-05:00,4.798565448628965,4.817610709129052,4.727827527077702,4.736237049102783,466876000
2017-12-11 00:00:00-05:00,4.7503336019845355,4.8176092865637425,4.734504306645802,4.814640998840332,372748000
2017-12-12 00:00:00-05:00,4.771110093184248,4.794359635551354,4.696661834545463,4.720158576965332,455016000
2017-12-13 00:00:00-05:00,4.761217646632164,4.762454118967764,4.597481064500301,4.604901313781738,554280000
2017-12-14 00:00:00-05:00,4.59847081925379,4.68305997161701,4.565822473799072,4.612074375152588,438164000
2017-12-15 00:00:00-05:00,4.656100383649034,4.758250177956503,4.591050894950102,4.737968444824219,670036000
2017-12-18 00:00:00-05:00,4.778530528837241,4.897746544795674,4.748850478708004,4.894778728485107,477704000
2017-12-19 00:00:00-05:00,4.885379906052967,4.890573938381679,4.822061774255045,4.850505352020264,373100000
2017-12-20 00:00:00-05:00,4.889833063211303,4.898984186169796,4.81192208745514,4.867572784423828,288820000
2017-12-21 00:00:00-05:00,4.8710352838714135,4.8960161785593925,4.836655594688909,4.845065116882324,300904000
2017-12-22 00:00:00-05:00,4.808211354220848,4.839128350247913,4.730300392140985,4.8297295570373535,466276000
2017-12-26 00:00:00-05:00,4.774326231978968,4.89106884313175,4.744398507102132,4.883401393890381,355080000
2017-12-27 00:00:00-05:00,4.870045107920164,4.9459770501958324,4.855452282735559,4.876722812652588,329488000
2017-12-28 00:00:00-05:00,4.900466992547209,4.931383985559878,4.876228175698593,4.882411479949951,240248000
2017-12-29 00:00:00-05:00,4.908628872856977,4.908628872856977,4.785950183868408,4.785950183868408,279964000
2018-01-02 00:00:00-05:00,4.842343573601398,4.934352965303575,4.810684975915074,4.930642604827881,355616000
2018-01-03 00:00:00-05:00,5.048126353979051,5.285569094933974,5.0394696340659095,5.255146503448486,914704000
2018-01-04 00:00:00-05:00,5.336521460300877,5.393161425580931,5.260589034624298,5.282849311828613,583268000
2018-01-05 00:00:00-05:00,5.2976889693586555,5.364964190538547,5.220767283635292,5.3276166915893555,580124000
2018-01-08 00:00:00-05:00,5.451284365189881,5.565058671588428,5.406268948429828,5.49085807800293,881216000
2018-01-09 00:00:00-05:00,5.49629953720713,5.535873251654687,5.407753315749029,5.489374160766602,497000000
2018-01-10 00:00:00-05:00,5.396871366253927,5.5358742641709755,5.342457616875185,5.532411575317383,582664000
2018-01-11 00:00:00-05:00,5.565059190537889,5.5964710579934325,5.520785841630961,5.542304515838623,406032000
2018-01-12 00:00:00-05:00,5.530432038224221,5.564811720459404,5.474534154581258,5.515097141265869,359916000
2018-01-16 00:00:00-05:00,5.541562442933157,5.627140380774399,5.359523158343446,5.4441118240356445,702348000
2018-01-17 00:00:00-05:00,5.458705379330703,5.5680277503853945,5.364717908025741,5.55813455581665,538408000
2018-01-18 00:00:00-05:00,5.538841414707218,5.605622238926741,5.507677218773806,5.55120849609375,408632000
2018-01-19 00:00:00-05:00,5.641486898906177,5.715687511139362,5.614527459494597,5.69144868850708,609380000
2018-01-22 00:00:00-05:00,5.699361963687855,5.781724878144168,5.641732737927387,5.779993534088135,550944000
2018-01-23 00:00:00-05:00,5.833418651865187,5.931858545741773,5.814868737086514,5.909103870391846,475228000
2018-01-24 00:00:00-05:00,5.912320084734769,5.948183921030384,5.776532661931998,5.832183361053467,579972000
2018-01-25 00:00:00-05:00,5.886596287104876,5.929880367774679,5.830946067574487,5.845786094665527,409884000
2018-01-26 00:00:00-05:00,5.889565795857622,6.0186750489878,5.8767043105789805,6.018427848815918,516356000
2018-01-29 00:00:00-05:00,6.0038333900438,6.136652968499884,5.951150990605965,6.105488300323486,455116000
2018-01-30 00:00:00-05:00,5.963516946823447,6.094852366744296,5.896736128879447,6.003337860107422,570832000
2018-01-31 00:00:00-05:00,6.078775769304775,6.165343449134933,6.046127430329369,6.079517841339111,478576000
2018-02-01 00:00:00-05:00,5.899457549190189,6.106725407499332,5.888080211237556,5.948430061340332,519224000
2018-02-02 00:00:00-05:00,5.861862542521918,5.885854161251027,5.717665630048676,5.775789260864258,718464000
2018-02-05 00:00:00-05:00,5.6145259689234885,5.768616057933266,5.070386717820856,5.285569190979004,1165204000
2018-02-06 00:00:00-05:00,5.0555472501883925,5.582372647388103,5.045653585158281,5.579404830932617,1114800000
2018-02-07 00:00:00-05:00,5.67833815106455,5.811652103774756,5.607105379003594,5.659045696258545,802932000
2018-02-08 00:00:00-05:00,5.784694672997276,5.817837418773246,5.379805371467333,5.3800530433654785,1144000000
2018-02-09 00:00:00-05:00,5.892779779480431,5.908609078045343,5.3800523158106355,5.74017333984375,1674604000
2018-02-12 00:00:00-05:00,5.8213004600270075,5.824268748936401,5.5658025861952085,5.640003204345703,1093172000
2018-02-13 00:00:00-05:00,5.60364446476763,5.800029404022314,5.57124332036442,5.753777503967285,625524000
2018-02-14 00:00:00-05:00,5.713460708297483,6.000123180949281,5.702330571348131,5.971184730529785,744988000
2018-02-15 00:00:00-05:00,6.054537463066722,6.143083694639393,5.973658680822752,6.096831798553467,698900000
2018-02-16 00:00:00-05:00,6.06962463506035,6.183398949284349,6.02188859892142,6.031040191650391,637656000
2018-02-20 00:00:00-05:00,6.053548854452114,6.229652064691259,6.049838493559917,6.160645484924316,686240000
2018-02-21 00:00:00-05:00,6.225199001426122,6.232124378191006,5.969700717904778,5.973410606384277,892292000
2018-02-22 00:00:00-05:00,6.00731737886064,6.079089142969414,5.927378220905323,5.992962837219238,534364000
2018-02-23 00:00:00-05:00,6.0528550036758855,6.086513519287109,6.002119640516149,6.086513519287109,415300000
2018-02-26 00:00:00-05:00,6.132795208711995,6.13724993665309,6.040233920844904,6.102601528167725,469312000
2018-02-27 00:00:00-05:00,6.075871858640661,6.160266218987647,6.0667150495368265,6.089731693267822,455436000
2018-02-28 00:00:00-05:00,6.100620251009434,6.140218560315165,5.977617949622982,5.989250183105469,523116000
2018-03-01 00:00:00-05:00,5.987024078563141,6.040976941881231,5.645735811281664,5.746959209442139,1040120000
2018-03-02 00:00:00-05:00,5.639299681311625,5.86055570473037,5.490558424999298,5.85412073135376,913428000
2018-03-05 00:00:00-05:00,5.803880290884585,5.871692501851204,5.680382809884366,5.832094192504883,620776000
2018-03-06 00:00:00-05:00,5.917478059153266,6.012514286430022,5.874414908808059,5.9932098388671875,636808000
2018-03-07 00:00:00-05:00,5.890254296001026,6.037510960232974,5.889017055281454,5.98529052734375,581208000
2018-03-08 00:00:00-05:00,6.01276119715255,6.01276119715255,5.924654657018195,5.9689555168151855,411912000
2018-03-09 00:00:00-05:00,6.016473297892511,6.084532857668971,6.000386810414708,6.071663856506348,505524000
2018-03-12 00:00:00-04:00,6.112996093930904,6.261489543946095,6.104828699273519,6.181303024291992,605060000
2018-03-13 00:00:00-04:00,6.224117756505695,6.298612294504504,6.089235867384114,6.130566596984863,619772000
2018-03-14 00:00:00-04:00,6.1736298669081595,6.200853882211933,6.093690713218022,6.156058311462402,505496000
2018-03-15 00:00:00-04:00,6.169670733486757,6.252084374058648,6.128834707788433,6.170907974243164,401952000
2018-03-16 00:00:00-04:00,6.1872414117912955,6.218177618850252,6.149622878268615,6.199120998382568,399456000
2018-03-19 00:00:00-04:00,6.142199564121995,6.171155530443499,5.865506072277808,5.964501857757568,713772000
2018-03-20 00:00:00-04:00,5.967472405173385,6.215704675062027,5.967472405173385,6.176848888397217,554696000
2018-03-21 00:00:00-04:00,6.1704110603144855,6.2367386642130285,6.121160772807926,6.151602268218994,438688000
2018-03-22 00:00:00-04:00,6.088245483472266,6.134773469690039,5.94816634537023,5.985537052154541,551196000
2018-03-23 00:00:00-04:00,5.999150078220194,6.001625031786414,5.754630519286878,5.765767574310303,735620000
2018-03-26 00:00:00-04:00,5.890253753493219,6.051864472203519,5.838281151174011,6.0506272315979,611424000
2018-03-27 00:00:00-04:00,6.13155594922206,6.187241214562935,5.441060075142339,5.581386566162109,1409000000
2018-03-28 00:00:00-04:00,5.54698584243054,5.677165174789273,5.370525875122607,5.478183746337891,945904000
2018-03-29 00:00:00-04:00,5.5464906207902365,5.82838132965684,5.462096744547547,5.7316131591796875,916628000
2018-04-02 00:00:00-04:00,5.66108019627433,5.807346527905864,5.382901604968546,5.470760345458984,922092000
2018-04-03 00:00:00-04:00,5.637814124095262,5.700923774089486,5.478183194278841,5.577178955078125,667432000
2018-04-04 00:00:00-04:00,5.3212743690826425,5.609600013012482,5.296277958131987,5.599205493927002,789168000
2018-04-05 00:00:00-04:00,5.6576127606993545,5.670729585698333,5.4074008387634365,5.4789252281188965,701240000
2018-04-06 00:00:00-04:00,5.376219369782372,5.484372451190356,5.273263550114404,5.302467346191406,662988000
2018-04-09 00:00:00-04:00,5.3655773378003895,5.493529575297329,5.3111292959425995,5.331176280975342,499524000
2018-04-10 00:00:00-04:00,5.561588465540888,5.667513930556849,5.504418123093204,5.640537738800049,761676000
2018-04-11 00:00:00-04:00,5.625686971046727,5.667017693710139,5.566536870501491,5.599205493927002,460244000
2018-04-12 00:00:00-04:00,5.692262497686953,5.8239269021925875,5.647961634596528,5.806107521057129,593920000
2018-04-13 00:00:00-04:00,5.869712846617313,5.878127594411224,5.681125914781684,5.729386329650879,503036000
2018-04-16 00:00:00-04:00,5.7360675774175425,5.762549056584677,5.634844213298298,5.729137897491455,350792000
2018-04-17 00:00:00-04:00,5.7813588266295435,5.900153754616678,5.725673556620236,5.878869533538818,447224000
2018-04-18 00:00:00-04:00,5.8283824955575785,5.921191137028554,5.760818099125385,5.849914073944092,391364000
2018-04-19 00:00:00-04:00,5.7355734454240865,5.768984610618975,5.613066311758625,5.668503761291504,471996000
2018-04-20 00:00:00-04:00,5.659841314941231,5.744235196910621,5.629152930983607,5.660336494445801,386200000
2018-04-23 00:00:00-04:00,5.678156479108675,5.7293865570892635,5.514813312121444,5.540799617767334,427508000
2018-04-24 00:00:00-04:00,5.566537659764315,5.662563298080943,5.409134312946281,5.474471569061279,414596000
2018-04-25 00:00:00-04:00,5.444773516219065,5.4838771237901085,5.204708672032556,5.362112045288086,588492000
2018-04-26 00:00:00-04:00,5.523970326268744,5.5821305599598805,5.457890523713278,5.573963165283203,375824000
2018-04-27 00:00:00-04:00,5.67988928146172,5.699688440244736,5.559114082450897,5.601434707641602,400848000
2018-04-30 00:00:00-04:00,5.6177681530694885,5.667513632097415,5.546738923890577,5.566042900085449,327844000
2018-05-01 00:00:00-04:00,5.557875156683917,5.624202294897552,5.499219759428142,5.6214799880981445,253788000
2018-05-02 00:00:00-04:00,5.618015644487241,5.6625633881431146,5.574704669418946,5.60093879699707,268248000
2018-05-03 00:00:00-04:00,5.6328652252128135,5.7924961835716315,5.58757447363005,5.766262054443359,443144000
2018-05-04 00:00:00-04:00,5.737554167195373,5.919706611417845,5.720229962780056,5.916489124298096,400660000
2018-05-07 00:00:00-04:00,6.021177077515477,6.211744261362758,6.011277262851083,6.154573917388916,687616000
2018-05-08 00:00:00-04:00,6.154820558214615,6.1998639544415015,6.105817614219929,6.197141647338867,506616000
2018-05-09 00:00:00-04:00,6.217188770098955,6.332518871085934,6.18996475228561,6.330291271209717,596760000
2018-05-10 00:00:00-04:00,6.383254740615606,6.447106944149357,6.3654353563564765,6.437950134277344,994080000
2018-05-11 00:00:00-04:00,6.256044995522661,6.429535338883481,6.200607540963543,6.299355506896973,1214456000
2018-05-14 00:00:00-04:00,6.3374682488073395,6.397360894172723,6.296137518045414,6.319896221160889,523140000
2018-05-15 00:00:00-04:00,6.256290775132692,6.259013554061855,5.9768750285083865,6.077355861663818,963528000
2018-05-16 00:00:00-04:00,6.038747870489261,6.150613118561671,6.001871868015747,6.088493347167969,553828000
2018-05-17 00:00:00-04:00,6.090225754313312,6.224365110225723,6.0741387935788795,6.130566596984863,519784000
2018-05-18 00:00:00-04:00,6.182539273897713,6.245896281716287,6.08181061455967,6.086760520935059,483716000
2018-05-21 00:00:00-04:00,6.1842741436789,6.187986338906414,5.951880998222189,6.044689655303955,640624000
2018-05-22 00:00:00-04:00,6.058053491203123,6.0832972650127655,5.945940395645939,6.006575584411621,518264000
2018-05-23 00:00:00-04:00,5.950359357436825,6.131386412094131,5.949616365024525,6.130147933959961,442956000
2018-05-24 00:00:00-04:00,6.126433515894501,6.176209757031659,6.0731902916867355,6.133862495422363,437372000
2018-05-25 00:00:00-04:00,6.146492435090193,6.189582216871949,6.110832105193263,6.1732378005981445,292112000
2018-05-29 00:00:00-04:00,6.155158888404806,6.224251504338621,6.1093451234433385,6.156149387359619,352684000
2018-05-30 00:00:00-04:00,6.189829753670107,6.273780333967959,6.165065388164343,6.26511287689209,390996000
2018-05-31 00:00:00-04:00,6.2331672830989024,6.319842329592206,6.222518827514763,6.245301723480225,493868000
2018-06-01 00:00:00-04:00,6.290126573712258,6.385964587381807,6.281459114122134,6.379773139953613,421968000
2018-06-04 00:00:00-04:00,6.413946154309687,6.580857289503107,6.381752809539679,6.558817386627197,642024000
2018-06-05 00:00:00-04:00,6.562037704099035,6.6019084872817375,6.517214424657898,6.564266681671143,391712000
2018-06-06 00:00:00-04:00,6.474123952940788,6.569466462872787,6.45777953616219,6.56624698638916,371356000
2018-06-07 00:00:00-04:00,6.562531876807774,6.574418810131741,6.420137128280266,6.51052713394165,369448000
2018-06-08 00:00:00-04:00,6.437720256020632,6.537767749182157,6.418899356295809,6.495173454284668,360456000
2018-06-11 00:00:00-04:00,6.482542745199356,6.524146535982598,6.441186461073363,6.454063892364502,265372000
2018-06-12 00:00:00-04:00,6.4805626730421455,6.514737017921387,6.430290946323197,6.502602577209473,319160000
2018-06-13 00:00:00-04:00,6.504087615925357,6.579123226538236,6.488981207735572,6.498144149780273,338208000
2018-06-14 00:00:00-04:00,6.543217557616359,6.666543458113852,6.528358651172918,6.609833240509033,430016000
2018-06-15 00:00:00-04:00,6.552625788546194,6.623946914483219,6.5216704502276475,6.568970203399658,432260000
2018-06-18 00:00:00-04:00,6.524889910788238,6.582343105481332,6.497649534324674,6.564760684967041,356268000
2018-06-19 00:00:00-04:00,6.461493127167712,6.528852255546637,6.315384367974092,6.442920207977295,594932000
2018-06-20 00:00:00-04:00,6.484030384896085,6.548912571227681,6.445645587882065,6.495917320251465,369780000
2018-06-21 00:00:00-04:00,6.52786285914201,6.546188274760657,6.359465718262618,6.367142677307129,359516000
2018-06-22 00:00:00-04:00,6.387944470374894,6.401317389887536,6.19924091867465,6.21459436416626,434160000
2018-06-25 00:00:00-04:00,6.108108779162439,6.111823269338518,5.832977663226141,5.921633720397949,665816000
2018-06-26 00:00:00-04:00,6.0350550016407345,6.08334527012824,5.941197983661957,5.9927077293396,478884000
2018-06-27 00:00:00-04:00,6.036291763404946,6.102659930549272,5.8319863147840545,5.837434768676758,453892000
2018-06-28 00:00:00-04:00,5.827528355566325,5.976609566993765,5.819851397276566,5.964722633361816,338012000
2018-06-29 00:00:00-04:00,6.029853447971654,6.042482903036778,5.865418302002934,5.86665678024292,392300000
2018-07-02 00:00:00-04:00,5.79706952257712,6.002612996450961,5.776515127955627,5.998898506164551,357572000
2018-07-03 00:00:00-04:00,6.033567612452645,6.039511079597147,5.856750527671003,5.865170478820801,222732000
2018-07-05 00:00:00-04:00,5.920393647272547,6.015983645604846,5.881513847234368,6.011031150817871,306216000
2018-07-06 00:00:00-04:00,5.986515725119528,6.133367976411635,5.965218339251557,6.124948024749756,296352000
2018-07-09 00:00:00-04:00,6.1992392897918664,6.208897244490519,6.09374336334398,6.1724934577941895,303880000
2018-07-10 00:00:00-04:00,6.18487750947653,6.293592467995317,6.1445117165130645,6.271552562713623,360016000
2018-07-11 00:00:00-04:00,6.1786866777837135,6.213356510940734,6.119252003313033,6.129900932312012,367508000
2018-07-12 00:00:00-04:00,6.175219267486399,6.269570802959993,6.165313331645875,6.221528053283691,345508000
2018-07-13 00:00:00-04:00,6.2401018229683665,6.2401018229683665,6.1321293830349495,6.174228668212891,246988000
2018-07-16 00:00:00-04:00,6.1464924812316895,6.19948819925772,6.134110533671712,6.1464924812316895,197036000
2018-07-17 00:00:00-04:00,6.097212655481531,6.29755565833429,6.071705291701221,6.282449245452881,362136000
2018-07-18 00:00:00-04:00,6.275019905426416,6.288887839164237,6.182153872854024,6.233168125152588,277640000
2018-07-19 00:00:00-04:00,6.214346335573463,6.275019009353435,6.199240398055209,6.241339206695557,235752000
2018-07-20 00:00:00-04:00,6.238862926998395,6.277742730053091,6.202211628685501,6.213108062744141,222352000
2018-07-23 00:00:00-04:00,6.1866118030832755,6.188345294925915,6.024653124482953,6.176458358764648,301584000
2018-07-24 00:00:00-04:00,6.224499651356877,6.311174695422711,6.141539096838967,6.159121990203857,354620000
2018-07-25 00:00:00-04:00,6.168531578662038,6.2500061370509945,6.110582904694175,6.2373762130737305,319112000
2018-07-26 00:00:00-04:00,6.217318843582493,6.347826200820082,6.20047894079517,6.310927391052246,325124000
2018-07-27 00:00:00-04:00,6.347578658049252,6.354512624489096,6.187105986093796,6.241092205047607,295420000
2018-07-30 00:00:00-04:00,6.255208389333552,6.261151856875211,6.010784644663364,6.0457024574279785,340340000
2018-07-31 00:00:00-04:00,6.035300973996818,6.138567945853582,5.996421167867475,6.063779830932617,283988000
2018-08-01 00:00:00-04:00,6.0952306145106805,6.150454836460101,6.039758413529105,6.103650093078613,283556000
2018-08-02 00:00:00-04:00,6.032329695510863,6.210384802690396,5.973390976660838,6.206422805786133,269668000
2018-08-03 00:00:00-04:00,6.23093759393367,6.266845897602898,6.214098166740072,6.243072032928467,214288000
2018-08-06 00:00:00-04:00,6.230444056525088,6.2943357425464965,6.183887287459793,6.290868759155273,207508000
2018-08-07 00:00:00-04:00,6.339654270147676,6.38175355505169,6.312908903217497,6.363180160522461,258132000
2018-08-08 00:00:00-04:00,6.364418968667249,6.444655073617178,6.329501155184957,6.39958381652832,262100000
2018-08-09 00:00:00-04:00,6.417413775105807,6.420137765858694,6.343368649667261,6.351045608520508,204280000
2018-08-10 00:00:00-04:00,6.269077168733267,6.342131808435165,6.257933224631583,6.309690475463867,256396000
2018-08-13 00:00:00-04:00,6.318355785691519,6.4634745163952845,6.316622294361868,6.342624664306641,375208000
2018-08-14 00:00:00-04:00,6.448122055799157,6.488240344436815,6.364913980863047,6.474124431610107,466220000
2018-08-15 00:00:00-04:00,6.494925503536274,6.5288528134625095,6.337177304736717,6.415927886962891,591136000
2018-08-16 00:00:00-04:00,6.485763152666279,6.488239636617308,6.315137045466194,6.375314235687256,801260000
2018-08-17 00:00:00-04:00,6.263873928214484,6.264616920472136,6.03579467109283,6.062788009643555,1143188000
2018-08-20 00:00:00-04:00,6.022177523118279,6.270315324957081,5.91172857879051,6.137578964233398,854388000
2018-08-21 00:00:00-04:00,6.15392104657034,6.2777423936951315,6.134109649924011,6.273284912109375,673988000
2018-08-22 00:00:00-04:00,6.240597200243998,6.513499320519203,6.237130217019296,6.508546352386475,749856000
2018-08-23 00:00:00-04:00,6.469912792221293,6.673475208392396,6.456044862020967,6.608097553253174,720684000
2018-08-24 00:00:00-04:00,6.6165192238577575,6.755942026773776,6.61206174118273,6.741331100463867,531512000
2018-08-27 00:00:00-04:00,6.7710457024026764,6.906753969767824,6.739595355132338,6.832461357116699,505776000
2018-08-28 00:00:00-04:00,6.826520075587775,6.84930344675736,6.6747148537193794,6.794821739196777,475384000
2018-08-29 00:00:00-04:00,6.78714101562658,6.925401401547476,6.766327735995347,6.900375843048096,420108000
2018-08-30 00:00:00-04:00,6.869154573650508,6.980407304783132,6.846606856929875,6.883525848388672,346608000
2018-08-31 00:00:00-04:00,6.863456099034216,6.967522958450743,6.853544744518644,6.954638481140137,306592000
2018-09-04 00:00:00-04:00,6.941504081038245,7.067127583944652,6.913009653127239,7.029465675354004,391720000
2018-09-05 00:00:00-04:00,7.011874001169976,7.047306190607914,6.817615828081681,6.89863920211792,393156000
2018-09-06 00:00:00-04:00,6.882286363197301,6.884764201661034,6.724451881112353,6.757406234741211,322796000
2018-09-07 00:00:00-04:00,6.6652320107745355,6.861720371022045,6.620384226989987,6.7360968589782715,295420000
2018-09-10 00:00:00-04:00,6.758646602916796,6.836944516541479,6.714789846698556,6.807210922241211,220140000
2018-09-11 00:00:00-04:00,6.76087524867336,6.848588747118477,6.740061972282866,6.7593889236450195,243112000
2018-09-12 00:00:00-04:00,6.71949615866583,6.739070751577165,6.4898057804866776,6.645410537719727,419092000
2018-09-13 00:00:00-04:00,6.711320236212446,6.813900298333386,6.693975838341682,6.7232136726379395,305536000
2018-09-14 00:00:00-04:00,6.81365249676912,6.915489157654957,6.776733505337165,6.849332332611084,386936000
2018-09-17 00:00:00-04:00,6.823811076112558,6.872871142771424,6.768060892954902,6.787387371063232,205528000
2018-09-18 00:00:00-04:00,6.791353010325683,6.894180721029539,6.708595179483674,6.715284824371338,299520000
2018-09-19 00:00:00-04:00,6.696701888663106,6.756912002163965,6.646650772664755,6.739071846008301,224860000
2018-09-20 00:00:00-04:00,6.616917719470367,6.659287680275883,6.543823121542967,6.597838878631592,430584000
2018-09-21 00:00:00-04:00,6.609732022878319,6.655323219682005,6.4945151113983846,6.527717113494873,435128000
2018-09-24 00:00:00-04:00,6.49674406754642,6.586935409434206,6.409526321076588,6.583466529846191,293912000
2018-09-25 00:00:00-04:00,6.649623220707947,6.67563981708598,6.5638918011010325,6.650614261627197,280388000
2018-09-26 00:00:00-04:00,6.655569332888025,6.695957200416679,6.597837069353081,6.613694667816162,268548000
2018-09-27 00:00:00-04:00,6.648880488763929,6.670189524763011,6.594121809837679,6.625589370727539,214428000
2018-09-28 00:00:00-04:00,6.757654529085127,6.985362360544119,6.729655379039907,6.963062286376953,709396000
2018-10-01 00:00:00-04:00,7.040865382597827,7.2366099137524,7.002211949586648,7.169710159301758,622060000
2018-10-02 00:00:00-04:00,7.142206321004332,7.253953861978443,7.0760494969282535,7.098349571228027,383964000
2018-10-03 00:00:00-04:00,7.168718434521968,7.176151950397197,7.0004773034940015,7.104544162750244,320552000
2018-10-04 00:00:00-04:00,7.0683697171535345,7.092651877982687,6.843139206378215,6.920198440551758,391220000
2018-10-05 00:00:00-04:00,6.895419143643328,6.957611331212744,6.629057408970548,6.68654203414917,426636000
2018-10-08 00:00:00-04:00,6.603289539176157,6.718754092631657,6.444215871082743,6.585201740264893,408612000
2018-10-09 00:00:00-04:00,6.564635074410257,6.659286333079877,6.51161084174888,6.579502105712891,273500000
2018-10-10 00:00:00-04:00,6.473454174317555,6.519293489075478,6.085433453527907,6.087663650512695,684940000
2018-10-11 00:00:00-04:00,6.000443798764614,6.13399659736038,5.804451645205954,5.826008319854736,725436000
2018-10-12 00:00:00-04:00,6.083202799380539,6.183057384780284,5.938004663016335,6.1087236404418945,608236000
2018-10-15 00:00:00-04:00,6.095342413681729,6.095342413681729,5.831210916965509,5.832201957702637,449760000
2018-10-16 00:00:00-04:00,5.944941111548904,6.102280292214973,5.89563340755599,6.091130256652832,408712000
2018-10-17 00:00:00-04:00,6.153323555981902,6.191481703959219,5.973436629401227,6.022496700286865,329668000
2018-10-18 00:00:00-04:00,6.0918758438007306,6.130281168067495,5.874574129595389,5.935031890869141,524020000
2018-10-19 00:00:00-04:00,5.990285743552187,6.009859865411411,5.641909570042972,5.678332805633545,613608000
2018-10-22 00:00:00-04:00,5.730613250881285,5.830715459456688,5.62629876450749,5.729126453399658,368844000
2018-10-23 00:00:00-04:00,5.461774613147085,5.554939551678378,5.369601188167753,5.4773850440979,626436000
2018-10-24 00:00:00-04:00,5.43897834403532,5.485560569212651,4.92706867857912,4.940944194793701,884288000
2018-10-25 00:00:00-04:00,4.8433207210259965,5.197147867784002,4.798968211260254,5.149822235107422,951720000
2018-10-26 00:00:00-04:00,4.913689463731213,5.075488602515142,4.785092797476975,4.913194179534912,664784000
2018-10-29 00:00:00-04:00,5.054427415067374,5.057896294656125,4.361143945890899,4.599258899688721,758016000
2018-10-30 00:00:00-04:00,4.622302437855948,5.0398085677156494,4.59925896344009,5.029897212982178,807192000
2018-10-31 00:00:00-04:00,5.1946691634175695,5.267516097487114,5.054922012708606,5.223906993865967,745772000
2018-11-01 00:00:00-04:00,5.260331220287718,5.413706274446903,5.133716635929045,5.404290676116943,566528000
2018-11-02 00:00:00-04:00,5.394874903025693,5.500676205311687,5.2085454970473055,5.325249195098877,452960000
2018-11-05 00:00:00-05:00,5.312116732736207,5.33540832257805,5.086390961901867,5.247199058532715,379332000
2018-11-06 00:00:00-05:00,5.239269390332155,5.323514003886086,5.19243904890752,5.2296061515808105,299012000
2018-11-07 00:00:00-05:00,5.296259229840286,5.38694586172716,5.232580237539002,5.297250270843506,483812000
2018-11-08 00:00:00-05:00,5.238031516735635,5.23877491568295,5.050463408277767,5.1039838790893555,511352000
2018-11-09 00:00:00-05:00,5.015030689281475,5.18649306303965,4.981332933626046,5.0960540771484375,413240000
2018-11-12 00:00:00-05:00,5.004624713194474,5.0266771497352885,4.674583927048334,4.6963887214660645,617116000
2018-11-13 00:00:00-05:00,4.794261336668749,5.059879258806852,4.788066502666325,4.938467979431152,644712000
2018-11-14 00:00:00-05:00,5.111664426984064,5.126035703510719,4.777907609848644,4.88593864440918,526580000
2018-11-15 00:00:00-05:00,4.879991878184203,5.086886933858384,4.844063923516315,5.0147833824157715,840708000
2018-11-16 00:00:00-05:00,4.046712975711852,4.2285819547296475,4.00434255616005,4.074216365814209,1963520000
2018-11-19 00:00:00-05:00,4.0088035902162416,4.00954651646824,3.5836160736714624,3.585350513458252,1697820000
2018-11-20 00:00:00-05:00,3.321714632562448,3.8222264811203814,3.3031313145463828,3.6938774585723877,1692032000
2018-11-21 00:00:00-05:00,3.8311457036192293,3.8479945780099936,3.558342003853464,3.585597515106201,1025496000
2018-11-23 00:00:00-05:00,3.5509092574394217,3.7065137858963713,3.5380247804519374,3.5927836894989014,411968000
2018-11-26 00:00:00-05:00,3.7139477149044446,3.8026522660284225,3.6314375245869988,3.792245626449585,814832000
2018-11-27 00:00:00-05:00,3.76622871583757,3.8903656982860073,3.7303009985391355,3.8090944290161133,738060000
2018-11-28 00:00:00-05:00,3.926788502308251,3.9713886504551135,3.794227213426952,3.9661853313446045,804524000
2018-11-29 00:00:00-05:00,3.968417477596896,4.005621296834921,3.872679485426005,3.9029386043548584,549172000
2018-11-30 00:00:00-05:00,3.912612538211649,4.0641565355152105,3.8622632112308883,4.053491592407227,729564000
2018-12-03 00:00:00-05:00,4.280930648637896,4.332520124128661,4.150468674598527,4.217435836791992,890804000
2018-12-04 00:00:00-05:00,4.172791346823809,4.17775198282243,3.8816087313312138,3.8967385292053223,812112000
2018-12-06 00:00:00-05:00,3.7561076042620014,3.9309660013234113,3.7404820267007066,3.9260056018829346,692308000
2018-12-07 00:00:00-05:00,3.9302218519288568,3.940391013741929,3.6117564500069252,3.6611135005950928,681676000
2018-12-10 00:00:00-05:00,3.616220282923262,3.7913267794565235,3.612499806513221,3.766524076461792,629472000
2018-12-11 00:00:00-05:00,3.858294333535678,3.8664791937547887,3.5963788065241387,3.675499200820923,671912000
2018-12-12 00:00:00-05:00,3.6812034607453423,3.789342810604453,3.5919141478935575,3.6931087970733643,654136000
2018-12-13 00:00:00-05:00,3.73998617791359,3.8042249028565682,3.6568974138730472,3.6928610801696777,471384000
2018-12-14 00:00:00-05:00,3.6511918989049734,3.7350247887829586,3.608779556021375,3.6323421001434326,471820000
2018-12-17 00:00:00-05:00,3.602331562420104,3.6745070207175408,3.503120968259644,3.561159133911133,662868000
2018-12-18 00:00:00-05:00,3.6050592398527033,3.7285762706664505,3.5777764546550457,3.6444954872131348,564372000
2018-12-19 00:00:00-05:00,3.6107636970349963,3.664337470245928,3.3838198356975204,3.4354093074798584,745364000
2018-12-20 00:00:00-05:00,3.4269769977528184,3.5170104585293243,3.291058600684263,3.350832939147949,749588000
2018-12-21 00:00:00-05:00,3.3773710032724535,3.4103585642891834,3.1861429203023217,3.2136738300323486,863740000
2018-12-24 00:00:00-05:00,3.1372822446667765,3.223843349659505,3.087924960820169,3.1519157886505127,463840000
2018-12-26 00:00:00-05:00,3.1980481568878547,3.302219125115036,3.086932488983673,3.30122709274292,695100000
2018-12-27 00:00:00-05:00,3.248894457391826,3.2833700762993585,3.10479118623463,3.253358840942383,637044000
2018-12-28 00:00:00-05:00,3.273944863496926,3.4076310741381386,3.232028528961884,3.3148691654205322,628728000
2018-12-31 00:00:00-05:00,3.3582732582267134,3.3907645682441743,3.280393033587043,3.3111484050750732,465140000
2019-01-02 00:00:00-05:00,3.240212864808517,3.434665180804117,3.225579321746096,3.3786113262176514,508752000
2019-01-03 00:00:00-05:00,3.3183410373543394,3.3523206330233033,3.167045205275156,3.174485921859741,705552000
2019-01-04 00:00:00-05:00,3.247653849047138,3.416063553073512,3.2168987117101215,3.3778676986694336,585620000
2019-01-07 00:00:00-05:00,3.4351613081350685,3.5936499583714645,3.3838197278328312,3.5566940307617188,709160000
2019-01-08 00:00:00-05:00,3.6382950712542437,3.6405274993467174,3.395477477177383,3.468149185180664,786016000
2019-01-09 00:00:00-05:00,3.5194902391859846,3.583729191812202,3.4688930342264457,3.536356210708618,617260000
2019-01-10 00:00:00-05:00,3.517010150374706,3.6107638433548477,3.4564916745154566,3.6020829677581787,523156000
2019-01-11 00:00:00-05:00,3.57976069591054,3.714191036653443,3.551981893109968,3.6913726329803467,874764000
2019-01-14 00:00:00-05:00,3.6390389987348835,3.756603366931574,3.6154764525090126,3.73130464553833,730168000
2019-01-15 00:00:00-05:00,3.7640438658574844,3.803480112702238,3.698813119392596,3.7171671390533447,617012000
2019-01-16 00:00:00-05:00,3.7444502236833674,3.777437552593987,3.6861641728192467,3.6916205883026123,470104000
2019-01-17 00:00:00-05:00,3.658633579118872,3.8029847332912023,3.6313505531732626,3.763052463531494,493436000
2019-01-18 00:00:00-05:00,3.8129053857820545,3.9183165287555224,3.7613159100175215,3.8922736644744873,651336000
2019-01-22 00:00:00-05:00,3.8620143565741927,3.8736715660289045,3.6596250664861136,3.6898841857910156,661552000
2019-01-23 00:00:00-05:00,3.7451942601896624,3.8339875561077594,3.6715305244271614,3.7027816772460938,591020000
2019-01-24 00:00:00-05:00,3.787359097953985,3.9324541561368935,3.782646588263696,3.914844512939453,708972000
2019-01-25 00:00:00-05:00,3.8553177023388248,3.990243822355932,3.7526350044195085,3.972137928009033,1154572000
2019-01-28 00:00:00-05:00,3.386796414700509,3.51304165926235,3.2491420865727947,3.4230082035064697,2511528000
2019-01-29 00:00:00-05:00,3.376875402585671,3.425240654474976,3.2493899982522145,3.264023542404175,1153932000
2019-01-30 00:00:00-05:00,3.340167738616822,3.4220163387716096,3.26055133000514,3.4076309204101562,974228000
2019-01-31 00:00:00-05:00,3.4044067964964397,3.601091582731897,3.382580422117589,3.565375804901123,842852000
2019-02-01 00:00:00-05:00,3.58397660766997,3.6407745995116754,3.5363557430103647,3.5896811485290527,625048000
2019-02-04 00:00:00-05:00,3.605555147350185,3.737257033404943,3.583480888086816,3.7000532150268555,528592000
2019-02-05 00:00:00-05:00,3.711958907628732,3.755859543335461,3.6782274339296945,3.719151735305786,542424000
2019-02-06 00:00:00-05:00,3.752387217596678,3.8592866547188467,3.746930801734436,3.7947998046875,702464000
2019-02-07 00:00:00-05:00,3.748418191308079,3.7506503825441935,3.6134920828137953,3.656400442123413,637120000
2019-02-08 00:00:00-05:00,3.589185849229295,3.685667993070038,3.5748004310296495,3.6750030517578125,461604000
2019-02-11 00:00:00-05:00,3.6308538149693526,3.6851714931011705,3.583976853099619,3.6323421001434326,495180000
2019-02-12 00:00:00-05:00,3.6707862586537465,3.765036203275356,3.656400605093413,3.749410390853882,591060000
2019-02-13 00:00:00-05:00,3.7789253045997975,3.864990383146511,3.7652837947443984,3.791822671890259,605372000
2019-02-14 00:00:00-05:00,3.7908313643888794,3.8610227553436935,3.7476746354114048,3.8327476978302,827264000
2019-02-15 00:00:00-05:00,4.041585796953289,4.064403966211165,3.87962476475346,3.9024431705474854,1516748000
2019-02-19 00:00:00-05:00,3.891777386361745,3.9656892446695284,3.8726794606337838,3.885080575942993,551892000
2019-02-20 00:00:00-05:00,3.9143479760498074,3.999668924051226,3.9031870186839264,3.9324538707733154,540988000
2019-02-21 00:00:00-05:00,3.9451034506667084,3.969657794034236,3.848869196173878,3.8635027408599854,448548000
2019-02-22 00:00:00-05:00,3.915340212722184,3.967177578588612,3.901698701057912,3.9483275413513184,401740000
2019-02-25 00:00:00-05:00,4.031912806750403,4.099375753632041,3.9272455627525167,3.935926675796509,656020000
2019-02-26 00:00:00-05:00,3.9312145583329268,3.9872684264060547,3.8630072254003376,3.8964908123016357,488464000
2019-02-27 00:00:00-05:00,3.8821051192475937,3.908643765848037,3.79752807020272,3.854574203491211,500256000
2019-02-28 00:00:00-05:00,3.8483671402622743,3.870712535735683,3.807649042966677,3.8299942016601562,324944000
2019-03-01 00:00:00-05:00,3.879898959981525,3.9265758618562714,3.8215528326380914,3.8843681812286377,357188000
2019-03-04 00:00:00-05:00,3.92285198543833,3.9456939100100112,3.835953271844781,3.892561674118042,409992000
2019-03-05 00:00:00-05:00,3.8769191888433885,3.9243409958729103,3.8225455236248154,3.88610577583313,362924000
2019-03-06 00:00:00-05:00,3.8771674473116255,3.885608887651994,3.7723925767842137,3.7751235961914062,403524000
2019-03-07 00:00:00-05:00,3.7515368271507064,3.7612199414627026,3.659672616147694,3.70585298538208,450104000
2019-03-08 00:00:00-05:00,3.616472008871383,3.750792528110748,3.5951196682565763,3.7401163578033447,422416000
2019-03-11 00:00:00-04:00,3.7637021128340638,4.023652779845639,3.71652846069625,4.0008111000061035,859728000
2019-03-12 00:00:00-04:00,4.0286200958173115,4.0815039517272895,3.952397550047301,4.035075664520264,579576000
2019-03-13 00:00:00-04:00,4.072566469983321,4.215824989981764,4.065117845255025,4.186527729034424,768900000
2019-03-14 00:00:00-04:00,4.195712074219609,4.20762967798521,4.1028545912356575,4.110551357269287,519384000
2019-03-15 00:00:00-04:00,4.153754443410219,4.2587777292456135,4.1502785133281,4.216073513031006,661484000
2019-03-18 00:00:00-04:00,4.2476041179479855,4.301481496222458,4.167657269650313,4.194720268249512,486992000
2019-03-19 00:00:00-04:00,4.289314761721087,4.407000528046091,4.2724318813274955,4.362557888031006,854972000
2019-03-20 00:00:00-04:00,4.391607934928252,4.444988554035962,4.295274485722533,4.330034255981445,719148000
2019-03-21 00:00:00-04:00,4.3531243914251725,4.593212621683695,4.348158642504116,4.56689453125,824312000
2019-03-22 00:00:00-04:00,4.539583079019048,4.588246084113308,4.393096825945794,4.407000541687012,747644000
2019-03-25 00:00:00-04:00,4.366283173931754,4.4305878699059855,4.248349242336388,4.314640522003174,525212000
2019-03-26 00:00:00-04:00,4.456408931021627,4.512520564193897,4.334999077129645,4.391359329223633,703508000
2019-03-27 00:00:00-04:00,4.416932349902503,4.463360629578851,4.312654000915736,4.382172584533691,474372000
2019-03-28 00:00:00-04:00,4.408241223226615,4.466587572255135,4.347660619322465,4.400793075561523,480264000
2019-03-29 00:00:00-04:00,4.467581304337597,4.482478549045732,4.417180333065205,4.458146572113037,456896000
2019-04-01 00:00:00-04:00,4.550011092074889,4.555969895340255,4.478257781102535,4.525679588317871,483824000
2019-04-02 00:00:00-04:00,4.549763636492947,4.587998862479188,4.506810806824826,4.543556213378906,440920000
2019-04-03 00:00:00-04:00,4.59321280609397,4.742181964787376,4.588247056973546,4.683090686798096,783504000
2019-04-04 00:00:00-04:00,4.667695853815542,4.716607474607564,4.611336084968943,4.674151420593262,457376000
2019-04-05 00:00:00-04:00,4.717353496990744,4.758320215194407,4.680856236945936,4.740940093994141,481744000
2019-04-08 00:00:00-04:00,4.710400549038209,4.786871454538116,4.686317193286738,4.7617950439453125,424192000
2019-04-09 00:00:00-04:00,4.728277104335816,4.739449800378888,4.656771944372109,4.69897985458374,439972000
2019-04-10 00:00:00-04:00,4.698235598368419,4.795313473862809,4.6937666140416985,4.769492149353027,444772000
2019-04-11 00:00:00-04:00,4.7719736879672165,4.8035056619107,4.7061791947358325,4.755587100982666,374600000
2019-04-12 00:00:00-04:00,4.794320362261904,4.798293055816459,4.708911476097654,4.717601299285889,471708000
2019-04-15 00:00:00-04:00,4.709904321381457,4.714870069713583,4.546038414899898,4.585763454437256,440092000
2019-04-16 00:00:00-04:00,4.62499258823764,4.691780156692433,4.592219404213458,4.672910690307617,394964000
2019-04-17 00:00:00-04:00,4.707917390906788,4.728772961994909,4.627722416203841,4.6500678062438965,351004000
2019-04-18 00:00:00-04:00,4.656772595517981,4.690786979059611,4.597681323535185,4.625488758087158,380988000
2019-04-22 00:00:00-04:00,4.601901669625881,4.6950073151784295,4.570370163769196,4.679365634918213,279936000
2019-04-23 00:00:00-04:00,4.692523857684261,4.765270684743734,4.6828409816166054,4.733986854553223,346856000
2019-04-24 00:00:00-04:00,4.744416156721069,4.787120840887699,4.683587388271962,4.746402740478516,318204000
2019-04-25 00:00:00-04:00,4.706180908550905,4.728526305627171,4.5609363011150705,4.640634536743164,499296000
2019-04-26 00:00:00-04:00,4.486699055145503,4.491168512834307,4.302722481324019,4.42164945602417,868988000
2019-04-29 00:00:00-04:00,4.429594763480281,4.480244359755262,4.357344680693302,4.452436923980713,391920000
2019-04-30 00:00:00-04:00,4.420160390904278,4.519473007890865,4.401042777248848,4.493900299072266,362920000
2019-05-01 00:00:00-04:00,4.546287875583459,4.588495797101953,4.480492881899974,4.480741500854492,354280000
2019-05-02 00:00:00-04:00,4.4904234925292155,4.589984235469842,4.4472225244143475,4.548273086547852,394684000
2019-05-03 00:00:00-04:00,4.556714352062512,4.566645374144554,4.482229555428202,4.543803691864014,336824000
2019-05-06 00:00:00-04:00,4.357343925793299,4.477512564245581,4.320101763110239,4.465346813201904,422176000
2019-05-07 00:00:00-04:00,4.416932561940368,4.416932561940368,4.249838860763193,4.2980055809021,555220000
2019-05-08 00:00:00-04:00,4.270446232854505,4.398311180871559,4.258528625665839,4.318116188049316,419168000
2019-05-09 00:00:00-04:00,4.2490928923196885,4.258775768295696,4.106579351013112,4.225505828857422,660248000
2019-05-10 00:00:00-04:00,4.194718909941314,4.260265255380465,4.071819275463056,4.19149112701416,569500000
2019-05-13 00:00:00-04:00,4.059405906118451,4.082496206600681,3.918133557631835,3.93402361869812,656912000
2019-05-14 00:00:00-04:00,3.973748260540364,4.058412692325528,3.9350165193845448,4.023156642913818,524880000
2019-05-15 00:00:00-04:00,3.967542040925261,3.9985772580292944,3.908202863044213,3.9620800018310547,502320000
2019-05-16 00:00:00-04:00,3.95661763445043,4.019929504292005,3.914161575876851,3.977224826812744,781088000
2019-05-17 00:00:00-04:00,3.9352655964130188,4.06462035768128,3.846877311968872,3.8863539695739746,1022068000
2019-05-20 00:00:00-04:00,3.7875381594388258,3.8426567387527273,3.742847368258921,3.7676756381988525,572064000
2019-05-21 00:00:00-04:00,3.828504749089643,3.865746918289606,3.789772760524916,3.8498568534851074,361848000
2019-05-22 00:00:00-04:00,3.8111248260367914,3.8371942952351406,3.7679236192825103,3.778848171234131,325868000
2019-05-23 00:00:00-04:00,3.716529119727499,3.716529119727499,3.5978505324485743,3.657686471939087,591844000
2019-05-24 00:00:00-04:00,3.6765557209351107,3.7118117754588904,3.597105643975533,3.603809356689453,357584000
2019-05-28 00:00:00-04:00,3.621437464615687,3.6542106457694974,3.556635775130717,3.558622121810913,428356000
2019-05-29 00:00:00-04:00,3.5109517230165816,3.5459593941093566,3.449626203076058,3.4843857288360596,559800000
2019-05-30 00:00:00-04:00,3.487617206812795,3.5234105971003316,3.4195103227205266,3.457789421081543,394300000
2019-05-31 00:00:00-04:00,3.4088225239981687,3.4761836592523614,3.3653235738134883,3.367063522338867,389720000
2019-06-03 00:00:00-04:00,3.378248477737032,3.417024670941537,3.295973577780845,3.3253042697906494,478644000
2019-06-04 00:00:00-04:00,3.389434128328296,3.5597013514676,3.367311893717556,3.5544815063476562,641836000
2019-06-05 00:00:00-04:00,3.6283050544232376,3.633773564766621,3.47543756388706,3.511728048324585,511616000
2019-06-06 00:00:00-04:00,3.5159538413949925,3.5984774087087765,3.5134681332285695,3.573869466781616,408140000
2019-06-07 00:00:00-04:00,3.579835105960226,3.650924558621682,3.560695437355066,3.6166226863861084,348856000
2019-06-10 00:00:00-04:00,3.672798448944267,3.7580563928521458,3.672798448944267,3.6894524097442627,402780000
2019-06-11 00:00:00-04:00,3.7493564693632764,3.7871384767271925,3.7075977080244504,3.747119426727295,383872000
2019-06-12 00:00:00-04:00,3.703620650101327,3.7098349210980937,3.6188600323371496,3.6340224742889404,358892000
2019-06-13 00:00:00-04:00,3.656143704834473,3.70361963176501,3.638495559336458,3.6852259635925293,308080000
2019-06-14 00:00:00-04:00,3.592014607281213,3.6163738828770646,3.5505042776963482,3.595245838165283,394428000
2019-06-17 00:00:00-04:00,3.5935062981204284,3.6419766632889448,3.5706383025540624,3.604940414428711,276040000
2019-06-18 00:00:00-04:00,3.6663350878911185,3.8554930422683817,3.6553983054453703,3.800063133239746,581920000
2019-06-19 00:00:00-04:00,3.8353604930536944,3.8467943728320138,3.779930331545137,3.806029796600342,331644000
2019-06-20 00:00:00-04:00,3.8967549987052448,3.910674583315445,3.8159713903851458,3.830388069152832,350168000
2019-06-21 00:00:00-04:00,3.8154747028637486,3.8646905854522884,3.765761489014573,3.772224187850952,434428000
2019-06-24 00:00:00-04:00,3.7936005763728993,3.824174119698981,3.746373074633373,3.7945947647094727,282948000
2019-06-25 00:00:00-04:00,3.799566620241872,3.874633300494643,3.762530374341305,3.7652645111083984,311868000
2019-06-26 00:00:00-04:00,3.892779065410122,4.019796020617831,3.879853665605232,3.958648681640625,584072000
2019-06-27 00:00:00-04:00,4.044403302576939,4.076468133037685,4.008361244095327,4.057328701019287,445440000
2019-06-28 00:00:00-04:00,4.101323742082523,4.1105208129582875,4.035454148846007,4.082184314727783,397668000
2019-07-01 00:00:00-04:00,4.289489376396016,4.323791493187272,4.092874224655424,4.130407810211182,709756000
2019-07-02 00:00:00-04:00,4.113751391097329,4.134879666896065,4.0192968806270875,4.032470703125,400228000
2019-07-03 00:00:00-04:00,4.055836971298171,4.061554147388395,3.9854932804419745,4.0453972816467285,246636000
2019-07-05 00:00:00-04:00,3.986984655114209,3.9914587399306107,3.9193746293207843,3.9827589988708496,396552000
2019-07-08 00:00:00-04:00,3.9231032997452515,3.9419943020255563,3.877615979354681,3.9076921939849854,329788000
2019-07-09 00:00:00-04:00,3.865435912295984,3.93826554406598,3.8527591808961534,3.910177707672119,342860000
2019-07-10 00:00:00-04:00,3.9536773730145622,4.0359522834702135,3.939757785077684,3.978533983230591,452076000
2019-07-11 00:00:00-04:00,4.051611891580216,4.173906093618425,4.014327212646737,4.13314151763916,682560000
2019-07-12 00:00:00-04:00,4.16097983964616,4.237289604468011,4.16097983964616,4.166199684143066,506392000
2019-07-15 00:00:00-04:00,4.187328294432923,4.203484686328365,4.129412669174534,4.157748699188232,289840000
2019-07-16 00:00:00-04:00,4.142834842943917,4.1801195164245994,4.0973472852832975,4.153026103973389,341444000
2019-07-17 00:00:00-04:00,4.1547662447151374,4.225358841247699,4.12543555137417,4.2183990478515625,348204000
2019-07-18 00:00:00-04:00,4.22883846440732,4.292968120580806,4.172165458332873,4.230081081390381,442192000
2019-07-19 00:00:00-04:00,4.26836061387203,4.274823075863089,4.1808653926520245,4.186830997467041,344896000
2019-07-22 00:00:00-04:00,4.208207535813646,4.271343003905693,4.200750411575874,4.25841760635376,315940000
2019-07-23 00:00:00-04:00,4.297691588948862,4.368283714712487,4.282031578968148,4.366295337677002,428176000
2019-07-24 00:00:00-04:00,4.409545965609027,4.446582216876238,4.3334850858832095,4.4408650398254395,366236000
2019-07-25 00:00:00-04:00,4.3993538328102915,4.412030801624404,4.286256724183369,4.309621810913086,392700000
2019-07-26 00:00:00-04:00,4.336715958950686,4.398359910323917,4.336715958950686,4.351629734039307,274160000
2019-07-29 00:00:00-04:00,4.3444214037592115,4.361572458028439,4.257175086811659,4.3454155921936035,248160000
2019-07-30 00:00:00-04:00,4.298933646248632,4.373254561900948,4.2845167293678115,4.361074924468994,197772000
2019-07-31 00:00:00-04:00,4.329506867120413,4.330501529589031,4.151534348486221,4.193790435791016,359416000
2019-08-01 00:00:00-04:00,4.204230863998588,4.294708658826143,4.0471376957794405,4.099336624145508,421212000
2019-08-02 00:00:00-04:00,4.006622791290283,4.075972797294494,3.959147073465522,4.006622791290283,428348000
2019-08-05 00:00:00-04:00,3.822931888769264,3.8241747429176027,3.7011350268343666,3.7481138706207275,589156000
2019-08-06 00:00:00-04:00,3.822931850276996,3.868419173807273,3.7391654253339617,3.7868897914886475,361272000
2019-08-07 00:00:00-04:00,3.7259913174338952,3.8371000579615493,3.708591833836798,3.8251688480377197,372560000
2019-08-08 00:00:00-04:00,3.882835571516569,3.9350342529712528,3.8254170456214323,3.933791399002075,309300000
2019-08-09 00:00:00-04:00,3.892778286822125,3.896258183223571,3.781918222068567,3.8323769569396973,341816000
2019-08-12 00:00:00-04:00,3.7801787504107307,3.832377440062938,3.742645408027716,3.764519214630127,279200000
2019-08-13 00:00:00-04:00,3.763027782098339,3.924843700068571,3.724003156043009,3.878859043121338,351956000
2019-08-14 00:00:00-04:00,3.7906183154782864,3.801803765537155,3.686469605273688,3.7302169799804688,419880000
2019-08-15 00:00:00-04:00,3.7491076511897794,3.7689928412991662,3.663601286309383,3.6979031562805176,477200000
2019-08-16 00:00:00-04:00,3.9608858540346685,4.015321351860306,3.8994900881026,3.9661056995391846,1007960000
2019-08-19 00:00:00-04:00,4.079451121846539,4.260903554972754,4.063294255469437,4.2449951171875,815112000
2019-08-20 00:00:00-04:00,4.239527011405018,4.24002434270877,4.151534928169787,4.17266321182251,463188000
2019-08-21 00:00:00-04:00,4.23878080411835,4.311361772581731,4.217155665544681,4.256180286407471,427244000
2019-08-22 00:00:00-04:00,4.265875278865638,4.308379802053075,4.223121852968047,4.26239538192749,303488000
2019-08-23 00:00:00-04:00,4.185837062708299,4.240272795106734,4.017806877452194,4.037692070007324,568056000
2019-08-26 00:00:00-04:00,4.116487909646736,4.140598761036747,4.074231812558088,4.112510681152344,318208000
2019-08-27 00:00:00-04:00,4.1507884136769855,4.15352255009961,3.9924526628185855,4.021783351898193,290968000
2019-08-28 00:00:00-04:00,3.995410231260388,4.064081888140766,3.956097827836431,4.01133394241333,255612000
2019-08-29 00:00:00-04:00,4.102895537133617,4.187491360544172,4.099412196448578,4.15514612197876,357976000
2019-08-30 00:00:00-04:00,4.201425757531302,4.251188186341283,4.149672983431224,4.1678361892700195,290616000
2019-09-03 00:00:00-04:00,4.094933402562016,4.128025136800679,4.0618416683233525,4.0847320556640625,296140000
2019-09-04 00:00:00-04:00,4.145442502641446,4.20640144477747,4.145442502641446,4.198936939239502,227728000
2019-09-05 00:00:00-04:00,4.301198863651903,4.478352390305872,4.299457193053151,4.472132205963135,695676000
2019-09-06 00:00:00-04:00,4.448743631542186,4.505721413798085,4.406943536082345,4.445011615753174,376976000
2019-09-09 00:00:00-04:00,4.476112646966244,4.577627834170293,4.474619650944815,4.49104118347168,417524000
2019-09-10 00:00:00-04:00,4.458197734852784,4.584344972709128,4.448494210687584,4.557722568511963,352812000
2019-09-11 00:00:00-04:00,4.572403722781317,4.634606524130337,4.543292667480783,4.586337089538574,361512000
2019-09-12 00:00:00-04:00,4.632864390828042,4.687602679706046,4.576881780288227,4.584843635559082,327840000
2019-09-13 00:00:00-04:00,4.518161422253573,4.555234322499528,4.48307886678458,4.526869773864746,324592000
2019-09-16 00:00:00-04:00,4.451731011272426,4.518412340103706,4.441280984150571,4.483827590942383,231832000
2019-09-17 00:00:00-04:00,4.490544364148785,4.509454067418466,4.444016604073341,4.505224227905273,223048000
2019-09-18 00:00:00-04:00,4.498257663181981,4.513932699958487,4.391517449080506,4.4781036376953125,258152000
2019-09-19 00:00:00-04:00,4.484075680881787,4.502488037803314,4.391766645437614,4.4024658203125,245476000
2019-09-20 00:00:00-04:00,4.401469402740123,4.425106291286626,4.2865186773275745,4.296719551086426,350244000
2019-09-23 00:00:00-04:00,4.296968246805867,4.395746104071105,4.293235757219954,4.350213527679443,249712000
2019-09-24 00:00:00-04:00,4.381565070699099,4.411173472299942,4.2571594795907295,4.292739391326904,317268000
2019-09-25 00:00:00-04:00,4.292241606627533,4.454217930697615,4.247455517491664,4.434561729431152,308432000
2019-09-26 00:00:00-04:00,4.424857299554162,4.43356565126637,4.361410194714277,4.412416458129883,234564000
2019-09-27 00:00:00-04:00,4.370616749844213,4.421374343214508,4.212870283772567,4.273580551147461,362056000
2019-09-30 00:00:00-04:00,4.299456898070532,4.341256989572715,4.2681063548742815,4.331055641174316,186184000
2019-10-01 00:00:00-04:00,4.354196402762323,4.503483231485267,4.32458799630651,4.329315185546875,366008000
2019-10-02 00:00:00-04:00,4.307419327002889,4.319362347473543,4.233024835426135,4.305428981781006,293372000
2019-10-03 00:00:00-04:00,4.3099074100619195,4.517415844259333,4.2795525104686165,4.511195659637451,450588000
2019-10-04 00:00:00-04:00,4.513435414565286,4.556977663150839,4.448247090814512,4.527617931365967,265524000
2019-10-07 00:00:00-04:00,4.592557274759534,4.686110151312382,4.583848920536248,4.586337089538574,480984000
2019-10-08 00:00:00-04:00,4.494524878832625,4.494524878832625,4.39151716205543,4.409680366516113,444436000
2019-10-09 00:00:00-04:00,4.486562363876093,4.545779631466559,4.457700465325438,4.496265888214111,292412000
2019-10-10 00:00:00-04:00,4.494027540963987,4.60499711314203,4.488802529033712,4.553990840911865,309124000
2019-10-11 00:00:00-04:00,4.6380893175031925,4.710990809831035,4.619179614976794,4.627639293670654,446404000
2019-10-14 00:00:00-04:00,4.618931238108376,4.661975662273685,4.587829835911095,4.641075611114502,200040000
2019-10-15 00:00:00-04:00,4.731393914693604,4.958558564443081,4.717460073817657,4.8859052658081055,664124000
2019-10-16 00:00:00-04:00,4.851817625901365,4.956816155749383,4.820716230863535,4.8321614265441895,428944000
2019-10-17 00:00:00-04:00,4.876699774250847,4.921734542177351,4.77966308037296,4.834153175354004,263436000
2019-10-18 00:00:00-04:00,4.834648884270708,4.86724327056103,4.665208569761861,4.739603042602539,307440000
2019-10-21 00:00:00-04:00,4.801059924817032,4.89038341791906,4.782150223902446,4.876947402954102,261868000
2019-10-22 00:00:00-04:00,4.9339257964596674,5.039173011599268,4.859282630531978,4.866995811462402,328720000
2019-10-23 00:00:00-04:00,4.78488783708346,4.868239351289095,4.753039942763241,4.854057312011719,279916000
2019-10-24 00:00:00-04:00,4.895360673619856,4.931687089776385,4.8612737521180795,4.898097991943359,232020000
2019-10-25 00:00:00-04:00,4.978711120260222,5.110083375816236,4.970997940515865,5.089183330535889,423092000
2019-10-28 00:00:00-04:00,5.132974228346745,5.197665189495826,5.103614502693302,5.145166397094727,330792000
2019-10-29 00:00:00-04:00,5.131233112912582,5.1377024470122485,5.029469709230531,5.048876762390137,211236000
2019-10-30 00:00:00-04:00,5.0757478159754905,5.081470651372034,4.982692300933126,5.050866603851318,205960000
2019-10-31 00:00:00-04:00,5.029966727161249,5.0508667752095455,4.92173399650424,5.0016021728515625,209732000
2019-11-01 00:00:00-04:00,4.9662720755640875,5.073012309120264,4.941142182324268,5.0406670570373535,283640000
2019-11-04 00:00:00-05:00,5.121777220494789,5.249915283589216,5.098638155943763,5.23747444152832,376716000
2019-11-05 00:00:00-05:00,5.237226297422711,5.263351356541831,5.167310324039889,5.215331077575684,300868000
2019-11-06 00:00:00-05:00,5.19119653396824,5.21682377036792,5.078484815173528,5.166066646575928,269012000
2019-11-07 00:00:00-05:00,5.252652835936469,5.267332699352385,5.138945944446692,5.183732032775879,280340000
2019-11-08 00:00:00-05:00,5.166812380027492,5.201397113707945,5.129241654466072,5.169797897338867,189100000
2019-11-11 00:00:00-05:00,5.169052222993741,5.202890464095661,5.082714712269226,5.179751396179199,243436000
2019-11-12 00:00:00-05:00,5.218067920735356,5.271313686094975,5.182985359511361,5.215331077575684,283504000
2019-11-13 00:00:00-05:00,5.183980871101624,5.211598928139418,5.123022395836919,5.189455032348633,300188000
2019-11-14 00:00:00-05:00,5.198412611316996,5.2220499803922475,5.138449302315125,5.219810485839844,518080000
2019-11-15 00:00:00-05:00,5.217569465966597,5.2693222289528805,4.992146537617741,5.080474853515625,1053628000
2019-11-18 00:00:00-05:00,5.0730108121931545,5.3083859609426165,5.07002529462621,5.281763553619385,574588000
2019-11-19 00:00:00-05:00,5.250662849078374,5.274299741945276,5.116802398533502,5.175024032592773,414564000
2019-11-20 00:00:00-05:00,5.152132842879499,5.338243388277243,5.139443325726371,5.254394054412842,472588000
2019-11-21 00:00:00-05:00,5.24991490944472,5.30564835928287,5.2078656730439254,5.2295122146606445,288388000
2019-11-22 00:00:00-05:00,5.252154894186952,5.298682652136088,5.223541666080353,5.24717903137207,224100000
2019-11-25 00:00:00-05:00,5.375316600657428,5.508928363720558,5.362378408280454,5.5039520263671875,506476000
2019-11-26 00:00:00-05:00,5.486285872903702,5.491013535503307,5.392733013680114,5.399202346801758,385244000
2019-11-27 00:00:00-05:00,5.4447685945481945,5.479129518297703,5.40766833328867,5.434061527252197,215784000
2019-11-29 00:00:00-05:00,5.4031868874035185,5.431571897040141,5.37280911407336,5.396712779998779,141556000
2019-12-02 00:00:00-05:00,5.389740478379432,5.403186407999438,5.195026681307703,5.210215091705322,372036000
2019-12-03 00:00:00-05:00,5.026456666977727,5.174608359887361,4.989107552579977,5.170624732971191,465232000
2019-12-04 00:00:00-05:00,5.254287097632951,5.276696663389698,5.185813635562805,5.214447975158691,273424000
2019-12-05 00:00:00-05:00,5.23636109694258,5.252047701798819,5.166891236253626,5.1975178718566895,184884000
2019-12-06 00:00:00-05:00,5.2667369976184775,5.315789088181378,5.256776979771886,5.282921314239502,232236000
2019-12-09 00:00:00-05:00,5.2600140330640075,5.337700462556172,5.251299254908135,5.282921314239502,211880000
2019-12-10 00:00:00-05:00,5.313049076536105,5.3797800478317575,5.260262223439952,5.327989101409912,256388000
2019-12-11 00:00:00-05:00,5.338448416087296,5.417130765714367,5.335958411203669,5.411652565002441,233796000
2019-12-12 00:00:00-05:00,5.3827687827509365,5.597402146423623,5.3738051460723835,5.579225540161133,404348000
2019-12-13 00:00:00-05:00,5.582213323376574,5.701481828588611,5.523201215688519,5.57723331451416,454704000
2019-12-16 00:00:00-05:00,5.624792525191524,5.678575302779802,5.596655896452165,5.6061177253723145,320976000
2019-12-17 00:00:00-05:00,5.624791550146132,5.7069598002511706,5.6153297228661705,5.684301376342773,321196000
2019-12-18 00:00:00-05:00,5.719160582617932,5.77518449835085,5.710694662032547,5.714678764343262,343548000
2019-12-19 00:00:00-05:00,5.749289181432347,5.876276569005392,5.744309172134621,5.862830638885498,445360000
2019-12-20 00:00:00-05:00,5.9293128979207035,5.985585678971826,5.910140382573002,5.960188388824463,603044000
2019-12-23 00:00:00-05:00,5.98882179889091,6.020942049777545,5.935786079977608,5.946492671966553,355060000
2019-12-24 00:00:00-05:00,5.931056278804286,5.958694717821281,5.896694873557232,5.941514015197754,138864000
2019-12-26 00:00:00-05:00,5.944999051768629,5.983842270475049,5.926075395866539,5.9557061195373535,182852000
2019-12-27 00:00:00-05:00,5.970894007919817,5.984339937221944,5.871545060595668,5.8979387283325195,254644000
2019-12-30 00:00:00-05:00,5.876028219260997,5.88125708699993,5.753273781481443,5.784646987915039,258056000
2019-12-31 00:00:00-05:00,5.749288373045257,5.868308013958907,5.730115862356602,5.858846187591553,231004000
2020-01-02 00:00:00-05:00,5.944749615465433,5.9736328125,5.8942039019249926,5.9736328125,237536000
2020-01-03 00:00:00-05:00,5.8538663361141605,5.921842078027287,5.828966767378084,5.878018856048584,205384000
2020-01-06 00:00:00-05:00,5.784645225991452,5.907897342251028,5.758500895259992,5.902668476104736,262636000
2020-01-07 00:00:00-05:00,5.93105540493926,6.019946626106657,5.885987411906679,5.9741315841674805,314856000
2020-01-08 00:00:00-05:00,5.9698985595931715,6.026669526686924,5.9298105764214295,5.9853363037109375,277108000
2020-01-09 00:00:00-05:00,6.071737779365594,6.1235287393009,5.997288393188556,6.0510711669921875,255112000
2020-01-10 00:00:00-05:00,6.158387881206043,6.188765179958749,6.0692477988242075,6.08344030380249,316296000
2020-01-13 00:00:00-05:00,6.166605320946719,6.299319308221867,6.14394641831155,6.274170875549316,319840000
2020-01-14 00:00:00-05:00,6.231342686960686,6.256740449054663,6.143945567222772,6.157142639160156,359088000
2020-01-15 00:00:00-05:00,6.169841288574807,6.1922508560496965,6.088668939707067,6.114564418792725,263104000
2020-01-16 00:00:00-05:00,6.16809706479141,6.204201413292285,6.144691595227749,6.198225498199463,284192000
2020-01-17 00:00:00-05:00,6.217400294817333,6.224870310160695,6.159384552918306,6.206942558288574,253792000
2020-01-21 00:00:00-05:00,6.1703397780453315,6.2071911846564385,6.13946428804467,6.173576831817627,217916000
2020-01-22 00:00:00-05:00,6.2188934248038965,6.314258278734902,6.199969768815735,6.2276082038879395,239240000
2020-01-23 00:00:00-05:00,6.267697009173925,6.304547941361352,6.178805782681503,6.296082019805908,244516000
2020-01-24 00:00:00-05:00,6.4116154221562205,6.461414566859351,6.1825402113775345,6.236821174621582,373512000
2020-01-27 00:00:00-05:00,5.932051274006698,6.031898420300931,5.782405458482182,5.980854511260986,470536000
2020-01-28 00:00:00-05:00,6.0468361096922925,6.206690752734931,5.993551070371517,6.17432165145874,310976000
2020-01-29 00:00:00-05:00,6.1598815904953055,6.195985945514617,6.073978092351439,6.1138176918029785,258848000
2020-01-30 00:00:00-05:00,6.015962322115059,6.133986072088082,5.9609347869836,6.120540142059326,290504000
2020-01-31 00:00:00-05:00,6.07472439922905,6.0866762301126505,5.845151507775654,5.886982440948486,370420000
2020-02-03 00:00:00-05:00,5.868805929212431,6.003512174356,5.862581155713993,5.984090805053711,255564000
2020-02-04 00:00:00-05:00,6.126017997292741,6.1725800839575635,6.075969999323378,6.153407096862793,271544000
2020-02-05 00:00:00-05:00,6.274418687394623,6.284627563541262,6.1603790439337205,6.243792533874512,208220000
2020-02-06 00:00:00-05:00,6.278153810000795,6.330691337585449,6.1969814681969,6.330691337585449,218284000
2020-02-07 00:00:00-05:00,6.290602989587352,6.312763695842384,6.239060896911383,6.264458656311035,189752000
2020-02-10 00:00:00-05:00,6.287117134970533,6.548561419922191,6.282137126229415,6.547814846038818,529608000
2020-02-11 00:00:00-05:00,6.656128007120676,6.785107205326592,6.594128175146473,6.670320510864258,638556000
2020-02-12 00:00:00-05:00,6.723107036093456,6.7925768783487515,6.68426382131452,6.786102771759033,374644000
2020-02-13 00:00:00-05:00,6.728087502412225,6.809508706741037,6.700697926368716,6.742280006408691,528016000
2020-02-14 00:00:00-05:00,7.152622876423473,7.344597798622967,7.121249675885906,7.21561861038208,1041924000
2020-02-18 00:00:00-05:00,7.112286642592546,7.402863978212399,7.0928652702468735,7.3844380378723145,620164000
2020-02-19 00:00:00-05:00,7.506943608409508,7.8535443889939245,7.506943608409508,7.835865497589111,694332000
2020-02-20 00:00:00-05:00,7.78780888483185,7.876201906904738,7.378959456848427,7.686468124389648,810052000
2020-02-21 00:00:00-05:00,7.574171811396702,7.5993202405337,7.237281739267085,7.322188854217529,768180000
2020-02-24 00:00:00-05:00,6.7275888556454095,7.018415013150856,6.6730590401606,6.80452823638916,856916000
2020-02-25 00:00:00-05:00,6.879724424990676,6.941724251736984,6.423068165155578,6.524907112121582,1055496000
2020-02-26 00:00:00-05:00,6.525156709028233,6.858560876852604,6.523663086167685,6.664344787597656,747732000
2020-02-27 00:00:00-05:00,6.350673186823556,6.652137326634817,6.200937857140808,6.293370246887207,906416000
2020-02-28 00:00:00-05:00,6.040737338187573,6.788168328778589,6.024044853391373,6.728622913360596,1133252000
2020-03-02 00:00:00-05:00,6.89878873568459,6.915979710688414,6.502650240529324,6.887078762054443,890744000
2020-03-03 00:00:00-05:00,6.942887779794499,7.002682212039769,6.53902576128748,6.624482154846191,652792000
2020-03-04 00:00:00-05:00,6.731862914067009,7.097854976566857,6.657119518655795,7.088387489318848,597408000
2020-03-05 00:00:00-05:00,6.888823779297959,7.055750091102028,6.764251919002502,6.808848857879639,540328000
2020-03-06 00:00:00-05:00,6.629216584058276,6.686769012290727,6.427908301491277,6.628220081329346,515412000
2020-03-09 00:00:00-04:00,5.976957260183751,6.4627876615431745,5.934104798821348,6.114983081817627,614160000
2020-03-10 00:00:00-04:00,6.391532086594382,6.504643440246582,6.128685891556987,6.504643440246582,580648000
2020-03-11 00:00:00-04:00,6.364624281880572,6.393026741013706,6.0434781911080035,6.140644073486328,499964000
2020-03-12 00:00:00-04:00,5.617194120882702,5.882781319178545,5.376521389306581,5.389227867126465,816540000
2020-03-13 00:00:00-04:00,5.74276202007019,6.004861200459015,5.471444834635262,6.0003767013549805,634836000
2020-03-16 00:00:00-04:00,5.292061312746492,5.6331393952693025,4.833387844727399,4.893182277679443,726972000
2020-03-17 00:00:00-04:00,5.005546046363473,5.5025879437557,4.758644830167573,5.413145065307617,833632000
2020-03-18 00:00:00-04:00,4.985365135334188,5.230522332215533,4.501528245405951,5.053132057189941,874268000
2020-03-19 00:00:00-04:00,5.0317063900256604,5.399691963464605,4.818190608317925,5.306014060974121,765512000
2020-03-20 00:00:00-04:00,5.456246633728977,5.738277278955275,5.110684557599857,5.126131534576416,804636000
2020-03-23 00:00:00-04:00,5.125134693446441,5.393462842251608,4.94600041247679,5.299036979675293,643876000
2020-03-24 00:00:00-04:00,5.705390865130703,6.294865164432457,5.681722383749252,6.208162784576416,1101644000
2020-03-25 00:00:00-04:00,6.323267993385222,6.52308128683838,6.070636252984593,6.119468688964844,793432000
2020-03-26 00:00:00-04:00,6.326753921929156,6.5330451285591185,6.228591543499803,6.408971786499023,696108000
2020-03-27 00:00:00-04:00,6.228592044228933,6.555468623139424,6.195705085838666,6.2966084480285645,638828000
2020-03-30 00:00:00-04:00,6.362133540899925,6.626226213040531,6.318035093260218,6.617007732391357,602252000
2020-03-31 00:00:00-04:00,6.657119521273295,6.86141775531449,6.421678799803388,6.567428112030029,949960000
2020-04-01 00:00:00-04:00,6.369357969312126,6.515854281794207,6.011338451999594,6.055934906005859,656912000
2020-04-02 00:00:00-04:00,6.085085256557243,6.378078375845307,6.037000803287421,6.364873886108398,675764000
2020-04-03 00:00:00-04:00,6.327253454830693,6.3688604075874755,5.939336907174272,6.076864242553711,663212000
2020-04-06 00:00:00-04:00,6.359143404223416,6.723889930867816,6.301590989176697,6.687016487121582,727884000
2020-04-07 00:00:00-04:00,6.908755391769929,6.932424349815086,6.4104679409355345,6.4535698890686035,784520000
2020-04-08 00:00:00-04:00,6.562693936800827,6.67580529158932,6.492684524657604,6.650890827178955,542444000
2020-04-09 00:00:00-04:00,6.776708500224342,6.799629483807528,6.488199873966407,6.551233291625977,525564000
2020-04-13 00:00:00-04:00,6.491438916265723,6.731862615031408,6.402993020401672,6.723142623901367,398408000
2020-04-14 00:00:00-04:00,6.851452439747063,7.108568661387337,6.823797471056467,7.074436187744141,530948000
2020-04-15 00:00:00-04:00,6.906261781436612,7.079915030299486,6.860917834988751,6.996950149536133,366148000
2020-04-16 00:00:00-04:00,7.1524169054427755,7.449396035261367,7.139212415682348,7.342264175415039,745620000
2020-04-17 00:00:00-04:00,7.424481375118795,7.445907841560962,7.148928719613289,7.282968044281006,539120000
2020-04-20 00:00:00-04:00,7.156403960362428,7.312367781657785,7.1073225253936565,7.151669979095459,449388000
2020-04-21 00:00:00-04:00,7.033576204088583,7.094865152928532,6.6548776560739915,6.714672088623047,735160000
2020-04-22 00:00:00-04:00,6.907009564408558,7.172098687976128,6.861416609273212,7.129245758056641,483356000
2020-04-23 00:00:00-04:00,7.171351038309507,7.303396870849358,7.050765220803668,7.075928688049316,424160000
2020-04-24 00:00:00-04:00,7.065715632736343,7.216945474052022,6.990972236041316,7.21495246887207,352328000
2020-04-27 00:00:00-04:00,7.3494893699662684,7.561510594542938,7.3248239143616605,7.401560306549072,479388000
2020-04-28 00:00:00-04:00,7.549053510070753,7.578950961537297,7.253569367828774,7.259050369262695,442904000
2020-04-29 00:00:00-04:00,7.393837210869358,7.4887610848765025,7.318595805986746,7.435942649841309,379160000
2020-04-30 00:00:00-04:00,7.381878319254462,7.435942739490698,7.268019945642717,7.2819719314575195,375916000
2020-05-01 00:00:00-04:00,7.08440116102682,7.197761528472266,6.996951761866271,7.045285701751709,342096000
2020-05-04 00:00:00-04:00,6.997948359397052,7.271010032687857,6.997948359397052,7.257307052612305,317556000
2020-05-05 00:00:00-04:00,7.3614493994172125,7.4810382658361,7.257307036200871,7.318347454071045,368896000
2020-05-06 00:00:00-04:00,7.397824969304516,7.524140832755412,7.359955015915571,7.419250965118408,323464000
2020-05-07 00:00:00-04:00,7.558520594391755,7.6589254642825635,7.507197153577241,7.595643043518066,373732000
2020-05-08 00:00:00-04:00,7.667396557180909,7.791968395559815,7.633513096976094,7.785739898681641,339216000
2020-05-11 00:00:00-04:00,7.780757553596376,8.084713168470614,7.752106085427784,8.037874221801758,469060000
2020-05-12 00:00:00-04:00,8.09567408865215,8.14450603390418,7.766057032589456,7.775773525238037,493060000
2020-05-13 00:00:00-04:00,7.890381010355033,8.050829329109863,7.568736401912575,7.753352165222168,625852000
2020-05-14 00:00:00-04:00,7.81488891062917,8.008473630563898,7.661167136150793,8.002992630004883,602312000
2020-05-15 00:00:00-04:00,7.862726236243753,8.471384033627427,7.847030251165594,8.461668014526367,987660000
2020-05-18 00:00:00-04:00,8.730493723141388,8.885959532955619,8.650767813042984,8.7202787399292,774460000
2020-05-19 00:00:00-04:00,8.760138300059495,9.056369847187431,8.732732350882651,8.775336265563965,717320000
2020-05-20 00:00:00-04:00,8.960204675919991,9.012026613882393,8.858304798384234,8.939276695251465,587536000
2020-05-21 00:00:00-04:00,9.020496173281503,9.02149220054191,8.707571589721402,8.745192527770996,761068000
2020-05-22 00:00:00-04:00,8.795021912808435,9.061855567771195,8.683406015648876,8.995333671569824,1038764000
2020-05-26 00:00:00-04:00,9.125386544080333,9.15030148573902,8.642297087651391,8.68789005279541,770780000
2020-05-27 00:00:00-04:00,8.595457785462136,8.603180799294632,7.969359535842796,8.496049880981445,1175892000
2020-05-28 00:00:00-04:00,8.383435703390523,8.730493255962074,8.350548743474556,8.457930564880371,734896000
2020-05-29 00:00:00-04:00,8.525197917241137,8.845098495483398,8.455936005852656,8.845098495483398,745256000
2020-06-01 00:00:00-04:00,8.802992840525187,8.81046684607259,8.659735048285038,8.776084899902344,389876000
2020-06-02 00:00:00-04:00,8.76612105823058,8.80698003786219,8.628344248170897,8.795021057128906,391320000
2020-06-03 00:00:00-04:00,8.792029882588343,8.835878834321488,8.67019809305456,8.739459991455078,365440000
2020-06-04 00:00:00-04:00,8.70207492248751,8.91668558094075,8.651725006237722,8.740461349487305,424280000
2020-06-05 00:00:00-04:00,8.768377201315463,8.9702750875645,8.682133973230918,8.89350414276123,481748000
2020-06-08 00:00:00-04:00,8.850879627238664,8.863342305510338,8.659948771794328,8.778844833374023,387736000
2020-06-09 00:00:00-04:00,8.773860192964165,9.08268969921707,8.725255078675085,9.019128799438477,468488000
2020-06-10 00:00:00-04:00,9.140518027892618,9.47178073884804,9.126309603717898,9.338926315307617,632180000
2020-06-11 00:00:00-04:00,9.12282104922992,9.233740523330821,8.759902882734936,8.770122528076172,583652000
2020-06-12 00:00:00-04:00,9.135282103954072,9.159958337773023,8.677395910919989,8.905964851379395,570908000
2020-06-15 00:00:00-04:00,8.789065933000863,9.154975438294219,8.717777537826242,9.146500587463379,400004000
2020-06-16 00:00:00-04:00,9.19759801956532,9.239223957820624,8.812494859745408,9.0415620803833,535716000
2020-06-17 00:00:00-04:00,9.086678294359391,9.271377344564458,9.043306612406145,9.208564758300781,408304000
2020-06-18 00:00:00-04:00,9.199591605728976,9.254926774449018,9.087425594696265,9.190618515014648,254408000
2020-06-19 00:00:00-04:00,9.215047260471296,9.416945165173768,9.199842352240486,9.23374080657959,524160000
2020-06-22 00:00:00-04:00,9.272375352100491,9.502938253996362,9.24570424774192,9.498451232910156,398468000
2020-06-23 00:00:00-04:00,9.52263014373378,9.61385864116702,9.379557007991638,9.421930313110352,375108000
2020-06-24 00:00:00-04:00,9.448099213560173,9.5281115579352,9.117334805474291,9.208065032958984,449372000
2020-06-25 00:00:00-04:00,9.327957327684826,9.476763987047814,9.154972676409493,9.461808204650879,376072000
2020-06-26 00:00:00-04:00,9.471781187625089,9.471781187625089,9.097895088113571,9.127805709838867,592084000
2020-06-29 00:00:00-04:00,9.1425134795574,9.177160247082096,8.873564119509359,9.172673225402832,342248000
2020-06-30 00:00:00-04:00,9.286333402167154,9.4979526817454,9.238974840619914,9.469537734985352,367892000
2020-07-01 00:00:00-04:00,9.492468653568054,9.547305580313063,9.385038785844408,9.501690864562988,326648000
2020-07-02 00:00:00-04:00,9.61036938337148,9.708577061539248,9.549799820444,9.583699226379395,364056000
2020-07-06 00:00:00-04:00,9.712813071914002,9.87931683601393,9.683649810979807,9.810023307800293,315892000
2020-07-07 00:00:00-04:00,9.916705084907658,10.040087225002472,9.821488770861416,9.842426300048828,357800000
2020-07-08 00:00:00-04:00,9.964063879914189,10.19462772853565,9.93589805320453,10.185653686523438,365480000
2020-07-09 00:00:00-04:00,10.349415802692523,10.538601875415175,10.203101269707208,10.477783203125,494548000
2020-07-10 00:00:00-04:00,10.557296693455065,10.623598870479052,10.347920446748354,10.448122024536133,497676000
2020-07-13 00:00:00-04:00,10.563528520174597,10.76019201639012,9.995221020865694,10.022390365600586,457076000
2020-07-14 00:00:00-04:00,10.045072232836317,10.371848863690998,9.756431950728896,10.346175193786621,542676000
2020-07-15 00:00:00-04:00,10.383317550131867,10.402011097457308,10.025881901971005,10.19687271118164,403984000
2020-07-16 00:00:00-04:00,9.985251416071625,10.176431408806087,9.866106223547893,10.104645729064941,344964000
2020-07-17 00:00:00-04:00,10.195126770130804,10.218058216221625,10.057786263235077,10.171197891235352,266284000
2020-07-20 00:00:00-04:00,10.243731145529294,10.49996771598139,10.126579866149955,10.479528427124023,284852000
2020-07-21 00:00:00-04:00,10.4817717951232,10.52863306903646,10.256194150792751,10.297820091247559,277036000
2020-07-22 00:00:00-04:00,10.336704182771602,10.571005785146562,10.260929723844729,10.407742500305176,367292000
2020-07-23 00:00:00-04:00,10.418957194978692,10.515669169926504,10.001451317679948,10.099658966064453,411660000
2020-07-24 00:00:00-04:00,9.845667030848738,10.333962172819415,9.7479585586968,10.164217948913574,473292000
2020-07-27 00:00:00-04:00,10.201856097922565,10.410733155250043,10.187398552916902,10.390543937683105,292132000
2020-07-28 00:00:00-04:00,10.34343485173329,10.351161390027361,10.178925003967013,10.185155868530273,271636000
2020-07-29 00:00:00-04:00,10.359886942044898,10.4850139034664,10.3162670800794,10.434414863586426,284508000
2020-07-30 00:00:00-04:00,10.34418240040555,10.591445892914244,10.26466922664255,10.582472801208496,308880000
2020-07-31 00:00:00-04:00,10.531872185902607,10.734519328219838,10.402009107336793,10.583219528198242,386080000
2020-08-03 00:00:00-04:00,10.700618879923569,11.065780961927628,10.683420060684766,10.977543830871582,412720000
2020-08-04 00:00:00-04:00,11.017175357152057,11.19439697265625,10.873603066434747,11.19439697265625,310336000
2020-08-05 00:00:00-04:00,11.210600048032845,11.337970010417184,11.133080799603835,11.253222465515137,249924000
2020-08-06 00:00:00-04:00,11.316035857908224,11.324261587618084,11.145544274119525,11.301828384399414,244316000
2020-08-07 00:00:00-04:00,11.278896360309812,11.470575535112687,11.004713624705154,11.166232109069824,342516000
2020-08-10 00:00:00-04:00,11.300582723450942,11.374362317462856,10.824251075939276,11.131834983825684,427796000
2020-08-11 00:00:00-04:00,11.04085548219617,11.10366902061368,10.76368139002594,10.817770957946777,354512000
2020-08-12 00:00:00-04:00,10.958103237112086,11.43293827330125,10.925699509322868,11.406268119812012,464412000
2020-08-13 00:00:00-04:00,11.511703673819799,11.686932362108776,11.322019341386563,11.40900993347168,374460000
2020-08-14 00:00:00-04:00,11.495751285443758,11.669982539129604,11.406517659061517,11.529650688171387,366436000
2020-08-17 00:00:00-04:00,11.816047596607467,12.372888957502962,11.782149143049272,12.300354957580566,621300000
2020-08-18 00:00:00-04:00,12.413018752721136,12.458882595107763,12.05034971780324,12.22433090209961,503448000
2020-08-19 00:00:00-04:00,12.259974360128647,12.278418783492699,12.062063358362275,12.10244369506836,622624000
2020-08-20 00:00:00-04:00,11.939429325314823,12.338240767774998,11.843464697983121,12.104935646057129,921388000
2020-08-21 00:00:00-04:00,12.165504965683104,12.770702245067557,12.159024030271665,12.645824432373047,999868000
2020-08-24 00:00:00-04:00,12.84548165296034,12.87414667586087,12.470348953524992,12.682467460632324,490564000
2020-08-25 00:00:00-04:00,12.593229716904341,12.723341903363368,12.536398877213394,12.712125778198242,289076000
2020-08-26 00:00:00-04:00,12.761229741625314,12.830274142421082,12.640090639658995,12.735057830810547,321244000
2020-08-27 00:00:00-04:00,12.743531848257458,12.811828883215343,12.529170363195293,12.590737342834473,317604000
2020-08-28 00:00:00-04:00,12.63735052381197,13.108945104368567,12.604946795182382,13.108695983886719,537160000
2020-08-31 00:00:00-04:00,13.14359210719414,13.534677040514696,12.999023305245077,13.334773063659668,500840000
2020-09-01 00:00:00-04:00,13.443977830239332,13.956355046153817,13.400594125677832,13.784067153930664,511316000
2020-09-02 00:00:00-04:00,14.664458260475964,14.687397515065756,13.862856005168949,14.3081636428833,874012000
2020-09-03 00:00:00-04:00,13.791796971890118,13.847397892229925,12.844335717763455,12.980720520019531,945128000
2020-09-04 00:00:00-04:00,12.749592038460333,13.139797246675267,11.673475552066272,12.588773727416992,1463684000
2020-09-08 00:00:00-04:00,11.703145145543674,12.516466374213511,11.672976377341799,11.881168365478516,795728000
2020-09-09 00:00:00-04:00,12.366864796479272,12.775021472416048,12.199064304230316,12.681023597717285,736200000
2020-09-10 00:00:00-04:00,12.954540895950682,13.030338025238507,12.13448770999816,12.278851509094238,698684000
2020-09-11 00:00:00-04:00,12.452136569849026,12.618690129674388,11.863962211216354,12.131994247436523,636928000
2020-09-14 00:00:00-04:00,13.046046349897269,13.279420328571511,12.597498188290375,12.83785343170166,1201744000
2020-09-15 00:00:00-04:00,13.24451374115688,13.263213828794731,12.793472687322039,12.956286430358887,727556000
2020-09-16 00:00:00-04:00,12.922625958236905,13.057763836586723,12.480311489398948,12.481059074401855,556384000
2020-09-17 00:00:00-04:00,12.09983169282263,12.556109680410627,12.002592371173002,12.430196762084961,792512000
2020-09-18 00:00:00-04:00,12.560098298458966,12.598744450401595,11.956715372721124,12.156679153442383,698460000
2020-09-21 00:00:00-04:00,11.893134563733792,12.489037790016651,11.872689160601308,12.48380184173584,721044000
2020-09-22 00:00:00-04:00,12.541397877002854,12.614202766450807,12.123019433247503,12.60398006439209,646452000
2020-09-23 00:00:00-04:00,12.541894102437817,12.69298994992282,12.04697102728952,12.091351509094238,647012000
2020-09-24 00:00:00-04:00,12.039990109912045,12.535910930300517,11.981895343264057,12.31500244140625,731240000
2020-09-25 00:00:00-04:00,12.414238303127778,12.849073104534877,12.213027612703083,12.839348793029785,588016000
2020-09-28 00:00:00-04:00,13.005403794853356,13.01687342228774,12.715929573108008,13.000167846679688,573808000
2020-09-29 00:00:00-04:00,12.902927120195233,13.406826917849655,12.898688903574122,13.190406799316406,621460000
2020-09-30 00:00:00-04:00,13.122341283479498,13.58609887992956,13.115110824058402,13.494344711303711,689184000
2020-10-01 00:00:00-04:00,13.721237107105244,13.725973714424095,13.424780654251391,13.578120231628418,525004000
2020-10-02 00:00:00-04:00,13.189659074965126,13.483371478430906,13.016123318906962,13.02734375,552496000
2020-10-05 00:00:00-04:00,13.200632996117005,13.607791992964229,13.187418050575868,13.606046676635742,479820000
2020-10-06 00:00:00-04:00,13.793044106666597,14.104210670180176,13.628485049255753,13.699793815612793,784420000
2020-10-07 00:00:00-04:00,13.96234019063534,14.08152102410895,13.826453781493317,13.926685333251953,418084000
2020-10-08 00:00:00-04:00,14.037389800844323,14.04686491795289,13.721237424147567,13.80177116394043,378900000
2020-10-09 00:00:00-04:00,13.730213251498366,13.787310295994764,13.624247353472542,13.725974082946777,346892000
2020-10-12 00:00:00-04:00,13.952118541331677,14.308663337547904,13.875324628716239,14.187986373901367,434744000
2020-10-13 00:00:00-04:00,14.25829869113029,14.310159788178437,13.98129084851399,14.210177421569824,344604000
2020-10-14 00:00:00-04:00,14.252314507419994,14.304424800585013,13.92269797574317,14.057586669921875,276100000
2020-10-15 00:00:00-04:00,13.773846814254172,13.968325457619041,13.730961492299683,13.932671546936035,267224000
2020-10-16 00:00:00-04:00,13.999240728293195,14.08376443369486,13.755643118281073,13.774592399597168,242392000
2020-10-19 00:00:00-04:00,13.865851976021359,13.946136535297741,13.37092777122547,13.461685180664062,298068000
2020-10-20 00:00:00-04:00,13.547203747829402,13.76287632962691,13.470908222608484,13.609038352966309,229212000
2020-10-21 00:00:00-04:00,13.588591672326533,13.754646847190026,13.441485779480162,13.488609313964844,219596000
2020-10-22 00:00:00-04:00,13.48636481407968,13.575375929533806,13.196391262624202,13.325296401977539,290480000
2020-10-23 00:00:00-04:00,13.4140596122647,13.556927293269688,13.255734231976092,13.553935050964355,233484000
2020-10-26 00:00:00-04:00,13.39112123909371,13.656161049748455,13.003659151933256,13.106134414672852,336896000
2020-10-27 00:00:00-04:00,13.270444182147015,13.406081401841833,13.156250097207291,13.360952377319336,250520000
2020-10-28 00:00:00-04:00,13.16273316986283,13.224567771667248,12.575307306098788,12.59325885772705,376520000
2020-10-29 00:00:00-04:00,12.804192335233852,13.157495644852633,12.715928806572972,12.98919677734375,320080000
2020-10-30 00:00:00-04:00,12.815661954513567,12.90193002107041,12.267131502363512,12.500506401062012,416820000
2020-11-02 00:00:00-05:00,12.62392544024339,12.802447008340529,12.361877901464268,12.547131538391113,299652000
2020-11-03 00:00:00-05:00,12.674543699956642,13.069983914905686,12.56907617274129,12.984712600708008,272900000
2020-11-04 00:00:00-05:00,13.353472486102724,13.790551981753197,13.301362194250025,13.757390022277832,410228000
2020-11-05 00:00:00-05:00,14.124656671272845,14.300684412917075,13.953614732104931,14.122162818908691,319028000
2020-11-06 00:00:00-05:00,14.072045530695522,14.54976563175647,13.85787005051959,14.523087501525879,383348000
2020-11-09 00:00:00-05:00,14.513614033050276,14.652242550245454,13.57438090955166,13.594326972961426,582976000
2020-11-10 00:00:00-05:00,13.57013997950897,13.57013997950897,12.59450453713655,12.735876083374023,644068000
2020-11-11 00:00:00-05:00,13.018870869780097,13.399102563423998,12.913652541467926,13.382147789001465,404744000
2020-11-12 00:00:00-05:00,13.442983301168894,13.729216121208879,13.280418741552245,13.420792579650879,365812000
2020-11-13 00:00:00-05:00,13.590835232650813,13.63222442842522,13.02435319155156,13.261467933654785,346312000
2020-11-16 00:00:00-05:00,13.137300842760908,13.613026466024797,13.120845412501879,13.479135513305664,413776000
2020-11-17 00:00:00-05:00,13.516284981690182,13.559917883362122,13.26819995407608,13.386383056640625,312028000
2020-11-18 00:00:00-05:00,13.429267621343687,13.569392239956434,13.149766920176896,13.392865180969238,510924000
2020-11-19 00:00:00-05:00,13.177445803828029,13.451461424973454,13.064997019946405,13.404337882995605,565936000
2020-11-20 00:00:00-05:00,13.418049613883367,13.458441080586269,13.030088182802448,13.052778244018555,341088000
2020-11-23 00:00:00-05:00,13.136054456871218,13.346739313127767,12.980720374209884,13.104887962341309,361356000
2020-11-24 00:00:00-05:00,13.107380224363606,13.12682789534089,12.850568626318196,12.923124313354492,346500000
2020-11-25 00:00:00-05:00,12.997674662309498,13.234040861068749,12.985208255185748,13.199383735656738,259916000
2020-11-27 00:00:00-05:00,13.339259406470624,13.371672826483845,13.135305672290771,13.225812911987305,167276000
2020-11-30 00:00:00-05:00,13.229556504014045,13.376662424745653,12.937588369058478,13.365691184997559,286952000
2020-12-01 00:00:00-05:00,13.456198223897989,13.492600670567453,13.192902759751606,13.35422134399414,296948000
2020-12-02 00:00:00-05:00,13.314825609971361,13.636962460883947,13.19888620899793,13.508307456970215,283360000
2020-12-03 00:00:00-05:00,13.555195421675517,13.627523281708664,13.297310856297804,13.364151000976562,199520000
2020-12-04 00:00:00-05:00,13.41652736158812,13.527763020983512,13.356919806378526,13.526017189025879,202244000
2020-12-07 00:00:00-05:00,13.568913184020339,13.698604227589136,13.467904206918686,13.574399948120117,223244000
2020-12-08 00:00:00-05:00,13.552702098421362,13.566419484311618,13.249923485723846,13.31826114654541,271920000
2020-12-09 00:00:00-05:00,13.268878196213,13.382107994100148,12.83765584064718,12.900007247924805,401300000
2020-12-10 00:00:00-05:00,12.838402193532259,13.037677200592139,12.818947827424537,12.94140625,207764000
2020-12-11 00:00:00-05:00,12.936419184318607,12.989044352991286,12.792512234091292,12.98231029510498,209264000
2020-12-14 00:00:00-05:00,13.05688317692784,13.35691791388685,13.046408186666206,13.277108192443848,270156000
2020-12-15 00:00:00-05:00,13.407795356504131,13.431987730126995,13.155397582159482,13.328734397888184,193016000
2020-12-16 00:00:00-05:00,13.39058806337064,13.40530347519391,13.181087294062046,13.211016654968262,223116000
2020-12-17 00:00:00-05:00,13.334968974802305,13.34768928452096,13.147166969072723,13.309530258178711,231384000
2020-12-18 00:00:00-05:00,13.347191096575575,13.37312930432831,13.039425218466278,13.240446090698242,342064000
2020-12-21 00:00:00-05:00,13.043664875962003,13.338212861524726,12.936669648513025,13.300552368164062,302332000
2020-12-22 00:00:00-05:00,13.287583146179635,13.305540000462525,13.022963581383005,13.24668025970459,185580000
2020-12-23 00:00:00-05:00,13.224483350450809,13.243438231121086,12.974080652394722,12.978320121765137,179144000
2020-12-24 00:00:00-05:00,13.006253772765952,13.101277447243831,12.907988654723026,12.962857246398926,97884000
2020-12-28 00:00:00-05:00,13.031444449763171,13.031444449763171,12.732906254304552,12.869330406188965,212564000
2020-12-29 00:00:00-05:00,12.894272321593707,13.041421693450266,12.811718731602479,12.91247844696045,170372000
2020-12-30 00:00:00-05:00,12.959366461277453,13.182335360915959,12.86608956368336,13.114497184753418,225396000
2020-12-31 00:00:00-05:00,13.105266388515366,13.119731577728293,12.884292641699096,13.02396011352539,192424000
2021-01-04 00:00:00-05:00,13.0730925187234,13.620039165167235,12.931679216966124,13.082320213317871,560640000
2021-01-05 00:00:00-05:00,13.06860388524186,13.411536592712226,13.055884526648745,13.372879028320312,322760000
2021-01-06 00:00:00-05:00,13.191063169496347,13.213509713488623,12.556077050807048,12.584508895874023,580424000
2021-01-07 00:00:00-05:00,12.936668993324943,13.34594427002505,12.855862198127486,13.312273979187012,461480000
2021-01-08 00:00:00-05:00,13.330729691445782,13.389089940459721,13.010991334949052,13.245182991027832,292528000
2021-01-11 00:00:00-05:00,13.386846971813764,13.92780841388026,13.330731085744576,13.589115142822266,518344000
2021-01-12 00:00:00-05:00,13.71980334218776,13.721799394028803,13.313272848685694,13.452690124511719,291476000
2021-01-13 00:00:00-05:00,13.457926830014586,13.592606091182311,13.353176927822082,13.499577522277832,210028000
2021-01-14 00:00:00-05:00,13.542725328657536,13.567416242120833,13.149163470767272,13.168866157531738,283120000
2021-01-15 00:00:00-05:00,13.196549723116833,13.29356849311666,12.81795255892683,12.828926086425781,277780000
2021-01-19 00:00:00-05:00,12.985304296764408,13.062869656264542,12.81346401640531,12.994283676147461,226188000
2021-01-20 00:00:00-05:00,13.080576159630194,13.398568704662406,13.02570757036473,13.333972930908203,258572000
2021-01-21 00:00:00-05:00,13.38659703093641,13.96596674339961,13.22149082457648,13.834529876708984,337780000
2021-01-22 00:00:00-05:00,13.707333033222323,13.808841496374997,13.594851042153074,13.679898262023926,246820000
2021-01-25 00:00:00-05:00,13.74898400757747,13.795622929284207,13.20503038482553,13.620789527893066,251112000
2021-01-26 00:00:00-05:00,13.548211950475922,13.612309188202698,13.35567096867431,13.403307914733887,163980000
2021-01-27 00:00:00-05:00,13.198544061130693,13.201287918550417,12.76333155005728,12.88703727722168,371272000
2021-01-28 00:00:00-05:00,12.965353471269063,13.308036987330382,12.929688073484057,13.019972801208496,228316000
2021-01-29 00:00:00-05:00,13.043914294173927,13.303047109788567,12.880803179158194,12.958867073059082,271552000
2021-02-01 00:00:00-05:00,13.022216870727451,13.239199509089765,12.87207438002263,13.205530166625977,217204000
2021-02-02 00:00:00-05:00,13.366895563675826,13.539732918467159,13.253914078215331,13.524519920349121,220440000
2021-02-03 00:00:00-05:00,13.603580469624617,13.89862794873789,13.48436536912123,13.498332023620605,245408000
2021-02-04 00:00:00-05:00,13.498830025741471,13.640991154206944,13.306039776722868,13.631763458251953,201340000
2021-02-05 00:00:00-05:00,13.692368440408405,13.70458926208285,13.513543901655162,13.558686256408691,169152000
2021-02-08 00:00:00-05:00,13.694614153174538,14.439339396791766,13.694614153174538,14.404422760009766,434624000
2021-02-09 00:00:00-05:00,14.306654735145537,14.548578497994217,14.18868598003047,14.229339599609375,287560000
2021-02-10 00:00:00-05:00,14.428862959758435,14.869562247760115,14.307402549093146,14.729146957397461,485352000
2021-02-11 00:00:00-05:00,14.94463383694648,15.235939405243897,14.889515029975042,15.214489936828613,450828000
2021-02-12 00:00:00-05:00,15.014220003912301,15.254896489147217,14.739873223848914,14.925681114196777,374756000
2021-02-16 00:00:00-05:00,15.028435816487407,15.335953400410864,14.91445725501292,15.293803215026855,321960000
2021-02-17 00:00:00-05:00,15.134929991195301,15.18730589383825,14.744859811683746,14.870560646057129,274756000
2021-02-18 00:00:00-05:00,14.6939814596046,14.83788841725311,14.540347317528274,14.793744087219238,233868000
2021-02-19 00:00:00-05:00,14.98877876808567,15.140916347738187,14.811451738506443,14.891012191772461,271724000
2021-02-22 00:00:00-05:00,14.73962350811679,15.09727167134146,14.290942820109487,14.321619987487793,325884000
2021-02-23 00:00:00-05:00,14.04178657942935,14.204898651589481,13.35766690280485,14.108378410339355,391780000
2021-02-24 00:00:00-05:00,14.089171448977224,14.472258259687184,13.72329273343931,14.464526176452637,448320000
2021-02-25 00:00:00-05:00,14.012105072416626,14.340572579021588,13.184827322518814,13.275859832763672,824436000
2021-02-26 00:00:00-05:00,13.71980311279555,13.821560844487381,13.329234380703218,13.681894302368164,500932000
2021-03-01 00:00:00-05:00,13.842012509605297,13.891893826047433,13.521027774822425,13.808841705322266,353184000
2021-03-02 00:00:00-05:00,13.866952013153536,13.887403456548213,13.364150575299732,13.37437629699707,264116000
2021-03-03 00:00:00-05:00,13.394329654931301,13.419519105693329,12.768320998363075,12.774307250976562,377592000
2021-03-04 00:00:00-05:00,12.770315899428576,12.944152220026167,12.055020564734834,12.340839385986328,573344000
2021-03-05 00:00:00-05:00,12.52016389869424,12.52016389869424,11.651483588073402,12.43187427520752,542840000
2021-03-08 00:00:00-05:00,12.42039875746666,12.441598005244648,11.538999263312686,11.565686225891113,543112000
2021-03-09 00:00:00-05:00,12.105586505243119,12.591097130323472,12.034730764911975,12.494793891906738,521824000
2021-03-10 00:00:00-05:00,12.814393427795936,12.953609470665365,12.432172696571852,12.442900657653809,384376000
2021-03-11 00:00:00-05:00,12.923670518936794,13.01972536123435,12.708608784554233,12.967082023620605,299916000
2021-03-12 00:00:00-05:00,12.622533710150233,12.862545184374113,12.564402667081824,12.829861640930176,243964000
2021-03-15 00:00:00-04:00,12.838593558729404,13.179898218849774,12.7412919460381,13.164429664611816,221988000
2021-03-16 00:00:00-04:00,13.329344651926235,13.485027626304356,13.090082177591285,13.264227867126465,272128000
2021-03-17 00:00:00-04:00,13.01323774943012,13.425896855949201,12.963089864162614,13.314125061035156,243864000
2021-03-18 00:00:00-04:00,13.109793117543537,13.157196204758181,12.691145634302162,12.696634292602539,293896000
2021-03-19 00:00:00-04:00,12.724077348903041,12.89522886940626,12.586857097252139,12.819632530212402,299208000
2021-03-22 00:00:00-04:00,12.886498486457057,13.367268619169927,12.880510166776348,13.159441947937012,297804000
2021-03-23 00:00:00-04:00,13.227302365531731,13.31736889353614,12.99477627565937,13.04417610168457,222048000
2021-03-24 00:00:00-04:00,13.1245111901102,13.13249529784948,12.611057589862273,12.617294311523438,245840000
2021-03-25 00:00:00-04:00,12.474087917001649,12.688900313935454,12.24705047847119,12.509764671325684,295144000
2021-03-26 00:00:00-04:00,12.528974588943232,12.830111272117746,12.348342830665764,12.813145637512207,363968000
2021-03-29 00:00:00-04:00,12.794185514614515,13.035943452984203,12.674180238583004,12.92192554473877,273520000
2021-03-30 00:00:00-04:00,12.815891667157985,12.948871000185283,12.679170110320268,12.8455810546875,200204000
2021-03-31 00:00:00-04:00,12.989038812746339,13.443113695588774,12.956105911247295,13.321112632751465,314776000
2021-04-01 00:00:00-04:00,13.544654483923086,13.84179860177439,13.48377769034229,13.78366756439209,308276000
2021-04-05 00:00:00-04:00,13.839306659309086,13.985508448590938,13.705079605163837,13.959062576293945,255672000
2021-04-06 00:00:00-04:00,13.971287991862988,14.02567681773891,13.74549827322853,13.833318710327148,191744000
2021-04-07 00:00:00-04:00,13.852527777500935,14.214540298352386,13.683622355983447,14.114744186401367,251284000
2021-04-08 00:00:00-04:00,14.22377012841011,14.442075341718546,14.220026953867254,14.28788948059082,244416000
2021-04-09 00:00:00-04:00,14.18510011806551,14.378705924651133,14.146179853718566,14.370721817016602,195172000
2021-04-12 00:00:00-04:00,14.260697120737472,15.321286270405137,14.110502810480588,15.178077697753906,869324000
2021-04-13 00:00:00-04:00,15.200532969428348,15.66808061326108,15.094997882810564,15.647622108459473,676212000
2021-04-14 00:00:00-04:00,15.593232250746235,15.688538078648913,15.196540384217835,15.245940208435059,385500000
2021-04-15 00:00:00-04:00,15.63065728288524,16.181285714351652,15.599720171280323,16.104442596435547,598480000
2021-04-16 00:00:00-04:00,16.020360431544578,16.13288219253017,15.832992303138166,15.880146980285645,335208000
2021-04-19 00:00:00-04:00,15.504911848567037,15.775360771917514,15.202028736301495,15.330516815185547,404420000
2021-04-20 00:00:00-04:00,15.292094171697295,15.465490822367883,14.932577121397259,15.140403747558594,334132000
2021-04-21 00:00:00-04:00,15.088012096231513,15.33126710571845,15.071546121611382,15.32927131652832,216776000
2021-04-22 00:00:00-04:00,15.343739757004025,15.407111053194743,14.753442105126606,14.820056915283203,277788000
2021-04-23 00:00:00-04:00,14.903885537687684,15.303820892051554,14.869955222354351,15.234212875366211,227500000
2021-04-26 00:00:00-04:00,15.154126790717857,15.44752871247168,15.094248361923539,15.44653034210205,197796000
2021-04-27 00:00:00-04:00,15.54682882255557,15.638641794870034,15.32328423569146,15.350479125976562,164572000
2021-04-28 00:00:00-04:00,15.333261415472219,15.500670709169157,15.18456419019736,15.245689392089844,209416000
2021-04-29 00:00:00-04:00,15.368688172818151,15.405113937781907,15.040856288144353,15.293591499328613,173196000
2021-04-30 00:00:00-04:00,15.143647404508394,15.333759383698991,14.966507577307341,14.978981971740723,201912000
2021-05-03 00:00:00-04:00,15.094248265783746,15.21575060520851,14.757434842200059,14.806584358215332,203912000
2021-05-04 00:00:00-04:00,14.607491783662496,14.607741138351766,13.981766646475274,14.322072982788086,405324000
2021-05-05 00:00:00-04:00,14.679093307138505,14.783381606821658,14.35824715580852,14.429102897644043,292024000
2021-05-06 00:00:00-04:00,14.46577945627516,14.541625153865507,14.189093795652102,14.493473052978516,193380000
2021-05-07 00:00:00-04:00,14.778143431585484,14.940312478044387,14.641920595032872,14.782135009765625,229328000
2021-05-10 00:00:00-04:00,14.757186181119435,14.775898251568186,14.221028877264455,14.236746788024902,268904000
2021-05-11 00:00:00-04:00,13.796892127862343,14.325564960854644,13.722044801112446,14.2771635055542,285584000
2021-05-12 00:00:00-04:00,13.981015082741427,14.231255792115324,13.681376457037262,13.730525970458984,303408000
2021-05-13 00:00:00-04:00,14.005215015396733,14.052120334371203,13.431633697301114,13.63746452331543,285404000
2021-05-14 00:00:00-04:00,13.861761588187836,14.298870847965388,13.720548789543374,14.214043617248535,258616000
2021-05-17 00:00:00-04:00,14.128214952759041,14.14043999222219,13.82533281894581,14.136697769165039,216980000
2021-05-18 00:00:00-04:00,14.237993586286228,14.374964486416372,13.975527811191622,13.98725414276123,186256000
2021-05-19 00:00:00-04:00,13.538916931172977,14.050874410619864,13.515714575076466,14.037152290344238,344000000
2021-05-20 00:00:00-04:00,14.273422108100874,14.65389738939266,14.2414875767742,14.582792282104492,321592000
2021-05-21 00:00:00-04:00,15.132919609383556,15.191051605127871,14.83926832642779,14.96126937866211,672992000
2021-05-24 00:00:00-04:00,15.181570711258633,15.712988338892599,15.145144943148349,15.580259323120117,554816000
2021-05-25 00:00:00-04:00,15.733945757258201,15.78633879048377,15.451022426104748,15.615936279296875,435408000
2021-05-26 00:00:00-04:00,15.70225713248787,15.761635890429908,15.554558301485034,15.668076515197754,370440000
2021-05-27 00:00:00-04:00,15.667829088802328,15.717976973395578,15.428566641796118,15.456509590148926,581476000
2021-05-28 00:00:00-04:00,15.469486226725682,16.24440731871679,15.469486226725682,16.21147346496582,644536000
2021-06-01 00:00:00-04:00,16.23691966274168,16.35492912566784,15.870914637339954,16.231430053710938,472804000
2021-06-02 00:00:00-04:00,16.21920903091771,16.88435409436739,16.202492749496642,16.744138717651367,594168000
2021-06-03 00:00:00-04:00,16.666795236788467,17.223910657727018,16.549284472579828,16.93524742126465,580008000
2021-06-04 00:00:00-04:00,17.07770444249166,17.625089239959507,17.060740714051363,17.542509078979492,617120000
2021-06-07 00:00:00-04:00,17.535527982612713,17.776286599736075,17.157797500829947,17.583179473876953,575756000
2021-06-08 00:00:00-04:00,17.491613606694727,17.585671702000422,17.215924445048216,17.421506881713867,323848000
2021-06-09 00:00:00-04:00,17.48414227452979,17.54328523119046,17.22461123740647,17.32692527770996,381656000
2021-06-10 00:00:00-04:00,17.318693071383258,17.4604370366556,17.14500725994275,17.393556594848633,287772000
2021-06-11 00:00:00-04:00,17.447960064572197,17.906881625548714,17.41227513490275,17.793087005615234,416308000
2021-06-14 00:00:00-04:00,17.87368901930376,18.00694726753615,17.63087806702605,17.986234664916992,321376000
2021-06-15 00:00:00-04:00,17.882675799202346,17.983742803097407,17.696012940414764,17.75640296936035,243032000
2021-06-16 00:00:00-04:00,17.758648770218755,17.92235240596181,17.55276978656995,17.778112411499023,307124000
2021-06-17 00:00:00-04:00,17.742426185314823,18.801011728312645,17.724209604452707,18.62358283996582,809656000
2021-06-18 00:00:00-04:00,18.750109868997633,19.340043177123217,18.550469952057938,18.605121612548828,968856000
2021-06-21 00:00:00-04:00,18.401982177272334,18.503051066843202,17.79058821980157,18.393997192382812,672384000
2021-06-22 00:00:00-04:00,18.43816732859939,18.929529471984864,18.35282090324634,18.8526668548584,580144000
2021-06-23 00:00:00-04:00,18.973451287700833,19.118190101401613,18.87363135053109,19.02286148071289,332356000
2021-06-24 00:00:00-04:00,19.193059829820495,19.38496226932869,19.05380994864513,19.170848846435547,320924000
2021-06-25 00:00:00-04:00,19.245710304080202,19.31059354991679,18.86040712980339,18.996660232543945,278364000
2021-06-28 00:00:00-04:00,19.32631321959031,20.042519201126854,19.284139778106606,19.948938369750977,495436000
2021-06-29 00:00:00-04:00,19.846625250088596,20.06248453221938,19.621532018229612,19.990615844726562,367632000
2021-06-30 00:00:00-04:00,19.963163518368862,20.126118917596873,19.82790806193053,19.966407775878906,326568000
2021-07-01 00:00:00-04:00,20.08868277060792,20.419084829210817,19.98287315774363,20.175525665283203,480136000
2021-07-02 00:00:00-04:00,20.403368426025082,20.468251674445476,20.25114344160054,20.45003318786621,342764000
2021-07-06 00:00:00-04:00,20.700079162828885,20.80439041354865,20.313528946839373,20.661149978637695,446708000
2021-07-07 00:00:00-04:00,20.815874633807294,20.8373354760528,20.295315935847945,20.334993362426758,418428000
2021-07-08 00:00:00-04:00,19.820672515714815,20.096672409211116,19.66520326932347,19.866838455200195,503300000
2021-07-09 00:00:00-04:00,19.92647746547302,20.044015154188845,19.71860320505252,20.014068603515625,296624000
2021-07-12 00:00:00-04:00,20.203477480961066,20.495698630985377,20.15132185543567,20.475486755371094,321984000
2021-07-13 00:00:00-04:00,20.363688705262497,20.424330047598357,20.077706640348215,20.21346092224121,290708000
2021-07-14 00:00:00-04:00,20.321013596351104,20.380904790949938,19.717105799053748,19.805694580078125,380100000
2021-07-15 00:00:00-04:00,19.776003187779455,19.811189295239604,18.824472295824524,18.93202781677246,550564000
2021-07-16 00:00:00-04:00,18.996163304452796,19.12243423551793,18.040390483665075,18.128231048583984,688224000
2021-07-19 00:00:00-04:00,17.88292289629371,19.007638728181455,17.833261390220898,18.74586296081543,749060000
2021-07-20 00:00:00-04:00,18.696202021262902,18.804006941657313,18.131223360431076,18.578414916992188,434687000
2021-07-21 00:00:00-04:00,18.847926227763608,19.49176274213983,18.70817947570925,19.37497329711914,371017000
2021-07-22 00:00:00-04:00,19.6065589742583,19.851115840062064,19.241218242618867,19.558645248413086,323826000
2021-07-23 00:00:00-04:00,19.62053354596221,19.66445477840012,19.215265980919686,19.5227108001709,195672000
2021-07-26 00:00:00-04:00,19.276155313570047,19.406917546102346,18.879870411399576,19.259185791015625,203943000
2021-07-27 00:00:00-04:00,19.230236196699522,19.586592349755165,18.707181573598092,19.17333984375,248863000
2021-07-28 00:00:00-04:00,19.284141665535927,19.610551302234622,18.960726874665717,19.467809677124023,202191000
2021-07-29 00:00:00-04:00,19.483776649820374,19.817175478058047,19.29312132862268,19.62652015686035,190781000
2021-07-30 00:00:00-04:00,19.382956770798526,19.594574080515248,19.228237708487395,19.46381187438965,183497000
2021-08-02 00:00:00-04:00,19.664454079712034,19.924982811431136,19.3260650707061,19.71436309814453,217444000
2021-08-03 00:00:00-04:00,19.704378048568305,20.185508608083286,19.18531595515352,19.77924346923828,301811000
2021-08-04 00:00:00-04:00,19.953929282233304,20.281338450776975,19.792220944411184,20.237417221069336,231309000
2021-08-05 00:00:00-04:00,20.463008137632997,20.695587495532465,20.305292301307585,20.599760055541992,211435000
2021-08-06 00:00:00-04:00,20.48696425898378,20.532880779029192,20.173529795927994,20.329248428344727,178497000
2021-08-09 00:00:00-04:00,20.4091055831178,20.47099398204985,20.106652830827553,20.258378982543945,146443000
2021-08-10 00:00:00-04:00,20.28533140904489,20.393136335430484,19.799208737178205,19.900028228759766,179238000
2021-08-11 00:00:00-04:00,20.00683319681707,20.01282288813521,19.39494034451106,19.663454055786133,185925000
2021-08-12 00:00:00-04:00,19.834146712082422,19.992858299005622,19.584597820859933,19.869083404541016,151652000
2021-08-13 00:00:00-04:00,19.86908477635386,20.177527242431776,19.81518135917786,20.151573181152344,183063000
2021-08-16 00:00:00-04:00,20.09866902872079,20.250395189372192,19.41789850428522,19.914003372192383,210876000
2021-08-17 00:00:00-04:00,19.64947745985936,19.73432506555769,19.232232480974577,19.422887802124023,204585000
2021-08-18 00:00:00-04:00,19.4648128754842,19.598571853576406,18.965715109446144,19.005643844604492,285913000
2021-08-19 00:00:00-04:00,19.45882151971131,20.458016517419267,18.72814210242294,19.76227378845215,766555000
2021-08-20 00:00:00-04:00,19.954924645471284,20.82734802502347,19.89703064919558,20.7784366607666,675741000
2021-08-23 00:00:00-04:00,20.933160275332032,21.957308016049982,20.912198259442455,21.918378829956055,575807000
2021-08-24 00:00:00-04:00,21.713744820103692,21.919372448258805,21.496137811409596,21.753671646118164,297299000
2021-08-25 00:00:00-04:00,21.69777551277295,22.429452630317396,21.682803189235614,22.172916412353516,347701000
2021-08-26 00:00:00-04:00,22.159944782248107,22.299691567722856,21.750684707151628,22.028182983398438,237940000
2021-08-27 00:00:00-04:00,22.1439697618975,22.680999066303272,22.127000239797546,22.59515380859375,304722000
2021-08-30 00:00:00-04:00,22.78880244129511,23.001417420876685,22.510306576105904,22.647058486938477,262580000
2021-08-31 00:00:00-04:00,22.65804742496277,22.65804742496277,22.083984789383738,22.348552703857422,259850000
2021-09-01 00:00:00-04:00,22.448387978427768,22.660042669310418,22.320596143589455,22.40445899963379,201767000
2021-09-02 00:00:00-04:00,22.481330567284335,22.556209196412997,22.258694134671384,22.359529495239258,187834000
2021-09-03 00:00:00-04:00,22.288647150806398,22.948570090054083,22.16385069845976,22.805803298950195,280532000
2021-09-07 00:00:00-04:00,22.795818341755535,22.86171085043394,22.485323959475142,22.625097274780273,198107000
2021-09-08 00:00:00-04:00,22.47634211514038,22.573184289953886,21.94121369127855,22.30262565612793,254434000
2021-09-09 00:00:00-04:00,22.27566861589617,22.501300442102867,22.094963590284415,22.140888214111328,196856000
2021-09-10 00:00:00-04:00,22.311607343226445,22.58915451686225,22.233735244602325,22.441396713256836,248376000
2021-09-13 00:00:00-04:00,22.647059989602866,22.926604705848913,21.822404885707492,22.11592674255371,297500000
2021-09-14 00:00:00-04:00,22.238723419692356,22.373503792447146,22.05003204038109,22.205778121948242,199755000
2021-09-15 00:00:00-04:00,22.27267326116214,22.3305793807938,21.930231372264746,22.30462074279785,166538000
2021-09-16 00:00:00-04:00,22.146874191821738,22.240720969968848,21.8912905855204,22.205778121948242,156033000
2021-09-17 00:00:00-04:00,22.263688127265276,22.284653841541807,21.79445411423611,21.86433982849121,294503000
2021-09-20 00:00:00-04:00,21.11156812474167,21.398101461066425,20.6283569627298,21.078622817993164,349440000
2021-09-21 00:00:00-04:00,21.38212396111448,21.390110354870334,20.91588537743042,21.211402893066406,204688000
2021-09-22 00:00:00-04:00,21.33120709138411,21.92423969198242,21.161483841124088,21.905271530151367,268726000
2021-09-23 00:00:00-04:00,22.103946653751496,22.49830389346749,21.854353753309884,22.445390701293945,248555000
2021-09-24 00:00:00-04:00,22.034060270593987,22.112932096966986,21.8254009778383,22.045042037963867,217655000
2021-09-27 00:00:00-04:00,21.67464506409087,21.7635008312756,21.290273699677908,21.624727249145508,245215000
2021-09-28 00:00:00-04:00,21.179455398442528,21.38412149616858,20.617370568882446,20.665292739868164,343069000
2021-09-29 00:00:00-04:00,20.905900670747208,20.982774944511306,20.43366945260292,20.48358917236328,218394000
2021-09-30 00:00:00-04:00,20.734179693537367,21.03169474618635,20.654310046887662,20.68226432800293,221009000
2021-10-01 00:00:00-04:00,20.716211644518484,20.825033407416875,20.170101470850955,20.70822525024414,240978000
2021-10-04 00:00:00-04:00,20.47060744274068,20.50854566359124,19.523153552966328,19.699865341186523,345635000
2021-10-05 00:00:00-04:00,19.917512420203366,20.61437568967134,19.821668084786353,20.417695999145508,279282000
2021-10-06 00:00:00-04:00,20.087238611992912,20.686260083850925,20.047302831606206,20.66629409790039,297202000
2021-10-07 00:00:00-04:00,21.05765244967105,21.287279360609702,20.937848926283003,21.040681838989258,256919000
2021-10-08 00:00:00-04:00,21.066639887133693,21.171468452708865,20.741170517996952,20.79707908630371,151258000
2021-10-11 00:00:00-04:00,20.541495233196944,21.02869950966282,20.47759837291517,20.661298751831055,163388000
2021-10-12 00:00:00-04:00,20.79408256641925,21.02270975164118,20.49457185149848,20.637338638305664,162134000
2021-10-13 00:00:00-04:00,20.88393579292726,20.95581904876613,20.67926969702258,20.9049015045166,180652000
2021-10-14 00:00:00-04:00,21.25333596041467,21.71957458015835,21.087605899585515,21.710590362548828,243589000
2021-10-15 00:00:00-04:00,21.774481579158447,21.89528481842421,21.626723787459532,21.826396942138672,226994000
2021-10-18 00:00:00-04:00,21.713584561712747,22.254701788220984,21.608754096078446,22.185813903808594,189494000
2021-10-19 00:00:00-04:00,22.23972502521674,22.342557940734167,22.00111579507719,22.253704071044922,161473000
2021-10-20 00:00:00-04:00,22.268679708058347,22.39647153680145,21.94620571442856,22.06700897216797,146276000
2021-10-21 00:00:00-04:00,22.061017938501966,22.674018436692844,22.047040796675695,22.655048370361328,187590000
2021-10-22 00:00:00-04:00,22.785833708292838,23.092332980206976,22.52426123203882,22.68899154663086,249384000
2021-10-25 00:00:00-04:00,22.9355884227469,23.31696631159437,22.732919888459378,23.12827491760254,230235000
2021-10-26 00:00:00-04:00,23.94993691416908,25.21786931810907,23.885042226217404,24.67675018310547,485898000
2021-10-27 00:00:00-04:00,24.43414757380809,25.049143705148502,24.242458885188565,24.411184310913086,245990000
2021-10-28 00:00:00-04:00,24.837491574350146,24.90937483994136,24.483070075545733,24.900388717651367,234204000
2021-10-29 00:00:00-04:00,24.96028939095725,25.66713671096229,24.959291567716473,25.525367736816406,292503000
2021-11-01 00:00:00-04:00,25.60723109308978,25.851831047289867,25.185917431223142,25.784940719604492,265740000
2021-11-02 00:00:00-04:00,25.77994984661332,26.63455486078338,25.75798440879507,26.35800552368164,294112000
2021-11-03 00:00:00-04:00,26.626570758217166,26.74038544100034,26.192279643610203,26.5546875,239910000
2021-11-04 00:00:00-04:00,27.18466147094516,31.313926253158183,27.073842157993926,29.752473831176758,1153631000
2021-11-05 00:00:00-04:00,30.137843352991585,31.34886743224028,29.36210820380524,29.70355224609375,851260000
2021-11-08 00:00:00-05:00,30.09990541196462,31.049357012928155,29.858298906870235,30.75383949279785,503101000
2021-11-09 00:00:00-05:00,32.22943033318013,32.25738461337562,29.915204398468042,30.607074737548828,646746000
2021-11-10 00:00:00-05:00,29.308196900356435,30.79976351778605,28.731137108429536,29.411027908325195,636206000
2021-11-11 00:00:00-05:00,30.418387237192007,30.540188317087146,29.728512456027104,30.340513229370117,332172000
2021-11-12 00:00:00-05:00,29.96113284779907,30.630041916135536,29.581750561985263,30.340513229370117,413054000
2021-11-15 00:00:00-05:00,30.502246957940976,30.594096193978885,29.199371809701283,29.976104736328125,384909000
2021-11-16 00:00:00-05:00,29.7105408980672,30.34051198452415,29.65762580232031,30.15381622314453,264484000
2021-11-17 00:00:00-05:00,30.36846777815834,30.459321105450528,28.75310243609242,29.21335220336914,428508000
2021-11-18 00:00:00-05:00,32.31429522599326,32.706653023160584,31.26999706582677,31.62342071533203,781711000
2021-11-19 00:00:00-05:00,32.190493596541884,33.03411876660573,31.8530446710619,32.9312858581543,533867000
2021-11-22 00:00:00-05:00,33.46242011718347,34.59058112211075,31.848054521618284,31.903963088989258,754335000
2021-11-23 00:00:00-05:00,31.483648568431438,32.307305908363375,30.829714478366085,31.694305419921875,532163000
2021-11-24 00:00:00-05:00,31.409775678545124,32.80150507058007,30.877642564014376,32.62080001831055,435162000
2021-11-26 00:00:00-05:00,32.54691008002178,32.65673155675289,31.29894758229287,31.451698303222656,283069000
2021-11-29 00:00:00-05:00,32.31330147277879,33.357595955993034,31.983836964300007,33.3216552734375,454964000
2021-11-30 00:00:00-05:00,33.11498080822234,33.29868307151877,31.812107686670615,32.62278366088867,622066000
2021-12-01 00:00:00-05:00,33.16896463215164,33.23885888779365,31.332732076849627,31.387649536132812,484368000
2021-12-02 00:00:00-05:00,31.166981248811638,32.42907715162274,30.978264868691742,32.077606201171875,472890000
2021-12-03 00:00:00-05:00,31.951801059559386,32.08060837257617,30.084616847172054,30.646770477294922,544325000
2021-12-06 00:00:00-05:00,29.83499902201308,30.195455406565877,27.99577407165037,29.991764068603516,658938000
2021-12-07 00:00:00-05:00,30.910371542100982,32.400124786038404,30.604830795953884,32.37815475463867,593053000
2021-12-08 00:00:00-05:00,31.950802577196924,32.24136462885751,31.373672159460746,31.77806282043457,475551000
2021-12-09 00:00:00-05:00,31.686202340097342,32.156495507178235,30.382169646605256,30.444076538085938,488507000
2021-12-10 00:00:00-05:00,31.103083131327097,31.257850364109988,29.81602499700966,30.152517318725586,488825000
2021-12-13 00:00:00-05:00,30.203440018394975,30.248372316338223,28.07365138125597,28.11858367919922,598344000
2021-12-14 00:00:00-05:00,27.657281475184902,28.634807078203938,27.208958315846893,28.294321060180664,667035000
2021-12-15 00:00:00-05:00,28.357221656806235,30.454058878517312,27.796067904210044,30.41312026977539,698297000
2021-12-16 00:00:00-05:00,31.10508078889336,31.113068160719106,28.050688091703027,28.3442440032959,707366000
2021-12-17 00:00:00-05:00,27.942851457187373,28.878440484133225,27.71818995637992,27.75912857055664,713758000
2021-12-20 00:00:00-05:00,27.26387578992235,28.101610954434477,27.104116920942463,27.6772518157959,461847000
2021-12-21 00:00:00-05:00,28.331263670227266,29.076140335573402,27.359727723563918,29.031208038330078,524385000
2021-12-22 00:00:00-05:00,28.847484499544535,29.510483926592162,28.40614890872191,29.355716705322266,395184000
2021-12-23 00:00:00-05:00,29.710184462176745,30.013727453887906,29.386673040334003,29.59535789489746,343022000
2021-12-27 00:00:00-05:00,29.61532911352626,31.04017996376561,29.595358778322634,30.898393630981445,403686000
2021-12-28 00:00:00-05:00,31.2648356891576,31.282808225725283,29.96679270821893,30.27632713317871,420591000
2021-12-29 00:00:00-05:00,30.227404037009563,30.501989455779277,29.32176865191491,29.955812454223633,343139000
2021-12-30 00:00:00-05:00,29.782075293705105,30.411127476522392,29.495508812277453,29.541439056396484,308864000
2021-12-31 00:00:00-05:00,29.629305489081755,29.98477018896652,29.28682169644122,29.366701126098633,266530000
2022-01-03 00:00:00-05:00,29.770093235740337,30.664743590792995,29.740137736073223,30.075632095336914,391547000
2022-01-04 00:00:00-05:00,30.23139879370644,30.422111104266346,28.306303149188928,29.245885848999023,527154000
2022-01-05 00:00:00-05:00,28.905399218730768,29.37169682830295,27.491533399949333,27.56242561340332,498064000
2022-01-06 00:00:00-05:00,27.59837115731284,28.395169635404475,27.02423829978576,28.135560989379883,454186000
2022-01-07 00:00:00-05:00,28.098613750364347,28.37919063508159,27.016244971715345,27.20595932006836,409939000
2022-01-10 00:00:00-05:00,26.540961782603677,27.42762472143636,25.605372863251258,27.358728408813477,594681000
2022-01-11 00:00:00-05:00,27.28184530237292,28.022728260584557,26.79857506300086,27.775100708007812,404089000
2022-01-12 00:00:00-05:00,28.02472745070881,28.551932102813904,27.566419120795988,27.956830978393555,383413000
2022-01-13 00:00:00-05:00,28.33625692137387,28.43710463349021,26.458089455485933,26.534975051879883,540171000
2022-01-14 00:00:00-05:00,26.260387347063745,27.156037590101203,26.170522748705796,26.90142059326172,395832000
2022-01-18 00:00:00-05:00,26.220449636193546,26.597880583553156,25.73118786131285,25.86398696899414,424270000
2022-01-19 00:00:00-05:00,26.03972221314025,26.503022167061417,25.01426857790876,25.029245376586914,488315000
2022-01-20 00:00:00-05:00,25.26589163391902,25.540477087860047,24.04173632063964,24.113628387451172,435181000
2022-01-21 00:00:00-05:00,23.471593805138344,24.785611635125775,23.227961835135645,23.338794708251953,718958000
2022-01-24 00:00:00-05:00,22.296365495932942,23.344783177972378,20.85653806346494,23.336795806884766,913982000
2022-01-25 00:00:00-05:00,22.512042425263964,22.90844575806701,21.966865242021992,22.290376663208008,664616000
2022-01-26 00:00:00-05:00,23.204995004766367,24.02076385178204,22.266410326964746,22.737699508666992,755959000
2022-01-27 00:00:00-05:00,23.532504298918578,23.958861226726405,21.642353850683403,21.91094970703125,573353000
2022-01-28 00:00:00-05:00,21.978845301220513,22.8235717511496,21.263924115601643,22.805599212646484,543774000
2022-01-31 00:00:00-05:00,23.147082782417545,24.472085641654697,23.017279424687295,24.449119567871094,564680000
2022-02-01 00:00:00-05:00,25.066188835162812,25.107127447256747,23.854016642325988,24.60089111328125,518925000
2022-02-02 00:00:00-05:00,25.755153927981016,25.778118100756274,24.51602179140458,25.2039852142334,543419000
2022-02-03 00:00:00-05:00,24.421162163703787,25.039229323589748,23.74418385288525,23.911930084228516,410178000
2022-02-04 00:00:00-05:00,23.935890282323633,24.597891689506962,23.596402283538566,24.282367706298828,354829000
2022-02-07 00:00:00-05:00,24.33529114494887,25.144070606657298,24.16554711920998,24.69075584411621,376868000
2022-02-08 00:00:00-05:00,24.322310375677972,25.191998788129872,23.943881504875606,25.07018280029297,410359000
2022-02-09 00:00:00-05:00,25.583406920892955,26.6847461807106,25.31481299772316,26.664775848388672,524282000
2022-02-10 00:00:00-05:00,25.95584863318467,26.88444631980885,25.561443102861364,25.785104751586914,513200000
2022-02-11 00:00:00-05:00,25.876963844897784,26.112608425871112,23.737192134200452,23.912925720214844,605472000
2022-02-14 00:00:00-05:00,23.897952933505916,24.837535674854557,23.719221672831377,24.230451583862305,440424000
2022-02-15 00:00:00-05:00,24.911422372857547,26.50501922165376,24.74667187857384,26.455095291137695,699869000
2022-02-16 00:00:00-05:00,26.219448101115415,26.54196153595489,25.513512290085753,26.471067428588867,732676000
2022-02-17 00:00:00-05:00,25.591398749040177,25.74616599477588,24.12860688449918,24.470090866088867,810595000
2022-02-18 00:00:00-05:00,24.63084368197396,24.948365494319663,23.06520655679348,23.60638999938965,761255000
2022-02-22 00:00:00-05:00,23.00030579892862,24.027755305408935,22.96535866635962,23.35477066040039,633422000
2022-02-23 00:00:00-05:00,23.7661466816059,24.11861559150684,22.267408212344943,22.3532772064209,566511000
2022-02-24 00:00:00-05:00,20.983345553474216,23.7641504957483,20.85853383468462,23.712228775024414,735801000
2022-02-25 00:00:00-05:00,23.685272777977215,24.18052410195436,23.345784723904018,24.120615005493164,528866000
2022-02-28 00:00:00-05:00,23.95586647463667,24.62785321144957,23.671295862562122,24.34827423095703,477319000
2022-03-01 00:00:00-05:00,24.25441203295929,24.34028293724826,23.097157381243946,23.44163703918457,412056000
2022-03-02 00:00:00-05:00,23.72426225643117,24.376389719770895,23.38371823215613,24.187641143798828,389642000
2022-03-03 00:00:00-05:00,24.229585963064824,24.293501543269706,23.437646114279808,23.68231964111328,365095000
2022-03-04 00:00:00-05:00,23.3527607128596,23.64836479661719,22.451965321165375,22.905359268188477,431415000
2022-03-07 00:00:00-05:00,22.78651384844426,23.002226761395846,21.30150110335023,21.323471069335938,450821000
2022-03-08 00:00:00-05:00,21.280526382821733,22.343103815854505,20.62240655932795,21.485252380371094,557467000
2022-03-09 00:00:00-05:00,22.35708848133786,23.18897571599165,22.21727614099278,22.983251571655273,492742000
2022-03-10 00:00:00-05:00,22.50089638607169,22.75755297695985,21.85276334971051,22.627727508544922,428066000
2022-03-11 00:00:00-05:00,22.991239818216833,23.11407657589616,22.016544012977114,22.070472717285156,367209000
2022-03-14 00:00:00-04:00,21.839781661248928,22.232256247730607,21.13073116271566,21.301502227783203,385354000
2022-03-15 00:00:00-04:00,21.489250546110927,23.007220208710685,21.293513265074797,22.942306518554688,491996000
2022-03-16 00:00:00-04:00,23.468604353560576,24.564138899972313,23.141043440453178,24.463274002075195,671422000
2022-03-17 00:00:00-04:00,24.087777102720274,24.808810745326504,23.874062300566884,24.732913970947266,471941000
2022-03-18 00:00:00-04:00,24.765868270164038,26.53350400356913,24.59110283245467,26.41765785217285,730719000
2022-03-21 00:00:00-04:00,26.471586233316494,27.11572496111961,25.93230676683936,26.69828224182129,591727000
2022-03-22 00:00:00-04:00,26.691289519491885,27.201608360634733,26.037165879643045,26.488561630249023,547007000
2022-03-23 00:00:00-04:00,26.091093762936772,26.576444502731324,25.54083123796335,25.59975242614746,502120000
2022-03-24 00:00:00-04:00,26.13104193826593,28.282163470147996,25.872387191555713,28.112390518188477,877379000
2022-03-25 00:00:00-04:00,27.848743651495436,28.32011317577478,27.23456552740442,27.65500259399414,579016000
2022-03-28 00:00:00-04:00,27.718916557928363,28.21225602122031,27.16965025357311,28.181297302246094,425494000
2022-03-29 00:00:00-04:00,28.65666137986887,28.907325479582042,27.942616512220326,28.617713928222656,488984000
2022-03-30 00:00:00-04:00,28.266185591737614,28.457928508335392,27.466255165068226,27.653005599975586,463487000
2022-03-31 00:00:00-04:00,27.74487981592952,28.210256793064627,27.23356477218627,27.249542236328125,523440000
2022-04-01 00:00:00-04:00,27.338427757278033,27.45926639415494,26.231908212726537,26.676313400268555,517235000
2022-04-04 00:00:00-04:00,26.692292551349126,27.521183611284354,26.577446417690684,27.323448181152344,397120000
2022-04-05 00:00:00-04:00,27.217587037042925,27.282500727216366,25.785502915753845,25.89635467529297,436615000
2022-04-06 00:00:00-04:00,24.900689852931293,25.26620012416425,23.97093385070052,24.374393463134766,703833000
2022-04-07 00:00:00-04:00,24.408343850691253,24.68896853782771,23.446631190493463,24.175655364990234,557992000
2022-04-08 00:00:00-04:00,23.885042116900586,23.89103461785516,23.031185018075846,23.08810806274414,524781000
2022-04-11 00:00:00-04:00,22.184318419284168,22.290175776660472,21.631057819109763,21.887714385986328,575207000
2022-04-12 00:00:00-04:00,22.50689212299714,22.6946406882114,21.253567686205436,21.475271224975586,662258000
2022-04-13 00:00:00-04:00,21.698972150307025,22.469940122497093,21.426336160615765,22.173336029052734,516943000
2022-04-14 00:00:00-04:00,22.474932763579062,22.746570639771132,21.134726603562495,21.229598999023438,569097000
2022-04-18 00:00:00-04:00,21.171675475765273,22.058487603211567,21.050836854142464,21.753896713256836,525701000
2022-04-19 00:00:00-04:00,21.690980576320083,22.343108021821582,21.28552287046398,22.16834259033203,512781000
2022-04-20 00:00:00-04:00,22.486919566672935,22.639715050902918,21.171679520802943,21.45330238342285,468974000
2022-04-21 00:00:00-04:00,21.679998785738277,22.36208693629505,19.9732821884564,20.156038284301758,656209000
2022-04-22 00:00:00-04:00,20.27587321530449,20.458629277841098,19.473946584462855,19.48892593383789,624713000
2022-04-25 00:00:00-04:00,19.176346403133437,19.918353809228154,19.07048902149864,19.875411987304688,641566000
2022-04-26 00:00:00-04:00,19.691657226548436,19.76156340200442,18.64505701594922,18.76289939880371,653143000
2022-04-27 00:00:00-04:00,18.57315026577048,19.141390252783182,18.26556313415741,18.390396118164062,499460000
2022-04-28 00:00:00-04:00,18.94165782145893,20.010229826925695,18.465295842904705,19.755569458007812,570327000
2022-04-29 00:00:00-04:00,19.37607980145741,20.101109714553033,18.492261912501903,18.5222225189209,500435000
2022-05-02 00:00:00-04:00,18.516231158410413,19.547850197789415,18.366431926679557,19.506906509399414,572049000
2022-05-03 00:00:00-04:00,19.37407781410935,19.798511082396843,19.107434374871815,19.575807571411133,475751000
2022-05-04 00:00:00-04:00,19.89638119827368,20.37274316196965,18.72594622462708,20.30683135986328,648855000
2022-05-05 00:00:00-04:00,19.840458782829646,19.898379955355864,18.475284480281402,18.818824768066406,626331000
2022-05-06 00:00:00-04:00,18.71097044930105,19.48593285351998,17.965966748706716,18.65005111694336,633297000
2022-05-09 00:00:00-04:00,18.00990414565182,18.23060762070306,16.804516155386892,16.927352905273438,644455000
2022-05-10 00:00:00-04:00,17.665367431689106,18.173688206675315,17.002254949128304,17.57149314880371,761474000
2022-05-11 00:00:00-04:00,17.323823460354724,17.729281156467874,16.545864922874717,16.60778045654297,670167000
2022-05-12 00:00:00-04:00,16.197326991496855,16.765566900900833,15.546198761572398,16.153385162353516,708728000
2022-05-13 00:00:00-04:00,16.765569793246804,17.904046038767845,16.5708306359656,17.682342529296875,670437000
2022-05-16 00:00:00-04:00,17.485607877811827,17.764234449373763,17.08314642786667,17.240934371948242,521446000
2022-05-17 00:00:00-04:00,18.049852650351287,18.34645674396405,17.610441859162602,18.1527156829834,585830000
2022-05-18 00:00:00-04:00,17.68134445090646,18.093792752418068,16.841468498768858,16.915369033813477,545161000
2022-05-19 00:00:00-04:00,16.914369584379934,17.66336745782662,16.711639805660848,17.101119995117188,621310000
2022-05-20 00:00:00-04:00,17.30884575748405,17.38674066825801,15.733951959734066,16.67169761657715,739105000
2022-05-23 00:00:00-04:00,16.252258441218032,16.89240282519702,16.15738604497547,16.875425338745117,639889000
2022-05-24 00:00:00-04:00,16.487941014572773,16.57482466613423,15.758915881300636,16.132415771484375,588550000
2022-05-25 00:00:00-04:00,15.99859614970162,17.08813806939403,15.9786224145314,16.952320098876953,781132000
2022-05-26 00:00:00-04:00,16.014574707581225,18.067827584244093,16.000593472967385,17.827150344848633,996575000
2022-05-27 00:00:00-04:00,18.161702745391008,18.85577386018469,18.075817206956042,18.78586769104004,738379000
2022-05-31 00:00:00-04:00,18.954641836340553,19.174349130469082,18.325484368609708,18.64705467224121,664100000
2022-06-01 00:00:00-04:00,18.69898414737299,19.02754314428739,18.097787279588676,18.295522689819336,544514000
2022-06-02 00:00:00-04:00,18.267562046338377,19.59278886384592,18.173687765730634,19.565824508666992,648656000
2022-06-03 00:00:00-04:00,19.05650601379053,19.3061719985189,18.497252836542756,18.694988250732422,598779000
2022-06-06 00:00:00-04:00,19.113429516190855,19.311164935038825,18.53919697586756,18.760900497436523,422406000
2022-06-07 00:00:00-04:00,18.447319098292105,18.97461349888009,18.163698163478834,18.900712966918945,388914000
2022-06-08 00:00:00-04:00,18.777854830990602,19.15842680363997,18.51415183691617,18.627025604248047,363252000
2022-06-09 00:00:00-04:00,18.46021005501517,18.911701226566148,18.020704514873973,18.02769660949707,395574000
2022-06-10 00:00:00-04:00,17.58020171227414,17.677092716544042,16.850023132726744,16.954906463623047,465248000
2022-06-13 00:00:00-04:00,15.982000928989816,16.293650221454346,15.588444102767758,15.629398345947266,604153000
2022-06-14 00:00:00-04:00,15.71330343019115,16.04792661157821,15.39466204391539,15.818185806274414,469680000
2022-06-15 00:00:00-04:00,16.076896194047517,16.849027465742807,15.908086607315237,16.508411407470703,563936000
2022-06-16 00:00:00-04:00,15.842157824326492,15.924066309374332,15.383674545814378,15.583449363708496,545749000
2022-06-17 00:00:00-04:00,15.630395585556359,15.977005328537727,15.310755894032955,15.86213493347168,630334000
2022-06-21 00:00:00-04:00,16.456469846019353,16.988869385028064,16.388545537605395,16.547367095947266,483089000
2022-06-22 00:00:00-04:00,16.207746567931398,16.643256917462317,16.161798787627635,16.341596603393555,437135000
2022-06-23 00:00:00-04:00,16.500416963025476,16.56634270472498,15.835166729785682,16.206748962402344,463680000
2022-06-24 00:00:00-04:00,16.481439935778724,17.12071942059241,16.291653124273484,17.106735229492188,472153000
2022-06-27 00:00:00-04:00,17.292525724321386,17.310505125271625,16.60729659381753,16.85002326965332,427968000
2022-06-28 00:00:00-04:00,16.880989271754387,17.182649605949326,15.927063601310486,15.964022636413574,461149000
2022-06-29 00:00:00-04:00,15.79620946591624,15.802202281562751,15.152933909053585,15.524515151977539,482352000
2022-06-30 00:00:00-04:00,15.34372017728469,15.549488771626411,14.845281915863676,15.141947746276855,686070000
2022-07-01 00:00:00-04:00,14.882238819685183,15.04605387797562,14.375809224248712,14.506661415100098,577610000
2022-07-05 00:00:00-04:00,14.159053543513437,14.95415758382612,14.03918865589551,14.947165489196777,651397000
2022-07-06 00:00:00-04:00,14.993114995101793,15.301767406268901,14.772362934504216,15.112979888916016,529066000
2022-07-07 00:00:00-04:00,15.438612195473699,15.927061433763113,15.371687182385482,15.84015941619873,492903000
2022-07-08 00:00:00-04:00,15.412642730501073,16.018960252307995,15.371688486578154,15.820183753967285,467972000
2022-07-11 00:00:00-04:00,15.508534276461246,15.50953355542892,15.021083328745915,15.134955406188965,437321000
2022-07-12 00:00:00-04:00,15.250825515604589,15.41364227255693,14.86026553577121,15.065034866333008,458483000
2022-07-13 00:00:00-04:00,14.573588404335705,15.35770523463068,14.448729012184236,15.146942138671875,521918000
2022-07-14 00:00:00-04:00,15.091004753495831,15.455593934942122,14.711432102671731,15.354707717895508,456235000
2022-07-15 00:00:00-04:00,15.641384600998489,15.764245422746061,15.427624641961254,15.744268417358398,385935000
2022-07-18 00:00:00-04:00,16.283659824763365,16.877989746700923,15.98399809551143,16.0828857421875,670517000
2022-07-19 00:00:00-04:00,16.467453847163405,17.09075241615706,16.153807909998413,16.972885131835938,702366000
2022-07-20 00:00:00-04:00,16.927936935037206,17.912827851141174,16.78210126091893,17.786968231201172,760538000
2022-07-21 00:00:00-04:00,17.86488021359381,18.12358771954689,17.525262549581846,18.029693603515625,557049000
2022-07-22 00:00:00-04:00,17.87287231423737,17.946788479283896,17.11772219927564,17.299518585205078,536671000
2022-07-25 00:00:00-04:00,16.999854945007502,17.10473828165378,16.630272213673557,17.004850387573242,480748000
2022-07-26 00:00:00-04:00,16.87000285502825,16.89996979630314,16.45946585713931,16.514404296875,397865000
2022-07-27 00:00:00-04:00,17.012840358860537,17.91582468739804,16.893974739706362,17.769989013671875,569776000
2022-07-28 00:00:00-04:00,17.95478116426903,18.119594572964374,17.420383112566938,17.963769912719727,474646000
2022-07-29 00:00:00-04:00,17.79296005084622,18.22347493077519,17.672095886593695,18.142566680908203,435460000
2022-08-01 00:00:00-04:00,18.161546233389682,18.824800761442823,17.969762778575898,18.420255661010742,476469000
2022-08-02 00:00:00-04:00,18.10161636956339,18.916698528971118,18.07164942726928,18.50516128540039,489527000
2022-08-03 00:00:00-04:00,18.163544015048597,18.94666245443732,18.11659600345023,18.871746063232422,418146000
2022-08-04 00:00:00-04:00,18.82779855186156,19.25231972672136,18.738897962775617,19.19338607788086,409652000
2022-08-05 00:00:00-04:00,18.78883664482444,19.207365859720284,18.644999556112413,18.967636108398438,386068000
2022-08-08 00:00:00-04:00,17.48231056625351,18.218480932822576,17.222602844931405,17.772981643676758,981859000
2022-08-09 00:00:00-04:00,17.232593719716515,17.427374055842908,16.705187798437784,17.06678009033203,668263000
2022-08-10 00:00:00-04:00,17.678087922917765,18.0976154568516,17.297516068051443,18.07663917541504,597422000
2022-08-11 00:00:00-04:00,18.110604341842333,18.685956593304006,17.855890133070794,17.921815872192383,509327000
2022-08-12 00:00:00-04:00,18.139569879057216,18.696942693964345,17.932802022100557,18.687952041625977,478094000
2022-08-15 00:00:00-04:00,18.679960707754017,19.142439155561625,18.592060367287687,19.010587692260742,457666000
2022-08-16 00:00:00-04:00,18.898717536535848,19.120467937337384,18.48018823214311,18.857763290405273,451240000
2022-08-17 00:00:00-04:00,18.50216508238009,18.666978491091065,18.12459001733622,18.314374923706055,446799000
2022-08-18 00:00:00-04:00,18.2804133944157,18.843778115283396,18.16254610474448,18.751882553100586,415447000
2022-08-19 00:00:00-04:00,18.38529489994327,18.49916697938691,17.750010667745244,17.828922271728516,441588000
2022-08-22 00:00:00-04:00,17.47032364328657,17.53824793632495,16.946912971976268,17.01483726501465,409593000
2022-08-23 00:00:00-04:00,16.969889139775987,17.44535351259596,16.950909507213073,17.161672592163086,369986000
2022-08-24 00:00:00-04:00,16.99286430332061,17.38642214431407,16.875997229087275,17.20262908935547,522661000
2022-08-25 00:00:00-04:00,16.82505308427256,17.926813027630054,16.81406577756945,17.892850875854492,770691000
2022-08-26 00:00:00-04:00,17.836912353281598,17.90383641857277,16.21873391268432,16.241708755493164,769127000
2022-08-29 00:00:00-04:00,16.00197855442547,16.319619703641028,15.749262910886802,15.783224105834961,496132000
2022-08-30 00:00:00-04:00,15.942047789145503,16.02095844765161,15.164923026973856,15.450601577758789,530181000
2022-08-31 00:00:00-04:00,15.366693414480634,15.522518057635644,14.942171332667588,15.077019691467285,573710000
2022-09-01 00:00:00-04:00,14.193017187364372,14.363825324706278,13.25507420842607,13.921323776245117,1178865000
2022-09-02 00:00:00-04:00,14.084138528033337,14.155057802760322,13.575710352354553,13.631648063659668,743157000
2022-09-06 00:00:00-04:00,13.715554478268137,13.763500820248915,13.335981811191166,13.449853897094727,535751000
2022-09-07 00:00:00-04:00,13.55176746922126,13.826540298528052,13.33494717107452,13.702642440795898,512657000
2022-09-08 00:00:00-04:00,13.447855041316693,13.996401186696637,13.35793036535594,13.978415489196777,624873000
2022-09-09 00:00:00-04:00,14.145275804238905,14.46201367697678,14.11430229182357,14.375085830688477,486612000
2022-09-12 00:00:00-04:00,14.357100582875637,14.534952667017425,14.186241718226988,14.492987632751465,484159000
2022-09-13 00:00:00-04:00,13.790570595016682,13.910471108544275,13.088152681448653,13.120125770568848,714956000
2022-09-14 00:00:00-04:00,13.243022514238882,13.278992949966744,12.902305332840776,13.117127418518066,588507000
2022-09-15 00:00:00-04:00,13.004223182184976,13.222042124537287,12.779409113838815,12.918293952941895,523625000
2022-09-16 00:00:00-04:00,12.731447206247905,13.201058237652648,12.606550726301872,13.1870698928833,670751000
2022-09-19 00:00:00-04:00,13.001223859662979,13.451850565799695,12.999225660853128,13.370917320251465,569685000
2022-09-20 00:00:00-04:00,13.204056868580635,13.471834588287622,13.04618771531481,13.165088653564453,524818000
2022-09-21 00:00:00-04:00,13.202059436759399,14.019381941934583,13.099144084291632,13.250019073486328,807679000
2022-09-22 00:00:00-04:00,13.059176467849392,13.138111520820544,12.417708860780353,12.55059814453125,759162000
2022-09-23 00:00:00-04:00,12.40971409508343,12.600555897679538,12.246848981510688,12.505634307861328,663309000
2022-09-26 00:00:00-04:00,12.480656268571224,12.648517367365558,12.203885227810742,12.217873573303223,547343000
2022-09-27 00:00:00-04:00,12.496643430227575,12.725453896095226,12.247850021048505,12.402721405029297,553854000
2022-09-28 00:00:00-04:00,12.3997231239908,12.812381225329087,12.343769741540747,12.72545337677002,542414000
2022-09-29 00:00:00-04:00,12.437692679935253,12.489649668293819,11.93610849409504,12.209881782531738,532763000
2022-09-30 00:00:00-04:00,12.076989325475008,12.62253760336096,12.064999180134752,12.128946304321289,565638000
2022-10-03 00:00:00-04:00,12.33677509347599,12.66750130735953,12.094974923686891,12.501638412475586,547478000
2022-10-04 00:00:00-04:00,12.868334839391789,13.209053019838846,12.868334839391789,13.156096458435059,584182000
2022-10-05 00:00:00-04:00,12.900308386781267,13.309968704882833,12.610548579864219,13.198060989379883,507131000
2022-10-06 00:00:00-04:00,13.209052897790276,13.644691720324175,13.092149205136526,13.11912727355957,644157000
2022-10-07 00:00:00-04:00,12.494643639880065,12.659506950962054,12.012043852247743,12.065999031066895,672478000
2022-10-10 00:00:00-04:00,12.027031235405826,12.113959079446687,11.398552432777999,11.660335540771484,698699000
2022-10-11 00:00:00-04:00,11.551425657164291,11.836189482665366,11.273656004138413,11.57640552520752,667482000
2022-10-12 00:00:00-04:00,11.569411659346573,11.725281656798357,11.335605233842058,11.490476608276367,492590000
2022-10-13 00:00:00-04:00,10.961913912375657,12.067997483639969,10.804044770174665,11.950095176696777,850103000
2022-10-14 00:00:00-04:00,12.047015444781483,12.100970626876947,11.194722148814186,11.217702865600586,713432000
2022-10-17 00:00:00-04:00,11.508462200171875,11.938106444742322,11.507463577080753,11.878155708312988,580774000
2022-10-18 00:00:00-04:00,12.333778046920823,12.48165525480928,11.608379400493478,11.957090377807617,659362000
2022-10-19 00:00:00-04:00,11.869162892542308,12.339773535494054,11.824200080121637,12.041020393371582,523131000
2022-10-20 00:00:00-04:00,12.102968539135578,12.758425410164296,12.094974790802238,12.1839017868042,652398000
2022-10-21 00:00:00-04:00,12.08798080180382,12.487650119730484,11.87715604893158,12.455676078796387,609494000
2022-10-24 00:00:00-04:00,12.497641586552382,12.699473960205662,12.0540090513938,12.588565826416016,517457000
2022-10-25 00:00:00-04:00,12.683489134901725,13.288987290766885,12.653513289952176,13.250019073486328,505482000
2022-10-26 00:00:00-04:00,12.858343548285696,13.376912862147288,12.697476621666508,12.885320663452148,532953000
2022-10-27 00:00:00-04:00,13.618713170774704,13.826541109835452,13.111133469829003,13.165088653564453,583113000
2022-10-28 00:00:00-04:00,13.09314814386903,13.838530641046274,13.050183532823254,13.822543144226074,521040000
2022-10-31 00:00:00-04:00,13.766589141086484,13.826539869238182,13.28598755157316,13.485821723937988,486341000
2022-11-01 00:00:00-04:00,13.799561752307158,13.91346765893182,13.507803766445207,13.531784057617188,432817000
2022-11-02 00:00:00-04:00,13.838530595077271,14.198232120415188,13.20005983969386,13.208052635192871,672628000
2022-11-03 00:00:00-04:00,13.03219912736725,13.76958789522298,12.945271280026997,13.40988540649414,500065000
2022-11-04 00:00:00-04:00,13.9744182731727,14.21721707569144,13.685657082938336,14.144277572631836,612576000
2022-11-07 00:00:00-05:00,14.21621835995863,14.40006601617617,13.942446027602093,14.28915786743164,410061000
2022-11-08 00:00:00-05:00,14.788743217165873,14.878668842351585,14.20422760634334,14.589908599853516,595292000
2022-11-09 00:00:00-05:00,14.150273185839664,14.199233351960387,13.747607002646825,13.764593124389648,454414000
2022-11-10 00:00:00-05:00,14.787744428083117,15.75993826761606,14.534953676189788,15.736957550048828,700819000
2022-11-11 00:00:00-05:00,15.793911449621481,16.37542931361016,15.469180750776035,16.313480377197266,655487000
2022-11-14 00:00:00-05:00,16.204567788341166,16.526301593677477,15.908812471270188,16.281503677368164,527852000
2022-11-15 00:00:00-05:00,16.708150258662904,16.983920733846077,16.368431708493233,16.652196884155273,545876000
2022-11-16 00:00:00-05:00,16.14861696453048,16.348450201825642,15.859855773590965,15.896824836730957,649547000
2022-11-17 00:00:00-05:00,15.701986315636988,16.252530618535378,15.52213507152388,15.664017677307129,710894000
2022-11-18 00:00:00-05:00,15.952777202843684,15.988748593533787,15.107478108161931,15.396239280700684,492072000
2022-11-21 00:00:00-05:00,15.134458163000298,15.464184837324082,15.067513252141072,15.304317474365234,404739000
2022-11-22 00:00:00-05:00,15.315307142340307,16.04470313391446,15.109477400587354,16.02471923828125,472866000
2022-11-23 00:00:00-05:00,16.08466870115756,16.513314296893522,16.03471086883219,16.505319595336914,427241000
2022-11-25 00:00:00-05:00,16.30448753268286,16.473346299747167,16.158608529661496,16.256526947021484,167934000
2022-11-28 00:00:00-05:00,16.012727931579374,16.343455110995034,15.711978500995151,15.81389331817627,303741000
2022-11-29 00:00:00-05:00,15.813893081615761,15.918806624995197,15.507148105853858,15.626049041748047,298384000
2022-11-30 00:00:00-05:00,15.688012170430225,16.920306966260764,15.588069997704363,16.913311004638672,565298000
2022-12-01 00:00:00-05:00,16.989268912784016,17.255115473337913,16.62547697629566,17.12519073486328,470977000
2022-12-02 00:00:00-05:00,16.649463897718196,16.923307213276786,16.43558570121238,16.8663387298584,371389000
2022-12-05 00:00:00-05:00,16.66945322345589,16.98527231898868,16.462570985339198,16.600492477416992,352255000
2022-12-06 00:00:00-05:00,16.520537411541184,16.563512062429563,15.809944010325303,15.977848052978516,352694000
2022-12-07 00:00:00-05:00,15.762971769959897,16.176735290178346,15.658031380659532,16.11077308654785,372388000
2022-12-08 00:00:00-05:00,16.263685073839206,17.16916656225546,15.949863743551099,17.15917205810547,515456000
2022-12-09 00:00:00-05:00,17.15017561841568,17.572933783234895,16.965282066059185,16.99126625061035,465338000
2022-12-12 00:00:00-05:00,17.027247373122076,17.527960013378944,16.787384996239922,17.524961471557617,457328000
2022-12-13 00:00:00-05:00,18.52039192039027,18.779244431553703,17.700861640847904,18.061655044555664,656589000
2022-12-14 00:00:00-05:00,17.976699891633466,18.241549444995954,17.410025128412585,17.66387939453125,496888000
2022-12-15 00:00:00-05:00,17.136184258384294,17.310084434296808,16.690440436075132,16.94229507446289,478542000
2022-12-16 00:00:00-05:00,16.854347361725484,17.031246092623952,16.400606758706388,16.561513900756836,478232000
2022-12-19 00:00:00-05:00,16.562510538893314,16.599488100320013,16.135755014913677,16.244691848754883,354039000
2022-12-20 00:00:00-05:00,16.05480442415472,16.30066390781288,15.84292682912174,16.07579231262207,403260000
2022-12-21 00:00:00-05:00,16.104774786121816,16.617481573055603,16.09278061931862,16.491552352905273,325025000
2022-12-22 00:00:00-05:00,16.084786199100055,16.128761634766033,14.873480164452587,15.330218315124512,565045000
2022-12-23 00:00:00-05:00,15.187300684958325,15.330218469490989,14.874480145865865,15.197295188903809,349326000
2022-12-27 00:00:00-05:00,15.065371485243663,15.091356624829542,14.047953620882236,14.112916946411133,464902000
2022-12-28 00:00:00-05:00,13.91902868152642,14.253836976489717,13.87605307220945,14.027966499328613,351066000
2022-12-29 00:00:00-05:00,14.393755586021786,14.674593903575705,14.218855579201936,14.594639778137207,354923000
2022-12-30 00:00:00-05:00,14.325793350737747,14.620624538083174,14.224851341469313,14.605633735656738,310490000
2023-01-03 00:00:00-05:00,14.842498064104529,14.987415513298219,14.08793016540143,14.306804656982422,401277000
2023-01-04 00:00:00-05:00,14.558660751619191,14.8444963145325,14.23284717378439,14.740555763244629,431324000
2023-01-05 00:00:00-05:00,14.482705452513782,14.555663621188508,14.139901375724802,14.256834983825684,389168000
2023-01-06 00:00:00-05:00,14.465713614770145,15.001407006493984,14.025965934066202,14.850493431091309,405044000
2023-01-09 00:00:00-05:00,15.275249971747733,16.046807344336987,15.132331240002657,15.61905288696289,504231000
2023-01-10 00:00:00-05:00,15.49812158751992,15.952861005446422,15.463141778929927,15.89989185333252,384101000
2023-01-11 00:00:00-05:00,15.830931333461802,16.01882342398741,15.554089496288205,15.991838455200195,353285000
2023-01-12 00:00:00-05:00,16.090782865527054,16.627474173659717,15.483130200684226,16.50154685974121,551409000
2023-01-13 00:00:00-05:00,16.26867946882765,16.912311735712795,16.15574520703752,16.889324188232422,447287000
2023-01-17 00:00:00-05:00,16.88932611221789,17.71785201298089,16.88932611221789,17.691865921020508,511102000
2023-01-18 00:00:00-05:00,17.656886994539498,17.862768452186064,17.27210714483702,17.367053985595703,439624000
2023-01-19 00:00:00-05:00,17.02624637529935,17.18715540931897,16.721422585710613,16.755401611328125,452932000
2023-01-20 00:00:00-05:00,17.001261724571073,17.8457792239167,16.81536928311488,17.82878875732422,564967000
2023-01-23 00:00:00-05:00,18.053657308243604,19.233982833076496,17.807799762857655,19.1820125579834,655163000
2023-01-24 00:00:00-05:00,18.81622024440017,19.4838389545003,18.809224282758176,19.253969192504883,496204000
2023-01-25 00:00:00-05:00,18.902174080873102,19.35891322064679,18.569364511028326,19.311939239501953,449537000
2023-01-26 00:00:00-05:00,19.689722656613814,20.15445662648645,19.26696446143865,19.790664672851562,489535000
2023-01-27 00:00:00-05:00,19.450859090458607,20.616191992887085,19.39389251246971,20.353342056274414,542142000
2023-01-30 00:00:00-05:00,19.938580515443242,20.12847037868065,19.139037326458475,19.151031494140625,488611000
2023-01-31 00:00:00-05:00,19.159025487225453,19.675729709340217,18.93915212076975,19.525815963745117,498017000
2023-02-01 00:00:00-05:00,19.679727145291448,21.17986729345943,19.599773020493352,20.931011199951172,660477000
2023-02-02 00:00:00-05:00,20.987979459781645,21.93643565109297,20.688151944287505,21.69657325744629,564276000
2023-02-03 00:00:00-05:00,20.98797800890343,21.732552353210345,20.777098359038604,21.087921142578125,429366000
2023-02-06 00:00:00-05:00,20.79408449440691,21.557646902893563,20.774095490583747,21.076923370361328,452197000
2023-02-07 00:00:00-05:00,21.36975938929706,22.246258140266313,21.137891851875118,22.160306930541992,664150000
2023-02-08 00:00:00-05:00,22.374182456113324,22.864902484548253,21.995399725347347,22.19228744506836,559651000
2023-02-09 00:00:00-05:00,22.593060044809803,23.00682260733809,22.107338195589755,22.3242130279541,523876000
2023-02-10 00:00:00-05:00,21.67758455217009,22.065361031524343,20.799088006873195,21.252826690673828,550737000
2023-02-13 00:00:00-05:00,21.525667291223485,22.035375490263114,20.949996899514176,21.775524139404297,474919000
2023-02-14 00:00:00-05:00,21.565645455988236,23.035803962140392,21.353766935239108,22.957849502563477,675474000
2023-02-15 00:00:00-05:00,22.536088076363985,22.841912614690468,22.093342854418417,22.750965118408203,420575000
2023-02-16 00:00:00-05:00,22.12032829317972,22.537089377965117,21.91444685329061,21.989404678344727,412026000
2023-02-17 00:00:00-05:00,21.61861621683324,21.72755306428815,20.962991656388947,21.375755310058594,465888000
2023-02-21 00:00:00-05:00,20.98797691678835,21.48169356956719,20.606195652897355,20.64317512512207,410015000
2023-02-22 00:00:00-05:00,20.69514676291333,21.09191885502668,20.409309282269728,20.74211883544922,513184000
2023-02-23 00:00:00-05:00,23.42658087859799,23.874324347971168,23.011817555612236,23.65045166015625,1117995000
2023-02-24 00:00:00-05:00,23.211704841724604,23.460562846513753,22.933864109472655,23.272668838500977,589716000
2023-02-27 00:00:00-05:00,23.656446964287653,23.866325806212615,23.440571039377257,23.4875431060791,452994000
2023-02-28 00:00:00-05:00,23.358620030318395,23.811361724294105,23.192714693922248,23.202709197998047,455963000
2023-03-01 00:00:00-05:00,23.178721850976768,23.242686293275852,22.4951134305863,22.68500518798828,460026000
2023-03-02 00:00:00-05:00,22.4751261408461,23.366613749020377,22.419156539457912,23.30065155029297,389415000
2023-03-03 00:00:00-05:00,23.306648436260584,23.88631629611374,23.116756682061055,23.87632179260254,412393000
2023-03-06 00:00:00-05:00,23.877324790906123,24.234118877424102,23.473554817899586,23.540517807006836,437429000
2023-03-07 00:00:00-05:00,23.59049436806537,24.11528251823419,23.231637813049133,23.27861976623535,515154000
2023-03-08 00:00:00-05:00,23.47754009890016,24.190254188145484,23.41456574676149,24.171260833740234,513573000
2023-03-09 00:00:00-05:00,24.165264085037887,24.44415296858895,23.373583202532714,23.426563262939453,501257000
2023-03-10 00:00:00-05:00,23.399570906010602,23.617483504215752,22.716845464139276,22.95574951171875,474866000
2023-03-13 00:00:00-04:00,22.7428363659669,23.288615965851086,22.28801971496669,22.956748962402344,421890000
2023-03-14 00:00:00-04:00,23.48653740736149,24.20924579608576,23.450550701201063,24.053308486938477,474910000
2023-03-15 00:00:00-04:00,23.751431642426063,24.276219855042612,23.350594046805007,24.218244552612305,524486000
2023-03-16 00:00:00-04:00,24.017323841363197,25.577694084421466,23.884376078535997,25.53071403503418,583253000
2023-03-17 00:00:00-04:00,25.97153612670205,26.388367997343895,25.65766150694541,25.71463966369629,848547000
2023-03-20 00:00:00-04:00,25.604683265847196,26.01351893664222,25.119877990705387,25.889568328857422,432747000
2023-03-21 00:00:00-04:00,26.169458410250975,26.381372937489413,25.370780356941047,26.18844985961914,547408000
2023-03-22 00:00:00-04:00,26.414354480324587,27.577887051590615,26.22643048672926,26.457338333129883,797295000
2023-03-23 00:00:00-04:00,27.104078386648226,27.487924496944167,26.67925033085659,27.1800479888916,564889000
2023-03-24 00:00:00-04:00,27.020110654522185,27.156055546393304,26.344382387379554,26.768211364746094,454920000
2023-03-27 00:00:00-04:00,26.82619168928157,26.989126150216197,26.354381658264046,26.520315170288086,361026000
2023-03-28 00:00:00-04:00,26.436348317281684,26.502321718889945,25.839588651836905,26.399362564086914,356104000
2023-03-29 00:00:00-04:00,26.814196728643424,27.06709318310633,26.586287917286803,26.97313117980957,393694000
2023-03-30 00:00:00-04:00,27.218033823788275,27.48792554096998,27.091084163659254,27.371971130371094,364516000
2023-03-31 00:00:00-04:00,27.129067465011012,27.822788167569545,27.094081715450887,27.765811920166016,433933000
2023-04-03 00:00:00-04:00,27.497919661857,27.98872110041159,27.324989013785604,27.9537353515625,398716000
2023-04-04 00:00:00-04:00,27.95473608847658,27.98872279129188,27.296001109069945,27.44194221496582,368592000
2023-04-05 00:00:00-04:00,26.81819530479072,26.987125960152234,26.384370079613362,26.870174407958984,515015000
2023-04-06 00:00:00-04:00,26.57329114956161,27.06909164218118,26.4163548036357,27.02610969543457,397654000
2023-04-10 00:00:00-04:00,26.81219791626509,27.609876884850678,26.658260605569122,27.567893981933594,395279000
2023-04-11 00:00:00-04:00,27.712834942363056,27.778808345260348,27.11507431052843,27.158058166503906,314378000
2023-04-12 00:00:00-04:00,27.35897679248147,27.456936893118513,26.437347269567066,26.484329223632812,446259000
2023-04-13 00:00:00-04:00,26.723233766845457,26.876172033418467,26.318398076072462,26.452342987060547,353615000
2023-04-14 00:00:00-04:00,26.49332548618018,26.872172557876194,26.209439467804227,26.747222900390625,395660000
2023-04-17 00:00:00-04:00,26.554300844470074,26.995123205915593,26.42235404113373,26.991125106811523,321471000
2023-04-18 00:00:00-04:00,27.521912182634,28.098679463526345,27.34598247080466,27.65585708618164,604812000
2023-04-19 00:00:00-04:00,27.349981961377473,27.98872457915548,27.221034198652326,27.91975212097168,358660000
2023-04-20 00:00:00-04:00,27.659853472425535,28.01871002414373,26.98912422832393,27.093082427978516,427713000
2023-04-21 00:00:00-04:00,26.941143545305255,27.172051399666493,26.711236645634667,27.108076095581055,345103000
2023-04-24 00:00:00-04:00,27.00212120684794,27.354977772801046,26.66025798384213,27.031108856201172,339282000
2023-04-25 00:00:00-04:00,27.06709536089851,27.236027933428012,26.214440112448347,26.230432510375977,378527000
2023-04-26 00:00:00-04:00,26.991125653050087,27.31899266518398,26.69424438624492,26.94514274597168,406337000
2023-04-27 00:00:00-04:00,27.351978427964934,27.483925224844455,26.614274841821977,27.21503257751465,377161000
2023-04-28 00:00:00-04:00,27.214036252653205,27.74682064047576,27.06009703650269,27.737825393676758,292216000
2023-05-01 00:00:00-04:00,27.82878676342718,29.04629658947545,27.76881146405654,28.89835548400879,570329000
2023-05-02 00:00:00-04:00,28.668448928070163,28.824386233586306,28.07168925835232,28.198637008666992,402730000
2023-05-03 00:00:00-04:00,27.828786803144165,28.355574966025486,27.46093499507324,27.790802001953125,383387000
2023-05-04 00:00:00-04:00,27.63986245534637,27.847778865069266,27.229028689804167,27.550899505615234,321850000
2023-05-05 00:00:00-04:00,27.814791409274324,28.743416139233997,27.71983036332113,28.668447494506836,361494000
2023-05-08 00:00:00-04:00,28.510512939932802,29.20823179464537,28.338583229938855,29.139259338378906,344979000
2023-05-09 00:00:00-04:00,28.887359101148505,28.96132869768855,28.438540561737994,28.559490203857422,314869000
2023-05-10 00:00:00-04:00,28.993317914022814,29.101276127242738,28.449538281554585,28.873367309570312,369350000
2023-05-11 00:00:00-04:00,28.884362901407766,28.938342008657227,28.23462505094783,28.566490173339844,322149000
2023-05-12 00:00:00-04:00,28.517509637382844,28.768409907814032,28.034704357767353,28.32858657836914,274222000
2023-05-15 00:00:00-04:00,28.496520881217904,28.95733570524229,28.1406652287073,28.941341400146484,293926000
2023-05-16 00:00:00-04:00,28.829383003889294,29.85796977796409,28.820387757611613,29.20123291015625,449405000
2023-05-17 00:00:00-04:00,29.572085230647904,30.186837322098157,29.418147922387085,30.16584587097168,432535000
2023-05-18 00:00:00-04:00,30.397752276892543,31.815180447919747,30.30778837169765,31.665241241455078,748725000
2023-05-19 00:00:00-04:00,31.523297428244547,31.567280331561893,30.90354821559862,31.251407623291016,473908000
2023-05-22 00:00:00-04:00,30.88855374951532,31.507305836411252,30.667643992316957,31.16344451904297,372000000
2023-05-23 00:00:00-04:00,30.987514722471698,31.275398836984454,30.618663856139253,30.675640106201172,356253000
2023-05-24 00:00:00-04:00,30.197832596503282,30.594673978465103,29.793995970740717,30.52570152282715,721419000
2023-05-25 00:00:00-04:00,38.507483173801326,39.46409846180072,36.62024310213544,37.96470260620117,1543911000
2023-05-26 00:00:00-04:00,37.8747423841368,39.15422575174866,37.534879137969746,38.93031692504883,714397000
2023-05-30 00:00:00-04:00,40.5786549005561,41.92111262226945,39.932915115794046,40.0948486328125,923401000
2023-05-31 00:00:00-04:00,39.47209698947003,40.27877121424953,37.80676752817767,37.818763732910156,1002580000
2023-06-01 00:00:00-04:00,38.47349644043219,40.033868549888794,38.324558191029645,39.75398254394531,635873000
2023-06-02 00:00:00-04:00,40.08084749833641,40.48368503231585,39.04226458350063,39.3111572265625,482731000
2023-06-05 00:00:00-04:00,38.89333212875055,39.54906619475982,38.69141380770227,39.15522766113281,396094000
2023-06-06 00:00:00-04:00,38.81436316704624,39.14422827771584,38.13263482042869,38.638431549072266,388729000
2023-06-07 00:00:00-04:00,38.903354753454806,39.48717961262675,37.34481939614701,37.463783264160156,511998000
2023-06-08 00:00:00-04:00,37.71270629815279,38.85236442758849,37.49377390013652,38.498470306396484,417772000
2023-06-09 00:00:00-04:00,39.02531452402389,39.699112574477454,38.555457793671955,38.75839614868164,427717000
2023-06-12 00:00:00-04:00,39.188267239644496,39.51816647948822,38.606440714340444,39.47018051147461,388701000
2023-06-13 00:00:00-04:00,40.17397529793317,41.088702402503664,39.72810961617464,41.00972366333008,613208000
2023-06-14 00:00:00-04:00,40.811780992942765,42.98712831389447,40.539859240962855,42.984130859375,740465000
2023-06-15 00:00:00-04:00,42.589252474571985,43.27604716332147,42.13438680352823,42.640235900878906,568622000
2023-06-16 00:00:00-04:00,43.43699463088833,43.70791341941538,42.648229342271506,42.679222106933594,655709000
2023-06-20 00:00:00-04:00,42.98513240494584,43.97683609303432,42.661228061700974,43.79488754272461,451153000
2023-06-21 00:00:00-04:00,43.48797689375209,43.601944993572246,42.067404667163224,43.03211212158203,551603000
2023-06-22 00:00:00-04:00,42.24035475945297,43.41300409192904,42.2213632517025,43.01212692260742,417737000
2023-06-23 00:00:00-04:00,42.451290095951826,42.79618423504901,42.002423181742735,42.19636535644531,358140000
2023-06-26 00:00:00-04:00,42.448289856623255,42.751200571386164,40.0879964485597,40.61983871459961,594322000
2023-06-27 00:00:00-04:00,40.786787078532335,41.92744437408236,40.435894220889395,41.86346435546875,462175000
2023-06-28 00:00:00-04:00,40.647830413186554,41.83247711858963,40.50587462189717,41.10469436645508,582639000
2023-06-29 00:00:00-04:00,41.54555600545794,41.58754324741833,40.58784265191736,40.809776306152344,380514000
2023-06-30 00:00:00-04:00,41.66752548878771,42.537264030152954,41.48857820921819,42.289337158203125,501148000
2023-07-03 00:00:00-04:00,42.50427184858569,42.88515832402861,42.18936750915119,42.40030288696289,198209000
2023-07-05 00:00:00-04:00,42.122387997175544,43.16407596035713,42.072403724078974,42.30433654785156,323618000
2023-07-06 00:00:00-04:00,41.83147933419032,42.1663781652369,41.33362726974489,42.09040069580078,303582000
2023-07-07 00:00:00-04:00,42.30933075773376,43.20106586900041,42.16737496970645,42.49027633666992,355881000
2023-07-10 00:00:00-04:00,42.64423205637237,42.79818528504983,41.636530568827396,42.16737365722656,353908000
2023-07-11 00:00:00-04:00,42.468284748823784,42.74520227192143,42.05441100506613,42.39230728149414,298244000
2023-07-12 00:00:00-04:00,43.02011944041349,43.92184986270228,42.764195552852364,43.888858795166016,481277000
2023-07-13 00:00:00-04:00,44.50467858058804,46.14118589662746,44.47868538538072,45.96324157714844,478204000
2023-07-14 00:00:00-04:00,46.569055875329795,48.07360643149831,45.04651296496498,45.45539093017578,772075000
2023-07-17 00:00:00-04:00,46.2751483675716,46.48208333648882,45.24845529491012,46.44709396362305,510488000
2023-07-18 00:00:00-04:00,46.68702397304958,47.88166603949017,45.720314313568934,47.47978591918945,569164000
2023-07-19 00:00:00-04:00,47.44979336973207,47.80368749893828,46.728009362936724,47.06290817260742,427502000
2023-07-20 00:00:00-04:00,46.49307841934342,47.07290663084455,45.04851127522588,45.50637435913086,537865000
2023-07-21 00:00:00-04:00,45.774291764941616,45.852271344797494,44.08679733484349,44.29573440551758,963769000
2023-07-24 00:00:00-04:00,44.71761193842896,45.09550097701716,44.02682066234025,44.59864807128906,382516000
2023-07-25 00:00:00-04:00,44.927550902603436,46.169175934028694,44.90955473413191,45.66532897949219,348081000
2023-07-26 00:00:00-04:00,46.007226403398825,46.03921832111606,44.61664387148225,45.43839645385742,364237000
2023-07-27 00:00:00-04:00,46.505079031131245,47.380816317043035,45.73630816685934,45.88626480102539,455976000
2023-07-28 00:00:00-04:00,46.65403150088766,47.01292521124307,46.367118651046106,46.73600769042969,331194000
2023-07-31 00:00:00-04:00,46.740005638261565,47.11589253215221,46.492078779652935,46.71501159667969,251055000
2023-08-01 00:00:00-04:00,46.44609332180353,46.8859640677805,46.0132242637307,46.493080139160156,237858000
2023-08-02 00:00:00-04:00,45.81728537620708,45.826281553952484,43.37401655131389,44.25575256347656,530142000
2023-08-03 00:00:00-04:00,43.78689227494137,45.10449866230768,43.78689227494137,44.501678466796875,324176000
2023-08-04 00:00:00-04:00,44.97153498419395,45.62833600185848,44.37971313681524,44.6666259765625,362666000
2023-08-07 00:00:00-04:00,45.09749987001745,45.52637233911639,44.549663532222596,45.40340805053711,322154000
2023-08-08 00:00:00-04:00,44.83957737942901,45.22846090148069,44.042815014721,44.650634765625,353843000
2023-08-09 00:00:00-04:00,44.260746156274735,44.29873679566252,42.12138731177839,42.541263580322266,586449000
2023-08-10 00:00:00-04:00,42.14738041003293,43.560958632395554,41.8224769271407,42.37531280517578,492705000
2023-08-11 00:00:00-04:00,41.738505212576875,42.00542741630113,40.62683847341104,40.8427734375,533085000
2023-08-14 00:00:00-04:00,40.47388206146573,43.78688931335617,40.29893520400989,43.73990249633789,690286000
2023-08-15 00:00:00-04:00,44.54666657293419,45.25445488349021,43.696918651496325,43.926849365234375,676512000
2023-08-16 00:00:00-04:00,44.506675225166624,44.66162761194856,43.39300642817062,43.472984313964844,527451000
2023-08-17 00:00:00-04:00,43.95684006029806,44.04881157697153,42.98812833320266,43.33102798461914,452395000
2023-08-18 00:00:00-04:00,42.62223851731026,43.56495708944724,41.64753184077652,43.286041259765625,583768000
2023-08-21 00:00:00-04:00,44.480686101049834,47.05091595880217,44.20876812886803,46.952945709228516,692573000
2023-08-22 00:00:00-04:00,48.12059190850259,48.17257829786647,45.31943238530079,45.65433120727539,755293000
2023-08-23 00:00:00-04:00,45.852276061476815,47.18587650556545,45.194472017435366,47.10190200805664,779046000
2023-08-24 00:00:00-04:00,50.20097155752261,50.250955831407516,47.144887213260446,47.14888381958008,1156044000
2023-08-25 00:00:00-04:00,46.99792862535283,47.79069051923154,45.01052093023241,46.00422668457031,925341000
2023-08-28 00:00:00-04:00,46.46808887996695,46.96594095363947,44.87456792255223,46.82098388671875,685192000
2023-08-29 00:00:00-04:00,46.65203534145759,49.06631355636136,46.377116111106176,48.76940155029297,701397000
2023-08-30 00:00:00-04:00,49.02931695796873,49.91205204434949,48.41050277980651,49.24925231933594,735206000
2023-08-31 00:00:00-04:00,49.365219261447635,49.72910871232107,48.943344701576805,49.34022521972656,528570000
2023-09-01 00:00:00-04:00,49.747111189632086,49.78509801922638,48.12759318229079,48.494483947753906,463830000
2023-09-05 00:00:00-04:00,48.20856666202687,48.836380870761325,47.84567634345973,48.533470153808594,382653000
2023-09-06 00:00:00-04:00,48.430494422416224,48.5384688905859,46.56989803597367,47.0507926940918,468670000
2023-09-07 00:00:00-04:00,45.51512046290694,46.333942945538176,45.14220032302692,46.23096466064453,433330000
2023-09-08 00:00:00-04:00,45.93203721413119,46.59589085318084,45.261181309917234,45.56211471557617,473069000
2023-09-11 00:00:00-04:00,46.13798454527712,46.15298068000964,44.30238442772283,45.16819763183594,473966000
2023-09-12 00:00:00-04:00,44.728292494024664,45.66309100707443,44.521336673000484,44.86026382446289,349256000
2023-09-13 00:00:00-04:00,44.590325606648456,45.92003898631547,44.49334652200769,45.475135803222656,398355000
2023-09-14 00:00:00-04:00,45.94003302211812,45.97702374491412,45.121210440263255,45.57111358642578,370097000
2023-09-15 00:00:00-04:00,45.3311616404823,45.58910508065852,43.79849332067842,43.89047622680664,506831000
2023-09-18 00:00:00-04:00,42.73872484467253,44.23240013016284,41.990886061188384,43.956459045410156,500271000
2023-09-19 00:00:00-04:00,43.82349090415659,43.95646147097967,42.99266990264011,43.51055908203125,373064000
2023-09-20 00:00:00-04:00,43.5905442672577,43.89347996835868,42.213843953801515,42.22983932495117,367108000
2023-09-21 00:00:00-04:00,41.57398155310917,42.090867716181286,40.971111692598434,41.00810241699219,450736000
2023-09-22 00:00:00-04:00,41.56297745421745,42.10586270458524,41.22205184800981,41.60097122192383,479236000
2023-09-25 00:00:00-04:00,41.58197739613118,42.52677209508909,41.16806573934706,42.21284103393555,419091000
2023-09-26 00:00:00-04:00,41.991889506221476,42.81071211061933,41.645963881784624,41.90190887451172,402282000
2023-09-27 00:00:00-04:00,42.32081927248734,42.86270151449771,41.61997112537124,42.45878601074219,444935000
2023-09-28 00:00:00-04:00,42.45078574767045,43.436571857908504,42.10586320217722,43.07965087890625,424663000
2023-09-29 00:00:00-04:00,43.81749094044871,44.134423506480545,43.29760330219804,43.48956298828125,397830000
2023-10-02 00:00:00-04:00,44.020445902068595,45.165197937186285,43.85148385026275,44.77228546142578,433298000
2023-10-03 00:00:00-04:00,44.79827718819711,45.120209737977085,43.23661580252635,43.5075569152832,470850000
2023-10-04 00:00:00-04:00,43.73250963880207,44.13342360799015,43.2826065149886,44.03144454956055,361821000
2023-10-05 00:00:00-04:00,44.04044071792755,44.89025856263056,43.87847712166055,44.67830276489258,393483000
2023-10-06 00:00:00-04:00,44.18341158562186,45.77906594918,44.01644800514314,45.752071380615234,434436000
2023-10-09 00:00:00-04:00,44.83226972216,45.59510466285044,44.35837354190226,45.26317596435547,409675000
2023-10-10 00:00:00-04:00,45.30017374736523,46.24896540974113,45.07822177656592,45.78806686401367,368582000
2023-10-11 00:00:00-04:00,46.185972998154476,46.848831117691454,46.04000477679317,46.795841217041016,378137000
2023-10-12 00:00:00-04:00,46.766851634863244,47.59867185543915,46.31995002000682,46.934814453125,481325000
2023-10-13 00:00:00-04:00,46.94980900179368,47.105777194815445,45.27017324820104,45.451133728027344,474115000
2023-10-16 00:00:00-04:00,45.05322525200254,46.214971955293095,44.90225702858628,46.08500289916992,375099000
2023-10-17 00:00:00-04:00,43.990453619755996,44.74429164659344,42.47078294613643,43.928466796875,812333000
2023-10-18 00:00:00-04:00,42.58176247692141,43.209628442701735,41.81592976624443,42.18684768676758,627294000
2023-10-19 00:00:00-04:00,42.80171442848576,43.28760906828134,41.87291508923914,42.09186935424805,501233000
2023-10-20 00:00:00-04:00,41.88091045600656,42.460786443226645,41.06908636222019,41.378021240234375,477266000
2023-10-23 00:00:00-04:00,41.2200594130733,43.23862259146935,40.936120603000525,42.96567916870117,478530000
2023-10-24 00:00:00-04:00,43.06765489272007,43.68751932711319,42.681740855699374,43.653526306152344,401463000
2023-10-25 00:00:00-04:00,43.388579893688224,43.64052791616054,41.545981385565796,41.76993179321289,398379000
2023-10-26 00:00:00-04:00,41.8439223188261,42.24683478217096,39.87135070882846,40.31725311279297,541001000
2023-10-27 00:00:00-04:00,41.12107916067054,41.19706288835013,40.00631934803204,40.491214752197266,416784000
2023-10-30 00:00:00-04:00,41.078087648584145,41.756937374568786,40.472216318097786,41.152069091796875,388028000
2023-10-31 00:00:00-04:00,40.441226065461485,40.87013385808359,39.221489495968065,40.77115249633789,517969000
2023-11-01 00:00:00-04:00,40.87513318998513,42.37181021365025,40.86013705294909,42.31582260131836,437593000
2023-11-02 00:00:00-04:00,43.318596367909365,43.87447546449094,42.88469244331082,43.496559143066406,409172000
2023-11-03 00:00:00-04:00,44.01045229903028,45.29917035912582,43.713515835001076,44.9952392578125,424610000
2023-11-06 00:00:00-05:00,45.27517510540066,45.92503561113338,44.88925726290573,45.74107360839844,400733000
2023-11-07 00:00:00-05:00,45.7090851553202,46.2079736557662,45.14820601442707,45.94503402709961,343165000
2023-11-08 00:00:00-05:00,46.089996185175195,46.85683187490246,45.95802485564677,46.56389617919922,346719000
2023-11-09 00:00:00-05:00,47.4567016556538,48.219536620095575,46.73985814607666,46.939815521240234,540496000
2023-11-10 00:00:00-05:00,47.489694555877996,48.46148379599158,47.27274258132555,48.32451248168945,421245000
2023-11-13 00:00:00-05:00,48.309517138814094,49.10534588833745,48.0885644113829,48.60945129394531,384136000
2023-11-14 00:00:00-05:00,49.669222392926585,49.82318831189333,49.02936184903537,49.645225524902344,416954000
2023-11-15 00:00:00-05:00,49.924165501496056,49.94915778818614,48.18954138546032,48.87739181518555,475497000
2023-11-16 00:00:00-05:00,48.668443823926914,49.51426102287604,48.319520488019826,49.469268798828125,339756000
2023-11-17 00:00:00-05:00,49.513256645753664,49.706215577886056,48.99637049020086,49.28730773925781,325205000
2023-11-20 00:00:00-05:00,49.30130154275142,50.53703344120513,49.17032944582602,50.39806365966797,414120000
2023-11-21 00:00:00-05:00,50.11512623159056,50.506040257333304,49.211322996479005,49.93316650390625,565747000
2023-11-22 00:00:00-05:00,49.84118417144102,50.324077263570715,47.67965072498477,48.70542907714844,899420000
2023-11-24 00:00:00-05:00,48.45948613172041,48.910388505292744,47.734641125002064,47.7656364440918,294645000
2023-11-27 00:00:00-05:00,47.78962761303188,48.51946876027001,47.64166091593786,48.23153305053711,395662000
2023-11-28 00:00:00-05:00,48.22553403951647,48.31251696281012,47.46269910350985,47.81062316894531,401491000
2023-11-29 00:00:00-05:00,48.36850895510359,48.75142530857842,47.84962051136987,48.12955856323242,382005000
2023-11-30 00:00:00-05:00,48.01357910174825,48.09956279276101,46.411929291343604,46.75985336303711,526247000
2023-12-01 00:00:00-05:00,46.51490650601794,47.18975928138089,46.17697859449056,46.754852294921875,369317000
2023-12-04 00:00:00-05:00,46.06700036654869,46.06700036654869,45.00023057670214,45.5001220703125,437543000
2023-12-05 00:00:00-05:00,45.46012965757519,46.59398212205851,45.265155138434544,46.55998992919922,371718000
2023-12-06 00:00:00-05:00,47.20890449196568,47.38088317091766,45.4061358634324,45.49712371826172,380590000
2023-12-07 00:00:00-05:00,45.69410440478146,46.622985396654926,45.59811611970399,46.589988708496094,350823000
2023-12-08 00:00:00-05:00,46.58898855839427,47.73484058594713,46.543992381849534,47.49987030029297,359224000
2023-12-11 00:00:00-05:00,47.4848738786957,47.524865819132266,45.824088881382515,46.6209831237793,509728000
2023-12-12 00:00:00-05:00,46.04006001335952,47.65984991307385,46.04006001335952,47.65085220336914,372387000
2023-12-13 00:00:00-05:00,47.62285812438418,48.587733805084625,47.601860924639325,48.0817985534668,447792000
2023-12-14 00:00:00-05:00,48.383753381746885,48.66371601980363,47.41587982289009,48.34375762939453,391232000
2023-12-15 00:00:00-05:00,48.18778055718115,49.39762348496441,48.11378879518039,48.883689880371094,479948000
2023-12-18 00:00:00-05:00,49.39362679072908,50.426490620803065,49.1436590515335,50.07053756713867,412587000
2023-12-19 00:00:00-05:00,49.41762195219189,49.69358731268788,48.888690887377905,49.597599029541016,464444000
2023-12-20 00:00:00-05:00,49.64858914768283,49.992546512815146,48.09179092375153,48.10478973388672,397894000
2023-12-21 00:00:00-05:00,48.80470296625796,49.08866671972861,48.41275143876401,48.983680725097656,300425000
2023-12-22 00:00:00-05:00,49.18865455242687,49.37663002967363,48.460747808656215,48.82370376586914,252507000
2023-12-26 00:00:00-05:00,48.96167953671582,49.593597951148894,48.953681148817424,49.272640228271484,244200000
2023-12-27 00:00:00-05:00,49.5046112804265,49.67358818629155,49.07866376145276,49.410621643066406,233648000
2023-12-28 00:00:00-05:00,49.63659632606555,49.87756254563602,49.40562332378131,49.51560974121094,246587000
2023-12-29 00:00:00-05:00,49.8065725608531,49.990550742456584,48.74470931168001,49.51560974121094,389293000
2024-01-02 00:00:00-05:00,49.23764652483016,49.28863863324602,47.588861001195795,48.16178512573242,411254000
2024-01-03 00:00:00-05:00,47.47887360095888,48.17778090657943,47.31389397556834,47.562862396240234,320896000
2024-01-04 00:00:00-05:00,47.76083683436477,48.4937439935885,47.50187137173364,47.9918098449707,306535000
2024-01-05 00:00:00-05:00,48.45574753807187,49.54060659801403,48.29976562623422,49.09066390991211,415039000
2024-01-08 00:00:00-05:00,49.50561043809055,52.26825430112562,49.472613751534745,52.246253967285156,642510000
2024-01-09 00:00:00-05:00,52.39424129569094,54.3179928878672,51.683330664485815,53.13314437866211,773100000
2024-01-10 00:00:00-05:00,53.60908440479591,54.59295480933358,53.48209807269819,54.342987060546875,533796000
2024-01-11 00:00:00-05:00,54.99190526600729,55.338860622460956,53.553091731661446,54.81492614746094,596759000
2024-01-12 00:00:00-05:00,54.61294954288319,54.962906659560694,54.32298986977946,54.702938079833984,352994000
2024-01-16 00:00:00-05:00,55.010902917158035,56.827666009057246,54.892918111469115,56.374725341796875,449580000
2024-01-17 00:00:00-05:00,56.33972952062777,56.46371406982757,54.73293843225483,56.04576873779297,474394000
2024-01-18 00:00:00-05:00,57.25260858087897,57.59256485444095,56.09975750438697,57.09962844848633,491650000
2024-01-19 00:00:00-05:00,57.98151330315214,59.49231985284712,57.217611979850425,59.48332214355469,543501000
2024-01-22 00:00:00-05:00,60.04125075440299,60.32321585884004,59.06237699806048,59.64630126953125,452955000
2024-01-23 00:00:00-05:00,59.56231402583605,59.90227031190318,58.577440499397255,59.86527633666992,294654000
2024-01-24 00:00:00-05:00,60.2962180871007,62.84088780140817,59.93026419364964,61.35408020019531,560271000
2024-01-25 00:00:00-05:00,62.34195021351032,62.71090587773652,60.8421438364648,61.609046936035156,482777000
2024-01-26 00:00:00-05:00,60.95213470883017,61.77503039592916,60.565187411972744,61.02312469482422,390309000
2024-01-29 00:00:00-05:00,61.224097094263215,62.48093486103901,60.89914208348,62.456939697265625,348733000
2024-01-30 00:00:00-05:00,62.8918828452899,63.48480480993919,62.25196224796274,62.76589584350586,410735000
2024-01-31 00:00:00-05:00,61.432067657610794,62.260963026386705,60.69216531630743,61.51905822753906,453795000
2024-02-01 00:00:00-05:00,62.09198515885965,63.18284779495152,61.64204627772699,63.01886749267578,369146000
2024-02-02 00:00:00-05:00,63.96574381318089,66.59140440467279,63.68178006388764,66.1514663696289,476578000
2024-02-05 00:00:00-05:00,68.21619959225107,69.48803871762314,67.19633449671375,69.32305908203125,680078000
2024-02-06 00:00:00-05:00,69.62101914286447,69.74500370351673,66.29145431155135,68.21420288085938,683111000
2024-02-07 00:00:00-05:00,68.31018154657963,70.21093713968196,67.59127258616114,70.08995056152344,495575000
2024-02-08 00:00:00-05:00,70.06495419073325,70.7848624926336,69.44603840789426,69.63201141357422,414422000
2024-02-09 00:00:00-05:00,70.52388827061883,72.17567535315496,70.20293057998504,72.12368774414062,436637000
2024-02-12 00:00:00-05:00,72.59062993110275,74.60137201174584,71.24080566523297,72.23867797851562,613710000
2024-02-13 00:00:00-05:00,70.39092410300186,73.44052625693303,69.6110258972648,72.11869812011719,602580000
2024-02-14 00:00:00-05:00,73.19255681199634,74.22641995749672,71.92871999133364,73.89046478271484,504917000
2024-02-15 00:00:00-05:00,73.85947048948483,73.96545198901319,72.39065829437318,72.64862060546875,420122000
2024-02-16 00:00:00-05:00,74.0904377174368,74.39240070474195,72.49164500494284,72.60363006591797,495327000
2024-02-20 00:00:00-05:00,71.93771201535995,71.94671353888243,67.72525837276815,69.44303894042969,704833000
2024-02-21 00:00:00-05:00,67.99722266948034,68.87911265881672,66.23945387804349,67.46329498291016,690298000
2024-02-22 00:00:00-05:00,75.01532288640277,78.5648603397539,74.21042643071148,78.52787017822266,865100000
2024-02-23 00:00:00-05:00,80.7795763508443,82.38336565947658,77.55999061610012,78.80683135986328,829388000
2024-02-26 00:00:00-05:00,79.68971803471996,80.6356028030702,78.4948724590801,79.08180236816406,503973000
2024-02-27 00:00:00-05:00,79.37075424010655,79.4697481181925,77.1520464144503,78.69084167480469,391705000
2024-02-28 00:00:00-05:00,77.60998327267073,78.92280969699979,77.1150444228541,77.6529769897461,393110000
2024-02-29 00:00:00-05:00,79.08379596245554,79.97967644233462,78.33988866820444,79.10179138183594,507289000
2024-03-01 00:00:00-05:00,79.98967404341408,82.28938022352614,79.42474452939133,82.26837921142578,479135000
2024-03-04 00:00:00-05:00,84.11913854790082,87.68368085246001,83.70819611191791,85.22599792480469,615616000
2024-03-05 00:00:00-05:00,85.26299642687819,86.08993201326606,83.41015172195517,85.95693969726562,520639000
2024-03-06 00:00:00-05:00,88.01477279440111,89.71662883719706,87.02284988595184,88.69271087646484,582520000
2024-03-07 00:00:00-05:00,90.15058931171113,92.7593761031518,89.59463523949647,92.66138458251953,608119000
2024-03-08 00:00:00-05:00,95.13018874447543,97.39200405005745,86.49889373073181,87.52081298828125,1142269000
2024-03-11 00:00:00-04:00,86.42190514881379,88.78970695530357,84.1590904498539,85.76696014404297,678364000
2024-03-12 00:00:00-04:00,88.04176803084893,91.95244212182595,86.14292200924095,91.90544891357422,668075000
2024-03-13 00:00:00-04:00,91.0475250472952,91.4964856839228,88.42773739264784,90.88053894042969,635713000
2024-03-14 00:00:00-04:00,89.56964428305254,90.63855670351116,86.59288385392387,87.93677520751953,602318000
2024-03-15 00:00:00-04:00,86.92285742430788,89.53863978699403,86.24991620221846,87.82978057861328,642086000
2024-03-18 00:00:00-04:00,90.3805785830342,92.3974112550504,87.07784839402532,88.44773864746094,668976000
2024-03-19 00:00:00-04:00,86.69287897399715,90.53656515570573,85.00302290869789,89.39066314697266,672171000
2024-03-20 00:00:00-04:00,89.7896209018663,90.40257713964213,88.21575269672343,90.36457824707031,479063000
2024-03-21 00:00:00-04:00,92.29242470575461,92.64039570579905,90.39757602373332,91.427490234375,480372000
2024-03-22 00:00:00-04:00,91.1335135463239,94.77021588166438,90.82653955323427,94.28125762939453,586719000
2024-03-25 00:00:00-04:00,93.93328418748578,96.75804904865721,93.5023198403269,94.99419403076172,552136000
2024-03-26 00:00:00-04:00,95.84312895231521,96.36708800909649,92.49440486791595,92.55339813232422,513648000
2024-03-27 00:00:00-04:00,93.10434857198653,93.23233640651344,89.11567793176135,90.24258422851562,586067000
2024-03-28 00:00:00-04:00,89.99260584733342,91.2925020944131,89.1856729416275,90.34857940673828,435212000
2024-04-01 00:00:00-04:00,90.29158545747126,92.21742210832323,89.19667419209408,90.35557556152344,452441000
2024-04-02 00:00:00-04:00,88.440733403553,90.08660193279582,87.61280611034512,89.44465637207031,433064000
2024-04-03 00:00:00-04:00,88.47673163441857,90.36657574855839,88.39273890173536,88.9566879272461,370067000
2024-04-04 00:00:00-04:00,90.39857127799377,90.6265570027439,85.87294211737935,85.89794158935547,434965000
2024-04-05 00:00:00-04:00,86.85886603106233,88.47373893999085,85.91894838813401,88.00077819824219,399678000
2024-04-08 00:00:00-04:00,88.69271187648715,88.82270608179196,86.72487882107814,87.12584686279297,283220000
2024-04-09 00:00:00-04:00,87.43481840978946,87.62780334917471,83.01518332208828,85.34698486328125,503547000
2024-04-10 00:00:00-04:00,83.91910943857809,87.39282313331631,83.70212439294349,87.03185272216797,431929000
2024-04-11 00:00:00-04:00,87.41281450827279,90.73154201651745,86.91885943542384,90.60855102539062,431637000
2024-04-12 00:00:00-04:00,89.69163298094708,90.16759945387551,87.52281234301554,88.17875671386719,426805000
2024-04-15 00:00:00-04:00,89.09068034071944,90.60555527603537,85.92194194970466,85.99393463134766,443077000
2024-04-16 00:00:00-04:00,86.42590004731537,88.11075921963818,86.05693468586088,87.40782165527344,370453000
2024-04-17 00:00:00-04:00,88.33273802298255,88.76770746946335,83.94309933063248,84.0280990600586,495400000
2024-04-18 00:00:00-04:00,84.96301864167438,86.18291960634812,82.39522887879554,84.6640396118164,447260000
2024-04-19 00:00:00-04:00,83.14317481934737,84.31707440466721,75.59979547167349,76.19374084472656,875198000
2024-04-22 00:00:00-04:00,78.09758164616238,80.06642170334018,76.3937268431725,79.51146697998047,596341000
2024-04-23 00:00:00-04:00,80.76236571970036,82.76220151133049,80.25740992867027,82.41622924804688,438559000
2024-04-24 00:00:00-04:00,83.94309987144231,84.07509281059198,79.17649322252929,79.67045593261719,512208000
2024-04-25 00:00:00-04:00,78.86151535637116,83.31615110432372,78.21657171493773,82.62521362304688,424641000
2024-04-26 00:00:00-04:00,83.8111129019674,88.32374252650386,83.38014856427027,87.72779083251953,551011000
2024-04-29 00:00:00-04:00,87.58780475237849,87.98476768118537,85.25899371388336,87.74979400634766,388971000
2024-04-30 00:00:00-04:00,87.232833710461,88.81170642307184,86.2929160908737,86.39490509033203,363709000
2024-05-01 00:00:00-04:00,85.07001557057481,85.99293628007185,81.24832327035563,83.0341796875,559863000
2024-05-02 00:00:00-04:00,84.44206031364787,86.22991544982045,83.19316236527135,85.80995178222656,377898000
2024-05-03 00:00:00-04:00,87.78178991012078,89.27366411302147,87.03285088853973,88.78170776367188,398341000
2024-05-06 00:00:00-04:00,89.3826569146713,92.21242628999524,89.04768534695009,92.13243103027344,376203000
2024-05-07 00:00:00-04:00,91.09051622570286,91.77345877724092,89.00368967864648,90.54656219482422,437342000
2024-05-08 00:00:00-04:00,89.47565458498867,91.18651263627476,89.41265621794126,90.40457916259766,325721000
2024-05-09 00:00:00-04:00,90.52156695597205,91.06452164365942,88.22375909901288,88.73971557617188,378013000
2024-05-10 00:00:00-04:00,90.29757996461986,91.39349057789015,89.2196656141786,89.87061309814453,335325000
2024-05-13 00:00:00-04:00,90.47056693838834,90.99052850904854,88.52172948894317,90.3915786743164,289680000
2024-05-14 00:00:00-04:00,89.59163608378744,91.643469410402,88.92668981576354,91.34849548339844,296507000
2024-05-15 00:00:00-04:00,92.46440305988116,94.8542060984831,91.59147368288981,94.62222290039062,417735000
2024-05-16 00:00:00-04:00,94.90220693315226,95.8111288423387,94.09526639173929,94.35124969482422,323952000
2024-05-17 00:00:00-04:00,94.36124911956539,94.73221320330295,91.79845617814131,92.47139739990234,359691000
2024-05-20 00:00:00-04:00,93.74230258639537,95.19218048155771,93.43233048038215,94.772216796875,318764000
2024-05-21 00:00:00-04:00,93.59131042680127,95.39216498768425,93.17234612677233,95.37816619873047,328946000
2024-05-22 00:00:00-04:00,95.45116059355922,96.01211153407259,93.24134299298854,94.94219970703125,548648000
2024-05-23 00:00:00-04:00,102.01962324595576,106.31127068406269,101.51166171882119,103.79048156738281,835065000
2024-05-24 00:00:00-04:00,104.44042009515766,106.46625469553604,102.99154158997729,106.46025848388672,429494000
2024-05-28 00:00:00-04:00,110.23494997366184,114.92956411150458,109.87397955822901,113.89164733886719,652728000
2024-05-29 00:00:00-04:00,113.04071889038978,115.48251205654991,110.89189330065672,114.81556701660156,557442000
2024-05-30 00:00:00-04:00,114.64058157101344,115.8094842411721,109.65399180469103,110.49092102050781,487350000
2024-05-31 00:00:00-04:00,112.51075688754003,112.70774693565158,106.93122089583187,109.6240005493164,613263000
2024-06-03 00:00:00-04:00,113.61167026680853,114.99055480957031,111.99379931163224,114.99055480957031,438392000
2024-06-04 00:00:00-04:00,115.70649539895072,116.59041782001754,114.03562745115804,116.42742919921875,403324000
2024-06-05 00:00:00-04:00,118.36128082712908,122.4389412168359,117.4583551092207,122.42994689941406,528402000
2024-06-06 00:00:00-04:00,124.03780483468498,125.57667985637283,118.31027861624948,120.9880599975586,664696000
2024-06-07 00:00:00-04:00,119.76016259756668,121.68200948578337,118.01231265214732,120.8780746459961,412386000
2024-06-10 00:00:00-04:00,120.36011722924495,123.08988875291695,117.00039256259637,121.77999877929688,314162700
2024-06-11 00:00:00-04:00,121.7699966430664,122.87000274658203,118.73999786376953,120.91000366210938,222551200
2024-06-12 00:00:00-04:00,123.05999755859375,126.87999725341797,122.56999969482422,125.19999694824219,299595000
2024-06-13 00:00:00-04:00,129.38999938964844,129.8000030517578,127.16000366210938,129.61000061035156,260704500
2024-06-14 00:00:00-04:00,129.9600067138672,132.83999633789062,128.32000732421875,131.8800048828125,309320400
2024-06-17 00:00:00-04:00,132.99000549316406,133.72999572753906,129.5800018310547,130.97999572753906,288504400
2024-06-18 00:00:00-04:00,131.13999938964844,136.3300018310547,130.69000244140625,135.5800018310547,294335100
2024-06-20 00:00:00-04:00,139.8000030517578,140.75999450683594,129.52000427246094,130.77999877929688,517768400
2024-06-21 00:00:00-04:00,127.12000274658203,130.6300048828125,124.30000305175781,126.56999969482422,655484700
2024-06-24 00:00:00-04:00,123.23999786376953,124.45999908447266,118.04000091552734,118.11000061035156,476060900
2024-06-25 00:00:00-04:00,121.19999694824219,126.5,119.31999969482422,126.08999633789062,425787500
2024-06-26 00:00:00-04:00,126.12999725341797,128.1199951171875,122.5999984741211,126.4000015258789,362975900
2024-06-27 00:00:00-04:00,124.0999984741211,126.41000366210938,122.91999816894531,123.98999786376953,252571700
2024-06-28 00:00:00-04:00,124.58000183105469,127.70999908447266,122.75,123.54000091552734,315516700
2024-07-01 00:00:00-04:00,123.47000122070312,124.83999633789062,118.83000183105469,124.30000305175781,284885500
2024-07-02 00:00:00-04:00,121.12999725341797,123.41000366210938,121.02999877929688,122.66999816894531,218374000
2024-07-03 00:00:00-04:00,121.66000366210938,128.27999877929688,121.36000061035156,128.27999877929688,215749000
2024-07-05 00:00:00-04:00,127.37999725341797,128.85000610351562,125.68000030517578,125.83000183105469,214176700
2024-07-08 00:00:00-04:00,127.48999786376953,130.77000427246094,127.04000091552734,128.1999969482422,237677300
2024-07-09 00:00:00-04:00,130.35000610351562,133.82000732421875,128.64999389648438,131.3800048828125,285366600
2024-07-10 00:00:00-04:00,134.02999877929688,135.10000610351562,132.4199981689453,134.91000366210938,248978600
2024-07-11 00:00:00-04:00,135.75,136.14999389648438,127.05000305175781,127.4000015258789,374782700
2024-07-12 00:00:00-04:00,128.25999450683594,131.9199981689453,127.22000122070312,129.24000549316406,252680500
2024-07-15 00:00:00-04:00,130.55999755859375,131.38999938964844,127.18000030517578,128.44000244140625,208326200
2024-07-16 00:00:00-04:00,128.44000244140625,129.0399932861328,124.58000183105469,126.36000061035156,214769500
2024-07-17 00:00:00-04:00,121.3499984741211,121.8499984741211,116.72000122070312,117.98999786376953,390086200
2024-07-18 00:00:00-04:00,121.8499984741211,122.4000015258789,116.55999755859375,121.08999633789062,320979500
2024-07-19 00:00:00-04:00,120.3499984741211,121.5999984741211,117.37000274658203,117.93000030517578,217223800
2024-07-22 00:00:00-04:00,120.3499984741211,124.06999969482422,119.86000061035156,123.54000091552734,258068900
2024-07-23 00:00:00-04:00,122.77999877929688,124.69000244140625,122.0999984741211,122.58999633789062,173911000
2024-07-24 00:00:00-04:00,119.16999816894531,119.94999694824219,113.44000244140625,114.25,327776900
2024-07-25 00:00:00-04:00,113.04000091552734,116.62999725341797,106.30000305175781,112.27999877929688,460067000
2024-07-26 00:00:00-04:00,116.19000244140625,116.19999694824219,111.58000183105469,113.05999755859375,293399100
2024-07-29 00:00:00-04:00,113.69000244140625,116.27999877929688,111.30000305175781,111.58999633789062,248152100
2024-07-30 00:00:00-04:00,111.5199966430664,111.98999786376953,102.54000091552734,103.7300033569336,479654200
